9.794561858470000516e+03 -5.296805314352172543e-20 3.896841414607535797e-20
9.800898716957131910e+03 -2.947072043699738339e-20 2.385663272143071460e-20
9.807235546773172246e+03 -2.087629486938551814e-22 2.302477466814689296e-20
9.813572347893834376e+03 5.894926442241737668e-20 2.538902079679223923e-20
9.819909120307291232e+03 4.217572639502015522e-20 2.390779165186626004e-20
9.826245863995489344e+03 7.925127742683649873e-20 2.461263429685203152e-20
9.832582578931984244e+03 1.295602443834784624e-20 2.439689555861422361e-20
9.838919265113350775e+03 8.792401090674839739e-20 2.248244573458842588e-20
9.845255922511048993e+03 3.707061292643829962e-20 2.163453385535617987e-20
9.851592551102799916e+03 -1.057091479007901364e-20 2.308842067260453097e-20
9.857929150885205672e+03 -2.181573100877732450e-20 2.246075041202967478e-20
9.864265721827596280e+03 3.361878016967391197e-20 2.280263909733515553e-20
9.870602263913993738e+03 3.660728766909118164e-20 2.124648500338538587e-20
9.876938777132598261e+03 5.794500768648808041e-20 2.373423938341257007e-20
9.883275261463264542e+03 1.524976646086520601e-21 2.126434597840980118e-20
9.889611716877301660e+03 5.594379857381572565e-20 2.081661471820069565e-20
9.895948143371375409e+03 -4.135211565628902365e-21 1.979184215288241574e-20
9.902284540923221357e+03 1.627939867802887839e-21 2.105869345592874099e-20
9.908620909504208612e+03 2.632089827099461681e-20 1.971522635108610536e-20
9.914957249111010242e+03 -4.704779566203481774e-21 1.899209472192353532e-20
9.921293559721309066e+03 2.207805765020003367e-21 2.086497469583665681e-20
9.927629841308567848e+03 -7.156531919712448203e-21 2.059015289812429068e-20
9.933966093865252333e+03 1.759540897585574866e-20 2.021194199490484994e-20
9.940302317371149911e+03 3.148133447554417545e-20 2.037554066151693015e-20
9.946638511799703338e+03 4.563269870806535523e-20 2.086369816877093394e-20
9.952974677143381996e+03 6.568666367140407921e-20 2.019521459064074520e-20
9.959310813379859610e+03 -5.884948095325114507e-21 2.047532131109967730e-20
9.965646920488912656e+03 -1.046949876274388747e-20 1.881349136493132918e-20
9.971982998456584028e+03 2.533710565552539058e-20 2.139965423153243753e-20
9.978319047262717504e+03 6.639742148235267792e-20 2.124039434854477115e-20
9.984655066887075009e+03 4.727079762365234312e-20 2.245265420793188103e-20
9.990991057315815851e+03 9.922264225433618944e-21 2.115535412435046010e-20
9.997327018530817440e+03 1.953927922276505589e-20 2.022864091389538832e-20
1.000366295050544795e+04 1.939655640749404695e-20 2.060928322555094731e-20
1.000999885323224771e+04 -2.215021212432788621e-20 2.175103526329973149e-20
1.001633472669095136e+04 -2.327058987394992733e-20 1.883092845285051445e-20
1.002267057085493070e+04 6.194238689695891134e-20 2.129664547247847344e-20
1.002900638571885065e+04 5.675626552213897534e-20 2.035742295266250963e-20
1.003534217125818759e+04 2.816447637036890985e-20 2.066707364009147419e-20
1.004167792745268162e+04 6.594625015219561449e-20 2.099950297421433769e-20
1.004801365428411555e+04 2.748999369835452465e-20 2.187247357223248395e-20
1.005434935174083876e+04 -1.244010546588395301e-20 1.921142549124672264e-20
1.006068501979832399e+04 1.077609145585312832e-21 2.144548885327446282e-20
1.006702065843842320e+04 2.721418728222210249e-20 2.020885284258607165e-20
1.007335626764943845e+04 1.976310387362557021e-20 2.014469581506852367e-20
1.007969184740680612e+04 7.116864782949980426e-20 2.195503211349275472e-20
1.008602739769451910e+04 3.407466003716333290e-20 2.154726646458677432e-20
1.009236291849444387e+04 -2.128198223800627264e-22 1.908329006065463339e-20
1.009869840979058063e+04 8.237531332698967797e-20 2.274176289245151004e-20
1.010503387156049212e+04 -1.023330028803416691e-20 2.107941107139515494e-20
1.011136930378818397e+04 2.965132928604043206e-20 1.972987331678035359e-20
1.011770470645539717e+04 2.595479726895277709e-20 2.172416990134332088e-20
1.012404007954621738e+04 8.409092593539633467e-20 2.009386726960139042e-20
1.013037542304035196e+04 3.967173684381627401e-21 2.099755860740768024e-20
1.013671073691317179e+04 2.711088273987982461e-20 2.067860640371128928e-20
1.014304602116161914e+04 6.171267159419700945e-20 1.973353620633926101e-20
1.014938127575459293e+04 1.289305485137218811e-21 1.947198790694924509e-20
1.015571650067823975e+04 4.907888784939376025e-20 1.933567512574608217e-20
1.016205169591439881e+04 2.170842637601116696e-20 2.164588187762903664e-20
1.016838686144922940e+04 2.429195268583495095e-20 2.786849902038788520e-20
1.017472199725808787e+04 1.311799058754302189e-20 2.139788916028029123e-20
1.018105710332272974e+04 6.352258977323871290e-20 2.129900390725936957e-20
1.018739217962932162e+04 7.939170099664559180e-20 2.103688798933104678e-20
1.019372722615537168e+04 3.055482604295413147e-20 2.128345138692410490e-20
1.020006224288490193e+04 9.223172248698974553e-20 1.977917652348492585e-20
1.020639722979972430e+04 6.668811261445007549e-20 1.988829735071594826e-20
1.021273218688599991e+04 4.718685778520566769e-20 1.915387122090273945e-20
1.021906711411686229e+04 7.098367499815659749e-20 1.944580754498254831e-20
1.022540201148063716e+04 6.289865969146687106e-20 2.138703346584984765e-20
1.023173687895477997e+04 6.109821279345354367e-20 2.205138926725686254e-20
1.023807171652765101e+04 5.992434872075296271e-20 2.024246313201939550e-20
1.024440652417446472e+04 -7.785187272659111379e-21 2.024830884137376372e-20
1.025074130187698211e+04 4.180941023331087025e-20 2.229705508886271053e-20
1.025707604961925972e+04 3.125472607055243175e-20 2.099013788470287793e-20
1.026341076738747142e+04 -4.967791498071524291e-21 2.091923811128620561e-20
1.026974545515903992e+04 3.832689001552501282e-20 2.038208077349420953e-20
1.027608011291138791e+04 5.785972966961587638e-20 2.165471502661340687e-20
1.028241474063286296e+04 3.609757675345131069e-20 2.063675465285861340e-20
1.028874933830526606e+04 3.962874439821402761e-20 2.129281125182518178e-20
1.029508390590380441e+04 1.865365106046771246e-20 2.050418008061337257e-20
1.030141844341684373e+04 2.903086119535919663e-20 2.053879520093303906e-20
1.030775295082385128e+04 6.461181884815037605e-20 2.138426539900875520e-20
1.031408742810669355e+04 6.369852128229622757e-20 2.038892282492173876e-20
1.032042187524935980e+04 4.841861565905428438e-21 2.046310561218447374e-20
1.032675629222924181e+04 3.601121611883698618e-20 2.031695472118440580e-20
1.033309067902808965e+04 1.809480720489105152e-20 2.106518356670975701e-20
1.033942503563428363e+04 1.205396907981971320e-20 1.953377847409643160e-20
1.034575936202298544e+04 -3.588016782991931850e-21 1.903182883187035153e-20
1.035209365817814978e+04 3.114035386623381639e-20 2.039817075747105070e-20
1.035842792408377136e+04 7.112057409907632625e-20 1.994308540045104280e-20
1.036476215971707279e+04 -1.271698543607355244e-21 1.927986129551336965e-20
1.037109636506207062e+04 2.843080648324323677e-20 2.099471121399339014e-20
1.037743054010276319e+04 3.844327003328601663e-20 2.110181366592256847e-20
1.038376468481869233e+04 4.854096989487682754e-20 2.085561454630616406e-20
1.039009879918718434e+04 3.786212914492666388e-20 2.152230349948184349e-20
1.039643288319661042e+04 -8.407752744429617144e-21 1.917102138002668912e-20
1.040276693683093799e+04 5.628604269712298955e-20 2.028568150828898739e-20
1.040910096006303320e+04 3.106703289775807705e-20 1.942659160689485771e-20
1.041543495287908263e+04 3.832279844420753959e-20 1.937754209545540277e-20
1.042176891526289728e+04 6.197509377430328735e-20 2.163216165170455122e-20
1.042810284719185984e+04 -2.145455530582936225e-20 2.044013913708989130e-20
1.043443674865217145e+04 4.576713074252516072e-20 1.882130780057751098e-20
1.044077061962333391e+04 3.992232728492586679e-20 1.778637514277633600e-20
1.044710446008705549e+04 4.988228849806986497e-20 1.864669386357694190e-20
1.045343827002506441e+04 1.068331491839882521e-21 1.932925582164605877e-20
1.045977204941460877e+04 6.871715492021446205e-21 1.814700744171169658e-20
1.046610579824632987e+04 2.865215733192734849e-20 2.063806812633928669e-20
1.047243951649963128e+04 8.911656170647341518e-21 1.822125457138817488e-20
1.047877320415174836e+04 2.194344947039718209e-20 1.833715002470310436e-20
1.048510686118668127e+04 3.640928565151453477e-20 1.910808285327067496e-20
1.049144048758389363e+04 7.595364970403655600e-21 2.029021358305078227e-20
1.049777408332955383e+04 3.157376610332419746e-20 1.788275467693563436e-20
1.050410764840313095e+04 5.237217756281259073e-20 1.890991283619850127e-20
1.051044118278630231e+04 1.560182517007713472e-20 1.980737394251852316e-20
1.051677468646076159e+04 2.172731588535853316e-20 1.955866289312836436e-20
1.052310815941221517e+04 3.813809419323356676e-20 1.906555478570701892e-20
1.052931221864117288e+04 6.553423595606120678e-20 2.030478522634687346e-20
1.053564561707020221e+04 1.683479946041147733e-19 2.092218108427449722e-20
1.054197898465743492e+04 1.618842475573330281e-19 2.101718389042385371e-20
1.054831232144860769e+04 4.024893514204852113e-20 1.824631912689038008e-20
1.055464562741887494e+04 2.576527946713669025e-20 1.721326464524520893e-20
1.056097890255208040e+04 1.196565096591756678e-20 1.748625542968938188e-20
1.056731214683420512e+04 -1.467534354718029386e-20 1.779215288553001382e-20
1.057364536023594519e+04 5.497983983333022340e-20 1.945523929361787920e-20
1.057997854274544807e+04 5.265248269032397455e-20 2.009857249175517359e-20
1.058631169434888034e+04 6.861578969544316401e-20 1.779130657684425392e-20
1.059264481502351555e+04 7.415061708206846160e-20 1.778250532963177119e-20
1.059897790474876092e+04 6.476871033538540782e-20 1.886831821779181647e-20
1.060531096350846565e+04 2.763691822057809143e-20 1.925250950750022060e-20
1.061164399128645709e+04 5.363506952638637631e-21 1.786853946565079059e-20
1.061797698805999971e+04 3.352452026093982464e-20 1.883518854231850687e-20
1.062430995381277899e+04 1.104019643275207771e-20 1.797319441211572618e-20
1.063064288852650316e+04 2.464836579696797722e-21 1.730821703922543831e-20
1.063697579218505052e+04 3.230594646931505067e-20 1.821108488613845543e-20
1.064330866476784468e+04 6.567348746362247754e-20 1.671641813868879738e-20
1.064964150625645925e+04 1.318335992404338244e-20 1.643333945907288163e-20
1.065597431663032330e+04 3.252099496485304980e-20 1.764638786966016771e-20
1.066230709587542879e+04 -5.147602152929399717e-21 1.875625253452546466e-20
1.066863984396899286e+04 1.050649495034010275e-20 1.635269909678446918e-20
1.067497256089471375e+04 2.409090037002997511e-20 1.689295292859446968e-20
1.068130524663869983e+04 9.688939346985678943e-20 1.846977687569589517e-20
1.068763790117375356e+04 7.875008612306873917e-20 1.706732104709673738e-20
1.069397052428076313e+04 4.569815306004573452e-20 2.025475100132212641e-20
1.070030309618595857e+04 5.772977948739271004e-20 1.822829705315539364e-20
1.070663561292008308e+04 1.683608991286336983e-20 1.857155719723180670e-20
1.071296809813286382e+04 1.173962501721752556e-20 1.747816877579296838e-20
1.071930055204956261e+04 5.417755421237761829e-20 2.133771812705885295e-20
1.072563297465409414e+04 3.238878579101318727e-21 1.826563683100777284e-20
1.073196536592804659e+04 4.534453499902822219e-20 1.652559925920506574e-20
1.073829772584852253e+04 4.139951544225744297e-20 1.788207252645507924e-20
1.074463005439928384e+04 5.204348998771723178e-20 1.757837183682512564e-20
1.075096235156193507e+04 4.170681900131965830e-20 1.815261516937298948e-20
1.075729461732023083e+04 2.631542211560653406e-20 1.794612345998325655e-20
1.076362685164893264e+04 2.931546352002074660e-20 1.929408525115959075e-20
1.076995905453850719e+04 2.198088418698814051e-20 1.730006208001678649e-20
1.077629122596171328e+04 3.512004715239012818e-20 1.868682842695534693e-20
1.078262336590671839e+04 5.004081898807344250e-20 1.734382598850115227e-20
1.078895547435290609e+04 2.413485922223176913e-20 1.719338193964987745e-20
1.079528755128396915e+04 4.583104598824431209e-20 1.736504391155316692e-20
1.080161959667482915e+04 2.535498889394291967e-20 1.878127091698067219e-20
1.080795161051792093e+04 2.840076486473268181e-20 1.784806610399092416e-20
1.081428359278154130e+04 7.739220765374178248e-20 1.855529573079988122e-20
1.082061554345834702e+04 5.273216183817354009e-20 1.830653210296552351e-20
1.082694746252320874e+04 2.220676947348509776e-20 1.978793621375981836e-20
1.083327934995981741e+04 3.983046770690308375e-20 1.868735140292191729e-20
1.083961120574969937e+04 2.340714479503743864e-20 1.979963885483856453e-20
1.084594302987441552e+04 -1.053725177614055279e-20 1.744222467044453799e-20
1.085227482231976683e+04 7.219782643040397599e-20 1.750338693210794869e-20
1.085860658306061850e+04 6.107829504791374841e-20 1.772294320769618199e-20
1.086493831207843868e+04 6.585236673005572688e-20 1.651055113704489977e-20
1.087127000935698379e+04 2.097407409979116586e-21 1.749030876262739187e-20
1.087760167488000479e+04 7.783141414144133462e-20 1.784776842383390162e-20
1.088393330862447874e+04 3.992992345820875468e-20 1.727908790576482376e-20
1.089026491057405474e+04 3.495779452562763109e-20 1.706537835546771015e-20
1.089659648071243464e+04 6.391560827672832796e-20 1.658175834693838710e-20
1.090292801901892744e+04 -4.101074079051761063e-21 1.728193015508366472e-20
1.090925952547496854e+04 6.367584770274922807e-20 1.917274419840819313e-20
1.091559100006198605e+04 3.278707032827953347e-20 1.834778419964287688e-20
1.092192244275694247e+04 -1.113944916011236548e-20 1.719605725318107652e-20
1.092825385355035178e+04 1.149703643322058501e-20 1.689810250035240578e-20
1.093458523241901821e+04 2.230454829007496642e-20 1.741529255640985536e-20
1.094091657934668910e+04 4.445664184149340623e-20 1.621925797137265904e-20
1.094724789430804958e+04 6.762124906603284733e-20 1.662007373294098904e-20
1.095357917729128349e+04 6.079537987437147631e-20 1.642214170209473531e-20
1.095991042827337878e+04 4.338224476001186500e-20 1.747125676257343139e-20
1.096624164724252660e+04 6.104904647754170901e-20 1.682557869139439560e-20
1.097257283417325925e+04 6.381742767327673689e-20 1.678965768785640358e-20
1.097890398904917492e+04 4.607968526817386179e-20 1.625454462144876351e-20
1.098523511184958079e+04 1.337010347631383851e-20 1.646997503334622077e-20
1.099156620256266979e+04 2.902584127468758921e-20 1.678308338443973824e-20
1.099789726121809326e+04 1.500922856456015754e-20 1.695873821001605161e-20
1.100422829289991751e+04 1.604858942500196396e-20 1.563571346224247731e-20
1.101042890654852636e+04 7.591190195341614605e-20 1.572379584873060927e-20
1.101675985562892856e+04 3.401645969062274290e-20 1.720445889850621986e-20
1.102309077252423594e+04 3.734706897805488121e-20 1.693657497370348228e-20
1.102942165721582023e+04 4.560373481276066013e-20 1.719850787927250522e-20
1.103575250968506407e+04 7.227207814751171163e-20 1.794558317837068946e-20
1.104208332991568204e+04 5.572873309032444266e-21 1.573118509297764160e-20
1.104841411788668665e+04 2.105958250107938738e-20 1.543346963446722224e-20
1.105474487357691396e+04 6.570182439029057852e-20 1.589340880257628877e-20
1.106107559697021861e+04 4.771165357659983815e-20 1.644323674461843581e-20
1.106740628804796143e+04 5.961013554504991480e-20 1.628241411112273084e-20
1.107373694679385881e+04 4.440732545386319025e-20 1.540579593275161064e-20
1.108006757318688869e+04 5.223747393255327996e-20 1.676405108986265536e-20
1.108639816720837734e+04 2.464642124563411769e-20 1.452033387549593662e-20
1.109272872883475975e+04 4.938548200672250759e-20 1.515262299751830738e-20
1.109905925805697370e+04 3.876725669325712695e-20 1.507681963857814848e-20
1.110538975485163428e+04 6.180001160089598470e-20 1.518064784943439635e-20
1.111172021919767394e+04 2.944886707960315325e-20 1.574400951407145546e-20
1.111805065108115559e+04 -1.474964928766140767e-21 1.468078293244580697e-20
1.112438105047862155e+04 2.298920454071760989e-20 1.568656473014182819e-20
1.113071141737597645e+04 1.664563854076788843e-20 1.527741540915307170e-20
1.113704175175229102e+04 6.825118413188182230e-20 1.639425042991935226e-20
1.114337205358887149e+04 7.177683968022295771e-20 1.644814561892474543e-20
1.114970232286700411e+04 5.125353422566338850e-20 1.648825405797039331e-20
1.115603255956320936e+04 2.376428961900094488e-20 1.742560119710872703e-20
1.116236276366824495e+04 6.917293178820619398e-20 1.559809202445611295e-20
1.116869293515853133e+04 4.532245739685241266e-20 1.761660976820864457e-20
1.117502307401546022e+04 4.379692878233451246e-20 1.481465430266687897e-20
1.118135318022031788e+04 2.059516784756743696e-20 1.611655275773611879e-20
1.118768325375434324e+04 1.969598788502992858e-20 1.591295046629333788e-20
1.119401329459882800e+04 4.148013214944702234e-20 1.662253141393474732e-20
1.120034330273485466e+04 -1.530778142349966033e-20 1.722216104013342905e-20
1.120667327814372402e+04 6.767038932162550887e-20 1.640055553439197888e-20
1.121300322080674960e+04 3.408776228655029366e-20 1.621383935614368108e-20
1.121933313070758413e+04 3.568926562832877509e-20 1.646973524424170391e-20
1.122566300782263534e+04 -2.021965383322094248e-21 1.622471181004655726e-20
1.123199285213555049e+04 1.482280215855249069e-20 1.574466335771395171e-20
1.123832266362734481e+04 8.308024215851385165e-21 1.708096651729504859e-20
1.124465244227939911e+04 -1.842045134774377089e-21 1.640433570321135504e-20
1.125098218807534613e+04 3.397673025408049212e-20 1.727227398665837608e-20
1.125731190099158266e+04 4.208641812758224851e-20 1.651262600479403366e-20
1.126364158101172507e+04 6.274828048449969537e-20 1.565430977460996959e-20
1.126997122811928239e+04 4.172652320836047364e-21 1.532132198842463529e-20
1.127630084229057502e+04 6.360317926701936414e-20 1.561175333721166398e-20
1.128263042350931937e+04 4.108406955820964460e-20 1.474355398335343250e-20
1.128895997175911361e+04 5.724126542075200138e-20 1.552505438246971799e-20
1.129528948701872105e+04 5.528733387212906998e-20 1.679971491469970214e-20
1.130161896926690133e+04 5.039799101307925800e-20 1.559978863288533905e-20
1.130794841848944816e+04 3.113691125346725497e-20 1.575616442171775087e-20
1.131427783466284563e+04 3.831451970950027224e-20 1.557213283175966044e-20
1.132060721777068466e+04 4.546987454303921558e-20 1.568353583909248298e-20
1.132693656779654157e+04 5.212831468114144435e-20 1.516842109793895931e-20
1.133326588471674040e+04 5.417505059609536050e-20 1.595015580008411539e-20
1.133959516851710760e+04 5.680724373277720855e-20 1.508423931777440568e-20
1.134592441917394353e+04 5.869831848526455246e-20 1.518578872642268822e-20
1.135225363667090824e+04 1.540359419811494898e-20 1.381340229593202728e-20
1.135858282099643293e+04 7.416167797792784359e-20 1.324255733406268693e-20
1.136491197211701729e+04 7.589471603109650178e-20 1.500205715336896678e-20
1.137124109002103978e+04 5.587458954162410022e-20 1.517533748482748193e-20
1.137757017469190941e+04 3.791904342745907705e-20 1.478930997421189572e-20
1.138389922611087786e+04 5.038120683802661488e-20 1.548237460122681995e-20
1.139022824425174986e+04 5.397465524671038572e-20 1.555290342817557287e-20
1.139655722910291479e+04 5.398668962245828594e-20 1.509891436816649235e-20
1.140288618064302864e+04 7.686303689396535641e-20 1.484011732769625602e-20
1.140921509885052001e+04 8.156348298664826086e-20 1.550210582224778908e-20
1.141554398371152638e+04 5.519653192160169480e-20 1.682626002900289007e-20
1.142187283520712117e+04 6.064052018059644701e-20 1.495306686676534259e-20
1.142820165331104727e+04 6.051725823585953245e-20 1.471227768488134477e-20
1.143453043801417152e+04 4.700945643928634490e-20 1.473350530638090407e-20
1.144085918928995670e+04 5.679428295962160940e-20 1.500381117297594267e-20
1.144718790711961628e+04 2.485556192211876708e-20 1.668925224408163402e-20
1.145351659149403895e+04 3.775329528346255397e-20 1.465314517840888971e-20
1.145984524238198537e+04 6.906159923286049550e-20 1.530210223103144699e-20
1.146617385976944388e+04 5.760572115994933668e-20 1.526560033387233617e-20
1.147250244363715865e+04 4.748568782987602506e-20 1.431413945667148301e-20
1.147883099396633588e+04 6.847111751695551449e-20 1.387238352188462746e-20
1.148515951073801625e+04 2.748226336612385241e-20 1.376429278229453489e-20
1.149148799393567606e+04 4.879356030994463671e-20 1.450886678448804726e-20
1.149781644353788215e+04 6.311066891804328739e-20 1.459676363323674396e-20
1.150414485952293398e+04 5.362764840643854145e-20 1.498900109019877747e-20
1.151047324187441336e+04 7.682061584527019780e-20 1.517516536754718278e-20
1.151680159057089622e+04 2.831673758203319153e-20 1.446126556397099289e-20
1.152312990560076105e+04 7.907045812676883196e-20 1.509354157669497447e-20
1.152945818694256923e+04 3.182178787703650012e-20 1.432830383624951481e-20
1.153578643457207545e+04 4.190496278079366329e-20 1.489326494449198833e-20
1.154211464846791750e+04 7.936486930953645942e-20 1.488340420020311399e-20
1.154844282861852844e+04 3.629513763453190764e-20 1.548217191203522727e-20
1.155477097500485797e+04 -6.383698350647741087e-21 1.465088752387281900e-20
1.156109908760787948e+04 1.853260659664117209e-20 1.453052998785809079e-20
1.156742716640332401e+04 4.111930255662958012e-20 1.533733349559836158e-20
1.157375521136980205e+04 5.789541018747149512e-20 1.489714365581619539e-20
1.158008322249821504e+04 6.201090176610788197e-20 1.441351757685097903e-20
1.158641119976948357e+04 5.747078594073977797e-20 1.444770555240042366e-20
1.159273914315211186e+04 5.793728097736895206e-20 1.428519817404281890e-20
1.159906705263422009e+04 4.869313850193174625e-20 1.605932271439033504e-20
1.160539492819689440e+04 4.148701787225314432e-20 1.508091642871993929e-20
1.161172276982854055e+04 7.382812402654027279e-21 1.489538562213651195e-20
1.161805057749758089e+04 3.184553960722652586e-20 1.506656656131468910e-20
1.162437835118489056e+04 5.778106968606145949e-20 1.482829984019753969e-20
1.163070609088111087e+04 1.473362297430591918e-20 1.420089652410871087e-20
1.163703379656482321e+04 4.308345973780601618e-20 1.480176849630859073e-20
1.164336146821440161e+04 3.719340807097426175e-20 1.421516561407661812e-20
1.164968910580572083e+04 3.318010878880102277e-20 1.379195171632053550e-20
1.165601670932954585e+04 4.328520341880877462e-20 1.493404197653047881e-20
1.166234427875661277e+04 6.645616465198542671e-20 1.520777356554513219e-20
1.166867181407544558e+04 2.723093936473319271e-20 1.431067287840717326e-20
1.167499931526436740e+04 3.569340735516301100e-20 1.378102763688783779e-20
1.168132678230675629e+04 6.211476481943229397e-21 1.427348217037694371e-20
1.168765421518318544e+04 2.858515056924620188e-20 1.458425597673976614e-20
1.169398161386204993e+04 4.425663956671132639e-20 1.431293565681510162e-20
1.170030897834181633e+04 2.593119396731904240e-20 1.328965924340006811e-20
1.170663630859573095e+04 4.638537770602712349e-20 1.479901694148041826e-20
1.171296360460210963e+04 3.692229223180189999e-20 1.472622358806208363e-20
1.171929086634650957e+04 4.958897365531249096e-20 1.380691834034524577e-20
1.172561809380238265e+04 1.321014818978855242e-20 1.368562220745812226e-20
1.173194528696060115e+04 3.309298661388564986e-20 1.431877304225014894e-20
1.173827244579689796e+04 9.759888861743738639e-20 1.457513484557289460e-20
1.174459957028689132e+04 3.787495644082035566e-20 1.459391931039901479e-20
1.175092666042388737e+04 5.201968099001795601e-20 1.449564132882392763e-20
1.175725371617869678e+04 3.828810064092647858e-20 1.363755039917312773e-20
1.176358073752954806e+04 5.193128857903961562e-20 1.462631059355702530e-20
1.176990772446983465e+04 3.816791907309479326e-20 1.415396245298469373e-20
1.177623467696990701e+04 7.475894528065173139e-20 1.481272106579275899e-20
1.178256159500816466e+04 8.843032396400291816e-20 1.540735490715690996e-20
1.178888847857802648e+04 1.009041351980790494e-19 1.546078908493501692e-20
1.179521532765259872e+04 5.041800235652289107e-20 1.389444812742504955e-20
1.180154214220238282e+04 4.741677189452841091e-20 1.306277717628866134e-20
1.180786892223077484e+04 4.821193353120215024e-20 1.408022028087907644e-20
1.181419566769836638e+04 4.972631833885076686e-20 1.454988896432425289e-20
1.182052237859345041e+04 2.243521391033484552e-20 1.360614376727519479e-20
1.182684905490435631e+04 2.915929708489614295e-20 1.321355187118800142e-20
1.183317569659624496e+04 5.583026369338926528e-20 1.257411584841437144e-20
1.183950230365760217e+04 3.236489932743748208e-20 1.269330992849953898e-20
1.184582887607422890e+04 4.704421055128623319e-20 1.288191822633669246e-20
1.185215541381660114e+04 7.723438077267280291e-20 1.434605314426715123e-20
1.185848191687798135e+04 2.219744491967263836e-20 1.383373679210017873e-20
1.186480838522366867e+04 3.938723570528224205e-20 1.318623929026077838e-20
1.187113481884209250e+04 4.703624192692739902e-20 1.362755608856600926e-20
1.187746121772155493e+04 5.897491877983182121e-20 1.370215942805425609e-20
1.188378758182733691e+04 6.674878555878672621e-20 1.309096859475040545e-20
1.189011391115260267e+04 6.313367847658287520e-20 1.394728928504255830e-20
1.189644020567050029e+04 5.979498411174524191e-20 1.391238708828318241e-20
1.190276646536164480e+04 4.575852831185664940e-20 1.337973572051164410e-20
1.190909269021692671e+04 4.822291294197598223e-20 1.394309760705667756e-20
1.191541888020381703e+04 6.482144704126360001e-20 1.354366089982207573e-20
1.192174503531078881e+04 4.847505884832648358e-20 1.400407375510090143e-20
1.192807115551333118e+04 2.929170724390513159e-20 1.414249257206289061e-20
1.193439724079716143e+04 3.108899375609478894e-20 1.351381588864715673e-20
1.194072329113757223e+04 6.308815830343496125e-20 1.325016511521879065e-20
1.194704930652020812e+04 6.352079811738599840e-20 1.421488120007634214e-20
1.195337528692062369e+04 6.794023188631213984e-20 1.373640144980452993e-20
1.195970123232193509e+04 3.234567541166037355e-20 1.330524069546072973e-20
1.196602714270723664e+04 1.628522361158458560e-20 1.360882011960844767e-20
1.197235301805166637e+04 5.064984888771664612e-20 1.311048608245995404e-20
1.197867885834113986e+04 5.148246514975035259e-20 1.291231949896271141e-20
1.198500466355101707e+04 5.397653370016082601e-20 1.312307458104653029e-20
1.199133043366955280e+04 2.833334339716200533e-20 1.224370793307621188e-20
1.199765616866665732e+04 4.854880759477599049e-20 1.327604297554516157e-20
1.200398186853076368e+04 3.897519397905946120e-20 1.377244799178879690e-20
1.201030753323724639e+04 2.251586948044123360e-20 1.284803423070366796e-20
1.201663316277437298e+04 3.366002258136634716e-20 1.310534303266830626e-20
1.202295875711454210e+04 3.788670483599237466e-20 1.240065824818669916e-20
1.202928431624101177e+04 4.542586156962285783e-20 1.318218358211506888e-20
1.203560984013168854e+04 2.602656482037782853e-20 1.282598684801952681e-20
1.204193532877225698e+04 4.355997694749460545e-20 1.317091576890686774e-20
1.204826078214290465e+04 5.605524814429809987e-20 1.342823496610637307e-20
1.205458620021898241e+04 3.997468853156343014e-20 1.293432240470071129e-20
1.206091158298100709e+04 5.239528299705743612e-20 1.308450443332958601e-20
1.206723693041982915e+04 6.015704997093897094e-20 1.279791085085615627e-20
1.207356224250007836e+04 7.725965865732717703e-20 1.393580643516757434e-20
1.207988751921255607e+04 1.148550816178185770e-20 1.341025478539653098e-20
1.208621276053521615e+04 4.720456206355266687e-20 1.273486263959736883e-20
1.209253796645106740e+04 1.022120928013715555e-20 1.343497798511746100e-20
1.209886313693253760e+04 3.860535223468384914e-20 1.310853791760559822e-20
1.210518827196775965e+04 4.098932869067636609e-20 1.381902248373322434e-20
1.211151337153990062e+04 2.886189203293302201e-20 1.344192832941111137e-20
1.211783843561887988e+04 2.992784354612561448e-20 1.336701062681892972e-20
1.212416346418755529e+04 6.250198756466401227e-20 1.301811107637704845e-20
1.213048845723662816e+04 4.511246786846479253e-20 1.352294919333506253e-20
1.213681341473616885e+04 6.427680960848228891e-20 1.370812518601558866e-20
1.214313833666652499e+04 6.527685559582487119e-20 1.510656479029488505e-20
1.214946322301053988e+04 5.516311359504483243e-20 1.353622435072377681e-20
1.215578807375101860e+04 1.541335229361873253e-20 1.273748110759496522e-20
1.216211288886586772e+04 3.209278263325248842e-20 1.370774136224805303e-20
1.216843766833013797e+04 3.099587180397031604e-20 1.394436098880763772e-20
1.217476241213453613e+04 5.622314405111125711e-20 1.230822103177841657e-20
1.218108712025660134e+04 7.091657228199056157e-20 1.337687780106312784e-20
1.218741179266629842e+04 6.692504715308004944e-20 1.324524484369741933e-20
1.219373642935706266e+04 4.666751105445785155e-20 1.395879972770348440e-20
1.220006103030641680e+04 4.069104878456871646e-20 1.313519951911380967e-20
1.220638559548662488e+04 4.196010223498608884e-20 1.361303979888084210e-20
1.221271012488602355e+04 1.244104725633872505e-20 1.383710123534678910e-20
1.221903461847960534e+04 3.771933714964731055e-20 1.305725142061631955e-20
1.222535907625272557e+04 3.441503553443521654e-20 1.278017202120695188e-20
1.223168349818293973e+04 4.325175399235364717e-20 1.345640492720411308e-20
1.223800788425062274e+04 6.735416447315384687e-20 1.398434031516117242e-20
1.224433223443643328e+04 3.267009617303299946e-20 1.273909374137984591e-20
1.225052357962480346e+04 3.338027993678321561e-20 1.266859330498954773e-20
1.225684784490306629e+04 1.984748655968909590e-20 1.290424337617417285e-20
1.226317207418324142e+04 6.236944505155165092e-20 1.345548833545409464e-20
1.226949626749376694e+04 7.438175667786679330e-20 1.437167775177221272e-20
1.227582042482471297e+04 3.652728838539220772e-20 1.278669101319180030e-20
1.228214454615397699e+04 5.818303257690791428e-20 1.271696408287484273e-20
1.228846863146428404e+04 4.563008281952072467e-20 1.261542036138088885e-20
1.229479268072814557e+04 2.337627520536329852e-20 1.322015016783016844e-20
1.230111669393563170e+04 1.728583930275212519e-21 1.412445232878292273e-20
1.230744067105943759e+04 4.929918353152506416e-20 1.386562974935314022e-20
1.231376461208231012e+04 6.733380833919049760e-20 1.454233698011003212e-20
1.232008851698946091e+04 4.686112643170569850e-20 1.446937872483051861e-20
1.232641238574786257e+04 6.521540671114032030e-20 1.416947383844564233e-20
1.233273621834818005e+04 2.486110502827346188e-20 1.411849148704383098e-20
1.233906001477313293e+04 3.204628036465535762e-20 1.447487970470094798e-20
1.234538377498980299e+04 4.652305995053672323e-20 1.359284170826356601e-20
1.235170749898843496e+04 3.549588335127133531e-20 1.279294179615379446e-20
1.235803118675194855e+04 4.659382058756026925e-20 1.319062237140322427e-20
1.236435483825006486e+04 3.141565056111445292e-20 1.301836748939112339e-20
1.237067845346779905e+04 4.750244861026241483e-20 1.267397692141490320e-20
1.237700203239040093e+04 8.164268768502695170e-20 1.285598783302585129e-20
1.238332557498776259e+04 6.362589236503003020e-20 1.346341546724493979e-20
1.238964908125020338e+04 6.113017766173400617e-20 1.335937199652826818e-20
1.239597255114712061e+04 5.990374167467223884e-20 1.415752354520690865e-20
1.240229598466646712e+04 3.094166972304868459e-20 1.287348054579189237e-20
1.240861938178315177e+04 1.184848989240567583e-20 1.344432163728062359e-20
1.241494274247980138e+04 9.264092280391434971e-21 1.419927694011960540e-20
1.242126606674131472e+04 5.886797687078465613e-20 1.439398953032370127e-20
1.242758935453756203e+04 4.760298045386985477e-20 1.422790046287729524e-20
1.243391260585887358e+04 3.878587899799881956e-20 1.446704364528026346e-20
1.244023582067474126e+04 4.007748602501314688e-20 1.380907577773166689e-20
1.244655899897541167e+04 2.852549256988284248e-20 1.270945139743968743e-20
1.245288214073324707e+04 3.024361150110748102e-20 1.357260166426131396e-20
1.245920524593074697e+04 5.219434742268441934e-20 1.360459141284284210e-20
1.246552831454239094e+04 7.465494909454470334e-20 1.343004501996484094e-20
1.247185134656400987e+04 2.829837437428871243e-20 1.369683480212309925e-20
1.247817434196250542e+04 4.139451334743465843e-20 1.309826907232572896e-20
1.248449730071508020e+04 4.000003617828939924e-20 1.437812661313287507e-20
1.249082022281183527e+04 5.919841437124279113e-20 1.411789152441552576e-20
1.249714310822256448e+04 5.885492873173909359e-20 1.273926365424817715e-20
1.250346595700257967e+04 2.824424332029118082e-20 1.184388160077218757e-20
1.250965526060754200e+04 2.341015717531501136e-20 1.232228521026679456e-20
1.251597802269406930e+04 3.595403149855690331e-20 1.262500180651981655e-20
1.252230074802144372e+04 2.608849275126654547e-20 1.384191875545111601e-20
1.252862343656411758e+04 1.632711265220782994e-20 1.287448990342667175e-20
1.253494608830702600e+04 4.486139356816791397e-20 1.219316850896317038e-20
1.254126870322483046e+04 4.770935299661088130e-20 1.248238804496697310e-20
1.254759128130284989e+04 6.919146071545199153e-20 1.347366341360660082e-20
1.255391382251259165e+04 2.639014056546429853e-20 1.276650235840180575e-20
1.256023632684466065e+04 4.925224850774927018e-20 1.233721100448780366e-20
1.256655879427634136e+04 5.252813023963137701e-20 1.377673947817514820e-20
1.257288122477929028e+04 4.931973903711012495e-20 1.268471407364986214e-20
1.257920361834112009e+04 2.889869747261872983e-20 1.260651873597062281e-20
1.258552597493912072e+04 4.614303342797898312e-20 1.385884954433167277e-20
1.259184829455313047e+04 4.090182508013558672e-20 1.225230045598538638e-20
1.259817057715733063e+04 4.505281871178564778e-20 1.314618543945935805e-20
1.260449282274771758e+04 5.035418553947238563e-20 1.259678220130644909e-20
1.261081503128511577e+04 5.899301501441330547e-20 1.268813938881446294e-20
1.261713720276026106e+04 5.839807995909918531e-20 1.311630057010129665e-20
1.262345933714976309e+04 3.752010062105855472e-20 1.262147870106967694e-20
1.262978143443360204e+04 4.018701629095206427e-20 1.345515908199058512e-20
1.263610349459154713e+04 6.260267821887085381e-20 1.298091622110249853e-20
1.264242551760041897e+04 3.435787863421054392e-20 1.178865490036427171e-20
1.264874750345076973e+04 2.518323972695093847e-20 1.339503723892301008e-20
1.265506945210327103e+04 4.618885609752834140e-20 1.305677926771216604e-20
1.266139136355961273e+04 3.761532917592186212e-20 1.319358692573908978e-20
1.266771323777986436e+04 6.217527629951713643e-20 1.254529386174348346e-20
1.267403507475494371e+04 8.189610209771392118e-20 1.323647396573466803e-20
1.268035687446456723e+04 4.803880829630628480e-20 1.255100032507104443e-20
1.268667863688266516e+04 5.376743295083626675e-20 1.226157264491195659e-20
1.269300036199159149e+04 5.188580600274926898e-20 1.290769606677958545e-20
1.269932204977391302e+04 6.542631614981698452e-20 1.342949414579566757e-20
1.270564370020371462e+04 4.563296025442200017e-20 1.284914778130958034e-20
1.271196531326029253e+04 2.932728796033647348e-20 1.221137064560542855e-20
1.271828688893455546e+04 5.369464558586959673e-20 1.291962902505676621e-20
1.272460842719235006e+04 3.653756715120905017e-20 1.247254420455112975e-20
1.273092992801845685e+04 3.646814724715408689e-20 1.264403644083279415e-20
1.273725139139534804e+04 7.392428864451244758e-20 1.314508027319184911e-20
1.274357281729718125e+04 5.564877471357283099e-20 1.223013926291392890e-20
1.274989420570894072e+04 5.332454987132984240e-20 1.315310819370164905e-20
1.275621555660721970e+04 3.596184951615391571e-20 1.302343009840631967e-20
1.276253686996901160e+04 5.909567291862369503e-20 1.233027106722877630e-20
1.276885814578220197e+04 7.658045623855842454e-20 1.375717319233852910e-20
1.277517938401206447e+04 5.824870203467372894e-20 1.325769831264930149e-20
1.278150058465504480e+04 4.821289737110520274e-20 1.313224918192282218e-20
1.278782174767403558e+04 6.041835961931241037e-20 1.273229266042909470e-20
1.279414287306771257e+04 6.911342986023478980e-20 1.295494286675809722e-20
1.280046396079338228e+04 4.079490609035952382e-20 1.292523650091261335e-20
1.280678501085014068e+04 1.910090610004834544e-20 1.228377874181543482e-20
1.281310602320344151e+04 6.147452312926014699e-20 1.277281936307045906e-20
1.281942699784368597e+04 5.089715875593823030e-20 1.240921370810728011e-20
1.282574793474218677e+04 3.351301841247463939e-20 1.242051452978471086e-20
1.283206883388120514e+04 4.529220458625859569e-20 1.373300359975770710e-20
1.283838969523701417e+04 5.263975543236250032e-20 1.243107069938348033e-20
1.284471051880048617e+04 3.820325974270662501e-20 1.254718452795633130e-20
1.285103130453434096e+04 3.663871981919157763e-20 1.287018345914614499e-20
1.285735205243160271e+04 3.285890896891552211e-20 1.206797065490729021e-20
1.286367276246064102e+04 4.349548345289923016e-20 1.280720773242681017e-20
1.286999343461216813e+04 1.117246797999164511e-20 1.366149859546283548e-20
1.287631406885696924e+04 1.502833389346794354e-20 1.254640286038499907e-20
1.288263466517712004e+04 1.066261190305762156e-20 1.188249066574756911e-20
1.288895522355499270e+04 4.093633927835511885e-20 1.279210196052032603e-20
1.289527574396427372e+04 7.211861971805299410e-20 1.309780644421957410e-20
1.290159622638683504e+04 2.744281264355582336e-20 1.242136683108263606e-20
1.290791667080226034e+04 4.542565813425380338e-20 1.244697381018817971e-20
1.291423707718991318e+04 4.406947568121994077e-20 1.219866838313875985e-20
1.292055744552873330e+04 2.872448466103498824e-20 1.238890624658139768e-20
1.292687777580391594e+04 8.369413269846651610e-20 1.262666303217695454e-20
1.293319806798358695e+04 6.241081543581282782e-20 1.309528055016528781e-20
1.293951832205508799e+04 7.667855983636674856e-20 1.260588448934258052e-20
1.294583853799508506e+04 4.372900028473580679e-20 1.233127853433981109e-20
1.295215871578295082e+04 4.558192924567723404e-20 1.218283645824249457e-20
1.295847885539770323e+04 6.595612446017160434e-20 1.399513051599931727e-20
1.296479895681857670e+04 6.194930865279354000e-20 1.448427888006360835e-20
1.297111902001933049e+04 1.848342211659614090e-20 1.319275480282973678e-20
1.297743904499038945e+04 3.447015405679705756e-20 1.281498110022352932e-20
1.298375903170796846e+04 5.326904236497282252e-20 1.219397164978626567e-20
1.299007898014300918e+04 6.433514669266707565e-20 1.263548459027900897e-20
1.299639889028316975e+04 4.193621639532714634e-20 1.272001760976145877e-20
1.300271876210452683e+04 5.799337348152818030e-20 1.350775807584504138e-20
1.300903859558652402e+04 4.168043507272004824e-20 1.278104892024625755e-20
1.301535839070833208e+04 2.833192945997409185e-20 1.291435142426594963e-20
1.302167814744877433e+04 5.121731301381851956e-20 1.324460786033558002e-20
1.302799786578726889e+04 5.139625062715721924e-20 1.300424281172191939e-20
1.303431754570018529e+04 4.107729459761993311e-20 1.314671781689088674e-20
1.304063718717762458e+04 6.292981551933154772e-20 1.281208581919717277e-20
1.304695679023669436e+04 3.498509220953510072e-20 1.285272384256800207e-20
1.305327653895460571e+04 3.735792940193081642e-20 1.241643848763118350e-20
1.305959626307711733e+04 4.645131339679305716e-20 1.261117762071026386e-20
1.306591594866578089e+04 4.363383392751952922e-20 1.351788154462570299e-20
1.307223559570548787e+04 6.112147910042398173e-20 1.369437038201267445e-20
1.307855520416639411e+04 5.164655123985785911e-20 1.320019449291388857e-20
1.308487477403912817e+04 2.641855260600328743e-20 1.226688517950417912e-20
1.309119430529432066e+04 2.870143811637104261e-20 1.239400942415501208e-20
1.309751379791358704e+04 5.608791962378185513e-20 1.341927510927103365e-20
1.310383325188171511e+04 7.085714618904681529e-20 1.349042625372447283e-20
1.311015266716361293e+04 5.681327776062707775e-20 1.351017498531005526e-20
1.311647204374949797e+04 3.111025505444426259e-20 1.324306903239873376e-20
1.312279138161835544e+04 5.484509261440457719e-20 1.358371727989993823e-20
1.312911068074651121e+04 6.950707554095879626e-20 1.353922586824141235e-20
1.313542994110989457e+04 4.343725650990236321e-20 1.352333252532392507e-20
1.314174916269599453e+04 3.943505612866649750e-20 1.283065868569252962e-20
1.314806834547251674e+04 4.712749179731879755e-20 1.323713452369863832e-20
1.315438748942974598e+04 8.763751240237589899e-20 1.297495857862962408e-20
1.316070659453210283e+04 6.505711810632520672e-20 1.320367029663696453e-20
1.316702566077604388e+04 4.679097608161803135e-20 1.236727152872155260e-20
1.317334468812882005e+04 5.931457651531407552e-20 1.388128724116494500e-20
1.317966367656919283e+04 3.782110066684952250e-20 1.318351302116020764e-20
1.318598262608207369e+04 6.263249027529861213e-20 1.281318099204066407e-20
1.319230153664334102e+04 4.527315335883532254e-20 1.218148345622676588e-20
1.319862040823170537e+04 2.867435289411824739e-20 1.368692805909659532e-20
1.320493924082918784e+04 7.368649921215103595e-20 1.351463916005459034e-20
1.321125803440584241e+04 3.242525069448252333e-20 1.308471766270676944e-20
1.321757678894901619e+04 5.997306784638100787e-20 1.331576456744691646e-20
1.322389550443493135e+04 3.641024092088528723e-20 1.361999496008552375e-20
1.323021418084516517e+04 6.720885818784005103e-20 1.397193604193814593e-20
1.323653281814970433e+04 6.306146228869762654e-20 1.337378128468283636e-20
1.324285141633917192e+04 3.227353672492079942e-20 1.225104826055601075e-20
1.324916997538066062e+04 3.033978336731944504e-20 1.289966587888073746e-20
1.325548849526728009e+04 7.763818815407080090e-20 1.341695605452103514e-20
1.326180697596069513e+04 2.149240101020037371e-20 1.290918353856001877e-20
1.326812541745399176e+04 2.836267486289568127e-20 1.109328962706940948e-20
1.327444381972000338e+04 5.708594612713989278e-20 1.284327735522522736e-20
1.328076218273483573e+04 3.407232908286054574e-20 1.382903880588996467e-20
1.328708050648283279e+04 3.643507895360454261e-20 1.421144828375481564e-20
1.329339879093684067e+04 3.941589497005142928e-20 1.378480097643330098e-20
1.329971703608161260e+04 7.981917436025945202e-20 1.365851329461644397e-20
1.330603524188691154e+04 3.624662615217530969e-20 1.453964732818225667e-20
1.331235340834303679e+04 5.415180293769605592e-20 1.498160472201157383e-20
1.331867153542600317e+04 6.454369902304909711e-20 1.297777544018142355e-20
1.332498962310254501e+04 1.771214802239255416e-20 1.318837134128847173e-20
1.333130767136595205e+04 1.797585241999862342e-20 1.293568240944504900e-20
1.333749040695835174e+04 5.397396409921728353e-20 1.293893463774844648e-20
1.334380836840606207e+04 3.758205824731902216e-20 1.303198218014535297e-20
1.335012628509446586e+04 1.493406372902699836e-20 1.397104698704983825e-20
1.335644416222575273e+04 3.953206096670379099e-20 1.428566078109185332e-20
1.336276199982748767e+04 3.519769037723659900e-20 1.248806684112961232e-20
1.336907979787850854e+04 8.728088304516459232e-20 1.329437703804798698e-20
1.337539755636325572e+04 5.250134701138769454e-20 1.212849311141782508e-20
1.338171527525984311e+04 4.720902421156109306e-20 1.201819022724451250e-20
1.338803295453863029e+04 3.487457281073819863e-20 1.293193725241486746e-20
1.339435059418674791e+04 2.940959746358206677e-20 1.229522133989177200e-20
1.340066819418236082e+04 8.141505709314249990e-20 1.250134580914407783e-20
1.340698575449582859e+04 3.470422873487049903e-20 1.239222156661750913e-20
1.341330327511698852e+04 4.102845167826962976e-20 1.269317292564255472e-20
1.341962075601840843e+04 4.181047753879808748e-20 1.237931288699336702e-20
1.342593819717595943e+04 5.617844628151450105e-20 1.133076724105547216e-20
1.343225559856808832e+04 1.246289661696988606e-20 1.207396959899035049e-20
1.343857296018165471e+04 3.759242085178069107e-20 1.318265056403431552e-20
1.344489028198969208e+04 2.521077652984034340e-20 1.371561520793809336e-20
1.345120756396472643e+04 3.706364028100847247e-20 1.437027278884912200e-20
1.345752480609375743e+04 4.243104698605126032e-20 1.259163933804376910e-20
1.346384200835834235e+04 3.458443497643464546e-20 1.186715447920301294e-20
1.347015917072513366e+04 3.402511835457167040e-20 1.284260567144896836e-20
1.347647629317833162e+04 4.743824051569745342e-20 1.417053375833623721e-20
1.348279337569948257e+04 5.696100339754954100e-20 1.464484149019393431e-20
1.348911041826362816e+04 5.877936192368879639e-20 1.322547219978288897e-20
1.349542742084652673e+04 2.556329492301140863e-21 1.198782146579318671e-20
1.350174438342676513e+04 5.055406891563235611e-20 1.320811168217356985e-20
1.350806130599662356e+04 7.941372939114069688e-20 1.316733311137268459e-20
1.351437818852038799e+04 1.448994274727136930e-20 1.383645250953232354e-20
1.352069503097051711e+04 5.569123199490770583e-20 1.394094258030220984e-20
1.352701183333379595e+04 3.350197237572573553e-20 1.268808847002911337e-20
1.353332859566124534e+04 1.964667594602152221e-20 1.254443675325008068e-20
1.353950962572721073e+04 4.493217770857382861e-20 1.313966890843320774e-20
1.354582629443717633e+04 5.866355818942251063e-20 1.401461401230721672e-20
1.355214292297016073e+04 4.452393355435138411e-20 1.410013066210429583e-20
1.355845951131891889e+04 3.559388952116168990e-20 1.189236299432098970e-20
1.356477605944702373e+04 2.704982305201332186e-20 1.401597859998043144e-20
1.357109256732993344e+04 7.619391757815842321e-20 1.385861152498899622e-20
1.357740903494841950e+04 8.807401940393737809e-20 1.377107948299865677e-20
1.358372546229589534e+04 5.557270170290795924e-20 1.364583649011188208e-20
1.359004184933274519e+04 4.115311404454546383e-20 1.337278429522290745e-20
1.359635819604579410e+04 5.654025705197681966e-20 1.366951837954600260e-20
1.360267450240462858e+04 2.432530020229816011e-20 1.344198649587134782e-20
1.360899076839621011e+04 5.620598401351542329e-20 1.332031935490743400e-20
1.361530699399858895e+04 5.583724866205733594e-20 1.369006113881781561e-20
1.362162317918726330e+04 1.606935509662269799e-20 1.249508818194273357e-20
1.362793932393702380e+04 3.089659230802088417e-20 1.308743902597888587e-20
1.363425542822616080e+04 3.823069930672395542e-20 1.378623498449968873e-20
1.364057149204493726e+04 4.901151718832390240e-20 1.311526869210893608e-20
1.364688751535908341e+04 4.238045931223776308e-20 1.299116940483141489e-20
1.365320349815300870e+04 4.066663984859129971e-20 1.309887233379172637e-20
1.365951944038983856e+04 3.466306633114360267e-20 1.322304543962855503e-20
1.366583534206532022e+04 3.184685796393112506e-20 1.241602121156308318e-20
1.367215120315488275e+04 1.492292607135801895e-20 1.214355170160903173e-20
1.367846702363633813e+04 4.524140137574194407e-20 1.270617708426125491e-20
1.368478280348772205e+04 1.598047309103826467e-20 1.208342776166853434e-20
1.369109854266039838e+04 3.911158169993119556e-20 1.215048206576258407e-20
1.369741424117685710e+04 5.000733849052081562e-20 1.286332773776941997e-20
1.370372989899147251e+04 7.370212568803139576e-20 1.269027748641758765e-20
1.371004551609128248e+04 3.427883049890748189e-20 1.255267633760959353e-20
1.371636109244493309e+04 2.103416829885748790e-20 1.201575106599055511e-20
1.372267662802173436e+04 6.219013059185534184e-21 1.324322752907303198e-20
1.372899212281748805e+04 4.361397975032425571e-20 1.267401878484966868e-20
1.373530757680708120e+04 1.131313587885313661e-19 1.408655785156800670e-20
1.374162298997180733e+04 9.784183380677418821e-20 1.352966132744760019e-20
1.374793836228005421e+04 4.027451212147008096e-20 1.272728270157735716e-20
1.375425369371009219e+04 4.611931857145026712e-20 1.229258028444821659e-20
1.376056898423080565e+04 4.784844065115616184e-20 1.273343873549148942e-20
1.376688423384992529e+04 3.205328134841431375e-20 1.232257542359024943e-20
1.377319944252458663e+04 1.578929396576048832e-20 1.187972296939673835e-20
1.377951461023546108e+04 1.758647143610477405e-20 1.212195664530484239e-20
1.378582973696340014e+04 6.210126605893534355e-20 1.361606083630366040e-20
1.379214482267747371e+04 4.639507416722824730e-20 1.296442476276044067e-20
1.379845986734900907e+04 4.473853493017801645e-20 1.300724135116265423e-20
1.380477487098641541e+04 3.811540078504670444e-20 1.246558247989272183e-20
1.381108983354329212e+04 3.374310852766704971e-20 1.210940910716395089e-20
1.381740475500627508e+04 5.592835919693430255e-21 1.189236152806451437e-20
1.382371963535654322e+04 2.913583996007710983e-20 1.262142340219460276e-20
1.383003447455638525e+04 5.857303928023173763e-20 1.309531617030043704e-20
1.383634927259278265e+04 4.842955992426229760e-20 1.242556019661425997e-20
1.384266402943761022e+04 5.858298646397677476e-20 1.287251958266964055e-20
1.384897874508034511e+04 4.388543704945319322e-20 1.261907121457294217e-20
1.385529341950214621e+04 5.001268890641923520e-20 1.262227027438640856e-20
1.386160805266537500e+04 2.476208942893253385e-20 1.314596961567852006e-20
1.386792264455677469e+04 3.925284742508743882e-20 1.328362958174886340e-20
1.387423719514827826e+04 5.853838017160059003e-20 1.226990126621996984e-20
1.388055170442012604e+04 5.083024187312286658e-20 1.295399680347429810e-20
1.388686617234121150e+04 3.629326917320430717e-20 1.283296607031126608e-20
1.389318059890135737e+04 4.413235351825054453e-20 1.264989726772940773e-20
1.389949498408406726e+04 4.317918979185716635e-20 1.294265107595030733e-20
1.390580932785820551e+04 5.048953955157152930e-20 1.226800542498848274e-20
1.391212363020103476e+04 2.246295979273802934e-20 1.265219621051795886e-20
1.391843789109034333e+04 2.336877196149179807e-20 1.171858379855502785e-20
1.392475211050079088e+04 4.749671721711457991e-21 1.278064001273329546e-20
1.393106628841575184e+04 5.574738528492064179e-20 1.376502044864697042e-20
1.393738042480398872e+04 2.614269018573718763e-20 1.420504703761465775e-20
1.394369451964280779e+04 7.547049451595663310e-21 1.329697943640057910e-20
1.395000857292510773e+04 3.274046879697123318e-20 1.403302943852876079e-20
1.395632258462253776e+04 6.095116790446792602e-20 1.292588591329643714e-20
1.396263655470916092e+04 3.132005783193260947e-20 1.236019913434100935e-20
1.396895048316286920e+04 3.133022740317953596e-20 1.251746435649479797e-20
1.397526436996098892e+04 6.897794496836793760e-20 1.299096774546064478e-20
1.398157821508096276e+04 2.970285188322086768e-20 1.329739463320537865e-20
1.398789201850362406e+04 3.780468291041793196e-20 1.250275865935974834e-20
1.399420578019370259e+04 2.936675740465564147e-20 1.327538349351969131e-20
1.400051950013825808e+04 3.259999485586410823e-20 1.276057781909750849e-20
1.400683317831767090e+04 4.602116052693938982e-20 1.412381096529934324e-20
1.401314681470620599e+04 7.505082557587575917e-20 1.324633373885991499e-20
1.401946040928158254e+04 5.354477140730766734e-20 1.259305329848335054e-20
1.402577396202692762e+04 7.404708175676073553e-20 1.273420031576483464e-20
1.403208747290768406e+04 6.203965009175141688e-20 1.253803930625958561e-20
1.403840094191345452e+04 4.393697294457099403e-20 1.312699576142024955e-20
1.404471436901223024e+04 4.401229637000555347e-21 1.289038405735329923e-20
1.405102775418478632e+04 2.952789917681382210e-20 1.268593954867763426e-20
1.405734109740800341e+04 4.544451207756867108e-20 1.348809416274864930e-20
1.406365439866269298e+04 3.380904336020464963e-20 1.300173303160493499e-20
1.406996765791986763e+04 3.805963976303830453e-20 1.321886395167574534e-20
1.407628087515981861e+04 3.891675943014490738e-20 1.352486005794177594e-20
1.408259405035707641e+04 4.739634176142737276e-20 1.450904549801896994e-20
1.408890718349154668e+04 5.112346133627066718e-20 1.343654106981275672e-20
1.409522027454399176e+04 4.348951886785709952e-20 1.353105370905717583e-20
1.410153332348843105e+04 4.674053948444195433e-20 1.335702001558755236e-20
1.410784633030203986e+04 1.208857844461408360e-20 1.375839037349741420e-20
1.411415929496233548e+04 2.358513141379597861e-20 1.286864713235474295e-20
1.412047221745231946e+04 4.004487116161015928e-20 1.338518385798944802e-20
1.412678509773408405e+04 3.933614975758687333e-20 1.254747881906597725e-20
1.413309793579391771e+04 5.399181432028684284e-20 1.260878651556965841e-20
1.413941073161522763e+04 4.444640416128481546e-20 1.299808196999168615e-20
1.414572348516610145e+04 6.727778809146445959e-20 1.371220003439646525e-20
1.415203619642951890e+04 1.378037360088076901e-19 1.456194182647562484e-20
1.415834886537682360e+04 9.655602304949969767e-20 1.622178581184977437e-20
1.416466149198795756e+04 1.554660438266438065e-20 1.337529445489401168e-20
1.417097407624328116e+04 3.241802041386199153e-20 1.243263865594409376e-20
1.417728661811379425e+04 4.091074198950588100e-20 1.266394325061064632e-20
1.418359911758253293e+04 4.087943286282166836e-20 1.294322763186216913e-20
1.418991157462386582e+04 5.150403718756190031e-20 1.320995258357510183e-20
1.419622398921447348e+04 4.365046918569028023e-20 1.238482781557458551e-20
1.420239924012119809e+04 2.332346624416437839e-20 1.203718086387142762e-20
1.420871156173624331e+04 3.029924395236882028e-20 1.301462682234207746e-20
1.421502383554254811e+04 3.196989948828965977e-20 1.302617703947623288e-20
1.422133606675032934e+04 2.057491020910753418e-20 1.262694943054250446e-20
1.422764825539173216e+04 6.888562982053737421e-20 1.338545351212773477e-20
1.423396040144413928e+04 3.806724767565606159e-20 1.261105932676607474e-20
1.424027250488429127e+04 3.170151540373563180e-20 1.278939476627435239e-20
1.424658456568921247e+04 4.750377137811874615e-20 1.278538727240118095e-20
1.425289658383602182e+04 3.118972798154980135e-20 1.297836254976638769e-20
1.425920855930133985e+04 -4.005544315758912798e-22 1.328543829729329813e-20
1.426552049206251104e+04 1.953926993400717601e-20 1.303054950015826658e-20
1.427183238209603951e+04 2.520610784607417320e-20 1.290614425809323743e-20
1.427814422937916970e+04 4.338918601589494448e-20 1.220673182556852817e-20
1.428445603389174175e+04 2.932724087822816516e-20 1.165145829406330059e-20
1.429076779560438263e+04 5.141101020780932472e-20 1.356164250836161447e-20
1.429707951449429493e+04 3.415111291703464415e-20 1.248306012829890027e-20
1.430339119054709226e+04 2.465298475689904872e-20 1.285796645327163158e-20
1.430970282373393457e+04 5.334844720615739739e-20 1.260478817581426103e-20
1.431601441402825003e+04 6.837685693474279832e-20 1.346466147203519851e-20
1.432232596141003160e+04 3.680333721958109409e-20 1.348110747230075211e-20
1.432863746585627268e+04 1.393972014986883600e-20 1.298960263190616950e-20
1.433494892734955829e+04 4.314328583529937928e-20 1.230576207243179829e-20
1.434126034585482739e+04 5.575224408055166990e-20 1.242284815069108088e-20
1.434757172135441215e+04 7.729099185424821094e-20 1.285022260473641191e-20
1.435388305382559520e+04 5.221916165670348460e-21 1.327735228422319637e-20
1.436019434324791655e+04 1.947028581111262528e-20 1.327990959732408898e-20
1.436650558965133860e+04 3.637195741517213629e-20 1.283838454860176503e-20
1.437281679823839841e+04 4.026104272614659497e-20 1.288897315454420021e-20
1.437899046304797230e+04 4.695779252131398218e-20 1.379749604153288266e-20
1.438530156665757386e+04 1.790529825532437962e-20 1.338392838444284208e-20
1.439161262709455150e+04 1.916578466010927147e-20 1.379672992031976252e-20
1.439792364434555020e+04 5.890768120633588821e-20 1.463566602525037657e-20
1.440423461837745526e+04 3.879921612933326115e-20 1.386279335216065883e-20
1.441054554917330279e+04 2.252290546947483903e-20 1.349413967059842400e-20
1.441685643670030186e+04 3.854330030152436550e-20 1.313288932238732808e-20
1.442316728094434256e+04 8.880822690808586307e-20 1.442957093309296780e-20
1.442947808187923147e+04 2.135570883157979919e-20 1.380707921336980596e-20
1.443578883947786926e+04 4.339083955401542479e-20 1.399967979190863274e-20
1.444209955372684817e+04 5.599627006230839338e-20 1.411102946222855094e-20
1.444841022459289161e+04 -3.342639991578100425e-21 1.328497228252784759e-20
1.445472085205581425e+04 4.525768251860860832e-20 1.320063830282991404e-20
1.446103143609543804e+04 5.468525228461576411e-20 1.341335609216807076e-20
1.446734197667847184e+04 2.373047133872957918e-20 1.239070844860244631e-20
1.447365247379773973e+04 2.838080334775815865e-20 1.249339762701924428e-20
1.447996292741012439e+04 5.707262160976916935e-20 1.378444499987125709e-20
1.448627333750531579e+04 6.584574628161249687e-20 1.276250516339020765e-20
1.449258370406586073e+04 1.977396325222922075e-20 1.262554322754460548e-20
1.449889402704599706e+04 3.489605192426708628e-20 1.447368450637674938e-20
1.450520430644135740e+04 4.911872309642346841e-20 1.368413552353827819e-20
1.451151454221862878e+04 1.743495510444170189e-20 1.260420076369726681e-20
1.451782473436088912e+04 2.356714540971366277e-20 1.284844044812365628e-20
1.452413488283776314e+04 5.122716394266893386e-20 1.261894429103353509e-20
1.453044498762928379e+04 3.046810417415782867e-20 1.389406686563222916e-20
1.453675504871776866e+04 5.187232334358469033e-20 1.375943001561110288e-20
1.454306506607035953e+04 4.522532011170394917e-20 1.367764577365881519e-20
1.454937503966637632e+04 6.135429018213978541e-20 1.364035864233046490e-20
1.455568496948221036e+04 4.655286766229651915e-20 1.352819243315245480e-20
1.456199485549106794e+04 5.477605340634973779e-20 1.318646701063170937e-20
1.456830469767546128e+04 5.049564242977669812e-20 1.385705668095653993e-20
1.457461449600879132e+04 3.275709659921487504e-20 1.435903284465784307e-20
1.458092425046693825e+04 1.630179828306906805e-20 1.295422429950990893e-20
1.458723396102660445e+04 6.322454418740012447e-20 1.249958715134909541e-20
1.459354362766683698e+04 5.594001469948281260e-20 1.250507608089649458e-20
1.459985325035454480e+04 2.749633461301862704e-20 1.316328175520134393e-20
1.460616282907867026e+04 1.112450097589799755e-20 1.231068663630606475e-20
1.461247236380256072e+04 1.836602952489365220e-21 1.200668354562132549e-20
1.461878185451218997e+04 1.712979474902759342e-20 1.217587770605545539e-20
1.462509130118353642e+04 4.719023865821681301e-20 1.444091310526690651e-20
1.463140070378985183e+04 3.423239655500559374e-20 1.263331137806459709e-20
1.463771006230366220e+04 3.231645233954512341e-20 1.301309851158166769e-20
1.464401937670480220e+04 1.419378285526883937e-20 1.439416879321204820e-20
1.465032864697215882e+04 3.612124235435405461e-20 1.350661385080372792e-20
1.465663787307579150e+04 8.783514288545227499e-21 1.407158548642866132e-20
1.466294705499476368e+04 3.405116164678619392e-20 1.398801743181581658e-20
1.466925619270855350e+04 4.737918072375442635e-20 1.329050158575576671e-20
1.467556528619323035e+04 4.299436378162923767e-20 1.312483763069911916e-20
1.468187433541175778e+04 3.498350610627408187e-20 1.339744757587916491e-20
1.468818334035988846e+04 3.134838648676473133e-20 1.358792485619828531e-20
1.469449230099385022e+04 4.714592373562723234e-20 1.340943993899742365e-20
1.470080121730957399e+04 5.221757296895554937e-20 1.325642082607550624e-20
1.470711008926957220e+04 2.202921886319557725e-20 1.407822581026692046e-20
1.471341891685358496e+04 3.694099387224110003e-20 1.311236010569268399e-20
1.471972770003391088e+04 4.961671390304246315e-20 1.372282611397206388e-20
1.472603643879008450e+04 4.380989397914132167e-20 1.387235982266721111e-20
1.473234513310765396e+04 3.768516128344380133e-20 1.356686349915846415e-20
1.473865378293982030e+04 3.158675698340232826e-20 1.400061629904292682e-20
1.474496238828536298e+04 4.084585781980071963e-20 1.345618653230911195e-20
1.475127094910374217e+04 1.269352790858016082e-20 1.324529590930009791e-20
1.475757946538413853e+04 4.104324877065145228e-23 1.241640009944789229e-20
1.476388793709233869e+04 2.737624247613547497e-20 1.413214644309080320e-20
1.477019636420457391e+04 4.497292164174551255e-20 1.317335054988637224e-20
1.477650474670935182e+04 3.454263985161493810e-20 1.392397679109082682e-20
1.478281308456336046e+04 4.731566281537224562e-20 1.492138909586003480e-20
1.478912137775502379e+04 3.361157104399683997e-20 1.444783466106467404e-20
1.479542962626059852e+04 6.218627246783576783e-20 1.407124610511853956e-20
1.480173783005229052e+04 5.254753085395681043e-20 1.335114746389833780e-20
1.480804598910280947e+04 4.082793454240291871e-20 1.297945331616884812e-20
1.481435410338781912e+04 4.396223630753796072e-20 1.282646480672109391e-20
1.482066217289622182e+04 1.569303314228757663e-20 1.306693288346426451e-20
1.482697019759070827e+04 1.261859345083006487e-22 1.360016440853426886e-20
1.483327817744683671e+04 6.464780178857851563e-20 1.547357808562934378e-20
1.483958611244384520e+04 2.093445028735927103e-20 1.336879841547894417e-20
1.484589400256042609e+04 1.474953313806509569e-20 1.290745239538466818e-20
1.485220184776934548e+04 6.364927613661591055e-20 1.270880820386520577e-20
1.485850964804254909e+04 3.597224432612883574e-20 1.295514235244938934e-20
1.486481740336605981e+04 2.525266846462045188e-20 1.337691428074291021e-20
1.487112511370181892e+04 4.040853165400868803e-21 1.325881557764435227e-20
1.487743277903255148e+04 1.497385591177631706e-20 1.362366482049211222e-20
1.488374039934005305e+04 2.602366306055609504e-20 1.331060164476106561e-20
1.489004797458706162e+04 2.014048852513551738e-20 1.334744631358840402e-20
1.489635550475881610e+04 2.364902825103921043e-20 1.498684722412637249e-20
1.490266298982775515e+04 1.905617822150377990e-20 1.379015773559869863e-20
1.490897042976935518e+04 4.644745356360516349e-20 1.385189924851189461e-20
1.491527782455917077e+04 5.308944034246339778e-20 1.426410851608614729e-20
1.492158517417278745e+04 2.195178030338691084e-20 1.316011303688109156e-20
1.492789247858891758e+04 1.778665012664817369e-20 1.337181050920839331e-20
1.493419973777668565e+04 4.815500707245249570e-20 1.330473916402507837e-20
1.494036823533883762e+04 6.582438203001607239e-20 1.294820084268345223e-20
1.494667539590478736e+04 6.624419180285439171e-20 1.293566855305701895e-20
1.495298250587197617e+04 5.631517848712662610e-20 1.206431990737803548e-20
1.495928957045549760e+04 5.215041622799067704e-20 1.272308764684441705e-20
1.496559658969320844e+04 6.682258896475751796e-20 1.344422995873382919e-20
1.497190356355767290e+04 5.765500510694794337e-20 1.343910443153952051e-20
1.497821049201741334e+04 3.423986989759922912e-20 1.358302075509681348e-20
1.498451737506118661e+04 1.260794981770992723e-20 1.427376106594934782e-20
1.499082421265742232e+04 8.866265926539763512e-22 1.258779886474763035e-20
1.499713100477555417e+04 2.869166862743511046e-20 1.288419646916751229e-20
1.500343775140657817e+04 4.123569251911395863e-20 1.499889565681022895e-20
1.500974445251336692e+04 2.505673145343673698e-20 1.389276956508178919e-20
1.501605110807400706e+04 1.874409153423680114e-20 1.323237737924659566e-20
1.502235771806086450e+04 4.357367933775799196e-20 1.276841099255406334e-20
1.502866428245230236e+04 3.714819527474300590e-20 1.262995908851110425e-20
1.503497080123022351e+04 5.795432305578851725e-20 1.332495356905767279e-20
1.504127727436008718e+04 6.824283100203703935e-20 1.251204870773859256e-20
1.504758370182034923e+04 4.805359107466634843e-20 1.266897891288448026e-20
1.505389008358617684e+04 -2.741437166683855055e-21 1.258708218098388411e-20
1.506019641962643254e+04 3.096162475516818263e-20 1.187589884304155398e-20
1.506650270993573213e+04 1.119289192298345286e-20 1.155395149368134552e-20
1.507280895446976683e+04 3.232230930436732066e-20 1.307572651359692038e-20
1.507911515320703438e+04 5.784143126495698467e-20 1.327775490774553346e-20
1.508542130613550216e+04 2.560498795525505504e-20 1.244603684782676438e-20
1.509172741328149095e+04 4.366209483329075440e-20 1.251982399228288855e-20
1.509789442676495128e+04 3.439273714101160705e-20 1.276398284844446664e-20
1.510420042860272406e+04 3.278980549598570349e-20 1.267390117524629911e-20
1.511050638452478051e+04 3.934603344144696999e-20 1.258193064334207084e-20
1.511681229449977945e+04 2.830492511487289206e-20 1.319472733058688632e-20
1.512311815850919629e+04 1.725474548885243151e-20 1.303195833141697791e-20
1.512942397652168620e+04 3.342660821187405449e-20 1.211864193338986784e-20
1.513572974851529216e+04 3.465127043933272246e-20 1.228367057789001501e-20
1.514203547446877383e+04 6.527608374022134386e-20 1.393168128403430009e-20
1.514834115435000604e+04 2.290172821829136243e-20 1.354527612972499256e-20
1.515464678813777027e+04 2.351754571475166762e-20 1.356117842347219282e-20
1.516095237580996763e+04 2.512997637547142592e-20 1.320271126179461362e-20
1.516725791733527876e+04 6.933502330395841510e-21 1.261114006761296356e-20
1.517356341269829500e+04 4.307798503085844936e-20 1.514207274821797501e-20
1.517986886186093398e+04 3.971728395647844100e-20 1.337009218223220045e-20
1.518617426480774338e+04 4.695426229122041191e-20 1.285638696407215814e-20
1.519247962151415049e+04 4.812744513854184691e-20 1.337439554650062471e-20
1.519878493194433395e+04 3.753140498254908670e-20 1.321434629200125284e-20
1.520509019608389463e+04 1.562203224620365818e-20 1.401121494315222799e-20
1.521139541390373233e+04 5.779243458256803925e-20 1.249143537810068174e-20
1.521770058537924524e+04 4.418929674658019490e-20 1.291661623314645348e-20
1.522400571048471102e+04 4.302222620159579453e-20 1.173568689704693518e-20
1.523031078919548418e+04 5.109916111434861658e-21 1.221401294683839349e-20
1.523661582148582966e+04 4.146211205358323658e-20 1.205889779573679812e-20
1.524292080733445619e+04 3.367511069072591350e-20 1.238737220988239638e-20
1.524922574670540234e+04 3.019983019241083763e-20 1.141826403200719777e-20
1.525553063958753773e+04 3.063393515787885738e-20 1.231190283021838255e-20
1.526183548595170214e+04 3.094904702659279888e-20 1.294426338698993787e-20
1.526814028576289638e+04 3.453885324296748344e-21 1.279257015043165611e-20
1.527444503899873416e+04 2.652556092089056716e-20 1.398698656793420321e-20
1.528074974564121840e+04 3.063042083616797169e-20 1.409900502229816727e-20
1.528705440566452489e+04 3.877059419364222555e-20 1.267911960824625106e-20
1.529335901904040475e+04 2.114284078471221837e-20 1.202658392656304487e-20
1.529966358574300466e+04 4.293429989226992358e-20 1.084182566419800761e-20
1.530596810574062692e+04 5.511704779835271700e-20 1.246617814530260996e-20
1.531227257902104247e+04 4.861291889231503308e-20 1.256555248252662810e-20
1.531857700555254087e+04 3.653595056257196003e-20 1.213508835150364294e-20
1.532488138530916876e+04 3.917081457585778720e-20 1.159501086956479872e-20
1.533118571826261905e+04 1.793221296426882839e-20 1.252220585259889735e-20
1.533749000439715383e+04 4.284685961321812500e-20 1.307264473818752339e-20
1.534379424367419233e+04 9.300747068515002196e-21 1.301862507871724334e-20
1.535009843607796574e+04 1.783882520238552976e-20 1.268801405434968015e-20
1.535640258158009237e+04 2.154010368695720309e-20 1.258500891015603290e-20
1.536270668015455703e+04 5.131458460107183045e-20 1.298999533632703280e-20
1.536901073177976832e+04 3.290428917684392070e-20 1.405047567736899088e-20
1.537531473642283345e+04 3.955838733229383261e-20 1.423904638938932856e-20
1.538161869405867219e+04 2.608815302955677411e-20 1.392488709039298491e-20
1.538792260467156666e+04 3.772224683105702547e-20 1.345268417356151505e-20
1.539422646820944829e+04 4.094267759855988473e-20 1.248190321718298751e-20
1.540053021443641228e+04 4.131370355337449413e-20 1.366497930284411505e-20
1.540683384019184268e+04 1.332522029272100839e-20 1.305009292758621663e-20
1.541313741882863542e+04 2.256693566802047228e-20 1.196389926501411789e-20
1.541944095030081371e+04 3.287023730571249441e-20 1.336730106432730467e-20
1.542574443459963550e+04 3.766806371420561218e-20 1.454531225786806389e-20
1.543204787168936673e+04 3.883793385160710315e-20 1.342210830987078642e-20
1.543835126155098078e+04 3.143713505656075329e-20 1.300283134738920187e-20
1.544465460415206871e+04 4.143167842999825019e-20 1.335879569320686570e-20
1.545095789947710182e+04 2.515079317930370795e-20 1.331296620134540088e-20
1.545726114748665896e+04 4.085709533869337543e-20 1.329766076048577580e-20
1.546356434816179171e+04 2.721300067401017673e-20 1.317349922183351198e-20
1.546986750148027386e+04 4.509773293494699349e-20 1.293464158385255985e-20
1.547617060741282512e+04 6.012596309900702113e-20 1.268387898094526820e-20
1.548247366593364859e+04 3.097078084722038262e-20 1.238984078827208217e-20
1.548877667701696373e+04 3.581558747707435766e-20 1.166594457567119848e-20
1.549507964063338477e+04 6.259064769377221485e-20 1.273273402043184094e-20
1.550138255676414701e+04 6.955035222211272835e-20 1.259245410775501978e-20
1.550768542537974281e+04 1.857276526200889844e-20 1.324210329878550664e-20
1.551398824645798595e+04 2.514069972540793931e-21 1.361657966954107259e-20
1.552029101996228928e+04 2.700750885455386878e-20 1.293232564598449969e-20
1.552659374587748971e+04 5.242518395987459245e-20 1.423798010415899450e-20
1.553289642417382856e+04 3.893886695589041461e-20 1.410526984471598178e-20
1.553919905482576905e+04 3.603157557975416881e-20 1.329903874996134383e-20
1.554550163780691037e+04 1.489738712639158971e-20 1.342467306633644969e-20
1.555180417309527365e+04 3.997925170113792762e-20 1.304249187499702269e-20
1.555810666065384066e+04 3.009326673479047609e-20 1.379290247976251802e-20
1.556440910047112993e+04 5.257532841887590112e-20 1.393924491487312484e-20
1.557071149251364659e+04 4.658802729076985916e-20 1.388117534746280839e-20
1.557701383675230318e+04 5.398265192469291594e-20 1.295664088279488344e-20
1.558331613316765106e+04 4.770675786737192855e-20 1.386734720811798059e-20
1.558961838172704847e+04 4.542436220525238719e-20 1.307822006687722032e-20
1.559578043661339507e+04 5.148576551136379987e-20 1.284746387071082240e-20
1.560208258121208200e+04 3.242073848209719037e-20 1.394574764257797724e-20
1.560838467255373143e+04 4.240120171391409172e-20 1.387364759414431517e-20
1.561468671587698555e+04 2.728814574580656892e-20 1.335983184827515307e-20
1.562098871121940647e+04 4.776539675773529124e-20 1.340353851980338848e-20
1.562729065854798137e+04 3.891802681125908051e-20 1.390040165552331306e-20
1.563359255784680681e+04 2.712247628702911411e-20 1.367840808611247492e-20
1.563989440907591415e+04 4.472364683514017300e-20 1.368357672268375858e-20
1.564619621221958369e+04 -1.548341333920211943e-21 1.386781861037142319e-20
1.565249796725118904e+04 4.026080109194228802e-20 1.369798026403384760e-20
1.565879967413477425e+04 4.192445652131013733e-20 1.348944826145970387e-20
1.566510133285709162e+04 4.378516512670839504e-20 1.319528404277325509e-20
1.567140294337884552e+04 8.775497032564336780e-21 1.413595853240445013e-20
1.567770450568341585e+04 3.509044464147806713e-20 1.415240337344857528e-20
1.568400601973819539e+04 9.144746873886605905e-21 1.356555678934370559e-20
1.569030748552675141e+04 5.131646535693297055e-20 1.467328518628414349e-20
1.569660890301276959e+04 4.853891759370329025e-20 1.437679975925648607e-20
1.570291027217655392e+04 4.123066273957070425e-20 1.307613289081942917e-20
1.570921159298828570e+04 2.458587088289892337e-20 1.353059372213939883e-20
1.571551286541481204e+04 3.706912520285005827e-20 1.517766129579734042e-20
1.572181408943988026e+04 3.050374357463828655e-21 1.495876450775375394e-20
1.572811526509896612e+04 2.319294041821004599e-20 1.534339365723090024e-20
1.573441639761921761e+04 3.754383376861847763e-20 1.396235596598880027e-20
1.574057701826955781e+04 4.243713009944333514e-20 1.357738717088434877e-20
1.574687803483212338e+04 2.591837217508190254e-20 1.335950042759151191e-20
1.575317900285329779e+04 2.951895208537368336e-20 1.357352996188985990e-20
1.575947992229903321e+04 3.155687135181049717e-20 1.354497047616993778e-20
1.576578079316447656e+04 6.875221097581328199e-20 1.415437698530047348e-20
1.577208161541220034e+04 4.004528130644165004e-20 1.343802560657292085e-20
1.577838238901579280e+04 1.926325634742621587e-20 1.381804404501214699e-20
1.578468311395221644e+04 2.948938567320380963e-20 1.295958499900228781e-20
1.579098379018055675e+04 3.781475437950629610e-20 1.496247064789290365e-20
1.579728441769935125e+04 4.640864924144802906e-20 1.517608551714565234e-20
1.580358499646389282e+04 3.394827388982018316e-20 1.473254344324344207e-20
1.580988552644075389e+04 4.160549214250709249e-20 1.383434205891258055e-20
1.581618600761713242e+04 1.327431620882667499e-20 1.322660889218147165e-20
1.582248643997399267e+04 2.387186747003824600e-20 1.240825472805331632e-20
1.582878682346632377e+04 1.476907440056290349e-20 1.345604319371509484e-20
1.583508715807497174e+04 3.432159981893961804e-20 1.379553958428705378e-20
1.584138744376936847e+04 1.519987218735459078e-20 1.418210822137146618e-20
1.584768768053727399e+04 3.594942820960892806e-20 1.311155112027587668e-20
1.585398786833399026e+04 7.952162072219416478e-20 1.436115629033103570e-20
1.586028800713266355e+04 1.932832348197326080e-20 1.343323336167758181e-20
1.586658809693182411e+04 1.767830783138545587e-20 1.346314543724743583e-20
1.587288813767567808e+04 3.365194627815483920e-20 1.384597746937082566e-20
1.587918812934139532e+04 1.841700437880638899e-20 1.451476620815244988e-20
1.588548807192320783e+04 3.068138746965537088e-20 1.259238980884613204e-20
1.589178796538038841e+04 5.367521904756826957e-20 1.312574008061359275e-20
1.589808780967130588e+04 5.376898931042464150e-20 1.345165256768084574e-20
1.590438760480173914e+04 7.567053053426950692e-20 1.476909942798572447e-20
1.591068735071944866e+04 5.469566779455093719e-20 1.426710998551081443e-20
1.591698704739393361e+04 5.744331306751939405e-20 1.449132372926649501e-20
1.592328669482721853e+04 6.396611563413930995e-20 1.439807791216907684e-20
1.592958629296688559e+04 5.000734113116221283e-20 1.453025474146972688e-20
1.593588584178631390e+04 3.049303574935969975e-20 1.474944706070371689e-20
1.594218534127613020e+04 3.484551424247756290e-20 1.438828179222684611e-20
1.594848479139536357e+04 3.906237741062627555e-20 1.421333953944703684e-20
1.595478419212383960e+04 6.171845158651690277e-20 1.494581804213133969e-20
1.596108354342033272e+04 2.579700667775718641e-20 1.450858838531675575e-20
1.596738284527576798e+04 4.734678533852197166e-20 1.354167032860504568e-20
1.597368209766309519e+04 3.825631085360218762e-20 1.393313055414247476e-20
1.597998130053723435e+04 3.712958733065529029e-20 1.387920831241410703e-20
1.598628045388535793e+04 9.519669925536852668e-21 1.492549126902341309e-20
1.599257955767708154e+04 4.449891092500856521e-20 1.533185041163891470e-20
1.599887861188480383e+04 3.680809503615465303e-20 1.320724241006127455e-20
1.600517761648548912e+04 2.588656591802095736e-20 1.381700867051547058e-20
1.601147657144072764e+04 3.854757806340306737e-20 1.345983980567799739e-20
1.601777547674172274e+04 6.594052201856881716e-20 1.580625023613246973e-20
1.602407433233941265e+04 3.648522165155138370e-20 1.474594657869561683e-20
1.603037313822831857e+04 2.012222725357006676e-20 1.349705997179929346e-20
1.603667189436325680e+04 3.479386685061093197e-20 1.292393778346557025e-20
1.604297060072388194e+04 3.630543063804288535e-20 1.404353185782519795e-20
1.604926925728701826e+04 2.846995800433583710e-20 1.371184865808517097e-20
1.605556786402497528e+04 6.125580424731346629e-20 1.386440626248400633e-20
1.606186642090347596e+04 4.195229694629662703e-20 1.445801050116068769e-20
1.606816492789139375e+04 3.942120977667131568e-20 1.380378746179185619e-20
1.607446338497967736e+04 7.177266009286665667e-21 1.277329341648903449e-20
1.608076179212284842e+04 2.335072218297131450e-20 1.368894886716445266e-20
1.608706014930788660e+04 3.039780493006212407e-20 1.390173737151455471e-20
1.609335845649316070e+04 3.798414003951844662e-20 1.449300162764603297e-20
1.609965671366180140e+04 4.196808267270001468e-20 1.536000991006267846e-20
1.610595492077946983e+04 2.573780873662372224e-20 1.410397191774952089e-20
1.611225307782951495e+04 2.842883249875561500e-20 1.352258846970947198e-20
1.611855118477352880e+04 3.297919455781133072e-20 1.450312133689923214e-20
1.612484924159151524e+04 4.002588304409271569e-20 1.448805909274688459e-20
1.613114724824469340e+04 2.897479893845641462e-20 1.421509196841842071e-20
1.613744520472064323e+04 1.895670433764545101e-20 1.472206924368631445e-20
1.614374311098036560e+04 2.193207587079369444e-20 1.364213916584189940e-20
1.615004096700409536e+04 6.024933257774640123e-20 1.432766165725383699e-20
1.615633877276036219e+04 3.632186867069895315e-20 1.452193442976049505e-20
1.616263652821798678e+04 2.452676671990681289e-20 1.389392983586758262e-20
1.616893423335685475e+04 9.800637532911923086e-21 1.508388112055350616e-20
1.617523188813803245e+04 1.990184322339574209e-20 1.253718941337200247e-20
1.618152949254533087e+04 1.624320487443419717e-20 1.296422309600152494e-20
1.618768559821357485e+04 2.690145429276095071e-20 1.484362701603008711e-20
1.619398308819078920e+04 5.289069737318987786e-20 1.573271764202344850e-20
1.620028052762685729e+04 2.646451690722598467e-20 1.481643970532586119e-20
1.620657791658047609e+04 3.221488128934481276e-20 1.373506776448768317e-20
1.621287525502071367e+04 3.861284185546465829e-20 1.408153680236744506e-20
1.621917254291209247e+04 3.013688885033678032e-20 1.339261466427430019e-20
1.622546978022373514e+04 2.895988005667832061e-20 1.313725624717369201e-20
1.623176696693844315e+04 6.167657995328638065e-20 1.406936435403124698e-20
1.623806410303225312e+04 4.676785360563742367e-20 1.411281582426132309e-20
1.624436118847013131e+04 1.950344480294685683e-20 1.517158488145728394e-20
1.625065822321686755e+04 3.381460454395505577e-20 1.500376301385432095e-20
1.625695520725930328e+04 2.370855893666971690e-20 1.358046616941903375e-20
1.626325214055846845e+04 3.701126395136326289e-20 1.314612803459553486e-20
1.626954902309041427e+04 5.680431200976010278e-20 1.380716847352059141e-20
1.627584585483071351e+04 1.794624222086657573e-20 1.269072217859321773e-20
1.628214263574422148e+04 3.040227832248042983e-20 1.309385455879191870e-20
1.628843936580685295e+04 2.959265329183768862e-20 1.297233993510734362e-20
1.629473604499388784e+04 4.297256555356122122e-20 1.340729595887172282e-20
1.630103267327058165e+04 2.230391210290356950e-20 1.333222189637213096e-20
1.630732925061218884e+04 6.687574431345656151e-21 1.328095669134357517e-20
1.631362577705635340e+04 3.712843018539944745e-20 1.400344572398221358e-20
1.631978051685381251e+04 2.454629093981773279e-20 1.263691148143174610e-20
1.632607692753574338e+04 5.129178466137130679e-20 1.424031537456348444e-20
1.633237328716608135e+04 5.911930414175714061e-20 1.389426341831464669e-20
1.633866959572392443e+04 4.304580871884461136e-20 1.311535707365611424e-20
1.634496585317763129e+04 5.339885786879913319e-20 1.330662118971996810e-20
1.635126205949540781e+04 5.133871041015615632e-20 1.250192219859910100e-20
1.635755821465640474e+04 5.905919384344382644e-20 1.308911039918456087e-20
1.636385431863287340e+04 3.995712766844707349e-20 1.331344921643776272e-20
1.637015037138122716e+04 2.690700144732550225e-20 1.267996317629336541e-20
1.637644637289992352e+04 4.261019517814875804e-20 1.372104762153861793e-20
1.638274232313815264e+04 3.456537020100198257e-20 1.320071089591138237e-20
1.638903822207134363e+04 3.015074207762836349e-20 1.392386433995583569e-20
1.639533406967535484e+04 3.029018659941904078e-20 1.226355296506164890e-20
1.640162986592527523e+04 6.516641292803801963e-20 1.332286023775033381e-20
1.640792561078947620e+04 1.636920625862585612e-20 1.351599209339045652e-20
1.641422130424332863e+04 1.724828851857249708e-20 1.325764526921408678e-20
1.642051694625090386e+04 1.086921755881051438e-20 1.273646710031481304e-20
1.642681253678798748e+04 2.276970954705505548e-20 1.299131868574138461e-20
1.643310807583333008e+04 2.305605756859626060e-20 1.236413776874769329e-20
1.643940356334769967e+04 7.429951592622932878e-20 1.277728778475718908e-20
1.644569899930254542e+04 7.884854563579922568e-20 1.367829274127575602e-20
1.645199438366945469e+04 3.324462548454900227e-20 1.419439511965223540e-20
1.645828971643543628e+04 -6.986166420991377845e-21 1.292547693848389944e-20
1.646458499755268349e+04 9.225566011781294751e-21 1.400083726400079062e-20
1.647088022700078727e+04 3.807464442828441575e-20 1.336575796884714606e-20
1.647717540475491478e+04 5.151740145970203243e-20 1.222881364938073251e-20
1.648347053078655881e+04 5.729344380864865139e-20 1.284093640822633681e-20
1.648976560506370515e+04 3.878605583635861441e-20 1.313190538758275928e-20
1.649606062754219238e+04 2.005963143235232334e-20 1.313781073675637099e-20
1.650235559821674542e+04 5.538344533816411432e-20 1.332737530307449294e-20
1.650865051705864971e+04 4.064150012901261642e-20 1.321925709176684567e-20
1.651494538402787293e+04 4.367273606236487387e-20 1.389843475241035527e-20
1.652124019910375137e+04 7.404917985598479917e-21 1.397862897412504183e-20
1.652753496224582705e+04 -1.089439700946404222e-20 1.280089455549666984e-20
1.653382967344111967e+04 2.554643372736393704e-20 1.336996870960818828e-20
1.654012433264563515e+04 5.161884785920519450e-20 1.442311108547114159e-20
1.654641893984586568e+04 2.011577957632916791e-20 1.445833945205767041e-20
1.655271349500200085e+04 5.414730465409770210e-20 1.409817664576320737e-20
1.655900799809261662e+04 3.452870784225709386e-20 1.406695410510043346e-20
1.656530244908548775e+04 3.507828585087280579e-20 1.316041895594494778e-20
1.657159684795188150e+04 2.927207507722328677e-20 1.460573800161845403e-20
1.657789119466284319e+04 4.815423226734879199e-20 1.367426831996963602e-20
1.658418548918230954e+04 4.825121142843440810e-20 1.344410458211313471e-20
1.659047973149650716e+04 6.115026663123811283e-20 1.311637973161379839e-20
1.659677392156147835e+04 1.212598989927505706e-20 1.361863189341086941e-20
1.660306805936386809e+04 5.923377833313493760e-20 1.334653120674479912e-20
1.660936214486301833e+04 7.141383084711069648e-20 1.466299164769327410e-20
1.661565617804197609e+04 5.806228980643895866e-20 1.521425744204391952e-20
1.662195015885629982e+04 4.535272072686138214e-20 1.347436203604033284e-20
1.662824408728865819e+04 4.559400944058021760e-20 1.411662867211156359e-20
1.663453796330654222e+04 3.786676659173852402e-20 1.475579336070333335e-20
1.664083178688059343e+04 4.793223399572656511e-20 1.522010363802845054e-20
1.664712555798228641e+04 2.408456020714095959e-20 1.493900838537054675e-20
1.665341927658256100e+04 4.132656740255382996e-20 1.443817728736438888e-20
1.665971294265229881e+04 3.045429544137702284e-20 1.467561807220695982e-20
1.666600655616281438e+04 7.341457261174548212e-20 1.618222224449285760e-20
1.667230011708475649e+04 5.908109225252116730e-20 1.556819684917457308e-20
1.667859362538933783e+04 4.231431244477594117e-20 1.469673541465632094e-20
1.668488708105143814e+04 2.187214672355658057e-20 1.439064138576003220e-20
1.669118048403395369e+04 3.424524858228510664e-20 1.415329237755483788e-20
1.669747383431202979e+04 1.016990197875425240e-21 1.411778316361889136e-20
1.670376713185636618e+04 3.187799231266466505e-20 1.597357878720186635e-20
1.671006037663785537e+04 2.948425836406180236e-20 1.464459305632312872e-20
1.671635356863533525e+04 -5.905973879736084972e-21 1.380575675159045863e-20
1.672264670780392771e+04 4.636136677891064981e-20 1.368922834069611917e-20
1.672879713190043549e+04 2.532960595093587555e-20 1.491075850578829328e-20
1.673509015704846024e+04 3.042583176922321268e-20 1.462332507324521407e-20
1.674138312387765836e+04 1.320104537271460036e-20 1.386487893448811725e-20
1.674767603769750713e+04 2.697296423793014699e-20 1.473583821366297863e-20
1.675396889854897745e+04 1.562581283713330118e-20 1.482155981661804410e-20
1.676026170640287819e+04 1.753596029650550538e-20 1.558385288298462185e-20
1.676655446123397996e+04 5.818615794886639071e-20 1.491382447834269278e-20
1.677284716301257504e+04 4.292131257646274631e-20 1.504758000592413012e-20
1.677913981169831459e+04 3.494467450706055458e-20 1.505561669454572350e-20
1.678543240727691591e+04 3.582780025126294672e-20 1.528650499348858176e-20
1.679172494970742628e+04 -1.134036565863888158e-20 1.468785566301235549e-20
1.679801743896082917e+04 -2.105528048839275924e-20 1.483488854223517953e-20
1.680430987501891286e+04 3.324392453156238254e-20 1.567627591034463746e-20
1.681060225784084469e+04 3.031891829374699243e-20 1.537620309862783933e-20
1.681689458739745169e+04 3.276018104308921503e-20 1.457189513998263948e-20
1.682318686367038390e+04 9.446707448160517698e-21 1.466480826980673035e-20
1.682947908662272675e+04 3.006310838287405543e-20 1.568519939340188064e-20
1.683577125621750383e+04 2.694750603256646184e-20 1.441815421403338853e-20
1.684206337243625967e+04 -2.803131639460294005e-21 1.512324934296505660e-20
1.684835543532092925e+04 1.135540161321942142e-20 1.492817476256972956e-20
1.685450451229977261e+04 9.874611917666964550e-21 1.427936285051936590e-20
1.686079645441259345e+04 9.433433061525340996e-21 1.496810961408576501e-20
1.686708834302660034e+04 4.183466262252604849e-20 1.556309368941847838e-20
1.687338017810809833e+04 4.398760051160470040e-20 1.475917171579289815e-20
1.687967195963524864e+04 4.800182582603701856e-20 1.543702450133377340e-20
1.688596368757475284e+04 4.694650862111300944e-20 1.453087004365939002e-20
1.689225536189273771e+04 3.530771623503117469e-20 1.458188485647782277e-20
1.689854698256752454e+04 1.877026407108996963e-20 1.429401953093683765e-20
1.690483854956566211e+04 2.413909444438704108e-20 1.403765239071877042e-20
1.691113006285309530e+04 2.248661139343145251e-20 1.470768768842743075e-20
1.691742152241622898e+04 4.302678602913324940e-20 1.609286507541154726e-20
1.692371292820161761e+04 2.397353786563044935e-20 1.388315533592473503e-20
1.693000428019499668e+04 3.611326323141363455e-20 1.389174661013333501e-20
1.693629557836692038e+04 4.816254692274126866e-20 1.546929576774766635e-20
1.694258682267957192e+04 2.049322577165497466e-20 1.437576648904465234e-20
1.694887801310692157e+04 1.734349290617704537e-20 1.405119219260892276e-20
1.695516914961942166e+04 3.661108407506087395e-20 1.437772470783957244e-20
1.696146023219887866e+04 9.079739046491772618e-21 1.402389664951818662e-20
1.696775126078373069e+04 1.158432810795563104e-20 1.409944073083182481e-20
1.697404223537599682e+04 6.336681955314970440e-20 1.426756907019226492e-20
1.698033315592960207e+04 1.650424032142879130e-20 1.406657092755644317e-20
1.698662402241476957e+04 1.763517718929368284e-20 1.436704682456654767e-20
1.699291483481759133e+04 1.360944123381363598e-20 1.471138754246360754e-20
1.699920559308384691e+04 5.577725367677723959e-20 1.514333076887991613e-20
1.700549629720774828e+04 2.764406186658380231e-20 1.465765596903919344e-20
1.701178694713540972e+04 1.974790776020580709e-20 1.447547491798763535e-20
1.701807754285241390e+04 4.148688353867818635e-20 1.554431873856363783e-20
1.702436808432904945e+04 6.383141519916584289e-21 1.457424481997781570e-20
1.703065857153517936e+04 2.538589683192608551e-20 1.554842086081490457e-20
1.703694900444052473e+04 3.064615039818494803e-20 1.422921455153472572e-20
1.704323938299929068e+04 1.373237128754678975e-20 1.419895803909110149e-20
1.704952970718918368e+04 2.027595002232083217e-20 1.434391528144473456e-20
1.705581997699597923e+04 4.080281913209484247e-20 1.466717404199809551e-20
1.706211019237373330e+04 2.816260186131386947e-20 1.418277354229296978e-20
1.706840035329609600e+04 1.778318727860244475e-20 1.405485945707490288e-20
1.707469045973685934e+04 1.899017709802565855e-20 1.429019754482431069e-20
1.708098051164999197e+04 2.506363156381640138e-20 1.474459638460138831e-20
1.708727050902902556e+04 3.417079621330566369e-20 1.450977501285680887e-20
1.709356045184384857e+04 5.144302466088616603e-20 1.525629256100373195e-20
1.709985034002820612e+04 2.231732967220471286e-20 1.458057178306975529e-20
1.710614017358761339e+04 3.097146678983085675e-20 1.421164163877628299e-20
1.711242995247590079e+04 3.695973222088564838e-20 1.386435422000474215e-20
1.711871967666685305e+04 1.634669996945858165e-20 1.319414403086209971e-20
1.712500934613380741e+04 6.191566398791204857e-20 1.472065963135359980e-20
1.713129896083054700e+04 4.648405591791329724e-21 1.541951839590119019e-20
1.713758852075493996e+04 5.339513200877177233e-20 1.600113307762293154e-20
1.714387802585608006e+04 8.421879176470510128e-21 1.341490285987938421e-20
1.715016747611999017e+04 2.031045878429665974e-20 1.407244291797138096e-20
1.715645687147996068e+04 3.726574395675002771e-20 1.448744814926167425e-20
1.716274621194143765e+04 4.327274290473003259e-20 1.443715381588572155e-20
1.716903549745814598e+04 3.786871678365790295e-20 1.481242965072724401e-20
1.717532472801171025e+04 6.175098664170595536e-20 1.413981675137978823e-20
1.718161390355509866e+04 4.060115273607504690e-20 1.453572955272576782e-20
1.718790302407022318e+04 7.032487117481520419e-20 1.372206122203258316e-20
1.719419208952652843e+04 3.979421932863352731e-20 1.378115765586231624e-20
1.720048109988904980e+04 2.032393056816193545e-20 1.451112285826267550e-20
1.720677005511941388e+04 2.006860822228502256e-20 1.421190855182626468e-20
1.721305895519912519e+04 2.540610158820876444e-20 1.386437639294487091e-20
1.721934780009726092e+04 6.516778606402930170e-20 1.463103093293956360e-20
1.722563658977127488e+04 5.642151415881081406e-20 1.324554288430867208e-20
1.723192532419861163e+04 4.406983732774902711e-20 1.276951545684676212e-20
1.723807019805267919e+04 4.834765676380806348e-20 1.484802754143611270e-20
1.724435880811449169e+04 6.959513721316980848e-20 1.489688333763599962e-20
1.725064736274772440e+04 5.791854589885957825e-20 1.368460021050259634e-20
1.725693586200969003e+04 2.537725591999802639e-20 1.396627063977461029e-20
1.726322430587391500e+04 2.965856899264405158e-20 1.466316404050705372e-20
1.726951269429786771e+04 3.609553979633454671e-20 1.446115398212729239e-20
1.727580102726236510e+04 3.910156731213006326e-20 1.375989802219199697e-20
1.728208930474860972e+04 5.096715472789852523e-20 1.420781833835963850e-20
1.728837752669420661e+04 3.137887142939179651e-20 1.486446940883480416e-20
1.729466569308742328e+04 2.798629209119319151e-20 1.369534598065468938e-20
1.730095380388606281e+04 2.917933452147336483e-20 1.325419764576546997e-20
1.730724185907499850e+04 6.616476440469427233e-21 1.357974618417872072e-20
1.731352985861518391e+04 5.952063349679083309e-20 1.473610585597457012e-20
1.731981780247597271e+04 3.621990646362841049e-20 1.469422971262546562e-20
1.732610569063808362e+04 5.799818423561090932e-20 1.409288972737165317e-20
1.733239352303864143e+04 2.926022320945742221e-20 1.518030118285807594e-20
1.733868129967443383e+04 3.584436679677605161e-20 1.325757524092796643e-20
1.734496902057151965e+04 3.454760358860803979e-20 1.380636444423444257e-20
1.735125669108809234e+04 6.458068820238133545e-20 1.506862942785185440e-20
1.735740022560854413e+04 3.634396201741779244e-20 1.436989150164108910e-20
1.736368776495588827e+04 2.526483968293483791e-20 1.442516362391227857e-20
1.736997524836573939e+04 4.384194471816405108e-20 1.384954703599494886e-20
1.737626267581516004e+04 3.139454684795604072e-20 1.338855053510809195e-20
1.738255004727320193e+04 4.759040032075438450e-20 1.532512032066074098e-20
1.738883736270857844e+04 3.893013641760054414e-20 1.375733236449655987e-20
1.739512462209821388e+04 2.062774016656957283e-20 1.294578532381237096e-20
1.740141182540290174e+04 4.397127399269208522e-20 1.434698221353089237e-20
1.740769897258308265e+04 4.355063710519857179e-20 1.348634811322308879e-20
1.741398606361552083e+04 3.740134364525549712e-20 1.306484878750981528e-20
1.742027309846923526e+04 1.210318925659921016e-20 1.310812028851592185e-20
1.742656007712121936e+04 -1.136422905842175573e-20 1.308377837707172927e-20
1.743284699953567542e+04 2.874269222418318134e-20 1.380912991503048410e-20
1.743913386566505505e+04 3.881127387173106228e-20 1.321858378582489437e-20
1.744542067549042986e+04 4.759662972946146671e-20 1.256958651229469180e-20
1.745170742898011667e+04 2.096833364207944635e-20 1.347678700487519747e-20
1.745799412611128719e+04 4.794844144414985123e-20 1.393575175034489945e-20
1.746428076684842017e+04 3.680677674082354901e-20 1.359287470953386058e-20
1.747056735114326511e+04 -1.386154852835712547e-20 1.416409041267338385e-20
1.747685387898523186e+04 2.767805611222059044e-20 1.375889541030454192e-20
1.748314035032633910e+04 5.732252837593111150e-20 1.439061432432153853e-20
1.748942676515158746e+04 2.309914888528049651e-20 1.372819386399241368e-20
1.749571312342110832e+04 3.424627690574221593e-20 1.250394158648574790e-20
1.750199942509938046e+04 4.856469685907772246e-20 1.301937509099676451e-20
1.750828567015895533e+04 1.544312357485279354e-20 1.270280132164066226e-20
1.751457185856807700e+04 -2.212582870884083422e-21 1.288212355500244692e-20
1.752085799030792259e+04 3.085525242304105295e-20 1.421159730737592515e-20
1.752714406532185239e+04 5.295344403388153983e-21 1.336013624445536072e-20
1.753343008358622319e+04 3.237961132953110960e-20 1.353251041861065812e-20
1.753971604509063764e+04 4.252392372610563419e-20 1.378703665707259806e-20
1.754600194976995772e+04 3.906203733035929842e-20 1.340933576184063707e-20
1.755228779762154954e+04 2.927705605288445794e-20 1.389461000235849837e-20
1.755857358859709348e+04 4.331241520707247353e-20 1.365828504023674831e-20
1.756485932266914460e+04 7.147011261645917273e-20 1.499748070929108842e-20
1.757114499979742322e+04 8.656287492559899437e-21 1.360233640468301621e-20
1.757743061997946279e+04 4.407732271304867437e-20 1.345972852920966612e-20
1.758371618315010346e+04 3.750143225990580688e-20 1.394884098792103254e-20
1.759000168928588391e+04 4.530530759684693591e-20 1.404689895149286112e-20
1.759628713836310635e+04 3.593016851892222780e-20 1.385708206357223791e-20
1.760257253035443500e+04 2.384550245846960109e-20 1.304539595762260307e-20
1.760885786521536647e+04 2.418216341273378018e-20 1.468782123962291659e-20
1.761514314290533002e+04 5.163765855554290681e-20 1.453013626701307732e-20
1.762142836342208466e+04 3.497522174076484546e-20 1.335044511627648327e-20
1.762771352670005581e+04 4.910669769457308903e-20 1.351577985960733836e-20
1.763399863274506424e+04 1.908792195720461867e-20 1.342462359233111838e-20
1.764028368148716618e+04 3.674795417469392937e-20 1.380002286182175016e-20
1.764656867292408060e+04 3.844896509010640045e-20 1.384501278361927797e-20
1.765285360699420198e+04 2.415869918642563463e-20 1.325725371784316589e-20
1.765913848371169661e+04 1.916815456622822876e-20 1.265055788838874426e-20
1.766542330298565503e+04 2.877864463562825354e-20 1.315657590052366053e-20
1.767170806482625630e+04 7.644732550770951282e-20 1.471643994622315842e-20
1.767799276917578027e+04 3.565822726856809799e-20 1.425289393526874471e-20
1.768427741604460971e+04 1.974970797436376348e-20 1.374926344592581416e-20
1.769056200534987147e+04 1.002240945053660846e-20 1.390873970090592430e-20
1.769684653709320264e+04 5.206366921117150834e-20 1.530351911474074012e-20
1.770313101119989733e+04 3.131839557126179110e-20 1.387484608687698386e-20
1.770927054886192127e+04 5.383383702049366394e-20 1.460942931502365103e-20
1.771555489376368860e+04 5.616707031822890171e-20 1.308044041582397058e-20
1.772183918091329542e+04 2.690688323411506260e-20 1.262543065516553545e-20
1.772812341030985772e+04 4.306365938368905645e-21 1.554129095839308895e-20
1.773440758196157913e+04 3.392150121051931897e-20 1.403998725052963931e-20
1.774069169577911453e+04 -3.299535129253032324e-21 1.375843590044439688e-20
1.774697575418792985e+04 3.765917884294372296e-20 1.459491381810416390e-20
1.775325995491308640e+04 5.239385638297045834e-20 1.481224113340566892e-20
1.775954411613191405e+04 4.646877850905815007e-20 1.496863407930854896e-20
1.776582821959587454e+04 3.229031034882368308e-20 1.444049884464091147e-20
1.777211226509463449e+04 2.122433331809158585e-20 1.400048143257148289e-20
1.777839625260802131e+04 1.862948085577734824e-20 1.345639675473706420e-20
1.778468018206640772e+04 4.867837958115176712e-20 1.482283202468552572e-20
1.779096405346582833e+04 3.901577430494947968e-20 1.424985508122051745e-20
1.779724786676208532e+04 6.448895077184922434e-20 1.496182978278562536e-20
1.780353162194280958e+04 3.603167350930916222e-20 1.512358139405314655e-20
1.780981531892600469e+04 4.695514727887450459e-20 1.483588315247199396e-20
1.781609895781033265e+04 4.808264182622855097e-20 1.463285840397780155e-20
1.782223740274554439e+04 1.766787697451897176e-20 1.403058449496229842e-20
1.782852091105277577e+04 3.014734458581640594e-20 1.401553744824705576e-20
1.783480436108950016e+04 2.116542346784494496e-20 1.397795963690439247e-20
1.784108775277615860e+04 3.167944417046477074e-20 1.321507150605814213e-20
1.784737108611443909e+04 3.460261956844818835e-20 1.375463734834170328e-20
1.785365436103720640e+04 3.080224561377228930e-20 1.398926918028716102e-20
1.785993757756321429e+04 3.403469747548273216e-20 1.292959959126499292e-20
1.786622073564280799e+04 2.855915817318724425e-20 1.314153940198934129e-20
1.787250383517870068e+04 4.367408076146730326e-20 1.322618627446327178e-20
1.787878687622820871e+04 3.857425108974053622e-20 1.456422667608261689e-20
1.788506985869850541e+04 3.598132988857000641e-20 1.368905176089059574e-20
1.789135278259991537e+04 5.876955223564373816e-20 1.371588596625224659e-20
1.789763564787371070e+04 4.437301298850288342e-20 1.345381291374923735e-20
1.790391845447389278e+04 3.565881238963050289e-20 1.404182030351909972e-20
1.791020120240670076e+04 1.846485561806144305e-20 1.467409917378808339e-20
1.791648389158742430e+04 1.364853294860044371e-20 1.346477901655847177e-20
1.792276652205210485e+04 1.336084639549319873e-20 1.365058036027242023e-20
1.792904909372463953e+04 1.557434341947821122e-20 1.224926242733747832e-20
1.793533160654196763e+04 2.392479712541829137e-20 1.349979188905994495e-20
1.794161406054461986e+04 4.485083854921869962e-20 1.256254137608419831e-20
1.794789645564743478e+04 2.720771631184509893e-20 1.476416708327280671e-20
1.795417879180462114e+04 5.844818645057545505e-20 1.380161062019308490e-20
1.796046106903081818e+04 2.106967426442981457e-20 1.337980535308394584e-20
1.796674328729729677e+04 2.514341307279442379e-21 1.348056413741462557e-20
1.797302544649707124e+04 4.843592312957005176e-21 1.468087957588759376e-20
1.797930754667099609e+04 6.498784622018583347e-20 1.351150845440533665e-20
1.798558958778165106e+04 3.731143314821085745e-20 1.241546389962520562e-20
1.799187156972632874e+04 5.771302382706196579e-20 1.484956045787694104e-20
1.799815349254559260e+04 4.017733252807080547e-20 1.413783858957790163e-20
1.800443535620216426e+04 2.944642358369021466e-20 1.375637042933895964e-20
1.801071716059325627e+04 3.777580137176191049e-20 1.263446739576613115e-20
1.801699890575937752e+04 6.100402925655128195e-20 1.433908276923616729e-20
1.802328059166304956e+04 2.560710820910497774e-20 1.342550872523732326e-20
1.802956221820145220e+04 5.843080862530602573e-20 1.446377409772586540e-20
1.803584378543275307e+04 2.642782483401733711e-20 1.415795018091728062e-20
1.804212529326676668e+04 4.004883061945952256e-20 1.348451091778395424e-20
1.804840674165291421e+04 1.463841238506842746e-20 1.526328758710467823e-20
1.805468813063205016e+04 3.298491721092857581e-20 1.416322500246553706e-20
1.806096946011406180e+04 1.434901503610218978e-20 1.305377153550590358e-20
1.806725073004784281e+04 3.243325005211033584e-20 1.410005377039373293e-20
1.807353194048323348e+04 1.694448602073403966e-20 1.327341407342446516e-20
1.807981309130377485e+04 6.438358584736992506e-20 1.383678344779981635e-20
1.808609418250658200e+04 2.791933964896547875e-20 1.391599295415255247e-20
1.809237521406670567e+04 3.563437429693855191e-20 1.340804815051058128e-20
1.809865618593780164e+04 1.918968147879810372e-20 1.340267961584427360e-20
1.810493709809508073e+04 2.857724239791462776e-20 1.312011931537978637e-20
1.811121795049180218e+04 1.353055010815861763e-20 1.310794110574994395e-20
1.811749874311179519e+04 2.944735286536010801e-20 1.373214529383236259e-20
1.812377947592609780e+04 2.465620115360482183e-20 1.306647260631725579e-20
1.813006014886598132e+04 3.971546159101865726e-20 1.384875429694482844e-20
1.813634076190650740e+04 5.681901273024347266e-20 1.318348024548990717e-20
1.814262131507103550e+04 3.355089049220036439e-20 1.396252436716330294e-20
1.814890180826335927e+04 3.377610143433332809e-20 1.442271839212784516e-20
1.815503633224717123e+04 5.910956401963814865e-20 1.413011338463985459e-20
1.816131669143814361e+04 -2.914783397703183151e-21 1.438057324168770294e-20
1.816759699049012124e+04 -9.166822747694864282e-21 1.429920860023874851e-20
1.817387722947361544e+04 1.485277446420951852e-20 1.406926434983858363e-20
1.818015740830803406e+04 5.752682167057271808e-21 1.488390677943271675e-20
1.818643752697682430e+04 2.675177175724353422e-20 1.397252630912670352e-20
1.819271758549709921e+04 2.233522764475169611e-20 1.349511242656035246e-20
1.819899758376294631e+04 4.389516679661129379e-20 1.391845460804810393e-20
1.820527752177829461e+04 1.207582056026499259e-20 1.392113124247065765e-20
1.821155739949239796e+04 3.193220398057423267e-20 1.339453283427835762e-20
1.821783721687155776e+04 3.319307965147321541e-20 1.387270087035823594e-20
1.822411697392875794e+04 4.528189229090320505e-22 1.312365828683688708e-20
1.823039667056181133e+04 2.904970872807332840e-20 1.329723360139950730e-20
1.823667630676628687e+04 3.608366399526389705e-20 1.360534399325358291e-20
1.824295588251683148e+04 5.118794297466292158e-20 1.494228918339733888e-20
1.824923539776273901e+04 2.802667751847151244e-20 1.579632548268840922e-20
1.825551485256722299e+04 4.082186581707020815e-20 1.394589028153995610e-20
1.826179425229389744e+04 1.992155535044360467e-20 1.428652275699896429e-20
1.826792741763566664e+04 -7.729756059048907201e-22 1.397389243477497028e-20
1.827420667646682341e+04 3.443258367348239798e-20 1.416370393378693470e-20
1.828048587462111027e+04 1.745903607535320489e-20 1.332353593075422487e-20
1.828676501209550042e+04 1.242122926451921139e-20 1.333273030014227496e-20
1.829304408882906864e+04 3.510805833446232807e-20 1.271768454650650172e-20
1.829932310479645457e+04 4.643053103571236416e-20 1.334327564969869081e-20
1.830560205993691488e+04 5.427999484067246904e-20 1.356918701236916525e-20
1.831188095424737548e+04 3.153059811812014466e-20 1.343551230931312512e-20
1.831815978769801950e+04 1.805589284740037626e-20 1.449835654507064893e-20
1.832443856022764885e+04 -1.089535975841632284e-20 1.324477291013452324e-20
1.833071727183791154e+04 1.060242730171016336e-20 1.253292383694043786e-20
1.833699592244984524e+04 4.558951486965261076e-20 1.366555700686837806e-20
1.834327451206480691e+04 1.569666280647197188e-20 1.390156427780782148e-20
1.834955304062142750e+04 6.396730091457225001e-20 1.471308205765278390e-20
1.835583150809447034e+04 3.380005198454924408e-20 1.440448605336419976e-20
1.836210991447192646e+04 1.997444424325089968e-20 1.398755524099336914e-20
1.836838825969700702e+04 1.258303987221930597e-20 1.492647001899209981e-20
1.837466654375301005e+04 3.233917020456099556e-21 1.414924585430345555e-20
1.838094476656076586e+04 1.179494325215560015e-20 1.262958676169562986e-20
1.838722292814860702e+04 2.855589462462687979e-20 1.364207237984712536e-20
1.839350102842821434e+04 5.105451983439726531e-20 1.432468144156682629e-20
1.839977906739188984e+04 2.276515597727258801e-20 1.335729299439220636e-20
1.840605704500050706e+04 -5.247685970800302010e-21 1.294281324815398764e-20
1.841233496122415090e+04 4.520864835516287355e-21 1.377660468093397951e-20
1.841861281603723910e+04 4.371167993866703702e-22 1.364152521033438987e-20
1.842489060936917303e+04 1.198339574618614353e-20 1.306571248749843768e-20
1.843116834122555520e+04 -3.164325823147365275e-21 1.302765347126074786e-20
1.843744601153595431e+04 -7.011628819563170007e-21 1.304583512398413858e-20
1.844372362030622389e+04 2.208435985415543359e-20 1.365115999417586434e-20
1.845000116746560889e+04 2.875628545697733300e-20 1.364878503425574631e-20
1.845627865299730183e+04 3.349077957567283671e-20 1.364647253948087897e-20
1.846255607685301584e+04 2.543250586723436746e-20 1.391604015966846319e-20
1.846883343901163971e+04 8.948761838438719604e-20 1.402976801288870868e-20
1.847511073944289456e+04 5.146834483639542604e-20 1.341838117639927048e-20
1.848138797808488016e+04 2.121286075388979216e-20 1.257582462950525627e-20
1.848766515494315900e+04 2.484437749031055711e-20 1.247952896966133761e-20
1.849394226994697601e+04 -2.153442136257715205e-21 1.333293266898726092e-20
1.850021932308407122e+04 3.695928556091060519e-20 1.491890634544914592e-20
1.850649631429236615e+04 6.134267845038832634e-20 1.406718569207168907e-20
1.851277324358663463e+04 4.892749651501026004e-20 1.432284370178039218e-20
1.851905011087303501e+04 5.054746396813104527e-21 1.392499499984862296e-20
1.852532691616205193e+04 2.901300503005344529e-20 1.382564283995370522e-20
1.853160365938695759e+04 1.365850690264223718e-20 1.398972459498780501e-20
1.853788034053085721e+04 6.220973674136037601e-20 1.373414531792442074e-20
1.854415695955398405e+04 2.412987223732260218e-19 1.694235590692259526e-20
1.855043351642147172e+04 2.890188280196921660e-19 1.780455060212578928e-20
1.855671001109826102e+04 1.454108928548149590e-19 1.424787003210736970e-20
1.856298644356743898e+04 2.398415666357790993e-20 1.371245065309128990e-20
1.856926281373925303e+04 1.280579048927106729e-20 1.419156022012014509e-20
1.857539223097219656e+04 2.538410350228113744e-20 1.465506746079516098e-20
1.858166846794700541e+04 5.751507495362494283e-20 1.460644892653252491e-20
1.858794463705831731e+04 1.857404072283332297e-20 1.554766820222362864e-20
1.859422074367841196e+04 4.409722284959158254e-20 1.520734409768479954e-20
1.860049678788636447e+04 8.739687063660732559e-20 1.474031291862822857e-20
1.860677276959449227e+04 1.236147757040851915e-19 1.638812294686103882e-20
1.861304868881126094e+04 7.459958622646246678e-20 1.515555697267174001e-20
1.861932454547538146e+04 3.815209381890921728e-20 1.276894125762029811e-20
1.862560033956883126e+04 6.062148362503726779e-20 1.425526616226108247e-20
1.863187607103874689e+04 3.752721839825724902e-20 1.460189227522904750e-20
1.863815173986716763e+04 8.243885503715628419e-20 1.473516933477354553e-20
1.864442734600139374e+04 8.178109527917527212e-20 1.532210566134735378e-20
1.865070288942345724e+04 9.663707244993083968e-21 1.633492722122580960e-20
1.865697837008046918e+04 3.499767239302780666e-20 1.471522860891248645e-20
1.866325378795428696e+04 9.706058219283696956e-21 1.522030783190294062e-20
1.866952914299213080e+04 3.760224397162890769e-20 1.402438758222122126e-20
1.867580443525288865e+04 5.358780164762045648e-20 1.556117549785316879e-20
1.868207967009974163e+04 3.876959324380400134e-20 1.479938526606150482e-20
1.868820769063489570e+04 5.717535219744043272e-20 1.458138845308231772e-20
1.869448277981142019e+04 4.050557419037758671e-20 1.446629103156288139e-20
1.870075780600903454e+04 2.054883210413396952e-20 1.446120585941047531e-20
1.870703276914630260e+04 2.590369159688178046e-20 1.390895779749688032e-20
1.871330766921978284e+04 3.660872747575356079e-20 1.414489975313242155e-20
1.871958250617541125e+04 1.887218651243231847e-20 1.437195598272195856e-20
1.872585727998201401e+04 -1.217870259718984403e-20 1.451791446128722146e-20
1.873213199059463659e+04 1.482102884117147955e-20 1.472629734033726206e-20
1.873840663800534094e+04 4.329453033884365332e-20 1.475084620038929791e-20
1.874468122215531912e+04 5.818139154020312841e-20 1.412600002467484772e-20
1.875095574299958753e+04 -1.045628717768677316e-20 1.361615900371159176e-20
1.875723020054379231e+04 4.391322238966157699e-20 1.459993488882871397e-20
1.876350459468742338e+04 5.301765189491866178e-20 1.489885555600098822e-20
1.876977892546407747e+04 2.573256010797594518e-20 1.458993716153619736e-20
1.877605319278242314e+04 2.409811442835435879e-20 1.457838271571521935e-20
1.878232739664820110e+04 1.392533901565304632e-20 1.436253957436741371e-20
1.878860153698843715e+04 2.689087653739131500e-20 1.570041637015761015e-20
1.879487561380411353e+04 -3.431960626590894686e-21 1.505990488454213275e-20
1.880114962703168931e+04 -4.820876742916102458e-21 1.976705158679238579e-20
