1.698934517286611663e+04 1.704858458076736681e-19 1.135438159554901946e-19
1.700001984714896025e+04 7.825571479795631848e-21 2.873372466018250949e-21
1.701069447279593078e+04 3.209956797099128174e-21 2.607043382930962696e-21
1.702136904978423263e+04 2.206508199234212781e-21 2.957842062591858303e-21
1.703204357809112844e+04 -4.247128503878718280e-21 2.728344005071785284e-21
1.704271805769333878e+04 3.074614860072936166e-21 2.876186948938343877e-21
1.705339248856918493e+04 1.030333611580045148e-20 2.871882754958255029e-21
1.706406687069427062e+04 9.623207609214882357e-21 3.141991694254683032e-21
1.707474120404746282e+04 6.228676545944906849e-21 2.942978577608400356e-21
1.708541548860597322e+04 3.740447258057032252e-21 2.768694890854093795e-21
1.709608972434543102e+04 2.212514690268940356e-21 2.938664413400563503e-21
1.710676391124572910e+04 -2.007651554350801517e-21 2.983036106946926821e-21
1.711743804928085592e+04 1.149617725165005120e-20 2.673279631839043447e-21
1.712811213843072619e+04 2.923958487761824728e-22 2.760068228658119811e-21
1.713878617867091816e+04 1.915712413868121374e-22 2.833292710578150725e-21
1.714946016997757397e+04 -9.180174890863314621e-22 2.782479507173556158e-21
1.716013411233219085e+04 3.245728852551927636e-21 2.950189267431782924e-21
1.717080800570767315e+04 6.922165948582319824e-21 2.814164185651789452e-21
1.718148185008389191e+04 3.287756732197918051e-21 3.064826964968472295e-21
1.719215564543643268e+04 -7.514952618724584871e-22 2.679255942714049581e-21
1.720282939174351850e+04 5.440196453445150658e-21 2.558147595611068474e-21
1.721350308898018557e+04 2.570542431935408826e-21 2.733647887244950692e-21
1.722417673712471515e+04 1.326168594271207379e-22 2.725876863711981542e-21
1.723485033615750217e+04 2.967329778007174200e-21 2.539001535031907294e-21
1.724552388605142551e+04 2.177705112097345791e-21 3.035685196911990635e-21
1.725619738678631256e+04 1.580085757864358596e-21 2.800492205295068448e-21
1.726687083833773431e+04 -4.232770380444216676e-21 2.618751933173264260e-21
1.727754424068123626e+04 1.505502427490200429e-21 2.696938080844021038e-21
1.728821759379878131e+04 8.106942291774777370e-21 2.577742313094228535e-21
1.729889089766379038e+04 4.368881521699999665e-21 2.575041351948316187e-21
1.730956415225499586e+04 3.309263842019726106e-21 2.458094907567654178e-21
1.732023735754846348e+04 6.139320039701084728e-21 2.523189013908970065e-21
1.733091051352240538e+04 6.671818014121909266e-21 2.664252611870201271e-21
1.734158362015288367e+04 -1.430355026638274073e-21 2.439450817073093493e-21
1.735225667741701909e+04 -1.658254983087580871e-22 2.683238052129754356e-21
1.736292968529407153e+04 8.503228503430870772e-21 2.631094880808712477e-21
1.737360264375790575e+04 5.732829888112728038e-21 2.958273696744553231e-21
1.738427555278888758e+04 8.701025710325001701e-21 2.745319430351657394e-21
1.739494841236091452e+04 -1.737022689600412621e-21 3.019354811030993207e-21
1.740562122245163846e+04 6.877442627227224564e-21 2.704515263490420273e-21
1.741629398304186543e+04 1.016260870297890402e-20 2.535295714582186972e-21
1.742696669410445975e+04 2.608076051396782543e-21 2.419576200044527527e-21
1.743763935561967810e+04 5.027244622248177333e-22 2.224240984357015025e-21
1.744831196756142890e+04 7.401279577967007970e-21 2.864949440470307510e-21
1.745898452990732039e+04 5.179362396915982230e-21 2.826018948525404304e-21
1.746965704263814769e+04 -1.624509070511735283e-23 2.895907344359127314e-21
1.748032950572672053e+04 5.953093039826333014e-21 2.624878608622240247e-21
1.749100191915277173e+04 -1.974098853207507472e-21 2.694019962549833273e-21
1.750167428289070449e+04 7.888266687404538352e-21 2.886282018870473707e-21
1.751234659691970228e+04 5.626273313757278916e-21 2.656512473814614996e-21
1.752301886121728967e+04 3.379525950824740520e-21 2.495466946264338484e-21
1.753369107575895032e+04 1.759904353145828559e-21 2.571296235771621159e-21
1.754436324052069176e+04 2.993658173668711500e-21 2.556979181977905493e-21
1.755503535548219224e+04 1.309573413308934854e-21 2.287604311479502104e-21
1.756570742062100908e+04 -8.832076057397986725e-22 2.308020912021718480e-21
1.757637943591100338e+04 -8.352155845888018860e-21 2.406546548328354622e-21
1.758705140133076929e+04 6.979893827100758997e-21 2.441578284465071735e-21
1.759772331685627432e+04 8.702284078800435659e-21 2.450602966909104885e-21
1.760839518246822263e+04 5.825287269109566533e-21 2.612184237845810364e-21
1.761906699813833620e+04 8.136442364864966028e-21 2.740848635880379498e-21
1.762973876384731193e+04 5.207545923642083348e-21 2.371062865349248547e-21
1.764041047957109186e+04 6.745101930749754808e-21 2.376014821754595044e-21
1.765108214528718963e+04 7.250381422290323141e-21 2.644557097584976502e-21
1.766175376097256230e+04 2.903953262804140301e-21 2.402290300172036109e-21
1.767242532660154757e+04 8.212478606133807155e-21 2.720793728835781340e-21
1.768309684215324887e+04 -9.684578621929445984e-22 2.295823487792877627e-21
1.769376830760621306e+04 3.428257867391939867e-22 2.523136790629202316e-21
1.770443972293531988e+04 2.142416878930064955e-21 2.353960790579847674e-21
1.771511108811698068e+04 -3.407832346710549306e-21 2.461273370650761056e-21
1.772578240313025526e+04 3.917797435076083096e-21 2.140689912201462480e-21
1.773645366795155860e+04 7.797221326513385099e-22 2.435520358663901682e-21
1.774712488258568555e+04 4.712860882692700650e-21 2.455291928235593919e-21
1.775779636377747738e+04 2.375618133067657907e-21 2.422213456910888121e-21
1.776846797844160756e+04 4.725850426145297209e-21 2.451410819186776710e-21
1.777913954281232873e+04 -1.291734644646147198e-21 2.346827584149069008e-21
1.778981105686916635e+04 1.938015165568111782e-22 2.263596400582071893e-21
1.780048252058792787e+04 2.092424051461501267e-21 2.443701058125630472e-21
1.781115393394606144e+04 5.675681727810515548e-21 2.476829135173309751e-21
1.782182529691839591e+04 4.228679158575306418e-21 2.517859907496754756e-21
1.783249660948286692e+04 6.128130623637565655e-21 2.394499689321367465e-21
1.784316787162001492e+04 -7.867366543491695435e-22 2.209551525720252706e-21
1.785383908329992846e+04 7.679042414353767594e-21 2.467207391132587271e-21
1.786451024450418481e+04 4.061464278773797734e-21 2.478217682138194513e-21
1.787518135521069416e+04 6.242888327213804927e-21 2.401618162575987036e-21
1.788585241539212439e+04 3.357143258262606761e-21 2.327851370664929465e-21
1.789652342502639294e+04 5.985784224756440636e-21 2.265695492161754873e-21
1.790719438409555369e+04 1.100876625486598830e-20 2.360963949437857665e-21
1.791786529256810900e+04 4.300793853564207876e-21 2.308082295360104547e-21
1.792853615042502861e+04 3.792943831163456787e-21 2.292515773054932522e-21
1.793920695764731136e+04 3.443204048755562426e-21 2.556247590394583655e-21
1.794987771420347053e+04 3.783075331505424037e-21 2.538692047718175553e-21
1.796054842007554907e+04 3.610702565247666368e-21 2.575299971193439749e-21
1.797121907524138805e+04 2.511838858989055004e-21 2.294912649301153287e-21
1.798188967967259305e+04 3.144129025389794188e-21 2.488716380936792570e-21
1.799256023335012651e+04 9.851915306794606968e-21 2.364907802409985601e-21
1.800323073625077450e+04 1.245327366440872721e-21 2.348106965295999180e-21
1.801390118834820896e+04 6.307778363957556160e-21 2.525747948532057019e-21
1.802457158962336689e+04 5.391990011341022391e-21 2.414270422636272285e-21
1.803524194004989113e+04 6.650025364884681454e-21 2.250263267211622445e-21
1.804591223960507705e+04 3.168340663894831016e-21 2.497677738317801227e-21
1.805658248826718409e+04 5.258037134439624252e-21 2.288211150690259309e-21
1.806725268601249263e+04 2.906799647479362874e-21 2.487550195694285589e-21
1.807792283281464915e+04 8.137131862757629131e-22 2.427613133108645834e-21
1.808859292865610769e+04 -1.109717515631930478e-21 2.468503719660638992e-21
1.809926297350840832e+04 9.111429385728751861e-21 2.484842322171133117e-21
1.810993296735086915e+04 1.533335563012830299e-20 2.528155274577233679e-21
1.812060291015970142e+04 1.800284382345450234e-21 2.387156166304966541e-21
1.813127280191107639e+04 3.941831898206406324e-21 2.277517937400431459e-21
1.814194264258329349e+04 9.616601828239194271e-21 2.262454080194887018e-21
1.815261243215250943e+04 3.327572483883099031e-21 2.347485291165337692e-21
1.816328217059231247e+04 3.728269978329335229e-21 2.358481289668927790e-21
1.817395185788449089e+04 1.604340801674467396e-21 2.100282588771208402e-21
1.818462149400114868e+04 2.878531423126105236e-21 2.347444307621542535e-21
1.819529107892206230e+04 9.962528348772469891e-22 2.051117063856491872e-21
1.820596061262285730e+04 1.887070948250903758e-21 2.232472770977156696e-21
1.821663009507864626e+04 5.201640875665656223e-21 2.150872635392325925e-21
1.822729952626919112e+04 -1.711089906480644333e-21 2.237651681302561023e-21
1.823796890616905876e+04 4.690288708622100563e-21 2.271809714774052359e-21
1.824863823475747631e+04 4.543798100951392276e-21 2.253237541167804014e-21
1.825930751200744999e+04 5.124327886483647001e-21 2.176471292954161062e-21
1.826997673789560940e+04 1.018636508273510133e-21 2.030764167385498807e-21
1.828064591240163281e+04 7.338936735678613258e-21 2.243452995705168799e-21
1.829131503549902118e+04 5.716345841020815556e-21 2.743651227355418513e-21
1.830198410716753642e+04 6.365031232277520573e-21 2.902985188079825498e-21
1.831265312738220018e+04 8.424925912793743050e-21 2.494164194434487091e-21
1.832332209611962389e+04 3.224055444117118679e-21 2.371891985209427772e-21
1.833399101335637170e+04 3.413174965799835409e-21 2.426365987089628535e-21
1.834465987906746886e+04 3.859327897519902351e-21 2.023466825128774669e-21
1.835532869323259001e+04 3.456826624236028758e-21 2.214998335306470993e-21
1.836599745582518881e+04 9.902255408480170140e-21 2.218829960137049811e-21
1.837666616682491076e+04 -2.203954857191097585e-22 2.277923566442702808e-21
1.838733482620518771e+04 5.217930863273668293e-21 2.494444513771445889e-21
1.839800343394561060e+04 2.697249323663559458e-21 2.386314976639107347e-21
1.840867199002121561e+04 2.915135630042544562e-21 2.383357450775741754e-21
1.841934049440853778e+04 2.745578817355480168e-21 2.313029814744243469e-21
1.843000894708407941e+04 2.160545573095639613e-21 2.024614923000857434e-21
1.844067734802176710e+04 8.500413600650397405e-21 2.503963708143141493e-21
1.845134569720327272e+04 2.377407943740782610e-21 2.155987144891358512e-21
1.846201399460094763e+04 5.486685563212465602e-21 2.457964823857232555e-21
1.847268224019437912e+04 4.778721727357920613e-21 2.239052306017283216e-21
1.848335043395692992e+04 9.040406610105372746e-21 2.083126511322607177e-21
1.849401857586814003e+04 -2.655377268463899591e-22 2.433345866889337675e-21
1.850468666590032808e+04 2.461849546204608950e-21 2.199854686656855010e-21
1.851535470403618092e+04 2.629957533307392527e-21 2.339957733154158804e-21
1.852602269024492853e+04 -1.676957711831601563e-21 2.173961915914018035e-21
1.853669062450971614e+04 -1.155117452033833351e-21 2.026025656442372629e-21
1.854735850680128715e+04 5.303225262539318030e-21 2.137198874590724505e-21
1.855802633710071314e+04 3.577297687535837118e-21 2.146708513848681703e-21
1.856869411538028362e+04 -1.221105872950024785e-23 2.135844134348251548e-21
1.857936184162051723e+04 -1.814449741865144851e-23 2.294882493274653612e-21
1.859002951579421642e+04 4.098548174839860698e-21 2.443767406910415450e-21
1.860069713788024092e+04 2.312289944644569361e-21 2.277011502267528626e-21
1.861136470785249912e+04 -4.052505452755664498e-21 2.331717284413355357e-21
1.862203222569095306e+04 3.280715867428005111e-21 2.263496037893276941e-21
1.863269969136837608e+04 4.137028129459771087e-21 2.212739314968137042e-21
1.864336710486369338e+04 3.108056807962588279e-22 2.049734385865059925e-21
1.865403446614914719e+04 -9.788418796684108143e-22 2.079177853742625094e-21
1.866470177520877769e+04 -2.145581735066826395e-21 2.183960387361685326e-21
1.867536903200967208e+04 7.597566569550285016e-21 2.259347468782337683e-21
1.868603623653739123e+04 1.146187119577343792e-20 2.470229170094259800e-21
1.869670338875997913e+04 5.391626941463928040e-21 2.046390012554960142e-21
1.870737048865890756e+04 -1.212404271426890646e-21 2.025907604331083521e-21
1.871803753620845237e+04 7.689789348632011231e-21 2.107713739832802370e-21
1.872870453138644370e+04 4.659210361526026866e-21 2.111565342051340746e-21
1.873937147416658627e+04 6.498303096600344136e-21 2.350047370833171112e-21
1.875003836452723044e+04 1.044637618560564483e-22 2.125424681192947965e-21
1.876070520244462023e+04 5.231030845649698988e-21 2.246237552385762828e-21
1.877137198789398462e+04 3.484258625042679078e-21 2.115176611353804886e-21
1.878203872085363037e+04 7.162670439860538958e-21 2.315921985983285037e-21
1.879270540129510846e+04 5.336613911792784678e-21 2.364730376824807314e-21
1.880337202920084383e+04 8.919688491694662902e-21 2.067092530274002965e-21
1.881403860454041569e+04 9.869620267814702768e-21 2.359792741776329892e-21
1.882470512729671464e+04 6.433470740855803069e-21 2.332183057303704697e-21
1.883537159744233941e+04 -2.924810848573058033e-21 2.025676060605680899e-21
1.884603801495145308e+04 -3.871823794632186517e-21 2.085820951539575441e-21
1.885670437980637143e+04 2.488679900725374162e-21 2.355038221684473414e-21
1.886737069197765595e+04 7.648246544600550553e-21 2.562068835541155604e-21
1.887803695144453377e+04 6.877461751286032090e-21 2.474863716721727777e-21
1.888870315818050585e+04 6.599745635880520928e-21 1.961284918241382161e-21
1.889936931216337325e+04 4.713868461143303578e-21 1.871761797993731282e-21
1.891003541337181741e+04 -5.682595687296801325e-22 2.066406070603193680e-21
1.892070146177635979e+04 3.568097934320916327e-21 2.037997636138193363e-21
1.893136745735923978e+04 7.304081952956677036e-21 2.164835043096156437e-21
1.894203340008995292e+04 4.908894539214633948e-21 2.211058386774981501e-21
1.895269928995072405e+04 6.348768817151329695e-21 2.105969109221984840e-21
1.896336512691459211e+04 2.432114629833009665e-21 1.924262860975116640e-21
1.897403091095655327e+04 -2.942601084869033379e-22 2.146722091264902419e-21
1.898469664205730805e+04 5.202320285624424598e-21 1.890639728096047110e-21
1.899536232018631563e+04 -7.595812935931287212e-22 2.163093431591858048e-21
1.900602794532425105e+04 8.732106367469540926e-21 2.183167463922329746e-21
1.901669351744867890e+04 4.054593364780572734e-21 2.046283545909869709e-21
1.902735903653003697e+04 1.549301856379138051e-21 2.162412736193679414e-21
1.903802450254945143e+04 2.347094564944911291e-21 2.150863047954693396e-21
1.904868991547939731e+04 1.690042342254903900e-21 2.092252771220640436e-21
1.905935527529635146e+04 1.682416550083886179e-22 2.074736391797158902e-21
1.907002058198034501e+04 2.059293468703528825e-21 2.213521996746521615e-21
1.908068583550184849e+04 4.617143997055286508e-21 2.228428961518856843e-21
1.909135103584042008e+04 6.590469872399398711e-21 2.293049551520514740e-21
1.910201618297099776e+04 6.560839616339940873e-21 2.172885003977844727e-21
1.911268127686956723e+04 7.060531309801935750e-21 2.228041568787940933e-21
1.912334631751207053e+04 7.472878666327907816e-21 2.066689986312326897e-21
1.913401130487549381e+04 5.419160300144157784e-21 2.015682655632002536e-21
1.914467623893168275e+04 5.092203241798088106e-21 2.154571709496740599e-21
1.915534111966257115e+04 7.465698642690997968e-21 2.227915034251367935e-21
1.916600594703910247e+04 3.869538002827596706e-22 2.308282734666618455e-21
1.917667072103921601e+04 1.284370095737651294e-21 1.943613764152862057e-21
1.918733544163881379e+04 6.466511398055976515e-21 2.226141540136725882e-21
1.919800010881682101e+04 -6.725060150526210454e-23 2.187617401127207585e-21
1.920866472254202017e+04 -4.887084230498282588e-21 2.222843352512801214e-21
1.921932928279737826e+04 1.627306060552242501e-21 2.424358614076736657e-21
1.922999378955368229e+04 -3.812749180321997844e-21 2.241318852081344598e-21
1.924065824278870059e+04 2.568844832362933656e-21 2.151824407332005799e-21
1.925132264247940839e+04 4.035013929686661105e-21 2.108739116108467303e-21
1.926198698860163131e+04 7.016251393180542299e-21 2.093892545540973582e-21
1.927265128112710954e+04 5.113602799515261484e-21 2.183692946245244590e-21
1.928331552003576144e+04 6.693951237047587101e-22 2.224280770240022456e-21
1.929397970530434759e+04 7.142053278536253682e-21 1.976821760602875523e-21
1.930464383690360410e+04 4.375822699683717018e-21 2.079145817037528198e-21
1.931530791481335473e+04 6.976798248173172363e-21 2.221817326168840820e-21
1.932597193900827187e+04 1.816526163590225002e-21 2.207533075683059360e-21
1.933663590946625482e+04 4.636591317622182550e-21 2.309500821830971252e-21
1.934729982615797053e+04 3.720626956529810256e-21 1.975842328342343177e-21
1.935796368906523276e+04 9.416011369443326550e-21 2.073639616304963055e-21
1.936862749815870484e+04 -4.045288267553763061e-21 1.802279669199629353e-21
1.937929125341615872e+04 9.482405547077317893e-21 1.955713530916386099e-21
1.938995495481224862e+04 4.682874923681447246e-21 1.978225602354636929e-21
1.940061860232465187e+04 -2.482352559724970338e-21 2.049740282254012651e-21
1.941128219593008180e+04 -1.518936493185393215e-21 2.080038996143316915e-21
1.942194573559921628e+04 7.347690155299662770e-21 1.960885945210277863e-21
1.943260922131176267e+04 -5.753215972537095273e-22 1.953854475847248168e-21
1.944327265304235334e+04 1.224233161914883691e-21 1.993243667282520187e-21
1.945393603076866202e+04 3.105809578994255431e-21 1.953898789624284377e-21
1.946459935446127929e+04 -1.688138357280398054e-21 2.020976388642312678e-21
1.947526262409883202e+04 -2.091885630450514823e-21 1.858420064265561976e-21
1.948592583965987797e+04 2.941162807190231314e-22 2.061528842779156776e-21
1.949658900111409093e+04 5.245409718091791057e-21 2.045246403440101060e-21
1.950725210844106914e+04 4.425326131736475560e-21 2.204791230148706255e-21
1.951791516161439358e+04 -2.225699975348971085e-21 1.845299025621959989e-21
1.952857816061165067e+04 3.522893635025658534e-21 1.916715019583743763e-21
1.953924110540940092e+04 4.561453428221361528e-21 2.062543721678679506e-21
1.954990399597816577e+04 1.227462347994663112e-21 1.869541431940603429e-21
1.956056683229637201e+04 5.649256438809591090e-21 1.867049647212522105e-21
1.957122961434068930e+04 6.431723247573884669e-21 1.912843117012491582e-21
1.958189234208662674e+04 2.272825922070353971e-21 2.047125344713207626e-21
1.959255501550767440e+04 6.351079147977785532e-21 2.134605172854465435e-21
1.960321763457933412e+04 1.051948432736819975e-20 2.143143862106528884e-21
1.961388019927810456e+04 4.276744792912097919e-21 1.939936260620943164e-21
1.962454270958044799e+04 9.492685221718125710e-21 2.079225933705122996e-21
1.963520516546174986e+04 2.311331510252465537e-21 2.022039601013876120e-21
1.964586756689448885e+04 2.020665864815628405e-21 1.933319654315354091e-21
1.965652991385616042e+04 2.038738862273719646e-21 2.111909896987892133e-21
1.966719220632219367e+04 4.149077937483162073e-21 2.009350094721045742e-21
1.967785444427001858e+04 8.472857170929656742e-21 1.906723764924175594e-21
1.968851662767100061e+04 2.692608591558109094e-21 1.857176067382472655e-21
1.969917875650258065e+04 -3.825858592062044904e-21 1.884504575339768514e-21
1.970984083074104637e+04 -3.504947579802217460e-21 1.974076543151932327e-21
1.972050285036080095e+04 5.252621523002585228e-22 2.036121267148450404e-21
1.973116481533524711e+04 3.146594605008231826e-21 2.108562684283497716e-21
1.974182672564475797e+04 8.853934993873846214e-21 1.864305876279119991e-21
1.975248858125964762e+04 8.138702775119056236e-21 1.957687128721195267e-21
1.976315038215826280e+04 3.901766003004466462e-21 2.047607648130616791e-21
1.977381212831289668e+04 3.884590651268586273e-21 2.015575638691727365e-21
1.978447381970179049e+04 2.259102541617653453e-21 2.226041088241589447e-21
1.979513545630027511e+04 -8.262911586263719408e-22 1.736323678375444902e-21
1.980579703808268459e+04 2.293020993583866269e-21 1.763723948801625696e-21
1.981645856502226525e+04 6.336073449430961148e-21 1.931917541118013962e-21
1.982712003709929195e+04 -1.239136183108407761e-22 2.072308848574833011e-21
1.983778145428402058e+04 3.776285899600282085e-21 1.884068646734689871e-21
1.984844281655367740e+04 9.239877435732239477e-22 1.981047649395558551e-21
1.985910412388236728e+04 -1.385962216085340956e-21 1.870907786794137812e-21
1.986976537624840785e+04 4.844933082733998632e-21 2.117871242096417963e-21
1.988042657362401224e+04 6.246652707075867100e-21 2.014616606496068004e-21
1.989108771598537714e+04 5.791754920105938358e-21 1.898323843669882971e-21
1.990174880330866290e+04 4.778710978288052759e-21 1.973993491384657209e-21
1.991240983556604624e+04 5.430751980975326636e-21 2.075147765873557365e-21
1.992307081273667791e+04 1.014281592939897063e-21 1.991744283667878810e-21
1.993373173479157049e+04 5.030161639145071035e-22 1.804387676783587056e-21
1.994439260170899433e+04 3.189791620159991007e-21 1.895993500254954837e-21
1.995505341346405476e+04 3.866015023345853052e-21 2.021697723299038226e-21
1.996571417002886665e+04 2.294273529242334224e-21 1.839257831577405450e-21
1.997637487138051074e+04 1.773605510116418653e-21 2.000526188620685604e-21
1.998703551749607868e+04 5.630947341331305095e-22 1.892749009178498576e-21
1.999769610834757623e+04 3.315689609553398773e-21 1.936729272932457274e-21
2.000835664391106184e+04 3.945567470705180615e-21 2.000256758496712387e-21
2.001901712416163718e+04 2.960681057238038342e-21 1.896394010978702897e-21
2.002967754907433846e+04 5.047521256517970378e-21 1.903765439661083717e-21
2.004033791862419093e+04 1.023359457477498973e-20 1.916557032866624934e-21
2.005099823278521217e+04 4.487172724753559606e-21 2.168516446557591514e-21
2.006165849153337695e+04 7.854707675415033121e-22 1.877154229070470976e-21
2.007216260320928995e+04 5.238736706053819161e-21 2.061802719773178429e-21
2.008282273980434184e+04 -1.555145786116425996e-22 1.832130851719318410e-21
2.009348282320671933e+04 5.663871042377537886e-21 1.910813134572320259e-21
2.010414304610676118e+04 7.255783421149949842e-21 1.820317511770698819e-21
2.011480365250414616e+04 8.528919867729250930e-21 1.913703955409163188e-21
2.012546420656879491e+04 7.189800460564909706e-21 1.966328363288157090e-21
2.013612470503395525e+04 4.146455066338302333e-21 1.952222672131189907e-21
2.014678514787645690e+04 5.882041222338447273e-21 1.874806809772364053e-21
2.015744553507025921e+04 7.412632374109986443e-21 2.038458342059556676e-21
2.016810586658922330e+04 4.983218337837275861e-21 1.668299926485698307e-21
2.017876614240918934e+04 3.450667845541206259e-22 1.948791500124484377e-21
2.018942636250589931e+04 3.655681176278997809e-21 1.903420011740097243e-21
2.020008652685229754e+04 6.737745627065166130e-21 2.097794308576983025e-21
2.021074663542410781e+04 8.646280150264987060e-22 1.945159953104179150e-21
2.022140668819620259e+04 3.657134772301030169e-21 2.239588639223583181e-21
2.023206668514436024e+04 5.822657587334673641e-21 1.937921918106086327e-21
2.024272662624138684e+04 -1.044956751859230973e-21 1.704361192425592381e-21
2.025338651146296615e+04 4.494954109586229540e-21 1.795096237774012930e-21
2.026404634078389063e+04 -2.089425524528326866e-21 1.854443743350509008e-21
2.027470611417984401e+04 3.668440330072352980e-21 1.866712977926780991e-21
2.028536583162462193e+04 4.436165015086565089e-21 1.942686294298651295e-21
2.029602549309194364e+04 7.796608286066677674e-21 1.954784834133513232e-21
2.030668509855749653e+04 8.608207149480643891e-21 1.791923032768518142e-21
2.031734464799594207e+04 3.062807336905406063e-21 1.616486985718964418e-21
2.032800414138293490e+04 -1.476425509475136305e-21 1.757679594432485893e-21
2.033866357869114654e+04 5.802502615066355561e-21 1.962731962021436006e-21
2.034932295989623890e+04 6.371140232736250716e-21 1.856081010247740873e-21
2.035998228497285891e+04 2.933433606720960162e-21 1.783774437088597153e-21
2.037064155389466760e+04 -1.826812618244637391e-21 1.887306225161292504e-21
2.038130076663916770e+04 3.612921842863072691e-22 1.908357124295393133e-21
2.039195992317801574e+04 2.085672175404694440e-21 1.851967619186906472e-21
2.040261902348674630e+04 7.092102505615711299e-21 2.103352589894516678e-21
2.041327806753898403e+04 3.929332998879959009e-21 1.838526452107551651e-21
2.042393705531224987e+04 5.248551171961584269e-21 1.801992969239676686e-21
2.043459598677715258e+04 5.708411062674039263e-22 1.727262451920818734e-21
2.044525486191115124e+04 9.811407207594461436e-21 1.645815439376287051e-21
2.045591368068775409e+04 1.016741020796018394e-20 2.039752023354241618e-21
2.046657244308047666e+04 4.421566792244465963e-21 2.018107931128905430e-21
2.047723114906578121e+04 4.232189908565299938e-22 1.868530524516610660e-21
2.048788979861622283e+04 -8.890775791656418080e-23 1.780361098524549819e-21
2.049854839170822743e+04 6.230353293569287040e-21 2.080985807998157764e-21
2.050920692831523411e+04 -4.488184513668563860e-22 1.802706013040841377e-21
2.051986540841066380e+04 -8.026387376871870763e-22 1.834588670631390992e-21
2.053052383197090603e+04 -2.510577529672763811e-21 1.920050969816637451e-21
2.054118219896941810e+04 -8.358276239357058199e-22 1.873943962283990745e-21
2.055184050938059590e+04 3.006246338549475382e-24 1.727488865239548742e-21
2.056249876317786038e+04 6.044518536012742086e-21 2.055937359999050902e-21
2.057315696033748827e+04 5.652967979932109167e-21 1.893229049714575465e-21
2.058381510083187095e+04 1.060198325855855907e-21 1.596302933373919415e-21
2.059447318463729607e+04 4.459010246468047101e-21 2.028840523214158885e-21
2.060513121172615865e+04 4.789774360752545749e-21 1.904317876769821697e-21
2.061578918207476090e+04 3.296990828697728087e-21 2.131653970382868338e-21
2.062644709565542507e+04 5.020122973665933657e-21 1.744243239191295994e-21
2.063710495244435515e+04 9.034083676279672642e-21 1.925231444656066531e-21
2.064776275241289477e+04 4.959051055532873510e-21 1.828949829922547070e-21
2.065842049554016921e+04 9.783709177284408136e-21 1.969610804529761440e-21
2.066907818179457900e+04 4.861183470850851236e-21 1.801431242863608604e-21
2.067973581115430716e+04 3.046941751947304988e-21 1.993440672971607684e-21
2.069039338359357862e+04 9.710307982943202406e-21 1.945253225773135982e-21
2.070105089908552327e+04 5.290862544795973852e-21 1.896756802386394201e-21
2.071170835760237969e+04 2.658419366316423348e-21 2.092943123317220852e-21
2.072236575912224725e+04 3.135207649657052439e-21 2.021674302204546745e-21
2.073302310361539639e+04 2.197218953881587460e-21 1.839052413101521436e-21
2.074368039105991920e+04 -2.787106859708711286e-21 1.890209960078730661e-21
2.075433762142697742e+04 -1.858256552748106194e-21 1.862408007765719599e-21
2.076499479469159633e+04 2.674679879231235878e-21 1.982178814931601621e-21
2.077565191082692763e+04 -7.940222920873150693e-22 1.789324801605736615e-21
2.078630896981005935e+04 -3.936444143504715784e-22 1.761700312654131590e-21
2.079696597161309910e+04 -2.788753591017152434e-21 1.799892941947773196e-21
2.080762291620809265e+04 -1.057143306418962150e-22 1.729712063159814841e-21
2.081827980357302658e+04 -3.632698391995701513e-21 1.722955309818278413e-21
2.082893663367797126e+04 4.412664433973645277e-22 1.630500466409683768e-21
2.083959340649989099e+04 4.600819876211007315e-21 1.531232504511223864e-21
2.085025012201183563e+04 4.230049050068470276e-21 1.619497045518942417e-21
2.086090678018682956e+04 2.757908243934444853e-21 1.926820626584094331e-21
2.087156338100182256e+04 1.211718458498131879e-20 1.855789641538111943e-21
2.088221992442769624e+04 4.748732495333691410e-21 1.748284483114289027e-21
2.089287641043844269e+04 1.722835643008523310e-22 1.836875747982501729e-21
2.090353283900995666e+04 -1.483119518277541957e-21 1.669655279124562502e-21
2.091418921011522252e+04 3.357672481330299979e-21 1.879153933677203172e-21
2.092484552372812323e+04 4.292582526328028353e-21 1.816387084743916295e-21
2.093550177982150853e+04 2.825927482050208522e-21 1.763132348390643423e-21
2.094615797837224818e+04 1.430746405656005941e-21 1.649485971608865738e-21
2.095681411935015421e+04 3.560560115611753158e-21 1.744068432093622888e-21
2.096747020273111411e+04 4.428237810707584520e-22 1.815900980081199311e-21
2.097812622848898900e+04 2.124209607820570813e-21 1.692189783124761926e-21
2.098878219659860042e+04 5.493935653201438893e-22 1.865752231028327807e-21
2.099943810703264171e+04 1.801492122100666589e-21 2.029578265164319538e-21
2.101009395976392625e+04 4.849912404728587417e-21 1.734304905131739308e-21
2.102074975476721738e+04 -2.205672582535470795e-23 1.793125625329946301e-21
2.103140549201732210e+04 1.547160860002867074e-22 1.811830292018050406e-21
2.104206117148596968e+04 5.868919558868072051e-21 1.968700257267842842e-21
2.105271679314884386e+04 4.571643057157783379e-21 1.860628265739579793e-21
2.106337235697964206e+04 7.289890923936862052e-22 1.693953821616255914e-21
2.107402786294697216e+04 1.058343502234845073e-21 1.879622558238925685e-21
2.108468331102517186e+04 -1.328883297072854614e-21 1.926004971264990644e-21
2.109533870033775747e+04 5.262881517751574860e-21 1.766543913073232890e-21
2.110583692206605338e+04 2.586298781038543192e-22 1.716517302831768017e-21
2.111649218590633973e+04 5.395097724759716756e-21 1.852065334750678736e-21
2.112714739175498835e+04 2.905588382652627293e-21 1.651385588299964288e-21
2.113780253958560206e+04 6.093627474629909575e-21 1.812941073599221610e-21
2.114845762937178006e+04 4.049539010705352736e-21 1.905470714712379941e-21
2.115911266108809650e+04 1.207298727510607249e-21 1.696241024289128439e-21
2.116976763470485093e+04 -1.521871085096672583e-21 1.590656165948728177e-21
2.118042255019986624e+04 9.811802947010725293e-22 1.587495090695330755e-21
2.119107740754149563e+04 2.757662393883368756e-21 1.674997902868828052e-21
2.120173220670945375e+04 4.382215723537331397e-21 1.714475285205412135e-21
2.121238694767412017e+04 6.353928348475196525e-21 1.659389732202164204e-21
2.122304163040677304e+04 5.928204734909163763e-22 1.676479474661512564e-21
2.123369625488508973e+04 3.104132399689864874e-21 1.680656127570683108e-21
2.124435082108050119e+04 2.477179363995301722e-21 1.670025245452636345e-21
2.125500532896329605e+04 4.776869061142958888e-21 1.745638139802956013e-21
2.126565977851312709e+04 4.876993178905256688e-21 1.807261792288556586e-21
2.127631416969705606e+04 6.710886342326446253e-21 1.934552930774171814e-21
2.128696850249473209e+04 3.175280318424924971e-21 1.851145998356520187e-21
2.129762277687541427e+04 -1.422041161881026716e-21 1.935693501824036549e-21
2.130827699281350579e+04 1.103993879505129728e-21 1.706591228156926876e-21
2.131893115028232205e+04 4.994667327732961707e-22 1.869880689207340962e-21
2.132958524925408710e+04 4.224969719987089351e-21 1.634456582067205548e-21
2.134023928970414272e+04 5.777435341729979360e-21 1.573994266744409161e-21
2.135089327160484390e+04 3.215334419695035916e-22 1.620473301086623619e-21
2.136154719492838558e+04 2.365991682816024028e-21 1.695183979813419207e-21
2.137220105965013863e+04 6.010387733798371637e-21 1.758664280836727330e-21
2.138285486574223250e+04 1.621400788645817518e-21 1.551847616797472674e-21
2.139350861317781892e+04 5.462775585599961527e-21 1.720527828354687111e-21
2.140416230192918010e+04 4.585416862878929600e-21 1.933324040550270515e-21
2.141481593197160328e+04 1.193838000602293056e-22 1.667268663017186237e-21
2.142546950327508966e+04 4.626187756056868031e-21 1.702163708297711701e-21
2.143612301581698921e+04 2.393785770075675432e-21 1.647026655675573275e-21
2.144677646956716853e+04 -1.276653252440389354e-21 1.625164458929742237e-21
2.145742986450101307e+04 -4.517542194086375246e-21 1.651265217167721269e-21
2.146808320058950994e+04 3.666206137956179300e-21 1.747216051886209248e-21
2.147873647780785541e+04 2.916924009522326187e-21 1.719047637971484510e-21
2.148938969612698202e+04 6.268139364586647845e-21 1.841417564867979721e-21
2.150004285552196961e+04 2.449635160399345546e-21 1.662780337653104477e-21
2.151069595596388899e+04 6.945229206923973456e-21 1.766732864019995931e-21
2.152134899742680500e+04 6.392787306683860898e-22 1.807899110914101152e-21
2.153200197988478612e+04 4.475645270315651143e-21 1.755152492965397143e-21
2.154265490330868852e+04 1.339101768374401085e-23 1.778483384828066055e-21
2.155330776767137650e+04 3.398043926589511369e-21 1.782545221428311071e-21
2.156396057294913408e+04 3.639063545867541340e-22 1.875039889865765977e-21
2.157461331911277739e+04 9.407873743086285637e-21 1.923671288830896442e-21
2.158526600613312621e+04 6.281462181446751450e-21 1.769696233924677712e-21
2.159591863398726491e+04 3.852723381061358299e-21 1.866538140435115938e-21
2.160657120264379773e+04 4.630147352180850547e-21 1.886126495912240304e-21
2.161722371207889591e+04 5.446192084021845618e-21 1.910063836777842297e-21
2.162787616226435057e+04 -1.299423703800741467e-21 1.742255949398050145e-21
2.163852855317302601e+04 2.167350953724480753e-21 1.743152748767393165e-21
2.164918088477871424e+04 4.032143739104414798e-21 1.894512586509628094e-21
2.165983315705103450e+04 2.208008063648627806e-21 1.745837423453415149e-21
2.167048536996605253e+04 2.004443098462387783e-21 1.641132648079376845e-21
2.168113752349550487e+04 3.369117100290606286e-21 1.640746116963469521e-21
2.169178961761107712e+04 3.929210560362730897e-21 1.720773531574094286e-21
2.170244165228859492e+04 1.189513354437252758e-21 1.666715190296414906e-21
2.171309362749657521e+04 5.625831825830387586e-21 1.698650185276218176e-21
2.172374554321097457e+04 -1.613246812444940621e-21 1.528494145739814134e-21
2.173439739940343497e+04 3.227159052690802781e-21 1.719216653159280293e-21
2.174504919604558017e+04 -1.107450207418991731e-21 1.792812458991592367e-21
2.175570093311309029e+04 6.415286109336170055e-21 1.772168801234731427e-21
2.176635261057448588e+04 6.579559090476703835e-21 1.665425054840931701e-21
2.177700422840454848e+04 4.532150809832324432e-21 1.543778071591440630e-21
2.178765578657695005e+04 2.252658081834320617e-21 1.790223731488443393e-21
2.179830728506319792e+04 8.820111664403376002e-21 2.042984558866471580e-21
2.180895872383465030e+04 4.647130058816130978e-21 1.526863054280285041e-21
2.181961010286617238e+04 1.349886608865450561e-21 1.630886386175120686e-21
2.183026142212921332e+04 -1.746536412903342278e-22 1.560383735723710843e-21
2.184091268159632818e+04 3.680591201243413884e-21 1.561113747579141636e-21
2.185156388123781653e+04 1.332469414235863545e-21 1.449296449594090675e-21
2.186221502103035891e+04 5.230089311560759659e-21 1.469275170446563117e-21
2.187286610094336356e+04 1.466128284757535435e-21 1.583555753514995901e-21
2.188351712095248149e+04 5.700521855865015024e-21 1.693586240916978112e-21
2.189416808102479627e+04 6.730358770119894722e-21 1.699934230638550191e-21
2.190481898113584248e+04 1.691375927404779184e-21 1.733111437461007826e-21
2.191546982126124567e+04 2.149746410351939601e-21 1.671399474886283916e-21
2.192612060136814034e+04 3.257294844996162659e-21 1.586757671095836134e-21
2.193677132143100607e+04 4.054140280838569716e-21 1.773769899938969726e-21
2.194742198142113557e+04 1.992308795306760525e-21 1.903117835867125340e-21
2.195807258131496928e+04 -1.459901604420078058e-22 1.637037709376462627e-21
2.196872312107963080e+04 -1.428848128474392000e-22 1.723078840037664922e-21
2.197937360068955604e+04 3.643624454429620504e-21 1.628239790409547456e-21
2.199002402011704180e+04 1.799127411813542444e-21 1.569546072951842527e-21
2.200067437933534529e+04 1.412078791608851266e-21 1.795069948962601487e-21
2.201132467831343456e+04 3.119382655579046498e-21 1.624647773351075054e-21
2.202197491702580010e+04 -6.972574757700727743e-22 1.593039572102977115e-21
2.203262509544681234e+04 4.920730804956113105e-21 1.513791640806613588e-21
2.204327521354649798e+04 5.271134193654185792e-21 1.618346879904465784e-21
2.205392527129474183e+04 3.528740107099909432e-21 1.786253059445514177e-21
2.206457526866701664e+04 1.509516289095255216e-21 1.404832547598651528e-21
2.207522520563444414e+04 4.822936821965333595e-21 1.709921338385763234e-21
2.208587508217020149e+04 4.934112594501941487e-21 1.564957989952626136e-21
2.209652489824311851e+04 4.755146185407022127e-21 1.775147162315137529e-21
2.210717465382733644e+04 4.425168611332918787e-22 1.871883141056055030e-21
2.211782434889613432e+04 3.028743281723938806e-21 1.790226045276018025e-21
2.212847398342047745e+04 1.595357412076327541e-21 1.671364074975735677e-21
2.213912355737241887e+04 4.855459212783332925e-21 1.734728597719502957e-21
2.214977307072381154e+04 2.749160350693932235e-21 1.769908125595185812e-21
2.216042252344457302e+04 1.894892354833900721e-21 1.670567222161931122e-21
2.217107191551212964e+04 1.167042758828467846e-21 1.602188857897254890e-21
2.218172124689304837e+04 6.568261638558637326e-21 1.743395342694896238e-21
2.219237051756245273e+04 2.430828362256246517e-21 1.830175220568993447e-21
2.220301972749107154e+04 3.738063041263501214e-21 1.892826048298915635e-21
2.221366887664988462e+04 2.281122218234300702e-21 1.683969819197390858e-21
2.222431796501294230e+04 8.015394049176557919e-22 1.748753388416074330e-21
2.223496699254992927e+04 2.188073448946369369e-21 1.630374506565242535e-21
2.224561595923473214e+04 3.385074824748807325e-21 1.523915073206996645e-21
2.225626486503817432e+04 2.017484203611715705e-21 1.558518573994998340e-21
2.226691370993105011e+04 -4.686096683245164673e-21 1.742156195497890450e-21
2.227756249388619835e+04 5.635666237800258725e-21 1.493139382493421453e-21
2.228821121687646155e+04 8.351142567333744458e-21 1.641458926304629428e-21
2.229885987887021838e+04 5.018262063084329225e-21 1.701127418262668014e-21
2.230950847984372012e+04 2.954378443745924840e-21 1.720465721158176214e-21
2.232015701976648779e+04 4.719671432585755898e-21 1.744085262271117224e-21
2.233080549860914834e+04 2.678154054184784058e-21 1.729239973463039798e-21
2.234145391634428233e+04 3.138890047495303000e-21 1.824220305742504337e-21
2.235210227294372453e+04 6.059118361636199832e-21 1.679414853735295331e-21
2.236275056837910233e+04 1.664371172820612049e-21 1.371232150239584271e-21
2.237339880262207953e+04 1.223475460173542644e-21 1.577619446885301799e-21
2.238404697564413436e+04 2.832794432336797635e-21 1.554725427018056511e-21
2.239469508741685422e+04 4.684897646577124246e-21 1.656799112446942993e-21
2.240534313791302702e+04 1.685071537654571895e-21 1.473962694877007751e-21
2.241599112710089321e+04 4.020133338919281136e-21 1.673173483452558547e-21
2.242663905495524159e+04 4.961093528589220649e-21 1.549333759347891510e-21
2.243728692144744491e+04 9.366080274024266940e-21 1.782560155321403112e-21
2.244793472653612116e+04 1.906394995163375496e-21 1.675386621684613780e-21
2.245858233699508492e+04 4.625327472695013506e-21 1.641584189180474651e-21
2.246922983485168515e+04 2.507153587996048679e-21 1.620407422227229343e-21
2.247987727123299919e+04 5.050434728271878307e-21 1.712522415107645227e-21
2.249052464611388859e+04 2.155110708692313087e-21 1.679751744417456723e-21
2.250117195946246648e+04 4.947331742438224668e-21 1.679392693195725627e-21
2.251181921124903238e+04 4.539563096405303192e-21 1.588213516348641906e-21
2.252246640145031779e+04 -6.951452595223246121e-22 1.719949564894190922e-21
2.253311353003328986e+04 -1.395163033291017084e-21 1.515776527954755943e-21
2.254376059696828088e+04 -7.878734254197389535e-22 1.430943922528794732e-21
2.255440760223206598e+04 1.274759571816883061e-21 1.703828290177461716e-21
2.256505454579258003e+04 3.699046493339508466e-21 1.605689202572413514e-21
2.257570142761771422e+04 3.547406966048621395e-22 1.467109999189474319e-21
2.258634824768435283e+04 2.157720806500567038e-21 1.625375557779949876e-21
2.259699500596151483e+04 4.299903362359840005e-21 1.425713332445983035e-21
2.260764170241929969e+04 2.884842640410424263e-21 1.562216328123699996e-21
2.261828833703091732e+04 -1.791374183925348314e-21 1.513734255917186130e-21
2.262893490976553585e+04 4.862329457264604504e-21 1.499072557989014446e-21
2.263958142059648526e+04 6.918923810963347095e-21 1.485673244647792712e-21
2.265022786949381407e+04 3.204828707876820693e-21 1.520050810143473725e-21
2.266087425642623930e+04 3.359463631535511085e-21 1.586636589916380189e-21
2.267152058136830601e+04 9.946689741485784641e-22 1.726587395725675449e-21
2.268216684429112138e+04 5.082087972984483736e-21 1.541343032049452990e-21
2.269281304516351520e+04 5.139611690249765770e-21 1.682416962216976721e-21
2.270345918395861736e+04 2.319658701925076492e-21 1.605792317923039133e-21
2.271410526064527949e+04 2.326252181461728647e-21 1.704360107278144333e-21
2.272475127519566377e+04 2.319340778424511070e-21 1.567135616505854874e-21
2.273539722758076823e+04 -3.652015028648863723e-22 1.627551981329376730e-21
2.274604311777251496e+04 3.680995427638516792e-21 1.578107923023105447e-21
2.275668894573854050e+04 6.073986894443711498e-21 1.978134359255629011e-21
2.276733471145537987e+04 7.969275154275189401e-22 1.581542162596622638e-21
2.277798041488730451e+04 3.027007129782824471e-21 1.562105000642334117e-21
2.278862605600953611e+04 -1.268312469606871251e-21 1.630632003859267806e-21
2.279927163479176306e+04 3.788865095397711396e-21 1.630915185862539920e-21
2.280991715120493245e+04 -7.394195404630272747e-22 1.686719678587041760e-21
2.282056260521986042e+04 1.391734395582050115e-21 1.654945398083909667e-21
2.283104914517661382e+04 5.423116374427263607e-21 1.455041870450467597e-21
2.284169446289829284e+04 2.356551843307102521e-21 1.677494200755708899e-21
2.285233971899280368e+04 1.451106250009610406e-21 1.785635229153690120e-21
2.286298491257430942e+04 3.422096505308948247e-21 1.790188676051916882e-21
2.287363004361038838e+04 1.384367231046620739e-21 1.605882864550710166e-21
2.288427511207390489e+04 3.465339536224325454e-21 1.775693732322032387e-21
2.289492011793129132e+04 -1.842462201162150270e-21 1.658652846066927595e-21
2.290556506115747834e+04 4.176921888886585412e-21 1.631949337531463187e-21
2.291620994171872735e+04 1.755370314310415180e-21 1.593562285452480007e-21
2.292685475958887764e+04 2.207405334005647779e-21 1.691184946587163244e-21
2.293749951473755937e+04 2.099082306413896270e-21 1.752475929043532014e-21
2.294814420713527579e+04 2.391654222803136672e-21 1.524815196317440522e-21
2.295878883675146062e+04 4.952209145426592852e-21 1.668184967556146295e-21
2.296943340355879263e+04 -1.723738264642162007e-23 1.624521578544445437e-21
2.298007790752571964e+04 1.843787772444280871e-21 1.600377804248022032e-21
2.299072234862486221e+04 3.674545045550522932e-21 1.695018616749673169e-21
2.300136672682554854e+04 1.308649185906542490e-21 1.570926626877040763e-21
2.301201104209712867e+04 4.002210603570107904e-21 1.625112738179268837e-21
2.302265529441121544e+04 5.840465319123377375e-21 1.777735206586877083e-21
2.303329948373927618e+04 1.337273386003635812e-21 1.616180540831872481e-21
2.304394361005055180e+04 1.170224820517133679e-21 1.562884988215675344e-21
2.305458767331323543e+04 4.883796254565031787e-21 1.655594218510680193e-21
2.306523167350208678e+04 4.574471281318724318e-21 1.578116381774141315e-21
2.307587561058525534e+04 4.396968884629823291e-21 1.527687570382233995e-21
2.308651948453080695e+04 -1.351460853506903588e-21 1.518190625754860497e-21
2.309716329531336305e+04 2.146904368179111879e-21 1.679958876666057475e-21
2.310780704290003632e+04 5.763589489226792974e-21 1.658145234727421601e-21
2.311845072726317449e+04 2.982824639466966759e-21 1.593710498107279995e-21
2.312909434836970831e+04 1.318928583499186887e-21 1.788164108240636783e-21
2.313973790619309875e+04 1.339636388231818263e-21 1.544851112094810974e-21
2.315038140070362351e+04 -1.481340469028164993e-21 1.738118290353670188e-21
2.316102483186921745e+04 4.444630929835344488e-21 1.802258852151555776e-21
2.317166819966213006e+04 4.769966822916135864e-21 1.631689097049767469e-21
2.318231150404923392e+04 4.369331272208662390e-21 1.599706097251240779e-21
2.319295474500396085e+04 4.167206442044050929e-21 1.503475572453669364e-21
2.320359792249418751e+04 4.289046921725876674e-21 1.658592291425089820e-21
2.321424103649317840e+04 5.507340983006010677e-21 1.586939514703621244e-21
2.322488408696773331e+04 -3.866130105082955399e-21 1.404277515590701607e-21
2.323552707388900672e+04 3.109406321026647970e-21 1.552395419997484287e-21
2.324616999722691980e+04 5.080867226741686753e-21 1.552905286373720628e-21
2.325681285695143742e+04 3.606414958966699806e-21 1.578491234130530726e-21
2.326745565303252806e+04 2.651915729855287730e-21 1.630642785512045919e-21
2.327809838543910155e+04 5.584993861625299780e-21 1.591196520944596938e-21
2.328874105414421865e+04 3.574226679677566335e-21 1.718582297165621671e-21
2.329938365911344226e+04 -1.186691499636146322e-21 1.507520157643522622e-21
2.331002620031992774e+04 2.596507512336771119e-21 1.593054285635204482e-21
2.332066867773247213e+04 2.571059410937639903e-21 1.688781082108958420e-21
2.333131109131971607e+04 7.529063074013677304e-21 1.959268774323656447e-21
2.334195344105364711e+04 5.731261674576408346e-21 1.569500353009989652e-21
2.335259572690301866e+04 4.510121034076945100e-21 1.629104214045815364e-21
2.336323794883650771e+04 5.698819625917142618e-22 1.539844434973511005e-21
2.337388010682594904e+04 8.535691524694894600e-22 1.503525362504404542e-21
2.338452220083885913e+04 3.663780995891027063e-21 1.627636309362032114e-21
2.339516423084613780e+04 6.601967500835724511e-22 1.536946049637531445e-21
2.340580619681852477e+04 -3.984283722746798670e-22 1.511677682839647981e-21
2.341644809872450423e+04 4.914663840884993241e-22 1.555354992071787450e-21
2.342708993653261496e+04 6.296699752025173957e-22 1.492228816191557804e-21
2.343773171021364760e+04 2.556969856119888803e-21 1.575611325003382630e-21
2.344837341973823277e+04 2.921327959295828941e-21 1.353098384699847787e-21
2.345901506507370868e+04 5.711287614674398801e-21 1.641865988321458972e-21
2.346965664619181553e+04 4.324316230554353884e-21 1.638808059475052879e-21
2.348029816305997520e+04 4.470141674749524701e-21 1.540748041925188053e-21
2.349093961564867641e+04 5.562554630463403366e-21 1.556293909541875062e-21
2.350158100392740016e+04 1.549098917056142555e-21 1.647937448288561466e-21
2.351222232785906090e+04 1.349511498652037496e-21 1.424082668607439621e-21
2.352286358657576784e+04 2.847175726430112977e-21 1.547306166441158072e-21
2.353334523213424836e+04 4.156317475635325030e-21 1.458088148454550845e-21
2.354398635225849648e+04 2.378432552789624354e-21 1.515263370298731166e-21
2.355462740792227851e+04 3.949453311850761469e-21 1.621747929314699739e-21
2.356526839908813781e+04 3.629591372524198243e-21 1.566404587322545765e-21
2.357590932572975362e+04 2.157723425915328870e-21 1.556544725158176937e-21
2.358655018781547915e+04 1.169139876520138145e-21 1.505564778391778874e-21
2.359719098531571944e+04 -1.396684700320134515e-21 1.654689683424658125e-21
2.360783171819625204e+04 -1.490520309742770239e-21 1.570581706381927345e-21
2.361847238642967204e+04 3.730928705417413992e-21 1.385590933213474550e-21
2.362911298998417988e+04 6.471424916125833336e-22 1.379295390436674037e-21
2.363975352883009691e+04 -1.398284882552475131e-21 1.552927918270897520e-21
2.365039400293190556e+04 4.192907092430639538e-21 1.639456639372567880e-21
2.366103441226564610e+04 7.671956708235748077e-21 1.648481965646706334e-21
2.367167475679483687e+04 4.728920710409981301e-21 1.555868234687939541e-21
2.368231503649195292e+04 5.543801293253787037e-21 1.496620561682293274e-21
2.369295525132475086e+04 7.092393262677093971e-21 1.608316318199860057e-21
2.370359540126138745e+04 5.688542836365860195e-21 1.847573266656858154e-21
2.371423548627311902e+04 5.815529949014535489e-21 1.505049756526053724e-21
2.372487550632661805e+04 -1.603597708612807959e-21 1.483795898236703401e-21
2.373551546139311540e+04 7.975225394756538360e-21 1.556796208551683750e-21
2.374615535143941452e+04 7.321199784097573179e-21 1.645065092724093053e-21
2.375679517643787767e+04 4.319319587352046776e-21 1.582889469527712159e-21
2.376743493635156847e+04 3.258914894884972288e-21 1.470206764778590428e-21
2.377807463115519568e+04 2.778808586870979972e-21 1.515497229611202568e-21
2.378871426081540631e+04 2.539254601677963085e-22 1.618662988893252829e-21
2.379935382529990602e+04 -2.436399122672778217e-22 1.492031742854170666e-21
2.380999332457959463e+04 2.238324640892282712e-21 1.330344425503775253e-21
2.382063275862012233e+04 1.837624002373360525e-21 1.451796684925545063e-21
2.383127212739478637e+04 5.881772905730445502e-21 1.448782124088612928e-21
2.384191143086993179e+04 3.254905587326479638e-21 1.482269446125031533e-21
2.385255066901209284e+04 2.831449309033374665e-21 1.610221486244279971e-21
2.386318984179574909e+04 3.850688692660870661e-21 1.410570653076578826e-21
2.387382894918391685e+04 3.510370637258629485e-21 1.489963613363329863e-21
2.388446799114504756e+04 3.700912101088091624e-21 1.546320594898973047e-21
2.389510696765481043e+04 4.040820606125480954e-21 1.613207999080699233e-21
2.390574587867504306e+04 8.285404712977784016e-21 1.539525371882262267e-21
2.391638472417652883e+04 -7.111579722920525530e-22 1.334042095255529458e-21
2.392702350412664964e+04 3.707913426055169637e-21 1.567838612666480393e-21
2.393766221849749491e+04 2.860335920212731025e-21 1.424543434557301621e-21
2.394830086725309957e+04 1.235056261314465835e-21 1.512338841260268889e-21
2.395893945036629157e+04 1.754622659038143283e-21 1.507823339631575603e-21
2.396957796780232820e+04 3.711903818537145521e-21 1.519684289349160096e-21
2.398021641952969367e+04 6.175196307564700667e-21 1.420786877661107587e-21
2.399085480552019726e+04 3.851681896110641833e-21 1.482928731727220318e-21
2.400149312573757925e+04 -9.757010424139071056e-23 1.343816535946886652e-21
2.401213138015383811e+04 1.483497119422796097e-21 1.438917921315495039e-21
2.402276956873506788e+04 5.221391629118457463e-21 1.447663424011389784e-21
2.403340769145284867e+04 2.805155341563807153e-21 1.451449567684070027e-21
2.404404574827220858e+04 3.874149356143291036e-21 1.427890640625927737e-21
2.405468373916154087e+04 2.199492952228117622e-21 1.439835809099654133e-21
2.406532166409131605e+04 3.361839043601904181e-21 1.609919500078418925e-21
2.407595952302965452e+04 2.709054767871578466e-22 1.522037321601775320e-21
2.408659731594159166e+04 6.388159468644503108e-21 1.402726008701026937e-21
2.409723504279758345e+04 6.742804681969905830e-21 1.594149465815956600e-21
2.410787270356567751e+04 3.311190207683682774e-21 1.715960122202508354e-21
2.411851029821639167e+04 -1.343986724451926501e-21 1.497317945541676338e-21
2.412914782671337889e+04 2.337479424434855359e-21 1.745736052309892903e-21
2.413978528902700418e+04 1.304835908279075618e-21 1.372225362552320666e-21
2.415042268512633018e+04 2.992857641704888281e-21 1.547112784403775568e-21
2.416106001497736725e+04 2.124451933315755554e-21 1.637428600702230772e-21
2.417169727854928351e+04 3.467040530508128408e-21 1.557825176647012909e-21
2.418233447581105793e+04 4.553923577154190994e-22 1.547111643104936083e-21
2.419297160672854443e+04 1.812615546581299084e-21 1.586709009600030025e-21
2.420360867127205711e+04 -4.391885549241680936e-21 1.404664030458262284e-21
2.421424566940716977e+04 8.936971419045691464e-22 1.559636133412614698e-21
2.422488260110402916e+04 3.263908422347249744e-21 1.655821867470883077e-21
2.423551946632840190e+04 4.768623254748868658e-21 1.491385822823755375e-21
2.424615626504931788e+04 -2.621787873018584380e-24 1.544233209290367897e-21
2.425679299723442819e+04 8.316481045799009650e-22 1.341727066803314000e-21
2.426742966285058719e+04 5.889695878221562899e-21 1.467304314501874679e-21
2.427806626186907670e+04 5.852952552309237693e-21 1.574344576725331422e-21
2.428870279425413173e+04 3.472737428282306844e-22 1.397098283873930808e-21
2.429933925997464758e+04 4.384305296052182667e-21 1.383809514542147976e-21
2.430997565900075642e+04 4.437439693227940666e-22 1.389919511251050738e-21
2.432061199129448505e+04 2.661299649896147547e-21 1.446303702759242230e-21
2.433124825682668234e+04 3.341920379893301260e-21 1.477253822963023756e-21
2.434188445556642182e+04 2.525315358814720789e-21 1.689451951705565076e-21
2.435252058748018317e+04 2.584698716049832332e-21 1.512636335786326280e-21
2.436315665253430416e+04 3.894151790875437116e-22 1.401129950505595439e-21
2.437379265069985559e+04 1.570975844357301453e-21 1.570530836185505684e-21
2.438442858194107248e+04 -2.389330339347507642e-21 1.565859771110122881e-21
2.439506444622659183e+04 -1.895891789643620876e-21 1.476323945044116869e-21
2.440570024352264954e+04 1.511871779159475830e-21 1.560076923050892868e-21
2.441633597380035644e+04 5.641726848135060567e-21 1.540758707756715983e-21
2.442697163702376565e+04 2.732617865068869064e-21 1.473356557566246415e-21
2.443760723315897121e+04 5.139751919693032899e-21 1.471865689870217680e-21
2.444824276217813531e+04 4.764003377149273124e-21 1.469764295741671409e-21
2.445887822404641702e+04 2.366872959105219451e-21 1.495291517269060906e-21
2.446951361872990674e+04 -2.002405346456368277e-21 1.409424602491250388e-21
2.448014894619711049e+04 2.866015627785718839e-21 1.616395793787859760e-21
2.449078420641662160e+04 -1.412845244156344557e-21 1.549266387437884741e-21
2.450141939935455957e+04 -1.810582612296613546e-22 1.483404119651643404e-21
2.451205452497573060e+04 3.865280330875137124e-21 1.601697259284445704e-21
2.452268958325218773e+04 2.536104929620679547e-21 1.397025020156195730e-21
2.453332457414887904e+04 -3.330175877403205738e-22 1.373960209687924586e-21
2.454395949763048702e+04 6.179176233394662285e-22 1.375419145526990598e-21
2.455459435366894832e+04 -1.867694868893480273e-21 1.451316907063634575e-21
2.456522914222916006e+04 2.309435021682619462e-21 1.411614190116576928e-21
2.457586386327584478e+04 5.877210366227312490e-21 1.631160035166109218e-21
2.458649851678069172e+04 1.228820889431244246e-21 1.541801140095363070e-21
2.459713310270860893e+04 3.573790745050713379e-21 1.649172019007718240e-21
2.460776762102546854e+04 4.021548258354839975e-21 1.557255931649258261e-21
2.461840207169925270e+04 3.675386021117080951e-21 1.457975393030975451e-21
2.462903645469837284e+04 -4.820244696222319954e-22 1.436433293753567241e-21
2.463967076998632911e+04 3.660224869111392664e-22 1.429204135702454482e-21
2.465030501753447243e+04 2.688102154271268151e-21 1.491559929933274867e-21
2.466093919730645575e+04 3.366743470058189009e-21 1.687467507326844420e-21
2.467157330927038856e+04 2.690215562555193252e-21 1.572117886332188043e-21
2.468220735339298699e+04 2.467964120783868826e-21 1.488916100597183946e-21
2.469284132964116361e+04 6.037257095783328786e-21 1.462677030757565847e-21
2.470347523798184193e+04 3.652348105696831188e-21 1.471896624269576850e-21
2.471410907838062121e+04 4.613226141049346900e-21 1.570336224252780782e-21
2.472474285080645859e+04 4.616336171275886696e-21 1.459571962758088050e-21
2.473537655522514979e+04 2.796854301771563140e-23 1.446390736054740521e-21
2.474601019160343640e+04 6.846719789137196859e-21 1.524535977314664715e-21
2.475664375990658664e+04 4.687573177648770035e-21 1.494088872155770522e-21
2.476727726010388142e+04 2.415482529695331102e-21 1.498070862360406351e-21
2.477791069216081087e+04 1.103308230634756799e-21 1.457550753443930270e-21
2.478854405604494241e+04 -1.570331126328098193e-21 1.553972647642338027e-21
2.479917735173891197e+04 9.041238992722917338e-22 1.388540298715711430e-21
2.480981082312029685e+04 4.718299989099088637e-21 1.584355935104809938e-21
2.482028337767466655e+04 2.665176700613237915e-21 1.459214986665681454e-21
2.483091674699443683e+04 6.113501536774944019e-21 1.440984778051115622e-21
2.484155004797342554e+04 4.347163721951423535e-21 1.472711901873201822e-21
2.485218328056865721e+04 3.013125983509788769e-21 1.493161225117868740e-21
2.486281644475115900e+04 1.311149120426805707e-21 1.667421776686810738e-21
2.487344954048405998e+04 1.100150970131421127e-21 1.583687440531928904e-21
2.488408256773586982e+04 2.158096527676521574e-21 1.531725567273655743e-21
2.489471552647186763e+04 2.968254440378619151e-21 1.462308388026002217e-21
2.490534841665850035e+04 4.652467419918474162e-21 1.451914990714606020e-21
2.491598123826081428e+04 2.235494635476698470e-21 1.422840175597873382e-21
2.492661399124510353e+04 4.562916067616444350e-21 1.765280830151360946e-21
2.493724667558120200e+04 2.418230906756619038e-21 1.504164961808154512e-21
2.494787929123183494e+04 3.669328413294565682e-21 1.385616249538493817e-21
2.495851183816544290e+04 2.683330921901977371e-21 1.579443426384637110e-21
2.496914431634492576e+04 5.106215926784025542e-21 1.551558017236812699e-21
2.497977672574093958e+04 2.247407520802081560e-21 1.466581053746127091e-21
2.499040906631503094e+04 2.409660258070993618e-21 1.533887871578874858e-21
2.500104133803794321e+04 9.607935473267129723e-21 1.600199002463550960e-21
2.501167354087122294e+04 5.099566985416431835e-21 1.475439317180124175e-21
2.502230567478425655e+04 1.229904700530398871e-21 1.393371280716987544e-21
2.503293773974201395e+04 2.534058548457833016e-21 1.417885461096534418e-21
2.504356973571168055e+04 3.636259715943746002e-21 1.433286786863783440e-21
2.505420166265572334e+04 3.191426639836472955e-21 1.548584578561508467e-21
2.506483352054353963e+04 5.221895282776603352e-21 1.467883743960314536e-21
2.507546530934005568e+04 3.187527729732059164e-21 1.383697971310084015e-21
2.508609702901101628e+04 3.359771834292199254e-21 1.389877124580785995e-21
2.509672867952234810e+04 -1.174112065835239426e-22 1.587760367396839009e-21
2.510736026084000332e+04 -5.856782069817494921e-22 1.454546771800077571e-21
2.511799177292970489e+04 9.090246467815956779e-22 1.443820885850426148e-21
2.512862321575722672e+04 -1.064464199821291872e-21 1.510594046633497781e-21
2.513925458928849548e+04 1.919643567508605846e-21 1.463055899454269470e-21
2.514988589348914684e+04 -1.049970053584906883e-21 1.362990068051266450e-21
2.516051712832372868e+04 4.136402937909234809e-21 1.507842077080265542e-21
2.517114829376035777e+04 3.979556451089197812e-21 1.444178575796568904e-21
2.518177938976234145e+04 1.906503367171828747e-21 1.431784986430838178e-21
2.519241041629642132e+04 8.650397082444908951e-21 1.443980826832247299e-21
2.520304137332832397e+04 3.576859359540164751e-21 1.582117124617764431e-21
2.521367226082477646e+04 5.345000964569962207e-21 1.698660325231372025e-21
2.522430307875012659e+04 3.310129615853039360e-21 1.604784428793560528e-21
2.523493382706882767e+04 -3.977862098621845926e-22 1.424250516176873714e-21
2.524556450574869450e+04 -1.033552579493618343e-21 1.425643079641455804e-21
2.525619511475167019e+04 5.954495696057819496e-21 1.450665911992760166e-21
2.526682565404678826e+04 4.601610792619119979e-21 1.647387961771530805e-21
2.527745612359949882e+04 9.376075016623812592e-23 1.457764724026300378e-21
2.528808652337393505e+04 -3.116993695678415705e-21 1.540503166504462323e-21
2.529871685333440109e+04 -6.335833144582929129e-21 1.607943381689289103e-21
2.530934711344743846e+04 -3.868545495016752364e-21 1.456705057744719203e-21
2.531997730367711847e+04 -2.855102938032114562e-21 1.479741277690033780e-21
2.533060742399228911e+04 4.257512685132559756e-21 1.532828829193232814e-21
2.534123747435482437e+04 3.345967246254717723e-21 1.534495190521640810e-21
2.535186745473213159e+04 1.997456680310563827e-22 1.518643807326808800e-21
2.536249736507937996e+04 -1.324231861564807881e-21 1.588884455612207536e-21
2.537312720453122893e+04 3.519021767867361203e-21 1.488211954364550767e-21
2.538359551000005376e+04 -2.461583124824503364e-21 1.546115073707204374e-21
2.539422519925872621e+04 3.711292907176050647e-22 1.480801584985644492e-21
2.540485481835561586e+04 3.685408173772638325e-21 1.631291957631268366e-21
2.541548436725558349e+04 2.503855226778719996e-21 1.484533963539871298e-21
2.542611384592394825e+04 -5.909574498612957045e-22 1.483165108693857606e-21
2.543674325432569822e+04 1.009018625455959130e-21 1.429153426373313249e-21
2.544737259242683285e+04 5.437016886338160629e-21 1.276006531558624538e-21
2.545800186018898239e+04 1.779838431661194861e-21 1.425747961954000445e-21
2.546863105757946323e+04 1.679721257542692571e-21 1.500005290296196732e-21
2.547926018456419843e+04 3.166278282562151362e-21 1.496448321295306611e-21
2.548988924110591324e+04 1.830582493228516636e-21 1.513362656890694383e-21
2.550051822717185860e+04 8.484775211322439653e-22 1.465443260116501176e-21
2.551114714272545825e+04 2.280376914316066947e-21 1.549016256516055060e-21
2.552177598773058344e+04 3.599882217748912448e-21 1.477105582440255957e-21
2.553240476215679519e+04 9.346095494066333817e-21 1.477782032760453692e-21
2.554303346596020856e+04 5.281875045511764472e-21 1.446249389303253162e-21
2.555366209911185433e+04 1.572609857030675021e-21 1.299360350741471696e-21
2.556429066157518537e+04 2.781970020887035691e-21 1.351291355357392782e-21
2.557491915331586642e+04 1.784383916025640688e-21 1.556807644027959040e-21
2.558554757429640449e+04 -5.328976652361433592e-22 1.288144387034996035e-21
2.559617592448379219e+04 4.222814570041871421e-21 1.470004252999161614e-21
2.560680420384122408e+04 1.068602749592949244e-21 1.314924706826581301e-21
2.561743241233229855e+04 -3.188918019110790417e-21 1.310567171767205952e-21
2.562806054992152349e+04 4.498444527996902809e-21 1.334511403127437567e-21
2.563868861657563684e+04 5.298819202915982596e-21 1.431913291641125140e-21
2.564931661225936841e+04 2.621269324536325764e-21 1.217900928146957197e-21
2.565994453693471223e+04 -2.982018628490399230e-21 1.282952113569496422e-21
2.567057239056832987e+04 1.699743316361757406e-21 1.391657553312440314e-21
2.568120017312245909e+04 3.066840950298581289e-21 1.484892997299552939e-21
2.569182788456261187e+04 -1.345047417115607344e-21 1.363489807981615642e-21
2.570245552485300504e+04 -1.568080824218440773e-21 1.364093366511242275e-21
2.571308309395815741e+04 1.012232802221630651e-21 1.401868359864067769e-21
2.572371059183986290e+04 3.898988066240040617e-21 1.344280462691762241e-21
2.573433801846836286e+04 -1.562081856746124961e-21 1.289093128074923363e-21
2.574496537380320660e+04 -2.336444025576791097e-22 1.343524339472159116e-21
2.575559265781219801e+04 3.976717486630420632e-21 1.413225476728324843e-21
2.576621987045332571e+04 3.070413495074047257e-21 1.346672144302182267e-21
2.577684701169580876e+04 1.293823549038387586e-21 1.354753653209365602e-21
2.578747408150244155e+04 3.500950001079670891e-21 1.401322527130159078e-21
2.579810107983606576e+04 2.307539377213921616e-21 1.230737176336052007e-21
2.580872800666213880e+04 1.602221350482568102e-21 1.347306224013858856e-21
2.581935486194455370e+04 2.582298976187644577e-21 1.254157830256369873e-21
2.582998164564856779e+04 1.651364368353625741e-21 1.428646884021683680e-21
2.584060835773709914e+04 1.309728267260500516e-21 1.347368098971220992e-21
2.585123499817392803e+04 6.062900182801484264e-21 1.562197742240566259e-21
2.586186156692303848e+04 4.132210862780549719e-22 1.372999274739134821e-21
2.587248806394846179e+04 2.730249634582010308e-21 1.255931824727708714e-21
2.588311448921389092e+04 5.631106132603727936e-21 1.347298533710691968e-21
2.589374084268204751e+04 2.195242562830612643e-21 1.245863376052511451e-21
2.590436712431805790e+04 3.472177556585468787e-21 1.358766993582122057e-21
2.591499333408551684e+04 5.158741628796230560e-21 1.396355829743045244e-21
2.592561947194833192e+04 4.247891893082735763e-21 1.401733180326308037e-21
2.593624553786910838e+04 1.033223530259660383e-21 1.478666122691293069e-21
2.594687153181617032e+04 -1.092352895267289058e-21 1.361939755719901624e-21
2.595749745374731719e+04 4.289567457409852713e-21 1.340466711380532879e-21
2.596812330362867579e+04 3.126023507229215805e-21 1.329243170436152631e-21
2.597874908142482673e+04 2.933959928615866446e-21 1.387086845674814062e-21
2.598937478709841525e+04 4.258108175830518303e-21 1.285688739511150418e-21
2.600000042061174099e+04 4.466710732281062773e-21 1.248308410827746796e-21
2.601062598193060694e+04 1.106109457504119434e-21 1.377365861943095151e-21
2.602125147101629045e+04 2.918298259304477239e-21 1.428981996318650999e-21
2.603187688783344856e+04 7.124851971399652056e-22 1.297452616842820555e-21
2.604250223234415898e+04 2.437622128159956637e-21 1.374687522135188662e-21
2.605312750451454485e+04 2.442175602701220647e-21 1.321415257547811946e-21
2.606375270430538149e+04 5.416964620020511595e-21 1.439991611215568009e-21
2.607437783168250098e+04 5.713672532415573851e-21 1.527176616717885996e-21
2.608500288660691876e+04 6.357401919552498082e-21 1.605300926747248181e-21
2.609562786904425593e+04 3.170065518771914487e-21 1.474799116962913698e-21
2.610625277895661930e+04 -1.099897731743488868e-21 1.447614032867515529e-21
2.611687761630862224e+04 7.948144620000852546e-22 1.383805592593826257e-21
2.612750238105953031e+04 2.163956705660993495e-21 1.365726325194996160e-21
2.613812707317643799e+04 8.120431782576437686e-22 1.397401773863172673e-21
2.614875169262134295e+04 8.560611105253281219e-22 1.452654488364781569e-21
2.615937623935833471e+04 3.555092133826865988e-21 1.304851753337395401e-21
2.617000071334706445e+04 2.731206591235400210e-21 1.504160262906408869e-21
2.618062511455434651e+04 1.239701726478459354e-21 1.264579512497748528e-21
2.619124944294174202e+04 9.326309828240531738e-22 1.254311971861726305e-21
2.620187369847128866e+04 -1.311460066799219273e-22 1.355617028926825436e-21
2.621249788110715235e+04 1.917695102724541755e-21 1.438509536734674913e-21
2.622312199081469225e+04 1.141141999032192955e-21 1.263111087102697764e-21
2.623374602755328306e+04 3.393356343027771352e-21 1.270876113535853694e-21
2.624436999128570460e+04 9.392621473095849383e-22 1.300978561866945577e-21
2.625499388197608278e+04 3.866746839824176310e-21 1.345756592809110441e-21
2.626561769958865989e+04 4.236980212454012246e-22 1.403990542140854691e-21
2.627624144408480424e+04 4.037784508492423715e-21 1.398795877876578399e-21
2.628686511542618973e+04 3.659820150759515166e-21 1.357234987461260147e-21
2.629748871357690587e+04 1.021419432743394164e-21 1.427412557733796809e-21
2.630811223849942326e+04 1.593334258695115468e-21 1.364285988706002820e-21
2.631873569015668909e+04 2.543583448627504627e-21 1.451844736317111476e-21
2.632935906851138134e+04 1.998462482096942727e-21 1.515993944278135325e-21
2.633998237352590877e+04 1.414353688406096834e-21 1.481944098910632185e-21
2.635060560516316764e+04 -5.481181718726953162e-23 1.693337726917086628e-21
2.636122876338561400e+04 -4.916955203763108987e-22 1.307773302427761632e-21
2.637185184815576213e+04 1.134641736092752990e-21 1.359033780897392109e-21
2.638247485943632637e+04 2.555303181481394750e-21 1.433906287319887282e-21
2.639309779718959544e+04 1.632886841648737205e-21 1.559247615877050157e-21
2.640372066137814181e+04 2.364338597573024036e-21 1.394980372778034037e-21
2.641434345196450886e+04 -4.201770679259618663e-22 1.411117614939239326e-21
2.642496616891085432e+04 2.250176054855792138e-21 1.436628697673340706e-21
2.643558881217976159e+04 7.423009811210790835e-22 1.500906203987727024e-21
2.644604877826019947e+04 1.000224670347372220e-21 1.369915960751428853e-21
2.645667126307358922e+04 -3.584372201364089059e-22 1.284589851294853699e-21
2.646729367410387931e+04 1.826673860444011482e-21 1.371732821281828619e-21
2.647791601130428899e+04 3.948658904931703570e-21 1.347442492010061261e-21
2.648853827463710695e+04 -1.262878942589052996e-21 1.381206117074339752e-21
2.649916046406456735e+04 2.899170789474186728e-21 1.255635583635126643e-21
2.650978257954873698e+04 2.510080489778285915e-21 1.235251902728993964e-21
2.652040462104938706e+04 4.269815493609019305e-21 1.424185330770028153e-21
2.653102658853357207e+04 1.675832607824574998e-21 1.406613524807574465e-21
2.654164848196081948e+04 -8.444646397441202705e-22 1.376651390299183002e-21
2.655227030129084960e+04 2.520346109189546680e-22 1.334330367319467015e-21
2.656289204648926534e+04 -1.794681134802004219e-21 1.397578240653266301e-21
2.657351371751686020e+04 3.113218367876518796e-21 1.485044214554817756e-21
2.658413531433444223e+04 6.836630873494494946e-22 1.434188252762349378e-21
2.659475683690507867e+04 -1.242027999968691043e-21 1.402371012658585319e-21
2.660537828519329560e+04 1.317372107341265858e-22 1.356798309101894307e-21
2.661599965915843859e+04 1.612701706488092987e-21 1.405449705646658809e-21
2.662662095876227977e+04 6.045620507739080158e-21 1.367896286711521406e-21
2.663724218396673677e+04 2.902947537907743509e-21 1.330471260779763549e-21
2.664786333473226114e+04 -2.416864248020129827e-22 1.230212605932448668e-21
2.665848441102184734e+04 3.642262096383199232e-21 1.243163207379471583e-21
2.666910541279859535e+04 2.601400921472080585e-21 1.409352286878834146e-21
2.667972634002156337e+04 3.243180041607673187e-21 1.464512951999629332e-21
2.669034719265375315e+04 4.519669021630621047e-21 1.397965636901783228e-21
2.670096797065807186e+04 6.052706125143942585e-21 1.438823062180053761e-21
2.671158867399478549e+04 1.797201968481776107e-20 1.483468511179919340e-21
2.672220930262557158e+04 2.416650299805640206e-20 1.671353111393276752e-21
2.673282985650810951e+04 2.355107424816794353e-20 1.795650383889897317e-21
2.674345033560889351e+04 2.545918638223165056e-20 1.927619353151525727e-21
2.675407073988709089e+04 7.459335672501257415e-21 1.604727757360699781e-21
2.676469106930651833e+04 5.627451035627985219e-21 1.491295438426265081e-21
2.677531132382870055e+04 8.995119467423408767e-22 1.478086164940582076e-21
2.678593150341379078e+04 4.725414099652793927e-21 1.649178348159606161e-21
2.679655160802429964e+04 1.098962659382781819e-21 1.562178989378958961e-21
2.680717163762043492e+04 -1.193654009498572531e-21 1.377816248685281156e-21
2.681779159216212429e+04 3.241854071927042720e-21 1.325911892418823687e-21
2.682841147161187109e+04 6.006484422613951218e-21 1.374877439485216661e-21
2.683903127592981036e+04 6.258626996203063966e-21 1.451320646764324571e-21
2.684965100508081741e+04 2.239386483260376640e-21 1.527411727430339963e-21
2.686027065902360118e+04 3.994826652000697707e-21 1.520048522815409697e-21
2.687089023771421489e+04 2.950867427875448348e-21 1.654794773016565015e-21
2.688150974111875985e+04 2.437111159871811733e-21 1.455020600836207550e-21
2.689212916919983036e+04 3.822911625595590156e-21 1.475952823750761585e-21
2.690274852192090839e+04 6.888689548301952691e-21 1.483179134523982024e-21
2.691336779923093127e+04 1.650651095141969046e-21 1.390108391521320132e-21
2.692398700023005586e+04 -4.205178163115480641e-23 1.509661236462302829e-21
2.693444301734349574e+04 3.156203876605207487e-23 1.364230167366520773e-21
2.694506205716329714e+04 2.846719485721441031e-21 1.466499740205845632e-21
2.695568102142370844e+04 4.794698308304841407e-21 1.442304227288166819e-21
2.696629991008305660e+04 4.443768336664878697e-21 1.438540592100245305e-21
2.697691872309967584e+04 3.182014915521646070e-21 1.500295826154128842e-21
2.698753746044059881e+04 1.933160275316669529e-22 1.475437361536744150e-21
2.699815612206694277e+04 1.230887998058349066e-21 1.476013439822805284e-21
2.700877470793800603e+04 1.563299976246816510e-21 1.430696285919874510e-21
2.701939321801052211e+04 1.575004874761720373e-21 1.533589650214233105e-21
2.703001165224931538e+04 4.295729783185447059e-21 1.606305082242441143e-21
2.704063001061345858e+04 3.577803218172162755e-21 1.517359464856733228e-21
2.705124829306115134e+04 2.703181568540312664e-21 1.518817877410089636e-21
2.706186649955299072e+04 1.855672490868360976e-22 1.391701882137402698e-21
2.707248463005460144e+04 3.107764981002057843e-21 1.341920486230283850e-21
2.708310268452677701e+04 1.196684136541696992e-21 1.553756182569749526e-21
2.709372066292720046e+04 3.864309859622848113e-21 1.557626414207066526e-21
2.710433856521639973e+04 -8.530151027374424626e-22 1.467313887086995214e-21
2.711495639135362944e+04 4.787665371030946016e-22 1.536187641558404122e-21
2.712557414130162215e+04 1.962411420020522610e-21 1.478557108384102726e-21
2.713619181501182538e+04 2.039081375846422541e-21 1.450167719004722993e-21
2.714680941223567424e+04 -1.700115678432393548e-21 1.363098667029433291e-21
2.715742662716565610e+04 3.568050213383956567e-21 1.432487347038041765e-21
2.716804357661557151e+04 1.768335861508263760e-21 1.502326611163276204e-21
2.717866044968853748e+04 1.410063480408048653e-21 1.524203272755512614e-21
2.718927724634242259e+04 3.379643599215868226e-21 1.543358303211487861e-21
2.719989396653470612e+04 3.578945782433117990e-21 1.671142195447838476e-21
2.721051061023069997e+04 6.015205299535659141e-22 1.544981817882919700e-21
2.722112717739210711e+04 1.330230367351524273e-21 1.456714019972035191e-21
2.723174366797614130e+04 2.376324574825362538e-21 1.501522351116337098e-21
2.724236008194433816e+04 6.718538497250003744e-21 1.612987950157511282e-21
2.725297641925414791e+04 4.260205864439856907e-21 1.566255138720211976e-21
2.726359267986138002e+04 -3.056169206398315648e-22 1.634922667075590932e-21
2.727420886373422763e+04 -1.399197678290427357e-21 1.465703992095427859e-21
2.728482497083375347e+04 5.955037298141527407e-21 1.511083941230235472e-21
2.729544100111466105e+04 8.177934215635504748e-22 1.504917661716110817e-21
2.730605695453957378e+04 1.083966778603697761e-23 1.482915764379960737e-21
2.731667283106541436e+04 3.943177483342128529e-21 1.595600330039822457e-21
2.732728863064570396e+04 2.473195119768475756e-21 1.494196525912431922e-21
2.733790435325460930e+04 -9.565413581908213232e-22 1.491377835047105380e-21
2.734851999884926045e+04 2.666930856490620248e-22 1.382795947543682686e-21
2.735913556738289117e+04 1.801585795013867213e-21 1.647153589090042076e-21
2.736975105881622221e+04 2.514180772973510164e-21 1.712480619261949700e-21
2.738036647310396074e+04 1.826844958006340286e-21 1.775618778295283825e-21
2.739098181022010249e+04 3.595638572080137547e-21 1.629083360069968931e-21
2.740159707011761930e+04 1.684994242042641657e-21 1.650272682205654664e-21
2.741221225275360848e+04 -7.784424402553054282e-22 1.583522058882213921e-21
2.742282735808730649e+04 2.670263622803567042e-21 1.608997278262642781e-21
2.743344238607451189e+04 1.024564026746508338e-22 1.476149671564331928e-21
2.744405733668516768e+04 3.183944606045954396e-21 1.563911833507399179e-21
2.745467220987602195e+04 1.595482883939709989e-21 1.629449811424325839e-21
2.746528700560270227e+04 1.784883658220847196e-21 1.702831897515918791e-21
2.747590172382295714e+04 1.372098649347026799e-21 1.614144242051758444e-21
2.748651636449505895e+04 1.697645370696162024e-21 1.604409465423894261e-21
2.749713092758882703e+04 1.679565573706804958e-21 1.569477282831811422e-21
2.750774541305683670e+04 6.543321064051799244e-22 1.619229001378375615e-21
2.751835982085722935e+04 -2.522356142931732435e-21 1.417297983900862369e-21
2.752897415094491589e+04 3.034478561650194263e-21 1.535628126792986036e-21
2.753958840329127634e+04 -2.828070611233813946e-21 1.572267736858150205e-21
2.755020257784741261e+04 3.956530870251268006e-21 1.838105755272426095e-21
2.756081667457502772e+04 1.564260452037192756e-21 1.769788098945205957e-21
2.757143069342547460e+04 3.430302283061458008e-21 1.679478268353442894e-21
2.758204463436937294e+04 4.722749263312560716e-21 1.536748004450424134e-21
2.759265849736078962e+04 5.073320555719093298e-21 1.624338764959282038e-21
2.760327228235985967e+04 4.685035716660609342e-22 1.716592041557432861e-21
2.761388598931888555e+04 3.164503636200680430e-21 1.624624578370980579e-21
2.762449961820362296e+04 2.234362547997639314e-21 1.615809182272772155e-21
2.763511316897394499e+04 2.456497202392664664e-21 1.686220604717219849e-21
2.764572664158770567e+04 -1.464301556225863807e-21 1.664777148554854197e-21
2.765634003599695279e+04 4.640676198046414597e-21 1.721852676072250874e-21
2.766695335216708554e+04 4.603894202776734599e-21 1.794134032907341618e-21
2.767756659005837719e+04 1.930208402628284087e-21 1.701610794264740247e-21
2.768817974962786684e+04 1.280952824756769094e-21 1.510667940329763748e-21
2.769879283082666734e+04 4.803560075767382141e-21 1.596290805154877519e-21
2.770940583362384132e+04 1.006422398025113130e-21 1.755314874436208360e-21
2.772001875797540197e+04 3.846849006518857703e-21 1.578596909474479943e-21
2.773063160384007642e+04 9.288798475628580661e-21 1.898263129488894897e-21
2.774124437116686386e+04 2.554479519374490513e-20 2.067525298037453745e-21
2.775185705992787189e+04 1.715938942821116769e-20 1.927978489731437744e-21
2.776246967007738203e+04 1.892055171677506584e-21 1.750129401195672345e-21
2.777308220157265532e+04 -2.125171469177131596e-22 1.815814992692087778e-21
2.778369465436422979e+04 4.911721079067856348e-21 1.744156596262815923e-21
2.779430702842750907e+04 2.113691579401654438e-21 1.567776024385409490e-21
2.780491932371185248e+04 1.780173459334165690e-21 1.648496757701375360e-21
2.781553154016740882e+04 6.015549976239254079e-21 1.724009830744458041e-21
2.782614367776591826e+04 3.380769870649614979e-21 1.706776933736818561e-21
2.783675573646028715e+04 -1.533059829601061973e-21 1.791893788266535586e-21
2.784736771621129446e+04 2.464130610054045240e-22 1.759699490627242197e-21
2.785781549736956367e+04 7.226698402071338007e-22 1.559604531212053767e-21
2.786842730788554036e+04 -4.129355605004252950e-22 1.638887676215305749e-21
2.787903903933566107e+04 1.200373787893228325e-20 1.852395724416001104e-21
2.788965069166150352e+04 1.224519995897778408e-20 1.824427388533334331e-21
2.790026226483679420e+04 9.173971770701800438e-22 1.654570425949731378e-21
2.791087375881438129e+04 -3.424333053036743807e-21 1.583748697955258615e-21
2.792148517354697833e+04 4.961563881685573629e-22 1.685169038260024627e-21
2.793209650899659391e+04 5.012904047846259094e-21 1.993679133959314935e-21
2.794270776512493831e+04 -2.765839079040994021e-21 1.883170736466462172e-21
2.795331894188482329e+04 4.321025148121282816e-21 1.758194991188460369e-21
2.796393003922884236e+04 1.027267486223517429e-21 1.626996335002595624e-21
2.797454105713040553e+04 4.343993377176120675e-21 1.915312373015775158e-21
2.798515199553572893e+04 3.984084527685638922e-21 1.966398632326682979e-21
2.799576285439857747e+04 4.065860107403538296e-21 2.291126026350056158e-21
2.800637363369108061e+04 1.869899268765457263e-21 1.941279396676491145e-21
2.801698433336172820e+04 -5.026596255026283932e-22 1.614080649197152952e-21
2.802759495336313194e+04 4.269765925115515606e-21 1.768228317240484035e-21
2.803820549366713749e+04 1.831141390149069993e-21 1.732235713794474884e-21
2.804881595422349710e+04 4.698295652945889592e-22 2.205525559016419512e-21
2.805942633498215946e+04 1.947397103752944281e-21 2.054125502829789398e-21
2.807003663591474469e+04 6.556565110709287290e-21 1.832809764055779629e-21
2.808064685697244931e+04 -9.781118478231097105e-22 1.618209482572791579e-21
2.809125699810612059e+04 -8.996283680736632501e-22 1.948968782385892698e-21
2.810186705928750962e+04 -4.228291610872325311e-22 1.828060765178288762e-21
2.811247704046500075e+04 -4.250565642892534443e-21 1.613592075779795187e-21
2.812308694159194420e+04 1.371115174009022009e-21 1.784784850116665306e-21
2.813369676263619840e+04 4.004540092510115180e-21 1.629958056006783509e-21
2.814430650354972749e+04 3.706673863463876902e-21 1.849813726882642766e-21
2.815491616428346242e+04 2.688803558579338684e-21 1.519565985604931371e-21
2.816552574480875410e+04 6.856229442795005745e-21 1.835671051635001980e-21
2.817613524506862450e+04 3.690276126224906731e-21 1.750536420428734032e-21
2.818674466502936411e+04 4.688419964930654166e-21 1.857520471613305660e-21
2.819735400464797931e+04 7.148627127018818242e-22 1.574127552378023981e-21
2.820796326387396766e+04 2.404546740430471897e-21 1.467983507489278349e-21
2.821857244267456190e+04 3.228331327533074940e-21 1.609210387151878128e-21
2.822918154099916865e+04 1.014556414521631269e-21 1.903728470891558980e-21
2.823979055880474334e+04 1.089263924030791991e-22 1.903512460324186037e-21
2.825039949605724905e+04 2.246652644181521548e-22 1.996631234590894207e-21
2.826100835270209427e+04 2.058307857863448769e-21 1.895938982970664787e-21
2.827161712870120391e+04 3.031177813401524033e-21 2.017692506011634314e-21
2.828222582400795363e+04 3.664583094730142635e-21 1.744320462524171169e-21
2.829266985784740245e+04 5.197180008513251458e-22 1.780468397664446643e-21
2.830327838036652247e+04 7.988642630547707578e-22 1.795909260088850533e-21
2.831388682206386147e+04 5.654625807494113866e-22 1.679097018910343028e-21
2.832449518289638218e+04 5.515121784842614882e-21 1.735933637343916033e-21
2.833510346282465252e+04 3.988534667727568309e-21 1.811271776430165791e-21
2.834571166179863212e+04 5.128123337817966544e-22 1.826430902421760530e-21
2.835631977978310169e+04 3.661097084059729562e-21 1.675548933526486023e-21
2.836692781672772617e+04 5.241666566557318642e-21 1.795908027199660569e-21
2.837753577259200756e+04 3.431071249985440395e-21 1.734761129325267073e-21
2.838814364733752882e+04 3.935800478437013909e-21 1.704831581161537402e-21
2.839875144090635149e+04 1.563930207269192262e-21 1.797126832823360091e-21
2.840935915327212570e+04 2.067541640853165486e-21 1.582684748636216557e-21
2.841996678437791707e+04 -6.520588328002546110e-22 1.716189267957058640e-21
2.843057433418694200e+04 -2.065698307236646212e-22 1.805813586485783616e-21
2.844118180265657793e+04 4.286798969962136890e-21 1.726279939495773616e-21
2.845178918973549298e+04 1.402827942850824234e-20 1.637200994213042776e-21
2.846239649539162929e+04 1.040628649936655039e-20 1.815139694850676119e-21
2.847300371957083553e+04 8.651914842686218559e-21 1.732430137733116723e-21
2.848361086223185339e+04 -1.124261527591064640e-22 1.596462499529658186e-21
2.849421792333351914e+04 -1.639120384353686925e-21 1.634887901049085101e-21
2.850482490282943400e+04 2.150432616025204018e-21 1.686829894437077321e-21
2.851543180068212314e+04 2.743548544885264171e-21 1.591212942874360093e-21
2.852603861683600189e+04 6.750978509942931995e-22 1.467972366654395839e-21
2.853664535125872135e+04 4.259550748713615534e-21 1.852845781308585015e-21
2.854725200389728707e+04 2.231598596962806286e-22 1.822487407343015075e-21
2.855785857471279814e+04 1.631087972880696182e-21 1.803049724395134073e-21
2.856846506365860478e+04 3.548761318852732192e-21 1.731124556255581540e-21
2.857907147069329585e+04 5.467080805363874199e-22 1.736790045447050583e-21
2.858967779577258261e+04 6.001979891236368156e-22 1.636509029965395129e-21
2.860028403884857471e+04 1.036833763575045752e-22 1.728758826283954587e-21
2.861089019988201107e+04 2.418034985972984235e-21 1.689487549000624348e-21
2.862149627882239656e+04 5.155608921486971634e-21 1.581888171621580326e-21
2.863210227563445733e+04 4.921577145554661583e-21 1.516406702973218345e-21
2.864270819026477693e+04 -1.521607236244919614e-21 1.513619677749498414e-21
2.865331402267555677e+04 2.796028611105254473e-22 1.683816911316100538e-21
2.866391977281576328e+04 2.249088681176739431e-21 1.748953351292820728e-21
2.867452544064777248e+04 -3.919887392097355853e-21 1.499238189461235277e-21
2.868513102612153671e+04 -5.650678074477114129e-21 1.627181952804132791e-21
2.869573652919958113e+04 -3.440262832133328712e-21 1.684803780760956678e-21
2.870634194983167617e+04 5.362854567500077612e-21 1.641979877723236961e-21
2.871694728797361677e+04 -5.389637114878374405e-21 1.601653379283687401e-21
2.872755254358191451e+04 2.145775571312369700e-21 1.898907044152374868e-21
2.873815771661205508e+04 1.984593557044037442e-21 1.619631792660860297e-21
2.874876280702068834e+04 2.499779326115538236e-21 1.606501027183464184e-21
2.875936781475905445e+04 -1.757513864415973251e-21 1.566819698667281378e-21
2.876997273978928206e+04 2.972075421588764632e-22 1.759131467745039321e-21
2.878057758205696882e+04 -1.524636860365713128e-21 1.739921651892411337e-21
2.879118234152963487e+04 8.694133857437447241e-22 1.608377971682841438e-21
2.880178701815015665e+04 2.727056958879680161e-21 1.635110448708196110e-21
2.881239161188189610e+04 -4.832797860474400029e-22 1.621916489904977139e-21
2.882299612267449629e+04 -7.900396988883621129e-22 1.776957816314378862e-21
2.883360055048834693e+04 5.522116351494956457e-21 1.765156324869167973e-21
2.884420489527323662e+04 -1.767701124866659409e-21 1.776487486022768633e-21
2.885480915698931494e+04 -1.900461834600625288e-22 1.600554982203479313e-21
2.886541333558643601e+04 -2.134159919718478867e-23 1.718498195409379328e-21
2.887601743102454202e+04 5.897318342360438493e-21 1.602058054227951281e-21
2.888662144325353802e+04 4.563346515295433487e-21 1.698446809036917809e-21
2.889722537223192558e+04 3.827840997243834638e-21 1.557409360696744822e-21
2.890782921791345143e+04 2.790088083521357881e-21 1.648511267371496783e-21
2.891843298025272088e+04 -2.353057648679162224e-21 1.695743885959548051e-21
2.892903665920191997e+04 1.595099345605776197e-21 1.806569829202334597e-21
2.893964025472370122e+04 3.916474722706464533e-21 1.600045586944405329e-21
2.895024376676202519e+04 -6.799287321274654772e-22 1.502974591196357843e-21
2.896084719528099959e+04 3.567140125501173969e-22 1.651864189687390370e-21
2.897145054022832483e+04 5.303081117689258761e-22 1.668158442337525558e-21
2.898205380156154206e+04 2.250507733802498839e-21 1.699940218666665187e-21
2.899265697923745756e+04 4.156920683672212285e-21 1.655916197438718812e-21
2.900326007320427016e+04 -2.315902022018584737e-22 1.699369657152890676e-21
2.901386308342284610e+04 -7.948073780831184255e-22 1.720909173826527836e-21
2.902446600984373799e+04 5.201582038531646855e-21 1.767754142766389910e-21
2.903506885242394128e+04 7.645412777281759068e-21 1.774040197437017710e-21
2.904567161111515452e+04 2.350974743720893876e-21 1.936299666971626757e-21
2.905627428587304894e+04 2.942892778327134350e-21 1.554977273077988518e-21
2.906687687665179692e+04 1.866589931376916219e-21 1.528402352410011108e-21
2.907747938340585824e+04 2.646181182692394608e-21 1.646249891193695728e-21
2.908808180609042029e+04 5.282802873894453427e-21 1.789452240796485055e-21
2.909868414465605747e+04 4.113240410151039824e-21 1.681154392563731877e-21
2.910928639906167518e+04 3.405670961836962969e-21 1.915734744826772845e-21
2.911972305261977453e+04 5.065589096852086472e-21 1.743009666142959204e-21
2.913032512710754963e+04 1.984349031844039628e-21 1.678125268861123475e-21
2.914092711730328301e+04 3.428788042719562072e-21 1.931448819115630095e-21
2.915152902314946186e+04 1.516571778474646284e-21 1.718391977220715142e-21
2.916213084460147002e+04 -3.972606851809153196e-21 1.720821088718094004e-21
2.917273258161178455e+04 -4.183131738319241839e-21 1.967656576179798727e-21
2.918333423413701166e+04 -1.511433493624667112e-22 1.894188821700900625e-21
2.919393580212962479e+04 3.292445326119176720e-21 1.738534510608223510e-21
2.920453728554214467e+04 4.399170671821384647e-21 1.842771162722809389e-21
2.921513868433227253e+04 3.608635552227185582e-21 1.874234668132776168e-21
2.922573999844845457e+04 4.995263034654035220e-21 1.700492374530189265e-21
2.923634122784711144e+04 1.349154578703464755e-21 2.051569653550041966e-21
2.924694237248307763e+04 6.145290112926607633e-21 1.849816521721666455e-21
2.925754343230882660e+04 2.153160345890096731e-21 1.768525125856209534e-21
2.926814440727778128e+04 2.253742296899204563e-21 1.976905486480157984e-21
2.927874529734105090e+04 1.738824776596042752e-21 1.848317184957191263e-21
2.928934610245719523e+04 1.076610053856305652e-21 1.593175666385618918e-21
2.929994682257597015e+04 3.230105138271892706e-21 1.705856968057443215e-21
2.931054745765326516e+04 -4.989678688476488186e-22 1.695209840659998955e-21
2.932114800764127358e+04 3.465864069843145516e-21 1.904360387927675872e-21
2.933174847249074446e+04 4.987704578804301746e-21 1.731401824735823989e-21
2.934234885216016846e+04 -4.277316013665541642e-22 1.529836148848225487e-21
2.935294914659905771e+04 -3.582996602745422988e-21 1.671436655046370235e-21
2.936354935576183198e+04 -2.079502453428691905e-21 1.724748187193742313e-21
2.937414947960443897e+04 -1.213418701972365095e-21 1.677629856634757340e-21
2.938474951807346588e+04 5.336055509880354710e-22 2.028921793770081993e-21
2.939534947112735972e+04 1.770570947695163281e-21 1.711410840496060622e-21
2.940594933871781541e+04 6.454458004779878610e-21 1.746588682157141386e-21
2.941654912079805945e+04 1.247059810981038178e-20 1.835375463751234163e-21
2.942714881732100548e+04 8.790787857587094436e-21 1.946103760843436997e-21
2.943774842824106963e+04 7.807297347384706668e-22 1.889059241617444204e-21
2.944834795350717832e+04 1.881344521959426398e-21 2.266973704135267897e-21
2.945894739307499549e+04 3.840787074748636528e-21 1.810436617461491294e-21
2.946954674689995227e+04 1.112545803745560512e-21 1.743817342427000711e-21
2.948014601492973816e+04 -1.577159366625607053e-21 1.916174686191439320e-21
2.949074519712685287e+04 1.221095954551898490e-21 1.707787910782717649e-21
2.950134429407343123e+04 -5.548796309667920966e-21 1.678786855033194889e-21
2.951194331412115571e+04 3.187843699326724329e-22 1.664192111898926110e-21
2.952237629672908224e+04 5.398508387796360004e-21 2.049630650930530069e-21
2.953297513414008426e+04 3.145911135572723861e-21 1.711308980742598577e-21
2.954357388547119263e+04 7.918444214571903594e-22 1.657816415140457022e-21
2.955417255067637598e+04 -1.016447888532559772e-21 1.534065859704635627e-21
2.956477112970943199e+04 3.388164554722607886e-21 1.763618880974954975e-21
2.957536962252037483e+04 -4.555559836933857065e-21 1.612649050989009348e-21
2.958596802906280936e+04 -3.544719278068825919e-22 1.629420129640379547e-21
2.959656634929078064e+04 1.380211033719134618e-21 1.657499054503752144e-21
2.960716458315372802e+04 5.174560941829922850e-21 1.564045331700519325e-21
2.961776273060839230e+04 -2.286010920897651003e-21 1.634174977402729071e-21
2.962836079160004010e+04 2.986860915996723314e-21 1.640938839492600220e-21
2.963895876608668186e+04 2.506202131585595416e-21 1.742929648562668779e-21
2.964955665401892838e+04 2.160325714604796641e-21 1.575058672427930580e-21
2.966015445535062099e+04 -1.190976591812178782e-21 1.661430720931713754e-21
2.967075217003104626e+04 -1.709168496818173783e-21 1.762976971694451027e-21
2.968134979801388909e+04 2.475801113923554106e-21 1.654355435399500376e-21
2.969194733925243418e+04 5.742481685496593438e-22 1.708833968886770319e-21
2.970254479369488763e+04 2.287900096670288981e-21 1.736020306697753237e-21
2.971314216129852866e+04 4.153032769857600432e-21 1.637128133187655397e-21
2.972373944201143604e+04 -1.120458169475842139e-21 1.689846791509789809e-21
2.973433663578552660e+04 1.949802518353764475e-21 1.815704915254703834e-21
2.974493374257406322e+04 -1.049838321002699593e-22 1.861315528479948917e-21
2.975553076233165120e+04 1.316087364563220877e-21 1.808775022582574914e-21
2.976612769500470677e+04 4.399244978361084539e-21 1.696779310655462449e-21
2.977672454054922127e+04 4.780014872890652182e-21 1.801147225116955540e-21
2.978732129891407749e+04 -4.988261315718034900e-21 1.652000586525824915e-21
2.979791797005527042e+04 -8.142903299932804002e-22 1.705135595810559576e-21
2.980851455391889613e+04 -3.475677439913958183e-21 1.574965108778396130e-21
2.981911105046092780e+04 4.263384398732387451e-21 1.783698906229498210e-21
2.982970745962999717e+04 2.946461423441774306e-21 1.682381692238903609e-21
2.984030378138071683e+04 1.213495470028922799e-21 1.570085303872173843e-21
2.985090001566156207e+04 1.702001306623255146e-21 1.655862131098250402e-21
2.986149616242582124e+04 4.741179605476596866e-21 1.595748998249651131e-21
2.987209222162590595e+04 -3.365150683024011478e-21 1.614463829722788613e-21
2.988268819321094634e+04 -1.049945332267735411e-21 1.642375048449684702e-21
2.989328407713334309e+04 1.849885208232410300e-21 1.673075642055921431e-21
2.990387987334610807e+04 1.872913245038859316e-21 1.720160876157646999e-21
2.991447558179761472e+04 2.083943409955444280e-21 1.609955059487439338e-21
2.992507120244075122e+04 -7.000362398928533983e-23 1.771396843169090417e-21
2.993566673522519341e+04 1.432883846287573845e-21 1.718976154641918169e-21
2.994626218010503362e+04 2.220566293145004646e-21 1.831865355464741250e-21
2.995685753703127921e+04 -1.485185069478966936e-21 1.687592081851408748e-21
2.996745280595385339e+04 -2.332916113002061104e-21 1.643531032500337465e-21
2.997804798682111141e+04 1.470291834597140050e-21 1.787471124534144379e-21
2.998864307959081634e+04 -6.378830708370608404e-21 1.580815164182755258e-21
2.999923808420466594e+04 -1.698353603261211632e-21 1.607276527464107007e-21
3.000983300062028866e+04 2.490268606597162169e-21 1.515626725128676684e-21
3.002042782878867001e+04 -4.459696709194099365e-22 1.778838944587543898e-21
3.003102256865931486e+04 -2.519717791817080267e-21 1.873024930044257759e-21
3.004161722018451474e+04 -2.858985689668596885e-21 1.681597789346366199e-21
3.005221178331103874e+04 4.232394931935690263e-21 1.658941428204881278e-21
3.006280625799241170e+04 -2.947262838100179809e-21 1.664958687450234975e-21
3.007340064418063412e+04 2.948286364012971481e-21 1.845332807892547424e-21
3.008399494182654598e+04 -2.633039945108899586e-21 1.914219721503846717e-21
3.009458915087533751e+04 -1.345383002641254953e-22 1.780887544199022154e-21
3.010518327128451347e+04 2.350828672197230364e-21 1.501946114860172392e-21
3.011577730300179974e+04 1.501331012714981569e-21 1.721332356852898596e-21
3.012637124597665024e+04 -2.328618716058431502e-21 1.708924417679032632e-21
3.013696510016202956e+04 -4.514753897754971301e-22 1.906721667257898746e-21
3.014755886550599098e+04 1.691379173557176615e-21 1.710186818978178548e-21
3.015815254196008755e+04 -5.645006844084115927e-22 1.677988303091514858e-21
3.016874612947498099e+04 -2.079792117586802447e-21 1.631566234345697982e-21
3.017933962800078007e+04 4.917711249801087271e-21 1.798597509803755499e-21
3.018993303748943799e+04 1.391505570751610743e-21 1.975618032726792327e-21
3.020052635788960833e+04 -1.079859598378686390e-21 1.721846920285264171e-21
3.021111958914922070e+04 1.449165137588020429e-21 1.748627852529722896e-21
3.022171273122213825e+04 1.604150754627758656e-21 1.482861049769873057e-21
3.023230578405760025e+04 -6.210416789673576868e-22 1.677433807551711871e-21
3.024289874760666862e+04 -4.302944613483238797e-21 1.737472867758012400e-21
3.025349162181720021e+04 5.105837875343986272e-22 1.522910039120817635e-21
3.026408440663863439e+04 5.351953658134226155e-22 1.728567357197465995e-21
3.027451027505779712e+04 2.457743629108321642e-21 1.679514534162250610e-21
3.028510286926751360e+04 -6.505651789143585294e-21 1.754571988477615983e-21
3.029569537394365761e+04 -3.112600431826394098e-21 1.747647290047546660e-21
3.030628778903139391e+04 3.730584124083201622e-21 1.853102617716370653e-21
3.031688011448071484e+04 4.554386050450100622e-21 1.831914530451417559e-21
3.032747235023739631e+04 -2.172042504694671181e-21 1.777167754533280666e-21
3.033806449625399182e+04 3.562713788167895454e-21 1.677226356430546296e-21
3.034865655248141775e+04 2.568642725986909456e-21 1.824970010046552677e-21
3.035924851886824399e+04 1.841873690773988780e-21 1.672416155210839141e-21
3.036984039536268756e+04 1.813690488525339513e-21 1.840965192068727607e-21
3.038043218191713459e+04 4.488243205092128433e-21 1.820725114204867433e-21
3.039102387847845239e+04 1.934444885551937991e-21 1.734489870967313902e-21
3.040161548499893979e+04 3.503468954093071601e-21 1.648783968419615660e-21
3.041220700142535861e+04 -3.533635113267992701e-22 1.645391469298291350e-21
3.042279842770865434e+04 -5.971098624228676745e-22 1.794570302036598909e-21
3.043338976379815722e+04 1.725681153589565702e-21 2.080685510637362416e-21
3.044398100964598780e+04 7.643126380056285819e-21 2.126432462802240264e-21
3.045457216519616486e+04 -2.343343620983162408e-21 1.864113169313337765e-21
3.046516323039941926e+04 -8.333573460197041602e-21 1.897694095114157058e-21
3.047575420520757325e+04 -2.474686352627278514e-21 1.793658404882555944e-21
3.048634508956869468e+04 -3.608069532258245098e-21 1.665181092713885536e-21
3.049693588343185183e+04 7.679569910310150502e-22 1.542943194257852955e-21
3.050752658674634949e+04 -4.153250241364639225e-22 1.550129551507168422e-21
3.051811719946121593e+04 -3.293938348268477076e-21 1.546669848219082074e-21
3.052870772152824793e+04 5.474532049017334229e-23 1.570747503435156624e-21
3.053929815288853570e+04 2.469318193346952834e-21 1.587503937135434739e-21
3.054988849349776501e+04 -9.849067062323586504e-22 1.612929203678335120e-21
3.056047874330739796e+04 1.110502775164229629e-21 1.779942761972979040e-21
3.057106890225734969e+04 -2.909992870789636360e-21 1.691724863071357674e-21
3.058165897030293490e+04 5.526145076900240326e-22 1.819885639651604219e-21
3.059224894739447336e+04 9.257804216271434324e-22 2.269697828015539312e-21
3.060283883347930896e+04 3.176250199768123528e-21 2.075454667752927283e-21
3.061342862849980156e+04 -1.699533991474203636e-21 1.669530838524119028e-21
3.062401833240750420e+04 2.492289154245882538e-21 1.981353921637993982e-21
3.063460794436650031e+04 5.323737754962437225e-21 1.844214779801213897e-21
3.064503022956006316e+04 3.025818425615810243e-21 1.781844623069034047e-21
3.065561964807437107e+04 -1.501166702390472469e-21 1.710789967638609507e-21
3.066620897526937915e+04 1.439745447180657631e-21 1.876676762971355129e-21
3.067679821109602563e+04 6.036217555324403191e-21 1.677280650750828524e-21
3.068738735550045385e+04 2.890505671046966038e-21 1.573948772913445052e-21
3.069797640843212139e+04 4.664794681538596665e-22 1.552404295221200354e-21
3.070856536984113700e+04 2.381013166139588395e-21 1.580149500194355353e-21
3.071915423967151946e+04 1.305135015766877946e-21 1.525079151369394245e-21
3.072974301787599325e+04 1.108082866975187480e-21 1.702627362271348910e-21
3.074033170440246977e+04 1.931222602828431043e-21 1.715336969894030696e-21
3.075092029919827110e+04 2.086560521511885572e-21 2.174433414282902008e-21
3.076150880220990439e+04 2.687883954717842607e-21 1.814605057014415490e-21
3.077209721338592863e+04 2.752067002236108807e-21 1.663889275106101830e-21
3.078268553267680545e+04 5.756512669534410335e-22 1.688263179399775907e-21
3.079327376002830351e+04 2.341055703497254223e-21 1.680940760662800677e-21
3.080386189539351108e+04 -3.273745823727237207e-21 1.717410042318625404e-21
3.081444993871140832e+04 -2.966268197289302979e-22 1.630877191405243918e-21
3.082503788993907074e+04 1.042164298996700487e-21 1.675318089800394995e-21
3.083562574901932385e+04 6.309437712717649458e-21 1.760124714468887765e-21
3.084621351589986807e+04 5.081715441398539675e-21 1.773315900289476827e-21
3.085680119053144517e+04 1.307122052714184787e-21 1.676757029559175093e-21
3.086738877285901617e+04 7.963506336608062466e-22 1.670427804112085716e-21
3.087797626283321370e+04 3.150355288167627051e-21 1.801937057075653528e-21
3.088856366040162902e+04 3.845089583746874179e-21 1.635467185623574379e-21
3.089915096550676390e+04 2.278765330633152156e-21 1.891323145207816619e-21
3.090973817810287801e+04 1.995209039111895740e-21 1.616902127510311619e-21
3.092032529813362635e+04 1.396985970224486799e-21 1.514121685303295998e-21
3.093091232554790258e+04 3.658294563467763504e-21 1.535942998713890848e-21
3.094149926029461494e+04 4.589726057754887389e-21 1.591834916711953924e-21
3.095208610231861894e+04 1.904923227933736094e-21 1.648767068011176335e-21
3.096267285156864818e+04 3.630836458063188650e-21 1.794720303324643374e-21
3.097325950799356724e+04 -1.983381119138690859e-21 1.628429882986693556e-21
3.098384607153795878e+04 1.736189504683802232e-22 1.748114114722940351e-21
3.099443254215201159e+04 1.542240225531302038e-21 1.652092847753756947e-21
3.100501891977881678e+04 8.255614727785177260e-23 1.697128328118521561e-21
3.101560520436988736e+04 7.259091657092045737e-22 1.605043118382062951e-21
3.102619139587218888e+04 1.245757164870913419e-21 1.860732854873344920e-21
3.103677749422918714e+04 2.467339123780393941e-21 1.739519173049106816e-21
3.104736349939170395e+04 -2.228286073009565614e-22 1.605151162451109544e-21
3.105794941130721782e+04 -1.623585328700643154e-21 1.670864495742089893e-21
3.106853522991971113e+04 -2.298601372415024104e-21 1.602040451839278912e-21
3.107912095517661146e+04 -2.176305733430615179e-21 1.524591960235040092e-21
3.108970658702589208e+04 -9.295713404158839958e-22 1.619654152444037260e-21
3.110029212541614106e+04 -4.860085517740636348e-22 1.777489834669432699e-21
3.111087757029263594e+04 7.256436359326420838e-21 1.747837428913375511e-21
3.112146292160250232e+04 2.949409059356670872e-20 1.959057626815435130e-21
3.113204817929233832e+04 1.997472804677205049e-20 1.984030257851894067e-21
3.114263334330776706e+04 4.304768572165668102e-21 1.669735022029017661e-21
3.115321841359809332e+04 9.157948777756674950e-22 1.922597222119327936e-21
3.116380339010737953e+04 7.618133006182753222e-23 2.134227573705373923e-21
3.117438827278496683e+04 -3.338856360746475735e-21 1.618593959032854939e-21
3.118497306157610728e+04 -1.391210512506734058e-21 1.450442000970112205e-21
3.119555775642612571e+04 -1.014437410598206837e-21 1.569919764450637799e-21
3.120614235728274434e+04 2.581370660199635424e-21 1.616417446767856246e-21
3.121672686409133894e+04 -3.638354172341184447e-21 1.553765201643960659e-21
3.122731127680211648e+04 -3.479571000123691716e-21 1.645398100518798819e-21
3.123789559535911758e+04 3.148339822216726710e-21 1.642144448135531111e-21
3.124847981970570254e+04 2.852024231996926841e-21 1.540910073622184338e-21
3.125906394979260949e+04 -2.095927958062283036e-22 1.679125749828555030e-21
3.126964798556570895e+04 2.298602138049514746e-21 1.486555989692327468e-21
3.128023192696895057e+04 5.727549307518632750e-21 1.623864682621248197e-21
3.129081577394960550e+04 1.033323431787345885e-20 1.666191739334865879e-21
3.130139952645408630e+04 5.711725167006870973e-21 1.611954782963050560e-21
3.131198318442964228e+04 1.935733055655796204e-21 1.603349300801546603e-21
3.132256674781848051e+04 -2.697225621618548063e-21 1.671698734115827796e-21
3.133298215945772245e+04 6.426008423618703569e-21 1.569962583016716556e-21
3.134356552159869898e+04 -1.111330593096333506e-21 1.588283495881746625e-21
3.135414878899825635e+04 -4.021610623886477042e-21 1.608394004036147701e-21
3.136473196159141298e+04 1.019710492365228547e-21 1.594022900565089192e-21
3.137531503933196291e+04 5.165861162245597736e-21 1.729907104606570489e-21
3.138589802216172757e+04 -8.615629658250729986e-22 1.640330757557090010e-21
3.139648091002269211e+04 3.753265896255764463e-23 1.985595659277255479e-21
3.140706370286573656e+04 3.769581757861797399e-21 1.632507861805940723e-21
3.141764640063802290e+04 2.375784918637738447e-21 1.707092499840043995e-21
3.142822900327857496e+04 4.817630657144228464e-21 1.816307831795189246e-21
3.143881151074091758e+04 5.799083563483864379e-21 1.595226925977202327e-21
3.144939392296282676e+04 2.526760555521009421e-21 1.463703044365913123e-21
3.145997623989502972e+04 4.050131850133976432e-22 1.484740621865317220e-21
3.147055846148313140e+04 -3.615805837077996996e-21 1.736054701269579120e-21
3.148114058766988819e+04 6.595100323247338071e-22 1.625818615148255783e-21
3.149172261840211650e+04 1.988308801339534954e-21 1.625475121934859283e-21
3.150230455362384600e+04 1.131827804989327764e-21 2.033306563001552946e-21
