1.699090800211000169e+04 1.066604175364729670e-19 4.200720812807247230e-20
1.700156565229573971e+04 -1.262867829114193849e-19 1.767394656183305770e-20
1.701222333403571974e+04 -1.762064720252018640e-20 1.942505937850416592e-20
1.702288104725512676e+04 -1.640378660240847810e-20 1.844570420569179630e-20
1.703353879187935308e+04 4.753752019911558200e-21 1.889343149806593242e-20
1.704419656784125254e+04 -2.192149794852283133e-20 1.720213330859601142e-20
1.705485437507177267e+04 7.723443336244344095e-20 1.834211715564762018e-20
1.706551221349622574e+04 1.426678984215014084e-20 1.818350370453064323e-20
1.707617008304550109e+04 -1.529538259675761600e-20 1.716961664735957608e-20
1.708682798364859991e+04 4.690655516236403395e-20 1.768534433973615227e-20
1.709748591523892537e+04 4.430514504762324119e-20 1.884521404887156651e-20
1.710814387773449198e+04 -1.387921984207765353e-20 1.739735802525174888e-20
1.711880187107965321e+04 1.034098490174368680e-20 1.742293901424352006e-20
1.712945989519624709e+04 1.694656185136108468e-20 1.719944413504081164e-20
1.714011795000986604e+04 5.301480853275784737e-21 1.649371222363217491e-20
1.715077603545528473e+04 -2.587740117552214289e-20 1.644784925086359925e-20
1.716143415145875406e+04 5.138122840866833252e-21 1.788334733062324708e-20
1.717209229795539432e+04 -1.931669432891698915e-20 1.821273513962703073e-20
1.718275047486740368e+04 -2.054937501525597448e-20 1.723548731486737941e-20
1.719340868212811984e+04 -9.838497359885587767e-21 1.776110510763056768e-20
1.720406691966711878e+04 -1.708349820584961355e-20 1.798052455419658903e-20
1.721472518741752356e+04 1.405417707594099034e-20 1.910255546612740804e-20
1.722538348530223811e+04 -3.203036540072625598e-21 1.735707312674283075e-20
1.723604181325477839e+04 -1.877200532761139375e-20 1.795169244823562992e-20
1.724670017120499324e+04 1.727057751943084043e-20 1.786144003854259194e-20
1.725735855908279700e+04 -3.947726329606389359e-22 1.680222369861059383e-20
1.726801697681796213e+04 4.457753486263672118e-20 1.631034918253165442e-20
1.727867542434035931e+04 -6.141134317452126184e-21 1.700293583245007248e-20
1.728933390158041948e+04 2.094090050547918440e-20 1.676704190241520355e-20
1.729999240847006877e+04 1.418357723914811852e-20 1.826927910739054878e-20
1.731065094493403376e+04 2.949279105358167856e-20 1.822523271142185774e-20
1.732130951090967210e+04 4.270715916668186701e-20 1.759918120427201153e-20
1.733196810631970584e+04 -3.882689136852184088e-20 1.695915961388637653e-20
1.734262673109995376e+04 2.898073517968913448e-20 1.914395176279265198e-20
1.735328538517918059e+04 5.113059731684653134e-20 2.126079369367940039e-20
1.736394406848776271e+04 -1.976720178553503423e-20 1.638314952606372836e-20
1.737460278095609465e+04 -2.413746868337714532e-22 1.609644892310904251e-20
1.738526152251463645e+04 -3.962910910656519180e-20 1.675927013697806361e-20
1.739592029309332065e+04 4.821097812356675351e-21 1.670858988014038223e-20
1.740657909262328758e+04 4.111723430032060839e-20 1.874475340919911149e-20
1.741723792103168671e+04 -2.495498261965938660e-20 1.887437756815957631e-20
1.742789677825611943e+04 -2.160134064400052668e-20 1.708854193710712825e-20
1.743855566422374250e+04 3.639742519034471828e-20 1.609757685017039715e-20
1.744921457886503413e+04 1.635601521521620980e-20 1.655723753056118070e-20
1.745987352211073448e+04 2.109480077236851157e-20 1.584018943143915043e-20
1.747053249389199118e+04 -1.522929394198055350e-20 1.579474704501803721e-20
1.748119149413969353e+04 -8.193308416301859616e-21 1.581108313345920305e-20
1.749185052278128205e+04 4.986919722443929683e-20 1.577698219649233633e-20
1.750250957975285564e+04 -3.113659332705514502e-20 1.710227334434897317e-20
1.751316866498482705e+04 -2.149369924412317565e-21 1.612935995360207663e-20
1.752382777840863127e+04 2.762030637921826805e-23 1.415715724065352879e-20
1.753474386904255880e+04 1.178270339619662245e-20 1.628665940210461375e-20
1.754540306455795508e+04 -1.637553271449231284e-20 1.578026043756194821e-20
1.755606228788457520e+04 3.381578745574010550e-21 1.560069793323909083e-20
1.756672153912249632e+04 1.189292164674195041e-20 1.587547218646933620e-20
1.757738081820173102e+04 -1.434219935503673775e-20 1.493081559585372850e-20
1.758804012505049104e+04 5.158093263406678945e-20 1.682644991478423111e-20
1.759869945960658515e+04 5.323041274547068512e-20 1.656469419232065196e-20
1.760935882179821783e+04 1.245309132750168638e-20 1.566184674886948938e-20
1.762001821155474317e+04 -1.235106623973661047e-20 1.403859402749659716e-20
1.763067762881105955e+04 9.094719655612074047e-22 1.438049462036622055e-20
1.764133707366271847e+04 -3.861479929992204468e-20 1.627323835399739148e-20
1.765225377784607917e+04 1.280036879798758628e-20 1.614492972836160616e-20
1.766291330288599420e+04 2.040995215172227289e-20 1.547456163307557403e-20
1.767357285514384785e+04 -1.896303397383751960e-21 1.455381989645384180e-20
1.768423243455660486e+04 4.084499547627319023e-20 1.572184591827710158e-20
1.769489204104963574e+04 3.815509016356785361e-20 1.521102674933760755e-20
1.770555167456129129e+04 -5.748923547620040650e-21 1.469808904176847149e-20
1.771621133501851364e+04 7.096754054867749830e-21 1.522226769928893685e-20
1.772687102235600105e+04 7.083990196749197756e-21 1.480080173086368662e-20
1.773753073650103761e+04 2.568294229834273008e-20 1.515282780436056716e-20
1.774819047738931840e+04 6.678865911685285513e-21 1.358715042302121388e-20
1.775885025548369231e+04 -3.000736441038494331e-20 1.492423328519540879e-20
1.776951008938941595e+04 -3.643302345993109601e-20 1.351162523288133492e-20
1.778016994983102268e+04 2.528863458256792531e-20 1.441015935893204626e-20
1.779082983674718707e+04 -1.027926975968825123e-20 1.449763686679204097e-20
1.780148975006243927e+04 -1.305926958984805613e-20 1.704678551016314659e-20
1.781214968971852431e+04 3.248229768324646891e-20 1.546192423595552864e-20
1.782280965563983773e+04 8.752557552070237468e-20 1.486683731030745513e-20
1.783346964776456662e+04 7.394067137838117635e-20 1.410239090763264697e-20
1.784412966602208326e+04 2.264331574986665102e-20 1.465633611347167056e-20
1.785478971033725247e+04 1.888670398504567402e-21 1.294965801562011028e-20
1.786544978065821488e+04 8.689998211930488620e-21 1.378214564060330307e-20
1.787610987690962793e+04 -3.682044459721050683e-20 1.416694497116997000e-20
1.788676999902041280e+04 1.708770872233722445e-23 1.311584462125828110e-20
1.789743014692969155e+04 1.100294793542337146e-20 1.383723825352319942e-20
1.790809032056255455e+04 2.266690712184869144e-20 1.515888082526150062e-20
1.791875051986096514e+04 3.274550250909722249e-21 1.414368938788921136e-20
1.792941074474992274e+04 2.215265408200201064e-20 1.346237700986573533e-20
1.794007099516311791e+04 -4.121383985715736518e-20 1.349807471368215571e-20
1.795073127104003652e+04 5.773836994625585429e-21 1.318073405830121011e-20
1.796139157230899218e+04 -2.552128594857061039e-20 1.467503413950149069e-20
1.797205189889985559e+04 1.355517410581013582e-20 1.377902619292195966e-20
1.798271225074855101e+04 -3.247906703534945090e-20 1.298915373012304564e-20
1.799337262778899094e+04 -1.583426321348247820e-20 1.221225393156210199e-20
1.800403302995183549e+04 3.207783483685129448e-20 1.292514075295407231e-20
1.801469345717165197e+04 3.426118586808501531e-20 1.423678756919274143e-20
1.802535390938306955e+04 4.696087364526224327e-20 1.535594761290377801e-20
1.803601438651596982e+04 -2.983937700347099246e-20 1.598292264268825479e-20
1.804667488850785958e+04 -2.583008547486445613e-20 1.485668711934390041e-20
1.805733541528497153e+04 2.859200139534920062e-20 1.554785841766360566e-20
1.806799596678656235e+04 7.483692064769878181e-21 1.399978624432887118e-20
1.807865654294743945e+04 3.802454840693460447e-20 1.513157123600418118e-20
1.808931714369304973e+04 7.905080327268279491e-21 1.329202387244631233e-20
1.809997776896303549e+04 1.434430628743826134e-21 1.386267954002947311e-20
1.811063841869251337e+04 4.081571862466748572e-22 1.378645500699695437e-20
1.812129909280769789e+04 5.552464124433756283e-20 1.499477978829411830e-20
1.813195979124498263e+04 2.414262936415604984e-20 1.528730445413184973e-20
1.814262051394174341e+04 2.229754179914297510e-20 1.397250417637591487e-20
1.815328126083081952e+04 1.184956273430494076e-20 1.350738029363905235e-20
1.816394203184295839e+04 1.801811425816714093e-21 1.333333716343780137e-20
1.817460282691337488e+04 -1.563326166648621463e-21 1.384966770070211769e-20
1.818526364597682186e+04 -1.821514063162006379e-20 1.378094808629282526e-20
1.819592448896432688e+04 4.726689342214840659e-21 1.431086012289474443e-20
1.820658535581149044e+04 -6.533487608874645971e-21 1.258599098825261643e-20
1.821724624645366566e+04 2.610362443470188787e-20 1.314007716509402050e-20
1.822790716082498693e+04 8.212268373098362408e-21 1.406984788015047266e-20
1.823882669736571188e+04 3.038127025335888351e-20 1.292841321320310987e-20
1.824948768458756967e+04 -3.230046092712289551e-20 1.200612489718603918e-20
1.826014869517007173e+04 4.650237112994423712e-20 1.414746934322265666e-20
1.827080972921023204e+04 -1.128680938000247141e-20 1.426889078794100566e-20
1.828147078664566288e+04 -2.138744306936081380e-20 1.286083929772313974e-20
1.829213186740430319e+04 2.553140059602314531e-20 1.420567187275133689e-20
1.830279297142854921e+04 -6.834844871282362490e-21 1.366786780109050714e-20
1.831345409864606336e+04 2.022285958629996543e-20 1.375236349025054923e-20
1.832411524899474171e+04 1.197646185971429302e-20 1.266299623560732428e-20
1.833477642240628848e+04 -2.097027318649381570e-20 1.226469087457241032e-20
1.834543761898385856e+04 -1.138130564862558176e-20 1.309430227583286515e-20
1.835635771637919970e+04 8.369876413765986887e-21 1.393311090103397957e-20
1.836701898397547848e+04 2.651745591192306550e-21 1.331193259746858161e-20
1.837768027436366538e+04 2.508772761318245361e-20 1.327008812083989639e-20
1.838834158749106427e+04 1.255449386004397274e-20 1.220247329532095735e-20
1.839900292328283831e+04 1.099769835666338941e-20 1.196269121770531457e-20
1.840966428167492268e+04 -6.764025818203757265e-21 1.287764316844806558e-20
1.842032566260138628e+04 1.600317364633574618e-20 1.206661913519802380e-20
1.843098706600173682e+04 -2.975222017332544229e-20 1.104888729783944927e-20
1.844164849180941019e+04 4.010672844017196782e-21 1.351043806429132928e-20
1.845230993994992605e+04 1.012725421081452127e-20 1.303348905347355069e-20
1.846297141037485926e+04 2.150049475903850820e-20 1.274327503498615612e-20
1.847363290300628432e+04 -2.690310222490553852e-20 1.236645411646621682e-20
1.848429441778197361e+04 -4.020496640726104757e-20 1.168579863645755457e-20
1.849495595464363214e+04 -6.338544785899572922e-21 1.222692186892933815e-20
1.850561751351912244e+04 5.051313565827820383e-20 1.232500785799522053e-20
1.851627909434114554e+04 -1.717962432039433267e-22 1.397879580337142184e-20
1.852694069705033326e+04 -2.058600477347628997e-21 1.267208053737108422e-20
1.853760232158198414e+04 -2.834958292482162954e-20 1.150526826995579815e-20
1.854826396787088743e+04 -4.390317527914262056e-21 1.150920522146573217e-20
1.855892563584700474e+04 -1.946322839084207755e-20 1.144281787372088309e-20
1.856958732545128805e+04 3.017092102456014041e-20 1.238367380928238715e-20
1.858024903661654389e+04 -2.490371076980366346e-20 1.175805079351972669e-20
1.859091076928308030e+04 -1.559512494140790263e-20 1.215323631496662987e-20
1.860157252337823957e+04 -2.061766374929096228e-20 1.268471602416333779e-20
1.861223429884318102e+04 7.247022762334010880e-21 1.276086711672675300e-20
1.862289609561221732e+04 3.309228279085267834e-20 1.298275609776752156e-20
1.863355791362201126e+04 -9.186801253270352521e-21 1.270700068939933624e-20
1.864421975280634069e+04 3.870581124350260647e-20 1.212819725436302255e-20
1.865488161310025680e+04 2.193034428083176256e-20 1.116846376510290660e-20
1.866554349444075342e+04 -1.906591099411151947e-20 1.097514768194579168e-20
1.867620539676221961e+04 9.344178164759501803e-21 1.185607289839267055e-20
1.868686732000225311e+04 2.537183520671099003e-20 1.146646012979069812e-20
1.869752926409985957e+04 1.446426240701544572e-20 1.198589565577990422e-20
1.870819122898100977e+04 -2.673094523315201978e-21 1.278757355466125323e-20
1.871885321458899489e+04 -1.918451317179181221e-21 1.359988413147506352e-20
1.872951522086147088e+04 -6.704576053848465503e-21 1.173778001201925645e-20
1.874017724772780275e+04 2.933218969567856169e-20 1.194232992635547800e-20
1.875083929512649047e+04 1.063857429737395064e-20 1.181355945782594631e-20
1.876150136299966471e+04 -2.752329303910425872e-20 1.028918315774420386e-20
1.877216345127417298e+04 7.818232770183776486e-21 1.253483384616452345e-20
1.878282555989419052e+04 3.337079164949967815e-20 1.180828663430993897e-20
1.879348768878628471e+04 2.142357964285518699e-20 1.208306442581447657e-20
1.880414983789865073e+04 2.505883236952317553e-21 1.242970469030057668e-20
1.881481200715727755e+04 7.412985318728444444e-21 1.139443872881503386e-20
1.882547419650638039e+04 3.116251246217238550e-20 1.197010685662908501e-20
1.883613640587402188e+04 1.377798233494979239e-20 1.209438597807891525e-20
1.884679863520238359e+04 3.021015692382555959e-20 1.291859585871595569e-20
1.885746088442975815e+04 1.074765379356908138e-20 1.210742849263006321e-20
1.886812315348498305e+04 2.107577514234971974e-20 1.197055918344929839e-20
1.887878544231056730e+04 -2.782087518445523597e-21 1.161035138230391612e-20
1.888944775084511275e+04 2.204104416365509559e-21 1.209996339189951132e-20
1.890011007901788616e+04 -6.026899919730092345e-21 1.237271711204396199e-20
1.891077242677076720e+04 5.833763310844089301e-20 1.286256398791293089e-20
1.892143479403818856e+04 1.510526314778799945e-20 1.251644785422677876e-20
1.893209718075877390e+04 -1.040657600897420710e-20 1.087237521244024064e-20
1.894275958686921513e+04 -5.488456778816925201e-20 1.041588074965773037e-20
1.895342201230218780e+04 9.725104140458184824e-21 1.198527586149834193e-20
1.896408445700179436e+04 -1.988291408880820113e-20 1.197547967457494899e-20
1.897500722185863560e+04 -1.124850986976190646e-20 1.163170085413744793e-20
1.898566973016327029e+04 3.567543238874715609e-20 1.126423578734549187e-20
1.899633225737207249e+04 1.968922803777278283e-20 1.137180067368112056e-20
1.900699480358914661e+04 -3.060655421161265475e-21 1.180063636493670539e-20
1.901765736874990762e+04 1.581770580751613168e-20 1.242660023183798520e-20
1.902831995278873728e+04 1.826472860597613023e-20 1.202074271914775180e-20
1.903898255564404099e+04 1.782823122061720821e-20 1.217139646328063811e-20
1.904964517725594487e+04 9.613204787035034553e-21 1.122896197788947675e-20
1.906030781755814314e+04 1.249582771716851365e-20 1.122310695793540461e-20
1.907097047649064916e+04 1.876998758032387274e-20 1.177149561372391818e-20
1.908163315415792749e+04 1.040814114248236008e-20 1.241077818384752061e-20
1.909255642708356754e+04 -1.157785318850571851e-20 1.210504486712441242e-20
1.910321916658212285e+04 9.102204917412858794e-21 1.225860611543453498e-20
1.911388192445931782e+04 1.846492870914585903e-20 1.304696581085293305e-20
1.912454470064596899e+04 3.762758758294135179e-20 1.149935909546850653e-20
1.913520749508111112e+04 2.796181153744443841e-20 1.227707565967091932e-20
1.914587030770517231e+04 4.570118548539969180e-21 1.243040402342258867e-20
1.915653313844943114e+04 -2.457160442143328291e-20 1.186210285793491822e-20
1.916719598725751348e+04 1.863141143581342750e-20 1.230089994140312579e-20
1.917785885406699163e+04 -2.888734146285179553e-20 1.257216119917431104e-20
1.918852173881182898e+04 2.801110670470273817e-20 1.119118191098976491e-20
1.919918464142987432e+04 1.741533329744575269e-20 1.119865962938784652e-20
1.920984756186660161e+04 -5.736729773742797030e-21 1.148836202448068083e-20
1.922051050004776334e+04 1.151140127159016345e-21 1.142925282422538809e-20
1.923117345592195852e+04 -1.399127603433733380e-20 1.118558149894143746e-20
1.924183642941863582e+04 4.512373890731719135e-21 1.177437684632902027e-20
1.925249942048345838e+04 5.959143072756039127e-21 1.155690507863000264e-20
1.926316242904895989e+04 3.655738031757088589e-20 1.284461756438359079e-20
1.927382545505326561e+04 -7.469042267730480781e-22 1.244631247161244883e-20
1.928448849844009965e+04 8.192923312686874644e-21 1.222098733695777229e-20
1.929515155914155184e+04 2.087621056829636737e-20 1.180683844444594706e-20
1.930581463709823583e+04 5.088507158556085378e-22 1.260413767373023638e-20
1.931647773224845514e+04 -8.279177663305081110e-21 1.163461587622841432e-20
1.932714084452947645e+04 6.917746156908215913e-21 1.131758947416547030e-20
1.933780397388051279e+04 2.579260588578143755e-21 1.109305462497930263e-20
1.934846712024197768e+04 4.411250006595562901e-21 1.152748399966636486e-20
1.935913028354582275e+04 -1.948077424332316374e-20 1.068093863381913930e-20
1.936979346373631051e+04 -2.778427773796890532e-20 9.936005398229277927e-21
1.938045666075048575e+04 -3.383595057000817480e-20 1.058013207818813385e-20
1.939111987452491303e+04 -1.678801839949239249e-20 1.079530519216368867e-20
1.940178310500312000e+04 -1.651004677350054964e-21 1.043966902606593090e-20
1.941244635211857167e+04 2.027198497093743291e-20 1.160251273094888555e-20
1.942310961581199444e+04 -9.283400420827102468e-21 1.076047168460807431e-20
1.943377289602167002e+04 9.894821510208618151e-21 1.106561625874633957e-20
1.944443619268609109e+04 -2.463563936623865616e-20 1.185224187007565788e-20
1.945509950574265531e+04 1.633061037297210153e-20 1.131851202505457632e-20
1.946576283513601084e+04 1.344424699693705077e-20 1.074221245233243145e-20
1.947642618079627209e+04 -2.361831739871926470e-20 1.095506863255739414e-20
1.948708954266898218e+04 7.797667283768542038e-21 1.114432011601174880e-20
1.949775292069119678e+04 8.555740610080117513e-21 1.120646827738992450e-20
1.950841631480139768e+04 3.257476077868886685e-20 1.036389218924690532e-20
1.951907972493851048e+04 -1.508902670187638911e-20 1.008949091177360618e-20
1.952974315104210109e+04 2.108755828630611168e-20 1.084868593840400736e-20
1.954040659305308873e+04 -1.975232789065199406e-21 1.047764762257654532e-20
1.955107005090406892e+04 1.214157770302954155e-20 1.052428778959066497e-20
1.956173352454070846e+04 -1.171359289771751836e-20 9.777817314231148124e-21
1.957239701389667243e+04 -8.078221917564546474e-21 1.018505979178763001e-20
1.958306051891985044e+04 -5.590807394838086098e-21 9.917685862648660920e-21
1.959372403954414403e+04 -7.908888367140860574e-21 9.657219270951108208e-21
1.960438757570559392e+04 1.229729380889987868e-21 1.081085247721137433e-20
1.961505112734888826e+04 8.568624501291002843e-21 1.166679719671973783e-20
1.962571469441098816e+04 9.286963469171322232e-21 1.100916890089183277e-20
1.963637827683032083e+04 5.118743730888647133e-20 1.080293195208750568e-20
1.964704187455179999e+04 -4.338584012954055743e-21 1.074530019947672357e-20
1.965770548750498347e+04 1.315607981059726035e-20 1.144366538598444535e-20
1.966836911564104230e+04 -3.744343796106338868e-23 1.024267822556351086e-20
1.967903275889248107e+04 1.965248100325751845e-20 9.490385611594045379e-21
1.968969641720020809e+04 2.715461822653863465e-20 1.017526487737327642e-20
1.970036009050217399e+04 1.313822102667708994e-20 1.002607803382769877e-20
1.971102377874211743e+04 -1.133738055571906462e-20 9.366797807088400755e-21
1.972168748185783988e+04 -3.059208634756820770e-20 1.138576210384393732e-20
1.973235119978674629e+04 1.911823919508915443e-21 1.102327464009584358e-20
1.974301493247816325e+04 -1.647720337444518051e-20 1.045852949118180000e-20
1.975394075976603926e+04 -1.780326127634521994e-20 9.937846663963419166e-21
1.976460454671869957e+04 -1.273936246708565161e-20 8.699248721669181814e-21
1.977526834808129934e+04 -6.078277315409668794e-21 9.606463628268601291e-21
1.978593216395154013e+04 -5.535956239875366961e-21 8.836545905530308107e-21
1.979659599427531430e+04 2.419898164661562909e-20 1.015120093882215237e-20
1.980725983899000130e+04 2.433237998267851162e-20 1.004608512787376730e-20
1.981792369803430120e+04 1.605478970396780781e-20 1.073132107383159934e-20
1.982858757135260385e+04 -1.714003148376462025e-20 1.017644900242903750e-20
1.983925145888042971e+04 2.404568225557597764e-20 1.102764102826940349e-20
1.984991536056001496e+04 2.553010722905731729e-21 1.050250870097690368e-20
1.986057927649614066e+04 9.477687967757056061e-21 9.818014827295042279e-21
1.987124321965199852e+04 -4.665399691347761397e-21 9.971138997813736785e-21
1.988216952702452909e+04 8.689106966873786028e-21 9.638970003430247830e-21
1.989283350943477490e+04 3.612672947036367271e-20 1.071513334658862023e-20
1.990349750569356183e+04 6.787187621685539886e-21 1.056872335213145528e-20
1.991416151574690957e+04 5.111847184103453979e-21 1.009269258144203274e-20
1.992482553952552189e+04 1.712326841729420454e-20 1.014922167475096461e-20
1.993548957697237347e+04 9.656602783219668193e-21 1.035044990681488587e-20
1.994615362803381868e+04 5.978582435293443055e-20 1.055103273993723772e-20
1.995681769264889954e+04 1.608939561806853970e-19 1.103777275060068154e-20
1.996748177075245621e+04 1.297228192837451065e-19 1.124911136159352853e-20
1.997814586228933695e+04 2.391092283405840631e-20 9.688987411876786411e-21
1.998880996720197436e+04 1.504503603784473871e-22 8.846838425985611366e-21
1.999947408542873745e+04 1.993523491546206991e-20 1.080027932648553744e-20
2.001013821690788245e+04 -8.412566066253218932e-22 1.115384787025419199e-20
2.002080236158680054e+04 7.251409679889084371e-21 1.042059421076437696e-20
2.003146651940416268e+04 -9.859769827726883046e-21 9.910800043827531433e-21
2.004213069029496182e+04 8.730033661678688920e-21 1.042900769082275334e-20
2.005279487420985606e+04 -1.239548428234611898e-20 1.094208524718471612e-20
2.006345907108173560e+04 -3.263774674276101936e-20 9.706698422194695301e-21
2.007412328085610352e+04 -6.890803493952876354e-22 9.311671213348693774e-21
2.008478750347013920e+04 1.862955555044729264e-21 9.491609608281776340e-21
2.009545173887081182e+04 7.160110414482156377e-21 8.968635705401279542e-21
2.010611599567119993e+04 2.037137918008927665e-20 9.796528071823687115e-21
2.011678065124732893e+04 1.290627328075760941e-20 9.382625487923796192e-21
2.012744531943507172e+04 -5.919113580773427659e-21 1.119956657243238879e-20
2.013811000017214246e+04 1.921387179181663192e-20 9.653730972315405776e-21
2.014877469340219977e+04 -1.171022128605595117e-20 9.265056573530946459e-21
2.015943939905918160e+04 -3.957244983181345123e-22 9.257551823971166534e-21
2.017010411709387336e+04 2.319022016826091832e-21 9.579547802665703617e-21
2.018076884744431300e+04 1.619903823267918591e-20 8.994762926709040465e-21
2.019143359004905869e+04 -1.622078677573730381e-20 9.348868003992774099e-21
2.020209834485439205e+04 5.374327869800978536e-21 1.065660706077303011e-20
2.021276311180146877e+04 -9.803737613690274582e-22 1.027096910001325342e-20
2.022342789082763557e+04 -3.962282492110074449e-21 1.018803103550224183e-20
2.023409268187485577e+04 2.028788182492290010e-20 9.820264229504870404e-21
2.024475748489155012e+04 1.487624343496518699e-20 1.047743157197454275e-20
2.025542229981242053e+04 2.663480839868147760e-21 1.035603069693259442e-20
2.026608712657958313e+04 3.779265626456930304e-21 9.567142725193304266e-21
2.027675196514136042e+04 -6.718700720569009050e-21 9.928478779712176775e-21
2.028741681543550294e+04 1.066275712735166752e-20 1.046406703746515336e-20
2.029808167739737110e+04 3.510403490421592407e-20 9.465098058365268101e-21
2.030874655097939831e+04 -1.095253949956119296e-20 1.055359750103985419e-20
2.031941143611952793e+04 -1.198167635051092348e-20 1.094059926873437538e-20
2.033007633275738044e+04 2.567666782129776605e-20 9.261149444412158051e-21
2.034074124083727293e+04 5.234766343649782072e-20 1.016746776796582678e-20
2.035140616030403908e+04 2.182122887953383248e-19 1.338782266409539583e-20
2.036207109109204612e+04 3.256171088305333705e-19 1.437169668581261799e-20
2.037273603314975117e+04 1.417742467484829458e-19 1.158482332116440136e-20
2.038340098641941950e+04 2.314232122583397797e-20 9.940275836612610401e-21
2.039406595083955472e+04 1.003907258249489290e-20 1.002546765889353489e-20
2.040473092635472130e+04 8.358089743828721192e-21 1.040500378454476455e-20
2.041539591290989847e+04 -1.266303877858191804e-20 9.988146117383215038e-21
2.042606091043985361e+04 5.540869538068904838e-21 9.490844847276251680e-21
2.043672591889188698e+04 -6.615389404078814072e-21 9.015124250079692220e-21
2.044739093821357528e+04 -1.061439892020262469e-20 9.960566781994263542e-21
2.045805596833602249e+04 1.843006301473507485e-20 1.048423061861493744e-20
2.046872100920920639e+04 2.246980535150231855e-20 9.017714819926622521e-21
2.047938606077562144e+04 4.637106653866736671e-21 8.079817814239985780e-21
2.049005112297422238e+04 2.362045397944628359e-20 9.431343601821080141e-21
2.050071619575129080e+04 -1.156732154123470723e-20 8.996105592561089511e-21
2.051138127904678186e+04 1.908394777684495463e-21 9.661275422379158941e-21
2.052204637280377574e+04 8.895644748793717091e-21 8.988587566886861229e-21
2.053271147696721164e+04 6.633386190248565964e-20 1.116184082918869006e-20
2.054337659147719751e+04 3.373270384977469310e-19 1.383254955724733159e-20
2.055404171627700998e+04 6.924950243560343306e-19 1.929462741207615679e-20
2.056470685131410210e+04 6.254876595666216853e-19 1.802414724430288931e-20
2.057563593853139901e+04 1.264526213975335738e-19 1.158058301642493060e-20
2.058630111845768624e+04 4.341244417654814401e-20 1.047668251680414058e-20
2.059696630828580237e+04 2.251753659941537125e-20 1.012938722657504004e-20
2.060763150811201922e+04 -4.628584664257423669e-21 9.691449944178784097e-21
2.061829671788086853e+04 2.098504092488849009e-21 1.017691347739551263e-20
2.062896193754030901e+04 8.790126578295257108e-22 9.877887568832836128e-21
2.063962716702695616e+04 -2.382825454950324739e-21 9.124517469451193289e-21
2.065029240628568732e+04 -6.977394060881085077e-22 1.013971797041856045e-20
2.066095765526432297e+04 2.703778552477206965e-20 9.671690733372177002e-21
2.067162291389967140e+04 -1.163458266829768462e-20 9.812715940394905317e-21
2.068228818213690101e+04 -2.490543595288832598e-20 9.890616895312939753e-21
2.069295346008674824e+04 -4.191812733083705215e-21 9.743421532777211619e-21
2.070388298238934658e+04 -2.657337540830915982e-21 9.672236750941185111e-21
2.071454830348390533e+04 1.826117899094991808e-20 8.669776302223831033e-21
2.072521363395359731e+04 3.695233332776218502e-21 9.114312795769954586e-21
2.073587897373617307e+04 8.602138429372280115e-21 8.904150609157047473e-21
2.074654432277698288e+04 2.600078957669846816e-20 8.903959159870781328e-21
2.075720968102309416e+04 -1.004386921805469319e-20 1.015868691691718650e-20
2.076787504841185364e+04 -2.611128542128217636e-22 8.791638541255020257e-21
2.077854042489164567e+04 3.446060353213518897e-21 9.501249818768898412e-21
2.078920581040513935e+04 6.483460239184499080e-21 9.341661108725554578e-21
2.079987120489562221e+04 -2.011298010716824969e-21 9.163923987230418364e-21
2.081053660830392982e+04 -1.067164847043282121e-20 8.710416192510334595e-21
2.082120202057992719e+04 -2.213024075206992068e-21 9.537691232982215937e-21
2.083186744166129938e+04 2.112289494451817085e-21 9.167342984607054547e-21
2.084253287149580865e+04 -7.977503335860250976e-21 8.953734151747298959e-21
2.085319831002649880e+04 2.275199006528272364e-20 9.229885722138911310e-21
2.086386375719524585e+04 2.071532415819347625e-20 9.058477629318569328e-21
2.087452921294953558e+04 -1.093562218742116740e-20 8.891308948378834344e-21
2.088519467723004709e+04 -5.914744827436191562e-21 8.809595625472689928e-21
2.089586014998254905e+04 2.527327099748945134e-21 8.909754355781312282e-21
2.090652563115033263e+04 -2.628893400613603042e-21 9.021466999665049452e-21
2.091719112067874084e+04 1.722635681918450649e-20 9.009200935104663654e-21
2.092785661851041368e+04 1.183632872471911164e-20 9.097634912361565144e-21
2.093852212459036309e+04 1.332592767988270503e-20 9.315309988258007859e-21
2.094918763886081797e+04 1.313523595656327175e-20 9.517433678763480479e-21
2.095985316126891848e+04 -4.953314619485827735e-21 9.450401472141340116e-21
2.097051869175698812e+04 6.769864508228298254e-21 9.665623180808149428e-21
2.098118423027143945e+04 7.395131848000907948e-21 8.135369089653339471e-21
2.099184977675325717e+04 -2.157026385389249458e-20 9.621301007007663965e-21
2.100251533115121856e+04 -6.381331032097263331e-21 8.936325326631267953e-21
2.101318089340494407e+04 3.303010568282571852e-21 9.117749341593599085e-21
2.102384646346086083e+04 -1.728842627165853199e-20 8.980970104253147340e-21
2.103451204126566518e+04 1.599802707146872845e-21 9.027682886084381940e-21
2.104517762676156781e+04 -3.601049556763742434e-21 9.086069929400454352e-21
2.105584321989285309e+04 2.066980106975963973e-20 9.636678785553405275e-21
2.106650882060528238e+04 7.742578231637070997e-21 9.282755166317886741e-21
2.107717442884323100e+04 2.404757594377831317e-20 9.280403444592933080e-21
2.108784004455072136e+04 -1.454549715125483225e-20 9.191880056917521844e-21
2.109850566767343116e+04 -2.822443161451942213e-22 9.200296182303469685e-21
2.110917129815539738e+04 1.205644014291004363e-20 9.056745602296727598e-21
2.111983693594242141e+04 -9.041820646344081442e-21 9.237208276922759667e-21
2.113050258097817641e+04 1.024998067102215183e-20 9.791721075587440291e-21
2.114116823320724870e+04 1.722097554522076399e-21 9.022061757271799350e-21
2.115183389257549425e+04 9.834117983907538525e-22 8.709464591147569833e-21
2.116249955902777947e+04 -6.260342058008256250e-21 8.676133524355444441e-21
2.117316523250909449e+04 1.504097993950543609e-20 9.573101531547600797e-21
2.118383091296304701e+04 2.258848759397054494e-20 9.250195087306868713e-21
2.119449660033639157e+04 1.296503347339392098e-20 9.351783642070241365e-21
2.120516229457274312e+04 6.442089016272316080e-21 9.475191570272178730e-21
2.121582799562020591e+04 -4.667886169417461790e-21 8.533421663903616389e-21
2.122649370342037946e+04 1.495921965702044059e-22 8.917210980956229077e-21
2.123715941792101876e+04 -2.169385933065377958e-20 8.082482837582513396e-21
2.124782513906565873e+04 -8.556138178994622614e-21 9.188637257361831870e-21
2.125849086679962784e+04 -7.752919595077388021e-21 9.303170963496614772e-21
2.126915660106925861e+04 -1.252511991442747681e-20 9.020511481814210027e-21
2.127982234181829335e+04 -3.432779044757897113e-20 8.584717601542580278e-21
2.129048808899473079e+04 3.756938977668837740e-22 9.618340967593854735e-21
2.130115384254214587e+04 -6.482177780856645115e-21 9.208770637082811182e-21
2.131181960240620901e+04 1.770411173070905243e-20 9.240116584957396887e-21
2.132248536853151745e+04 -3.718500073790991190e-21 8.653530394135479096e-21
2.133315114086526228e+04 -8.703696121886574290e-21 8.627038323682304542e-21
2.134381691935122944e+04 1.020449286787668625e-20 9.702668746436077952e-21
2.135448270393801067e+04 1.288415805276361474e-20 9.464223518413035482e-21
2.136514849456874799e+04 -2.690994186219461583e-20 8.520869578710004687e-21
2.137581429118843880e+04 1.913642686901061755e-20 8.748327416886798979e-21
2.138648009374496178e+04 9.102417506226297933e-21 8.192540531391930921e-21
2.139714590218180092e+04 -5.785005639470841305e-21 9.065811695539044451e-21
2.140781171644788628e+04 6.612404546131160677e-21 8.990755423635497053e-21
2.141847753648615253e+04 -1.396879479274615732e-20 8.321649936473530921e-21
2.142914336224411454e+04 8.999616999264164435e-21 9.458541684572835450e-21
2.143980919366613671e+04 3.976493224838736976e-20 9.439348520731836916e-21
2.145047503070005405e+04 1.584126633923893440e-20 9.217906843216884402e-21
2.146140678621191910e+04 -8.005882329419259736e-22 8.954573381563146522e-21
2.147207265855400692e+04 -1.513684010551622932e-20 9.855681894970516960e-21
2.148273853618191060e+04 1.164989979717817990e-20 8.854096859074887928e-21
2.149340441920153535e+04 1.501616800937730429e-20 8.972766650466579311e-21
2.150407030755634332e+04 -1.751893024290364767e-21 8.732283652345542086e-21
2.151473620119529369e+04 -3.050442553376359802e-20 9.234281489740400693e-21
2.152540210006265261e+04 -4.006302065796301497e-21 8.696136777427351890e-21
2.153606800410717187e+04 6.595155836380207483e-22 8.638968176378562319e-21
2.154673391327200079e+04 -5.393724375988826599e-21 8.785265279027325809e-21
2.155739982750538911e+04 -1.773900989217456074e-20 8.730923336490859635e-21
2.156806574675234879e+04 9.999134023652820365e-21 8.650272781098253644e-21
2.157873167111918883e+04 2.133818801347749641e-20 9.572684426492871185e-21
2.158966380200653657e+04 -2.224732358790084209e-21 9.124062116863882948e-21
2.160032976001891439e+04 1.377697546060761723e-22 9.105467795490554498e-21
2.161099572282504960e+04 -8.949699518246323717e-21 9.001898555747042431e-21
2.162166169037526197e+04 -2.714598260432069170e-20 7.912545261147262874e-21
2.163232766261347570e+04 4.517646088272710414e-21 9.196626363198060684e-21
2.164299363948679820e+04 2.102636162698366807e-20 9.407779822041670352e-21
2.165365962094361385e+04 3.726804346764189324e-21 8.749135208206051138e-21
2.166432560692751576e+04 2.859529691133227266e-20 9.132721477456994087e-21
2.167499159738792878e+04 3.521163203367777934e-20 8.966906647035080420e-21
2.168565759227010494e+04 7.370483269565065616e-21 8.846044165218412754e-21
2.169632359152129357e+04 6.695230430463015009e-21 9.684507674484954107e-21
2.170698959508844200e+04 9.148670378607646918e-21 8.377353851713068975e-21
2.171765560291697329e+04 -4.016746090475535189e-21 8.952789649888828362e-21
2.172832161495641412e+04 1.636004912485934045e-20 8.672856245205441576e-21
2.173898763115066686e+04 1.295054023986166301e-20 8.587132550446140249e-21
2.174965365144919269e+04 3.507995658372169272e-21 9.092219796911503027e-21
2.176031967579760021e+04 -1.637083011378151992e-20 9.255139235987412609e-21
2.177098570414208370e+04 -1.913045449607145132e-20 9.109893069325581222e-21
2.178165173643175876e+04 8.704703838482595146e-21 7.839438012865889624e-21
2.179231777261209936e+04 6.730290775121599016e-21 8.457342199208503629e-21
2.180298381263099509e+04 9.876932639180304652e-21 8.861921324158666466e-21
2.181364985643544424e+04 -1.008287565605653442e-20 7.833045936929560313e-21
2.182431590397208129e+04 -7.381656932471530067e-21 9.552515896710729935e-21
2.183498195518908324e+04 6.999696539766942751e-21 8.869829457932635604e-21
2.184564801003250614e+04 -9.997015620396115535e-21 8.763279788464907102e-21
2.185631406845022502e+04 1.276688300228888189e-21 9.048711863648841092e-21
2.186698013039036232e+04 -2.977226822548252085e-21 8.715634400594525709e-21
2.187764619579881764e+04 2.990057674396900601e-22 8.496907146777749524e-21
2.188831226462419727e+04 -3.287548861339165156e-20 8.426515239102016081e-21
2.189897833681218617e+04 3.426286165331381396e-21 8.403755307009955856e-21
2.190964441231194724e+04 -8.258139764388527657e-21 8.320874572739412904e-21
2.192031049107098443e+04 8.737323292503189990e-22 9.004049453928502810e-21
2.193097657303618325e+04 7.497060083213171071e-21 8.527766481091456946e-21
2.194164265815484396e+04 -5.270252022445143832e-21 8.246055676429694825e-21
2.195230874637421948e+04 1.004709773639697493e-20 8.867725707457287894e-21
2.196297483764392018e+04 1.632654266308401781e-20 9.444779554448886409e-21
2.197364093190949643e+04 2.217383378731442223e-20 8.779758243448702263e-21
2.198430702911963454e+04 -3.131626968919549640e-20 8.351875149012440584e-21
2.199497312922166384e+04 -2.080658560914176706e-20 7.764187611558485046e-21
2.200563923216349576e+04 -4.393638326708993620e-21 7.972660782502976100e-21
2.201630533789359106e+04 1.023155962764192191e-20 8.068710733168495200e-21
2.202697144635846053e+04 3.324481448459409886e-21 9.148708293452829094e-21
2.203763755750750352e+04 7.203084169070391044e-21 7.992470887614395104e-21
2.204830367128701982e+04 -2.640966775484189550e-23 8.337075349570782418e-21
2.205896978764570667e+04 1.022282527934611411e-20 8.740282853446815386e-21
2.206963590653226493e+04 2.762043369680173127e-20 9.130424292022122997e-21
2.208030202789335453e+04 1.055552329648424100e-20 9.164581474287365225e-21
2.209096815167858585e+04 -2.413891257714898817e-20 8.125636999829259947e-21
2.210163427783406951e+04 -9.268824625378894783e-21 7.879375996386650517e-21
2.211230040630956137e+04 5.780005899132528896e-21 8.039464510748627963e-21
2.212296653705263088e+04 -8.506441473312335004e-21 9.426502649913925748e-21
2.213363267001120039e+04 8.689357401053043538e-22 9.375600061370506039e-21
2.214429880513434182e+04 6.099349026791164697e-21 8.549414606094030371e-21
2.215496494236885701e+04 -1.204411486710872770e-21 7.375387713193241251e-21
2.216563108166453821e+04 1.679710184227202546e-21 8.540912292639498894e-21
2.217629722296841646e+04 -1.542658470986087891e-20 8.805558422917914412e-21
2.218696336622968010e+04 -1.868661491966123038e-20 8.403834943114134878e-21
2.219762951139708457e+04 -3.825544149154052142e-21 8.527966748513288373e-21
2.220829565841790827e+04 1.119270716113518546e-20 7.928748851935232656e-21
2.221896180724198712e+04 9.297469973421094129e-21 8.427545456873801248e-21
2.222962795781560635e+04 1.059804886621715729e-20 8.252420664633328032e-21
2.224029411008972602e+04 3.949787826343363194e-21 8.056019033115033654e-21
2.225096026401150448e+04 1.218205979551401030e-20 8.196929381130139393e-21
2.226162641953025377e+04 7.714584760007024957e-21 7.708804293973800295e-21
2.227229257659402720e+04 1.220950996330446368e-20 7.820388038700678506e-21
2.228295873515137282e+04 7.191372132180562346e-21 8.369773593027402236e-21
2.229362489515213383e+04 2.948742143299656194e-20 8.427233936545463985e-21
2.230429105654338491e+04 -1.920237865187787306e-20 7.432951963817924269e-21
2.231495721927556588e+04 2.758984622544377104e-21 8.576015832004774356e-21
2.232562338329609338e+04 -9.847763508683841789e-21 8.748614739798386074e-21
2.233628954855443953e+04 2.650752670094410067e-21 7.912775491984734280e-21
2.234695571499958896e+04 -2.050010013079815251e-21 8.507173942902752465e-21
2.235762188257985326e+04 -3.432064738170695021e-21 7.635818176954248628e-21
2.236828805124548308e+04 7.744811626617151124e-21 9.047370553315064091e-21
2.237895422094338210e+04 -7.771419903499243493e-22 8.976343409171417261e-21
2.238962039162442670e+04 6.491551561070637953e-21 8.126207197210243066e-21
2.240028656323757605e+04 3.135209854147402621e-20 8.759133120921418286e-21
2.241122073307718892e+04 -1.143391180246607817e-20 7.807228717513890652e-21
2.242188693029095157e+04 -6.679460159340510052e-21 8.024878243050463054e-21
2.243255312812312332e+04 8.092376914888109101e-21 9.419681012963909818e-21
2.244321932667952569e+04 1.375314032539993213e-21 8.194508592089579136e-21
2.245388551894814009e+04 2.880565242186932813e-21 8.050116681361875498e-21
2.246455117510921264e+04 -1.502966829768678081e-20 7.752895549749155879e-21
2.247521670598933633e+04 -9.806772097777208581e-21 7.142536661081518677e-21
2.248588223587274842e+04 -1.044979331056213676e-20 7.744002418717857038e-21
2.249654776622606005e+04 2.560702570274863574e-20 8.480149834041093748e-21
2.250721329699968192e+04 5.918921711941303492e-21 8.029863814441099275e-21
2.251787882814220211e+04 1.765909276026771148e-20 8.141388396794075210e-21
2.252854435960355841e+04 1.414516035564488928e-20 8.641333429238055002e-21
2.253920989149366505e+04 2.279590407361339170e-20 8.079738568514698600e-21
2.255014371217525695e+04 -1.317285125740729675e-21 7.467001453170554113e-21
2.256080926797259599e+04 2.298627153406728137e-20 8.413674036601082645e-21
2.257147482388265053e+04 8.331625741416120798e-21 8.074187295068923245e-21
2.258214037985605319e+04 2.576022065588373266e-21 7.219650366832043611e-21
2.259280593584108647e+04 -4.008732536399049587e-21 7.362490982301175476e-21
2.260347149178891050e+04 -1.016790738016550284e-20 7.202720255305793904e-21
2.261413704764796785e+04 -1.366470654069938313e-20 8.088850878693002965e-21
2.262480260336909851e+04 -1.164032893457030226e-20 7.386523296726372829e-21
2.263546815890130893e+04 6.212803482736308101e-21 8.116739351579490655e-21
2.264613371419481700e+04 -1.219766999407671421e-21 8.381772596733394594e-21
2.265679926919956415e+04 2.463782690121168460e-20 7.639732688537767780e-21
2.266746482386490243e+04 1.453961292484801077e-20 7.887614640782279092e-21
2.267813037814177733e+04 1.997056207417886112e-20 7.763288126843398241e-21
2.268879593197874055e+04 -4.619113361510163351e-21 7.668431526893243303e-21
2.269946148532721418e+04 1.054171494392871602e-20 8.935695416308491782e-21
2.271012703813587723e+04 -8.173256170319296878e-21 8.023624929255018764e-21
2.272079259035606083e+04 -3.026452128656344381e-21 8.016014880840584976e-21
2.273145814193694605e+04 9.064142960680486056e-21 7.598391610575243577e-21
2.274212369282928921e+04 -1.801914088439129685e-20 7.636791206399541234e-21
2.275278924298266065e+04 -5.994728240438983269e-21 8.235215581249257825e-21
2.276345479234767481e+04 2.114679306826591962e-20 7.864750781902388593e-21
2.277412034087445136e+04 5.983196331000515250e-21 7.544021426343619732e-21
2.278478588851296081e+04 -1.323879096300390426e-20 8.027764241202539842e-21
2.279545143521442878e+04 -6.902679965300426079e-21 7.590136654569962817e-21
2.280611698092766528e+04 1.453580392596937501e-20 8.041816194473968194e-21
2.281678252560462352e+04 5.878546303623132536e-21 7.818509516667832277e-21
2.282744806919421171e+04 -1.514298544903056933e-20 7.451293261556733648e-21
2.283811361164832852e+04 -1.213549492197654354e-21 7.465711185813936147e-21
2.284877915291608588e+04 6.838383946414832991e-21 7.490160177209397690e-21
2.285944469294890587e+04 -1.503330856255861620e-20 7.102079795160869177e-21
2.287011023169680993e+04 -2.279164810405705128e-20 8.249683644875293467e-21
2.288077576911072538e+04 1.419431447107401411e-20 7.976190454216760238e-21
2.289144130514081189e+04 1.593666715525445805e-20 7.892032215303931095e-21
2.290210683973804043e+04 1.209189525940209939e-20 7.957446364558522589e-21
2.291277237285313458e+04 7.261065799323770600e-22 8.214804051294291246e-21
2.292343790443605030e+04 -5.508342475737479903e-21 8.071720769033768542e-21
2.293410343443891179e+04 -8.357494905520925769e-22 7.864509257265120911e-21
2.294476896281081645e+04 1.128552495388581876e-20 7.932135460525108013e-21
2.295543448950349193e+04 1.642207866001031809e-20 7.925572469380878761e-21
2.296610001446749811e+04 1.975953050698264963e-21 8.475196145320154816e-21
2.297676553765416611e+04 2.769812086795210876e-20 8.359106962411916597e-21
2.298743105901351737e+04 1.428096479426518552e-20 7.852460246407051720e-21
2.299809657849730138e+04 -8.934974001562112061e-21 7.290595491188475816e-21
2.300876209605586700e+04 8.510120412129491305e-21 7.384303155845873712e-21
2.301942761164079639e+04 1.951747265125725547e-21 7.619935224900612999e-21
2.303009312520224557e+04 1.267474171876874594e-20 7.299292295970723680e-21
2.304075863669211685e+04 -5.141805393515120279e-21 7.928016270122863451e-21
2.305142414606111561e+04 1.020126108824149934e-20 7.419520145208523741e-21
2.306208965325974350e+04 1.351476096302385476e-20 7.683250090095835703e-21
2.307275515824098693e+04 -3.168731645309519858e-21 7.780248570542056182e-21
2.308342066095342670e+04 1.790965344038533039e-20 7.852634155956536867e-21
2.309408616135056582e+04 -6.701842929497536731e-22 8.332909936461098025e-21
2.310475165938219288e+04 -5.563750865920334933e-21 7.707284736880083445e-21
2.311541715500027203e+04 1.153048172006750872e-20 7.679286305127856028e-21
2.312608264815578877e+04 1.556198809138723515e-23 7.241219100445234144e-21
2.313674813880053625e+04 -2.773969634825180463e-20 7.523857856238646661e-21
2.314741362688497975e+04 1.687426836926470347e-21 7.721914552873908361e-21
2.315807911236189102e+04 7.264769350293663672e-21 7.550172838685447259e-21
2.316874459518088042e+04 -9.123914130478474444e-21 6.785658374691611151e-21
2.317941007529538183e+04 -1.812953635668687834e-21 7.295696762834526222e-21
2.319007555265568953e+04 2.144866615608169273e-20 7.428390579888546753e-21
2.320074102721308736e+04 2.124113978530867477e-20 8.097830670020680817e-21
2.321140649891988505e+04 6.234987527808992860e-22 8.007349775389854064e-21
2.322207196772738826e+04 -1.445800589554112249e-20 7.550361007540189371e-21
2.323273743358732827e+04 -2.800487253233479109e-20 7.003756581760282809e-21
2.324340289645146913e+04 -4.131284340868319092e-21 6.824820939701395406e-21
2.325406835627119654e+04 -1.318202522976317028e-20 6.754458605001525136e-21
2.326473381299764151e+04 -8.520210291008860524e-22 7.602624893013315632e-21
2.327539926658401237e+04 4.267622671921017752e-21 8.023789856960555499e-21
2.328606471698118185e+04 7.327653209810604903e-21 7.854059179165676753e-21
2.329673016414097583e+04 7.345484819697185486e-21 8.068622194346009367e-21
2.330739560801581683e+04 1.244300648609194595e-20 7.892528707876376723e-21
2.331806104855674494e+04 1.308231152573017244e-20 8.086221281748325323e-21
2.332872648571523314e+04 9.144564763665482359e-21 8.207453204391822716e-21
2.333939191944524646e+04 2.251037409600236795e-21 7.605116787442508776e-21
2.335005734969795594e+04 -2.803807395655918359e-21 7.493342032154925309e-21
2.336072277642412155e+04 -1.552481184771664755e-20 7.430541620602358693e-21
2.337138819957632950e+04 3.803248264563589837e-21 7.555471307638041917e-21
2.338205361910759166e+04 1.355426420095268222e-20 7.890456803435960744e-21
2.339271903496831510e+04 7.646994692268278992e-21 8.368153070234899641e-21
2.340338444711310149e+04 1.622941826227088265e-21 7.834739064483637322e-21
2.341404985549216872e+04 1.793225644014380489e-21 7.197794314917211018e-21
2.342471526005828855e+04 1.525763008580465232e-20 8.134864963982985752e-21
2.343538066076271207e+04 7.598032543786598403e-22 7.296800976655402967e-21
2.344631626546061671e+04 -9.843658793036211569e-22 7.685808398723297271e-21
2.345698169390661496e+04 4.745945860016613826e-22 7.471049447198789025e-21
2.346764710626375745e+04 -1.923373777027820869e-20 7.211604538274455413e-21
2.347831251440733467e+04 6.472176477219984334e-21 7.296977499125015447e-21
2.348897791844822495e+04 1.123495334351386632e-20 7.897950759505501602e-21
2.349964331833871984e+04 1.372811699973975726e-21 7.994518451747855018e-21
2.351030871403178753e+04 -1.897810942215521475e-20 7.021564705634198150e-21
2.352097410547950130e+04 9.512062189493212866e-21 7.455439657091976214e-21
2.353163949263470931e+04 -5.983430101865004535e-21 7.482348743480520589e-21
2.354230487544822608e+04 2.704923748674595448e-20 7.413022416382994581e-21
2.355297025387474423e+04 3.057710975627958634e-20 7.689299473516718094e-21
2.356363562786578041e+04 6.937789092457920448e-21 7.324177067313033205e-21
2.357430099737454293e+04 -9.949569189963516540e-21 7.726915559929144683e-21
2.358496636250996380e+04 -3.397354247848806950e-21 7.366918860705822293e-21
2.359590226988317954e+04 6.063812050334153300e-21 7.410802427269535159e-21
2.360656764897691392e+04 3.449293459380071824e-20 7.319864098192727638e-21
2.361723302339440124e+04 -1.393208866039064914e-20 7.427265637689327562e-21
2.362789839308992669e+04 -1.258853884716487937e-20 6.927272758927954760e-21
2.363856375801692047e+04 -3.449673708787894848e-21 6.402061951735105425e-21
2.364922911812660459e+04 1.404054420703638129e-21 6.908665679357667040e-21
2.365989447337295496e+04 -5.619821995832716804e-21 6.901002219968481644e-21
2.367055982370664060e+04 6.762858099180963558e-21 6.915886330213808839e-21
2.368122516908285616e+04 2.215114328915305762e-20 7.511552006912660307e-21
2.369189050945402050e+04 -6.348798275561850064e-21 7.336825097497803997e-21
2.370255584477426964e+04 -1.479597570741756745e-20 7.760148501431947546e-21
2.371322117499439264e+04 -5.884216954684563134e-21 6.570083676538675396e-21
2.372388650006969692e+04 9.494667824849079045e-21 7.115202312201318605e-21
2.373455181994982922e+04 2.266173979979770568e-21 6.981299342327411132e-21
2.374521713459199964e+04 2.368308233350377544e-20 6.857784496355155457e-21
2.375588244394767389e+04 1.886453147757118508e-20 7.331326872015601183e-21
2.376654774796994025e+04 1.597842405471820456e-20 7.162169730378339868e-21
2.377721304661213071e+04 1.092295298795068699e-20 7.843808592458494024e-21
2.378787833982678421e+04 1.972154101883433881e-20 8.024739910711504589e-21
2.379854362756786213e+04 1.067733270092034481e-21 7.356954151854716173e-21
2.380920890978927127e+04 6.693663103327525525e-21 7.821853113634147719e-21
2.381987418644375066e+04 -1.279814898371210254e-20 7.562293069850467702e-21
2.383053945748532715e+04 -1.313006914021575533e-20 7.387606012023791884e-21
2.384120472286478616e+04 6.775925497233664209e-21 7.274905485009273530e-21
2.385186998253887577e+04 9.091126266789628284e-21 7.716072529012335612e-21
2.386253523645767200e+04 -1.148322293550735970e-20 6.940590442874398228e-21
2.387320048458008023e+04 -1.040597000764916478e-21 7.366262241278416531e-21
2.388386572685485953e+04 2.470815219641118915e-20 7.372504358180689917e-21
2.389453096323710270e+04 -1.080635234297622999e-20 6.978805029435436438e-21
2.390519619367873747e+04 1.879863587799346967e-20 6.418821840527926778e-21
2.391586141813572976e+04 2.128183054543673631e-20 7.315939544554958705e-21
2.392652663656077129e+04 1.278906424506251877e-20 7.673405668305938811e-21
2.393719184890986435e+04 1.350513964468377415e-20 7.614010780064222227e-21
2.394785705513168796e+04 2.934194348669506680e-21 7.152653304458963707e-21
2.395852225518493287e+04 -4.861933202229051350e-21 7.078445999289647356e-21
2.396918744901848913e+04 7.254101551479088844e-21 6.987929454670964293e-21
2.397985263659095290e+04 3.683538847135884232e-21 7.272633871714975606e-21
2.399051781785355342e+04 9.437557223855568535e-21 6.839196342896580532e-21
2.400118299276268954e+04 -1.068021794198634329e-20 6.297752152927735600e-21
2.401184816126913211e+04 6.852943720801382683e-21 7.374879381307084277e-21
2.402251332332616948e+04 1.364830165092673616e-20 7.423688504214033694e-21
2.403317847888991309e+04 2.825935802449747256e-21 7.086922910697292166e-21
2.404384362791499007e+04 1.167713966739988931e-20 7.507116043817383983e-21
2.405450877035417216e+04 1.031223613102181930e-20 7.470253908250363876e-21
2.406517390616415287e+04 -1.747176033838375634e-20 7.363375309467500225e-21
2.407583903529343297e+04 3.590081254340832807e-21 6.933270413080195472e-21
2.408650415769929168e+04 4.117541202658840745e-21 7.321718205485033562e-21
2.409716927333582862e+04 4.808708961038942765e-21 6.537093265919341198e-21
2.410783438215865317e+04 7.734947428160073462e-21 7.769583680049527127e-21
2.411849948411985679e+04 3.517319599440700627e-20 8.237665894610351841e-21
2.412916457917565276e+04 -5.995379222427576606e-21 7.135743416385910325e-21
2.413982966727608800e+04 1.225805005321527248e-20 7.760429833733054534e-21
2.415049474837947491e+04 -2.070051611767704558e-23 7.214790570270213397e-21
2.416115982243778490e+04 1.363928500509221611e-21 6.688120749352111610e-21
2.417182488940836629e+04 -9.438162567423093124e-21 6.758335048534511603e-21
2.418248994924596627e+04 1.118250685142278460e-20 7.303031423736100830e-21
2.419315500189800514e+04 -6.869805406871370244e-21 6.576090659777527526e-21
2.420382004732603673e+04 1.651953767230849864e-20 6.576358057136032690e-21
2.421448508548043537e+04 3.475561996721053277e-21 7.155018771083684704e-21
2.422515011631732341e+04 -1.425369076479192561e-20 7.003816982118653677e-21
2.423581513979389274e+04 5.263004843034736083e-21 7.192011767412972524e-21
2.424648015586268593e+04 2.670802862766638326e-22 6.477962108710341085e-21
2.425714516447462665e+04 1.652628200885781595e-20 6.997870934604889981e-21
2.426781016558862029e+04 5.955538232458751751e-21 7.503949663809040374e-21
2.427847515915596887e+04 -1.719545394991345823e-22 7.649838093610634988e-21
2.428914014513535949e+04 -3.109747779510646691e-22 6.974571768478556542e-21
2.429980512348195771e+04 5.105294900229471165e-21 6.957413415038824680e-21
2.431047009414464264e+04 1.625336978745737300e-20 7.582648600766468776e-21
2.432113505708248704e+04 4.752561981858335495e-21 7.602964831671823330e-21
2.433180001224744046e+04 -6.910232583597364544e-21 6.780003813946062269e-21
2.434246495959735330e+04 5.213209671363978442e-21 7.508358033794961262e-21
2.435312989908733653e+04 1.096105704631653078e-20 7.267027264745746610e-21
2.436379483067314140e+04 1.680402152013995822e-20 8.147633932164101615e-21
2.437445975430233011e+04 -2.124102001176940773e-20 6.821768205783663061e-21
2.438512466993737689e+04 -2.974020115694246573e-21 6.693865180691330511e-21
2.439578957752807401e+04 5.757529358579602303e-21 6.762717499881848855e-21
2.440645447703373065e+04 3.348855643196513138e-21 7.506306974669317365e-21
2.441711936840885392e+04 1.422424695738942722e-20 6.556039126666421005e-21
2.442778425160885672e+04 1.569394148942246753e-20 6.947489148850350154e-21
2.443844912658499015e+04 1.529161054847574148e-20 6.393980824038371205e-21
2.444911399329403866e+04 1.167796080077838054e-20 6.524809835217852294e-21
2.445977885169059300e+04 1.552338985026729963e-20 7.124767980093094956e-21
2.447044370173195784e+04 1.577842539568866510e-21 7.185686468900388028e-21
2.448110854337620549e+04 5.962610511624529369e-21 7.240010533217605617e-21
2.449177337657161479e+04 1.309278875202896873e-20 6.983443202390870938e-21
2.450243820127685103e+04 -7.209382831464480991e-21 6.811250022627520528e-21
2.451310301744537355e+04 1.603021456893170094e-20 6.688829064198100113e-21
2.452376782503357390e+04 2.345428373142971640e-20 7.367923486062512478e-21
2.453443262399833475e+04 -1.825729400448507416e-20 7.128055874697849560e-21
2.454509741429653150e+04 -8.091993757567984532e-22 7.070431792217159749e-21
2.455576219587818196e+04 2.246801526306336705e-22 7.661962326778569054e-21
2.456642696870193686e+04 5.374362666038491340e-21 7.269292317426717360e-21
2.457709173272128101e+04 3.443584891434991752e-20 7.085725369249637032e-21
2.458775648789241313e+04 1.087830221765100655e-22 6.231425971750907822e-21
2.459869390005218520e+04 -1.097423436118135870e-20 6.378038489005576769e-21
2.460935867220863656e+04 3.596250510412056053e-21 6.502205384710972616e-21
2.462002342371113627e+04 6.600476563489162878e-21 7.275324081234959732e-21
2.463068816602843435e+04 8.070169529448611891e-21 7.324872524925388205e-21
2.464135289927315534e+04 -6.106290497589438495e-21 6.693814696592410841e-21
2.465201762339999550e+04 1.783473938325990491e-21 7.073931032515744787e-21
2.466268233836563741e+04 -1.514878704245502488e-20 7.164558200474315579e-21
2.467334704412888459e+04 2.180287472392630247e-20 7.811869288341785036e-21
2.468401174064014049e+04 -2.061829341747949284e-21 6.907788774472018959e-21
2.469467642785373391e+04 5.165425685910660788e-21 7.274746653231548799e-21
2.470534110572954887e+04 9.304595651200670945e-21 7.140475198524323644e-21
2.471600577422372226e+04 -4.231452590199007730e-21 7.244839484079965147e-21
2.472667043328844011e+04 -7.482567746157308255e-21 6.927125653321708080e-21
2.473733508288656594e+04 -4.390622079771946902e-21 6.796916553760454248e-21
2.474799972312153477e+04 -8.468113438017962711e-21 7.064642560837810159e-21
2.475866436543893724e+04 -1.525636430864233001e-20 6.591460271962385360e-21
2.476960201968577167e+04 -1.523239903668897691e-20 6.572935518729544648e-21
2.478026665388963738e+04 -5.930386467933629045e-21 6.647726113862880427e-21
2.479093127839789668e+04 7.173096715124622793e-21 6.935666657610947437e-21
2.480159589317494465e+04 1.867719504129571176e-20 6.982440562698514013e-21
2.481226043490738084e+04 -9.975414670044528130e-21 7.223683488476447691e-21
2.482292492856281388e+04 -1.115106811473863040e-20 6.475099428963595278e-21
2.483358941234038502e+04 1.298728721972739982e-20 6.735962225312511816e-21
2.484425388620462036e+04 -2.820021565012477646e-21 6.429246844346235050e-21
2.485491835010945215e+04 3.915654052052539701e-21 6.740316226965819212e-21
2.486558280401593584e+04 1.527313987668169755e-21 6.572134124236833130e-21
2.487624724787964442e+04 1.070355937221775738e-20 7.034482334603751073e-21
2.488691168164892952e+04 3.417999720819418768e-21 6.903719180610368677e-21
2.489757610528532314e+04 -8.233218328492144231e-21 7.028696361146548573e-21
2.490824051874822180e+04 1.541657017303808243e-20 7.156015090666932702e-21
2.491890492198821812e+04 -7.043688722987031971e-21 6.774390141173293336e-21
2.492956931497227924e+04 -3.485812458644730448e-21 6.979947872814150384e-21
2.494023369764403833e+04 4.643893821666281583e-21 7.442858515500373742e-21
2.495089806996323387e+04 1.874993176549677314e-21 6.904099629733752796e-21
2.496156243188917142e+04 9.609185818288379884e-21 7.497268934484250469e-21
2.497222678337858088e+04 -5.982202448681272578e-21 7.324998592450734786e-21
2.498289112438468510e+04 3.450651183707655145e-21 7.262067334395084027e-21
2.499355545487045674e+04 1.243277684333195449e-22 7.250636662713055630e-21
2.500421977478648114e+04 -6.735843656029184367e-21 6.881598033877404510e-21
2.501488408409020849e+04 -4.420051964999578612e-21 6.617233303496156463e-21
2.502554838273860150e+04 -6.022843566230762756e-21 7.037614967162919485e-21
2.503621267068841553e+04 1.360489704108194348e-20 7.356144376788491816e-21
2.504687694789578745e+04 3.838887173544059703e-21 7.199187943407215939e-21
2.505754121432326065e+04 5.515021895069728444e-22 7.522929836578863930e-21
2.506820546991888477e+04 2.313214720847422604e-20 7.234301210581814560e-21
2.507886971464620365e+04 9.079931539391929230e-21 7.305513000905212567e-21
2.508953394845596995e+04 4.689366581289751377e-21 7.282494313334665073e-21
2.510019817130876982e+04 2.846597021022612689e-21 6.945048401072963613e-21
2.511086238316027811e+04 -8.701406966677003786e-21 6.905100285178994580e-21
2.512152658396702464e+04 9.591205064422538667e-21 6.541902323089357614e-21
2.513219077369166553e+04 1.367763067342497145e-20 6.865205705054458375e-21
2.514285495228494619e+04 -1.610365350421979846e-21 6.215533284124697710e-21
2.515351911970307629e+04 1.113769368939390976e-20 7.205558734242313770e-21
2.516418327590450644e+04 2.117993258261214904e-20 6.487554354062267257e-21
2.517484742084625395e+04 -2.300259974278736459e-21 6.476538344322879125e-21
2.518551155448664576e+04 -1.704602536951198964e-20 6.116281782869927702e-21
2.519617567678504565e+04 -5.775093006306836648e-21 6.685009511177978105e-21
2.520683978769421083e+04 2.461202067117039490e-20 6.410806001822457562e-21
2.521750388717256646e+04 4.588056774587256878e-21 6.075938398198763869e-21
2.522816797517777741e+04 2.035794726932439611e-20 6.311703467739700113e-21
2.523883205166469270e+04 8.509567548100067935e-21 6.884371050965668149e-21
2.524949611659177026e+04 8.141196906363723797e-21 7.394753814176777367e-21
2.526016016991891593e+04 -4.806380484314766231e-21 6.940509864288745770e-21
2.527082421160173908e+04 -2.388513878344722001e-20 6.873169556893696117e-21
2.528148824159712240e+04 1.001323564691002081e-21 6.573559414599041660e-21
2.529215225986358200e+04 7.969580501677456593e-21 6.483122660564889861e-21
2.530281626635518478e+04 -9.125281245278397786e-21 5.917640524200165542e-21
2.531348026102804215e+04 8.275489280254944606e-21 6.755139773997365717e-21
2.532414424384748418e+04 -1.797349786747653192e-21 7.391163526980773850e-21
2.533480821476465644e+04 2.356117572612301112e-21 7.027032506264187316e-21
2.534547217374158208e+04 1.893939368485093806e-21 7.300466120484168905e-21
2.535613612073032346e+04 -7.539347467321166751e-21 6.746010283760986729e-21
2.536680005569328932e+04 -1.228011651562896674e-20 6.535051975037544236e-21
2.537746397858223645e+04 2.592229807650961096e-21 6.634633069167289238e-21
2.538812788935871868e+04 1.230374820349372700e-20 6.386165851043674457e-21
2.539879178798165594e+04 -1.865444525309403058e-20 6.285595869919388081e-21
2.540945567440786181e+04 5.802759036185734507e-21 7.441812244741009571e-21
2.542011954859114485e+04 9.294965719941468633e-21 6.703645222727714562e-21
2.543078341049360097e+04 1.653487526624984598e-20 6.572349962640346882e-21
2.544144726006924975e+04 -2.027998759795612477e-21 7.229406381125436784e-21
2.545211109727833173e+04 -9.325096447951480876e-22 7.406956884380377477e-21
2.546277492207888645e+04 1.785028776193381768e-20 6.961052347018683970e-21
2.547343873442669428e+04 1.190993134853236509e-20 7.119369659339467756e-21
2.548410253428074429e+04 2.786722536609947677e-20 6.916159476331557889e-21
2.549476632159985456e+04 1.811664072999466516e-20 6.516649874859539860e-21
2.550543009634138070e+04 4.095170422058846822e-21 6.643544747434349873e-21
2.551609385846045188e+04 1.427184923686268810e-20 6.664289044182750415e-21
2.552675760791765788e+04 1.259944950042376748e-20 6.067163664265556592e-21
2.553742134467021242e+04 -1.106476442823695176e-20 6.328791625534583325e-21
2.554808506867758842e+04 1.540271927849289779e-21 6.570284919818083637e-21
2.555874877989689048e+04 -1.227419885909776109e-20 6.915838551593089601e-21
2.556941247828207997e+04 -6.789389692120601375e-21 6.809922154668782768e-21
2.558007616379965111e+04 4.761258630861266600e-21 6.587086624524392561e-21
2.559073983639958169e+04 9.200112505394862423e-21 6.580789192266966290e-21
2.560140349604325456e+04 2.909818993706534434e-21 6.314646966204213420e-21
2.561206714268894211e+04 1.373779975117298588e-20 5.959819796541739886e-21
2.562273077629396357e+04 1.020109057611567238e-20 6.392742106572222961e-21
2.563339439681906879e+04 2.733710756852428040e-20 6.893637737384369728e-21
2.564405800421993263e+04 1.214970182884567683e-20 6.648382613430987028e-21
2.565472159845401620e+04 3.483223714409979319e-21 6.303681640308292802e-21
2.566538517948094523e+04 -6.089399981633284287e-21 6.908222289673460174e-21
2.567604874725839909e+04 2.102562153813945509e-20 6.780024366412527488e-21
2.568671230174567972e+04 1.288276691912911581e-20 6.897015489703977433e-21
2.569737584290288578e+04 1.940980391777865528e-21 6.572824371436172484e-21
2.570803937068339656e+04 7.312619303884816689e-23 6.725880606787237845e-21
2.571870288504822020e+04 8.574056250616669531e-21 6.068803036462707940e-21
2.572936638595539989e+04 1.359707174604150025e-21 6.195193952473317364e-21
2.574002987336423394e+04 7.993247277632050878e-21 5.985505177828003072e-21
2.575069334723344946e+04 -2.104124314112352055e-21 6.846018529598362386e-21
2.576135680751957261e+04 -6.257088949230098457e-21 6.265830251574647567e-21
2.577202025418375342e+04 6.803031170673862350e-21 6.835862629742653680e-21
2.578268368717961494e+04 -1.438155642472480433e-20 5.931317981935883293e-21
2.579334710647266184e+04 -4.763021660980773803e-22 5.806726788021021160e-21
2.580401051201570226e+04 2.439610343477326941e-21 6.457384778334320434e-21
2.581467390376988624e+04 4.030679758437031323e-21 6.585787563770455200e-21
2.582533728169501774e+04 4.996656017390706085e-21 6.494071765339503696e-21
2.583600064574787757e+04 2.941084253226378433e-21 6.459631077647931297e-21
2.584666399588648346e+04 6.205011879476472119e-22 6.457375355856588460e-21
2.585732733206833291e+04 -3.937050197036343647e-20 6.176051316636323394e-21
2.586799065425777735e+04 1.324501790080352559e-20 6.809083557465256542e-21
2.587865396240865448e+04 -9.653336546470807228e-22 6.398859560234121884e-21
2.588931725647927669e+04 6.834113656162865020e-22 6.011042714531741532e-21
2.589998053643410458e+04 5.130330708463455883e-21 7.066242547417143485e-21
2.591091922243799127e+04 2.700250904423350040e-20 7.329620057733930645e-21
2.592158250797978326e+04 1.250485990764167547e-21 6.501416829249293485e-21
2.593224576806525511e+04 -8.544225062418198713e-21 6.117885904561302326e-21
2.594290901371383370e+04 8.257111013613602459e-21 6.790057905455826464e-21
2.595357224503465477e+04 1.059551812228998806e-20 6.731339731457807281e-21
2.596423546198629992e+04 -7.584111343116689793e-21 6.117363558025706676e-21
2.597489866452756905e+04 -5.887495970735095721e-21 6.546256031907651578e-21
2.598556185261967039e+04 5.111499802237366112e-21 6.926334015295573496e-21
2.599622502621922831e+04 -1.195847397212244726e-21 6.576496192144789089e-21
2.600688818528444972e+04 -3.986469270741216214e-21 6.492404154790345749e-21
2.601755132977578251e+04 -1.743592801408582908e-21 6.432102008660132859e-21
2.602821445965033126e+04 2.145904050692483534e-20 6.869141243476738545e-21
2.603887757487276758e+04 1.420254058385182029e-20 6.219985035835737131e-21
2.604954067539667449e+04 -3.759644861356740739e-20 6.770805400172790800e-21
2.606020376118335480e+04 9.771820939260082795e-21 7.285060656663165039e-21
2.607086683219207771e+04 -1.203042999340849915e-20 6.268400910560326129e-21
2.608152988853191709e+04 -4.413334465761526280e-21 5.878373553103120802e-21
2.609246874510710404e+04 4.453228741692302437e-21 6.470796556611885888e-21
2.610313179407777716e+04 6.622878515398499058e-21 7.091404882558668761e-21
2.611379482810394256e+04 -6.518946496045458643e-21 6.125533811627266608e-21
2.612445784714592446e+04 2.413418582556299491e-21 6.914915032995023123e-21
2.613512085116390517e+04 3.118369649139075772e-21 6.609659415811226132e-21
2.614578384011435264e+04 1.943123785696296968e-20 6.764289552494395637e-21
2.615644681395874431e+04 -6.101703953700960620e-21 6.578063207140687536e-21
2.616710977265357724e+04 -5.469374610113163509e-21 6.413088361121120648e-21
2.617777271616632061e+04 -2.472455244991605171e-21 6.924415094933647317e-21
2.618843564444587173e+04 6.752848770498876540e-21 6.653324557120448661e-21
2.619909855745650566e+04 -7.572814995721485167e-21 6.697160193670035260e-21
2.620976145516190809e+04 -6.520337045659567196e-21 6.264997811385042168e-21
2.622042433751556018e+04 9.503156510864268708e-21 6.479348127950504690e-21
2.623108720448118765e+04 -2.766285531473394884e-21 6.589120138341700375e-21
2.624175005601337398e+04 -8.199198641543638901e-21 6.233934319802631001e-21
2.625241289207761292e+04 1.391963333332053908e-20 6.392270097245368908e-21
2.626307571262959391e+04 1.523996842555552321e-20 6.740443062785554144e-21
2.627373851762833874e+04 -2.010850542878083899e-21 7.260353919165028544e-21
2.628440130703696559e+04 3.554171686193457901e-21 7.145344814536780380e-21
2.629506408081413610e+04 3.001202929599727083e-20 7.068981047812518100e-21
2.630572683891681299e+04 1.290260062656074285e-20 6.503414925530682490e-21
2.631638958131081381e+04 -5.517706302944686130e-21 7.076723221406256656e-21
2.632705230795071111e+04 1.199249463252849757e-20 6.555790146706866683e-21
2.633771501879901189e+04 -3.529522582492153802e-21 6.032151435065169983e-21
2.634837771381314451e+04 -1.120728868248715091e-20 6.111125787651844007e-21
2.635904039295232360e+04 -2.008980686762368536e-21 6.081566675585043470e-21
2.636970305617994381e+04 -2.901344201185737052e-22 6.326092813961631418e-21
2.638036570345481232e+04 -1.140093442654505302e-20 6.374731864918019405e-21
2.639102833473407736e+04 5.715615402768264557e-21 6.499594270494894512e-21
2.640169094998382207e+04 7.018095101835552115e-21 6.537424965590062205e-21
2.641235354915880816e+04 8.268528902629022961e-21 6.697715336589754055e-21
2.642301613221809021e+04 5.505644936150938424e-21 6.940522276500951892e-21
2.643367869912814422e+04 -8.510354325443315543e-21 6.808443722843294804e-21
2.644434124984143273e+04 1.874877791359231162e-21 6.508178383020975633e-21
2.645500378432492653e+04 -4.088483953451888477e-21 6.290445064124968886e-21
2.646566630253414769e+04 1.510352184247358255e-20 6.633529484513661190e-21
2.647632880442656824e+04 8.428078864606409844e-22 6.509642709922756412e-21
2.648699128997178559e+04 1.601265108450659738e-20 6.739565432143792695e-21
2.649765375912138188e+04 1.643098364166382166e-20 7.148202033073145410e-21
2.650831621184158575e+04 2.169643774342228899e-20 6.669486682771344308e-21
2.651897864808840313e+04 2.665966037614649653e-20 6.544262015471035778e-21
2.652964106782362069e+04 1.836714557458272002e-20 6.402925325092839532e-21
2.654030347100686049e+04 1.319884686417256326e-20 6.210831348320064453e-21
2.655096585759939990e+04 -1.343554317004247786e-20 5.556323057939850143e-21
2.656162822755912930e+04 -1.629325577939591087e-20 6.322616994708322076e-21
2.657229058084819189e+04 -1.776114566763462565e-21 6.230868244973664290e-21
2.658295291742941481e+04 -1.386891924954066074e-20 6.366652061661097304e-21
2.659361523726230735e+04 1.485857655881098856e-21 6.430352210105461616e-21
2.660427754030241340e+04 7.080724593163913069e-21 6.135403452415100875e-21
2.661493982651594342e+04 -1.065735229679619787e-20 6.932814496353118005e-21
2.662560209586038400e+04 -3.145541700094920052e-22 6.770029274791287827e-21
2.663626434829556092e+04 1.328357843251098803e-21 6.920873448840269555e-21
2.664692658378726628e+04 1.056592444639244390e-21 6.720771959064066666e-21
2.665758880228792987e+04 6.409499009689933960e-21 6.705594712329908665e-21
2.666825100376284536e+04 2.936126568235755260e-21 6.216638090001991033e-21
2.667891318817574211e+04 -2.914110057224270439e-21 6.977135759941026065e-21
2.668957535547961743e+04 -1.711790544641612089e-20 6.355216739990338155e-21
2.670023750564142392e+04 1.183618076925124184e-20 6.780894443021113409e-21
2.671089963861731667e+04 -2.906225570372406593e-21 6.950616574304869891e-21
2.672156175437387355e+04 -1.315544647414251552e-20 6.624231811780487143e-21
2.673222385286479766e+04 -2.000290859894619624e-20 5.933665169691298161e-21
2.674288593405354914e+04 -2.923888841932702476e-20 7.044588234922895132e-21
2.675354799790543620e+04 -1.808377352768917203e-20 7.421660748189114596e-21
2.676421004437198280e+04 -9.338137554899404304e-21 7.148010972657483585e-21
2.677487207342419424e+04 -1.852601989895668494e-20 6.473303176336105219e-21
2.678553408501646118e+04 -1.695148016177177652e-21 6.397198625409420644e-21
2.679619607910947889e+04 -1.250648377430474625e-20 6.195659659957143311e-21
2.680685805566703493e+04 -9.061007177436758426e-22 6.727262576841573986e-21
2.681752001464729983e+04 9.834115911948238665e-22 6.506315794825574268e-21
2.682818195601457774e+04 -4.849926407963258237e-21 6.772637558129657267e-21
2.683884387972552213e+04 -1.618306343310806107e-20 6.532819038841770438e-21
2.684950578574964675e+04 1.931663602847183020e-20 6.609774316620092118e-21
2.686016767403390622e+04 -2.915926854830399301e-21 6.880756645740533693e-21
2.687082954454881474e+04 -8.121379570289582086e-22 6.537841943834249506e-21
2.688149139725798887e+04 1.827384870953068521e-20 6.555947849194269694e-21
2.689215323211404757e+04 1.471953746590130604e-21 6.537923260372504611e-21
2.690281504908216448e+04 2.693491726803483694e-20 7.050357905479294521e-21
2.691347684812388979e+04 2.521133317482663793e-20 6.992112803248611744e-21
2.692413862920147221e+04 7.260926176515911096e-20 8.655084573151305572e-21
2.693480039227462112e+04 3.059415697942808176e-19 1.140045221966340853e-20
2.694546213730285308e+04 4.565908932503413069e-19 1.236863505818970960e-20
2.695612386425031946e+04 2.294281385226175261e-19 9.194656036315716125e-21
2.696678557307706069e+04 4.006627421637392869e-20 6.448628989741731814e-21
2.697744726374053789e+04 1.078167322261531932e-20 6.787482001814773424e-21
2.698810893621275682e+04 -1.320193160151464184e-20 6.896689893261040317e-21
2.699877059044023190e+04 -1.952230247279724568e-21 7.978990607721220634e-21
2.700943222639616943e+04 1.406019113459913610e-20 6.584703976932294696e-21
2.702009384403481090e+04 3.463521752754106567e-20 7.251083859163955679e-21
2.703075544331867786e+04 2.497347847012109638e-20 6.668534448830985885e-21
2.704141702421498121e+04 -1.912926797115889357e-21 6.542350443541352957e-21
2.705207858668014524e+04 1.171393458877764970e-20 6.827179488765648855e-21
2.706274013067670239e+04 6.156290299306682919e-21 7.274475428189496392e-21
2.707340165616392187e+04 8.532231257200467144e-21 7.045618456855645926e-21
2.708406316310636976e+04 1.536775911507491981e-20 6.784921532280447789e-21
2.709472465146058312e+04 3.523455576416480598e-21 6.353977105359518488e-21
2.710538612119583195e+04 2.116916813273419502e-20 6.773665982167221097e-21
2.711604757226891161e+04 4.166663074755240929e-21 7.034364538377574284e-21
2.712670900464233273e+04 -2.056455415058377929e-21 6.687389437014540070e-21
2.713737041827537178e+04 -1.990667005546289197e-20 6.255713844199272155e-21
2.714803181309318097e+04 9.933433720722287526e-21 6.554777658098657464e-21
2.715869309765461367e+04 -2.642003997967250250e-21 6.530970434968033185e-21
2.716935415986971930e+04 1.794175938483741705e-21 7.164852133481249643e-21
2.718001520319390693e+04 2.219009546691479203e-20 6.745116966018243265e-21
2.719067622759179358e+04 1.090599054502720198e-20 7.442167425626157278e-21
2.720133723302273938e+04 8.169766237657247658e-21 7.479053103848754332e-21
2.721199821944380164e+04 2.062448022734532167e-20 7.684185817645944616e-21
2.722265918682378469e+04 -1.683592724317687574e-21 7.643932400252977013e-21
2.723332013512207050e+04 -1.044827427412947444e-20 6.910371023951351623e-21
2.724398106430400003e+04 1.669555544057414584e-20 7.322895313701680826e-21
2.725464197432406218e+04 4.524896690415381121e-21 7.585355508064285134e-21
2.726530286514791078e+04 8.191428378871741897e-21 7.532096505188359275e-21
2.727596373673886046e+04 3.786888044182157377e-21 7.899353555216629340e-21
2.728662458905347376e+04 -3.072956932843672862e-20 7.602104724225960449e-21
2.729728542206172642e+04 1.251169871339850285e-21 7.619100514205502472e-21
2.730794623571860211e+04 -3.734284907569308681e-21 8.210734045695595299e-21
2.731860702998908891e+04 1.130745122112327769e-20 7.043377875691867975e-21
2.732926780483912080e+04 -1.947191250568014617e-21 6.910776247575246133e-21
2.733992856021945408e+04 -1.170953245975341357e-20 6.729199518441615041e-21
2.735058929610144696e+04 7.108651215466298410e-21 7.229779795375395386e-21
2.736125001244283339e+04 -8.788230687506865396e-21 6.875112528186031057e-21
2.737191070921100618e+04 -1.286315785015428841e-20 6.834791736627520757e-21
2.738257138636494346e+04 -6.872017839163346931e-21 7.184632976942088506e-21
2.739323204386458019e+04 8.079181064016413936e-21 7.163133895027254904e-21
2.740389268167304181e+04 1.001333854311197654e-20 7.950022755516325812e-21
2.741455329975361383e+04 1.476499227655266108e-20 7.607242230420756993e-21
2.742521389806840671e+04 1.140175227608939553e-20 7.349673159216760911e-21
2.743587447658073870e+04 -2.533638764544873972e-20 7.982317711345140700e-21
2.744653503524953339e+04 -4.200246884035552193e-21 8.302004391283005574e-21
2.745719557403916042e+04 -1.426008974312393504e-20 8.250402419906500828e-21
2.746785609291263972e+04 3.225370503585873540e-21 8.397729854523208820e-21
2.747879525775029470e+04 8.117544699230443395e-21 9.164886465756932196e-21
2.748945575898941024e+04 -2.611003527717047433e-21 7.811095909628696043e-21
2.750011624005318663e+04 1.772373031855720338e-21 7.401138241766613647e-21
2.751077670104186836e+04 -1.746454721254441807e-20 6.892837859215657096e-21
2.752143714192256812e+04 -1.972778873476616063e-21 7.418601069419387504e-21
2.753209756265954638e+04 7.151447051609399556e-21 7.779888319108613244e-21
2.754275796321691814e+04 1.372716793255504674e-20 7.819854358623581495e-21
2.755341834354933235e+04 6.810545477018501068e-21 7.876188527639054583e-21
2.756407870362316680e+04 2.234526365685453674e-20 7.541948890518078957e-21
2.757473904340053559e+04 3.739836324042694201e-20 7.976018492416847181e-21
2.758539936284438227e+04 1.717768291482770044e-20 8.848215287470009518e-21
2.759605966191524567e+04 1.249234284535242264e-20 6.827172782333432359e-21
2.760671994058338896e+04 3.444739168842469007e-21 7.841057049000149791e-21
2.761738019879930289e+04 -8.314668827360302820e-21 7.320789988994565026e-21
2.762804043653401823e+04 7.476898323251303345e-21 7.237788225504619422e-21
2.763870065374540354e+04 -3.173767712638784248e-20 7.801780723777221133e-21
2.764936085040060789e+04 1.105487225862962455e-20 8.002831763947269498e-21
2.766002102646472122e+04 5.544353267014090473e-21 8.167373226231776073e-21
2.767068118188927110e+04 -1.096350765744198971e-20 7.608639145419378835e-21
2.768134131678913764e+04 6.959984115945123652e-22 7.326787347136219708e-21
2.769228053969295797e+04 4.478559047610043690e-21 7.626651749288140734e-21
2.770294065511544613e+04 -2.922580361074215703e-21 7.609453104641892134e-21
2.771360074975258613e+04 -2.581854976956340772e-21 7.614304230098337455e-21
2.772426082356797633e+04 6.021110478115654503e-21 7.877004888820786408e-21
2.773492087652446207e+04 1.068259496705026412e-20 8.986085023871095364e-21
2.774558090858641663e+04 -2.740631350193422725e-20 8.809101998299179679e-21
2.775624091970811060e+04 1.119190073603315544e-20 8.549224350686882807e-21
2.776690090986607538e+04 1.676621756186117469e-20 7.928686043093280227e-21
2.777756087901158025e+04 3.566069263029756480e-20 7.979442296840587596e-21
2.778822082711627081e+04 4.716854017902017186e-21 8.081812170078081560e-21
2.779888075413477418e+04 2.097023776905417307e-20 8.206827963811993341e-21
2.780954066003651315e+04 1.186125463926917140e-20 8.991095427151158131e-21
2.782020054478370366e+04 6.839954571030650831e-21 7.968113998606032102e-21
2.783086040833350853e+04 -1.602665390165098423e-20 7.690925686596450559e-21
2.784152025065334965e+04 7.356248585959643229e-21 8.247929532707983021e-21
2.785218007170989222e+04 2.117918947112918278e-20 9.887206946164138177e-21
2.786283987146014624e+04 -3.670647797636553900e-21 9.594114129459514982e-21
2.787349964986727355e+04 4.189128801270882585e-20 1.151341919236774164e-20
2.788415940690054776e+04 -2.162558892135971602e-20 8.382699445789143304e-21
2.789481914251415219e+04 1.743454112996279764e-20 7.662500366138796104e-21
2.790547885667844821e+04 2.593027556598284715e-21 8.316007680519128377e-21
2.791613854935175550e+04 2.781049863661902350e-20 7.773784479251241748e-21
2.792679822050349321e+04 2.571226312525824326e-20 8.133392248821866954e-21
2.793745787008855041e+04 -1.546105531410364576e-20 7.840101042921549547e-21
2.794811749807692468e+04 4.782806389587509664e-21 8.259818118972990522e-21
2.795877710442633906e+04 -1.111928859006119555e-20 8.087911856139078387e-21
2.796943668910774431e+04 1.286664190054801437e-20 7.051816809130172626e-21
2.798009625207526551e+04 8.796693406755014753e-21 8.019542520842271142e-21
2.799075579329621905e+04 -2.997178639479964769e-21 8.009766388256286480e-21
2.800141531273630972e+04 2.993520358710834972e-20 8.388395104205115342e-21
2.801207481035470846e+04 -5.698639203006280074e-21 7.950140468129842958e-21
2.802273428612144926e+04 1.712124904629355919e-21 7.246867451198527239e-21
2.803339373998769224e+04 -6.188346433262522174e-21 8.103780645901238290e-21
2.804405317192921211e+04 -1.541028113992043609e-21 7.418816329496651404e-21
2.805471258190707886e+04 -3.787956182364292641e-21 7.370354353808305007e-21
2.806537196987929929e+04 2.097100564018511873e-20 7.852137544531523808e-21
2.807603133580982467e+04 9.921072421361897949e-21 7.714050038747904704e-21
2.808669067966701550e+04 -1.829394465103890658e-20 7.960687680537038253e-21
2.809735000141160344e+04 -5.739352050852628540e-21 7.977017877601634511e-21
2.810800930100215191e+04 2.152634640893240969e-20 7.967722222934618795e-21
2.811866857841451565e+04 1.432525176135199440e-21 8.682422656738612131e-21
2.812932783360283429e+04 -7.841694712446440274e-21 7.597065319191677755e-21
2.813998706653205954e+04 8.578135010661908058e-21 7.479464305552533706e-21
2.815064627716431642e+04 -1.687910507899342167e-20 7.588877740738509953e-21
2.816130546546556434e+04 2.714975241983146644e-21 7.756571649632359566e-21
2.817196463139892148e+04 -2.394401771859231375e-21 8.437864972227273809e-21
2.818262377492800806e+04 8.323056661659480558e-21 8.115490614098551694e-21
2.819328289601935467e+04 3.436406317963541037e-21 8.158207996581785090e-21
2.820394199463184123e+04 -2.268994349539892981e-20 8.057996520777977315e-21
2.821460107073055406e+04 -2.779733107648700223e-20 6.978458906081171452e-21
2.822526012428261311e+04 -1.424049620656307686e-20 7.047003650819265944e-21
2.823591915524929573e+04 2.128089150778691993e-20 7.882753580241894915e-21
2.824657816359384742e+04 3.265817562287704870e-20 8.085602462487197529e-21
2.825723714927772016e+04 -2.025488914336689697e-20 7.458342390031098218e-21
2.826789611226752095e+04 6.484261646366622838e-22 8.269552965057156064e-21
2.827855505252943112e+04 2.005849708775719793e-20 7.592178963317031419e-21
2.828921397002150479e+04 3.176237274797395421e-21 7.125632271260343208e-21
2.829987286471101106e+04 -1.042046883948594432e-20 7.582890823354669588e-21
2.831053173656412764e+04 -1.027893448578680226e-20 8.040486933712372030e-21
2.832119058554189542e+04 5.047670448110870057e-21 7.889946822420576165e-21
2.833184941160576273e+04 -2.220153271446192838e-20 7.921955324042405172e-21
2.834250821472258031e+04 -2.702496731201416066e-20 8.147616304619294929e-21
2.835316699485624122e+04 -4.837796979926798307e-21 7.620950239827405373e-21
2.836382575197225378e+04 3.399644559142535230e-21 7.908862765502798546e-21
2.837448448603056386e+04 7.117726723650548238e-21 7.551680650951550257e-21
2.838514319700246415e+04 -7.762938537856488887e-21 7.296730945554698508e-21
2.839580188484201790e+04 -6.951578406326705275e-21 7.096997531366660682e-21
2.840646054951771657e+04 2.517775346459212489e-20 7.841878703972581417e-21
2.841711919099429724e+04 -1.228289650342514910e-20 7.879897850178509896e-21
2.842777780923577666e+04 2.239835262615224222e-20 8.709468849366320829e-21
2.843843640420801967e+04 3.827114365689060880e-21 8.720027967380105951e-21
2.844909497587068836e+04 -1.899879366000546076e-21 7.536636985316975664e-21
2.845975352419061164e+04 3.553050414562290597e-21 7.366203871370190077e-21
2.847041204913179172e+04 1.007269188905667929e-20 7.303731564932153843e-21
2.848107055065764871e+04 8.129830224549684731e-21 7.759545865196717651e-21
2.849172902873569910e+04 9.345561642189707512e-21 7.120538896227108124e-21
2.850238748332521209e+04 3.751268087096187088e-21 7.142098541595368287e-21
2.851304591439241267e+04 -6.301423776979942749e-21 7.622470513386152316e-21
2.852370432190146312e+04 7.207956532602848548e-21 7.799488454384158311e-21
2.853436270581961435e+04 -1.683905249684085416e-20 7.853647621802843027e-21
2.854502106610620467e+04 7.538553878448342041e-21 8.266631006307743396e-21
2.855567940272722990e+04 -5.431797798869325416e-21 8.012422562007793366e-21
2.856633771564753988e+04 -1.747711153681205890e-20 8.099553927967705464e-21
2.857699600483168251e+04 7.437986988333716181e-21 7.942857064073775706e-21
2.858765427024886230e+04 2.263563119020919040e-20 7.632298135238471295e-21
2.859831251185276051e+04 -2.572360560606174538e-20 8.247260244606830242e-21
2.860897072961358936e+04 6.797735554471864297e-21 8.910886828365795506e-21
2.861962892349323010e+04 4.076817038121846505e-21 8.160070529114342884e-21
2.863028709346325559e+04 -7.580608998207248615e-21 7.225149470943707815e-21
2.864094523948035931e+04 -1.180480631286977683e-20 7.382880380043518420e-21
2.865160336151211595e+04 1.830670113755988994e-20 8.574555279979350313e-21
2.866226145952294974e+04 5.283657883528882086e-20 8.191903180425918704e-21
2.867291953347683375e+04 9.880180245443018749e-21 7.905003737529100936e-21
2.868357758334096798e+04 1.162793420940766288e-20 8.358320769909196320e-21
2.869423560907525098e+04 1.839705026804320295e-20 9.515235407571633860e-21
2.870489361064418699e+04 3.991190887322899726e-21 7.815516666217914643e-21
2.871555158801662037e+04 -3.356615954191977696e-21 7.800647423088322796e-21
2.872620954115524728e+04 2.303169644352712559e-20 7.807109710009485368e-21
2.873686747002732591e+04 9.004649194039588308e-21 7.985515535472457532e-21
2.874752537459243831e+04 1.535373252212276769e-20 7.780569885299294495e-21
2.875818325481429201e+04 5.686990142833069182e-21 7.665513127127734827e-21
2.876884111066355763e+04 -6.789286096183920334e-21 7.402253962549351339e-21
2.877949894210485218e+04 -1.594126816453751456e-21 7.757591463205512253e-21
2.879015674909259178e+04 -9.984583658927861301e-23 7.828526644633724537e-21
2.880081453160866658e+04 3.344429777409287473e-21 7.566576435712968904e-21
2.881147228960080611e+04 -1.525730795649574384e-20 7.776173565433966005e-21
2.882213002304640759e+04 -9.175088510675255070e-21 7.447717671261155001e-21
2.883278773189722779e+04 -1.013048256321056301e-20 7.534528527693372094e-21
2.884344541613047841e+04 1.597941419315233137e-20 7.489816021279176053e-21
2.885410307570649093e+04 1.268594944933162118e-20 8.117409260441149996e-21
2.886476071059004971e+04 -8.524686032859034557e-21 7.691214308553662239e-21
2.887541832074559716e+04 8.677039801790396184e-21 8.370013569277530521e-21
2.888607590613533466e+04 -4.380813788871869736e-21 7.492462871191745375e-21
2.889673346672976186e+04 1.027623714395835182e-20 8.185930042708061964e-21
2.890739100249117837e+04 3.258778807232339090e-20 7.502786060187533238e-21
2.891804851338401568e+04 1.677058051377218457e-22 7.946271992929564339e-21
2.892870599937068619e+04 -1.467376224884615607e-20 7.875142871774885661e-21
2.893936346042175137e+04 1.851124413987263836e-20 7.745677645255320303e-21
2.895002089649949266e+04 8.191399291464279365e-21 7.740803462537162779e-21
2.896067830756841795e+04 7.616516466603116743e-22 7.391755231027306185e-21
2.897133569359109242e+04 -1.888998151422998631e-21 6.940050300165655449e-21
2.898199305453808483e+04 -2.994026958116784617e-22 7.134007237308985869e-21
2.899265039037177849e+04 3.378903059814534041e-20 7.871891512955954108e-21
2.900330770105669217e+04 1.777657103149268778e-20 8.282146361147008388e-21
2.901396498655813775e+04 7.925011441226034911e-21 8.126517573013416232e-21
2.902462224683888780e+04 -4.505944478567828882e-21 7.574664221522965908e-21
2.903527948186926005e+04 -1.799707223796909449e-21 8.148974187653097701e-21
2.904593669161380240e+04 -1.179331595318416470e-20 8.732074281471297400e-21
2.905659387603007417e+04 -7.053384611693534532e-21 7.770704786034182548e-21
2.906725103508876782e+04 8.830720103087339521e-21 7.480976923943530446e-21
2.907790816875500605e+04 -1.345927529207202349e-20 7.961484139270458810e-21
2.908856527699347862e+04 -2.383687866285451321e-21 8.607453325630323682e-21
2.909922235977479795e+04 1.119695785976216672e-20 7.779287923435297064e-21
2.910987941705405319e+04 2.056739622081531938e-20 7.277575598702607370e-21
2.912053644880168576e+04 9.707472997230084940e-21 7.529420034452735628e-21
2.913119345498253097e+04 4.687060211236023541e-21 7.941652452791556600e-21
2.914185043556451274e+04 6.192527346489282294e-21 7.404785336381896210e-21
2.915250739051073469e+04 2.268795500482130606e-20 7.403001511045400911e-21
2.916316431978643959e+04 1.059767047803904418e-20 7.281090418913766978e-21
2.917382122335661552e+04 4.971825947762174461e-21 7.503588122324811989e-21
2.918447810118646885e+04 -8.246333244522480993e-21 7.134555820064587107e-21
2.919513495324185351e+04 -1.172516825030869390e-20 7.048969698652255512e-21
2.920579177948810684e+04 9.033238959636053525e-21 8.382282000082202457e-21
2.921644857988774311e+04 1.154979270544368152e-20 7.587836062513559259e-21
2.922710535440845342e+04 1.962325983261587857e-20 7.760114382445939265e-21
2.923776210301361425e+04 9.026416659235191844e-21 7.290047164401008772e-21
2.924841882567659923e+04 2.303465635761189080e-20 7.587487494370359413e-21
2.925907552235747062e+04 4.602859091965507082e-22 7.296705455394556348e-21
2.926973219302105645e+04 -2.766381227690869138e-21 7.956552784905084267e-21
2.928038883763093691e+04 1.677203446549607160e-20 7.983018249859238228e-21
2.929104545615523602e+04 4.801607079036072655e-21 9.484162319059183263e-21
2.930170204856218697e+04 2.152356905733487279e-20 8.284681926669216483e-21
2.931235861481386746e+04 1.157618938293155613e-22 7.895495466415308447e-21
2.932301515487385404e+04 -1.144327380440297961e-20 8.003006120947339410e-21
2.933367166871316294e+04 -1.985142391199052520e-21 7.834819005490291529e-21
2.934432815629196921e+04 2.372448219656325050e-20 7.650382457394123252e-21
2.935498461757804762e+04 -1.068174515500967212e-20 7.663207491725740250e-21
2.936564105253727757e+04 1.882364531614747853e-20 7.341084984596898948e-21
2.937629746113825240e+04 5.839458633387543293e-21 7.356066949990252266e-21
2.938695384333854963e+04 -2.427036267688569642e-21 7.475696890097499677e-21
2.939761019911431868e+04 4.203912715315563438e-21 7.355978305184289974e-21
2.940826652842294789e+04 1.468163836579031275e-21 7.599779126775039622e-21
2.941892283123335437e+04 1.273162418849265365e-20 7.710890642911099341e-21
2.942957910751122472e+04 8.766556597761014337e-21 7.493799968993854554e-21
2.944023535722496308e+04 -5.353993896791067966e-21 7.797089850507166315e-21
2.945089158033422063e+04 2.241079214847020546e-20 8.092959734274466169e-21
2.946154777681092310e+04 6.992125640967802216e-21 7.232338253143400660e-21
2.947220394661542014e+04 1.017329795842013164e-20 7.606945588039731035e-21
2.948286008971622505e+04 1.551284074168604391e-20 7.424667590588173368e-21
2.949351620608129087e+04 -3.439994466378757499e-21 7.393956136052359073e-21
2.950417229567598406e+04 -1.167251922844810260e-20 6.750157925853759873e-21
2.951511148788530045e+04 -2.878889109923423439e-21 7.498495558725092766e-21
2.952576790905251255e+04 7.995172502973263210e-22 7.078325631834404645e-21
2.953642429378280940e+04 1.185218892545105950e-21 7.278264966349993479e-21
2.954708065146664012e+04 -1.037304600455737282e-20 7.706323877094758350e-21
2.955773698220274673e+04 -7.203911677784351342e-21 7.590397328242484583e-21
2.956839328595724510e+04 -8.473274529910320107e-22 7.314773975619124543e-21
2.957904956269081958e+04 5.528796402390710967e-21 7.713141935941006467e-21
2.958970581237439546e+04 4.412656993368183224e-21 8.525403889465479671e-21
2.960036203497932729e+04 -1.534115971424368641e-20 8.099570857210230718e-21
2.961101823046648497e+04 -2.877967879622914938e-22 8.698631728649825709e-21
2.962167439879663289e+04 8.114447532254187388e-21 7.451242752103406678e-21
2.963233053994358488e+04 -6.335119003338111712e-21 7.982509643641967889e-21
2.964298665387065921e+04 4.125673402653417226e-21 7.943654442116091258e-21
2.965364274054652924e+04 -3.151860759181352076e-20 7.999473452117111265e-21
2.966429879993222130e+04 -1.165269353892990034e-20 8.109295834788675950e-21
2.967495483199643058e+04 2.044473255866793634e-20 7.122419690527315242e-21
2.968561083670228254e+04 -1.300939973201695444e-20 7.940528147871351007e-21
2.969626681402124450e+04 -1.415793432396983229e-20 7.124465872911200347e-21
2.970692276391439009e+04 -2.347694745460740563e-20 7.998108860689628646e-21
2.971757868635592968e+04 -3.335508388396211684e-20 7.287650126390864751e-21
2.972823458130393919e+04 -1.759363835141412741e-20 7.374965522074014473e-21
2.973889044872698287e+04 -1.237660144361617442e-20 7.340385319723353441e-21
2.974954628859122386e+04 2.488246055643547423e-20 8.447407413920617761e-21
2.976020210086058796e+04 6.721611831712767366e-21 7.837243247952551116e-21
2.977085788550936195e+04 -1.537890324570449536e-20 7.683446360627155609e-21
2.978151364249808103e+04 -7.157424401472314746e-21 8.249523060786137299e-21
2.979216937192327532e+04 1.261840286078185203e-20 8.864098685712149963e-21
2.980282508351974684e+04 1.843859711431389500e-20 8.400450221329928642e-21
2.981376417020040390e+04 3.825664622902826473e-20 7.692990050271446472e-21
2.982441983786627679e+04 -1.067048148232294920e-20 7.410855013462049652e-21
2.983507547770177553e+04 -1.075704395667779285e-20 7.258868345652242312e-21
2.984573108966696964e+04 -4.673363334698269682e-21 6.846680964840083310e-21
2.985638667373710632e+04 1.025465100061429541e-20 7.866880775202520775e-21
2.986704222987305548e+04 -1.538349431447419909e-20 7.624324627579178077e-21
2.987769775804683377e+04 -1.187377049945385860e-20 7.185067870869206438e-21
2.988835325822195955e+04 1.612927847036692100e-20 7.441124354614655390e-21
2.989900873036419944e+04 1.444616571325711149e-20 7.619548096045999810e-21
2.990966417443782484e+04 -1.371330848212615813e-21 7.073055008795526349e-21
2.992031959041211303e+04 -1.307758530407884594e-20 6.899987145781753240e-21
2.993097497825919345e+04 1.701488490955383674e-20 7.460265182618393049e-21
2.994163033793391878e+04 1.930957424074484128e-20 7.572414675372046708e-21
2.995228566941104873e+04 1.212457632666214316e-20 7.963885770078760378e-21
2.996294097265470919e+04 -1.650896800638994138e-20 7.814588421585656949e-21
2.997359624762858584e+04 -1.974794898127612290e-20 6.713689471080983040e-21
2.998425149430773672e+04 -6.359011419473422993e-21 7.666016067738468228e-21
2.999490671264697085e+04 2.002104405425150313e-20 8.098982962032756253e-21
3.000556190262132804e+04 4.180564830603408490e-21 7.898584390655906806e-21
3.001621706419493785e+04 5.829300821750518621e-22 7.724681838861295283e-21
3.002687219733148595e+04 2.956617277870340196e-21 7.815321829034855563e-21
3.003752730200043516e+04 2.053508233818454743e-21 7.526412962608930757e-21
3.004818237817090630e+04 -1.535615052362746512e-22 6.954332770594678773e-21
3.005883742580383114e+04 -1.136028849265625739e-20 7.252045911913990386e-21
3.006949244487193209e+04 -7.274207531438960587e-21 6.887558716100955907e-21
3.008014743533898945e+04 4.920200771188136402e-21 6.760068099021934343e-21
3.009080239716876895e+04 9.878256043056493130e-21 7.012186009186056827e-21
3.010145733033332726e+04 -8.801933338045040806e-21 7.471777583421278436e-21
3.011211223479371256e+04 -1.023593696480870206e-20 6.981519990019591893e-21
3.012276711052271276e+04 -1.037349066763702830e-20 7.742619849763154275e-21
3.013342195747835285e+04 1.513895602856047665e-20 7.365580051021171357e-21
3.014407677564189362e+04 1.978562264322164139e-20 7.371305811691481163e-21
3.015473156496515003e+04 6.958698717057223070e-21 7.173528021314644363e-21
3.016538632542083360e+04 2.433323157802691351e-21 7.788922829053806408e-21
3.017604105697603154e+04 9.491213451989032106e-21 7.426118799085324321e-21
3.018669575960333532e+04 -3.075914706132505676e-21 7.373575512204563176e-21
3.019735043325792503e+04 2.031130667016172929e-22 6.773662474614092676e-21
3.020800507791209748e+04 -4.827974875523713963e-21 6.695382916244606836e-21
3.021865969353565015e+04 9.749937504676659547e-21 6.965066078977722011e-21
3.022931428008699004e+04 1.322971302061686434e-20 7.087942637045504987e-21
3.023996883754174632e+04 -1.410091378652562381e-20 6.739389615809132215e-21
3.025062336586974925e+04 6.546565777185217092e-22 6.833184709034828039e-21
3.026127786502594245e+04 -1.818829218718829403e-20 7.312261001476375220e-21
3.027193233497997426e+04 -6.318453915021492028e-21 6.498183228335344261e-21
3.028258677571094086e+04 -1.632928842956898062e-21 6.759639004196800001e-21
3.029324118717109741e+04 1.408138894193671742e-21 6.950270684562276480e-21
3.030389556933328640e+04 1.662578829970586601e-21 6.696665615048143688e-21
3.031454992216727987e+04 2.503909332044554043e-20 7.471728614012085724e-21
3.032520424563376946e+04 5.833055014310494966e-21 7.708873076235663514e-21
3.033585853970318567e+04 -9.552268568234418489e-21 7.011180404574037889e-21
3.034651280434556611e+04 2.183107117203261335e-21 7.215268823986358317e-21
3.035716703951901218e+04 6.765715106587053804e-21 6.805332876332256458e-21
3.036782124519650097e+04 4.977118145955674042e-21 7.309254382432363845e-21
3.037847542135337790e+04 -1.407558742742878208e-20 7.021355271280100295e-21
3.038912956794537240e+04 7.685747558616263379e-21 7.395032404981804258e-21
3.039978368493666858e+04 9.988903215611234409e-22 7.420426887543764945e-21
3.041043777230622072e+04 -4.432600127310080316e-21 7.634666163496786226e-21
3.042109183001222846e+04 -1.205686663438429312e-20 8.219896629157786180e-21
3.043174585802444199e+04 -2.002327260778105678e-20 7.051977586712752658e-21
3.044239985631002128e+04 -6.246072133427863020e-21 7.887716134086494624e-21
3.045305382483348149e+04 3.270318498900907967e-21 8.100482256805873923e-21
3.046370776356787246e+04 1.861190409243730761e-20 7.087705283480397673e-21
3.047436167248339916e+04 3.166784860348631385e-21 7.883091325834101539e-21
3.048501555152924266e+04 -1.550446612980640009e-21 7.096815313134531908e-21
3.049566940069604243e+04 1.046097055342568990e-20 7.615697457892746370e-21
3.050632321992763900e+04 -1.509428596406114314e-20 6.582778300297567705e-21
3.051697700921518481e+04 5.992097175794848358e-21 7.688737887036415893e-21
3.052763076850496873e+04 -1.699666365412622905e-20 7.111916861949850498e-21
3.053828449777622518e+04 7.270819226750353373e-21 7.107840484475979745e-21
3.054893819699284359e+04 -1.022878469116383946e-20 7.756687701923118691e-21
3.055959186611924815e+04 1.319248220823638560e-20 7.123088607452131406e-21
3.057024550513199938e+04 2.444903526533143484e-20 7.478951488223967375e-21
3.058089911398934419e+04 1.410458822852029446e-20 7.370665001542947526e-21
3.059155269265863171e+04 1.256315810171689906e-20 7.203430498969314186e-21
3.060220624111620054e+04 1.976828450139750157e-20 8.079567408189064883e-21
3.061285975931978464e+04 -2.754370889485022747e-20 7.307458246744354817e-21
3.062351324724036022e+04 -9.198940752873516924e-22 6.802296402674394156e-21
3.063416670484529095e+04 5.194154142415633495e-21 7.003559523371700401e-21
3.064482013209893194e+04 -2.884145646797797320e-21 6.929056934671017990e-21
3.065547352897776727e+04 6.467482608597404122e-21 7.460495834539977771e-21
3.066612689543686793e+04 4.889892198828322147e-21 7.309186557087933928e-21
3.067678023145259067e+04 -6.027280960693309430e-23 7.298508467204794957e-21
3.068743353698973078e+04 -2.611391858150434591e-21 7.109945662018756078e-21
3.069808681201268337e+04 -9.249681355430874960e-21 7.053730607013649967e-21
3.070874005649500396e+04 5.439194176025429825e-21 6.950792560592266634e-21
3.071939327040112767e+04 9.387593645213768417e-21 7.136976544618860383e-21
3.073004645369816717e+04 1.962537701819095532e-20 6.809073811748207940e-21
3.074069960635375901e+04 4.808988623009615816e-21 6.981303675063557424e-21
3.075135272833260387e+04 1.532081495876518095e-20 7.070417101411931509e-21
3.076200581960833733e+04 -8.018444026231048503e-21 7.099960873931339381e-21
3.077265888014237498e+04 5.224700462690052413e-21 7.218090154982297424e-21
3.078331190990839241e+04 1.293182138390399017e-20 6.992243897681714699e-21
3.079396490887043183e+04 -5.913288170045612645e-22 7.037564812957323903e-21
3.080461787699640627e+04 -9.587376504298797892e-21 7.109466111113614637e-21
3.081527081425403958e+04 -6.723849543137479411e-21 7.090322625250383195e-21
3.082592372060783600e+04 3.807756673504604714e-21 7.181546755280604784e-21
3.083657659602543936e+04 -1.018111479492792160e-20 6.687126615434023548e-21
3.084722944048675708e+04 1.132959288606101974e-20 7.605356245774138366e-21
3.085788225394666006e+04 1.183700839866175571e-20 7.626271735126495183e-21
3.086853503637315589e+04 2.777698353219630672e-21 7.970893504385806415e-21
3.087918778774328894e+04 7.503956593162796997e-21 8.267226296951767747e-21
3.088984050801237026e+04 2.941116508306260107e-20 7.554180916423355567e-21
3.090049319715117235e+04 1.463145572268276983e-20 7.563550621981041756e-21
3.091114585513668499e+04 9.530830298593499016e-21 7.274333916635836310e-21
3.092179848192996360e+04 2.103140556330324727e-21 7.367101462794163558e-21
3.093245107749910312e+04 5.420443435941521010e-21 7.530557910535839688e-21
3.094310364180882971e+04 2.868507027717465658e-21 6.984611890960367007e-21
3.095375617482998859e+04 8.590191909333976989e-21 8.172963066440766289e-21
3.096440867653348687e+04 -1.214115651783118331e-20 7.080446503480362789e-21
3.097506114688083471e+04 -1.965426450569453348e-21 7.734037317967588658e-21
3.098571358584574773e+04 6.163517581647352543e-21 6.965853921984731211e-21
3.099636599339300665e+04 -5.376386982874209265e-21 6.117882732601347096e-21
3.100701836948441269e+04 1.495952688775942753e-20 6.379757379890714059e-21
3.101767071410025164e+04 2.338186969961640880e-20 7.048838601959931408e-21
3.102832302719901782e+04 1.125196579122065470e-20 7.510275478587841183e-21
3.103897530875166558e+04 -2.359320305568402539e-21 6.991369991234805975e-21
3.104962755872901107e+04 -6.084201480232534287e-21 6.490735344529506243e-21
3.106027977709247716e+04 1.069371006807245075e-20 7.087940681568202190e-21
3.107093196381970483e+04 5.246400524719858878e-21 6.899032365036381880e-21
3.108158411886291651e+04 -2.067803884020370719e-20 7.536133638342681074e-21
3.109223624220256897e+04 -9.677449815963016962e-21 6.927539181189859409e-21
3.110288833380659344e+04 9.069889345766009004e-21 7.741299521720183999e-21
3.111354039363660195e+04 2.376352599334837757e-20 6.930384232339469656e-21
3.112419242166320691e+04 1.437804623664436686e-20 6.765340638714384545e-21
3.113484441785482704e+04 -2.982076195072551632e-22 6.632322039147524242e-21
3.114549638217945540e+04 4.253580918555806388e-21 7.217049742067596990e-21
3.115614831460506684e+04 -1.309923281271624756e-20 7.245589338020675618e-21
3.116680021510281222e+04 -7.648410798104011466e-21 7.060418489249725333e-21
3.117745208363752317e+04 -5.044161624105779893e-21 6.957423484258957300e-21
3.118810392017386403e+04 -1.451674964363141688e-20 7.048998867347644827e-21
3.119875572467972597e+04 -2.156783633316214268e-20 7.076406032778423826e-21
3.120940749712979232e+04 -1.662132058489767148e-21 6.787278868762105091e-21
3.122005923748895657e+04 1.361201549456605372e-20 6.804342696870372048e-21
3.123071094572844231e+04 1.167681668845150168e-20 7.457376603217836030e-21
3.124136262180997073e+04 -3.177673887777809199e-21 6.697456102318733061e-21
3.125201426570479452e+04 3.355569054085272321e-21 7.339203042669725774e-21
3.126266587737745795e+04 -9.971828476479425598e-21 6.703098977738555841e-21
3.127331745680902532e+04 8.765104739077152947e-21 6.762227402181656109e-21
3.128396900394864133e+04 1.843275401494349643e-21 6.596064122753618029e-21
3.129462051877717022e+04 -1.219653007283770566e-21 6.780746432073662800e-21
3.130527200126277603e+04 7.188974046707165659e-21 6.443822146220966190e-21
3.131592345136721269e+04 -3.495085415258674251e-21 6.364545105873512333e-21
3.132657486906181657e+04 2.078115519988663301e-20 7.384223590324230039e-21
3.133722625430791595e+04 -2.463409041155548445e-21 7.368773474483552941e-21
3.134787760709009672e+04 -1.467733837657753111e-21 6.684829520839934011e-21
3.135852892736381546e+04 5.048935207844078407e-21 6.560346451163124908e-21
3.136918021510044491e+04 1.517772366554774246e-21 6.823038384327724658e-21
3.137983147026822553e+04 -1.456640013726643887e-20 6.750583662004334127e-21
3.139048269283217815e+04 2.519163292084211065e-21 6.559574234194692133e-21
3.140113388277014019e+04 -1.886740454669849373e-20 6.650351004613824686e-21
3.141178504004028582e+04 -1.834657699579125137e-20 6.440668398850475717e-21
3.142243616461130659e+04 -4.405355432214406976e-21 6.869588255605636065e-21
3.143308725645794766e+04 8.730072984956981095e-21 6.917548446758505430e-21
3.144373831554200297e+04 1.858368048905655663e-20 7.176216454449916846e-21
3.145438934184147365e+04 8.748875576459373841e-21 6.843214076684841903e-21
3.146504033531497407e+04 8.408354021059452230e-21 6.610186292718470661e-21
3.147569129593083198e+04 3.981008856088358987e-21 6.817630330250766151e-21
3.148634222366666290e+04 5.951857192166780851e-21 7.206697490262623267e-21
3.149699311847491481e+04 1.206305172345157930e-20 6.783841820969681635e-21
3.150764398034022815e+04 5.916975313522359689e-20 1.060776776115066754e-20
