1.699788003711412966e+04 2.345186481740866062e-20 6.971580164914099683e-21
1.700851924554621291e+04 3.435557447559725544e-20 5.667459063092172854e-21
1.701915840330216452e+04 3.084684709249326643e-20 5.849746500516241474e-21
1.702979751033600041e+04 1.352532603899929215e-20 6.333164159090208543e-21
1.704043656664332957e+04 2.111693990014672741e-20 6.031664017406233738e-21
1.705107557217324938e+04 3.168121814751022980e-20 6.214060351574441069e-21
1.706171452690908336e+04 3.270608161195975217e-20 6.622908743791561358e-21
1.707235343082188774e+04 2.823330202850398520e-20 6.154169515328377253e-21
1.708299228387309631e+04 2.207937092947831218e-20 6.108528018628991784e-21
1.709363108605098751e+04 2.970340339290781127e-20 5.217312837072774968e-21
1.710426983731196015e+04 2.960404204203151883e-20 5.585797838557701016e-21
1.711490853763937412e+04 3.373131043104014600e-20 5.792109212667866314e-21
1.712554718698714714e+04 1.518911570370350949e-20 5.383395594068333137e-21
1.713618578533865002e+04 5.087403889258934195e-20 6.168246462820782257e-21
1.714682433266002772e+04 2.117313973462284064e-20 6.137727927330257535e-21
1.715746282892722957e+04 4.463958123415319441e-20 5.842659376962880559e-21
1.716810127411131180e+04 2.490611124917277863e-20 5.983693355936264423e-21
1.717873966817602923e+04 2.786133099903107522e-20 5.596427722502797610e-21
1.718937801109987049e+04 1.998966967099901848e-20 5.846916062807629006e-21
1.720001630285387728e+04 2.060689963892393448e-20 6.495720344779254364e-21
1.721065454340169163e+04 1.749366873859387361e-20 6.163533251843219656e-21
1.722129273272176215e+04 8.390967947567921987e-21 5.440501665816469571e-21
1.723193087077773453e+04 3.039684780267715598e-21 5.439896762179898028e-21
1.724256895755298319e+04 1.061491458068528496e-20 6.464143697236834835e-21
1.725320699300601336e+04 1.649067521980503222e-20 6.089345665573420255e-21
1.726384497711790391e+04 1.645854785765017576e-20 5.450920376453047902e-21
1.727448290984729829e+04 3.345264739415451604e-20 5.551344263098892054e-21
1.728512079117761459e+04 9.119253100336239527e-21 5.799593132692385322e-21
1.729575862107734793e+04 -7.656796235076942424e-22 6.117303843304930629e-21
1.730639639950759738e+04 1.166312459431531336e-20 5.755454148324925765e-21
1.731703412645423305e+04 1.122923182281030855e-20 5.149944633767130155e-21
1.732767180187335180e+04 2.670673077028800549e-20 5.648959399689136175e-21
1.733830942574572691e+04 2.367098204503430013e-20 5.469605164180884626e-21
1.734894699803994081e+04 1.607935553112054536e-20 5.671115568658671963e-21
1.735958451872452497e+04 2.099917265215201254e-20 5.876421517109690784e-21
1.737022198778536404e+04 1.411751451289666132e-20 5.335090669749845022e-21
1.738085940516853225e+04 1.946330862179347052e-20 5.524258839600844060e-21
1.739149677085244912e+04 3.048007683062915319e-20 6.078090881042464044e-21
1.740213408482547311e+04 3.585366271607411566e-20 6.017146917935452356e-21
1.741277134703863703e+04 1.750226898894105466e-20 5.600196814051340101e-21
1.742340855747767273e+04 2.249952808757666233e-20 5.770533530227716606e-21
1.743404571610363200e+04 1.893472367279117894e-20 5.828804179980223091e-21
1.744468282287997863e+04 1.601384167486373847e-21 5.154808401489585738e-21
1.745531987780009877e+04 1.632114000194011423e-20 6.077106696861753572e-21
1.746595688080994660e+04 2.539247094494400451e-20 5.982164450288423371e-21
1.747659383191036250e+04 2.004447067048451444e-20 5.939584058752206158e-21
1.748723073103728530e+04 1.731420810703154294e-20 5.662371553113332292e-21
1.749786757818407932e+04 1.719775697005371872e-20 5.255289155780695941e-21
1.750850437331392823e+04 3.126201497088271319e-20 5.392389016626679058e-21
1.751914111640791452e+04 3.400849821907043865e-20 5.389227619259214217e-21
1.752977780743190669e+04 2.681702755428616549e-20 5.127848606540046755e-21
1.754041444634673462e+04 1.358928481876429532e-20 5.234891354881021508e-21
1.755105103312075153e+04 2.682862282476436715e-20 5.320497641111101448e-21
1.756168756775237489e+04 2.430013043696514525e-20 5.026965419593535607e-21
1.757232405019237558e+04 1.695590695886940862e-20 5.153400147283436823e-21
1.758296048040401001e+04 1.959757392409903401e-20 5.005091333854884968e-21
1.759359685837307916e+04 1.723056633998609018e-20 5.158199872545847219e-21
1.760423318406553517e+04 2.414382752770838124e-20 5.055185244648383937e-21
1.761486945745971752e+04 2.325261557681969898e-20 4.922098785543901018e-21
1.762550567851135929e+04 1.887202126184508396e-20 4.919509986905389789e-21
1.763614184718872639e+04 3.218679653867036144e-20 5.216427282672798677e-21
1.764677796348526317e+04 1.945885209224454690e-20 5.224298901630552001e-21
1.765741402736168675e+04 1.834992059965506524e-20 4.781260265271606716e-21
1.766805003877599665e+04 2.981182280469389232e-20 5.711678494315573672e-21
1.767868599771425579e+04 2.872240751071248273e-20 5.115829680832995908e-21
1.768932190414220167e+04 8.559346992299784270e-21 4.162143393366263389e-21
1.769995775803312790e+04 1.770252894120330955e-20 4.809392869847758659e-21
1.771059355934767882e+04 2.404833587463799952e-20 4.805138314108820486e-21
1.772122930806920340e+04 2.290599956914541914e-20 5.110854646705184737e-21
1.773186500416341005e+04 1.478302897519318490e-20 5.107749194684308904e-21
1.774250064760846362e+04 2.011047570487864154e-20 5.138254270252150132e-21
1.775313623836825718e+04 1.665738682902510843e-20 5.098157564459992588e-21
1.776377183667740610e+04 8.030916159785741221e-21 4.694261008865837213e-21
1.777440739327357733e+04 1.513706571878814879e-20 4.677659407645348970e-21
1.778504289708226497e+04 1.647536266531730874e-20 4.822093977970899489e-21
1.779567834810712156e+04 2.176212425350429310e-20 4.470274630706879211e-21
1.780631374629092534e+04 1.542746788036291365e-20 5.206285056165205293e-21
1.781694909160929819e+04 2.214114764448312253e-20 4.943478602748305175e-21
1.782758438403042965e+04 2.741996830683482531e-20 4.705837664454255135e-21
1.783821962354028801e+04 1.372046730357715602e-20 5.105540714030414364e-21
1.784885481009685100e+04 2.133899116617713963e-20 4.750472427871787930e-21
1.785948994366057013e+04 2.883441861097968761e-20 4.878734315065643796e-21
1.787012502423007027e+04 3.905560375152799027e-20 4.987400811054731765e-21
1.788076005176325634e+04 1.624451593543860743e-20 4.852714062238427130e-21
1.789139502621025167e+04 3.631006835862179310e-20 4.819998856360384879e-21
1.790202994756975022e+04 3.014220747944047244e-20 4.333539636713315652e-21
1.791266481580991604e+04 5.615909242512535026e-21 4.407007231705407372e-21
1.792329963087838041e+04 1.557941670913974433e-20 4.764225850269358424e-21
1.793393439277126163e+04 1.657489061329642043e-20 4.371514954868459209e-21
1.794456910144380890e+04 1.602154926380503720e-20 4.520225566418505355e-21
1.795520375687172418e+04 1.734568973647740905e-20 4.522613088923803624e-21
1.796583835903047293e+04 1.372969727592921384e-20 4.437025273999136193e-21
1.797647290788060855e+04 2.499301487268174631e-20 4.529887233484501361e-21
1.798710740339779659e+04 1.644104631363683081e-20 4.929678280204525236e-21
1.799774184555770989e+04 1.446008192680819679e-20 4.716615904529538072e-21
1.800837623431553220e+04 1.231010754351679389e-20 4.398170985330119218e-21
1.801901056965969838e+04 2.309701934738028964e-20 4.634995414667924240e-21
1.802964485155300645e+04 2.963159332179504695e-20 4.614816090609223589e-21
1.804027907996074282e+04 1.487557517726961576e-20 4.446588147809151719e-21
1.805091325485613925e+04 3.135593274061724729e-20 4.666098341690485045e-21
1.806154737623023902e+04 1.286547062955241316e-20 4.269200833323640992e-21
1.807218144400986785e+04 1.689421810306649767e-20 4.616407418984741998e-21
1.808281545820918473e+04 2.598481329804771949e-20 4.749626724235214888e-21
1.809344941878582176e+04 2.075510176003042968e-20 4.619295733184561357e-21
1.810408332568435799e+04 2.387550677789057231e-20 4.263000543481457601e-21
1.811471717891138542e+04 1.868668914409904305e-20 4.786461179323579207e-21
1.812535097841425522e+04 2.035429676680646001e-20 4.773544316372664342e-21
1.813598472417369339e+04 2.248017671994524345e-20 4.482957070897448889e-21
1.814661841615757658e+04 3.290828535431349268e-20 4.522903920648345148e-21
1.815725205432857911e+04 3.172484396958252930e-20 4.845513225497242674e-21
1.816788563868025449e+04 3.225383117878925500e-20 5.062842172738648810e-21
1.817851916915457332e+04 1.358998974780328587e-20 4.754220024036787037e-21
1.818915264573757304e+04 2.148882883033517599e-20 4.933574914770336852e-21
1.819978606840738576e+04 3.069484713966329551e-20 5.097334523711892047e-21
1.821041943710341366e+04 2.773232372320012935e-20 4.903962439165943869e-21
1.822105275183477715e+04 1.510023187133832245e-20 4.310626599838728765e-21
1.823168601254079476e+04 1.692167379930364289e-20 4.327297530650843298e-21
1.824231921922011315e+04 5.643948628594798092e-21 4.122271384001343395e-21
1.825295237181221819e+04 1.275345768963134472e-20 4.046649851343732269e-21
1.826358547030818227e+04 2.427169824900425663e-20 4.523968020472511709e-21
1.827421851467834858e+04 3.121480234721026182e-20 4.790996698955478021e-21
1.828485150487744977e+04 1.757671084144246350e-20 4.599684291860638091e-21
1.829548444089398618e+04 7.096634479906956032e-21 4.407186551283902444e-21
1.830611732268246124e+04 2.060079064500207463e-20 4.592484137441879039e-21
1.831675015023676315e+04 1.917028104948664290e-20 4.672081636648964021e-21
1.832738292349602125e+04 2.848985079080228061e-20 4.967483733740849454e-21
1.833801564245131522e+04 1.209452790285513590e-20 4.455443886365004954e-21
1.834864830707029978e+04 1.374642286287901610e-20 4.422931363356113312e-21
1.835928091731545646e+04 1.830925545618416408e-20 4.272395832103128174e-21
1.836991347316199608e+04 1.400303822408501788e-20 4.048504179712713475e-21
1.838054597457776981e+04 1.319175901184006207e-20 4.190190711551766407e-21
1.839117842154869504e+04 1.603642929481752609e-20 4.385080197488119372e-21
1.840181081401890333e+04 1.757988918406741948e-20 4.375592879872544887e-21
1.841244315197949254e+04 1.443902255095798070e-20 4.450461060684549810e-21
1.842307543538502068e+04 2.634789542688116997e-20 4.277742476076701973e-21
1.843370766422372981e+04 2.222924698055660737e-20 4.047233169404863042e-21
1.844433983844511386e+04 2.411160054363605697e-20 4.006205225687315537e-21
1.845497195803507930e+04 2.255851255942707212e-20 3.984740245805254148e-21
1.846560402294809319e+04 2.236877165957284256e-20 3.728746989574141720e-21
1.847623603318571986e+04 2.556026975307957350e-20 4.043113032862735038e-21
1.848686798868147889e+04 1.869743941131410720e-20 4.394493199283194855e-21
1.849749988942095297e+04 2.705975340459912450e-20 4.110215272074599807e-21
1.850813173537194598e+04 2.251691202190521600e-20 4.508344257764965319e-21
1.851876352652291098e+04 2.238983834692362802e-20 3.945913067926110148e-21
1.852939526281513827e+04 1.491691768979779164e-20 4.240973538465107751e-21
1.854002694423184221e+04 1.502626461710992958e-20 4.265411377404268337e-21
1.855065857074044106e+04 1.220551151858415250e-20 3.873876962626815186e-21
1.856129014232400368e+04 2.055326085097799292e-20 4.161325996969796120e-21
1.857192165893971469e+04 1.781636105179423295e-20 4.212444924582551479e-21
1.858255312055497780e+04 1.899315320536116498e-20 4.248017688075395589e-21
1.859318452714251180e+04 9.562643463093704522e-21 3.927730111407774173e-21
1.860381587868286442e+04 1.632391263495849699e-20 3.864531884752278771e-21
1.861444717513545038e+04 7.061287632093369546e-21 3.777814662016258773e-21
1.862507841647556052e+04 3.502713328543745958e-21 3.743598714286540397e-21
1.863570960266280963e+04 9.654515252763885501e-21 4.025491470065042415e-21
1.864634073367775636e+04 2.559107277673798976e-21 3.892728488782214236e-21
1.865697180949569520e+04 3.651819278245435301e-21 3.540432548337555361e-21
1.866760283006548343e+04 4.092694898242073822e-21 3.694584064853777266e-21
1.867823379538065274e+04 1.680491231924654888e-21 3.951474546851014755e-21
1.868886470539024958e+04 1.264058463009616231e-20 4.025603155175807282e-21
1.869949556008276704e+04 1.758475065039883853e-20 3.683405185385045854e-21
1.871012635942024281e+04 2.465572640839877961e-20 4.250870851179797786e-21
1.872075710336995689e+04 2.218856660784797711e-20 3.608781581819341726e-21
1.873138779190443165e+04 2.286513490009755676e-20 4.131454809953126620e-21
1.874201842499347549e+04 1.447223673106286907e-20 3.868213492578062825e-21
1.875264900260985814e+04 2.577628924091473520e-20 4.182072248401996010e-21
1.876327952471817480e+04 1.647466528120875585e-20 3.924593436267293872e-21
1.877390999129098418e+04 2.270446897384444714e-20 3.744010409776469387e-21
1.878454040229285238e+04 1.033683227788125112e-20 4.151726550769611898e-21
1.879517075770139490e+04 2.586531723218544005e-20 4.107263795828020047e-21
1.880580105749464565e+04 2.171918299479515591e-20 3.817791314275035261e-21
1.881643130162124726e+04 2.377517576670977890e-20 3.908807764127616603e-21
1.882706149006167470e+04 1.393425747443694799e-20 4.109295538573083322e-21
1.883769162278842487e+04 2.514129326688124700e-20 3.763336938837912530e-21
1.884832169976322984e+04 1.758789425854625536e-20 3.888464113690015832e-21
1.885895172096915849e+04 1.544470205637730659e-20 3.969354779014020412e-21
1.886958168636556002e+04 2.347650218467616972e-20 3.617578679824218623e-21
1.888021159591953983e+04 1.421566605473028882e-20 3.476671968075716000e-21
1.889084144961155107e+04 2.603047893262988936e-20 3.771053457717800537e-21
1.890147124739533683e+04 1.758024895096865271e-20 4.098243367952676719e-21
1.891210098926712453e+04 2.251088139511020145e-20 4.040537212144191416e-21
1.892273067517558229e+04 2.072191765128667029e-20 4.118880363967568576e-21
1.893336030509311604e+04 1.349937439252533405e-20 3.536337995238567914e-21
1.894398987898945416e+04 2.056858925210007468e-20 3.882160989452200199e-21
1.895461939683699529e+04 8.717978925803781285e-21 3.575728777273706702e-21
1.896524885861056828e+04 2.427127985950601287e-20 3.915268565932781574e-21
1.897587826428008339e+04 1.539673538966077373e-20 3.514999410121993533e-21
1.898650761379920368e+04 1.687898925201189538e-20 3.920120824152398281e-21
1.899713690714833137e+04 9.909667566584342539e-21 3.742297342513059556e-21
1.900776614429711117e+04 1.021752498045338449e-20 3.584134236272958686e-21
1.901839532521505316e+04 1.829516307111606998e-20 3.725648339842699056e-21
1.902902444987992931e+04 1.830352803707635597e-20 4.208308124693454229e-21
1.903965351824537720e+04 1.674468999742324193e-20 3.540030737031225169e-21
1.905028253029445841e+04 1.515108840219144062e-20 3.876242255371366089e-21
1.906091148598603104e+04 2.536766668293803108e-20 3.632256454344906612e-21
1.907154038528957608e+04 1.112050747940582094e-20 3.780891100402013096e-21
1.908216922819618776e+04 2.157562716236810508e-20 4.637040210680369048e-21
1.909279801464601769e+04 2.318529826612274697e-20 4.252342288733526140e-21
1.910342674462746436e+04 1.956537277701708979e-20 4.134997942631058926e-21
1.911405541809933857e+04 1.767497334570274746e-20 3.687987583440278811e-21
1.912468403504186790e+04 3.227614177521350805e-20 3.857218328863974994e-21
1.913531259541910185e+04 3.181025573562627934e-20 3.785898640094565616e-21
1.914594109919539551e+04 7.980129133881416615e-21 3.795270605185591852e-21
1.915656954635104921e+04 1.488388428619410997e-20 3.726704038899021869e-21
1.916719793685017066e+04 2.681004295582078207e-20 3.956236041740260318e-21
1.917782627065675115e+04 2.314381053477879222e-20 4.174011629040157267e-21
1.918845454775100734e+04 1.434534426423424793e-20 3.978440954086223218e-21
1.919908276809179370e+04 2.280811457549356297e-20 4.188958036905902923e-21
1.920971093164857666e+04 1.455764814289603260e-20 3.719984599323262102e-21
1.922033903840702988e+04 1.052288197665001399e-20 3.810261547342844093e-21
1.923096708832569129e+04 1.324845274549629475e-20 4.161500919958366415e-21
1.924159508137389275e+04 9.805390002855792807e-21 4.121338504692624225e-21
1.925222301751584382e+04 1.554252084360124591e-20 4.140236849556671712e-21
1.926285089673178300e+04 7.379277091762505559e-21 3.643081004095469637e-21
1.927347871897483128e+04 9.874642477483074964e-21 3.984343200767950858e-21
1.928410648423051680e+04 1.796877706910930480e-20 3.928789101015075351e-21
1.929473419246820777e+04 2.128628033591850786e-20 4.061296394935813848e-21
1.930536184364113069e+04 2.426120142939856597e-20 4.269558683606023223e-21
1.931598943774037616e+04 2.829199322740743016e-20 3.704654468906517353e-21
1.932661697471898151e+04 1.313181235837297577e-20 3.917808917103891266e-21
1.933724445456240574e+04 1.389084164981920795e-20 3.699969172733330422e-21
1.934787187721282680e+04 1.936785877632157471e-20 3.952710769574396886e-21
1.935849924265308437e+04 1.542997926424982372e-20 4.080384413461583395e-21
1.936892390364496532e+04 2.519978184120281580e-20 3.942298969298472354e-21
1.937955113567936860e+04 2.393024088216685964e-20 3.751631359695404998e-21
1.939017831050381574e+04 1.444198247374522888e-20 3.698472812181198444e-21
1.940080542799228715e+04 1.337724668851871175e-20 3.727589804909581064e-21
1.941143248812446836e+04 9.061687361142951067e-21 3.683894819777336605e-21
1.942205949084855456e+04 9.709335902281820460e-21 3.571603989026798474e-21
1.943268643616539339e+04 1.595540668703896808e-20 3.779732382858343318e-21
1.944331332401772670e+04 9.462980199324022390e-21 3.741321752221539068e-21
1.945394015439075520e+04 8.767065320079178194e-21 3.794077018840602830e-21
1.946456692724840468e+04 7.888882120579695738e-21 3.407339794823517023e-21
1.947519364255457913e+04 1.229620471034405933e-20 3.890785558195476207e-21
1.948582030029417729e+04 1.666016093862609268e-20 3.657058283956651022e-21
1.949644690042044022e+04 2.550336029726062134e-20 3.776824466560558354e-21
1.950707344290259061e+04 2.373808176954444209e-20 3.837305256997465055e-21
1.951769992772050318e+04 2.054073646432273788e-20 3.833590780220597706e-21
1.952832635484321872e+04 1.302234768619528706e-20 3.645074346556947356e-21
1.953895272422366543e+04 3.140267867381557146e-20 3.863942723675840144e-21
1.954957903584698943e+04 1.930863869855505940e-20 3.581179611313430304e-21
1.956020528967176506e+04 2.330776110610623450e-20 3.422055684116510934e-21
1.957083148567234093e+04 2.302685230654461361e-20 3.503518286382794613e-21
1.958145762381777604e+04 1.607057474397831562e-20 3.744064194672154482e-21
1.959208370408236442e+04 2.582151032940359241e-20 3.520586798480607941e-21
1.960270972643000277e+04 1.349771522175898731e-20 3.577083837562404873e-21
1.961333569082961912e+04 3.017202394411598628e-21 3.715653177836866762e-21
1.962396159724488462e+04 7.172545579944117206e-21 3.627114594452873513e-21
1.963458744565526285e+04 1.562052013932207153e-20 3.823724932114347778e-21
1.964521323601924814e+04 2.070611325789703898e-20 3.616007683679838666e-21
1.965583896831648235e+04 1.072471657792766675e-20 3.613006836797021857e-21
1.966646464249996279e+04 1.708610867366284600e-20 3.984653825946284681e-21
1.967709025855989603e+04 1.726442944221621460e-20 3.705361344828393466e-21
1.968771581644383696e+04 1.319133965093273568e-20 3.351340906298821465e-21
1.969834131614752550e+04 1.304550543365402842e-20 3.289282009650942794e-21
1.970896675760779908e+04 1.727996128880678600e-20 3.499775069562722380e-21
1.971959214081489336e+04 1.107411102772613849e-20 3.726846355570489726e-21
1.973021746573231212e+04 1.902481997382091010e-20 3.635995654007841068e-21
1.974084273233433123e+04 2.895136203729067593e-20 3.547269864585527766e-21
1.975146794057919760e+04 1.972030075758509353e-20 3.343586272816847393e-21
1.976209309044648762e+04 2.213845171202721912e-20 3.294623361913460398e-21
1.977271818189949045e+04 1.759111509353125725e-20 3.668075524208241866e-21
1.978334321489611102e+04 2.183102783691639577e-20 3.682300816188443759e-21
1.979396818942155005e+04 1.978400011153476818e-20 3.741616296084987270e-21
1.980459310543932952e+04 2.351171852657974370e-20 3.568223228576422625e-21
1.981521796291818100e+04 2.229469275489179701e-20 3.524903618910998184e-21
1.982584276182663598e+04 1.214427879909311932e-20 3.474231944185334587e-21
1.983646750213356427e+04 1.641418958082467264e-20 3.485039314976961739e-21
1.984709218380249513e+04 1.500004392824869102e-20 3.405712636156791216e-21
1.985771680681834187e+04 1.829863253867062954e-20 3.279951426004401949e-21
1.986834137113344332e+04 1.655911474089390662e-20 3.313527606994081618e-21
1.987896587671638554e+04 2.248898822440155436e-20 3.521920872158315026e-21
1.988959032354691226e+04 2.177688750261915401e-20 3.779064934196591269e-21
1.990021471158301210e+04 1.207364640119997269e-20 3.443570449783172746e-21
1.991083904080943103e+04 8.565370870569267875e-21 3.681792947769059193e-21
1.992146331117301452e+04 1.851389138251251531e-20 3.354154047077617597e-21
1.993208752265874864e+04 2.348758093226524386e-20 3.539104918301108587e-21
1.994271167522460746e+04 1.464749872371955103e-20 2.959644828333340810e-21
1.995333576884993090e+04 2.106173357782536246e-20 3.105550838631560609e-21
1.996395980349241654e+04 1.575065992990299081e-20 3.397670432413303593e-21
1.997458377913693039e+04 1.862109421182535023e-20 3.431221512239621294e-21
1.998520769573051075e+04 1.389886830690244502e-20 3.662591746146787709e-21
1.999583155325787811e+04 1.936448774548337300e-20 3.600649548168745135e-21
2.000645535159578503e+04 1.151319879106764790e-20 3.512043161069803211e-21
2.001707908268426399e+04 1.269808732872418302e-20 3.501308361140508850e-21
2.002749895565212501e+04 2.313338164130766261e-20 3.423487150845869444e-21
2.003812255771123819e+04 2.237006038695424296e-20 3.264735297288277805e-21
2.004874610054614823e+04 1.529931051180848199e-20 3.245550665461738764e-21
2.005936958411413798e+04 1.072389018511648664e-20 3.087134691916423998e-21
2.006999300838947238e+04 2.030430630790777747e-20 3.070645101136951618e-21
2.008061637334619809e+04 1.974646067936992373e-20 3.586310828125573526e-21
2.009123967894142334e+04 1.370941367275901197e-20 3.361717589037604872e-21
2.010186292515126843e+04 1.713380859907427218e-20 3.386040378729360993e-21
2.011248612531902108e+04 1.697115327854747478e-20 3.757066698660174331e-21
2.012310927094589351e+04 1.020181056219675463e-20 3.644024831784530741e-21
2.013373235707897766e+04 2.126314116748216320e-20 3.324853034686088279e-21
2.014435538370897484e+04 2.324113588798793508e-20 3.260747819021158804e-21
2.015497835079327342e+04 1.907423581185360270e-20 3.395676463113382324e-21
2.016560125828326272e+04 1.550870169715568612e-20 3.309998838532342506e-21
2.017622410618681170e+04 2.077057573578500310e-20 3.408614987253358286e-21
2.018684689443800744e+04 1.049339445917787199e-20 3.146201430067986988e-21
2.019746962301679378e+04 1.816080884462203106e-20 3.200512869964939421e-21
2.020809229189148391e+04 2.500451073062253901e-20 3.132947889190773079e-21
2.021871490103032920e+04 1.519999367689844036e-20 3.070919370906634901e-21
2.022933745040130452e+04 1.200633927052804792e-20 3.529747628912013743e-21
2.023995993996157631e+04 1.704439787425362010e-20 3.502954181076102495e-21
2.025058236971345832e+04 1.483630599101688039e-20 3.266449610547557985e-21
2.026120473957979266e+04 2.289658621489911522e-20 3.268382928765338982e-21
2.027182704956821908e+04 1.686599270590351252e-20 3.508446388268600031e-21
2.028244929962445531e+04 1.423377596352857082e-20 3.352577222129015138e-21
2.029307148971675633e+04 1.984414459923592861e-20 3.278695721045107981e-21
2.030369361983031558e+04 2.151054203788053540e-20 3.103085228175595376e-21
2.031431568991027962e+04 1.611510196370611700e-20 3.467546858000013332e-21
2.032493769994203467e+04 2.370524628761181630e-20 3.604352514603115547e-21
2.033555964988813867e+04 2.034700154749133727e-20 3.533596805219969640e-21
2.034618153971665743e+04 8.318111472214363250e-21 3.690489723638822426e-21
2.035680336939545668e+04 1.705389940631895558e-20 3.452354805368606395e-21
2.036742513888706162e+04 2.104942873485896245e-20 3.106056625536891324e-21
2.037804684816534063e+04 1.063649067745700589e-20 3.224705115999993116e-21
2.038866849720407481e+04 1.866805195972961260e-20 3.163409263902742551e-21
2.039929008596530912e+04 2.022354780308515269e-20 3.217769365428339289e-21
2.040991161441153599e+04 1.670442844305360343e-20 3.356029675567114081e-21
2.042053308252231000e+04 2.062106800402148347e-20 3.269992865818340815e-21
2.043115449025989437e+04 1.837683966751914735e-20 3.217187546507811798e-21
2.044177583758627225e+04 2.379895710032649802e-20 3.266816457827708036e-21
2.045239712447531201e+04 1.706286054857192947e-20 3.241132464938061421e-21
2.046301835089510496e+04 1.954063542736767073e-20 3.295503547241539219e-21
2.047363951681926483e+04 2.378292110090721323e-20 3.438587027652665758e-21
2.048426062220397216e+04 1.494581987084999722e-20 3.177976616494922084e-21
2.049488166702312083e+04 2.140046208204841911e-20 3.250663163275492769e-21
2.050550265125040096e+04 1.871545873737168722e-20 3.359144362221750205e-21
2.051612357484221866e+04 1.143966487846326729e-20 3.355314573924138073e-21
2.052674443776609405e+04 1.004462745442402338e-20 3.413321640251156210e-21
2.053736524000741701e+04 2.227954634531049162e-20 3.541090591874402094e-21
2.054798598151684200e+04 1.986564615890893797e-20 3.354950231762167190e-21
2.055860666227365800e+04 1.301698121283896434e-20 3.388852422196436619e-21
2.056922728223383092e+04 1.624343982669470503e-20 3.032286944344100160e-21
2.057984784137701354e+04 2.090721759999030794e-20 3.248102020440851960e-21
2.059046833965373662e+04 1.389300264092770158e-20 3.271546831857187121e-21
2.060108877704894621e+04 1.546115593670805985e-20 3.207063329017557735e-21
2.061170915352440352e+04 1.818769818198275534e-20 3.279498177005434892e-21
2.062232946905392237e+04 1.217688131566456406e-20 3.133076695233130319e-21
2.063294972358791711e+04 1.512453393870334279e-20 3.228204671122403582e-21
2.064356991711704541e+04 1.210956115526537886e-20 3.125710144673082960e-21
2.065419004958576625e+04 2.382877660955162098e-20 3.273663076740858432e-21
2.066481012097357961e+04 2.205350618913192611e-20 3.049331662423609034e-21
2.067543013125969446e+04 2.149681395014195252e-20 3.116135257147114160e-21
2.068605008038842789e+04 2.053204590288240451e-20 3.203149310914631513e-21
2.069666996834476959e+04 1.665072553958202274e-20 3.184578868898872008e-21
2.070728979509077908e+04 2.289403068606588287e-20 3.089237785608404393e-21
2.071790956059400196e+04 1.297305060419393790e-20 3.099298907959450623e-21
2.072852926481597024e+04 1.437549601227028099e-20 3.017367954662282371e-21
2.073914890774182641e+04 1.687082786785481103e-20 3.122039096290772117e-21
2.074976848931602581e+04 1.048280915482429687e-20 3.236069997299890448e-21
2.076038800951773010e+04 1.410792728529581710e-20 2.898383991781845069e-21
2.077100746832564982e+04 1.247938458043268413e-20 2.902138881350085940e-21
2.078162686567865967e+04 1.380900148116298705e-20 2.976544931928032133e-21
2.079224620156749370e+04 1.188592893540126930e-20 2.792289853869094799e-21
2.080286547596535820e+04 1.060571347546506282e-20 3.018016910565536293e-21
2.081348468881623921e+04 1.725623483032117404e-20 3.143110364629589963e-21
2.082410384010537018e+04 2.173942597907962620e-20 2.937863678797457667e-21
2.083472292978849146e+04 1.440251162621517012e-20 2.942593323908403534e-21
2.084534195783865653e+04 1.297412583919572555e-20 2.968516817558740576e-21
2.085596092422912261e+04 1.900388906473238538e-20 2.708627714346287608e-21
2.086657982891581560e+04 1.507875610949438737e-20 2.735532076614914323e-21
2.087719867187774798e+04 1.120247835936917422e-20 2.826539719767073224e-21
2.088781745307026722e+04 1.639215249889908263e-20 2.855926135803803353e-21
2.089843617246684153e+04 1.765725714043482706e-20 2.906902779586102433e-21
2.090905483004070265e+04 2.071594329597467084e-20 3.011443417367645617e-21
2.091967342574738359e+04 1.474244801768013210e-20 3.060731859310309275e-21
2.093029195955975592e+04 2.210891993212592683e-20 3.033322145782911983e-21
2.094091043144544892e+04 8.548901211828342318e-21 2.882819813901864119e-21
2.095152884137172077e+04 1.601968126176372466e-20 3.046442531731090949e-21
2.096214718930559320e+04 1.602521900883684235e-20 3.149542454121171767e-21
2.097276547522017790e+04 2.035895361369345983e-20 3.244704574921992503e-21
2.098338369907117885e+04 1.909830283718806190e-20 3.030842406585879337e-21
2.099400186082577420e+04 1.615969497464142629e-20 3.121649138818915743e-21
2.100461996046838613e+04 1.793376707564549418e-20 3.258898486151399369e-21
2.101523799794890147e+04 1.463453330090013829e-20 2.911275332644454860e-21
2.102585597324038463e+04 1.736472119831101112e-20 2.762988791905764248e-21
2.103647388630982459e+04 1.253712386180889192e-20 2.877071118106041855e-21
2.104709173711832773e+04 1.689970450394676926e-20 2.991023413037572043e-21
2.105770952565093467e+04 1.958758750650374592e-20 3.094474403936641751e-21
2.106832725184527226e+04 1.576673659457077729e-20 2.808605825907688776e-21
2.107894491570345781e+04 1.027458424881394387e-20 2.734976892741264996e-21
2.108956251716918996e+04 1.301874280894094931e-20 2.867366266122488042e-21
2.110018005621548582e+04 1.927819663658818550e-20 3.048164945890563681e-21
2.111079753280932346e+04 2.336524916932061535e-20 3.013868668188023789e-21
2.112141494691151456e+04 2.461062573676950975e-20 3.187237426567949506e-21
2.113203229850711432e+04 1.613494581643351329e-20 2.872719250009241313e-21
2.114264958753355313e+04 1.916654103613157629e-20 2.956054397668887106e-21
2.115326681398708752e+04 1.992775019275902970e-20 3.103450976011756785e-21
2.116388397782292668e+04 1.781022765623581199e-20 2.988482885310284446e-21
2.117450107900818330e+04 1.281249616171788226e-20 2.987348841992837712e-21
2.118511811749784829e+04 1.625625201316427718e-20 2.996268195523899972e-21
2.119573509328217187e+04 1.932735805944850708e-20 3.313800708979057971e-21
2.120635200631658154e+04 1.442013893276083465e-20 3.010744149048929810e-21
2.121696885656794257e+04 1.155335684445408542e-20 2.946829283201799343e-21
2.122758564399688476e+04 1.817574950571200218e-20 2.803308815444516284e-21
2.123820236858220960e+04 1.333497125922059548e-20 2.889887053109176565e-21
2.124881903027902081e+04 1.139285419112561943e-20 3.104174196661422558e-21
2.125943562905998988e+04 1.418416254047811390e-20 3.034044269302803462e-21
2.127005216489157465e+04 1.879753092091163759e-20 2.861056111085508431e-21
2.128066863774686135e+04 1.000332091743303272e-20 2.992762491339119153e-21
2.129128504758665076e+04 1.439069140821324177e-20 3.085437308474536215e-21
2.130190139436549725e+04 1.329287101979833079e-20 3.010024643607397375e-21
2.131251767806808493e+04 1.092384054510205690e-20 2.959909152674392269e-21
2.132313389865529825e+04 1.793928596205153330e-20 2.832412574631620975e-21
2.133375005609374421e+04 1.375155724364327464e-20 2.845836330632634917e-21
2.134436615035577051e+04 1.614312224560733775e-20 2.896355391487001205e-21
2.135498218139647724e+04 1.956820327313111897e-20 2.899440153938889092e-21
2.136559814918842676e+04 1.693219013548924479e-20 2.833849815526593915e-21
2.137621405369789500e+04 2.094136790071750778e-20 3.195317939611291989e-21
2.138682989489172542e+04 1.380837326651920286e-20 2.966504410447195029e-21
2.139744567274257133e+04 9.492280163503710008e-21 2.884130132568471054e-21
2.140806138720488889e+04 8.689322329285510556e-21 2.759222933646984032e-21
2.141867703824506316e+04 1.995558596232731002e-20 2.809995343315962174e-21
2.142929262584189564e+04 2.165014708806263737e-20 2.864918107292676531e-21
2.143990814995591427e+04 1.057976518452922621e-20 2.555004310979885028e-21
2.145052361055316214e+04 8.146314499983333892e-21 2.933883717904603040e-21
2.146113900760055913e+04 1.550457140662472114e-20 3.005332606233287115e-21
2.147175434105856039e+04 1.568526812205425156e-20 2.966557377278218194e-21
2.148236961090534533e+04 1.357676877220132479e-20 2.533761794259254335e-21
2.149298481710142005e+04 1.516359466568696054e-20 2.717151002790622875e-21
2.150359995960737433e+04 2.014976473200492729e-20 2.832037639243172654e-21
2.151421503840749938e+04 1.987262121364645512e-20 3.058606036018388684e-21
2.152483005343509285e+04 1.520042690087227034e-20 3.178115944541460586e-21
2.153523845911917306e+04 1.695874867262535272e-20 3.099688158461252588e-21
2.154585332747324355e+04 1.499322014385826077e-20 3.068025152748446559e-21
2.155646813207252490e+04 1.239579225482734879e-20 2.886639745903171520e-21
2.156708287277312411e+04 1.108860454542250315e-20 2.671630839510230935e-21
2.157769754955866665e+04 1.496755537683374793e-20 2.837011000376051389e-21
2.158831216238360867e+04 1.913032851252215576e-20 2.770018897392026188e-21
2.159892671122599859e+04 1.412524914400487009e-20 3.067950533185116921e-21
2.160954119604053994e+04 1.729282196534207177e-20 2.954334970127599583e-21
2.162015561679904931e+04 2.120910968281849432e-20 3.253584152145613406e-21
2.163076997347361976e+04 1.917365903734269957e-20 3.036285706056076298e-21
2.164138426601898027e+04 1.393619708401056186e-20 2.901294140682079659e-21
2.165199849441278639e+04 1.059206057219317859e-20 2.736810905693827325e-21
2.166261265860928324e+04 1.604323717183385420e-20 2.622889147279937988e-21
2.167322675858074945e+04 1.622104961668768094e-20 3.139763964414452411e-21
2.168384079429336634e+04 1.463660952637899931e-20 3.265958617720296164e-21
2.169445476571869222e+04 9.430123587047545078e-21 3.014955425743734528e-21
2.170506867280555525e+04 2.321649922860459258e-20 3.050869929532132872e-21
2.171568251554343806e+04 1.441406161152975886e-20 2.818237617560412622e-21
2.172629629387480236e+04 1.820339613981080908e-20 3.110887647605385340e-21
2.173691000779506794e+04 2.302233673567232570e-20 3.463263772148857197e-21
2.174752365724099218e+04 2.163387221033733819e-20 3.121527880981686455e-21
2.175813724218410061e+04 1.734326947945617448e-20 2.961599671109748489e-21
2.176875076260231072e+04 1.957211235639061480e-20 2.842900409400472598e-21
2.177936421846182202e+04 1.719610478355830627e-20 2.828232442950755008e-21
2.178997760971659591e+04 1.378540639388607799e-20 2.780185456035504508e-21
2.180059093633809243e+04 7.379507917868087860e-21 2.992392440492972521e-21
2.181120419828668673e+04 1.384041386342077115e-20 3.386956407748197219e-21
2.182181739553425359e+04 1.330410450385540308e-20 2.730486990762528982e-21
2.183243052805819389e+04 1.376536056416392735e-20 2.905551666986003689e-21
2.184304359580676464e+04 1.309616258992358652e-20 3.155275842197105477e-21
2.185365659873997720e+04 8.074778565814249296e-21 2.722771136654282711e-21
2.186426953685290573e+04 1.463873021364691638e-20 2.929677461869107081e-21
2.187488241008790646e+04 1.965561113460800894e-20 3.082001757599525580e-21
2.188549521840493253e+04 1.510229715685371737e-20 2.944405582850248969e-21
2.189610796179905083e+04 1.365680448917269560e-20 2.928423332857199598e-21
2.190672064021254118e+04 8.897372532813599876e-21 3.150549950019936449e-21
2.191733325361699463e+04 1.825811472310021573e-20 2.953894522111732083e-21
2.192794580197204050e+04 1.207454319349111767e-20 2.956634228066588279e-21
2.193855828525524339e+04 1.250900849029525494e-20 3.021776414368864709e-21
2.194917070342650186e+04 1.766840180607626683e-20 2.877645910840165571e-21
2.195978305643946078e+04 1.816260853916616785e-20 3.049543890677835592e-21
2.197039534428331899e+04 1.145737285818319993e-20 2.786869047919563076e-21
2.198100756690627531e+04 1.196744826901544448e-20 2.739967354946642643e-21
2.199161972419696394e+04 2.934898472626491743e-20 3.012774686364431654e-21
2.200223180810331905e+04 2.234628436000681336e-20 2.799191542872039515e-21
2.201263644185938028e+04 1.147086934240866826e-20 2.830730341121780860e-21
2.202324838424457266e+04 3.563123434613437298e-21 2.979724087332785800e-21
2.203386026123492775e+04 1.462329971532647109e-20 2.887628846836919639e-21
2.204447207280244038e+04 1.316753560384238544e-20 3.010128552463675218e-21
2.205508381891862518e+04 1.117579746344346380e-20 2.858865722243348415e-21
2.206569549953633395e+04 1.064319766681158654e-20 2.731251932584964858e-21
2.207630711462141699e+04 1.510762303266277421e-20 2.476682819325405378e-21
2.208691866415152981e+04 1.391580823822579303e-20 2.750970280131681820e-21
2.209753014808555963e+04 1.132365415821589442e-20 3.037224732646309182e-21
2.210814156638930217e+04 1.138016537098095768e-20 2.827532610206590084e-21
2.211875291903429752e+04 9.022198623856230993e-21 3.053874262912103440e-21
2.212936420596690732e+04 1.880768508554502529e-20 3.153046342246996068e-21
2.213997542717762190e+04 1.223275815255627230e-20 2.734496384390728156e-21
2.215058658261322853e+04 1.891289630439828909e-20 2.783462625243909721e-21
2.216119767224471798e+04 1.263060261643894547e-20 2.761501267815307954e-21
2.217180869603163228e+04 1.213329341117309030e-20 2.515276493401776086e-21
2.218241965395779698e+04 1.557027234555344291e-20 2.973631826342417411e-21
2.219303054596944276e+04 1.717249407905819860e-20 2.862739371270526038e-21
2.220364137203837163e+04 1.386804586221741943e-20 3.053155652772175601e-21
2.221425213212981907e+04 1.775823886875689557e-20 2.752287734460914789e-21
2.222486282620234124e+04 1.087119542270160670e-20 2.656512248775821840e-21
2.223547345423384104e+04 8.947072764174788969e-21 2.647713559979161513e-21
2.224608401618332209e+04 1.558895576226050910e-20 2.704049177426847965e-21
2.225669451200309777e+04 2.031649302667873027e-20 2.654908483608979880e-21
2.226730494169583471e+04 1.478941339936255757e-20 2.694882583417940941e-21
2.227791530518322179e+04 1.552381243189594815e-20 2.777294791089613061e-21
2.228852560244856068e+04 1.612795435059238850e-21 2.638691817752240396e-21
2.229913583346342057e+04 1.523450726371696485e-20 2.742730457834362591e-21
2.230974599818667775e+04 1.120851225391482431e-20 2.531775895658910579e-21
2.232035609657051828e+04 1.846701291297507200e-20 2.572830393846958577e-21
2.233096612860511595e+04 1.109693739037985557e-20 2.680409805414406953e-21
2.234157609424307520e+04 7.806347528681748774e-21 2.487708624410738516e-21
2.235218599344272661e+04 5.707426602734534090e-21 2.416312652478790777e-21
2.236279582616926928e+04 1.407879084372635230e-20 2.831654833687205162e-21
2.237340559240644870e+04 1.784278290265780362e-20 2.875146093052454252e-21
2.238401529211250818e+04 9.567305107935371433e-21 2.707672707073087348e-21
2.239462492522762477e+04 1.361860374804373403e-20 2.625378422448779981e-21
2.240523449174175767e+04 6.832543771900053866e-21 2.768862214876059015e-21
2.241584399161930560e+04 1.197510388401580038e-20 2.759471115994244705e-21
2.242645342481917032e+04 1.118974190162439361e-20 2.931752960961994007e-21
2.243706279128742244e+04 1.616165007963494804e-20 2.933881440375363437e-21
2.244767209098928652e+04 1.373832608459281343e-20 2.663036798154370159e-21
2.245828111592086134e+04 8.276481851709345034e-21 2.496286618303452155e-21
2.246888967474821038e+04 1.545771402522120586e-20 2.745603570195088825e-21
2.247949816672146699e+04 2.081153148522323335e-20 2.702845997550637861e-21
2.249010659182329255e+04 1.156725273641276546e-20 2.732383946683517954e-21
2.250071495002468146e+04 1.019594086941617730e-20 2.438493600894279365e-21
2.251132324125842570e+04 1.374115620067580685e-20 2.680206921975522750e-21
2.252193146550847450e+04 1.100608147544875170e-20 2.702078074135315687e-21
2.253253962273944126e+04 5.599578962228990363e-21 2.448527420284245490e-21
2.254314771293430749e+04 1.968994386451030662e-20 2.827692218333180302e-21
2.255375573602674922e+04 1.744271230931493452e-20 2.801779022413243842e-21
2.256436369198752072e+04 9.939639505360493992e-21 2.725455065885007228e-21
2.257497158078078064e+04 6.484738859532745951e-21 2.637695856886239184e-21
2.258557940239667732e+04 1.652404000927139570e-20 2.729977917726206932e-21
2.259618715678071749e+04 8.433080205431319921e-21 2.743858407003612261e-21
2.260679484389080244e+04 4.710486704814799072e-21 2.605947703019244102e-21
2.261740246369180750e+04 4.946043129062679153e-21 2.483057189017950227e-21
2.262801001614796405e+04 1.522924190998008155e-20 3.110435757011816173e-21
2.263861750124246100e+04 1.507795516820713790e-20 2.483074972963772509e-21
2.264922491893373444e+04 8.398163827982667419e-21 2.487199683550865921e-21
2.265983226917334105e+04 1.292004852454302908e-20 2.653895690346483146e-21
2.267043955192556314e+04 1.467791952677212458e-20 2.690977909820248125e-21
2.268104676715503228e+04 1.303448526971916027e-20 2.496619138134190072e-21
2.269165391484471547e+04 1.572449830352013891e-20 2.535985274769288473e-21
2.270226099494638402e+04 1.385273417376032700e-20 2.657157650615458775e-21
2.271286800742450214e+04 1.405802153391156327e-20 2.575287989993951775e-21
2.272347495224298473e+04 1.149008060562886155e-20 2.613839916867342656e-21
2.273408182934732395e+04 1.235482313125063336e-20 2.628804374434878811e-21
2.274468863873982991e+04 9.938142787226021356e-21 2.764694659004640343e-21
2.275529538035262158e+04 2.938366797820038586e-21 2.599999973396736014e-21
2.276590205418192272e+04 1.155393201660683603e-20 2.689297152312326207e-21
2.277650866016661530e+04 9.788261809805761680e-21 2.673104433562940720e-21
2.278711519827033408e+04 1.650477318835973023e-20 2.473832818694650163e-21
2.279772166846405526e+04 1.025615702069415380e-20 2.538169850536620466e-21
2.280832807070542549e+04 5.860994967617489894e-21 2.778377187138257756e-21
2.281893440497723714e+04 1.601285966224380662e-20 2.699466153280982220e-21
2.282954067121860135e+04 9.964630790915125982e-21 2.606126427000582771e-21
2.284014686941871332e+04 9.750781408015387834e-21 2.497057957124852064e-21
2.285075299951609850e+04 6.196061046231795122e-21 2.415930271440785809e-21
2.286135906149412040e+04 1.361557174481892673e-20 2.276442581424426051e-21
2.287196505532279843e+04 1.395410890130695030e-20 2.835328861347276523e-21
2.288257098093442983e+04 1.359919488257956535e-20 2.767154530234993272e-21
2.289317683831855175e+04 1.667191228374077648e-20 2.596723122528425083e-21
2.290378262741959406e+04 1.009932094722037560e-20 2.641638742533422433e-21
2.291438834823358411e+04 1.166679343218097859e-20 2.532602676820380960e-21
2.292499400070539923e+04 1.320775841082960999e-20 2.484741568796149529e-21
2.293559958479200577e+04 1.344581502959112621e-20 2.805050252613329538e-21
2.294620510045139235e+04 6.651373394386212462e-21 2.410413536790770913e-21
2.295681054767908063e+04 1.192226184879341594e-20 2.629273153629370233e-21
2.296741592640035742e+04 1.024803249748340474e-20 2.645269386536476814e-21
2.297802123661765654e+04 7.469345870351913455e-21 2.726626125861322891e-21
2.298862647826895409e+04 1.917926072883792206e-20 2.782157912361857902e-21
2.299923165131793576e+04 1.340456937952461250e-20 2.475501033697278882e-21
2.300983675574137669e+04 9.259734296595323793e-21 2.478502327359110190e-21
2.302044179148980038e+04 6.954860835170664109e-21 2.532163212252256545e-21
2.303104675853985827e+04 1.169233182000817487e-20 2.503604430619458660e-21
2.304165165684897147e+04 1.133890099903492375e-20 2.707211077682300886e-21
2.305225648637385530e+04 1.666590477846309489e-20 2.502332965442506074e-21
2.306286124708500211e+04 1.521187366974882206e-20 2.616397877401635884e-21
2.307346593895227852e+04 8.309943754446197354e-21 2.624633725721891170e-21
2.308407056192613891e+04 1.126509866215704647e-20 2.462752080233218983e-21
2.309467511598977217e+04 1.187506631859917301e-20 2.609199324951754070e-21
2.310527960107440231e+04 1.028763095076856636e-20 2.553893908898242948e-21
2.311588401717551824e+04 6.602301558405707299e-21 2.424270139076784482e-21
2.312648836423126704e+04 1.179548733364976620e-20 2.666509618606971767e-21
2.313709264223029822e+04 1.352330950031777785e-20 2.677238164824768657e-21
2.314769685111069703e+04 1.581276869371317361e-20 2.395727917176128337e-21
2.315830099086162954e+04 2.318104778053900049e-20 2.406783832520881165e-21
2.316869555344236505e+04 1.041916714181730601e-20 2.431273396139193878e-21
2.317929952746707204e+04 1.473999666748710228e-20 2.402346465033326828e-21
2.318990344030453343e+04 1.004173078016690893e-20 2.363522982534730090e-21
2.320050728393892496e+04 1.039331963419543721e-20 2.510365577915280976e-21
2.321111105824020706e+04 1.054743724607300728e-20 2.601935748331733963e-21
2.322171476317741690e+04 7.119906517286985338e-21 2.506538203297295795e-21
2.323231839871419652e+04 8.964058253823864424e-21 2.566345252199808940e-21
2.324292196481372230e+04 1.183183884325727272e-20 2.470591919671425282e-21
2.325352546143274958e+04 8.726102555641462844e-21 2.570229476673440125e-21
2.326412888855352503e+04 5.994951949083744702e-21 2.387462161174052051e-21
2.327473224611406113e+04 6.404921113183593273e-21 2.475575427874853819e-21
2.328533553409617889e+04 1.075034521642117190e-20 2.607883441507949426e-21
2.329593875245709569e+04 8.657240951126738917e-21 2.602041596923410606e-21
2.330654190115945312e+04 8.700290921916283863e-21 2.745610864576818104e-21
2.331714498016668585e+04 1.683071420749967071e-20 2.406252061553988383e-21
2.332774798944169015e+04 1.258128863936789478e-20 2.336393390242851259e-21
2.333835092893480032e+04 1.574128296176992356e-20 2.740214608831703893e-21
2.334895379863438939e+04 1.380838358802592368e-20 2.828055457699012261e-21
2.335955659847835341e+04 1.756159834907838719e-20 2.662812212970183439e-21
2.337015932845457792e+04 1.433867004697307047e-20 2.648422803910235808e-21
2.338076198850758010e+04 1.394012593161519284e-20 2.605169584701035086e-21
2.339136457860609880e+04 1.131559038938136982e-20 2.515902136490500246e-21
2.340196709871970597e+04 1.060078893570311126e-20 2.521212885000664606e-21
2.341256954880497869e+04 1.028641248882765636e-20 2.316888913992821913e-21
2.342317192882438394e+04 1.477770404765730617e-20 2.596795714069667052e-21
2.343377423873497901e+04 1.690036784137512318e-20 2.909018215664354427e-21
2.344437647851168367e+04 8.939310132000227384e-21 2.434751883230630875e-21
2.345497864810504325e+04 5.038661911256079351e-21 2.354751586913809773e-21
2.346558074749036314e+04 8.062986788528280799e-21 2.367099822127143641e-21
2.347618277661127286e+04 1.294482263209744935e-20 2.416677120032523667e-21
2.348678473544969165e+04 1.346842825158114946e-20 2.948756162703170033e-21
2.349738662396198197e+04 1.045810895707820710e-20 2.544472955329736182e-21
2.350798844211076357e+04 8.955336815275415552e-21 2.273484912522149449e-21
2.351859018986518277e+04 7.733284030516280704e-21 2.448909875792118166e-21
2.352919186716867625e+04 5.790104864913118073e-21 2.374214869524766941e-21
2.353979347400926417e+04 8.720212250947577273e-21 2.622330613266172654e-21
2.355039501024871424e+04 1.136006631702147654e-20 2.324841761247915411e-21
2.356099646793782449e+04 1.165353169256532699e-20 2.547101595499210072e-21
2.357138762541250981e+04 8.171521065470262993e-21 2.676101473362643085e-21
2.358198893073500221e+04 1.009865291389430677e-20 2.491840450088146374e-21
2.359259016539999720e+04 1.344955314559079103e-20 2.662413886336080802e-21
2.360319132936987808e+04 1.390019928337756755e-20 2.455530150632594755e-21
2.361379242258737941e+04 1.451661130126737766e-20 2.478326578790001432e-21
2.362439344504135443e+04 1.146859497965037951e-20 2.495472132090154190e-21
2.363499439667427214e+04 1.182954795656936795e-20 2.333013058253509413e-21
2.364559527744879597e+04 -1.787121942220661792e-21 2.345931167088516963e-21
2.365619608733388668e+04 1.386540098700932843e-20 2.689598732816311368e-21
2.366679682629801027e+04 8.612634228154169057e-21 2.557403246954747668e-21
2.367739749429746371e+04 8.143831827623055089e-21 2.501879033374870678e-21
2.368799809128767083e+04 7.358153506004145299e-21 2.494550410439970674e-21
2.369859861724412258e+04 7.895660056268478678e-21 2.432902631823424775e-21
2.370919907211618192e+04 9.706289118027334057e-21 2.367274484895792600e-21
2.371979945587864495e+04 9.181240569447776748e-21 2.461381177599122748e-21
2.373039976848122024e+04 9.377455847012919750e-21 2.638165155785625245e-21
2.374100000989884211e+04 1.174821830715776414e-20 2.734544334717448715e-21
2.375160018008720363e+04 1.279649147143210802e-20 2.443627549352034185e-21
2.376220027899561319e+04 1.216219034943562541e-20 2.243449897512619771e-21
2.377280030661181445e+04 1.015236066370120422e-20 2.376184398956811881e-21
2.378340026288538138e+04 1.411291292183535650e-20 2.551689802735673026e-21
2.379400014777157412e+04 7.635269641360269172e-21 2.380174419090822578e-21
2.380459996123896781e+04 1.060146694448520122e-20 2.589034979451710501e-21
2.381519970324991300e+04 1.039873057369121037e-20 2.556117122253732399e-21
2.382579937376582893e+04 1.012714778022461448e-20 2.460361898498815392e-21
2.383639897275581097e+04 1.594715688603154904e-20 2.483902901353363526e-21
2.384699850016846904e+04 1.295221311318357867e-20 2.313801698383294523e-21
2.385759795597224729e+04 1.061137897406587213e-20 2.351567590577376661e-21
2.386819734012283516e+04 7.592388743929993411e-21 2.340629821466037510e-21
2.387879665260121692e+04 1.291716523242336916e-20 2.310091650714080014e-21
2.388939589335670462e+04 1.738383663146665723e-20 2.672797019279140065e-21
2.389999506233776265e+04 1.574469727896931722e-20 2.804441128297743717e-21
2.391059415953244024e+04 1.137393339649927937e-20 2.591974688398644451e-21
2.392119318487657802e+04 1.108506601385075834e-20 2.651448768542130182e-21
2.393179213835106566e+04 1.390125591235875195e-20 2.546830230907353878e-21
2.394239101991168718e+04 5.786300691135141750e-21 2.315166037766286610e-21
2.395298982951328435e+04 1.263996809501769515e-20 2.529968495271205201e-21
2.396358856712415582e+04 1.218649069727846803e-20 2.280794649385042163e-21
2.397418723271285126e+04 7.662261479381456559e-21 2.362851334637159054e-21
2.398478582623389957e+04 8.585548829585716366e-21 2.467875613912486291e-21
2.399538434764950944e+04 8.273556162760985517e-21 2.514295589441768778e-21
2.400598279691434436e+04 6.601005762272744489e-21 2.446764903638271168e-21
2.401658117400328410e+04 1.521470835444684259e-20 2.334535138650149942e-21
2.402717947887149785e+04 1.535329331105338357e-20 2.367092587390951283e-21
2.403777771148005559e+04 1.919194603849909806e-20 2.342851043845441299e-21
2.404837587177781461e+04 1.212019802199171120e-20 2.300864450573252839e-21
2.405897395975226755e+04 7.210647943609356478e-21 2.346007869338962189e-21
2.406957197535189698e+04 1.113869821906730979e-20 2.392705049606054849e-21
2.408016991852499268e+04 1.501393933391190779e-20 2.359672859016780502e-21
2.409076778926570114e+04 1.050085986207545412e-20 2.620720124452778830e-21
2.410136558750284166e+04 2.248225508729267858e-20 2.739402479807156794e-21
2.411196331321053003e+04 6.817118984429316885e-21 2.666301723497370709e-21
2.412256096635047652e+04 1.155745712648691879e-20 2.447703565225058790e-21
2.413315854688392210e+04 1.600654899050059627e-20 2.367210933624441203e-21
2.414375605477863428e+04 1.087893674034452748e-20 2.213372922427001291e-21
2.415435348998304107e+04 9.007926081135539007e-21 2.327280540460092825e-21
2.416495085246443341e+04 1.120286614694728013e-20 2.368234392730237174e-21
2.417554814219123364e+04 8.520822561292375671e-21 2.380412620023042285e-21
2.418614535910448103e+04 1.439758708923965551e-20 2.629076213447267072e-21
2.419674250319191196e+04 1.624064955691388698e-20 2.406380328661676949e-21
2.420733957439500955e+04 1.271631491454760895e-20 2.441070294444971932e-21
2.421793657267445451e+04 9.140844551636836403e-21 2.357773189904041931e-21
2.422853349801179866e+04 9.237325553958180477e-21 2.350508407297405094e-21
2.423913035034116183e+04 1.270598955462334896e-20 2.408600946760043890e-21
2.424972712964379025e+04 9.523714968378311166e-21 2.288991210883795722e-21
2.426032383588072116e+04 4.358235991433673042e-21 2.374528663905568932e-21
2.427092046899279012e+04 1.097198548886310992e-20 2.359227176282611052e-21
2.428151702896138522e+04 2.392912243084622362e-20 2.454944803960648494e-21
2.429211351574687433e+04 1.035005296324323740e-20 2.280389358214796474e-21
2.430270992928414489e+04 6.565771261395511700e-21 2.213203550096028036e-21
2.431330626956709966e+04 1.566617213404007551e-20 2.489941618466300284e-21
2.432390253653671607e+04 1.193424133352308950e-20 2.540876894747835110e-21
2.433449873016739002e+04 1.069235525068564979e-20 2.415319550640575657e-21
2.434509485041286825e+04 1.377194539255377138e-20 2.596247949282895426e-21
2.435569089723452271e+04 7.656144579881786641e-21 2.376881535971406060e-21
2.436628687059933145e+04 7.675741177096948604e-21 2.526724780791883723e-21
2.437688277044171627e+04 1.291584268805000459e-20 2.376578400316158245e-21
2.438747859674903520e+04 1.200035581839929442e-20 2.506777852692843919e-21
2.439807434947520596e+04 1.678812803478705234e-20 2.653610616299639707e-21
2.440867002858797059e+04 3.608909443445463766e-21 2.662554211155994301e-21
2.441926563404076660e+04 6.978084526107922285e-21 2.435478204189866238e-21
2.442986116579483860e+04 1.916184767230861219e-20 2.456194641067281568e-21
2.444045662379699934e+04 1.377254972444269887e-20 2.292179064821886533e-21
2.445105200802818217e+04 1.158320498359109759e-20 2.171037817046906206e-21
2.446164731844892594e+04 1.141039658699315207e-20 2.171988190519293113e-21
2.447224255500623622e+04 9.697125326543087448e-21 2.506766980323301728e-21
2.448283771767443613e+04 1.178868724985034810e-20 2.598841972228035029e-21
2.449343280638662327e+04 1.686270203045044768e-20 2.380724873755160609e-21
2.450402782115079390e+04 3.967373570496497488e-21 2.423275133959920008e-21
2.451462276188006945e+04 6.167229378282888760e-21 2.407600184507578701e-21
2.452521762857534850e+04 3.452815204434047855e-21 2.271831912287410913e-21
2.453581242114745328e+04 9.840424370395703798e-21 2.464870327766128380e-21
2.454619507276417062e+04 1.024209874255978044e-20 2.541867893419226431e-21
2.455678969757640152e+04 9.243939771354644803e-21 2.259083537865984363e-21
2.456738424827045310e+04 7.899910854807636350e-21 2.214151584372065363e-21
2.457797872471091978e+04 1.430630838349985208e-20 2.338081492453503979e-21
2.458857312686396835e+04 8.582265706767507121e-21 2.200888896631193335e-21
2.459916745467075452e+04 6.071679849871171357e-21 2.227422069869734847e-21
2.460976170811072370e+04 8.485873010647538746e-21 2.018375676651829315e-21
2.462035588713783727e+04 1.426245726578157941e-20 2.443212023580766219e-21
2.463094999171213567e+04 1.385318048187646751e-20 2.482545436950726938e-21
2.464154402178057353e+04 1.905728679825653017e-20 2.226594760082229483e-21
2.465213797732997773e+04 5.528278731228806443e-21 2.132891001230609801e-21
2.466273185831985029e+04 1.040063206619318968e-20 2.479560706526127930e-21
2.467332566467151628e+04 1.031942642362850205e-20 2.519078778171113588e-21
2.468391939638368422e+04 9.667606280889836643e-21 2.212866286829770785e-21
2.469451305339726241e+04 1.180138255846965780e-20 2.387092637700235992e-21
2.470510663567869051e+04 1.786275436693290872e-20 2.392562565306327050e-21
2.471570014319430629e+04 9.655406651862966563e-21 2.397966661349759192e-21
2.472629357588492712e+04 1.436517007616407446e-20 2.267400248398647408e-21
2.473688693374258582e+04 1.680130834880126219e-20 2.568526079511516841e-21
2.474748021669514128e+04 3.532382063639108240e-21 2.247194850596904252e-21
2.475807342472146775e+04 3.516042917579302943e-21 2.277689982649725925e-21
2.476866655777524647e+04 8.519538059246366796e-21 2.415384039939519727e-21
2.477925961580294461e+04 1.523973462926732174e-20 2.121912917932272311e-21
2.478985259878420038e+04 1.835448818269015684e-20 2.221790318342252123e-21
2.480044550803562379e+04 9.021256281726694111e-21 2.326480506210651637e-21
2.481103847534644592e+04 8.390691032959519803e-21 2.458181397235923701e-21
2.482163144922365609e+04 1.341283126674474069e-20 2.388796569954690245e-21
2.483222434870256620e+04 2.179265172450008303e-20 2.299069023933314187e-21
2.484281717292272879e+04 4.941817606670673920e-20 2.632246675995884967e-21
2.485340992184335482e+04 4.176622371520603134e-20 3.092809262602355451e-21
2.486400259542435742e+04 4.465554788031107008e-20 2.856558450540499962e-21
2.487459519353565702e+04 1.952682724523463512e-20 2.428748660221818925e-21
2.488518770834507450e+04 1.051711451193497161e-20 2.357672371699738037e-21
2.489556745229265289e+04 6.293330328930574571e-21 2.308932886471323475e-21
2.490615980468428825e+04 1.221503298815182020e-20 2.217493780685878071e-21
2.491675208153930362e+04 1.451718603537795504e-20 2.371628496063024274e-21
2.492734428278963242e+04 9.528610528348810732e-21 2.374707251633716596e-21
2.493793640842920286e+04 1.437753463629003454e-20 2.156472514240992941e-21
2.494852845839639485e+04 1.863302015464302550e-20 2.410321090511485366e-21
2.495912043267165427e+04 1.357488205032503518e-20 2.357475429146902384e-21
2.496971233119344834e+04 1.054504253399344537e-20 2.187851408469426798e-21
2.498030415392826762e+04 1.503459605373717916e-20 2.448385830441370668e-21
2.499089590082841096e+04 1.202295779906962431e-20 2.533079093666175389e-21
2.500148757186002331e+04 1.316192848253277077e-20 2.507525695546050984e-21
2.501207916698249755e+04 1.081285514230362291e-20 2.158616756791854917e-21
2.502267068616161851e+04 1.460553074269613400e-20 2.248111532257378896e-21
2.503326212935019066e+04 9.145899477716120723e-21 2.135593126629788637e-21
2.504385349650002900e+04 1.107427559369576572e-20 2.337271704527712599e-21
2.505444478758457990e+04 1.174107262526224309e-20 2.313527084079838666e-21
2.506503600255550555e+04 1.007169888814718176e-20 2.387889244083240084e-21
2.507562714136564318e+04 8.171546149144998802e-21 2.350712213601779182e-21
2.508621820397365809e+04 1.353198946778975166e-20 2.291212939391371753e-21
2.509680919035940315e+04 1.197995689927559468e-20 2.271429005991388873e-21
2.510740010046124735e+04 1.426481685780610634e-20 2.200992378982112204e-21
2.511799093425188039e+04 1.134482155183202825e-20 2.477218564551855401e-21
2.512858169167673259e+04 9.532472046660714050e-21 2.536682114002232133e-21
2.513917237270133774e+04 1.009827103883059488e-20 2.381903965453437331e-21
2.514976297728500504e+04 1.197598903619848611e-20 2.448553954363242730e-21
2.516035350538611965e+04 1.012839699182754155e-20 2.451766932593952942e-21
2.517094395695730418e+04 6.014198872078503615e-21 2.226919812480915880e-21
2.518153433197047343e+04 8.889175671385391577e-21 2.315155478009066998e-21
2.519212463038506758e+04 1.431461370000608548e-20 2.297258300930603328e-21
2.520271485214566928e+04 1.661507952835177260e-20 2.256713255127643430e-21
2.521330499721825981e+04 1.367312044374146268e-20 2.227864849185629751e-21
2.522389506555449043e+04 1.429642422150804739e-20 2.597808964030883964e-21
2.523448505713378472e+04 9.964652670162096572e-21 2.415713748195623833e-21
2.524507497188738125e+04 1.337547971599620399e-20 2.332253138257158428e-21
2.525566480978751133e+04 2.245828456478455674e-20 2.468759459461356375e-21
2.526625457079999251e+04 2.033802352656035243e-20 2.294755860047732595e-21
2.527684425486929103e+04 9.958618980961886745e-21 2.173631090205070467e-21
2.528743386198200460e+04 5.976382393448250837e-21 2.111680113532112872e-21
2.529802339204786040e+04 1.472192267263173404e-20 2.198695700206932405e-21
2.530861284506054653e+04 6.402581505505797107e-21 2.305972822285916292e-21
2.531920222098477825e+04 7.920643808340080101e-21 2.446693270708441268e-21
2.532979151975201967e+04 9.621772820756339688e-21 2.198025450646097350e-21
2.534038074133405462e+04 1.332384020903077529e-20 2.274819144046725292e-21
2.535096988569660243e+04 1.380905393888412527e-20 2.066815313152957897e-21
2.536155895278397293e+04 1.865762928263376113e-20 2.289411477802289359e-21
2.537214794256849564e+04 1.516499702721459543e-20 2.343845432753003006e-21
2.538273685499467683e+04 1.150196212656603983e-20 2.191514182642550522e-21
2.539332569003455865e+04 1.415055744025979144e-20 2.340974895515783691e-21
2.540391444762586980e+04 8.435872994562380839e-21 2.368864613148199654e-21
2.541450312776121791e+04 1.893396331104804610e-20 2.183465942425827726e-21
2.542509173036456559e+04 1.319670143438685519e-20 2.285734302118402092e-21
2.543568025540754388e+04 8.523870951713126078e-21 2.143396289040322410e-21
2.544626870284882898e+04 1.105999074885839709e-20 2.152850426019771370e-21
2.545685707264600933e+04 1.189168057417695988e-20 2.310536737178757689e-21
2.546744536475787390e+04 1.245478897837563708e-20 2.175747376623793835e-21
2.547803357914876324e+04 1.784172631721918693e-20 2.405331027238497183e-21
2.548862171575655157e+04 1.655764140653211900e-20 2.554356511088592465e-21
2.549920977455958928e+04 2.538985644914996141e-20 2.418475572034841273e-21
2.550979775550248451e+04 1.540837526505062638e-20 2.286380123910058371e-21
2.552038565857063077e+04 1.518394104332948514e-20 2.310415026251056782e-21
2.553097348368059102e+04 1.301120129550296266e-20 2.219289580485412423e-21
2.554156123081788610e+04 4.339234662949222520e-21 2.140424906366291598e-21
2.555214889993363613e+04 8.456056243946664118e-21 2.364443061258091476e-21
2.556273649097866291e+04 1.361749768822823952e-20 2.365911537859930478e-21
2.557332400391782721e+04 8.007068702674645880e-21 2.252513211266993460e-21
2.558391143872293833e+04 1.003276468630980026e-20 2.157087617796688212e-21
2.559449879532378691e+04 1.179978310004699754e-20 2.282408874178025829e-21
2.560508607369230958e+04 1.469237557735022365e-20 2.123562667143283012e-21
2.561567327379294147e+04 1.351971874550414066e-20 2.300542463886458548e-21
2.562626039557678450e+04 1.647935786552641967e-20 2.589384272826822823e-21
2.563684743900112517e+04 1.226305515430848066e-20 2.187811681084766338e-21
2.564743440401709813e+04 1.381257936782205916e-20 2.231418877907772627e-21
2.565802129059581057e+04 1.717465358343840312e-20 2.390025864689139174e-21
2.566860809868146316e+04 1.496262617924363925e-20 2.507306958763904134e-21
2.567919482823799626e+04 1.791623586081442566e-20 2.501411554004356767e-21
2.568978147923065262e+04 1.824767844636996194e-20 2.720365322754877411e-21
2.570036805159524738e+04 1.738097299866192060e-20 2.626525188805069659e-21
2.571095454531797077e+04 2.523893721209122560e-20 2.459031051985793073e-21
2.572154096033468886e+04 2.128276609347708711e-20 2.306201136278543864e-21
2.573212729661641060e+04 1.743248246596121368e-20 2.499247034230870102e-21
2.574249923645904710e+04 1.687231733768182509e-20 2.234804216095697486e-21
2.575308539546439351e+04 1.227584319027719682e-20 2.380465285420339054e-21
2.576367147569574809e+04 1.378680681316954696e-20 2.244583101717399576e-21
2.577425747700703141e+04 1.463762815545484002e-20 2.305628679254345642e-21
2.578484339936180913e+04 1.762330786215025958e-20 2.327656406114287068e-21
2.579542924271788070e+04 2.177729827981830078e-20 2.384115343837108264e-21
2.580601500703205602e+04 1.987623715294123185e-20 2.357489252403425919e-21
2.581660069226199994e+04 1.804161581323328762e-20 2.254816612613713534e-21
2.582718629836440596e+04 1.808509441651226006e-20 2.390974575026477007e-21
2.583777182529009224e+04 1.797662926914750268e-20 2.187818905179081948e-21
2.584835727300956205e+04 1.725033365259148285e-20 2.561366272083968151e-21
2.585894264148017828e+04 1.037073516503608198e-20 2.209393122015768837e-21
2.586952793063819263e+04 8.531689658318575636e-21 2.240161079348902075e-21
2.588011314045455219e+04 1.110681828005854183e-20 2.508343818030878234e-21
2.589069827089298633e+04 8.074209403395810121e-21 2.346431998999031975e-21
2.590128332189708453e+04 1.575002872401670148e-20 2.579226098013213674e-21
2.591186829343718637e+04 6.888317193215004848e-21 2.235013676557090410e-21
2.592245318545683403e+04 9.253338476504133328e-21 2.171512276667157500e-21
2.593303799792631980e+04 5.483332256264779825e-21 2.199832539759704671e-21
2.594362273078225917e+04 9.506954846621853039e-21 2.259477106070088868e-21
2.595420738400882328e+04 1.158234111291817068e-20 2.148321704266583472e-21
2.596479195754929970e+04 1.881986191214150260e-20 2.384252570006915791e-21
2.597537645136033825e+04 8.617383816059831526e-21 2.155172951510612024e-21
2.598596086539855969e+04 1.538101766335019681e-20 2.174691113136757195e-21
2.599654519960716425e+04 1.307910005868684007e-20 2.436050385406228888e-21
2.600712945397029762e+04 1.949310137786792199e-20 2.523725222108325377e-21
2.601771362843101451e+04 1.592812472412236102e-20 2.244760473375152149e-21
2.602829772293893620e+04 2.992174050240263781e-21 2.095199784814249215e-21
2.603888173737532270e+04 1.175208667004805796e-20 2.252611031940237495e-21
2.604946566393298053e+04 1.305816789709948198e-20 2.178983850796725048e-21
2.605983462076500655e+04 9.871419283009225454e-21 2.328205895211329970e-21
2.607041837543965084e+04 1.187653123309109068e-20 2.228215325916029118e-21
2.608100204994237356e+04 6.582279829862334551e-21 2.223462794790002719e-21
2.609158564422980999e+04 1.053187601400475570e-20 2.459644336101826248e-21
2.610216915827249977e+04 1.952853600586391962e-20 2.244442718572638687e-21
2.611275259201989684e+04 7.032445974671989608e-21 2.552091974312576076e-21
2.612333594542828359e+04 7.418022166521678364e-21 2.389263767092001357e-21
2.613391921845416800e+04 1.723351736648006625e-20 2.349659575081081860e-21
2.614450241105375244e+04 1.481389772748529911e-20 2.283318792692880605e-21
2.615508552317640715e+04 1.252659961188945703e-20 2.214990147434546076e-21
2.616566855479963124e+04 1.120664165717993404e-20 2.315979639618470659e-21
2.617625150585133451e+04 1.179052678577499143e-20 2.042506326267888199e-21
2.618683437631609195e+04 1.400780768810885705e-20 2.173063540908950262e-21
2.619741716612893288e+04 1.650418001192002516e-20 2.276107147444033385e-21
2.620799987523866730e+04 1.327377499170913062e-20 2.187921145139383680e-21
2.621858250363020124e+04 1.556144445340350452e-20 2.089876083711284300e-21
2.622916505123803290e+04 7.107130301458220954e-21 2.152416206546337714e-21
2.623974751803275649e+04 9.159248102948470311e-21 2.212104675246141974e-21
2.625032990395592060e+04 1.668037944377738855e-20 2.457818257636168306e-21
2.626091220898524989e+04 1.055106116658538072e-20 2.255445555709995773e-21
2.627149443304070519e+04 9.525139437573871489e-21 2.254432114468744656e-21
2.628207657610720344e+04 1.206983515488329359e-20 1.968073693198573672e-21
2.629265863814750628e+04 1.976639830662789209e-20 2.213491669182041456e-21
2.630324061908208751e+04 1.529764629617278457e-20 2.155807928227294926e-21
2.631382251889509280e+04 1.336731969296047710e-20 2.418892818614878128e-21
2.632440433754283004e+04 1.960834382749412654e-20 2.412682114958610251e-21
2.633498607495915348e+04 1.321481179634232761e-20 2.337759093504988044e-21
2.634556773112185692e+04 1.997745882412386858e-20 2.252439679418893704e-21
2.635614930598621140e+04 1.150916943544187408e-20 2.146869697398107311e-21
2.636673079950133979e+04 1.096390797927674296e-20 2.349277330189528873e-21
2.637731221160799032e+04 1.236666367104255684e-20 2.319627796245034565e-21
2.638789354229124001e+04 1.036365852597301031e-20 2.438783096452526142e-21
2.639847479148446655e+04 1.336590693643069223e-20 2.363787296848591675e-21
2.640905595915124286e+04 1.322972870093168475e-20 2.229692660162650907e-21
2.641963704523204797e+04 1.289843603523090922e-20 2.446898632476629357e-21
2.643021804971189704e+04 1.075978893912335850e-20 2.063218491419668043e-21
2.644079897254571915e+04 1.326577204764641822e-20 2.368552720675096731e-21
2.645137981365361338e+04 1.512540070943761977e-20 2.028473275134567963e-21
2.646196057301932888e+04 1.085019953075391266e-20 2.047768764174444199e-21
2.647254125059162834e+04 8.183474574392555516e-21 2.072827495312890094e-21
2.648312184631821219e+04 9.091138552414046205e-21 2.141718072958166585e-21
2.649370236016216222e+04 1.412120996959412832e-20 2.131525328453198457e-21
2.650428279208564345e+04 1.416398221227314847e-20 2.264481081125526066e-21
2.651486314203711663e+04 1.528340386532708086e-20 2.106132022700167434e-21
2.652544340997162726e+04 1.034195643182612494e-20 2.265114028741903337e-21
2.653602359583741782e+04 1.052622290257037850e-20 2.401607588835942763e-21
2.654660369959682794e+04 1.042088880573516131e-20 2.205806024952010839e-21
2.655718372121962966e+04 1.217110610589540858e-20 2.203299354164101369e-21
2.656776366062479792e+04 1.074101340290206428e-20 2.213720815946091245e-21
2.657834351780365250e+04 1.430906440671486476e-20 2.273936174820950414e-21
2.658892329268243702e+04 1.259202746699431633e-20 2.168022713379337199e-21
2.659950298523060337e+04 9.492360543367049336e-21 2.083287500140516581e-21
2.661008259542515225e+04 1.211398470922769958e-20 2.439801778062811081e-21
2.662066212319188344e+04 1.410484056846186327e-20 2.339559139789372925e-21
2.663124156848614439e+04 4.188004894176985403e-21 2.359292190807445799e-21
2.664182093126972177e+04 1.341013420487159602e-20 2.457442748813036908e-21
2.665240021149083623e+04 1.225449066323676982e-20 2.459610793312710772e-21
2.666297940912559716e+04 1.237991136209833518e-20 2.438099805739608097e-21
2.667355852410777152e+04 9.300765158206671533e-21 2.418361536260073385e-21
2.668413755640603995e+04 1.066103926255778044e-20 2.479198750091162915e-21
2.669471650595410028e+04 1.127720041568761151e-20 2.257549423622735709e-21
2.670529537272798916e+04 9.825286138206639978e-21 2.491420768842723849e-21
2.671587415666843299e+04 8.655171356507518200e-21 2.099997757695212722e-21
2.672645285775156663e+04 1.320936905667704099e-20 2.375686538120055865e-21
2.673703147591064408e+04 9.891564604344891137e-21 2.606114108029083957e-21
2.674761001110003781e+04 1.578997205048498870e-20 2.441378046661079854e-21
2.675818846328919972e+04 1.489987795234849932e-20 2.405964243325166331e-21
2.676876683242532090e+04 8.842659220588684952e-21 2.093279864899361308e-21
2.677934511846303576e+04 1.030998826549921600e-20 2.533972849058051542e-21
2.678992332135698234e+04 1.587651986185406180e-20 2.627516619255412988e-21
2.680050144105422441e+04 1.237707709718331032e-20 2.382935038131146165e-21
2.681107947750505627e+04 1.111303386450187074e-20 2.373670249944897560e-21
2.682144105980531094e+04 8.467838419914628126e-21 2.374928893904836178e-21
2.683201890982075565e+04 3.527333747835957030e-21 2.644280832820672350e-21
2.684259667653823635e+04 6.363258440039846924e-21 2.344936807126802486e-21
2.685317435982975076e+04 5.201607489049311452e-21 2.060574578852890324e-21
2.686375195967076434e+04 1.176496856305730412e-20 2.498103560951155985e-21
2.687432947600867192e+04 1.012484375036308307e-20 2.453803715205455039e-21
2.688490690876915323e+04 1.727434588425131064e-20 2.487664218788476441e-21
2.689548425794187642e+04 1.487445316222935375e-20 2.378190444958541195e-21
2.690606152345299051e+04 1.521334390119667386e-20 2.403393607232792828e-21
2.691663870528490224e+04 1.857209620788873236e-20 2.409864278074133758e-21
2.692721580337782143e+04 1.580044320394970415e-20 2.264495776844387272e-21
2.693779281767825159e+04 1.725455814092507391e-20 2.680304173005033806e-21
2.694836974814083078e+04 1.357130304343791437e-20 2.495449281979258380e-21
2.695894659474056607e+04 1.147783633772301197e-20 2.297760328005385522e-21
2.696952335741057686e+04 1.033143082954107354e-20 2.708198142990819864e-21
2.698010003610435888e+04 1.328945384968851843e-20 2.607824123359514747e-21
2.699067663079076374e+04 9.532913448371062121e-21 2.514763206133105061e-21
2.700125314142322168e+04 1.483729662342600478e-20 2.366680156903189643e-21
2.701182956793464473e+04 9.855559443860248336e-21 2.691160156019472173e-21
2.702240591029990537e+04 1.103350140250269377e-20 2.389116445592313213e-21
2.703298216845904244e+04 1.064991423112847941e-20 2.438178075759050897e-21
2.704355834238715397e+04 1.518226930512974024e-20 2.622667618787238646e-21
2.705413443201634436e+04 6.489663471268179340e-21 2.508591904984217094e-21
2.706471043728654695e+04 2.112820597621026163e-20 2.631746376205718189e-21
2.707528635820826457e+04 8.982055906281671225e-21 2.606984503805032697e-21
2.708586219468574200e+04 1.417441312051971201e-20 2.544856634012374328e-21
2.709643794658693878e+04 6.826284680547862522e-21 2.509124337934774297e-21
2.710679670884001098e+04 1.282660423351040748e-20 2.636704848554352041e-21
2.711737227193819126e+04 2.347813972170797642e-20 2.417639906629248402e-21
2.712794775040391687e+04 1.359495782061419931e-20 2.490848611739297131e-21
2.713852314419807590e+04 1.303256169075392778e-20 2.432805007679301649e-21
2.714909845326566574e+04 9.077634334633228006e-21 2.610826256909908469e-21
2.715967356094518254e+04 9.256443823267416450e-21 2.352122793903278409e-21
2.717024847100606712e+04 1.139738940795541260e-20 2.237221226129322192e-21
2.718082329623394617e+04 1.124825326973866321e-20 2.306152794805071846e-21
2.719139803657753509e+04 1.265551964839548971e-20 2.271192245644600388e-21
2.720197269194640830e+04 1.326445689282531643e-20 2.597047009799396438e-21
2.721254726236751594e+04 1.413682936880395318e-20 2.559268310057442162e-21
2.722312174775006133e+04 1.956195590444859560e-20 2.941058459209668566e-21
2.723369614803967488e+04 1.958823380919766767e-20 2.498734772257974762e-21
2.724427046320452428e+04 8.683333556758710654e-21 2.452634145397770176e-21
2.725484469321275537e+04 1.928080760795850381e-20 2.508734167220293710e-21
2.726541883799502102e+04 9.670458011386671110e-21 2.518116308837620471e-21
2.727599289750492244e+04 1.060536736326503025e-20 2.410396583942628639e-21
2.728656687171727026e+04 1.139227527766580955e-20 2.527016161455999807e-21
2.729714076057837156e+04 1.346009187230866458e-20 2.546081858123123893e-21
2.730771456398868395e+04 1.363071243918970985e-20 2.550968369583764248e-21
2.731828828199089912e+04 1.325449760639422919e-20 2.416561174512643917e-21
2.732886191447825695e+04 1.753432535053184891e-20 2.370796657696230339e-21
2.733943546139638420e+04 1.079608360253956930e-20 2.449652239696718526e-21
2.735000892275782098e+04 7.406297533452043723e-21 2.620131711166427495e-21
2.736058229847060284e+04 1.035193566539581449e-20 2.484364891736826204e-21
2.737115558845816122e+04 1.430486073321367848e-20 2.689679336125108843e-21
2.738172879274731895e+04 7.684760935205386765e-21 2.548717186670731701e-21
2.739230191124676639e+04 9.232817570320618275e-21 2.399634213101021858e-21
2.740287494390128268e+04 1.738010894454493085e-20 2.636033173665707906e-21
2.741344789070136176e+04 1.346956983825034834e-20 2.870813331769195884e-21
2.742402075156213323e+04 1.455197525958347848e-20 2.835805590559910062e-21
2.743459352645129184e+04 1.401656733694703881e-20 2.590240524012254646e-21
2.744516621533655052e+04 1.313361112400466570e-20 2.565657822819552450e-21
2.745573881811047249e+04 7.381357483759394751e-21 2.487800281829803825e-21
2.746631133482325822e+04 1.058670844826814116e-20 2.465608751069255846e-21
2.747688376537452496e+04 1.111391343943674985e-20 2.361388710996137287e-21
2.748745610965757442e+04 1.511165217958863132e-20 2.689358853898917881e-21
2.749802836775166361e+04 9.408788445183501123e-21 2.841406097982288021e-21
2.750860053951972441e+04 1.216274742959225478e-20 2.510296707680306770e-21
2.751917262490659050e+04 7.109493495688835313e-21 2.551857183084598133e-21
2.752974462393196518e+04 1.238600247535046842e-20 2.448103663215074383e-21
2.754031653646612176e+04 1.960351842578272151e-20 2.568830762448849461e-21
2.755088836255831848e+04 6.988699512559711640e-21 2.677631770592162650e-21
2.756146010210148597e+04 2.263415141262968907e-20 2.483445383760738352e-21
2.757203175500988073e+04 2.507630352786312729e-21 2.460203908278990845e-21
2.758260332133363045e+04 1.072882780918737628e-20 2.523339466932404474e-21
2.759317480091969628e+04 9.884216628568637299e-21 2.702923868130298559e-21
2.760374619381037337e+04 1.402436880890408445e-20 2.371265694559066910e-21
2.761431749992795085e+04 1.000269068592416556e-20 2.673354574177283680e-21
2.762488871917156575e+04 4.131461081560125898e-21 2.603741625283004493e-21
2.763545985159149495e+04 7.404986464715110507e-21 2.364986666642482523e-21
2.764603089703402293e+04 9.808692564089613170e-21 2.747506494824371376e-21
2.765660185554936470e+04 1.529320092073680095e-20 2.554168544473645823e-21
2.766717272704418065e+04 2.314716690464937227e-20 2.802407900321604765e-21
2.767774351141772422e+04 1.276615222539165261e-20 2.558728377173300117e-21
2.768831420873503521e+04 1.175664532198547961e-20 2.681791590638607647e-21
2.769888481883465647e+04 1.284400252962431215e-20 2.665199789440756084e-21
2.770945534175937064e+04 1.984126755453885408e-20 2.582578344803788732e-21
2.772002577743786605e+04 1.620946735263656539e-20 2.759846071699921586e-21
2.773059612574697894e+04 1.397977932292229318e-20 2.810909628452850495e-21
2.774116638674383285e+04 1.412297587151656106e-20 2.880955197047240971e-21
2.775173656029715494e+04 1.138477306151403990e-20 2.676982481100613563e-21
2.776230664644946228e+04 1.549481517779485649e-20 2.555758055446995333e-21
2.777287664503871929e+04 4.486707238381413658e-22 2.511058001464607068e-21
2.778344655613037321e+04 1.594532107805815539e-20 2.826768722399097802e-21
2.779401637961513916e+04 6.966201304902113517e-21 2.644600982923082139e-21
2.780436785410493030e+04 1.089569018382823921e-20 2.675256539982135779e-21
2.781493748220504858e+04 1.549947229829375221e-20 2.945302702590829166e-21
2.782550702259832178e+04 1.474379163588913422e-20 2.805245422558738571e-21
2.783607647525490029e+04 1.855776613245167079e-20 2.800249535854799455e-21
2.784664584000944888e+04 1.717647954974137342e-20 2.636910479921186590e-21
2.785721511692264539e+04 1.794924600689060563e-20 2.721017719561084403e-21
2.786778430584412490e+04 1.233309835459966470e-20 2.716382281635800885e-21
2.787835340682686001e+04 1.010525670397152267e-20 2.548861401966148198e-21
2.788892241972058036e+04 1.310413743110197474e-20 2.597337576601013063e-21
2.789949134457097171e+04 1.221678062137980548e-20 2.886621969469843732e-21
2.791006018126409617e+04 1.341518814053329195e-20 3.196946112917668237e-21
2.792062892977985393e+04 1.765295177692788057e-20 2.776939832213298628e-21
2.793119759006223467e+04 9.071805210610506360e-21 2.670644476627701299e-21
2.794176616204818129e+04 1.684237664831182797e-20 2.662979799079683382e-21
2.795233464574670870e+04 1.629593473552904682e-20 2.850862793876676921e-21
2.796290304099959030e+04 1.245410764412682358e-20 2.923234383946623041e-21
2.797347134788178300e+04 1.426866585026403818e-20 2.743154562447591575e-21
2.798403956624244165e+04 1.377498242424499466e-20 2.906896295444027988e-21
2.799460769610526768e+04 1.593042428518318493e-20 3.165517128471407465e-21
2.800517573736281702e+04 1.755835046720820834e-20 2.910135698332868244e-21
2.801574369002472667e+04 1.129755619256337948e-20 3.166477616239268236e-21
2.802631155398325791e+04 1.369587409284821076e-20 2.738830956722709266e-21
2.803687932926249778e+04 8.001155528742966344e-21 3.052396236971428474e-21
2.804744701571055339e+04 5.002982165562445806e-21 2.518216879005880477e-21
2.805801461331433529e+04 2.644308785662802010e-21 2.461990389304278582e-21
2.806858211424954789e+04 9.441488824869498447e-21 2.512679968526375048e-21
2.807893076111396294e+04 1.260528535822699058e-20 2.641571544323450369e-21
2.808949807196753682e+04 1.485864115352484185e-20 2.593413860486361330e-21
2.810006529385392423e+04 1.360655321392364175e-20 2.875429978083040877e-21
2.811063242662407356e+04 1.326089241919726574e-20 2.339567425323160901e-21
2.812119947032058917e+04 8.430084634379481874e-21 2.565423460633506598e-21
2.813176642480173905e+04 1.339765148184194442e-20 2.748632632918498769e-21
2.814233329009505542e+04 1.249672940526887769e-20 2.770724451167058364e-21
2.815290006610485943e+04 1.647122029464809590e-20 2.983845004107444482e-21
2.816346675281222633e+04 6.653360911538208622e-21 2.841070610716769535e-21
2.817403335013724063e+04 9.615344354181769692e-21 2.810079669177427205e-21
2.818459985805266842e+04 1.157354719495399516e-20 2.881503412596894812e-21
2.819516627649416841e+04 1.270061852783859169e-20 2.904949488338207951e-21
2.820573260541937270e+04 1.400065663316221261e-20 2.794982771458278802e-21
2.821629884478630993e+04 1.490588669292273590e-20 2.941404175591898871e-21
2.822686499452243879e+04 1.300550473161514696e-20 2.694564012735042445e-21
2.823743105461586310e+04 1.280408717676926503e-20 2.860308790718225679e-21
2.824799702496357713e+04 9.950367848854051809e-21 2.828463609766611947e-21
2.825856290559217450e+04 1.114787991235484632e-20 2.753302345852395161e-21
2.826912869635203970e+04 1.040530119400377354e-20 2.860499503371366727e-21
2.827969439727795907e+04 1.092379524653242029e-20 2.703622197532545215e-21
2.829026000828877295e+04 1.572567518858684580e-20 2.759760891382708480e-21
2.830082552933505576e+04 1.836616566180728164e-20 2.768275283560860294e-21
2.831139096035873808e+04 1.014861115216181256e-20 2.928903157491178871e-21
2.832195630130987411e+04 9.552335312575528768e-21 2.685153137254401327e-21
2.833252155216941901e+04 1.103701267099915358e-20 2.947800018882498390e-21
2.834308671281742136e+04 1.144523278034387255e-20 2.915388521084439148e-21
2.835365178330439812e+04 9.168668754242247479e-21 2.804707808742918345e-21
2.836421676349512927e+04 1.402168058338676831e-20 2.709033509474761776e-21
2.837478165337798782e+04 5.990275785692022272e-21 2.669893958571812094e-21
2.838534645290300978e+04 7.430088777958190221e-21 2.666561653323136963e-21
2.839591116198076634e+04 1.697610673831193298e-20 2.641145038894515486e-21
2.840647578063866240e+04 1.703185959764472991e-20 2.767094080920439788e-21
2.841704030873347801e+04 1.927631342992145724e-20 2.661503405226443663e-21
2.842760474629201053e+04 1.341126448793519100e-20 2.760239567830861966e-21
2.843816909322555512e+04 7.821183684443279259e-21 2.888633400802883927e-21
2.844873334949080163e+04 1.347577787116050926e-20 2.769879515045128960e-21
2.845929751503009174e+04 1.577984134419616407e-20 2.887742832787361143e-21
2.846986158979270476e+04 1.537952258283910174e-20 2.960892374941915873e-21
2.848042557375114484e+04 4.474498541997579634e-21 2.897396081729221950e-21
2.849098946683977556e+04 1.096476511492265991e-20 2.704912360203383960e-21
2.850155326900744694e+04 1.083782844147615807e-20 2.970163977558183424e-21
2.851211698020393305e+04 1.179012529053998710e-20 2.825124721821094554e-21
2.852268060035521194e+04 1.221302395370214998e-20 2.839896374652883953e-21
2.853324412946456869e+04 1.049870360687509060e-20 2.630513725174955801e-21
2.854380756743516031e+04 1.267625486416077653e-20 2.496972934767532721e-21
2.855437091423130914e+04 5.748450644138196055e-21 2.687196057611807718e-21
2.856493416981019618e+04 1.472570325535485413e-20 2.811867976717484943e-21
2.857549733409778855e+04 8.440876883686916143e-21 2.646785083607541215e-21
2.858606040705827400e+04 1.045920523395170427e-20 2.767525471715123129e-21
2.859662338866451319e+04 1.238464266981335387e-20 2.388639165252311515e-21
2.860718627881872089e+04 6.856078455055967426e-21 2.534552675669920625e-21
2.861774907750872444e+04 8.096190906060493593e-21 2.632076959421600217e-21
2.862831178466048004e+04 1.716321267910001996e-20 2.617800117740194101e-21
2.863887440023017189e+04 9.999014906070401028e-21 2.787735165502398194e-21
2.864943692416719932e+04 1.785066222502038702e-20 2.730380121926311673e-21
2.865999935641251432e+04 1.156313615877743599e-20 2.814081986981190071e-21
2.867056169692251933e+04 1.515812812658045818e-20 3.087111450844572169e-21
2.868112394566201328e+04 1.499874207810317241e-20 2.985479526307377563e-21
2.869168610254820669e+04 1.197723935937834104e-20 2.884718301229111802e-21
2.870224816755332722e+04 1.225787528326520773e-20 3.011925681392573081e-21
2.871259011379617368e+04 4.801010721613939134e-21 2.629383191843892362e-21
2.872315196692504105e+04 1.903698443411511111e-21 2.572216537195441713e-21
2.873371373572554876e+04 7.136158832363311503e-21 2.780661619866834100e-21
2.874427541251180082e+04 1.345222474765535710e-20 3.010980761052336930e-21
2.875483699714252725e+04 1.957092808342494765e-20 2.895016480027874084e-21
2.876539848958165385e+04 1.237414448003467275e-20 2.885945192136202571e-21
2.877595988976249646e+04 9.072103873165227512e-21 2.736463646550756891e-21
2.878652119764838426e+04 1.225642274561157527e-20 3.020649068300032005e-21
2.879708241316544081e+04 -1.277688492769363860e-21 2.880312256464993570e-21
2.880764353628435856e+04 6.982765744296563909e-21 2.874871743286742570e-21
2.881820456694632594e+04 1.095961086177136336e-20 2.770700558709344406e-21
2.882876550509961453e+04 1.264772514857032467e-20 2.563972804315054355e-21
2.883932635069230673e+04 9.899842142392296487e-21 2.713031510536758597e-21
2.884988710368055035e+04 1.245724611233589599e-20 2.795691475599488021e-21
2.886044776399704642e+04 1.327756686748885018e-20 2.808322106656266220e-21
2.887100833158996102e+04 1.089944015930741243e-20 3.026977330050033626e-21
2.888156880642308897e+04 1.824932322369614592e-20 3.013857025981449316e-21
2.889212918844417072e+04 7.665539069463247883e-21 2.874916814031317975e-21
2.890268947758616923e+04 9.886685322465044652e-21 2.791531710657562889e-21
2.891324967379716327e+04 1.292407623844027105e-20 2.821556461469617970e-21
2.892380977704018369e+04 9.175405831362992263e-21 2.889618387547672859e-21
2.893436978725593508e+04 2.174780060739160260e-20 2.810795704940036894e-21
2.894492970438458724e+04 1.182848045078119645e-20 2.669486588358517535e-21
2.895548952830581038e+04 6.173424217777238691e-21 2.601596484386681628e-21
2.896604925137655300e+04 9.164957413738988736e-21 2.709655014844498719e-21
2.897638835782552269e+04 9.712145220722435248e-21 2.610500756017408075e-21
2.898694788190632971e+04 8.434900745008552516e-21 2.447304283323317699e-21
2.899750731265290960e+04 1.309927786187705209e-20 2.591262961973109865e-21
2.900806665001250440e+04 1.053137220485566796e-20 2.467649314066362923e-21
2.901862589391718575e+04 6.840756819888140702e-21 2.631863735854388455e-21
2.902918504433059934e+04 8.330359342864263647e-21 2.622259077385249644e-21
2.903974410119199456e+04 1.048061573232489160e-20 2.786089897477364157e-21
2.905030306444152302e+04 9.647881535161184025e-21 2.549339781735413826e-21
2.906086193402669232e+04 7.226546423431878597e-21 2.336682989070021379e-21
2.907142070991042783e+04 1.025627221156920875e-20 2.503103497051054310e-21
2.908197939204071372e+04 1.902172321932655918e-20 2.582368713337448033e-21
2.909253798035688305e+04 1.587592010238116774e-20 2.950304186008976522e-21
2.910309647479831256e+04 1.350619072254448457e-20 2.817095982063920605e-21
2.911365487531274266e+04 1.008037655660252509e-20 2.592960601731460347e-21
2.912421318186300050e+04 1.290073018489504963e-20 2.644533712061278481e-21
2.913477139438858649e+04 1.284610106267194092e-20 2.710774507225409860e-21
2.914532951283703369e+04 1.334131110162330966e-20 2.559780345997148725e-21
2.915588753714716586e+04 7.933829494564248398e-21 2.552252618048295325e-21
2.916644546729033755e+04 1.266956978383330211e-20 2.681391008821846726e-21
2.917700330319004206e+04 8.425334802325851540e-21 2.864858141484207057e-21
2.918756104480082649e+04 6.812410305439351673e-21 2.503297131498245225e-21
2.919811869206235860e+04 1.420366539081665187e-20 2.558928137158031484e-21
2.920867624492956384e+04 8.244873080157039763e-21 2.577925759055295215e-21
2.921923370337291635e+04 8.025375700386740069e-21 2.706632398281359752e-21
2.922979106728435363e+04 1.055657927056385791e-20 2.344892496585679915e-21
2.924034833665023325e+04 1.037080999218585569e-20 2.369520744184224811e-21
2.925090551140949901e+04 4.810410600137821627e-21 2.706138105197641242e-21
2.926146259151728373e+04 1.197509788821586743e-20 2.798943433277255323e-21
2.927201957692009819e+04 1.413077971975608797e-20 2.854699896199279747e-21
2.928257646754106099e+04 5.503488360351510374e-21 2.643766948478317565e-21
2.929313326334305384e+04 3.038095702787159895e-21 2.659922850105513565e-21
2.930368996426445301e+04 2.048225734297663968e-21 2.603441190710051352e-21
2.931424657027611829e+04 6.731655321703780311e-21 2.669993024211626761e-21
2.932480308130896810e+04 7.784071984598619850e-21 2.761433088507374792e-21
2.933535949729320055e+04 1.574601669769309182e-20 2.729359501500306879e-21
2.934591581819975909e+04 9.827568605697390092e-21 2.665060465845953491e-21
2.935647204396728193e+04 9.155779737886770249e-21 2.502127285982890074e-21
2.936702817454182150e+04 8.046233612018037222e-21 2.726027351661414836e-21
2.937758420987835416e+04 7.251741932427847076e-21 2.651087436279743259e-21
2.938814014989930365e+04 1.189260333021681271e-20 2.740242669783203395e-21
2.939869599458270022e+04 1.453336814396489494e-20 2.783613702595224772e-21
2.940925174384342972e+04 1.166009991825977943e-20 2.699176054046041493e-21
2.941980739765163526e+04 9.152767325007171283e-21 2.765212017205847892e-21
2.943036295593746399e+04 1.240534509147941902e-20 2.605308032935834963e-21
2.944091841867152107e+04 7.578396014697962088e-21 2.788321415950536960e-21
2.945147378577590644e+04 1.436960403426965267e-20 2.522131670695827707e-21
2.946202905720468698e+04 5.258644076975752978e-21 2.637419718318144811e-21
2.947258423288838094e+04 1.165041469925605996e-20 2.936085861268596065e-21
2.948313931280484030e+04 1.425278379076949833e-20 2.556735044913392439e-21
2.949369429687668162e+04 1.083256266660616159e-20 2.666560530182808717e-21
2.950424918684323711e+04 1.668669368436024044e-20 3.072595012208920114e-21
2.951480409942565893e+04 1.081520974458446627e-20 2.708484851159259739e-21
2.952535891602185438e+04 5.126648227100616724e-21 2.525236981861522868e-21
2.953591363653791996e+04 1.382261384074391767e-20 2.546218007294446932e-21
2.954646826095951474e+04 1.212442287474655846e-20 2.920454728127312898e-21
2.955702278920745812e+04 1.013331058760862893e-20 2.823084214486813370e-21
2.956735549510874262e+04 1.361077569947332482e-20 2.809877401681459189e-21
2.957790981044050932e+04 1.232694591278408524e-20 2.580949706251064633e-21
2.958846402953551660e+04 1.061313004406858717e-20 2.731223179246766146e-21
2.959901815224718302e+04 1.105805129492020668e-20 2.459222198069012203e-21
2.960957217852102985e+04 8.823625442988376372e-21 2.691068624328606261e-21
2.962012610830261474e+04 8.567167384258305765e-21 2.778162389093579272e-21
2.963067994153779728e+04 9.569900052173500564e-21 2.510564175192213981e-21
2.964123367816430618e+04 8.682218453368050621e-21 2.704727137752179405e-21
2.965178731815096398e+04 1.411579453814121994e-20 2.583860181824683229e-21
2.966234086142026717e+04 2.371385219193177409e-22 2.576318476846506482e-21
2.967289430792502753e+04 9.640064259422240461e-21 2.586544781496066779e-21
2.968344765760298833e+04 1.381999493290105932e-20 2.668354385265465529e-21
2.969400091041539054e+04 8.740766152826155234e-21 2.640225172676962280e-21
2.970455406629192657e+04 1.071850147881459272e-20 2.679149035866284095e-21
2.971510712519352819e+04 1.362623733434504893e-20 2.446184737195436342e-21
2.972566008706561115e+04 8.299071904144077805e-21 2.596216733434434456e-21
2.973621295182200993e+04 3.972903562591884722e-21 2.316844013394605309e-21
2.974676571944686657e+04 4.870809677306865757e-21 2.470180150790138821e-21
2.975731838986257935e+04 9.890249010334041727e-21 2.734123480378075081e-21
2.976787096303727594e+04 1.165569788104808289e-20 2.735728506155405094e-21
2.977842343888465257e+04 1.120020543510407406e-20 2.707506987210010040e-21
2.978897581735782660e+04 5.850169276120882690e-21 2.740925481635777302e-21
2.979952809832313142e+04 8.793482402771067189e-21 2.413000179400559389e-21
2.980985808755872495e+04 9.300007630862786931e-21 2.390316356663446402e-21
2.982041015323361353e+04 2.494080090368997475e-22 2.376363504733938112e-21
2.983096212132005530e+04 1.026112187004676844e-20 2.614966943978583553e-21
2.984151399174623657e+04 9.871060222089776366e-21 2.483232327655088644e-21
2.985206576448179840e+04 5.948952105445528978e-21 2.701261984441647719e-21
2.986261743946349816e+04 4.415538988769116588e-21 2.471725246736494307e-21
2.987316901664380202e+04 6.973657649017083348e-21 2.339762598177795073e-21
2.988372049594347845e+04 1.281460272165643556e-20 2.453816978415866952e-21
2.989427187733982646e+04 8.852851441462146141e-21 2.592512001345322763e-21
2.990482316074460323e+04 1.388877010851341563e-20 2.612472122463147613e-21
2.991537434611902063e+04 1.062729575590230093e-20 2.457555821174099201e-21
2.992592543341590499e+04 8.393112136899306774e-21 2.363077011308617785e-21
2.993647642257951520e+04 9.543858990570412708e-21 2.506437686680266823e-21
2.994702731353014315e+04 1.128178423657425939e-20 2.517228577980359820e-21
2.995757810623686601e+04 9.365808759973962211e-21 2.495244877923184042e-21
2.996812880062757904e+04 1.286372542490663517e-20 2.362226808673471914e-21
2.997867939665493395e+04 1.320176478713640640e-20 2.543461053521823430e-21
2.998922989427165521e+04 1.089008461599621947e-20 2.673619826786506900e-21
2.999978029340560533e+04 1.447738285265445406e-20 2.588156644424969223e-21
3.001033059401733044e+04 1.379188538990875094e-20 2.278902435272053389e-21
3.002088079603505685e+04 1.518130963599590836e-20 2.450631901788799311e-21
3.003143089941107974e+04 1.016819155799236010e-20 2.661149113581642795e-21
3.004198090410569785e+04 3.808296492208796456e-21 2.391918707056564469e-21
3.005253081003078114e+04 6.887707278245594902e-21 2.641804158051687727e-21
3.006308061714671931e+04 1.789919305106622379e-21 2.692393640140708138e-21
3.007363032539724009e+04 1.118958511418190454e-20 2.498095241514945969e-21
3.008417993472682792e+04 9.745717625008822917e-21 2.633677654582124645e-21
3.009472944507950160e+04 7.825685406812896164e-21 2.522383591633102477e-21
3.010527885639878514e+04 1.736451179918324476e-20 2.935700630604361802e-21
3.011582816862904292e+04 1.532815360502894083e-20 2.492456162606164562e-21
3.012637738171422097e+04 7.571779381448667260e-21 2.506414718790043467e-21
3.013692649559785059e+04 1.406375378359012701e-20 2.715213959066213818e-21
3.014747551022396510e+04 7.699087780966352423e-21 2.631672623557197865e-21
3.015802442552826687e+04 1.188170395976782445e-20 2.569122699470268314e-21
3.016857324147071267e+04 1.172645004831073184e-20 2.461811124813873163e-21
3.017912195797861932e+04 1.184669578117216862e-20 2.594007080409184933e-21
3.018967057501231466e+04 4.770602460210805600e-21 2.485624963418686508e-21
3.020021909250708268e+04 1.377045094174111077e-20 2.414224101148623628e-21
3.021076751040637100e+04 8.648704379299014578e-21 2.276768687333672293e-21
3.022131582865404198e+04 1.185906664932396819e-20 2.353020804696127861e-21
3.023186404719363782e+04 6.880907335280648082e-21 2.262704197919316362e-21
3.024241216596000231e+04 9.945594974464190877e-21 2.246817957549733160e-21
3.025296018490524148e+04 6.071022396841645030e-21 2.172836571517163680e-21
3.026350810397279201e+04 1.380637030855613961e-20 2.560865490378711914e-21
3.027405592311392684e+04 1.225051089750884125e-20 2.350320065289968915e-21
3.028460364224750811e+04 1.261120552666455735e-20 2.513416889006037816e-21
3.029515126134168895e+04 8.846175990323781926e-21 2.444673415173156229e-21
3.030569878033949863e+04 6.752454864269386680e-21 2.332746328415574319e-21
3.031624619917595192e+04 7.293125923421417031e-21 2.569636120613737391e-21
3.032679351776966723e+04 1.274967613702763673e-20 2.465986108162751539e-21
3.033734073611330314e+04 1.139590071000837343e-20 2.628403023910692045e-21
3.034788785411664139e+04 5.847155708048468144e-21 2.566817280821955885e-21
3.035843487172981258e+04 2.540167672571824350e-21 2.629802175888104531e-21
3.036875846021202233e+04 1.628603968547532656e-21 2.422529925428879723e-21
3.037930525625252994e+04 1.081311392515167967e-20 2.526392060702986676e-21
3.038985195184090844e+04 1.300771594644367183e-20 2.356762259805930354e-21
3.040039854681042561e+04 1.190140501645007431e-20 2.638747969631322980e-21
3.041094504109572881e+04 1.017960294445945827e-20 2.419736485236098586e-21
3.042149143465559973e+04 7.312502794778632755e-21 2.289530471300253642e-21
3.043203772742511865e+04 5.674446701015109687e-21 2.474482520359085871e-21
3.044258391934689280e+04 1.045964799134786675e-20 2.356652049413337025e-21
3.045313001035551861e+04 1.051385848528389563e-20 2.293715161266349617e-21
3.046367600040979960e+04 8.258729943881437569e-21 2.334878270815685750e-21
3.047422188943663423e+04 2.885845012267683200e-21 2.480840932843436745e-21
3.048476767739446586e+04 1.062173838215000651e-20 2.508264230802970405e-21
3.049531336421769811e+04 1.737494007075225477e-20 2.737583377326271896e-21
3.050585894983309845e+04 1.005436992902051198e-20 2.525071364162380139e-21
3.051640443421532109e+04 8.044535495615478968e-21 2.628381447277893949e-21
3.052694981729054780e+04 1.245929791001851665e-20 2.408011165782082263e-21
3.053749509898511678e+04 1.537982452398200627e-20 2.317843432175779896e-21
3.054804027925788614e+04 7.137568845635684132e-21 2.518697209567640487e-21
3.055858535807497537e+04 9.386655182943526068e-21 2.566705427916789150e-21
3.056913033532269037e+04 1.481590232280846831e-20 2.316046232115513825e-21
3.057967521100768499e+04 2.493001317582477410e-21 2.327242212279819722e-21
3.059021998493856881e+04 6.499641582638506010e-21 2.468517627725744545e-21
3.060054087666609485e+04 8.999884767216979651e-21 2.492307708035591456e-21
3.061108542663593835e+04 5.762475372662116263e-21 2.778155242918695714e-21
3.062162987476894341e+04 1.132351573560184667e-20 2.331474586348638098e-21
3.063217422103216813e+04 1.923488852193403787e-20 2.539932377290110235e-21
3.064271846535071018e+04 1.842882092807134560e-20 2.698954332933907553e-21
3.065326260764186736e+04 1.378901155044283427e-20 2.585935129881542609e-21
3.066380664789777074e+04 1.850012349855029303e-20 2.413876432761333824e-21
3.067435058600988486e+04 1.183096049218956551e-20 2.276059211533406274e-21
3.068489442196210803e+04 9.706071683829087779e-21 2.427456968862716057e-21
3.069543815567134152e+04 1.676516469246069416e-20 2.707885662159640312e-21
3.070598178710445063e+04 1.045729377646835984e-20 2.774335858861258973e-21
3.071652531615268163e+04 6.175385850119269889e-21 2.707257231949269415e-21
3.072706874282517310e+04 2.021123174616820750e-20 2.659751101132525909e-21
3.073761206702174968e+04 1.493501286541114366e-20 2.706947268089302936e-21
3.074815528867539251e+04 5.863364062742694852e-21 2.655626165718587555e-21
3.075869840776143246e+04 1.381712366008698178e-20 2.644243633179858434e-21
3.076924142419643249e+04 1.812342607103425865e-21 2.678041542089791139e-21
3.077978433793031218e+04 7.335306877314070713e-21 2.561046515377764398e-21
3.079032714891265641e+04 1.023912510093875670e-20 2.316884121814623591e-21
3.080086985706010091e+04 8.987334388587409027e-21 2.541405197672290389e-21
3.081141246234771825e+04 8.734915173754730039e-21 2.512213855348350505e-21
3.082195496469146383e+04 1.240250700055562958e-20 2.842011609559849796e-21
3.083249736403272982e+04 1.303174454165083610e-20 2.541033292750357048e-21
3.084303966033829784e+04 9.169628278697850639e-21 2.496391919300164798e-21
3.085358185352418150e+04 1.160910764677751550e-20 2.624753504654218340e-21
3.086412394353124182e+04 6.563668186263472924e-21 2.460631564385539238e-21
3.087466593031790399e+04 1.658571922266605415e-20 2.573898711603215253e-21
3.088520781380850531e+04 1.974401938245863216e-20 2.576180268191188086e-21
3.089574959396091799e+04 5.780741753110062989e-21 2.440347302724210730e-21
3.090629127071611583e+04 1.127424050298129906e-20 2.393527736723936203e-21
3.091683284398161049e+04 1.315843351466218906e-20 2.520742399593639148e-21
3.092737431374069274e+04 1.418704436238297230e-20 2.688081234405191618e-21
3.093791567990871044e+04 8.899476713327640581e-21 2.413106431779652639e-21
3.094845694244363767e+04 7.211409934764879727e-21 2.234449377935201565e-21
3.095899810127805176e+04 2.942861858379561149e-21 2.252302441485103587e-21
3.096953915634437362e+04 1.031286585552744990e-20 2.334447774204552010e-21
3.098008010759147146e+04 9.561630942505620416e-21 2.275669469123856297e-21
3.099062095496050460e+04 9.657447272914978249e-21 2.546522886553377373e-21
3.100116169840073053e+04 8.472545690971864013e-21 2.730133036374630934e-21
3.101170233783578078e+04 8.058058369894058755e-21 2.705042124520692930e-21
3.102224287321462543e+04 8.905916136028338060e-21 2.832866632351969095e-21
3.103278330447818371e+04 2.962940097085661582e-21 2.527138209718279448e-21
3.104332363157550935e+04 1.069231489016377083e-20 2.661544527045699902e-21
3.105386385442150277e+04 1.540489524113511106e-20 2.477616439639916348e-21
3.106440397298214884e+04 1.490654032148883224e-20 3.021902574254660656e-21
3.107494398718114826e+04 1.391864978878361259e-20 2.789986265074119204e-21
3.108548389698438405e+04 6.963346242477528474e-21 2.461409548256145911e-21
3.109602370229798908e+04 1.956316107044273345e-20 2.996041712126038471e-21
3.110656340309651569e+04 1.080383614944364568e-20 2.897623797666316897e-21
3.111710299928514723e+04 -3.174110096887775150e-22 2.429705733194995945e-21
3.112741762764356827e+04 9.017833467325235933e-21 2.522192851750904326e-21
3.113795699366541157e+04 1.392738526880195766e-20 2.929736762398132167e-21
3.114849625503319476e+04 2.227066533995219780e-20 2.924187522711267301e-21
3.115903541156804931e+04 1.461779699295914326e-20 2.725490629731175759e-21
3.116957446320971212e+04 7.791053472995303911e-21 2.805424303575540804e-21
3.118011340989001474e+04 7.033887158909664945e-21 2.693954919695471824e-21
3.119065225157364694e+04 7.850387623645960109e-21 2.669458564146979616e-21
3.120119098816763653e+04 7.599424375357006518e-21 2.641825920692916494e-21
3.121172961961192414e+04 1.557066116572091073e-20 2.710753869573306542e-21
3.122226814588785419e+04 6.567002584446421048e-21 2.406187568565796859e-21
3.123280656691057447e+04 1.563365556172481764e-21 2.664987543124887673e-21
3.124334488260330181e+04 1.257834970753435392e-20 2.954415435201409469e-21
3.125388309293076600e+04 1.747211489761920917e-20 2.900307285257430028e-21
3.126442119784083843e+04 7.300770506414741397e-21 2.523582529897917938e-21
3.127495919723191400e+04 1.760581597556760425e-20 2.636637329481338534e-21
3.128549709107672606e+04 1.863766322020242607e-20 2.540961323959116302e-21
3.129603487930680058e+04 1.008570414488870491e-20 2.447893027710828801e-21
3.130657256186149971e+04 1.067530263330214431e-20 2.682344887834141216e-21
3.131711013867226575e+04 1.321932910852603488e-20 2.415580086382961599e-21
3.132764760969533017e+04 5.178911009885187186e-21 2.587996187004700209e-21
3.133818497476683478e+04 8.294558431865023598e-21 2.553874720788564338e-21
3.134849693576275604e+04 7.014348850170272143e-21 2.439363604152178790e-21
3.135903406828996958e+04 8.039005215579674278e-21 2.514590059621849409e-21
3.136957109476787809e+04 3.563814196121438647e-21 2.475644387664599198e-21
3.138010801515300773e+04 1.206381637215743642e-20 2.429567906031004174e-21
3.139064482936722561e+04 1.085453589173947430e-20 2.588388261333137562e-21
3.140118153735845044e+04 -1.872024376998447773e-21 2.381056403439762442e-21
3.141171813907465912e+04 7.785521405508204535e-21 2.336006290612617652e-21
3.142225463443781700e+04 3.645405822470410809e-21 2.474505338745956808e-21
3.143279102339540623e+04 9.641165839490465967e-21 2.443578348160163876e-21
3.144332730590385108e+04 6.206217265033189854e-21 2.343314793240055122e-21
3.145386348185065071e+04 9.000201029783277588e-21 2.596784363171318277e-21
3.146439955123511390e+04 1.159259465116910094e-20 2.472111508121669479e-21
3.147493551397017654e+04 1.007399280133465226e-20 2.396001438673377805e-21
3.148547136997755297e+04 8.674380284489627550e-21 2.306714933255736789e-21
3.149600711922217670e+04 1.316567608812530755e-20 2.602944626244936593e-21
3.150654276163427858e+04 1.340648114995317725e-20 3.233984395034443896e-21
