1.699605401461699876e+04 1.705603680788363623e-20 5.719330360145510491e-21
1.700675264720112318e+04 2.543358248287260336e-21 4.003805871400919614e-21
1.701745129277210435e+04 3.961228759738677991e-21 4.160972767877130385e-21
1.702814995127069051e+04 -1.004946279944720028e-20 3.833790375531230126e-21
1.703884862263373725e+04 6.224914460610782451e-21 4.247589605990849972e-21
1.704954730680281136e+04 2.928980562786770952e-21 4.062004141609278605e-21
1.706024600371682027e+04 3.784355861960684190e-21 4.176919822978232061e-21
1.707094471331585737e+04 1.804462198255121371e-21 4.254366201877305811e-21
1.708164343561360874e+04 -8.067336573347373316e-22 3.953735878863455589e-21
1.709234217746818103e+04 1.370660809771921313e-20 3.898699647431680645e-21
1.710325777537607428e+04 1.350833551501834344e-20 3.991922046757848357e-21
1.711395655369694214e+04 -3.104346509342832228e-22 3.477385207689907369e-21
1.712465534439591647e+04 1.230046098794170591e-20 3.867331137423366865e-21
1.713535414741334171e+04 8.150907852751212216e-21 4.067270664534823987e-21
1.714605296268708480e+04 -4.067076109557276820e-21 3.853942127755137034e-21
1.715675179015842514e+04 7.706404187627490520e-21 4.279083369387226562e-21
1.716745062976631743e+04 2.466661876385616555e-21 3.886123554946015817e-21
1.717814948145270682e+04 2.908256556932026372e-21 3.835420986618284539e-21
1.718884834515503098e+04 1.033109039856691941e-20 3.534845659384771334e-21
1.719954722081447835e+04 4.422729626119426799e-21 3.932603847409737122e-21
1.721024610837201908e+04 -4.403134497886098045e-22 3.786479231322777962e-21
1.722094500776670611e+04 -3.503085333683029086e-21 3.780683628385371472e-21
1.723164391893842912e+04 2.020986329673305031e-21 3.714832441546615223e-21
1.724234284182714691e+04 -3.048620762063085854e-21 3.764112567440982386e-21
1.725304177637440444e+04 5.690206782285147686e-21 3.988991372595294575e-21
1.726374072251985490e+04 5.315836107166467602e-21 3.844866544243570660e-21
1.727443968020503962e+04 9.146486989691297602e-21 4.118336420418956323e-21
1.728513864936796745e+04 7.767062296689256471e-21 3.860701449786950320e-21
1.729583762995089637e+04 1.491460437997295587e-21 4.047829306423519561e-21
1.730653662189299939e+04 5.800749187320715351e-21 3.983552236256895582e-21
1.731723562513732031e+04 1.150040237610825495e-21 3.853229672827448137e-21
1.732793463962077294e+04 1.778418813027462866e-21 3.540433882655294398e-21
1.733863366528748884e+04 2.953359738207392001e-21 3.718130199040636057e-21
1.734933270207498936e+04 5.533154273974189344e-21 3.765661922411568066e-21
1.736003174992485219e+04 3.229525745810400630e-21 3.990417334578549179e-21
1.737073080877871325e+04 6.812868395090763535e-21 3.786605218086595039e-21
1.738142987857740445e+04 1.311479417607578855e-21 3.613536376561338479e-21
1.739212895926218698e+04 4.315524484006392999e-21 3.560516497574495552e-21
1.740282805077325975e+04 -5.884245509158429438e-21 3.530066916581743710e-21
1.741352715304918820e+04 3.788883233900451675e-21 3.800379831954737416e-21
1.742422626603455501e+04 1.353443793747737673e-20 3.889101819855792497e-21
1.743492538966853681e+04 5.232997281710873364e-21 3.394068918968144687e-21
1.744562452389332611e+04 2.238857281271848990e-21 3.602952081987400304e-21
1.745632366864872165e+04 8.980202656255832464e-21 3.687432126086663555e-21
1.746702282387525702e+04 8.217584235225302862e-21 3.572872952678090644e-21
1.747772198951676546e+04 5.859471726296187160e-21 3.348356883403645162e-21
1.748842116551014260e+04 8.885956050527896119e-21 3.706448008084898277e-21
1.749912035180172097e+04 4.123894019778811629e-21 3.789258520334577998e-21
1.750981954833029158e+04 1.519034835247313495e-20 3.781328659720729185e-21
1.752051875503558404e+04 7.907784596859618767e-21 3.752521391358541464e-21
1.753121797186158074e+04 5.363733448522248042e-21 3.509649590849449667e-21
1.754191719874806950e+04 9.433805730899740898e-21 3.739833002110399965e-21
1.755261643563930556e+04 3.574061363948616283e-21 3.684067231735563283e-21
1.756331568247362520e+04 6.028542605850344898e-21 3.666483799939211081e-21
1.757401493919364293e+04 -1.550608028332360805e-21 3.073722454729568389e-21
1.758471420573954310e+04 -1.685656509299249261e-21 3.403460866701820061e-21
1.759541348205395843e+04 -3.873299000555590265e-22 3.309834927518300597e-21
1.760611276808113325e+04 4.766179269731551199e-22 3.371533383664042850e-21
1.761681206376024056e+04 6.232819712676608105e-21 3.165173990736004393e-21
1.762751136903233419e+04 5.938347426921300921e-21 3.338704774757478402e-21
1.763821068383997772e+04 2.508195706905158793e-21 3.127497383068574825e-21
1.764891000812689526e+04 7.167829148319100161e-21 3.098696218947227825e-21
1.765960934183283098e+04 1.006650601540424647e-20 3.412044390566629767e-21
1.767030868490395369e+04 1.293376467970942547e-20 3.459626854463945418e-21
1.768122584879542410e+04 -9.480469310936730350e-22 3.443404618558186519e-21
1.769192522879734315e+04 9.749500001430918325e-21 3.201150247519001704e-21
1.770262461791619353e+04 4.363496880341490278e-21 3.127773185460585097e-21
1.771332401615839262e+04 -4.308081387246857931e-21 3.291801982525505998e-21
1.772402342346903606e+04 5.380718922442749981e-22 3.359277628103925970e-21
1.773472283978840278e+04 8.539476160297311234e-21 2.761901056759238675e-21
1.774542226514023059e+04 7.025518332919626136e-21 2.988457770626600488e-21
1.775612170770801094e+04 5.063146152213186511e-22 2.929785619501591044e-21
1.776682119407933715e+04 5.707329824083453215e-21 3.328036471505479275e-21
1.777752068959097960e+04 9.362070577531062457e-21 3.294078111805031840e-21
1.778822019382231883e+04 9.812567765563708133e-21 3.239987238677911375e-21
1.779891970671692252e+04 2.766277586118425691e-21 3.098885696259023967e-21
1.780961922821683038e+04 1.081407490472198937e-21 3.242505023283239938e-21
1.782031875826631949e+04 1.419685533333417749e-21 3.027615947898538418e-21
1.783101829680728406e+04 1.099040093318109799e-20 2.880095774617153704e-21
1.784171784377856602e+04 2.588465172107510871e-21 3.150656810050388654e-21
1.785241739912828416e+04 5.069474347050283212e-21 3.026601534679856720e-21
1.786311696279700118e+04 7.476300220905443152e-21 3.010443633231842599e-21
1.787381653472686594e+04 1.715877906037840179e-21 2.903662371337910179e-21
1.788451611486053662e+04 6.336038831301211460e-21 3.111911133621429299e-21
1.789521570313956909e+04 1.474847179240786784e-20 3.032659081914111544e-21
1.790591529951043049e+04 1.359538148525866195e-20 3.133052063553251227e-21
1.791661490391370899e+04 -3.208390436705575419e-21 2.727261498581966866e-21
1.792731451629208823e+04 4.133229709089402977e-21 2.791363712554815184e-21
1.793801413658879392e+04 9.961227157376880774e-21 2.821155714850189865e-21
1.794871376474821591e+04 9.751251204337606619e-21 2.977496545523304074e-21
1.795941340071265222e+04 3.924343882966601373e-21 2.980474561456273879e-21
1.797011304442499386e+04 -2.962150332764087011e-21 2.886025366279401812e-21
1.798081269582856839e+04 3.651913444396614721e-21 2.913473040410894871e-21
1.799151235486447331e+04 4.474026763238810192e-21 2.905222125457831288e-21
1.800221202147905933e+04 1.063806481474960514e-20 3.060020013107903073e-21
1.801291169561488277e+04 -7.920059135682988959e-22 2.684144572237937872e-21
1.802361137721267005e+04 8.583500476499135298e-21 2.792674332846215813e-21
1.803431106628872658e+04 1.184326482297331200e-20 3.181943694932142087e-21
1.804501076952422954e+04 1.161674559383040077e-20 2.800493952786771049e-21
1.805592891708317984e+04 1.052292331977109650e-20 2.715017018680343132e-21
1.806662864612566045e+04 2.606395481198314527e-21 2.576433906488324549e-21
1.807732838234478550e+04 6.165263539719970905e-21 2.930963321392325074e-21
1.808802812568293302e+04 -1.526003511434593748e-21 2.844122266409090555e-21
1.809872787608618091e+04 2.139244136849381374e-21 2.556290250212121591e-21
1.810942763349655434e+04 9.443158607975945404e-21 2.840243512764819766e-21
1.812012739785650410e+04 4.456560867637703971e-21 2.700064283949712243e-21
1.813082716911153693e+04 6.764765350272826070e-21 2.745198302988126787e-21
1.814152694720595173e+04 1.917557178137794136e-21 2.970110904422135878e-21
1.815222673208297783e+04 3.313416351057604615e-21 3.067077639135092154e-21
1.816292652368538984e+04 4.412296981669200447e-21 2.806947475951832381e-21
1.817362632195828337e+04 1.061265866686807613e-20 2.740491333106938402e-21
1.818432612684359265e+04 1.583718916941747931e-21 2.928956785076471646e-21
1.819502593828906174e+04 3.943969965159140642e-21 2.871541524116198349e-21
1.820572575623516605e+04 3.912608850803068746e-21 2.643332776378408767e-21
1.821642558062687021e+04 -7.613159939392911425e-22 2.687572352513132483e-21
1.822712541140842222e+04 1.002888941514999126e-21 2.885823380014431176e-21
1.823782524852541246e+04 2.473460028032659260e-21 2.719114144091779114e-21
1.824852509192128491e+04 -1.186680704016683368e-21 2.591241049193984791e-21
1.825922494153869775e+04 8.614171612568074124e-21 2.929874753192363587e-21
1.826992479732321954e+04 7.575697737901346712e-21 2.818177493276912027e-21
1.828062465921887633e+04 1.780728132822602960e-21 2.873124595673685687e-21
1.829132452717029810e+04 3.777765237151004408e-21 2.797698698602589531e-21
1.830202440112202748e+04 6.794436582474076525e-21 2.832194248540795125e-21
1.831272428101692276e+04 2.978727846808110020e-21 2.659128573545771788e-21
1.832342416680050519e+04 -2.071827491104921934e-21 2.780575429385845285e-21
1.833412405841889995e+04 1.152955454027673532e-20 2.959669661469270593e-21
1.834482395581500532e+04 5.442752267950167836e-21 2.840304183041003182e-21
1.835552385893269457e+04 4.535684416402527925e-21 2.661202876721087356e-21
1.836622376771776544e+04 3.560280401602490625e-21 2.723208709310377381e-21
1.837692368211447319e+04 5.755899542005246313e-22 2.599585902501516124e-21
1.838762360206904850e+04 -1.913494895201916797e-21 2.856514404858009707e-21
1.839832352752292354e+04 -2.744583191465344957e-21 2.598806896177615652e-21
1.840902345842308932e+04 6.631734231907338467e-21 2.644371527423563114e-21
1.841972339471464147e+04 1.113172616900048019e-20 2.653589139489086870e-21
1.843042333634239912e+04 2.993582996984184183e-21 2.422295745033461036e-21
1.844112328325000635e+04 4.974093216275317976e-21 2.873906043870043550e-21
1.845182323538370474e+04 3.088821457996427474e-21 2.694466036721830658e-21
1.846252319268782230e+04 4.863424569734084527e-21 2.787189513897624997e-21
1.847322315510766202e+04 2.870087858082103502e-21 2.570775456346108283e-21
1.848392312258823222e+04 1.991912292342397908e-21 2.619838422497397249e-21
1.849462309507410828e+04 4.299728456479561195e-21 2.821615279893670822e-21
1.850532307251138991e+04 4.099993412248383387e-21 2.607281185665241434e-21
1.851602305484436874e+04 4.153324885261484710e-21 2.620222790998230173e-21
1.852672304201966836e+04 -3.421751026112899696e-21 2.348376745907372961e-21
1.853742303398115473e+04 4.645397660957163064e-21 2.749278722169091836e-21
1.854812303067488756e+04 1.185481299580873754e-21 2.410673117310744652e-21
1.855882303204587151e+04 9.416962667744164181e-21 2.626272613324897238e-21
1.856952303803967152e+04 1.114683267828267798e-20 2.710865878199012309e-21
1.858022304860173608e+04 7.731005131764871803e-21 2.551870935200623725e-21
1.859092306367682613e+04 8.108962772161306426e-22 2.535407202644196974e-21
1.860162308321189630e+04 -4.389552098199306382e-22 2.676575188385582151e-21
1.861232310715165295e+04 8.196525687063289986e-22 2.494996259801994189e-21
1.862302313544158824e+04 7.290436211269488721e-21 2.424988841975744173e-21
1.863372316802750356e+04 -1.833889086066453443e-21 2.546367226530951107e-21
1.864442320485559685e+04 -1.668838414247224750e-21 2.705913089662648781e-21
1.865512324587054536e+04 2.760907376716333737e-21 2.470778632249311100e-21
1.866582329101932191e+04 8.664510853773522803e-22 2.498923357620345930e-21
1.867674278579245220e+04 5.492288666271120364e-21 2.590211495247983686e-21
1.868744286366181768e+04 8.020663607955733601e-21 2.539678276282365847e-21
1.869814293882723723e+04 -1.524648753357141521e-22 2.398546629438677808e-21
1.870884301783475894e+04 2.797665805133532568e-21 2.657937049753354781e-21
1.871954310070037900e+04 6.294945701203951245e-21 2.440933592332476776e-21
1.873024318737010981e+04 -3.647792831868105426e-22 2.213343723896015581e-21
1.874094327778999286e+04 9.202274479258263888e-22 2.311329777317491775e-21
1.875164337190568040e+04 1.168172295070720936e-21 2.360729027977685509e-21
1.876234346966427256e+04 2.892270863126292484e-21 2.422111350218134591e-21
1.877304357101041387e+04 4.689971362346363337e-21 2.363149015066364388e-21
1.878374367589153189e+04 -5.208801984298756545e-21 2.351685662035955762e-21
1.879444378425363175e+04 3.627591307551961394e-21 2.445282456560887800e-21
1.880514389604297685e+04 9.014614604703870542e-22 2.289439764991202197e-21
1.881584401120587427e+04 2.763336064527394460e-21 2.509556544983426815e-21
1.882654412968843462e+04 -1.944627259407884121e-21 2.396683888474891227e-21
1.883724425143745611e+04 -2.769492951582105012e-22 2.450278172712009251e-21
1.884794437639922762e+04 -3.225241234402376893e-21 2.470543839017731436e-21
1.885864450451973607e+04 6.872605492872369770e-21 2.355210130309211314e-21
1.886934463574623078e+04 7.820637803322208469e-22 2.407836409115638197e-21
1.888004477002473868e+04 -4.955548994105918741e-22 2.543455695302128927e-21
1.889074490730253819e+04 6.484403303235946307e-21 2.432264098031618949e-21
1.890144504752564535e+04 4.164912630291832642e-21 2.618645024548221658e-21
1.891214519064087290e+04 5.709422617742342661e-21 2.850407861504625943e-21
1.892284533659515728e+04 2.364447890090682540e-21 2.417652869689020045e-21
1.893354548533503112e+04 4.917765901743829496e-21 2.524043030686978994e-21
1.894424563680706706e+04 3.905523970114902857e-21 2.420702514877783004e-21
1.895494579095845620e+04 3.910943432295277096e-21 2.345670471437436521e-21
1.896564594773605131e+04 6.457317623559919757e-21 2.393929390473249717e-21
1.897634610708686159e+04 6.098846629168456894e-21 2.444623130224102752e-21
1.898704626895756883e+04 1.051685430512112117e-20 2.486280286562546509e-21
1.899774643329542232e+04 8.144615907619992382e-21 2.245343124802855240e-21
1.900844660004738762e+04 5.398702572269144586e-21 2.373191751296850414e-21
1.901914676916031021e+04 1.339312856306020007e-20 2.466140828391125195e-21
1.902984694058160676e+04 1.602045361460861849e-21 2.329756094558416565e-21
1.904054711425795904e+04 3.662698830760958018e-21 2.456104639346963937e-21
1.905124729013703109e+04 4.398318550273864760e-21 2.267748713340376975e-21
1.906194746823582318e+04 3.183001197552743265e-21 2.542910450572238530e-21
1.907264765504702882e+04 5.919228720647775269e-21 2.344663379091750921e-21
1.908356795898247947e+04 -7.303772688041051893e-22 2.403301017607367940e-21
1.909426816084992242e+04 6.723438371424031362e-21 2.344582885994987021e-21
1.910496836465231900e+04 2.751181097931622172e-21 2.180668542619457956e-21
1.911566857033626002e+04 -7.918209099536903180e-22 2.476629934838091002e-21
1.912636877785011166e+04 2.954774191811726653e-21 2.361512761035789537e-21
1.913706898714087220e+04 2.223211230943010056e-21 2.359667614425443947e-21
1.914776919815636575e+04 5.398402769540341706e-22 2.471809068020496234e-21
1.915846941084381251e+04 5.412820785057215898e-21 2.405523846954681503e-21
1.916916962515139312e+04 9.238239973489195740e-21 2.545325995723686006e-21
1.917986984102586939e+04 5.130515856844340438e-21 2.409846230404352823e-21
1.919057005841602222e+04 5.071889677557891253e-21 2.340594300291158389e-21
1.920127027726836241e+04 8.342356494917793219e-21 2.382395509895320064e-21
1.921197049753200554e+04 1.131047148524894249e-21 2.128766196474731276e-21
1.922267071915370252e+04 4.531878844732837846e-21 2.201735188247259721e-21
1.923337094208197232e+04 8.039683467725200020e-21 2.458669197713280197e-21
1.924407116626409334e+04 6.617539209018043917e-21 2.358570298571749337e-21
1.925477139164879554e+04 3.448888856342975528e-21 2.262829177834332673e-21
1.926547161818325549e+04 2.634510101965702433e-21 2.236328851086750913e-21
1.927617184581613765e+04 -2.572273390676699362e-21 2.401418046370789729e-21
1.928687207449478228e+04 6.626201992749291200e-21 2.376099214956708394e-21
1.929757230416798484e+04 -6.887627935780451085e-22 2.302562407423727348e-21
1.930827253478325656e+04 6.667080349986938514e-22 2.222787621284178350e-21
1.931897276628934196e+04 8.753827866088105945e-21 2.396341880316991233e-21
1.932967299863397056e+04 7.903742801337892992e-21 2.291065488442385185e-21
1.934037323176578502e+04 -2.129069225010680933e-21 2.425622682896504339e-21
1.935107346563256579e+04 4.212386082396660854e-21 2.496571954810705025e-21
1.936177370018323563e+04 3.559358420612466922e-21 2.273560972938049205e-21
1.937247393536546952e+04 2.971383415583378149e-21 2.424966017434180418e-21
1.938317417112829935e+04 3.834587568741078333e-22 2.131087862717564724e-21
1.939387440741959290e+04 6.479177935866059152e-22 2.182645315496461197e-21
1.940457464418837844e+04 8.362006549158446163e-21 2.264400504262431368e-21
1.941527488138264744e+04 5.119349109983236265e-21 2.168543735349966129e-21
1.942597511895140269e+04 -1.662749088545312046e-21 2.102762867249947627e-21
1.943667535684277755e+04 2.801682944945937274e-21 2.159072399420591351e-21
1.944737559500587304e+04 6.676452863072495831e-21 2.003612830968657853e-21
1.945807583338886252e+04 1.797405699269575824e-21 2.078275563554233615e-21
1.946877607194088341e+04 2.904832909616709917e-22 2.300850700270408286e-21
1.947947631061026186e+04 -2.933245806829079617e-21 2.120179817711418806e-21
1.949017654934620441e+04 7.066532133802418720e-21 2.079214450398869364e-21
1.950087678809708450e+04 8.578187817894753429e-21 2.119015100386064253e-21
1.951157702681219598e+04 8.285807292926422555e-21 2.024384116300503643e-21
1.952227726543998142e+04 7.570992123257724578e-21 2.160329483369806395e-21
1.953297750392979651e+04 4.247696335822766036e-22 2.119428549501926410e-21
1.954367774223021479e+04 -5.613485260758584397e-21 2.011316908156987721e-21
1.955437798029061014e+04 9.571778196675606326e-22 2.252905304211180766e-21
1.956507821805963977e+04 2.139780444283942699e-21 2.116319495894137210e-21
1.957577845548683035e+04 5.232134181829259345e-21 1.900225532619813516e-21
1.958647869252078817e+04 6.533960729295427991e-21 2.061793777053430806e-21
1.959717892911121817e+04 5.030067530818720947e-21 2.075217902576357887e-21
1.960787916520668659e+04 7.211934507359276714e-21 2.276653436013053638e-21
1.961857940075707302e+04 7.804106827335381751e-21 2.308359537812095177e-21
1.962927963571106011e+04 6.747098568544211437e-21 2.110382733642681137e-21
1.963997987001858564e+04 2.660120574001691965e-21 1.936598801457374407e-21
1.965068010362825953e+04 6.550187459637592791e-21 2.137945507389355831e-21
1.966138033649018325e+04 5.387799289851578711e-21 2.134564529776688475e-21
1.967208056855307223e+04 3.004120885494214507e-21 2.137878019363135749e-21
1.968278079976712979e+04 8.290756879930258561e-21 2.222861788787598097e-21
1.969348103008099133e+04 5.376026260413973342e-21 2.171629280012107485e-21
1.970418125944514031e+04 7.054862765747492577e-21 1.998265337171205019e-21
1.971488148780824849e+04 7.001192088440384676e-21 1.975193895984115170e-21
1.972558171512088302e+04 3.664196289547928285e-21 1.963083342369102544e-21
1.973628194133160287e+04 1.034921267370260939e-21 1.794342394111899271e-21
1.974698216639112070e+04 1.703400445407757307e-22 1.992980907963516937e-21
1.975768239024825380e+04 7.225114930844497153e-21 2.173905489361324033e-21
1.976860382107961050e+04 3.774933118749231636e-21 2.282470425541333662e-21
1.977930405986688857e+04 1.699166605151508666e-22 2.326135807400527313e-21
1.979000429722962144e+04 6.065563090728971031e-21 2.255738252216725800e-21
1.980070453318528598e+04 6.252973665660606792e-21 1.843833754691343315e-21
1.981140476768400185e+04 4.369399684383714648e-21 2.172990686400749947e-21
1.982210500067526664e+04 4.620174703488772473e-21 2.099110243508250103e-21
1.983280523210977481e+04 -4.835046286412500230e-21 1.954699709384435340e-21
1.984350546193669288e+04 2.257134862109698509e-21 2.061303922057897850e-21
1.985420569010682448e+04 2.778548204334175877e-21 2.033976646050286464e-21
1.986490591656948891e+04 8.908612905781661877e-21 2.117974167673005155e-21
1.987560614127574445e+04 4.624017426352962364e-21 1.913596971063703682e-21
1.988630636417509595e+04 -3.793770752931668519e-21 1.894320813624601342e-21
1.989700658521802325e+04 2.726942329281673895e-21 1.873694158355779073e-21
1.990770680435463510e+04 5.039093985929042328e-21 1.815644092345428018e-21
1.991840702153549501e+04 2.368380469538907489e-21 1.983975927473806180e-21
1.992910723671031883e+04 -6.307027308118619000e-21 2.063623049200247632e-21
1.993980744983023760e+04 1.539760151751029978e-21 2.066199350662326995e-21
1.995050766084502175e+04 3.893076986602247328e-21 2.062974830004292688e-21
1.996120786970539848e+04 5.044104513767697206e-22 2.042367369106993141e-21
1.997190807636152749e+04 -1.433284947057531048e-21 2.232425301352654663e-21
1.998260828076456892e+04 1.247513868369511216e-21 2.036971616781936379e-21
1.999330848286438777e+04 6.411297259499291553e-21 1.913536867508539827e-21
2.000400868261190772e+04 1.027600626612388010e-20 2.134403681255699984e-21
2.001470887995757221e+04 1.648012138819476273e-21 2.293862331314517677e-21
2.002540907485218850e+04 5.019635429180026016e-21 2.023058290939963942e-21
2.003610926724628735e+04 7.861079856000333218e-21 2.072597594219238702e-21
2.004680945709075240e+04 6.031732207804347101e-21 1.866476160661722472e-21
2.005750964433640547e+04 8.516221515861505802e-22 2.023723569944132306e-21
2.006820982893350447e+04 4.832278430480337542e-21 1.998310992397091729e-21
2.007891001083372248e+04 1.893418402322933954e-21 1.892552429176788485e-21
2.008961018998701547e+04 4.756518722535076426e-21 2.024198941956077009e-21
2.010031036660095197e+04 4.159077458811117716e-21 2.113413671068655956e-21
2.011101056469782998e+04 2.753603162612952839e-23 2.098050459116955999e-21
2.012171077344727382e+04 4.240388459171286707e-21 2.083389015374946939e-21
2.013241097939279643e+04 -1.292153387773457025e-21 1.856255015966517824e-21
2.014311118234703099e+04 4.023148934931833528e-21 1.759546784637754563e-21
2.015381138226071926e+04 1.649022077527510543e-21 1.875079332158061017e-21
2.016451157908511959e+04 5.223616622524136199e-21 1.912973837531115172e-21
2.017521177284078294e+04 3.155422612114284582e-21 1.984046957401375338e-21
2.018591196982813562e+04 6.336740941257238156e-21 2.029514754648393600e-21
2.019683405297980062e+04 8.248423858755878774e-22 1.989180774465447845e-21
2.020753425420545318e+04 3.795299986366963177e-21 1.930967687093991210e-21
2.021823445209371130e+04 4.559069657911758667e-21 2.027448755960413917e-21
2.022893464659573146e+04 9.219133485790274672e-21 1.926295597768320407e-21
2.023963483766293575e+04 2.828757088653430490e-21 1.835255113864570412e-21
2.025033502524738651e+04 3.986551742496442274e-21 1.861002029216121774e-21
2.026103520929979641e+04 -3.468796490837734406e-21 1.825506681010335875e-21
2.027173538977212229e+04 -2.144749639308830604e-22 1.724198069262536535e-21
2.028243556661525508e+04 1.731676657861621309e-22 1.785131166267963843e-21
2.029313573978123532e+04 3.009489811769073655e-21 1.884348987298210319e-21
2.030383590922194344e+04 2.044703775037514201e-21 1.941228307612512396e-21
2.031453607488828493e+04 6.687662029398162744e-21 2.028823363473461781e-21
2.032523623673283146e+04 7.087745159118825451e-21 1.989059523957135440e-21
2.033593639470654307e+04 2.702498682790406387e-21 1.856731084131313605e-21
2.034663654876111104e+04 3.384405234609754146e-21 1.800508916402975302e-21
2.035733669884918709e+04 2.183049359442759033e-21 1.918187386533671203e-21
2.036803684492188040e+04 1.909846374577598906e-21 1.964179575509740730e-21
2.037873698693094047e+04 9.651923118546867756e-21 1.894771504097590324e-21
2.038943712482884075e+04 5.176632280367929773e-21 1.952552596923465695e-21
2.040013725856674864e+04 6.370139752511151554e-21 2.071471921954894057e-21
2.041083738809789065e+04 3.739147560362269325e-21 2.002974286568947631e-21
2.042153751337217545e+04 3.386711734243414504e-21 1.929838653181979145e-21
2.043223763434369175e+04 1.987618462403799447e-21 1.883920658291598630e-21
2.044293775096331228e+04 5.124432278990435922e-21 1.967764788647359690e-21
2.045363786318348139e+04 3.255374346664326388e-21 2.009045477133981681e-21
2.046433797095688351e+04 3.106009187601718366e-22 1.905000779378037889e-21
2.047503807423496255e+04 3.522836992662188346e-21 1.843351210301122100e-21
2.048573817297012647e+04 3.203003666211379397e-21 1.917378307781778123e-21
2.049643826711460861e+04 3.112076119598933482e-21 1.939542993125361777e-21
2.050713835662088968e+04 6.788901677458274992e-22 1.951799375258878135e-21
2.051783844144090108e+04 7.458691136678397249e-21 2.012557072090232729e-21
2.052853852152757099e+04 4.180115042951094595e-21 1.763659050411933671e-21
2.053923859683212868e+04 2.534725577151507151e-21 2.009851621432934506e-21
2.054993866730910304e+04 3.922338943866529010e-21 1.901674984678240710e-21
2.056063873290873380e+04 3.960275340270963090e-21 2.112266623329129025e-21
2.057133879358490958e+04 1.717385566046357088e-21 1.897387985732024515e-21
2.058203884928936532e+04 -3.262416559800782678e-21 1.873186790968816794e-21
2.059273889997525475e+04 -6.963174110969294522e-22 1.745521491753682915e-21
2.060343894559481487e+04 4.097294895808185412e-21 1.932019292905674087e-21
2.061413898610041360e+04 3.464201048812184105e-21 1.867467084780876093e-21
2.062483902144602325e+04 2.240132326024964273e-21 1.869881323050179942e-21
2.063553905158286580e+04 1.255456104336661466e-21 1.859446325092928896e-21
2.064623907646453517e+04 2.722849811881208508e-21 1.746770176138286466e-21
2.065693909604272267e+04 2.321137018107587488e-21 1.812758059214743236e-21
2.066763911027241920e+04 2.554093786319439688e-21 1.737645895098146918e-21
2.067833911910410825e+04 7.422470234889069799e-21 1.879341588507568603e-21
2.068903912249215136e+04 3.680260147775192166e-21 1.889657908268144784e-21
2.069973912038818889e+04 4.505423396572416203e-21 1.842985983973774603e-21
2.071043911274713537e+04 5.068840426186828989e-22 1.687673535181992991e-21
2.072113909951979440e+04 4.387996213099723439e-21 1.877287187706601070e-21
2.073183908066116419e+04 9.925283252279807447e-22 1.791944872306433048e-21
2.074253905612253220e+04 9.815878340079958431e-23 1.879699599341445896e-21
2.075323902585857286e+04 7.389267918958955060e-21 1.956347743968515050e-21
2.076393898982105020e+04 1.378730643649194421e-21 1.737059398955104392e-21
2.077463894796425666e+04 5.647861057097742821e-21 1.856022563858087362e-21
2.078533890024041466e+04 3.504232922581874268e-21 1.703554072753160279e-21
2.079603884660322001e+04 5.117190337801254388e-21 1.744105691571545827e-21
2.080673878700632122e+04 6.828954452046676353e-21 1.829963872627755865e-21
2.081743872140290841e+04 1.849521059369247308e-21 1.875555670825940273e-21
2.082813864974472745e+04 6.855475731305502847e-21 1.951221220544636131e-21
2.083883857198797705e+04 5.370688086977705937e-21 1.971631840943284055e-21
2.084953848808395196e+04 4.543248739914805924e-21 1.897179560077958371e-21
2.086023839798651170e+04 5.499639185428602794e-21 1.758925014421932437e-21
2.087093830164997416e+04 5.907328421094227823e-21 1.702683961856568355e-21
2.088163819902718024e+04 2.162907598609541770e-21 1.695064879224572509e-21
2.089233809007121818e+04 6.999111363696871577e-21 1.585873454745332461e-21
2.090303797473605300e+04 2.200957180752570046e-21 1.598863834878642394e-21
2.091373785297569702e+04 -2.695270960745223521e-22 1.631812840488723080e-21
2.092443772474315119e+04 2.347531752676674226e-21 1.803429899421524180e-21
2.093513758999406491e+04 4.004725747203817502e-21 1.752946401126883086e-21
2.094583744867917267e+04 7.227105611266604485e-21 1.749461723847585473e-21
2.095676037202129373e+04 4.261550951321035046e-21 1.722268367650689392e-21
2.096746023445242463e+04 2.321650021053832490e-21 1.742078568529733592e-21
2.097816009010938433e+04 2.111550450896905414e-21 1.665483412368984813e-21
2.098885993901361871e+04 1.008920185706507620e-21 1.867032442245016139e-21
2.099955978111863806e+04 6.995176435704602341e-22 1.749458601481951691e-21
2.101025961637823639e+04 3.179310126940704417e-21 1.657527602826927012e-21
2.102095944474652424e+04 -7.726744706671901071e-22 1.537318914094247227e-21
2.103165926617732839e+04 5.225511817208062813e-21 1.843461560494863607e-21
2.104235908062487579e+04 5.422208507641418940e-21 1.820830030859798516e-21
2.105305888804301867e+04 2.808570118378214517e-21 1.752098277398672491e-21
2.106375868838541282e+04 2.370482619978539923e-21 1.676971433754264823e-21
2.107445848160734749e+04 -6.856713515586372732e-22 1.593145033087282311e-21
2.108515826766232931e+04 3.565364940954097544e-21 1.717806857927204678e-21
2.109585804650471619e+04 4.404635045558562012e-21 1.656172603148227280e-21
2.110655781808857864e+04 2.311445524093888964e-21 1.752852683049925236e-21
2.111725758236780166e+04 4.060610596752069828e-21 1.712511004011460374e-21
2.112795733929823837e+04 4.138702797107181362e-21 1.521756765819742203e-21
2.113865708883262778e+04 2.665743140910776481e-21 1.810950464270576648e-21
2.114935683092526597e+04 1.556912161144884559e-22 1.516793614914028248e-21
2.116005656553166045e+04 -5.998520237764447627e-22 1.397907224656057542e-21
2.117075629260587448e+04 2.678107754184384083e-21 1.367415730843343724e-21
2.118145601210218592e+04 1.868301877429638172e-21 1.698497175061831742e-21
2.119215572397410506e+04 3.776698203552542266e-21 1.623845408300267716e-21
2.120285542817959504e+04 2.091242639290740682e-21 1.704256074698559035e-21
2.121355512466919754e+04 3.537737673938393500e-21 1.667895517724248528e-21
2.122425481339975522e+04 5.500076390238867742e-21 1.802996936008582626e-21
2.123495449432596070e+04 3.507132590702072116e-21 1.613983375834930282e-21
2.124565416740078945e+04 3.709627977599629263e-21 1.566537044114153613e-21
2.125635383258062575e+04 2.614849573187528724e-21 1.696857083231699044e-21
2.126705348981979478e+04 3.120335777666413744e-21 1.688328098994530074e-21
2.127775313907225791e+04 -2.408526058389076184e-21 1.667834130932958583e-21
2.128845278029364999e+04 5.847820145802592087e-21 1.769273932571662626e-21
2.129915241343989328e+04 -1.186253189211806393e-21 1.634876075635469006e-21
2.130985203846338482e+04 1.636055669327072017e-21 1.655537637912440093e-21
2.132055165532107276e+04 5.243170704729450187e-21 1.561547001067857040e-21
2.133125126396775522e+04 3.447825986576442558e-21 1.637133616538459671e-21
2.134195086435664780e+04 7.429829106781774635e-21 1.685965371712511606e-21
2.135265045644388374e+04 3.454039104830021189e-21 1.704684643007544364e-21
2.136335004018601467e+04 3.209094624111500670e-21 1.833112621498214689e-21
2.137404961553530302e+04 2.457811634813378374e-21 1.723271927680925055e-21
2.138474918244886794e+04 2.609053030321928228e-21 1.704495515448408770e-21
2.139544874088137658e+04 -3.301308572300153068e-21 1.599226938997097816e-21
2.140614829085502424e+04 5.928200547905037384e-21 1.735964588754664199e-21
2.141684783848225197e+04 4.029471840831653258e-21 1.698508171130784434e-21
2.142777117807042669e+04 1.880202554969129784e-21 1.454176473474163139e-21
2.143847071890325242e+04 -1.487563721088161496e-21 1.609484238999967627e-21
2.144917025102535627e+04 2.343560185788071979e-21 1.755577658106285017e-21
2.145986977439433394e+04 4.356836750818115803e-21 1.604178207424675149e-21
2.147056928896651516e+04 2.817998400275123852e-21 1.636007356347839227e-21
2.148126879469530468e+04 -4.876036672590679821e-23 1.634851348484053126e-21
2.149196829153567523e+04 1.362958986519307290e-21 1.465723361018881278e-21
2.150266777944538262e+04 2.929588595730175251e-21 1.644636576403371000e-21
2.151336725838003986e+04 1.437704100283888078e-21 1.668536443716842016e-21
2.152406672829220770e+04 3.790812434511390312e-21 1.611238187519575091e-21
2.153476618914026767e+04 -9.072422784039081536e-22 1.599856577210092109e-21
2.154546564087887964e+04 2.804390386747698969e-21 1.753371829359215851e-21
2.155616508346280898e+04 4.704912994628927530e-21 1.573856947981833771e-21
2.156686451684900385e+04 2.447022916589750182e-21 1.590489308303323800e-21
2.157756394099454337e+04 4.522379322826171507e-21 1.521626987812595366e-21
2.158826335585084962e+04 1.232511963416298117e-21 1.440110667913058270e-21
2.159896276137680979e+04 4.715549640306495529e-21 1.585740305083946501e-21
2.160966215752858989e+04 4.610008987886275876e-21 1.602274425454936059e-21
2.162036154426210123e+04 4.819176179972196660e-21 1.847155076033548075e-21
2.163106092153046120e+04 1.997391935710488753e-21 2.091556951810731499e-21
2.164176028929261156e+04 4.567421802735121546e-21 1.714186365048588533e-21
2.165245964750213534e+04 4.978261026165050527e-22 1.579974734890021446e-21
2.166315899611723216e+04 1.270925388796824309e-21 1.518045956109168565e-21
2.167385833509209624e+04 3.314138222796794393e-21 1.553308557645839725e-21
2.168455766438499268e+04 8.101598692155817880e-23 1.744525011831285292e-21
2.169525698394936626e+04 6.251835477873409406e-22 1.732032157111728577e-21
2.170595629374200507e+04 3.385053602586458237e-21 1.625732541748903824e-21
2.171665559372077041e+04 2.411241934231743240e-21 1.587249932710328850e-21
2.172735488384128257e+04 7.587871285964439371e-21 1.653467380733004128e-21
2.173805416405754659e+04 2.841033462096235597e-21 1.404896133766757391e-21
2.174875343432840964e+04 3.022038579455959284e-21 1.651034263819808805e-21
2.175945269460707641e+04 4.898218512305515007e-21 1.718620312148791779e-21
2.177015194485476968e+04 6.766363381364834240e-21 1.646111164412007226e-21
2.178085118502298792e+04 3.059388330512776356e-21 1.457127106206917163e-21
2.179155041507105125e+04 4.859605291832986613e-21 1.577769215243959069e-21
2.180224963495448537e+04 6.754641259461029377e-21 1.643881825647213789e-21
2.181294884462852133e+04 4.333107048624782010e-21 1.778431896754917184e-21
2.182364804405196992e+04 3.227617841446054200e-21 1.803576918168865642e-21
2.183434723317883618e+04 1.466783607937911181e-21 1.742016061589994907e-21
2.184504641196798912e+04 4.621859518709257325e-21 1.702562550946849889e-21
2.185574558037493989e+04 1.798926186701073266e-21 1.576204795542998880e-21
2.186644473835523968e+04 1.925106910479512229e-21 1.549392873913816749e-21
2.187714388586779023e+04 1.873422365404101009e-21 1.425538437383122903e-21
2.188784302286665115e+04 7.558316579810120042e-21 1.726667491469780757e-21
2.189854214931020033e+04 1.680404937988286758e-21 1.679704870614529515e-21
2.190924126515565513e+04 1.899925685812812475e-21 1.555472271230716988e-21
2.191994037035884321e+04 1.792681755272692805e-21 1.556597956187644322e-21
2.193063946487705471e+04 -2.841335214345619760e-22 1.520056528164870432e-21
2.194133854866532420e+04 1.659248648421275651e-21 1.670697848150582880e-21
2.195203762168228786e+04 1.724361101503206454e-21 1.628183942277430050e-21
2.196273668388610895e+04 2.451150369369897425e-22 1.552528156009758324e-21
2.197343573522934821e+04 1.728988626134842566e-21 1.767800812324676161e-21
2.198413477567378141e+04 1.587127377695855352e-21 1.593674851243677021e-21
2.199483380517376645e+04 1.954073504788141849e-21 1.454238943191379309e-21
2.200553282368632790e+04 1.105697612461524250e-21 1.543418947245407075e-21
2.201623183116886503e+04 1.880451819193507521e-21 1.556984508990116210e-21
2.202693082757947559e+04 8.140226996268074667e-22 1.545060683849798916e-21
2.203762981287471848e+04 4.769467939469603113e-21 1.604528382901267968e-21
2.204832878701001755e+04 4.682295227081979382e-21 1.633647416447296321e-21
2.205902774994433639e+04 4.100253234454093147e-21 1.484362604756137776e-21
2.206972670163524526e+04 4.130217862601503846e-21 1.382643710083226358e-21
2.208042564203921938e+04 4.433986078043650403e-21 1.632126227478320013e-21
2.209112457111294498e+04 4.346002839732539178e-21 1.493820395171104496e-21
2.210182348881379949e+04 2.171837887746097289e-21 1.577342903523910146e-21
2.211252239510187792e+04 1.273823091185922876e-20 1.697584747485633032e-21
2.212322128993030856e+04 3.198657757276412730e-20 1.936784132856301218e-21
2.213392017325749839e+04 4.411790240605519456e-20 2.439000490224279245e-21
2.214461904504406630e+04 4.106953890100223102e-20 2.294790608551505813e-21
2.215531790524380631e+04 6.754637805441300212e-21 1.675072306249350706e-21
2.216601675381696259e+04 6.608236644424634741e-21 1.605899476422312909e-21
2.217671559071967567e+04 7.747520729567184600e-21 1.629241943819020030e-21
2.218741441590854447e+04 2.073988887830323798e-21 1.534553485631033231e-21
2.219811322934351847e+04 -1.818522750302066222e-21 1.488813919057421615e-21
2.220881203097844627e+04 -9.365867698300379729e-23 1.478125400273443053e-21
2.221951082077566389e+04 -2.986333006420217114e-22 1.527506748949332208e-21
2.223020959869058788e+04 5.407809191883956467e-21 1.530393154379661272e-21
2.224090836467883855e+04 1.022316468352964592e-21 1.512073154487907682e-21
2.225160711870255545e+04 2.978348347583759780e-21 1.444373078213910281e-21
2.226230586071582366e+04 7.266727850465466585e-21 1.416539996889382037e-21
2.227300459068024429e+04 3.209687718779911540e-21 1.634108216042711900e-21
2.228392840506916036e+04 5.931465177363202340e-22 1.431374681331101737e-21
2.229462712732677028e+04 2.653888853483227506e-22 1.450755996877841367e-21
2.230532583734027503e+04 3.905465399927230856e-21 1.518271618428165897e-21
2.231602453512743159e+04 3.743267253976482128e-21 1.473422462087467035e-21
2.232672322065115077e+04 5.270805953889317343e-21 1.540058377203492268e-21
2.233742189386736936e+04 4.185472179389681340e-21 1.617644696099791181e-21
2.234812055473316286e+04 1.018334096481901627e-21 1.479344045416592266e-21
2.235881920320856807e+04 4.341238428663891516e-21 1.491024784343949196e-21
2.236951783924965275e+04 -1.247506741643487509e-21 1.349020990397026668e-21
2.238021646281665016e+04 4.550905796848206469e-21 1.445651598285531982e-21
2.239091507386554440e+04 8.471748225014555420e-21 1.470121897149062255e-21
2.240161367235549915e+04 5.872255291932536834e-21 1.422730335226987246e-21
2.241231225824494322e+04 3.189693483685387212e-21 1.554307953617293861e-21
2.242301083149289479e+04 1.841850150261799581e-21 1.554130295964410689e-21
2.243370939205581453e+04 1.428109175011505976e-21 1.590070176362568394e-21
2.244440793931149528e+04 -3.999705161623315838e-22 1.597198433504238562e-21
2.245510641478927573e+04 4.821113992721124642e-21 1.553767786598806363e-21
2.246580437106791578e+04 7.071781776255356579e-22 1.430375711492815346e-21
2.247650230906582146e+04 5.124437110410685582e-22 1.450695701334865368e-21
2.248720023417551783e+04 3.659138592364637218e-21 1.384280942665806678e-21
2.249789814635348375e+04 1.818026218585495834e-21 1.379453031266057686e-21
2.250859604555808255e+04 1.182272957089617978e-21 1.525292077387023840e-21
2.251929393174702636e+04 2.171939794949741846e-21 1.486010639763239723e-21
2.252999180487967533e+04 -7.063582538613695046e-22 1.357966657187053276e-21
2.254068966491460378e+04 -1.296641176682777817e-21 1.333415870692326916e-21
2.255138751181067346e+04 4.871995737057155656e-21 1.294600061171592021e-21
2.256208534552732817e+04 -2.656730387493172794e-21 1.329933672217603234e-21
2.257278316602031919e+04 1.860188558523224207e-21 1.336539584016960624e-21
2.258348097325236085e+04 8.138627369658091232e-22 1.382441797264680872e-21
2.259417876717908803e+04 4.747819124665470507e-21 1.465422464042146432e-21
2.260487654776047202e+04 4.176565652139506229e-21 1.479416890182413703e-21
2.261557431495511992e+04 8.193191437433659747e-22 1.432480695160119175e-21
2.262627206872295574e+04 -3.484462119297045330e-21 1.264198392159089205e-21
2.263696980902084397e+04 3.323747010095814837e-21 1.517823140995067798e-21
2.264766753580962904e+04 5.490460750682956544e-21 1.419880566613167973e-21
2.265836524904523321e+04 2.077746403618394953e-21 1.398520393249162191e-21
2.266906294869066187e+04 3.551237401803704409e-21 1.439800457916305033e-21
2.267976063470066947e+04 6.064060796107953193e-21 1.496706540866038583e-21
2.269045830703766478e+04 5.947714835994743865e-21 1.429228938387124867e-21
2.270115596566048771e+04 1.664018799111624362e-21 1.459455821890495136e-21
2.271185361052610097e+04 8.131738734141976293e-21 1.498507623098209033e-21
2.272255124159476691e+04 2.105613452651724040e-21 1.555366156355012983e-21
2.273324885882657691e+04 -7.503458064121572435e-22 1.575082859193877957e-21
2.274394646217868649e+04 -1.224493892811054628e-21 1.425766876635706463e-21
2.275464405161010291e+04 -4.481063768007220741e-22 1.456185184830141299e-21
2.276534162708334770e+04 4.678279106954631565e-21 1.495582278811856863e-21
2.277603918855568190e+04 8.558864547084886941e-21 1.408729039636667986e-21
2.278673673598396999e+04 1.950634668202008781e-21 1.208041367796250714e-21
2.279743426939668279e+04 1.779167699243246853e-21 1.291148689006610299e-21
2.280835767528601718e+04 5.707706184316564758e-21 1.377693339242873176e-21
2.281905519662507868e+04 1.681377841558218982e-21 1.371332443695662908e-21
2.282975270375712353e+04 2.288596747562473725e-21 1.527956583200123900e-21
2.284045019664029678e+04 3.620892180360968288e-21 1.507115442789198039e-21
2.285114767523459886e+04 6.180304242988564276e-21 1.420396054317423996e-21
2.286184513950074324e+04 2.741521132469028045e-21 1.282970136801875268e-21
2.287254258939527790e+04 2.998198870621671729e-21 1.252658504221289709e-21
2.288324002487849793e+04 -1.042786685075390455e-21 1.315495754206547351e-21
2.289393744591315408e+04 2.477734851824193701e-21 1.335148714266902783e-21
2.290463485245397897e+04 5.592254960894079210e-21 1.447669046861693457e-21
2.291533224446581880e+04 3.965574382758354952e-21 1.376032258735170138e-21
2.292602962190312246e+04 4.178558751748943499e-21 1.383707961529863549e-21
2.293672698473051787e+04 2.381779037748330622e-21 1.195121556357377291e-21
2.294742433290453118e+04 3.642815737603058161e-21 1.277857064755254765e-21
2.295812166638645795e+04 9.669443747879798544e-21 1.480433725410704143e-21
2.296881898513446140e+04 2.715310513829399205e-20 1.673245692115123860e-21
2.297951628910825457e+04 1.132688272462742703e-20 1.573859955789328556e-21
2.299021357826953317e+04 4.378801536365122350e-21 1.390747065402947711e-21
2.300091085257764644e+04 1.790187848323920640e-21 1.312912601549339404e-21
2.301160811199215823e+04 3.842827259286883201e-21 1.469141186489377816e-21
2.302230535647289071e+04 1.904865278833662021e-21 1.430768187662890999e-21
2.303300258598026630e+04 4.896931212334054071e-21 1.436957335388471395e-21
2.304369980047372883e+04 1.543663803211671959e-21 1.259272124828425180e-21
2.305439699991477755e+04 -6.917382485511625256e-22 1.339498252120794793e-21
2.306509418426134653e+04 4.371263894244541987e-21 1.427150530279032677e-21
2.307579135347272677e+04 5.785502956791150713e-21 1.407555807230218511e-21
2.308648850751212740e+04 1.004816738903220581e-20 1.476433866438361180e-21
2.309718564633724964e+04 2.319259056521576085e-21 1.399127972122841121e-21
2.310788276991007660e+04 6.649294223819739382e-22 1.313305847786398859e-21
2.311857987819029222e+04 2.486474977295681937e-21 1.315828272264195732e-21
2.312927697113784598e+04 3.415257785697294883e-21 1.387797675784186727e-21
2.313997404871520121e+04 3.761519690352138941e-21 1.503523507575116400e-21
2.315067111087824742e+04 9.169267296872038161e-22 1.265212644656589002e-21
2.316136815758806915e+04 3.446492060286378994e-21 1.297837292863342762e-21
2.317206518880756266e+04 3.436295225800516888e-21 1.386075549483941090e-21
2.318276220449498578e+04 9.759750228425464459e-22 1.310044970381424978e-21
2.319345920461135393e+04 4.364149327184892703e-21 1.271977291810854716e-21
2.320415618911875936e+04 1.317164418833041874e-21 1.300170145906097031e-21
2.321485315797665680e+04 5.277216535063130368e-21 1.201241117799172616e-21
2.322555011114593435e+04 1.229421099147174420e-21 1.165454199742923899e-21
2.323624704858411496e+04 4.319987751261698369e-21 1.450118237628066529e-21
2.324694397025671424e+04 1.283099586648599752e-21 1.227925573469955376e-21
2.325764087612116055e+04 3.737271316442689294e-21 1.387365828281741305e-21
2.326833776613622467e+04 1.577834920930563779e-21 1.175360171768987716e-21
2.327903464026485017e+04 7.114160770172447759e-22 1.201892960561777543e-21
2.328973149846859451e+04 3.123065914263538733e-21 1.325841270430613856e-21
2.330042834070618483e+04 4.503009856782226504e-21 1.242970110585786324e-21
2.331112516693924044e+04 5.443583267141266528e-22 1.371718404985771986e-21
2.332182197712844209e+04 7.262144647826332754e-21 1.389365315652423391e-21
2.333251877123626400e+04 1.926181606917364077e-21 1.292430804226319765e-21
2.334321554922433279e+04 1.681999255836597909e-21 1.289023903665595139e-21
2.335391231104847247e+04 5.963303673884576356e-21 1.233840293841546475e-21
2.336460905667116094e+04 3.155066531152198009e-21 1.272650036486748111e-21
2.337530578605652408e+04 -4.823356164466167210e-22 1.338859669205025316e-21
2.338600249916203029e+04 1.274310770912252152e-21 1.342413514857265005e-21
2.339669919594878957e+04 9.681722848118141733e-22 1.397729824336866434e-21
2.340739587637836303e+04 5.129522532932539796e-21 1.384547661783932758e-21
2.341809254041367967e+04 3.304735660106964964e-21 1.356132738881765643e-21
2.342878918801452528e+04 1.597507211326761691e-21 1.398007543894688050e-21
2.343948581913987437e+04 8.167377132770881829e-21 1.265558786463271916e-21
2.345018243375422026e+04 4.930613342845640506e-21 1.306856762256535707e-21
2.346087903181594083e+04 1.832160553072623256e-21 1.186160076688551371e-21
2.347157561328954762e+04 3.488545422325641227e-21 1.373609702708394989e-21
2.348227217813423704e+04 2.250957982168621381e-21 1.380439055594359472e-21
2.349296872630839061e+04 3.012627054968703624e-21 1.278332733339302410e-21
2.350366525777676361e+04 2.519168194957863039e-21 1.360941722719043951e-21
2.351436177249854518e+04 3.197434273872504439e-22 1.383392443113355104e-21
2.352505827043611134e+04 -4.111623905993750489e-23 1.324701420365766768e-21
2.353575475155181630e+04 2.045238465619956992e-21 1.261969889266993698e-21
2.354645121580484920e+04 2.669769501704206915e-21 1.310971064821291439e-21
2.355714766315758243e+04 1.157055511923902387e-20 1.449503809109806217e-21
2.356784409357126060e+04 1.012953928006133653e-20 1.461542866289324056e-21
2.357854050700914740e+04 1.161902884184555249e-20 1.462806533506726348e-21
2.358923690343363342e+04 3.630141036516790846e-21 1.316426334789120827e-21
2.359993328279939306e+04 4.100461667555004024e-21 1.280645873522089208e-21
2.361062964507242941e+04 1.957552336982514876e-21 1.281653641611071367e-21
2.362132599021376882e+04 6.041087986699372179e-21 1.332938229430826971e-21
2.363202231818646760e+04 1.016389526899465225e-21 1.271058513840764388e-21
2.364271862895247250e+04 -9.918943811632823803e-22 1.304456016145347975e-21
2.365341492246877533e+04 3.527180781271793646e-21 1.318397860113818994e-21
2.366411119870129914e+04 -2.485116586208754143e-22 1.180071429185349391e-21
2.367480745761066646e+04 -1.123391292018082905e-21 1.087528537309614133e-21
2.368550369915666306e+04 4.494451901725281796e-21 1.316397310121905841e-21
2.369619992330262176e+04 6.723839678883805415e-21 1.230445355516947196e-21
2.370689613001058024e+04 4.649134244662652276e-21 1.327538416963728841e-21
2.371759231924314736e+04 1.275809092850236496e-21 1.301805361731452856e-21
2.372828849095963960e+04 1.080670726202746086e-21 1.309762806435651119e-21
2.373898464512494320e+04 8.837404359682029976e-22 1.290288221484733922e-21
2.374968078169894579e+04 4.176232929816108962e-22 1.335262122751813405e-21
2.376037690064245180e+04 -3.881393685315376417e-22 1.200919368550362254e-21
2.377107300191901959e+04 4.354170633022058121e-22 1.199925758409240001e-21
2.378176908549142900e+04 5.640765148565175156e-21 1.292305418127085839e-21
2.379246515131914930e+04 4.467257719966124026e-21 1.402628613080523133e-21
2.380316119936774339e+04 9.329590266497598865e-22 1.336343492125219670e-21
2.381408458398081348e+04 2.136993097753536779e-21 1.300356446222890893e-21
2.382478061236197391e+04 -5.473573429093120202e-22 1.313102048620579090e-21
2.383547662278313874e+04 -1.357022573092977133e-21 1.186908486356982114e-21
2.384617261526788570e+04 2.052331741343979322e-21 1.433497395959571360e-21
2.385686858977715019e+04 -7.022538256071250218e-22 1.432314192483666510e-21
2.386756454627560743e+04 4.017235482035471353e-21 1.374645122754886361e-21
2.387826048472136245e+04 3.225876008873685900e-21 1.346249251635150705e-21
2.388895640508234283e+04 -1.112258594487579856e-21 1.250694621866794146e-21
2.389965230731782140e+04 2.184414292863263498e-21 1.302308164123779909e-21
2.391034819138868988e+04 2.253507938943024104e-21 1.240952527536221627e-21
2.392104405726019831e+04 5.699248270956528845e-21 1.524499688502999251e-21
2.393173990489310017e+04 1.960131476372710004e-21 1.331574472888895227e-21
2.394243573424974238e+04 3.771418324261324254e-21 1.265233535311840438e-21
2.395313154529122767e+04 1.157157243661996197e-21 1.298474499744612477e-21
2.396382733798123081e+04 2.525406020561008970e-22 1.333649148004699047e-21
2.397452311228216058e+04 1.981403994899976173e-21 1.235493711461378095e-21
2.398521886815664038e+04 3.269195786885594698e-21 1.224938217072156459e-21
2.399591460556703169e+04 7.612522501868475735e-22 1.159282405122063419e-21
2.400661032447580146e+04 4.429910039128989527e-21 1.255239848804848425e-21
2.401730602484562405e+04 2.085130770249720411e-22 1.238283211942023236e-21
2.402800170663898098e+04 4.592748479308506302e-21 1.402414167464170328e-21
2.403869736981841197e+04 1.745676251007719335e-21 1.203769921400896602e-21
2.404939301434664594e+04 9.535564675697978306e-22 1.200028900459139456e-21
2.406008864018772874e+04 1.375355651521742339e-21 1.230162322834807445e-21
2.407078424730283950e+04 6.389931262106129713e-22 1.133994687648972944e-21
2.408147983565322284e+04 3.231313864684877072e-21 1.230542303308715909e-21
2.409217540520169132e+04 3.736569445410398787e-21 1.225700478933340543e-21
2.410287095591523394e+04 2.269376710240916344e-21 1.142801626598292202e-21
2.411356648775230133e+04 2.519828558391056959e-21 1.291035355279014686e-21
2.412426200067868922e+04 2.810996931030987570e-21 1.274782957196969902e-21
2.413495749465422341e+04 2.127981279518183197e-21 1.342322116020624298e-21
2.414565296964311347e+04 1.533654986000965250e-21 1.258004214271813673e-21
2.415634842560851030e+04 3.269629449379982737e-21 1.226980939966683018e-21
2.416704386251312462e+04 2.110280486729334458e-21 1.214578450727044833e-21
2.417773928032126059e+04 2.251150413422194594e-21 1.083677362508414847e-21
2.418843467899328971e+04 2.292520110112787368e-21 1.215697358855206098e-21
2.419913005849332330e+04 1.752697234853586288e-21 1.275847836417737562e-21
2.420982541878445772e+04 3.250087761531362818e-21 1.363001773270582541e-21
2.422052075983288887e+04 6.605378404399847630e-21 1.330279199679404691e-21
2.423121608159551397e+04 3.559302056126913968e-21 1.209122286072048329e-21
2.424191138403837613e+04 3.739808365632390290e-21 1.189831878648364100e-21
2.425260666712479724e+04 6.265603618776657473e-22 1.192995531328917633e-21
2.426330193081776451e+04 3.574937093993090426e-21 1.266324075116840759e-21
2.427399717508042522e+04 5.535404427484036854e-21 1.330830890210668645e-21
2.428469239987610126e+04 4.019776367627702367e-21 1.212430545632173523e-21
2.429538760516792536e+04 3.464092952542199095e-21 1.249471691821233863e-21
2.430608279091911754e+04 2.322941042328363092e-21 1.361769402851446550e-21
2.431677795709300335e+04 2.346470815233319933e-21 1.227998594545007805e-21
2.432747310365441444e+04 4.871027942945214489e-21 1.320324416689172581e-21
2.433816823056358407e+04 4.844842386806106434e-21 1.299351293142365916e-21
2.434886333778530752e+04 8.016128117702809743e-21 1.403407420499301167e-21
2.435955842528319045e+04 9.921402792764829984e-21 1.298048719353344237e-21
2.437025349302042014e+04 -2.238001093824836493e-22 1.309896966026423728e-21
2.438094854096038034e+04 4.259663784429143235e-21 1.251599247634963206e-21
2.439164356906681132e+04 -4.186063232333073172e-22 1.130189707412443310e-21
2.440233857730286400e+04 -9.126352444777756960e-22 1.064799365829694120e-21
2.441303356569404787e+04 6.086186555981855330e-22 1.103867975977929395e-21
2.442395679232232578e+04 1.984810630104785847e-21 1.179445649522453737e-21
2.443465175649222874e+04 3.901219882846594418e-21 1.284188558399154102e-21
2.444534670064294551e+04 2.638374476399512256e-21 1.150266256861399279e-21
2.445604162473826000e+04 2.499597039919265398e-21 1.150779008502395061e-21
2.446673652874297477e+04 7.930153363577806869e-22 1.154749459274424979e-21
2.447743141261608253e+04 3.585416120601655682e-21 1.099891117754144016e-21
2.448812627632632211e+04 3.647681088541229689e-21 1.006455395448708884e-21
2.449882111983561117e+04 2.724639667623299325e-21 1.098866659525117146e-21
2.450951594310740984e+04 1.564792905034554821e-21 1.155281139775720339e-21
2.452021074610595679e+04 4.607554310263759895e-21 1.195875949628358516e-21
2.453090552879499955e+04 4.401214876330591866e-21 1.214080833135737698e-21
2.454160029113772907e+04 1.263449657490544020e-21 1.099487016494031890e-21
2.455229503309862412e+04 4.456411134197882407e-22 1.097399979631319258e-21
2.456298975464155956e+04 2.627877948970581895e-21 1.113876701774655857e-21
2.457368445572989003e+04 2.322645120431255270e-21 1.246056537164536582e-21
2.458437913632787240e+04 -6.075355909338785378e-22 1.119720773859925657e-21
2.459507379639963256e+04 4.702057964130939078e-22 1.192895800638893331e-21
2.460576843590716089e+04 4.065878240973664290e-21 1.138872321566452780e-21
2.461646305481764648e+04 5.255037032763042295e-21 1.084624252974781394e-21
2.462715765309221388e+04 2.807678274269671665e-21 1.148800722351160741e-21
2.463785223069807762e+04 9.736004525940747666e-22 1.117757158669589948e-21
2.464854678759714079e+04 5.929549993556388226e-22 1.089747135312537693e-21
2.465924132375410045e+04 3.403686719518679444e-22 9.908111729135330417e-22
2.466993583913144175e+04 2.141518068845540283e-21 1.174029936294507563e-21
2.468063033369597542e+04 4.944913439605407161e-22 1.019872737715807701e-21
2.469132480740904793e+04 8.648737979200649306e-22 1.122547501865389088e-21
2.470201926023824490e+04 9.255220617906247852e-22 1.208284396803170812e-21
2.471271369214580409e+04 3.176985980177595324e-21 1.124696989238805477e-21
2.472340810309591689e+04 2.266357832362546475e-21 1.091206951723667122e-21
2.473410249305157777e+04 1.183017773202375317e-21 1.224956369526466227e-21
2.474479686198024865e+04 2.300555407781162512e-21 1.109485158091784689e-21
2.475549120984411275e+04 5.117719581374483967e-21 1.151167860914890356e-21
2.476618553660806720e+04 1.997176716490538400e-21 1.211794960918564163e-21
2.477687984223649255e+04 3.270495495819773697e-21 1.202936619804597520e-21
2.478757412669324913e+04 5.577221213515958594e-21 1.253789054325663913e-21
2.479826838994394348e+04 2.923814479067825084e-21 1.364454617454134091e-21
2.480896274762507528e+04 2.812618167707379542e-21 1.235117881126337262e-21
2.481965721428905817e+04 1.690830172258753518e-21 1.097240220275141726e-21
2.483035165963942563e+04 1.443539571138811388e-21 9.535479308832728455e-22
2.484104608363944499e+04 4.403040552484725227e-21 1.206901589516878958e-21
2.485174048625363139e+04 2.916287709412290844e-22 1.188597273839549725e-21
2.486243486744586698e+04 1.577176420585675893e-21 1.208363159744727296e-21
2.487312922718139453e+04 6.655219910988808398e-21 1.235079569279188212e-21
2.488382356542144407e+04 1.093618412449548431e-21 1.209238554151419648e-21
2.489451788213698092e+04 9.930368844035528586e-22 1.145630080492486366e-21
2.490521217728939155e+04 -1.089660449661312540e-23 1.149609501029797755e-21
2.491590645084195421e+04 1.172503398302171421e-21 1.089014237253785562e-21
2.492660070276262559e+04 2.292476615492638429e-21 1.072912248560230366e-21
2.493729493301397088e+04 9.577027894491562593e-22 1.053709298757844847e-21
2.494798914156130559e+04 3.242394701438412138e-22 1.116215510241581226e-21
2.495868332836771151e+04 1.023156658182656128e-21 1.124646036567642953e-21
2.496937749340090522e+04 2.411412892525919712e-21 1.155552567357984510e-21
2.498007163662083622e+04 5.654259549270377939e-22 1.128435314375805567e-21
2.499076575799937928e+04 2.416301023657075077e-21 1.250528115590456423e-21
2.500145985749784450e+04 3.197699380133219734e-21 1.274364193351324441e-21
2.501215393507905173e+04 4.002933251990473352e-22 1.165649660870195244e-21
2.502284799071182351e+04 3.220586383721063313e-21 1.206967487177479896e-21
2.503354202435770640e+04 6.610510338871378500e-22 1.179426865056915712e-21
2.504423603598284171e+04 1.927317025046118424e-21 1.131319794476509943e-21
2.505493002555428757e+04 2.390452342088485740e-21 1.121678599394619403e-21
2.506562399303548227e+04 -4.559870315656535778e-22 1.088494128464957158e-21
2.507631793838785597e+04 1.730432701374629418e-21 1.076316813410733084e-21
2.508701186158303244e+04 1.962613760959139148e-21 1.176464850606456016e-21
2.509770576258138681e+04 1.281510359847436991e-21 1.059829748634136545e-21
2.510839964135150149e+04 2.114677980239691451e-21 1.100423806406682615e-21
2.511909349785629820e+04 2.561508449853955159e-21 1.105726513003860529e-21
2.512978733205948447e+04 1.730837379738118792e-21 1.127435168077859540e-21
2.514048114392812931e+04 5.323629870644660108e-22 1.073198202071200318e-21
2.515117493342906528e+04 -1.168938188885859353e-21 1.132560106256117180e-21
2.516186870052362792e+04 5.172217219008495496e-22 1.129304591872529288e-21
2.517256244517931555e+04 3.623083663380827398e-21 1.164772757565062135e-21
2.518325616736317897e+04 2.593581906289119267e-21 1.177267856160373581e-21
2.519394986703655013e+04 4.944292675856531632e-22 1.116619125386347603e-21
2.520464354416846254e+04 3.644290657866630918e-22 1.087705697694254877e-21
2.521533719872096844e+04 2.777397096029827141e-23 1.041544048473945618e-21
2.522603083066114050e+04 2.565940337210706054e-21 1.114067280291794041e-21
2.523672443995556750e+04 5.518881525200414764e-21 1.130037960138263013e-21
2.524741802656673099e+04 4.351483695483949220e-21 1.147800877210298954e-21
2.525811159046184548e+04 3.822689503168799369e-21 1.182523152010412862e-21
2.526880513160601913e+04 -2.924934001465555388e-22 1.156157210712078295e-21
2.527949864996651741e+04 3.253138495782637694e-21 1.176799243820587825e-21
2.529019214550381730e+04 5.139928808389156213e-21 1.105522899788961169e-21
2.530088561818882954e+04 4.309034583585862077e-21 1.120063646730492999e-21
2.531157906798647673e+04 3.976734460285905278e-21 1.175516584574990180e-21
2.532227249485927678e+04 -1.465250503021804301e-21 1.077854178586810757e-21
2.533296589877649239e+04 2.686665049367135438e-21 1.108379002908322720e-21
2.534365927969997210e+04 4.134072108524740470e-21 1.249766927508740215e-21
2.535435263759864756e+04 -1.346108003736656149e-21 1.158447362992438349e-21
2.536504597243327225e+04 2.747094278717200503e-21 1.153663468035347828e-21
2.537573928417490606e+04 4.610048098306639316e-21 1.087056429212670287e-21
2.538643257278887177e+04 2.558027920610974479e-21 1.014857615625224549e-21
2.539712583823745808e+04 4.501740996239356993e-21 1.234311530690188922e-21
2.540781908048845798e+04 3.076973811462688096e-21 1.111256622006686888e-21
2.541851229950767083e+04 2.495504816660854828e-21 1.026349287520827571e-21
2.542920549526025206e+04 2.168493045517398532e-21 8.196778193311785793e-22
2.543989866771082234e+04 4.012635357677292838e-21 1.185488568514967371e-21
2.545059181682886629e+04 2.445511969202741128e-21 1.062162162502013290e-21
2.546128494258009596e+04 2.010481416092202244e-21 1.099411810562368549e-21
2.547197804492649084e+04 4.165255762122423277e-21 1.085927023363597900e-21
2.548267112383439235e+04 3.447529901393030063e-21 1.127402482530797244e-21
2.549336417927523507e+04 1.198147053713991601e-21 1.155918261177111049e-21
2.550405721120911767e+04 3.162152166206912511e-21 1.060764444657517652e-21
2.551475021960580852e+04 -4.189321899380320657e-22 1.077426956475907641e-21
2.552544320442790195e+04 -1.567050241854606283e-21 1.103478782798783506e-21
2.553613616563959295e+04 1.421733505794649476e-21 1.084908577167233479e-21
2.554682910321555028e+04 9.533163849764238809e-21 1.198014968428125670e-21
2.555752201711496309e+04 4.521347580006224980e-21 1.228444842914113951e-21
2.556821490730770893e+04 -4.507527564060485024e-22 1.062861778341028636e-21
2.557890777375244215e+04 8.908785471496442095e-22 1.165986549862733969e-21
2.558960061642590881e+04 8.667094793568002399e-22 1.128290052410410020e-21
2.560029343528558093e+04 5.015495446026890416e-22 1.141421081886856796e-21
2.561098623030503586e+04 2.703646105548487381e-21 1.193914639753903880e-21
2.562167900144471787e+04 2.379645796833653614e-21 1.086395642551282420e-21
2.563237174867253270e+04 3.157674522001835092e-21 1.081775136236613249e-21
2.564306447195325381e+04 -2.699182353402092752e-22 1.196204758429276573e-21
2.565375717125695155e+04 1.985445983526104890e-21 1.134043659709384454e-21
2.566467986415270570e+04 7.980720355948318456e-22 9.905279808087452035e-22
2.567537253629565384e+04 -4.023148334271828693e-22 1.072705631819615771e-21
2.568606517892162083e+04 -2.291423968860386856e-21 9.891328003386805847e-22
2.569675779737610719e+04 -4.724188268891753135e-22 1.148412590635231076e-21
2.570745039167848881e+04 2.340487136295338104e-21 1.168074187850781407e-21
2.571814296179711164e+04 3.758436314315581771e-22 1.115059957524944763e-21
2.572883550769654539e+04 -6.498872883689647063e-22 9.844157111956705612e-22
2.573952802934685678e+04 2.665882128867916525e-21 1.053967714520810263e-21
2.575022052671439451e+04 3.705429759843698872e-21 1.121877817553348922e-21
2.576091299976044320e+04 8.681748369542510200e-21 1.186714861372178795e-21
2.577160544845502227e+04 1.932758038396624002e-20 1.342688426580313479e-21
2.578229787276655770e+04 4.890253897144673885e-21 1.245028846498526648e-21
2.579299027266147459e+04 4.115828324504988339e-21 1.104583537396192967e-21
2.580368264810296387e+04 2.799702423520554597e-21 1.127176640796161093e-21
2.581437499905737423e+04 4.006617159031019803e-21 1.110730024065656903e-21
2.582506732549329172e+04 1.019127700034379724e-21 1.084636863109314486e-21
2.583575962738094313e+04 5.774683937581699569e-22 1.091689038046212076e-21
2.584645190467987413e+04 4.044659005601055537e-22 1.024764828059425253e-21
2.585714415736018418e+04 2.317256913004564177e-21 9.393993965403220782e-22
2.586783638538876403e+04 1.520590503020841152e-21 9.473365111414669576e-22
2.587852858873598598e+04 -1.277808589672808496e-22 1.052373508256737648e-21
2.588922076736506278e+04 1.879264153111893522e-21 1.030696931337697728e-21
2.589991292123696257e+04 4.703727486356561151e-21 1.059684181203870948e-21
2.591060505032787842e+04 7.846115640581996088e-21 1.112730977308301834e-21
2.592129715460279840e+04 1.120236316737732780e-21 1.092885024547956460e-21
2.593198923402494256e+04 4.199782615016682644e-21 1.120062787626354265e-21
2.594268128855904069e+04 2.271742170030507830e-21 9.985022948510766580e-22
2.595337331817776067e+04 2.261281719106592835e-21 1.062765452207545311e-21
2.596406532284984496e+04 2.237759671271829040e-21 1.057199253762409304e-21
2.597475730253306756e+04 1.529883558153977085e-21 1.084733712678521371e-21
2.598544925720338142e+04 1.407288091854346055e-21 1.128992302876959999e-21
2.599614118682239132e+04 3.004003825823452669e-21 1.071226964319256759e-21
2.600683309136261596e+04 3.809144614567673870e-21 1.192847986048257042e-21
2.601752497078186934e+04 1.844272975791093963e-21 1.065570408219618202e-21
2.602821682505631907e+04 4.448786587273460782e-21 9.214789563787685954e-22
2.603890865415125154e+04 8.925850975304684574e-22 9.598125958446147596e-22
2.604960045802435707e+04 1.609388432187921963e-21 1.016632442826795721e-21
2.606029223665790414e+04 3.378816072308719982e-22 9.889562001149229715e-22
2.607098399000752033e+04 5.798676698288079704e-22 1.037526267224732890e-21
2.608167571804604086e+04 6.927217702198631748e-22 9.004643822183166654e-22
2.609236742073501955e+04 2.197902080045093596e-21 9.162921193391228728e-22
2.610305909804933981e+04 9.969140563476027927e-22 1.064885703119437429e-21
2.611375074995220348e+04 5.910185708596076045e-21 1.060840106420244340e-21
2.612444237641090876e+04 9.843553724882611982e-22 1.004318058035720249e-21
2.613513397739077482e+04 1.913604887458103566e-21 1.070320663850114044e-21
2.614582555286114439e+04 3.896575936850448066e-21 9.834306185519751242e-22
2.615651710279098552e+04 4.412801851778028330e-21 1.023691209732657655e-21
2.616720862714391114e+04 2.822064125835505047e-21 1.024978401206709601e-21
2.617790012589098114e+04 2.485722583526475372e-21 1.093853021788326765e-21
2.618859159899402948e+04 2.811653655445163429e-21 9.841560054800091536e-22
2.619928304642786679e+04 8.929658635343611009e-22 1.003285722109975657e-21
2.620997446815617877e+04 -1.659761107435634076e-22 1.015063979867400528e-21
2.622066586414432822e+04 2.378490217613702738e-21 1.035216806321323301e-21
2.623135723436377884e+04 1.868085308817453615e-21 9.740555046965803811e-22
2.624204857877606992e+04 2.237462223280453769e-21 9.355592881088485988e-22
2.625273989735451687e+04 3.740892469102775045e-21 1.019782370991672411e-21
2.626343119006652705e+04 4.665061604090348021e-21 1.045006621795380156e-21
2.627412245687593895e+04 3.072569387273807393e-21 9.863775678771007906e-22
2.628481369775017447e+04 2.941996534686780143e-21 1.045275416728692946e-21
2.629550491266262907e+04 5.032920064256790013e-21 1.206448213362145519e-21
2.630619610157496209e+04 3.103335260170361816e-21 1.055941350663633234e-21
2.631688726445885550e+04 -1.377206678628757076e-21 1.083886940462402152e-21
2.632757840127797317e+04 -2.478121375750765257e-22 1.159209081935245723e-21
2.633826951200182884e+04 -1.262845937875705009e-21 1.089081061309144703e-21
2.634896059659997263e+04 1.892626056460045642e-21 1.143032545941300583e-21
2.635965165503439857e+04 2.123880874934975462e-21 1.025639043498086748e-21
2.637034268727865492e+04 -1.335635210343089015e-21 1.113866915286745768e-21
2.638103369329839552e+04 4.332637583659542913e-21 1.091000159768096749e-21
2.639172467306144245e+04 8.019435150492329992e-22 9.573592916159755542e-22
2.640241562653943765e+04 2.141693322064854206e-21 1.064755503977694402e-21
2.641310655369052256e+04 2.837821858347175481e-21 1.146918139910626843e-21
2.642379745449007532e+04 -7.238455294677307443e-22 1.031846908941661271e-21
2.643448832896587191e+04 1.127253847983337736e-21 1.060655874176224650e-21
2.644517918235269462e+04 1.667007195149509437e-22 9.912048147360873615e-22
2.645610115432153543e+04 3.519561362387978761e-21 1.029889324859737491e-21
2.646679196459117156e+04 2.372869685331427976e-21 1.068235433513475092e-21
2.647748274834203767e+04 1.961219802881463873e-21 9.106751211059011305e-22
2.648817350554836958e+04 2.041623170397906468e-21 9.879761655083572218e-22
2.649886423616990942e+04 1.695904644743993693e-21 1.004934047050861327e-21
2.650955494018059107e+04 3.815507666313899347e-21 1.076751316132686703e-21
2.652024561754620663e+04 -5.274607952753420601e-22 9.538844310892475742e-22
2.653093626823713566e+04 4.926437952733839054e-22 1.030174789620232687e-21
2.654162689221733308e+04 2.805707754613358071e-21 1.086732601572978142e-21
2.655231748945683285e+04 1.561937645358340575e-21 1.045673570307172899e-21
2.656300805992118694e+04 3.675287551285398908e-21 1.039299719330159499e-21
2.657369860358310325e+04 3.991411322895669149e-21 1.096673809311796672e-21
2.658438912040859941e+04 7.463996065109107571e-22 1.028057004149720371e-21
2.659507961036584311e+04 3.479407384129064266e-21 9.431354713710568127e-22
2.660577007342256547e+04 1.155193716112834440e-21 9.093144424230670907e-22
2.661646050954511520e+04 1.343863959927733398e-22 7.773811648658609612e-22
2.662715091870799370e+04 -6.596204259781740510e-22 1.037388187574323203e-21
2.663784130087323865e+04 2.953417865962429145e-21 1.006886974193071695e-21
2.664853165601096043e+04 4.312582677911364185e-21 1.024029560725110363e-21
2.665922198408504482e+04 2.656143031380081394e-21 9.636573833646706514e-22
2.666991228507449705e+04 1.255392951178361915e-21 1.002392171896746144e-21
2.668060255894137663e+04 3.335825047151051367e-21 1.010247710129133104e-21
2.669129280564774308e+04 1.740585668620762596e-21 9.683474683376272117e-22
2.670198302517395132e+04 1.121224517442585220e-21 9.651919693829947532e-22
2.671267321747829192e+04 1.681070328065257414e-22 9.509594428700191413e-22
2.672336338253546637e+04 7.517024960733250876e-22 1.095322062419886498e-21
2.673405352031384609e+04 4.021136885248955979e-21 1.139498677157158920e-21
2.674474363077534872e+04 4.206070022308354164e-21 1.147700939965996815e-21
2.675543371389455933e+04 5.146993476541951046e-21 1.091522128224786566e-21
2.676612376963604038e+04 3.325295695151239368e-21 1.017999441072762186e-21
2.677681379797455520e+04 3.502977154341926969e-22 9.829937567909829098e-22
2.678750379886805240e+04 3.706648900815213753e-21 1.046856199510782537e-21
2.679819377229715610e+04 1.153932338328591959e-21 9.611360243312380947e-22
2.680888371822032786e+04 1.672047278735943679e-21 9.602128202561714900e-22
2.681957363661242562e+04 1.594799392554432050e-21 8.557250813908083923e-22
2.683026352743989992e+04 1.618506991257452731e-21 1.034055188842888401e-21
2.684095339067113309e+04 6.846585938986609683e-22 1.072224104855471413e-21
2.685164322627246293e+04 2.372999534017733729e-21 1.016209413592987184e-21
2.686233303421492747e+04 -2.911521731176204090e-22 1.063731132537863679e-21
2.687302281446716734e+04 1.993204918348275400e-21 1.039765243678192511e-21
2.688371256700207232e+04 2.533413434832652492e-22 9.870349307895976233e-22
2.689440229177724905e+04 3.576338582632475386e-21 1.020180408431084995e-21
2.690509198877659583e+04 4.514156218969100467e-22 9.796442716195385739e-22
2.691578165795402674e+04 3.683279909657360274e-21 1.088765418080205263e-21
2.692647129928250069e+04 4.092827248800544787e-22 1.040094233591542756e-21
2.693716091273704660e+04 2.857795485581535967e-21 1.078926394446984655e-21
2.694785049828185947e+04 1.585067794524459386e-21 1.032613390371654871e-21
2.695854005588186919e+04 5.443820665258515339e-22 9.494436354215383269e-22
2.696922958551651027e+04 2.617896443611577732e-21 9.747659196952100059e-22
2.697991908714395686e+04 -1.242067512367543082e-21 9.684351952124557032e-22
2.699060856073914329e+04 2.258261979591382536e-21 9.641699867951954873e-22
2.700129800626669385e+04 1.454312064484055932e-22 9.599966036997254770e-22
2.701198742369786123e+04 -2.677259821393238032e-22 1.031411717965830287e-21
2.702267681300366894e+04 5.468064654558176838e-22 1.036394902534304463e-21
2.703336617415087676e+04 8.673132411440084214e-22 1.038854917420345210e-21
2.704405550710799071e+04 2.250157430950424886e-21 8.760958495397384491e-22
2.705474481184215620e+04 1.150426113308847579e-21 9.720410998569084919e-22
2.706543408832453133e+04 1.246172812595174035e-21 9.554708256038344520e-22
2.707612333652411689e+04 2.172945381854031128e-21 1.000662481320593263e-21
2.708681255641200187e+04 5.692083310990060595e-22 1.061906242145717586e-21
2.709750174795252678e+04 6.289867882038798853e-22 1.047303967659227823e-21
2.710819091111730813e+04 1.076939123205460240e-21 1.275456569665388663e-21
2.711888004587755859e+04 -1.127087469294948648e-21 1.138572522211111424e-21
2.712956915219586881e+04 1.405624589358642964e-22 1.132632006322488085e-21
2.714025823004977065e+04 4.504473032364092375e-21 1.189964590985446146e-21
2.715094727939255608e+04 1.312604619234369420e-21 1.257198225058250566e-21
2.716163605716204256e+04 -1.148093375823125464e-21 1.079808830621126934e-21
2.717232471629699285e+04 -1.180370207112262512e-21 1.103887553163409252e-21
2.718301334683827736e+04 -4.240533982855492046e-22 1.158534444699205214e-21
2.719370194876132155e+04 2.243658021797673961e-22 1.104911258199663945e-21
2.720439052203540268e+04 3.393894639938256963e-21 9.797549377919957951e-22
2.721507906662557798e+04 1.189048707648185138e-21 1.074903221005697484e-21
2.722576758250327475e+04 2.731297840976615412e-22 1.043100358760380473e-21
2.723645606963775208e+04 -1.830129676324851003e-21 1.033079415373199440e-21
2.724714452799791979e+04 -1.802596094690257568e-21 1.146999840494028166e-21
2.725783295755549625e+04 2.382667199636394353e-21 1.256948660937153821e-21
2.726852135827550956e+04 2.750534479635603317e-21 1.182644950476907618e-21
2.727920973012951072e+04 3.433805805441988392e-21 1.039313010874770374e-21
2.728989807308901072e+04 4.925431099266157082e-21 1.026047311331074305e-21
2.730058638711860840e+04 4.407312137487909474e-22 1.154672054765190095e-21
2.731127467218797756e+04 3.315254213775239774e-21 8.824784395904950943e-22
2.732196292827099387e+04 4.446691035177372731e-21 1.059989776997727503e-21
2.733265115533930293e+04 3.969082663994650531e-21 1.072077605084451874e-21
2.734333935334906346e+04 3.636934040453245753e-21 1.217665972601791238e-21
2.735402752228260579e+04 8.291300039009716307e-22 1.032275879622578049e-21
2.736471566210528908e+04 -6.702412051187198058e-22 9.370862431727270260e-22
2.737540377278668529e+04 -9.360627177992576170e-22 1.035126411974026584e-21
2.738609185429850550e+04 4.188545491194501896e-22 1.046676956125547253e-21
2.739677990660360229e+04 4.068066333576804604e-21 1.008766915127545584e-21
2.740746792968001319e+04 1.748367113653552640e-21 1.087248406777487573e-21
2.741815592348872087e+04 -7.849449965932112066e-22 1.155237814532880232e-21
2.742884388800605666e+04 1.887330188687655181e-21 1.106046115159748120e-21
2.743953182320160340e+04 2.500248410173262516e-21 1.186870262530914752e-21
2.745021972904049107e+04 4.358737576594337896e-21 1.276526743279828678e-21
2.746090760549198967e+04 6.318748533110320912e-21 1.129144121413916358e-21
2.747159545253048782e+04 4.147918376024864739e-21 1.215219365658264879e-21
2.748228327012350201e+04 1.427316337066693928e-21 1.158970254476210720e-21
2.749297105824069877e+04 1.646947667673302076e-21 1.125479304820636831e-21
2.750365881685176646e+04 3.855216158560661103e-21 1.125698804584084080e-21
2.751434654592609513e+04 -1.277266150806613898e-21 1.148878721171018224e-21
2.752503424542914217e+04 1.533281837951862049e-21 1.284878401700420512e-21
2.753572191534196463e+04 -1.088291817976788269e-21 1.118611645851768615e-21
2.754640955562537420e+04 5.733184773936841639e-21 1.248107977082068782e-21
2.755709716625363944e+04 1.731913134691772641e-21 1.312698864333813045e-21
2.756778474718951838e+04 2.550030044363747727e-21 1.203872528978923659e-21
2.757847229840743603e+04 4.034421561967999687e-21 1.252927435204240201e-21
2.758915981987963460e+04 1.093329520590881066e-21 1.133038037864314962e-21
2.759984731157370334e+04 2.933773301880834798e-21 1.151704080208883531e-21
2.761053477345953797e+04 9.730182648748492310e-22 1.176817794055819246e-21
2.762122220550681959e+04 -1.059134523590184768e-21 1.141637615931199797e-21
2.763190960768083460e+04 3.032702703682669210e-21 1.226774336094676595e-21
2.764259697996306204e+04 -1.758995006938187802e-22 1.255313223985763612e-21
2.765328432231439001e+04 3.240613483938229904e-21 1.266643217087690915e-21
2.766397163470476880e+04 2.882889294853497975e-21 1.203350780567529630e-21
2.767465891710863798e+04 -9.272115544924406917e-22 1.228777389350559738e-21
2.768534616949110568e+04 -1.774129473795959748e-21 1.255567189980151699e-21
2.769603339182709533e+04 -1.495730603529660882e-21 1.244813220742805183e-21
2.770672058408662269e+04 -8.577952953211571321e-23 1.266338745093124238e-21
2.771740774623063044e+04 2.488822611851528057e-22 1.164849059967378270e-21
2.772809487824051757e+04 2.380003030100846502e-21 1.162248198066129499e-21
2.773878198007919127e+04 2.736134113011466783e-21 1.057322201291329086e-21
2.774946905172383049e+04 3.118600859680013498e-21 1.119457421820432017e-21
2.776015609313548339e+04 3.524006385545478939e-22 1.186670432421505155e-21
2.777084310428881508e+04 9.556718106384689683e-22 1.123316966088293365e-21
2.778153008515399051e+04 2.022885148798911535e-21 1.241986313170258447e-21
2.779221703570550744e+04 3.008801797126420897e-21 1.172786493941504945e-21
2.780290395590434855e+04 -3.949720751990137319e-21 1.231053734812064452e-21
2.781359084572318534e+04 -2.314887825772865946e-22 1.223770428293630820e-21
2.782427770513910582e+04 3.682547386888813686e-21 1.217383831452297886e-21
2.783496453411774201e+04 9.825314216372107341e-22 1.192120766381865128e-21
2.784565133262932432e+04 2.778385006518748507e-21 1.258910887633702833e-21
2.785633810064136196e+04 1.473078934236950233e-21 1.143483224129155410e-21
2.786702483812683204e+04 1.029413445731099575e-21 1.220516718394552813e-21
2.787771154505831510e+04 3.765607321609576875e-21 1.407089975787037192e-21
2.788839822140150136e+04 1.218774241913852410e-21 1.185766437318217445e-21
2.789908486713130333e+04 8.784163495178132057e-22 1.104205432055183753e-21
2.790977148221553944e+04 3.118395242918229070e-21 1.211795235271273710e-21
2.792045806661993265e+04 1.314281003998705262e-21 1.166297170986653864e-21
2.793114462032424490e+04 2.041041073561050348e-21 1.065064050437875461e-21
2.794183114329195814e+04 -1.168705173306265225e-22 1.092931686777480805e-21
2.795251763549576208e+04 -2.945000414874154775e-21 1.236270911504526045e-21
2.796320409690836459e+04 -1.992147910941048517e-21 1.175277606985013847e-21
2.797389052749519033e+04 1.014445620317179319e-21 1.217239983276478665e-21
2.798457692723164291e+04 4.467250268020399395e-22 1.280558222948323869e-21
2.799526329608355445e+04 1.677615966708694206e-21 1.147156506573142969e-21
2.800594963402139547e+04 2.833738100726272685e-21 1.274752985133334780e-21
2.801663594102031857e+04 1.416694042469448673e-21 1.206040789293535900e-21
2.802732221705302436e+04 -3.082565874637006961e-21 1.123531161919132095e-21
2.803800846207819995e+04 -3.090400885248142883e-22 1.164109675403727551e-21
2.804869467607597471e+04 1.873502890369790431e-21 1.145402917626311782e-21
2.805938085901457453e+04 9.905787289190529122e-23 1.220278541030542133e-21
2.807006701086688918e+04 3.194770730039808742e-21 1.253103160989165699e-21
2.808075313159650614e+04 1.116031261278355673e-21 1.227768589615726868e-21
2.809143922118312548e+04 8.131871876461645647e-22 1.106299303912326656e-21
2.810212527959038925e+04 3.138775065216110371e-21 1.261180062044978221e-21
2.811281130679376292e+04 2.779156972189640859e-21 1.113551835118462871e-21
2.812349730275687762e+04 2.080582278600353241e-21 1.212356402642842672e-21
2.813418326745974628e+04 7.892821192037390556e-22 1.230541986598205496e-21
2.814486920086601458e+04 1.878273264229695223e-21 1.140495268187368534e-21
2.815555510294840860e+04 1.062912721553106232e-21 1.222216842112797286e-21
2.816624097367547074e+04 5.982008173391701574e-21 1.140572763403818909e-21
2.817692681302271740e+04 1.811853037382070629e-21 1.361477046699755263e-21
2.818761262095853454e+04 1.464332308246438624e-21 1.523994501162805991e-21
2.819829839745601930e+04 2.912229689476503947e-22 1.396588691594885961e-21
2.820898414247885376e+04 6.870284914586816665e-22 1.327376011377671142e-21
2.821966985600462067e+04 -1.328713583046783007e-21 1.281435332214581305e-21
2.823058912091403909e+04 3.010250245843419285e-21 1.663693540651498077e-21
2.824127479124009551e+04 2.122164720335898226e-21 1.524100641233885888e-21
2.825196042494205903e+04 2.447944110318493790e-21 1.232801624846488571e-21
2.826264602697110240e+04 4.208048391000560460e-21 1.166243861730295698e-21
2.827333159735294976e+04 1.185460215157603915e-21 1.135992924549958882e-21
2.828401713605820260e+04 -1.979885852563727399e-22 1.190233538824141341e-21
2.829470264305342789e+04 -1.508019127153813331e-21 1.093290044940066162e-21
2.830538811832327701e+04 2.788312987096166326e-24 1.286021828915956441e-21
2.831607356182488365e+04 -1.126522549814956553e-21 1.196361575708081261e-21
2.832675897353351684e+04 -7.237632139929315814e-22 1.081700012046055155e-21
2.833744435341806457e+04 3.344077090120794373e-21 1.158084864582373288e-21
2.834812970145390136e+04 5.053188099423190716e-21 1.345962154619810118e-21
2.835881501760988249e+04 1.133218933626355215e-21 1.523673195760997325e-21
2.836950030185694413e+04 3.623557351732942789e-21 1.494985025453814847e-21
2.838018555416152594e+04 2.745369462398394214e-21 1.325013121247878675e-21
2.839087077450600191e+04 5.176660616744329037e-21 1.239408929819034550e-21
2.840155596285237334e+04 1.519310776457268985e-21 1.188172736228541146e-21
2.841224111917145274e+04 2.929511259548555936e-21 1.194741219083626924e-21
2.842292624343677744e+04 1.513966097289180611e-21 1.215169193811863827e-21
2.843361133562181931e+04 5.765554714425085020e-22 1.268273817568919205e-21
2.844429639569763094e+04 7.842293051827497775e-22 1.192644380273700333e-21
2.845498142362818908e+04 3.997483263355939125e-21 1.169666533810014979e-21
2.846566641939169131e+04 6.460630236618871037e-22 1.142397626407079976e-21
2.847635138295688012e+04 1.739958199538376553e-21 1.178612485048631821e-21
2.848703631429260713e+04 -7.874320824584790500e-23 1.129435879331883994e-21
2.849772121337245699e+04 2.622622819148695195e-21 1.122643346635636174e-21
2.850840608017222985e+04 -6.993151540203787127e-22 1.212910486960810140e-21
2.851909091465137681e+04 2.089566141221197247e-21 1.198966995806386867e-21
2.852977571679047469e+04 1.644979504725564388e-21 1.175684782584510908e-21
2.854046048656310450e+04 2.335729247444807645e-21 1.197302435257181793e-21
2.855114522393110383e+04 4.249433525080753491e-22 1.223555408199298186e-21
2.856182992887276123e+04 -7.224575160551993965e-22 1.224583115496794081e-21
2.857251460135476009e+04 -2.220379307077318525e-22 1.030327164818459608e-21
2.858319924135296242e+04 2.834583175303648847e-21 1.089774787237356313e-21
2.859388384883622712e+04 -2.745332355593573740e-21 1.167961275152239708e-21
2.860456842377132125e+04 4.585260794331666195e-21 1.404875803056856271e-21
2.861525296613877799e+04 4.377622341658514902e-21 1.403864416092276206e-21
2.862593747590539351e+04 7.584526143553951624e-22 1.195086289084434535e-21
2.863662195304017951e+04 2.045430460398426355e-21 1.270031641893992389e-21
2.864730639751916169e+04 9.800405145604720357e-23 1.060553789159424826e-21
2.865799080930893251e+04 2.787795784360125396e-21 1.183632120555019127e-21
2.866867518838558681e+04 4.199919316113223799e-21 1.241892303149958498e-21
2.867935953471353059e+04 2.847810437963700414e-21 1.196701089188060112e-21
2.869004384827349713e+04 7.459045050717807552e-22 1.140716256389825700e-21
2.870072812903004888e+04 2.189410149686052709e-21 1.288053091751131214e-21
2.871141237695924792e+04 -1.917241840384934450e-21 1.142904347391473264e-21
2.872209659202783223e+04 1.933718214083536421e-21 1.294014283014294436e-21
2.873278077420953559e+04 -3.057487514546117815e-21 1.157287559177530808e-21
2.874346492347833555e+04 3.009178839459031454e-21 1.289601196979121931e-21
2.875414903980088275e+04 1.190295055670785774e-22 1.223229096319333326e-21
2.876483312315112926e+04 3.536689319103092556e-22 1.062395937109873740e-21
2.877551717350295439e+04 1.871781303396977164e-21 1.457351775590590243e-21
2.878620119081854500e+04 4.326537594111305162e-21 1.349718775460754804e-21
2.879688517508583391e+04 -6.191795543667600942e-22 1.273439873571567066e-21
2.880756912625992481e+04 -6.747566470171553770e-22 1.175940296896256910e-21
2.881825304432422854e+04 3.657358279601892852e-21 1.275238312279574699e-21
2.882893692924315110e+04 -1.455256912539124743e-23 1.031291881075429338e-21
2.883962078099309292e+04 3.326608174941945863e-21 1.405729711892168609e-21
2.885030459953861282e+04 2.099228063094666444e-20 1.554186588510379498e-21
2.886098838485844681e+04 4.605347747070118436e-20 1.954328108840320766e-21
2.887167213692179212e+04 2.659905254319806698e-20 1.466084643133584199e-21
2.888235585570036710e+04 9.933304859708883385e-21 1.255006868576862872e-21
2.889303954116585373e+04 2.766704431303441496e-21 1.206464594668495557e-21
2.890372319328982485e+04 -2.001924783487463685e-21 1.221337245257584843e-21
2.891440681204414068e+04 -1.037208411521325907e-22 1.305464631449237449e-21
2.892509039740290245e+04 -1.008803021242665368e-21 1.192386130818364384e-21
2.893577394933304458e+04 5.143954747432696277e-21 1.248592940990074530e-21
2.894645746780853005e+04 4.380130480760668948e-21 1.113805008614042183e-21
2.895714095280125184e+04 5.398768406972675130e-21 1.133329744758623779e-21
2.896782440428291011e+04 6.443952227297538683e-21 1.136857289490351441e-21
2.897850782222289490e+04 1.234327630293840524e-21 1.230725853544613686e-21
2.898919120660024419e+04 -3.212868580304929425e-22 1.204287509753943392e-21
2.899987455737961500e+04 3.247259108166182418e-21 1.249540355290330529e-21
2.901055787453279845e+04 4.935277590751537912e-22 1.079363268279230861e-21
2.902124115803871246e+04 3.466393303308583923e-21 1.243079024838722677e-21
2.903192440786203224e+04 3.416288036629886277e-21 1.230500928993386713e-21
2.904260762397227882e+04 2.378681069284460468e-21 1.206770568952687741e-21
2.905329080635321588e+04 5.904429708805323049e-21 1.162285503592865880e-21
2.906397395496728859e+04 -1.531600044117431724e-21 1.011117849479881027e-21
2.907465706978869275e+04 1.442302549243371026e-21 1.316700355608945959e-21
2.908534015078698212e+04 1.713789088900272704e-21 1.283744173230930802e-21
2.909602319793883362e+04 1.589748855493580610e-21 1.297528398261617914e-21
2.910670621121374279e+04 4.380983065849033561e-21 1.231067885500773534e-21
2.911738919058136889e+04 2.386915284116288347e-21 1.244156026514428164e-21
2.912807213602075353e+04 1.197888413072055122e-21 1.278339537586627308e-21
2.913875504749670654e+04 -6.323280509923536864e-22 1.198422676882805397e-21
2.914943792498122275e+04 -3.655215745296312968e-22 1.253149662995272823e-21
2.916012076845112824e+04 5.159955145283648877e-21 1.335743515136066227e-21
2.917080357787366302e+04 -1.259312572427016610e-21 1.286226988480117191e-21
2.918148635322790506e+04 3.125848709988853516e-21 1.219695400037569906e-21
2.919216909447636499e+04 3.267841526259319279e-21 1.217930935196551196e-21
2.920285180159588344e+04 1.618811813493351953e-21 1.263041434618055106e-21
2.921353447456331560e+04 -2.712213798192223479e-21 1.241815362657455097e-21
2.922421711334113206e+04 -7.960152541015499316e-22 1.049273456469617057e-21
2.923489971790625714e+04 2.054194080704687129e-21 1.113766194073533439e-21
2.924558228823566242e+04 1.358339702222941337e-21 1.139386279450373278e-21
2.925626482429160751e+04 8.183834404220454840e-22 1.166154111206636058e-21
2.926694732604869205e+04 3.386829337753582969e-21 1.281929834974995523e-21
2.927762979348887893e+04 4.730656892175384341e-21 1.223534904020732375e-21
2.928831222657443504e+04 3.098508707033466695e-21 1.226109727687670137e-21
2.929899462527513970e+04 2.649653492088195838e-21 1.253716829849435657e-21
2.930967698957537868e+04 2.894268139838016274e-21 1.156488311411435077e-21
2.932035931943515970e+04 5.553649675320417260e-21 1.265006206492308191e-21
2.933104161482912241e+04 8.016144717888243673e-21 1.198880426566029948e-21
2.934172387574152526e+04 5.915011448320825221e-21 1.300185668273383665e-21
2.935240610212514730e+04 6.876252194828093059e-22 1.157899037294909040e-21
2.936308829396202782e+04 -2.565577990024110282e-21 1.083957977031977820e-21
2.937377045123406788e+04 4.207957516090641943e-22 1.116554710816095725e-21
2.938445257389406834e+04 3.213957695742489301e-21 1.321209119974209534e-21
2.939513466192653141e+04 -2.598648894948882892e-22 1.176745314947797894e-21
2.940581671530861058e+04 4.423562182906043013e-21 1.384953723838922072e-21
2.941649873399053467e+04 5.539568891551150672e-21 1.380469899018475205e-21
2.942718071796899312e+04 2.994488117809741695e-20 1.737677759533738713e-21
2.943786266720913773e+04 9.807380746281700139e-20 2.484890275587671233e-21
2.944854458167094708e+04 7.461374376829918646e-20 2.163959798465876507e-21
2.945922646134625757e+04 1.125869717155726462e-20 1.308339986044648366e-21
2.946990830619287226e+04 4.300682000579842914e-21 1.296168600322740676e-21
2.948059011618558361e+04 -1.578884171847236036e-21 1.107591618715589877e-21
2.949127189130899205e+04 4.007182626497031272e-21 1.117373284095651494e-21
2.950195363216692567e+04 3.392549323752447138e-21 1.229465835891724505e-21
2.951263539531292554e+04 -2.159715285324231240e-22 1.241004986898468639e-21
2.952331713508596295e+04 3.979349690971384306e-22 1.410766502942926265e-21
2.953399883997220968e+04 3.746224037620419881e-21 1.221486009078835827e-21
2.954468050985541413e+04 2.484258602160774150e-21 1.304380323235407166e-21
2.955536214475199813e+04 3.259437535390031596e-22 1.287798229189744254e-21
2.956627916760719381e+04 3.189085848377283761e-21 1.360090290489943031e-21
2.957696074682032486e+04 3.503674907271943179e-21 1.229501564660877050e-21
2.958764229089346190e+04 3.545221729430548287e-21 1.102165067672994386e-21
2.959832379981167105e+04 9.957156145510973904e-22 1.132011087550196405e-21
2.960900527355014492e+04 2.242491040620150110e-22 1.281164965562995672e-21
2.961968671206093859e+04 4.412325535953844886e-21 1.195434228994559695e-21
2.963036811534996014e+04 2.835278795640236681e-22 1.270808413171336574e-21
2.964104948336918460e+04 5.936401295293950415e-22 1.202087646963437845e-21
2.965173081607828499e+04 2.772453764704791696e-21 1.311480290496067834e-21
2.966241211348069555e+04 1.749988145715802899e-21 1.145504436890751300e-21
2.967309337552322177e+04 1.137349202444845670e-21 1.148530074227852284e-21
2.968377460219644854e+04 5.832076526647676091e-21 1.364640173894684273e-21
2.969445579346761588e+04 5.894856397143263331e-21 1.445357993900076238e-21
2.970513694929149278e+04 2.450091715689507218e-20 1.424831213758627326e-21
2.971581806967164812e+04 1.548219677981955503e-19 2.808504459621029326e-21
2.972649915456522649e+04 2.918845694659722724e-19 3.793960125855319859e-21
2.973718020393193365e+04 1.301431875178810467e-19 2.621800999387094070e-21
2.974786121777023072e+04 2.032468176795854700e-20 1.359164433360855834e-21
2.975854219602951707e+04 3.719761406380766513e-22 1.310067111672043162e-21
2.976922313870057405e+04 4.405936293035200984e-21 1.269112246515194824e-21
2.977990404575078355e+04 2.308047350772919509e-21 1.239428065600427516e-21
2.979058491713463445e+04 4.848498819320379509e-21 1.319810594995271458e-21
2.980126575285608851e+04 -1.377675631257334472e-21 1.264188713171161214e-21
2.981194655285932458e+04 9.473050536929935988e-22 1.331250587300799389e-21
2.982262731714041365e+04 3.667142620669943495e-21 1.322227883153791346e-21
2.983330804566430379e+04 2.973705057972799240e-21 1.263699799373958580e-21
2.984398873838552754e+04 2.202858334669813005e-21 1.267921255620850418e-21
2.985466939530801756e+04 4.888806352936922829e-21 1.198995879980145244e-21
2.986535001637594542e+04 3.364916438478330933e-21 1.270068673717252087e-21
2.987603060158538574e+04 3.659380636751242253e-21 1.199393619939864914e-21
2.988671115090386957e+04 -1.275304954691114633e-21 1.171617783389383365e-21
2.989739166427828604e+04 9.150616834610437241e-22 1.178598535335368145e-21
2.990807214172312524e+04 1.549542003141889429e-21 1.184721097435616082e-21
2.991875258317209955e+04 2.363740550124636085e-21 1.305664932148797107e-21
2.992943298863192467e+04 4.840976563926569012e-21 1.280188198461216928e-21
2.994011335805980343e+04 2.804619788163845369e-21 1.325015560205322041e-21
2.995079369141025018e+04 3.352633460028114124e-21 1.207218651423090076e-21
2.996147398869533572e+04 3.396780516546927719e-21 1.273649469140770553e-21
2.997215424984608399e+04 4.629337001575962073e-21 1.158446737393282759e-21
2.998283447487699959e+04 -9.080111408798844872e-22 1.224783178907412526e-21
2.999351466373766016e+04 -3.340079004499941128e-22 1.310443392736869743e-21
3.000419481638518482e+04 2.177816607820102507e-21 1.259940181709271179e-21
3.001487493283184085e+04 4.422404403342381145e-22 1.156892161102564635e-21
3.002555501300593096e+04 -5.418511830719850703e-22 1.218360815582484596e-21
3.003623505693024345e+04 5.550536512030743671e-21 1.190971470271262109e-21
3.004691506453833790e+04 2.694567892518142375e-21 1.187210773587739302e-21
3.005759503581365789e+04 -2.350988675977018654e-21 1.103039195023543179e-21
3.006827497074491112e+04 -2.665673771354069581e-21 1.068781583676005951e-21
3.007895486926817102e+04 3.055207141531628229e-21 1.292641202240320444e-21
3.008963473140370843e+04 8.044712765027135926e-22 1.158193593485420810e-21
3.010031455708253634e+04 3.158821299440229983e-21 1.500905489703916225e-21
3.011099434630924225e+04 3.802367733080168998e-21 1.188271153004714861e-21
3.012167409904895612e+04 3.734022738615830374e-21 1.380085923597576203e-21
3.013235381524827972e+04 1.648129666185559547e-22 1.129776191148172804e-21
3.014303349491982590e+04 1.390391677987428148e-21 1.237612134834416868e-21
3.015371313799966447e+04 -3.130325022588844476e-22 1.134411898414694911e-21
3.016439274450046287e+04 3.119071272170827586e-21 1.124626989414482596e-21
3.017507231436091388e+04 1.314418116661759826e-21 1.141081473906564870e-21
3.018575184757250099e+04 -8.226376166730783849e-22 1.155722677825420518e-21
3.019643134410824496e+04 -6.120692116122761622e-21 1.382055227668033853e-21
3.020711080391488213e+04 -3.948775046523167598e-21 1.479076688242898638e-21
3.021779022701052963e+04 1.805755047590138741e-21 1.181386996648548313e-21
3.022846961332589490e+04 -1.862118646115339316e-21 1.164992438359813091e-21
3.023914896286588919e+04 3.373146205478384091e-21 1.322917100616238051e-21
3.024982827557709243e+04 -8.842549628244908384e-22 1.204810288954708278e-21
3.026050755146188385e+04 7.745844063539980999e-22 1.347414108434148672e-21
3.027118679047741898e+04 4.763188150317362986e-21 1.098956306337343581e-21
3.028186599257558191e+04 3.352847107991177304e-21 1.342169515041374707e-21
3.029254515777208508e+04 2.856214252822166220e-21 1.273748413357942707e-21
3.030322428600530111e+04 2.948993742605975209e-21 1.300782684583548268e-21
3.031390337727255610e+04 9.564026320360000718e-22 1.288055491635209879e-21
3.032458243152304931e+04 4.260258548059214208e-21 1.282339255228182517e-21
3.033526144875931277e+04 2.050256065152141541e-21 1.371960960835199732e-21
3.034594042892788275e+04 1.285046108401975774e-21 1.150409355110316449e-21
3.035661937201263936e+04 1.364818540015125670e-21 1.332412196885619323e-21
3.036729827800013663e+04 1.484204933188056032e-22 1.286928962078099537e-21
3.037797714682623337e+04 -1.084485202793444288e-21 1.288735406843325906e-21
3.038865597851223720e+04 -1.987740293768522075e-22 1.334235545202864421e-21
3.039933477298598154e+04 1.888897581572913536e-21 1.403282806942727723e-21
3.041001353026081051e+04 6.295979929497293215e-21 1.247708276317526302e-21
3.042069225027232824e+04 5.667545325366859817e-21 1.278786879059284243e-21
3.043137093303150323e+04 4.199706845060856874e-21 1.384319734291259392e-21
3.044204957847946571e+04 3.492725993001074980e-21 1.417337318381599344e-21
3.045272818661096608e+04 -9.481477625453124316e-23 1.194850322186593178e-21
3.046340675739123617e+04 1.384410493502276657e-22 1.171044668382013314e-21
3.047408529078287756e+04 -1.944474529249633414e-21 1.278673858803704207e-21
3.048476378678871333e+04 -5.767960158313012419e-23 1.210716009924337913e-21
3.049544224534177556e+04 5.095130129481992656e-21 1.358227076188064154e-21
3.050612066645575760e+04 -1.430736567395096248e-21 1.216154118698547895e-21
3.051679905006631088e+04 1.481143566385543704e-21 1.263147741608283903e-21
3.052747739618447304e+04 4.288130674546779440e-21 1.186668252616109513e-21
3.053815570474312335e+04 2.063760000076717477e-21 1.332463271162656658e-21
3.054883397575872004e+04 4.015359484869440028e-21 1.229488008164435024e-21
3.055951220916703096e+04 1.906985091887992197e-21 1.098585541879626542e-21
3.057019040497108290e+04 2.110176942134786007e-21 1.166643318643719124e-21
3.058086856312001328e+04 2.782459118634272123e-21 1.275333663732062282e-21
3.059154668360338837e+04 4.146967763580516658e-21 1.197276566388363923e-21
3.060222476639466549e+04 -2.600304163324410714e-21 1.279696075358230390e-21
3.061290281145102927e+04 -1.338698707053256417e-21 1.250725186316658903e-21
3.062358081876752112e+04 4.695122762752907276e-21 1.289876880311271139e-21
3.063425878829056819e+04 3.692006165323372352e-21 1.290330157554392411e-21
3.064493672002875246e+04 7.440245486318808287e-22 1.241499928338906976e-21
3.065561461391494231e+04 6.250941886449198087e-22 1.261468969923582397e-21
3.066629246996858274e+04 3.533189546223107830e-21 1.211052901201728267e-21
3.067697028811429482e+04 2.074252414882448632e-21 1.311028092750507967e-21
3.068764806837180367e+04 -1.764488944377601015e-21 1.173254164251813086e-21
3.069832581067386855e+04 3.654470843883504596e-21 1.210694774697225064e-21
3.070900351503200727e+04 4.222488308511256493e-21 1.216884821698034420e-21
3.071968118137625424e+04 1.587582493640323101e-22 1.199661214094534716e-21
3.073035880973175881e+04 3.206649804232087491e-21 1.321366038759833540e-21
3.074103640002583779e+04 5.753719417348685769e-22 1.192186483328970141e-21
3.075171395226189998e+04 -5.815546434290866552e-23 1.284030313725525112e-21
3.076239146639447790e+04 1.257276077968910856e-21 1.232975936813371220e-21
3.077306894241068221e+04 1.668276032500264119e-21 1.203187838374815840e-21
3.078374638027593755e+04 6.086183524785296856e-21 1.275713354364862056e-21
3.079442377996922005e+04 6.401893409053303340e-21 1.222349056742546506e-21
3.080510114145585248e+04 -5.274454619109980761e-23 1.088475335536906655e-21
3.081577846472031524e+04 -3.434405953735789230e-22 1.051193360528454448e-21
3.082645574973355178e+04 -3.602460446465342173e-21 1.153860552811973417e-21
3.083713299645822917e+04 2.616517128012507497e-21 1.169651662377239387e-21
3.084781020488159629e+04 -1.689215346885992364e-22 1.374077149027695798e-21
3.085848737496633476e+04 2.441702463295929890e-21 1.296968276712060983e-21
3.086916450669974074e+04 9.941761507818264532e-22 1.162235649087176569e-21
3.087984160003899888e+04 5.490970182014070390e-22 1.135426974621587657e-21
3.089051865497143808e+04 -4.354106369167748794e-22 1.171777333333960982e-21
3.090119567145973269e+04 4.753414188720681250e-21 1.408318353135752359e-21
3.091187264948850134e+04 5.058764464027776871e-21 1.284258478869505103e-21
3.092254958902042563e+04 2.284693229817637131e-21 1.150848187376036073e-21
3.093322649004012419e+04 -9.482673440302680429e-22 1.234460782396290967e-21
3.094390335251030774e+04 -1.774724014430993045e-21 1.172203387224204306e-21
3.095458017641273545e+04 -2.879408361471423247e-21 1.192801596137631072e-21
3.096525696171846721e+04 2.540996192700440289e-22 1.234890843516035280e-21
3.097593370840394346e+04 3.819364438183368406e-21 1.387356332214119703e-21
3.098661041643461795e+04 -5.651107210902001805e-22 1.308213740405108057e-21
3.099728708579247177e+04 4.036057502675072986e-21 1.203441911239019301e-21
3.100796371644843748e+04 2.980880868426596967e-21 1.198953470061822908e-21
3.101864030837901373e+04 -3.133978875345171492e-21 1.121099558639365635e-21
3.102931686154963973e+04 1.490797659955154837e-21 1.262981121195388923e-21
3.103999337594232566e+04 3.883617928785948150e-21 1.248627317668361212e-21
3.105066985152805864e+04 -1.754942590547114308e-21 1.033405953766257958e-21
3.106134628827780398e+04 2.386311892786157365e-21 1.237591789750218178e-21
3.107202268617363006e+04 3.256575779188262567e-21 1.317062733068141786e-21
3.108269904517822215e+04 4.221040229284198926e-23 1.186977410820870756e-21
3.109337536527366683e+04 6.846147750138410200e-22 1.264353872400056415e-21
3.110405164642819000e+04 2.381798936220428617e-21 1.209020250145890559e-21
3.111472788862375455e+04 1.733711858539303141e-21 1.289506734622183041e-21
3.112540409182594885e+04 3.313537744388962128e-21 1.369978662956884798e-21
3.113608025601136978e+04 5.077001513594502593e-21 1.324774593779860838e-21
3.114675638114548929e+04 2.396051089985421927e-21 1.191930555967747871e-21
3.115743246722710683e+04 3.041515522540106025e-22 1.299297887780134712e-21
3.116810851419671599e+04 3.056267174578482966e-21 1.309128526815419269e-21
3.117878452205867143e+04 3.343057281227950120e-21 1.242694991677291393e-21
3.118946049076183772e+04 4.744254954454185063e-22 1.447369636744743778e-21
3.120013642029670154e+04 4.278321129152268446e-21 1.304151247821669965e-21
3.121081231062600273e+04 2.808285404598193638e-21 1.141858945440069737e-21
3.122148816173747400e+04 2.306675671386003386e-21 1.187756233493597559e-21
3.123216397358831091e+04 1.684423316135790085e-21 1.309098826481763990e-21
3.124283974616626074e+04 2.566750762347514043e-21 1.341252960401008942e-21
3.125351547943966943e+04 1.075510908510155488e-21 1.328794072166037205e-21
3.126419117338237993e+04 1.078222214541473579e-21 1.273739323541248683e-21
3.127486682796830428e+04 -3.809327487425984915e-22 1.521494858018179218e-21
3.128554244317122357e+04 2.685155935548341716e-21 1.290847412105160617e-21
3.129621801896507532e+04 3.416429706412883739e-21 1.228796893933827592e-21
3.130689355532103946e+04 -2.362182281883557254e-22 1.217089559257925941e-21
3.131756905221578199e+04 1.274053707147011693e-21 1.236198546240858882e-21
3.132824450962325500e+04 2.429114490379619547e-21 1.155403750433030683e-21
3.133891992752016085e+04 5.900128580420317904e-21 1.271937134773086353e-21
3.134959530587203335e+04 3.207440395676054898e-21 1.330876034680214530e-21
3.136027064466962474e+04 1.449228192314859264e-21 1.279104790263556401e-21
3.137094594386443350e+04 1.678221161407159178e-21 1.272849918376561423e-21
3.138162120344445793e+04 9.469871676179348681e-22 1.361935397911496769e-21
3.139229642338083431e+04 5.230684458210646543e-22 1.263548772017650751e-21
3.140297160364751471e+04 7.690148060389497531e-22 1.056208873629185894e-21
3.141364674422128155e+04 2.323217296583385883e-21 1.147227553365108281e-21
3.142432184507048805e+04 2.250170101232383216e-21 1.294528196633002016e-21
3.143499690617473243e+04 4.175397734969008866e-21 1.235154147162945627e-21
3.144567192750237882e+04 2.110694377169522923e-22 1.283439831684745854e-21
3.145634690903305091e+04 -1.142591063863817725e-21 1.190413579215689959e-21
3.146702185073228975e+04 -1.222842807056992334e-21 1.294286064813447466e-21
3.147769675258535062e+04 2.564989683632204785e-21 1.248977654718670076e-21
3.148837161455769819e+04 1.937078267895802947e-21 1.275032944963630677e-21
3.149904643662347735e+04 -1.128139044894119260e-22 1.107950544990429600e-21
3.150972121876794699e+04 -3.783698947107669827e-22 2.004534511192406119e-21
