1.006117635837257149e+04 1.622590219381537764e-20 2.080013189758899286e-20
1.006753841185024976e+04 1.231222044714252707e-20 1.399406195503439321e-20
1.007390043687820980e+04 2.485739087392085460e-20 1.424347473056607614e-20
1.008026243344446266e+04 -8.956857454363385126e-21 1.509267594565969331e-20
1.008662440153270836e+04 -2.723313485981605750e-20 1.547171087413469091e-20
1.009298634112934633e+04 3.103343783840606822e-21 1.573808334680145867e-20
1.009934825221861138e+04 2.760962924991424647e-20 1.674872277593779812e-20
1.010571013478852728e+04 9.068977423608809615e-21 1.622944195496193217e-20
1.011207198882275952e+04 2.973132521695366408e-20 1.692935352370406380e-20
1.011843381430772388e+04 2.598368368022429007e-20 1.593240164678708941e-20
1.012479561122764608e+04 7.418558328042448289e-21 1.594771973725054869e-20
1.013115737957028796e+04 4.101500832491065683e-20 1.626081082361855874e-20
1.013751911932012808e+04 3.481695314158561401e-20 1.541438734972404091e-20
1.014388083046220891e+04 7.333895880174333458e-20 1.609118000301148141e-20
1.015024251298265517e+04 6.510184194272748740e-20 1.565152996693707590e-20
1.015660416686730605e+04 4.661038791174049467e-20 1.539697750512391515e-20
1.016296579210173513e+04 2.744999965760359686e-20 1.584453030290150988e-20
1.016932738867015905e+04 3.593985904813267355e-20 1.557752079659146862e-20
1.017568895656059794e+04 1.056736683732267920e-20 1.404336863235779882e-20
1.018205049575643534e+04 1.154254986223569524e-20 1.514864079157427871e-20
1.018841200624460907e+04 1.643232255900029340e-20 1.638440912007710251e-20
1.019477348800903746e+04 -4.348077324077118231e-20 1.460448150538669828e-20
1.020113494103748599e+04 3.883769332357325655e-20 1.523250494927478343e-20
1.020749636531440592e+04 -1.256129668765067414e-20 1.388477121051378600e-20
1.021385776082427401e+04 2.949149906898228867e-21 1.327045748530130023e-20
1.022021912755456651e+04 -2.573440703721422256e-20 1.216550714277020049e-20
1.022658046549001119e+04 -3.055760551442281231e-20 1.309946851719514321e-20
1.023294177461645086e+04 1.013243119620443589e-20 1.352630144124279244e-20
1.023930305491778927e+04 3.516376542305420401e-20 1.422143618091313297e-20
1.024566430638258498e+04 -1.902011132973665418e-20 1.277133560918869600e-20
1.025202552899418151e+04 2.936347681366562022e-20 1.295444196372057066e-20
1.025838672273760312e+04 1.516222916195934743e-20 1.360181965504802647e-20
1.026474788760086449e+04 5.818394169107963350e-21 1.308232246560692355e-20
1.027110902356786391e+04 6.124980113879059467e-20 1.508086773448902236e-20
1.027747013062442420e+04 -3.736860424324377955e-20 1.353697110321332535e-20
1.028383120875525856e+04 9.019387260795952296e-21 1.293593813014241912e-20
1.029019225794783961e+04 -3.074659118543775294e-21 1.359475088282321367e-20
1.029655327818659498e+04 4.375396442832549492e-20 1.335385991779023386e-20
1.030291426945541389e+04 -1.037685303209030392e-20 1.243996595298800885e-20
1.030927523174341150e+04 2.545788726052163850e-20 1.394120198698882901e-20
1.031563616503336743e+04 3.314916209405905004e-20 1.326244079009679277e-20
1.032199706931108449e+04 4.702153853643944057e-20 1.373759805992345597e-20
1.032835794456347503e+04 3.997646844912345032e-20 1.337379501243348099e-20
1.033471879077522863e+04 5.013195430023676512e-21 1.317478575823585143e-20
1.034107960793105121e+04 4.627303100137138737e-20 1.340744568345626144e-20
1.034744039601811892e+04 3.190901763393089052e-20 1.311472171201518123e-20
1.035380115502085209e+04 -1.284964269811083800e-20 1.254967348258167259e-20
1.036016188492476613e+04 1.433933632140241473e-20 1.258499833280664770e-20
1.036652258571619313e+04 4.847656351643886031e-20 1.473414283396044289e-20
1.037288325738008643e+04 1.928376688370112253e-20 1.329651399254453643e-20
1.037924389990143209e+04 -1.657712273682619003e-20 1.296339556746120221e-20
1.038560451326627481e+04 -1.595661866915555050e-20 1.170079687952480929e-20
1.039196509746070478e+04 1.554644024221864834e-20 1.244983098412876720e-20
1.039832565246938248e+04 3.068608342134354915e-21 1.216718306815281970e-20
1.040468617827753042e+04 7.622422198230451674e-21 1.119760428070906426e-20
1.041104667487232837e+04 6.145968841086176117e-21 1.227883257949637406e-20
1.041740714223703799e+04 1.588473966571242407e-20 1.233091033478807430e-20
1.042376758035856437e+04 1.602600902837122019e-20 1.286061921322058662e-20
1.043012798922294860e+04 1.833992661011564423e-20 1.171798512587055878e-20
1.043648836881373245e+04 -1.234830496897271068e-20 1.245772000146495999e-20
1.044284871911780829e+04 -2.331257138915697956e-20 1.221519772258849349e-20
1.044920904012093888e+04 1.555883493928924209e-21 1.264144305299379787e-20
1.045556933180720807e+04 3.698325403250506839e-21 1.244993433195993508e-20
1.046192959416351187e+04 3.535240794511493106e-20 1.258316349687232343e-20
1.046828982717504186e+04 2.051880151277643156e-20 1.299397044694300194e-20
1.047465003082613293e+04 -4.547622417870550477e-22 1.286447190877207774e-20
1.048101020510367562e+04 -2.595199651325081067e-20 1.302585536052004635e-20
1.048737034999259959e+04 9.026047335763427234e-21 1.299040149675970801e-20
1.049373046547808553e+04 1.040250141157167663e-20 1.228591114016558411e-20
1.050009055154618000e+04 2.162942138572327604e-20 1.155237945865349457e-20
1.050645060818206002e+04 2.111926424681499299e-20 1.065295823195994905e-20
1.051281063537006594e+04 2.481626542522671392e-20 1.229529709607079570e-20
1.051917063309846890e+04 2.202581072813845118e-20 1.160548291137511157e-20
1.052553060135021042e+04 4.995923906267464692e-21 1.158540659982456544e-20
1.053189054011100779e+04 2.746449603666640885e-20 1.160525286782168082e-20
1.053825044936858649e+04 2.150081277832030823e-20 1.213129068089633140e-20
1.054461032910473114e+04 2.959112698158888742e-20 1.167596314343762915e-20
1.055097017930798393e+04 -2.647388859655759253e-20 1.052960460719310099e-20
1.055732999996267245e+04 1.200178589871670115e-20 1.209982580699525115e-20
1.056368979105367180e+04 7.246901183157821042e-21 1.127029118040811318e-20
1.057004955256753601e+04 -1.141889317572194189e-21 1.208046561735437026e-20
1.057640928448885643e+04 3.885945506404691462e-20 1.218373224225751217e-20
1.058276898680307931e+04 2.443914684194095515e-20 1.114363238308052191e-20
1.058912865949677871e+04 -1.762417364361375970e-20 1.103921412633195527e-20
1.059548830255340908e+04 1.107152201859912726e-20 1.205677577868305528e-20
1.060184791596008472e+04 1.419579395794951790e-20 1.184671409067488536e-20
1.060820749970223733e+04 1.381511069736769750e-20 1.214482060188761337e-20
1.061456705376359423e+04 4.414978515491809277e-20 1.263608658827475648e-20
1.062092657813154619e+04 4.505393630595988370e-22 1.254685834641872836e-20
1.062728607278983145e+04 2.716958348380593761e-22 1.211960564333476527e-20
1.063364553772553700e+04 2.632923131957923623e-20 1.154838604231592375e-20
1.064000497292352520e+04 1.270940446749397623e-20 1.126256792637453868e-20
1.064636437836778532e+04 -3.529008158202832224e-21 1.194207617376767848e-20
1.065272375404542254e+04 8.908831339083448113e-21 1.218983507198453111e-20
1.065908309994068986e+04 2.465137482601047130e-20 1.193337548812358723e-20
1.066544241604010676e+04 2.503265904554741534e-20 1.121562485653298329e-20
1.067180170232937962e+04 6.097931316722942867e-20 1.201082657280917979e-20
1.067816095879135173e+04 4.153098263354353180e-20 1.116444771451887588e-20
1.068452018541425241e+04 1.719832468485926974e-20 1.165520481175910739e-20
1.069087938218119234e+04 5.732801929838327524e-21 1.190653630071414398e-20
1.069723854907739769e+04 2.388469543673205546e-20 1.258990065437724936e-20
1.070359767922023639e+04 1.035807496665644824e-20 1.258073460095351040e-20
1.070995677292307664e+04 1.452234760077964417e-20 1.189023597043800680e-20
1.071631583671168300e+04 1.530398698692162114e-20 1.204209994153379429e-20
1.072267487057198196e+04 1.994745505214667850e-20 1.272480781687392942e-20
1.072903387449048205e+04 2.357940321091764257e-20 1.160403964116785781e-20
1.073539284845228030e+04 4.879073394124788839e-22 1.166609239553815213e-20
1.074175179244185892e+04 1.718378192637688300e-21 1.153106773683861654e-20
1.074811070644540450e+04 -7.256616421597069837e-22 1.196928378971368502e-20
1.075446959044717551e+04 1.057155783291628646e-20 1.091576223853448178e-20
1.076082844443452632e+04 1.463535221970829747e-20 1.196749113300034600e-20
1.076718726839023293e+04 2.790683646464908610e-20 1.273168104077667839e-20
1.077354606230251011e+04 3.357454179832780396e-20 1.224158353929604437e-20
1.077990482615555266e+04 2.284468515795027324e-20 1.186313695080717097e-20
1.078626355993297875e+04 -3.230620249470724837e-21 1.180828545150236120e-20
1.079262226362242654e+04 1.294176131298557861e-20 1.215057248198591604e-20
1.079898093720750512e+04 7.917680243677635679e-21 1.246689021754870276e-20
1.080533958067555614e+04 4.494590995285466573e-21 1.194963760796945430e-20
1.081169819400989400e+04 1.272443066733031183e-20 1.183280237237945895e-20
1.081805677719700907e+04 2.744095932502919295e-20 1.226618012468965681e-20
1.082441533022246040e+04 3.176250942262232311e-20 1.152836706484151178e-20
1.083077385306984797e+04 -4.506262735698524655e-21 1.259194324398384634e-20
1.083713234572682450e+04 -1.291425375623232133e-20 1.313879243954181785e-20
1.084349080817639333e+04 8.207407428046814222e-21 1.194623734933128811e-20
1.084984924040616170e+04 -1.878160257339029188e-20 1.205349696690187969e-20
1.085620764239883647e+04 1.149545674648349513e-20 1.285117160724466040e-20
1.086256601414261604e+04 3.350354522368012536e-20 1.337913476571916374e-20
1.086892435562019091e+04 2.205960581235151856e-21 1.275404039143271072e-20
1.087528266681887362e+04 -2.582662406145299613e-21 1.267696359479289785e-20
1.088164094772281351e+04 1.852575041816512181e-20 1.174785354861002102e-20
1.088799919831726584e+04 1.407785564401704589e-20 1.110025963677156530e-20
1.089435741858841357e+04 1.240152342590895809e-20 1.216923628993588513e-20
1.090071560852032235e+04 1.197356283867453489e-20 1.215669429864335477e-20
1.090707376809945708e+04 4.051291351064287743e-20 1.220664869980922549e-20
1.091343189730965969e+04 -7.285127667108571004e-23 1.153044097824966578e-20
1.091978999613793167e+04 2.397770360596428143e-20 1.112926538647008179e-20
1.092614806456750375e+04 2.518972717002947512e-20 1.133137813798027587e-20
1.093250610258627057e+04 3.327219620219684966e-20 1.273485212275700861e-20
1.093886411017684622e+04 2.788739162442402792e-20 1.129986618323628496e-20
1.094522208732653780e+04 2.025583047398056128e-20 1.198489669011674280e-20
1.095158003401913629e+04 7.576883135696297278e-21 1.151834530807719253e-20
1.095793795024076098e+04 -4.525423956094383872e-21 1.134590767542815781e-20
1.096429583597607416e+04 5.187244236075601660e-21 1.101097274788757719e-20
1.097065369121056574e+04 1.777060990770751726e-20 1.127072569719647268e-20
1.097701151592978385e+04 3.057149363227973045e-20 1.162779933581821058e-20
1.098336931011839079e+04 -1.793281351193602421e-20 1.055547758654486667e-20
1.098972707376220751e+04 6.338857157895053813e-20 1.227699986916597249e-20
1.099608480684585993e+04 1.902021742855414765e-20 1.088517013039076053e-20
1.100244250935516538e+04 6.862961309655832770e-21 1.246557556708160354e-20
1.100880018127474068e+04 1.265569834528625128e-21 1.072592761419570701e-20
1.101515782259010484e+04 5.298755026278684924e-20 1.173035741668914539e-20
1.102151543328645676e+04 2.951417260726360901e-20 1.139147311157513195e-20
1.102787301334900258e+04 2.162012140681752007e-20 1.057155375285691125e-20
1.103423056276294847e+04 -2.166434110420471530e-21 1.120927513139381181e-20
1.104058808151342237e+04 2.738858142421549864e-20 1.105776169688992845e-20
1.104694556958567409e+04 2.403405818373144800e-20 1.196842028698996890e-20
1.105330302696490435e+04 -2.790857920442357836e-21 1.062927783550783032e-20
1.105966045363628837e+04 1.673066534721990956e-20 1.117838845777952899e-20
1.106601784958500320e+04 4.674968692411007239e-20 1.147333670133398891e-20
1.107237521479623319e+04 9.210322961630991915e-21 1.161582506556211113e-20
1.107873254925573201e+04 1.609186922056720933e-20 1.067327694640653239e-20
1.108508985294691047e+04 2.933626620477946449e-20 1.139589032981461152e-20
1.109144712585697926e+04 3.940691201118016572e-21 1.120273748395960132e-20
1.109780436796963659e+04 2.097434416490177243e-20 1.112105773217316963e-20
1.110416157927087625e+04 1.063304452746672746e-20 1.161327559631923615e-20
1.111051875974558061e+04 3.717265736329576116e-21 1.075607934179196895e-20
1.111687590937920686e+04 -4.982122335384177715e-21 1.017821149387401839e-20
1.112323302815600255e+04 -1.485935001370486808e-20 1.066787164488041513e-20
1.112959011606171771e+04 2.079076401692793366e-20 1.136173555632028456e-20
1.113594717308206418e+04 1.509826527273419932e-20 1.141453691171195864e-20
1.114230419920098757e+04 3.757995487624021108e-20 1.122003497409503661e-20
1.114866119440451439e+04 1.089925235320108032e-20 1.078820807708130330e-20
1.115501815867686673e+04 1.691515623103776217e-20 1.083073454746717589e-20
1.116137509200464410e+04 9.215266191178392457e-21 1.134448607502006366e-20
1.116773199437113726e+04 2.137440135363278826e-20 1.149850490291141888e-20
1.117408886576355326e+04 1.868630952227758869e-20 1.070579654166290890e-20
1.118044570616435703e+04 1.986327033002647212e-20 1.038269363117965700e-20
1.118680251556160329e+04 1.301347565808818102e-20 9.993906522973872618e-21
1.119315929393771512e+04 1.998782772160689014e-20 1.175473698409488762e-20
1.119951604127957398e+04 3.963916912592980030e-20 1.087338877522989016e-20
1.120587275757107636e+04 2.349891845897720045e-20 1.140606036778598857e-20
1.121222944279848707e+04 8.133968326773268984e-21 1.133648908951725605e-20
1.121858609694629195e+04 5.048275629152816690e-22 1.118216916479406976e-20
1.122494271999895318e+04 1.380035502175908226e-20 1.126785146532693703e-20
1.123129931194299206e+04 4.807321858360738759e-21 1.027594080077703371e-20
1.123765587276174665e+04 2.017370390595119206e-20 1.120463280336868609e-20
1.124401240244204018e+04 5.376644385173412240e-20 1.149793274040030889e-20
1.125036890096715615e+04 1.548943369811271062e-20 1.052896905143891065e-20
1.125672536832363767e+04 2.722978945774992201e-20 1.045476270678142075e-20
1.126308180449532483e+04 1.691736791505928928e-21 1.002250102107365702e-20
1.126943820946846063e+04 2.800769561303054797e-20 1.017426901168672027e-20
1.127579458322718529e+04 3.041105078240282739e-20 1.004313134275122816e-20
1.128215092575682502e+04 -6.419068568063193848e-21 1.071597165633208752e-20
1.128850723704235497e+04 1.500024379245976575e-20 1.053699286013807816e-20
1.129486351706824462e+04 2.225110680155651407e-21 1.115704441781490973e-20
1.130121976582160823e+04 -1.728836631373100960e-20 1.001752308233107980e-20
1.130757598328477798e+04 -6.897837808506622196e-22 1.033865305449086566e-20
1.131393216944454980e+04 -8.308650752325226111e-22 1.011883734032068739e-20
1.132028832428473288e+04 2.904600959158001937e-20 1.116803201451348939e-20
1.132664444779121914e+04 2.564805642267144502e-20 1.124936250085793657e-20
1.133300053994870359e+04 4.195328328952604705e-21 1.011140221056560873e-20
1.133935660074188127e+04 1.678890014193821564e-20 9.610195929427648470e-21
1.134571263015656950e+04 -1.076777977353203522e-21 1.012094930560178297e-20
1.135206862817659930e+04 1.351625147247404135e-20 1.094386526119182921e-20
1.135842459478785895e+04 1.757993233854415477e-20 1.127942046460071874e-20
1.136478052997531086e+04 1.422015878422389355e-20 1.085822398279853235e-20
1.137113643372272236e+04 2.085138525524699075e-20 1.041213392282872647e-20
1.137749230601655654e+04 1.847899836704895075e-21 1.127448353301249340e-20
1.138384814684086268e+04 2.700444846576185733e-20 1.054669183619592527e-20
1.139020395618119255e+04 7.912688581339025391e-21 9.799084315521894482e-21
1.139655973402218660e+04 1.988113614962372250e-21 1.024377990869257200e-20
1.140291548034871448e+04 4.160546900670972926e-20 1.001700600743063870e-20
1.140927119514579135e+04 1.085619805872561074e-20 1.083431332944277140e-20
1.141562687839743558e+04 1.890617066568218837e-20 1.081716868890433698e-20
1.142198253009098335e+04 2.312991084414174849e-20 9.908053581130965779e-21
1.142833815020863403e+04 4.654576354490974393e-21 9.541831722293493243e-21
1.143469373873712357e+04 1.735395856086789571e-20 1.056998133049000813e-20
1.144104929566075225e+04 2.293237732101238060e-21 1.152154627608176237e-20
1.144740482096381493e+04 1.306265052333944421e-22 1.057827708029865893e-20
1.145376031463268373e+04 3.795142811498871093e-20 1.011868569071370859e-20
1.146011577665075674e+04 2.191506360670648583e-20 1.044088782401816584e-20
1.146647120700354571e+04 7.837671925200471646e-21 1.000152488588820488e-20
1.147282660567624771e+04 4.133288740451071270e-20 1.033920720294458149e-20
1.147918197265252638e+04 1.613362149051582524e-21 9.421024708184938708e-21
1.148553730791937414e+04 3.853837118112953131e-20 9.556388642008296603e-21
1.149189261145983983e+04 2.385596426638211377e-20 9.326981173026155254e-21
1.149824788325938971e+04 2.074350781433534242e-20 9.752699368858691140e-21
1.150460312330286251e+04 -9.589786736026654459e-22 9.749582254385600820e-21
1.151095833157477864e+04 2.873467667155884734e-20 1.054840048946593772e-20
1.151731350806094451e+04 1.181648170393586237e-20 9.988750870920296026e-21
1.152366865274559859e+04 3.173274165490488589e-20 9.975186212075874919e-21
1.153002376561264282e+04 -1.150091673115031850e-20 9.491378796270208052e-21
1.153637884664906778e+04 2.804378263619204460e-20 9.813698121703822957e-21
1.154273389583784956e+04 5.637342064547286888e-21 1.002920892580640142e-20
1.154908891316442714e+04 1.820368414774119121e-20 1.035977401192728185e-20
1.155544389861329364e+04 5.996067735392788097e-21 1.015778600749393977e-20
1.156179885216950788e+04 1.703831938141377821e-20 1.011055092047276818e-20
1.156815377381855615e+04 6.455788746268628612e-21 1.032970767419915233e-20
1.157450866354431855e+04 -2.181986790483386662e-20 9.814013640890198763e-21
1.158086352133127184e+04 1.681243515892308361e-20 9.742197181206210448e-21
1.158721834716543344e+04 2.232398543521136529e-20 1.020951859188374588e-20
1.159357314103158569e+04 -8.523435478760352321e-21 1.063246006114627110e-20
1.159992790291266101e+04 2.361338380300263857e-20 1.032579551723305015e-20
1.160628263279524617e+04 -5.298754394655290546e-21 9.421954134979376992e-21
1.161263733066346504e+04 2.278022208216445675e-20 1.005768446599985416e-20
1.161899199650212540e+04 8.450237121283062319e-21 9.634799461928298441e-21
1.162534663029567491e+04 7.623279244267863255e-21 1.001425681590677969e-20
1.163170123202916875e+04 9.521913150145282058e-21 9.737175490758614665e-21
1.163805580168765300e+04 4.022974272058084089e-21 9.800917219936188979e-21
1.164441033925556803e+04 3.446325425776041130e-20 1.051706790300040774e-20
1.165076484471731783e+04 2.723187014919694711e-20 1.013339686044465980e-20
1.165711931805820677e+04 1.251367822818654773e-20 1.050435309823805097e-20
1.166347375926235327e+04 2.350462591420227952e-20 9.678926278717006055e-21
1.166982816831480341e+04 2.277990403337647710e-20 9.748548292570629847e-21
1.167618254520026676e+04 2.684898946410299010e-20 1.003818583781138811e-20
1.168253688990376577e+04 -3.840061335849302440e-21 9.321999285464476539e-21
1.168889120240966622e+04 2.116198395473607943e-23 8.934122210818486159e-21
1.169524548270236119e+04 2.136676172759627860e-20 1.038898636802281139e-20
1.170159973076684764e+04 2.749450345945761383e-20 9.904474847247279410e-21
1.170795394658771329e+04 1.937831881793026032e-20 1.011704338458721678e-20
1.171430813015002605e+04 3.808094749516006985e-20 1.042239798968784613e-20
1.172066228143752414e+04 2.864022982712971600e-20 1.009594735041188978e-20
1.172701640043609405e+04 4.353346389059106537e-20 9.739962626753482372e-21
1.173337048712948126e+04 2.598426290069349886e-20 1.003396351910477237e-20
1.173972454150294652e+04 3.415147474106076843e-20 1.081140134392937720e-20
1.174607856354018986e+04 1.108390999976427604e-20 1.024781790960248100e-20
1.175243255322705954e+04 1.871065619058143668e-20 9.297121372250691923e-21
1.175878651054662987e+04 3.200752581618568223e-20 9.547257232971750836e-21
1.176514043548543486e+04 3.132901495245730126e-20 9.322818335159678839e-21
1.177149432802685260e+04 1.951709584887697590e-20 9.657964565596833004e-21
1.177784818815547442e+04 2.657813735919443836e-20 1.076145883907368663e-20
1.178420201585687028e+04 2.976350860647082118e-20 1.006603112739043116e-20
1.179055581111438005e+04 1.392742394773606606e-20 9.991534665341680414e-21
1.179690957391349366e+04 1.345199478296623581e-20 1.067113269663651085e-20
1.180326330423847321e+04 -1.153470480695202414e-20 8.764785987298489268e-21
1.180961700207364629e+04 1.563642017983132352e-20 8.975073242327888642e-21
1.181597066740451010e+04 9.621619120927168276e-21 9.315207415080510579e-21
1.182232430021440450e+04 3.226760144813757059e-20 9.712611175264962217e-21
1.182867790048881579e+04 4.057788500563821933e-20 9.136597120133929993e-21
1.183503146821167684e+04 5.299260205368364477e-20 9.543464229617924533e-21
1.184138500336815196e+04 3.186960775533143583e-20 8.949107492029920331e-21
1.184773850594210489e+04 2.527778941540793674e-20 1.014640693958061133e-20
1.185409197591876728e+04 3.391762064577642994e-20 9.625419733962149411e-21
1.186044541328236119e+04 1.611648910813365760e-20 8.887667389980069441e-21
1.186679881801709416e+04 9.264062039199989282e-22 8.976899512232428631e-21
1.187315219010812689e+04 -2.778363921624132704e-21 8.571810925254788623e-21
1.187950552953932493e+04 1.598359365110335314e-20 9.741244492245717843e-21
1.188585883629549971e+04 1.679100793915377877e-20 9.812272412558579639e-21
1.189221211036141176e+04 1.456768324514599934e-20 9.122192034099309409e-21
1.189856535172131771e+04 3.259649467848441901e-20 8.849039503019639933e-21
1.190491856035937963e+04 3.022796192237889850e-20 9.360331854143020026e-21
1.191127173626039621e+04 1.257697249682148521e-20 9.647752309834432937e-21
1.191762487940916071e+04 3.441892079769579239e-20 1.203081391866531459e-20
1.192397798978919673e+04 3.434579951938473940e-20 9.252701983580014312e-21
1.193033106738650895e+04 3.376112837566184005e-20 9.228797470064349930e-21
1.193668411218362417e+04 1.805150296974148275e-20 9.249039717778936725e-21
1.194303712416631970e+04 1.440987693910069270e-20 9.407613284100293876e-21
1.194939010331903773e+04 1.424382404382308877e-21 8.937747109633331508e-21
1.195574304962557289e+04 3.634436479699500399e-20 1.059983460655100750e-20
1.196209596307068750e+04 4.351210205225941275e-20 9.503551184635078218e-21
1.196844884363846904e+04 -1.776004150895846992e-20 9.109786509295966167e-21
1.197480169131424373e+04 1.064365408980767138e-20 9.068034040446101307e-21
1.198115450608146784e+04 3.178789178646689816e-20 8.671095767183936941e-21
1.198750728792523660e+04 2.762547352805761462e-20 9.578856015240575692e-21
1.199386003682897535e+04 1.849785175225324121e-21 8.621814451814490247e-21
1.200021275277772111e+04 2.683641324228888008e-20 9.807001128985993970e-21
1.200656543575647993e+04 3.809138059557421731e-20 8.806637847399041702e-21
1.201291808574868446e+04 1.473525635447600951e-20 9.515796437162428507e-21
1.201927070273861136e+04 9.681374192604334763e-21 1.031688629141890003e-20
1.202562328671134128e+04 1.226663442742935002e-20 9.341215174272233062e-21
1.203197583765091076e+04 2.857933841678199054e-20 9.027902837557347537e-21
1.203832835554135272e+04 4.454385997819747790e-20 8.410959962021001536e-21
1.204468084036733489e+04 1.628632311735021084e-20 8.954903513395217118e-21
1.205103329211349592e+04 2.372520498342512416e-20 8.972752549638180093e-21
1.205738571076414155e+04 3.440996368387195856e-20 8.838145668699318342e-21
1.206373809630292817e+04 2.770224798285731700e-20 9.415836558729695148e-21
1.207009044871422157e+04 2.395933379691640229e-20 8.533769322504184095e-21
1.207644276798297324e+04 2.149899395935517171e-20 9.021616918550778553e-21
1.208279505409253034e+04 1.325073610362163408e-20 9.198915561639394423e-21
1.208914730702877387e+04 2.934178962227945822e-20 9.105064171271418797e-21
1.209549952677439614e+04 4.196723436495623582e-20 9.663031796346539453e-21
1.210185171331422498e+04 3.471849245747062090e-20 9.783849266647747223e-21
1.210820386663261343e+04 1.133456906525624660e-20 9.232116219086847805e-21
1.211455598671384359e+04 2.518985852195203894e-20 9.918010917285451698e-21
1.212090807354247954e+04 2.513193769612315695e-20 9.098636859113820807e-21
1.212726012710246141e+04 1.265040259818731113e-20 8.320573823776186368e-21
1.213361214737739465e+04 1.706495722591237495e-20 9.893857066099802197e-21
1.213996413435273644e+04 2.510741037541677947e-20 9.878692455393676454e-21
1.214631608801177208e+04 2.299552407333531081e-20 9.580164363380219754e-21
1.215266800833908201e+04 3.031560522494743895e-20 1.006829082054231541e-20
1.215901989531952859e+04 1.045598064040440017e-20 9.348193861963151216e-21
1.216537174893572774e+04 1.992061921031499324e-20 1.043222589053910974e-20
1.217172356917313846e+04 1.119606058801031371e-20 9.249753636981724531e-21
1.217807535601561904e+04 1.756094890649625873e-20 9.327387148890921286e-21
1.218442710944731152e+04 4.529565616779419132e-20 1.005819986876263110e-20
1.219077882945279998e+04 2.934746331641890992e-20 9.429076756951538616e-21
1.219713051601527513e+04 2.947071108794544090e-20 9.312919867175574626e-21
1.220348216912019961e+04 3.543179583728439683e-20 9.594589739648960839e-21
1.220983378875011658e+04 2.864484918915774957e-20 8.755892674232019059e-21
1.221618537489109804e+04 2.682861879996340527e-20 9.342473967525181330e-21
1.222253692752559982e+04 9.113039576241081641e-21 9.090599725511685436e-21
1.222878652032044920e+04 -6.933850332374796856e-21 9.382086996531433267e-21
1.223513799823872614e+04 3.548166350626856841e-20 9.409767907721126359e-21
1.224148944298553943e+04 2.427130776261608098e-20 9.030226079420870318e-21
1.224784085416597918e+04 -1.175702949434840404e-20 8.360883617429998333e-21
1.225419223176070591e+04 3.770883643179613873e-21 9.046288613742736043e-21
1.226054357575476388e+04 3.718404156309684672e-20 9.228628352730972327e-21
1.226689488613102731e+04 2.694995098449997037e-20 8.808516797853418178e-21
1.227324616287452773e+04 2.934296690821326218e-20 9.222940840201665584e-21
1.227959740596933807e+04 3.192675035181244650e-20 9.418634154114881211e-21
1.228594861539825615e+04 2.784837589733973044e-20 9.020437722345022722e-21
1.229229979114687922e+04 2.302081428375505849e-20 9.286696701041798591e-21
1.229865093319863627e+04 1.173798337327280452e-20 9.162584631440471494e-21
1.230500204153728737e+04 4.010949547919762880e-20 9.657526969384748618e-21
1.231135311614720558e+04 3.676376436625570303e-20 9.791213887471055562e-21
1.231770415701272759e+04 1.121972469085752290e-20 9.096878280380363072e-21
1.232405516411755525e+04 4.611631299299241281e-21 8.844473325921945015e-21
1.233040613744502298e+04 1.147497828156797390e-20 9.120299581385369553e-21
1.233675707698041333e+04 2.494343361232276411e-20 9.318238903188761366e-21
1.234310798270681880e+04 1.036764794204996304e-20 8.816678532352652619e-21
1.234945885460855061e+04 3.039810366505886744e-20 1.008014763533584027e-20
1.235580969266958891e+04 4.168951246189825842e-20 9.005973714069299512e-21
1.236216049687390841e+04 2.124856481570093037e-20 9.097003006898984206e-21
1.236851126720606408e+04 1.960667557406759036e-20 1.039498949146704494e-20
1.237486200364844444e+04 2.290827623798078550e-20 9.702752597179266809e-21
1.238121270618662129e+04 2.165303018501344828e-20 9.433219514845547825e-21
1.238756337480328511e+04 3.467660360295301685e-22 9.015486934964911872e-21
1.239391400948363298e+04 4.087081873072277389e-20 1.007366791021485683e-20
1.240026461021030809e+04 1.833091016538230949e-20 8.252522485708303269e-21
1.240661517696846022e+04 3.915587260521691170e-20 1.050718951854510570e-20
1.241296570974078168e+04 2.674938484292789759e-20 9.289067708568242509e-21
1.241931620851245680e+04 3.627867565535255495e-20 9.178177615868221843e-21
1.242566667326612514e+04 1.205753052249518632e-20 8.984014329236099598e-21
1.243201710398662181e+04 1.472311858963982061e-20 8.579757354191176411e-21
1.243836750065748129e+04 2.608141336730139863e-20 9.287547288670477267e-21
1.244471786326287474e+04 6.427356355523522491e-21 9.187552127523749981e-21
1.245106819178543992e+04 5.949684474451582490e-22 9.607957663201521364e-21
1.245741848621095232e+04 -1.132532351056848589e-20 9.055420202317176556e-21
1.246376874652168590e+04 2.017343529337242587e-20 9.315270223666342914e-21
1.247011897270242116e+04 9.260672142338208459e-21 8.672167951198502799e-21
1.247646916473663259e+04 2.883629429312164832e-20 8.513107497958847005e-21
1.248281932260782378e+04 2.276671355965769074e-20 9.490503573018307596e-21
1.248916944630051512e+04 4.052493863272989704e-21 8.913114348979590270e-21
1.249551953579818473e+04 1.281652013712757375e-20 9.204144084712629914e-21
1.250186959108399788e+04 3.150951854509005789e-20 8.668797317047451582e-21
1.250821961214333169e+04 1.150191933800511698e-20 9.000930456783837760e-21
1.251456959895832915e+04 2.206329244125303542e-20 8.726989282974171477e-21
1.252091955151312686e+04 3.021030545804495467e-20 9.973926213531493519e-21
1.252726946979313107e+04 3.002011998368925966e-20 9.071360697035324628e-21
1.253361935377985719e+04 2.379073453628063471e-20 8.529872678162203122e-21
1.253996920345831859e+04 7.576924320686339316e-21 9.330116415464237593e-21
1.254631901881126032e+04 3.023482550369988976e-20 1.017801354086819215e-20
1.255266879982370301e+04 1.493003111369961599e-20 9.140328152905081832e-21
1.255901854647815162e+04 3.946262664876788271e-20 8.924488237333688962e-21
1.256536825875992145e+04 1.675424320111383794e-20 8.748621715587726505e-21
1.257171793665048426e+04 2.173130071823796724e-20 8.871083349935510400e-21
1.257806758013576837e+04 -1.356605769806085523e-20 8.372016192395693263e-21
1.258441718919846608e+04 -3.806136300278883461e-22 8.670418602534105381e-21
1.259076676382198639e+04 1.549885531842643026e-20 9.325412115813517762e-21
1.259711630399034766e+04 -2.840023792366939839e-21 8.583381723204885887e-21
1.260346580968721719e+04 1.602282626380571328e-20 8.766067022990153657e-21
1.260981528089626227e+04 -3.040305235496255601e-21 8.711084969231180793e-21
1.261616471760107561e+04 6.307967583007210978e-21 8.890667282142775009e-21
1.262251411978531723e+04 -7.198796289564004049e-21 9.307806172113235693e-21
1.262886348743267627e+04 1.674260397912215232e-20 8.961075744299080467e-21
1.263521282052677088e+04 2.369821223148983787e-20 8.883624419889263756e-21
1.264156211905122836e+04 7.964108417060389170e-21 9.282698944216512875e-21
1.264791138298929400e+04 4.408336998923454600e-20 9.078568632612653766e-21
1.265426061232519714e+04 1.845252733049257694e-20 8.547399812002247376e-21
1.266060980704259237e+04 2.397880871647109451e-20 8.192712301620680260e-21
1.266695896712441572e+04 1.811098338574564077e-20 8.616040499613625013e-21
1.267330809255392523e+04 2.878021590760726621e-20 8.278377359811859972e-21
1.267965718331628705e+04 2.126441357634922236e-20 8.294947126173903925e-21
1.268600623939372417e+04 2.285381889789068638e-20 8.540912198024965948e-21
1.269235526076982569e+04 1.389405352484488175e-20 8.245696579559555448e-21
1.269870424742881005e+04 2.240176924789434617e-20 8.555757265856461530e-21
1.270505319935356420e+04 2.436342548864195763e-20 8.198660533287309534e-21
1.271140211652792641e+04 2.673815061450628955e-20 8.565648966593312056e-21
1.271775099893601327e+04 1.903670996369054970e-20 8.265341193131186274e-21
1.272409984656004417e+04 3.121313316215971237e-20 8.700580508593832509e-21
1.273044865938073235e+04 -7.926559060836125390e-21 7.967104094401399916e-21
1.273669492812586032e+04 2.209175640607423841e-20 8.023572797474824741e-21
1.274304366400758590e+04 3.585078331872970153e-20 9.293283478828357272e-21
1.274939236503947177e+04 3.052153222575592601e-20 8.212181017084137450e-21
1.275574103120475411e+04 2.925195872874455468e-20 8.449933112047083672e-21
1.276208966248722390e+04 7.751941978713811016e-21 8.592186652919960742e-21
1.276843825887032108e+04 8.464449386681743278e-21 9.691060524907977708e-21
1.277478682033748919e+04 6.388949042909924181e-21 8.740915263657278649e-21
1.278113534687203719e+04 5.297595951153556053e-20 8.672014550793310766e-21
1.278748383845749049e+04 1.227725829419539203e-20 9.038729406773497738e-21
1.279383229507760370e+04 8.746482378466566339e-21 9.124112792904334702e-21
1.280018071671544931e+04 2.988581764587122419e-20 9.671544293813561584e-21
1.280652910335373235e+04 2.450592973364440370e-20 9.223446783412264964e-21
1.281287745497675132e+04 2.817667031482448143e-20 8.705687424397882739e-21
1.281922577156796433e+04 2.701284203115570969e-20 8.078609725257127913e-21
1.282557405311008006e+04 2.095701635082570558e-20 8.649310344168179381e-21
1.283192229958645112e+04 3.894851268239757331e-20 9.438096165101410244e-21
1.283827051098111042e+04 3.456182287136831378e-21 8.033772850236038078e-21
1.284461868727728870e+04 1.202022844022783007e-20 8.616058599470498546e-21
1.285096682845738178e+04 3.485469579805342275e-20 9.201866057326965395e-21
1.285731493450539347e+04 3.125158933920250113e-20 9.497720783563719782e-21
1.286366300540534212e+04 1.342250782028191075e-20 8.759510060370360703e-21
1.287001104113914698e+04 1.012569341585057461e-20 8.951560845346835932e-21
1.287635904169102105e+04 7.372686519173827155e-21 8.406576788393409095e-21
1.288270700704400042e+04 5.836550771299026588e-21 8.594548370462941208e-21
1.288905493718137404e+04 2.822106738929372929e-20 8.566538123238411219e-21
1.289540283208640903e+04 2.120248153524346115e-20 8.848547873700433402e-21
1.290175069174201781e+04 5.486347999197159830e-21 8.880706718371025833e-21
1.290809851613201863e+04 5.429141726327127562e-21 8.657182006686138467e-21
1.291444630523941123e+04 3.079990325915183802e-20 9.025158214967734005e-21
1.292079405904708074e+04 2.639268465381737832e-20 8.724180288929844886e-21
1.292714177753861077e+04 2.200085200258873727e-20 8.918187697011744715e-21
1.293348946069753219e+04 -2.584106392730183113e-21 8.834251844019187621e-21
1.293983710850659190e+04 1.185179419553785023e-20 8.436138617770259114e-21
1.294618472094841491e+04 5.039025124579196209e-21 8.494040845942797432e-21
1.295253229800755435e+04 1.035269878345671797e-20 8.713715252230278664e-21
1.295887983966649517e+04 -2.277148193410356274e-23 9.101065731458547145e-21
1.296522734590804612e+04 6.225215326463219486e-21 8.756129431741421474e-21
1.297157481671595087e+04 1.653902100053851175e-20 8.800907535990127848e-21
1.297792225207209412e+04 8.208576794047380698e-21 8.934458813697175751e-21
1.298426965196132187e+04 2.445639918402042765e-21 8.171391616415019168e-21
1.299061701636641556e+04 8.795874354420271297e-21 9.216828078697878571e-21
1.299696434526977100e+04 1.051333678732925203e-20 9.120229547636549036e-21
1.300331163865512463e+04 1.485341779325545962e-21 8.711178640243192902e-21
1.300965889650532517e+04 -2.111613159926106065e-21 9.684650936326619992e-21
1.301600611880311590e+04 3.486317332693351217e-21 9.283668535303177396e-21
1.302235330553123094e+04 2.436828260076773074e-20 9.405635343649775842e-21
1.302870045667438717e+04 8.567281512809974148e-21 8.635647739906468804e-21
1.303504757221427826e+04 3.589891469349352820e-21 9.042988601218209152e-21
1.304139465213469703e+04 -9.667681135670352491e-21 8.471536937410304987e-21
1.304774169641322260e+04 1.767733000776578444e-21 8.596370901380681521e-21
1.305408866774781200e+04 4.386613295300754478e-20 9.202095898792861991e-21
1.306043557753192363e+04 2.371863760688987058e-20 9.442532589058636468e-21
1.306678245162970779e+04 1.875298506258955851e-20 9.046803620414699616e-21
1.307312929002350029e+04 2.012649851267024500e-20 8.294845213135895719e-21
1.307947609269595887e+04 2.323019510008181789e-20 8.111668542253111819e-21
1.308582285963142022e+04 3.265872033172963982e-20 8.636132063565634474e-21
1.309216959081241112e+04 1.309701349082522011e-20 9.040112741625769036e-21
1.309851628622132375e+04 3.512908115642897109e-20 9.547588437034746840e-21
1.310486294584110874e+04 1.908213840075989874e-20 8.755688258628801530e-21
1.311120956965540609e+04 -5.660385809504582644e-21 8.836714805499047802e-21
1.311755615764639515e+04 2.378992790147881288e-20 8.166495380327914437e-21
1.312390270979698835e+04 5.620785961671613665e-21 8.213405263258587808e-21
1.313024922609154601e+04 2.279949367517088106e-20 8.881713402982265786e-21
1.313659570651159993e+04 3.380495767609400684e-20 8.542454644152781146e-21
1.314294215104004070e+04 2.015123762080822992e-20 8.874597316426167883e-21
1.314928855965999355e+04 1.503538820170586999e-20 8.513638748786350840e-21
1.315563493235476199e+04 1.193777788027281705e-20 8.161203691033657233e-21
1.316198126910688006e+04 -4.678879959581514721e-22 8.216864490031423568e-21
1.316832756989886548e+04 2.307031719259000548e-20 8.589085297341909065e-21
1.317467383471388166e+04 6.228847463289808124e-21 8.362410612751965982e-21
1.318102006353467914e+04 -1.117424554098808106e-21 8.058298030687581153e-21
1.318736625634385382e+04 8.016045659091678079e-22 8.331317039433752683e-21
1.319371241312558959e+04 1.224322073976423752e-21 8.851287130161371779e-21
1.320005853386063063e+04 6.253234878125197353e-22 8.466567644748241002e-21
1.320640461853304805e+04 1.004405079453292970e-20 8.659854411391915362e-21
1.321275066712569060e+04 3.168762419007848898e-20 8.352209328480198255e-21
1.321909667962067033e+04 8.909779043942891832e-21 8.939856829122930467e-21
1.322544265600111248e+04 3.278829854571465900e-20 8.964872065473292727e-21
1.323178859624973666e+04 8.381608168550466550e-21 8.558458612365125508e-21
1.323813450034884954e+04 -8.959291047096324320e-22 8.439163763593110607e-21
1.324448036828234763e+04 2.400384678198099766e-20 8.702805109371143008e-21
1.325082620003156444e+04 1.578793101263804660e-20 7.894016047583521970e-21
1.325717199558025459e+04 7.342240927963340520e-21 8.104011926782869484e-21
1.326351775491137414e+04 -1.644769929930672258e-20 8.358243954972394070e-21
1.326986347800558178e+04 -8.379433642367517266e-22 8.192125072216813338e-21
1.327620916484768713e+04 3.371145927397346195e-20 8.476978721688920528e-21
1.328255481541967674e+04 8.231393674033535871e-21 7.783580900607558903e-21
1.328890042970382274e+04 7.340064417879881420e-21 8.563266688354787511e-21
1.329524600768341043e+04 2.477295570246199776e-20 8.567747596874064420e-21
1.330159154934048638e+04 1.160437480195944114e-20 8.386674808688954690e-21
1.330793705465873245e+04 2.376757503874903349e-20 8.623036375310367938e-21
1.331428252361971136e+04 3.039763304550777184e-20 8.813955115345575254e-21
1.332062795620558245e+04 2.411217947931152894e-21 9.174130352678575255e-21
1.332697335240042776e+04 8.284586373990473060e-21 8.298734730765672284e-21
1.333331871218582273e+04 9.536167766992410172e-21 8.318678534456163915e-21
1.333966403554503268e+04 2.349612619768005834e-20 8.569548289154057069e-21
1.334600932245988406e+04 2.294598069797337027e-20 8.237255321701365121e-21
1.335235457291359671e+04 2.245502802179420851e-20 8.656851864178976732e-21
1.335869978688811716e+04 1.911417744401666076e-20 7.924134478364587159e-21
1.336504496436631962e+04 1.275073225450735249e-20 8.022429368996651210e-21
1.337139010533073633e+04 1.892736574559686594e-20 8.400090282378029364e-21
1.337773520976410509e+04 1.762760048211484786e-20 8.521695597753677962e-21
1.338408027764836334e+04 2.073840585027234253e-20 8.625582473138060415e-21
1.339042530896671087e+04 1.902204059002867932e-20 8.789931106301201212e-21
1.339677030370058310e+04 -2.466892478558880666e-21 7.903568904626658359e-21
1.340311526183374735e+04 2.943440470964271523e-21 8.508877990152007448e-21
1.340946018334733344e+04 1.886347493434396039e-20 8.685585508102550962e-21
1.341580506822488678e+04 2.545249146557407215e-20 8.591404583720130098e-21
1.342214991644885777e+04 3.979754419443245766e-21 8.709198503322094006e-21
1.342849472800090189e+04 2.113093708129352788e-20 8.950222189684089927e-21
1.343483950286343679e+04 -2.673923184222947208e-21 8.729037774538549119e-21
1.344118424101999881e+04 -1.287335794486601752e-20 8.490389011342318966e-21
1.344752894245193238e+04 8.203100334474447208e-22 8.339382272968417644e-21
1.345387360714160786e+04 -5.638282551459900248e-22 7.469723437389390454e-21
1.346021823507202134e+04 2.176549667496649337e-22 8.568455291684723685e-21
1.346656282622529216e+04 2.720028303398354629e-20 8.338496535165875523e-21
1.347290738058378884e+04 2.782243093024888957e-20 8.275948058185060273e-21
1.347925189812985627e+04 1.703086103797331988e-20 8.741858750002255488e-21
1.348559637884534459e+04 1.644316714085046419e-20 8.489231997681769452e-21
1.349194082271340449e+04 1.115453143427208605e-20 8.654708525213879432e-21
1.349828522971565690e+04 -6.606332000251793825e-22 9.300334391201599627e-21
1.350462959983512337e+04 3.055684301949831931e-20 8.607264370465492320e-21
1.351097393305361584e+04 1.620961062535739576e-20 8.484565348892360624e-21
1.351731822935314267e+04 5.507966581248473181e-21 8.731513233785399373e-21
1.352366248871671814e+04 -2.168241638617407484e-20 8.497581443344445543e-21
1.353000671112590862e+04 1.799005690683077645e-20 9.074481714205455975e-21
1.353635089656356649e+04 1.657264462448464921e-21 8.941018679606863470e-21
1.354269504501125266e+04 1.945716963240108911e-20 9.012222312223720248e-21
1.354903915645161214e+04 2.024846763517754556e-20 9.590837324752146489e-21
1.355538323086721721e+04 2.730107122831662889e-20 9.716576053622299179e-21
1.356172726823948688e+04 6.698953254626983882e-21 9.760671763535323225e-21
1.356807126855132447e+04 2.457444275232657421e-20 9.388374680784505816e-21
1.357441523178427633e+04 2.494532617644891953e-20 9.081063442452760831e-21
1.358075915792051819e+04 3.307568508345383274e-20 9.198755969698783261e-21
1.358710304694322804e+04 1.678005125153312425e-20 8.521244970679013998e-21
1.359344689883343744e+04 7.305306818807132272e-21 9.135479002059988606e-21
1.359979071357373687e+04 9.574901048245134339e-21 8.758552632468876805e-21
1.360613449114661307e+04 9.880128926252035475e-21 8.846304020359376766e-21
1.361247823153344871e+04 2.427707937679157822e-20 9.651682427089322071e-21
1.361882193471660503e+04 8.637902716004186362e-21 8.929554164235216246e-21
1.362516560067829232e+04 3.026727353264691929e-21 8.907460788468792850e-21
1.363150922940062264e+04 1.680134076779259298e-20 8.664902831427269353e-21
1.363785282086561529e+04 1.638191987732579395e-20 8.806457243447944328e-21
1.364419637505523315e+04 2.596873111096324958e-20 9.330425561764474330e-21
1.365053989195165377e+04 3.230715708649914163e-20 9.154785018737258784e-21
1.365688337153656357e+04 2.364372794717537275e-20 8.803257759776804318e-21
1.366322681379304595e+04 3.019864628378493578e-20 9.432666172282545552e-21
1.366957021870191056e+04 2.383316056718714984e-20 9.283582892940657957e-21
1.367591358624531495e+04 7.276294490066999348e-21 8.786613326329978275e-21
1.368225691640560399e+04 7.442794739072306606e-21 8.973801679309502221e-21
1.368860020916511166e+04 7.225776221398922274e-21 9.062245621519284634e-21
1.369494346450494777e+04 2.540294664362689353e-22 9.791899907729488000e-21
1.370128668240828483e+04 6.778785438097186413e-21 9.209616214224969021e-21
1.370762986285566330e+04 2.707163777024177542e-20 9.168225720354121872e-21
1.371397300583006836e+04 1.323667414091006740e-20 8.779148562274416243e-21
1.372031611131256795e+04 2.211885066270500496e-20 8.094131272458005887e-21
1.372665917928559429e+04 4.392143087252798023e-20 9.324389160206937218e-21
1.373300220973138858e+04 2.064935714463250363e-20 9.030974968952514726e-21
1.373934520263113336e+04 1.642660816770751696e-20 8.398190980675638415e-21
1.374568815796726994e+04 2.105654733920065065e-20 9.138322441860508410e-21
1.375203107572110639e+04 4.083805284817448800e-21 8.655699682472462467e-21
1.375837395587522042e+04 9.735086861085514377e-21 8.496905885386258134e-21
1.376471679841036166e+04 1.215950441487711969e-20 8.660808476150767465e-21
1.377105960330929884e+04 3.804187258806086940e-20 8.869395990401607742e-21
1.377740237055401667e+04 1.059599282142168473e-20 9.301227389872522948e-21
1.378374510012593782e+04 4.170289632142016294e-20 9.246877319939946959e-21
1.379008779200614845e+04 4.501694937620677624e-20 9.811003599051507748e-21
1.379632668705182732e+04 1.942097456795555137e-20 9.293161551977686107e-21
1.380266929574194910e+04 3.005918463115109824e-20 8.982880969928697704e-21
1.380901186706523731e+04 3.111460126887367850e-20 9.399808701257814652e-21
1.381535440062715134e+04 1.976467086936873919e-20 9.658967822016332752e-21
1.382169689640698562e+04 2.239800261955376303e-20 8.545787466714319217e-21
1.382803935438581721e+04 1.449264156245036022e-20 9.105029984909537992e-21
1.383438177454502511e+04 1.433464978196716196e-20 9.889703755176820922e-21
1.384072415686619570e+04 1.293308325940289511e-21 9.053374629883803004e-21
1.384706650133177209e+04 1.921937626010256465e-20 8.743189949050735596e-21
1.385340880792314601e+04 1.035240344999360942e-20 8.318258482711222827e-21
1.385975107662162009e+04 1.009113463157574277e-20 8.411412034677446874e-21
1.386609330740945552e+04 1.449576860201542560e-20 8.364715664207380693e-21
1.387243550026801131e+04 8.424216074573980882e-21 8.307154379605318701e-21
1.387877765517861553e+04 1.152180472082479469e-20 8.847785261638400046e-21
1.388511977212355487e+04 8.123665931910187961e-21 8.552873179305174115e-21
1.389146185108401187e+04 5.521060739602025753e-21 8.826836248473293794e-21
1.389780389204131461e+04 2.667055779736489514e-20 8.797469578540948866e-21
1.390414589497776251e+04 4.155591668493613948e-21 8.279098753727583036e-21
1.391048785987421070e+04 6.988527405622026424e-21 8.626591542440442935e-21
1.391682978671282581e+04 2.083653474301785913e-20 1.024761319982544886e-20
1.392317167547457757e+04 1.755403847269194821e-20 9.067097342376238002e-21
1.392951352614168718e+04 5.016016912356977335e-21 7.901721762093362445e-21
1.393585533869494975e+04 4.471219872762000736e-20 9.451486726840388315e-21
1.394219711311616447e+04 2.672837048089799354e-20 9.515696208898380149e-21
1.394853884938729789e+04 3.386039945461137463e-20 8.622356344641153637e-21
1.395488054748947434e+04 1.421841644726026948e-20 9.058371022711606974e-21
1.396122220740339071e+04 -1.340713347662319445e-20 8.701665356470829326e-21
1.396756382911192850e+04 3.037412833388267642e-20 8.642837566061065098e-21
1.397390541259555539e+04 2.700497443302964359e-20 9.084358502590626536e-21
1.398024695783570314e+04 3.829826414412567693e-20 8.731832299827811126e-21
1.398658846481441105e+04 2.475939163517782553e-20 9.117139537732929302e-21
1.399292993351315999e+04 3.456100505225235085e-20 9.374486738740864812e-21
1.399927136391268868e+04 1.982645803816316281e-20 8.983355941883906327e-21
1.400561275599469991e+04 2.561507094440922923e-20 8.990421130637125763e-21
1.401195410973981961e+04 1.524025262409309383e-20 8.579206749212633342e-21
1.401829542513157685e+04 9.489660095985290441e-21 8.735053309843587824e-21
1.402463670214892045e+04 2.315411658360995803e-20 9.383332708225353933e-21
1.403097794077487742e+04 1.663962802233001107e-20 8.497724393017555457e-21
1.403731914098897141e+04 2.389357163740892198e-20 9.292503565574830112e-21
1.404366030277508435e+04 4.696038424675366020e-20 9.155416540235060453e-21
1.405000142611206866e+04 2.656504862725083041e-20 8.787426165746474306e-21
1.405634251098251661e+04 2.297141485182454938e-20 8.952032702495470265e-21
1.406268355736704325e+04 2.265755730762147816e-20 8.890267320645075690e-21
1.406902456524769696e+04 1.627249767740193757e-20 9.104508457956119707e-21
1.407536553460535470e+04 1.346691016749355512e-20 8.688675432741398693e-21
1.408170646542116447e+04 2.143292126276149932e-20 9.279804067814836002e-21
1.408804735767607963e+04 2.851047112478938022e-20 9.405662529376563564e-21
1.409438821135136459e+04 2.020339249411848909e-20 9.849666381798921196e-21
1.410072902642958616e+04 3.899576780628073581e-20 8.155302682077448629e-21
1.410706980289046805e+04 2.603803452106178775e-20 7.906582059812070269e-21
1.411341054071528379e+04 2.089276782616190303e-20 8.888894298047556373e-21
1.411975123988557243e+04 4.330312909270034945e-20 9.077065153784602228e-21
1.412609190038238194e+04 1.489663820509576028e-20 8.802924216007684261e-21
1.413243252218367525e+04 2.341062795056961054e-20 8.550237005614988764e-21
1.413877310489736556e+04 3.618310919101508637e-20 9.155806667643342869e-21
1.414500948388420147e+04 1.770552030388501716e-20 9.071747358460950488e-21
1.415134998209545847e+04 1.880217976694321628e-20 9.158629627056398426e-21
1.415769044153795039e+04 7.127010178200940302e-21 8.662920635371401494e-21
1.416403086219312900e+04 3.322214168774128298e-20 9.009609880350688970e-21
1.417037124404229507e+04 1.593528130910080987e-20 8.918519282229181949e-21
1.417671158706620554e+04 -4.711317309728310576e-21 9.344080785282256017e-21
1.418305189124632489e+04 1.622945448505958646e-20 9.248595939739322331e-21
1.418939215656330452e+04 1.899043211149156726e-20 7.926330763845602853e-21
1.419573238299765035e+04 5.677367198117443629e-21 8.101762890489282622e-21
1.420207257053125068e+04 9.859506951686563368e-21 8.065917628186300142e-21
1.420841271914365097e+04 8.506355238366526243e-21 8.155705196656597303e-21
1.421475282881754902e+04 1.285280826850858214e-21 8.719344847838039875e-21
1.422109289953282496e+04 2.246757797863853553e-20 8.417905109717529432e-21
1.422743293127125071e+04 6.203590415323472339e-21 8.473158920025954667e-21
1.423377292401303202e+04 4.182066922094132761e-20 8.591341860317128970e-21
1.424011287773966615e+04 1.710915570738412571e-20 8.445214313050160545e-21
1.424645279243221739e+04 -4.346014067131744825e-21 8.114888811047682580e-21
1.425279266807050772e+04 -6.181734164522996472e-21 8.799653669075165814e-21
1.425913250463681106e+04 2.628403776675966981e-20 8.544906757450356779e-21
1.426547230211087299e+04 2.850569952043645904e-20 8.577011587440146762e-21
1.427181206047402338e+04 1.740545898094101379e-20 7.872323180517730955e-21
1.427815177970639343e+04 1.649851407523636938e-20 8.651169928226745935e-21
1.428449145979011882e+04 7.926846773496331715e-21 8.992799648005567935e-21
1.429083110070506518e+04 1.103789320133860439e-20 8.278679234964478206e-21
1.429717070243279159e+04 1.841835111171847675e-20 7.985878182951855039e-21
1.430351026495294172e+04 1.175414849561215138e-20 8.519388216434772698e-21
1.430984978824770224e+04 -5.811850920866440194e-21 8.096190089106084385e-21
1.431618927229686778e+04 2.784771410994704274e-21 8.384469322533357374e-21
1.432252871708156817e+04 7.700255633973961801e-21 8.478442281423156511e-21
1.432886812258239479e+04 2.416944138847834138e-20 8.091186551574498884e-21
1.433520748878057020e+04 5.285870308216784505e-21 8.618210057697647370e-21
1.434154681565574720e+04 1.379026060729369874e-20 8.550833578983723554e-21
1.434788610319002873e+04 -6.718482922959124188e-21 8.048903286347111619e-21
1.435422535136259467e+04 2.335930589637655805e-20 8.303780676405226285e-21
1.436056456015569893e+04 1.100607353281314105e-20 8.603114588267192494e-21
1.436690372954892337e+04 -1.030103514259089767e-20 8.547117694832548011e-21
1.437324285952311948e+04 5.813114650649420034e-21 8.727013858869867016e-21
1.437958195005980087e+04 2.074773155640496435e-20 8.519223366516998730e-21
1.438592100113741981e+04 2.853344999571396041e-20 9.500658598342193555e-21
1.439226001273870861e+04 -4.695125415801366368e-21 8.634828814185226218e-21
1.439859898484352016e+04 2.063397449252692116e-20 8.369839942042043567e-21
1.440493791743290785e+04 1.806035918972566132e-20 8.177612138885495283e-21
1.441127681048633531e+04 1.142071102638135953e-20 8.324423314269967665e-21
1.441761566398493233e+04 3.343111476312341388e-20 8.481782167593201004e-21
1.442395447791015067e+04 8.989856568646456234e-21 8.465420052786894117e-21
1.443029325224106651e+04 2.295306324095985981e-20 8.245887332282375039e-21
1.443663198695918800e+04 1.919114854119470670e-20 8.384682840512488115e-21
1.444297068204468815e+04 2.087282657404293318e-20 9.529373336150455972e-21
1.444930933747815288e+04 2.218910307595112815e-21 8.507635203971299211e-21
1.445564795323963881e+04 2.254286314317859736e-20 9.208448000865555799e-21
1.446198652930988283e+04 1.756976507002512877e-20 9.016718643223708522e-21
1.446832506566911070e+04 2.140598237337217733e-20 8.443026983824756192e-21
1.447466356229850862e+04 3.720135672520977307e-20 8.501753335751341033e-21
1.448100201917871891e+04 2.119145844335392883e-20 9.179550351207629526e-21
1.448734043628880318e+04 4.491765888758374109e-21 9.432950076813663375e-21
1.449367881361029140e+04 8.663223250388221678e-23 8.948565539160054230e-21
1.450001715112313286e+04 2.195454534973417925e-20 9.104261691482068497e-21
1.450635544880729503e+04 3.302200753720380538e-20 9.065216739395627527e-21
1.451269370664400230e+04 1.965189062383040399e-20 8.568847091720650907e-21
1.451903192461283470e+04 -5.534971029152033006e-21 8.099523775384576689e-21
1.452537010269395796e+04 1.246043810751864306e-20 9.619945869268493544e-21
1.453170824086824541e+04 9.830482405676326672e-21 8.370736821707013326e-21
1.453804633911712153e+04 3.282794939556463182e-20 8.675934009128095202e-21
1.454438439741850743e+04 -5.830820957093152465e-21 7.976777672106281955e-21
1.455072241575462067e+04 -6.417181047983166903e-21 8.486703690077011630e-21
1.455706039410466838e+04 1.196912386652392970e-20 9.093530113965013107e-21
1.456339833244920374e+04 1.647897816188133509e-20 8.743084206658289971e-21
1.456973623076878903e+04 1.213317796105714131e-20 9.391414487486691626e-21
1.457607408904264776e+04 9.415793806709591597e-21 8.564331910680071061e-21
1.458241190725172419e+04 1.105562585604455448e-20 8.919047373545264630e-21
1.458874968537642962e+04 7.553039423050659919e-21 8.544797056200145077e-21
1.459508742339673336e+04 1.743964750949460995e-20 8.927638188224348283e-21
1.460142512129281567e+04 -5.083891603228624191e-23 8.009216233636601258e-21
1.460776277904506060e+04 -8.378328200939011375e-21 8.083451401804110127e-21
1.461410039663259704e+04 9.725616122721069783e-21 8.528541567158555332e-21
1.462043797403631470e+04 -2.203881384157978120e-21 8.066458580485165468e-21
1.462677551123665580e+04 -1.356896046628103071e-20 8.101965458953078030e-21
1.463311300821292571e+04 1.306062354779925265e-20 8.541091322568741000e-21
1.463945046494606868e+04 1.516896019760539452e-20 8.253805277061566271e-21
1.464578788141538826e+04 -1.075380192065036418e-21 8.146601380620582902e-21
1.465212525760117933e+04 1.931979200605007766e-20 8.486637775089536316e-21
1.465846259348401691e+04 1.806149800741925807e-20 8.682365178386139661e-21
1.466479988904318816e+04 1.662130524303345995e-20 8.247663651792878381e-21
1.467113714425966282e+04 3.272603742863772499e-21 8.705460291787479270e-21
1.467747435911172033e+04 3.045844607786306683e-20 8.374494730884865360e-21
1.468381153358086340e+04 1.698779727393021712e-20 8.706537487446162709e-21
1.469014866764658109e+04 2.075266251439992715e-20 8.850391844051285544e-21
1.469648576128924469e+04 2.672765838743312406e-20 9.346908075804626345e-21
1.470282281448850699e+04 2.098685363294791986e-20 8.582553262247400766e-21
1.470915982722384979e+04 1.205693265257415992e-20 8.796142164546149507e-21
1.471549679947477671e+04 3.105260984532029935e-20 8.494087382401867023e-21
1.472183373122355079e+04 6.041620467491367421e-20 9.347411006243774403e-21
1.472817062244815861e+04 3.073782180617717412e-20 9.486399463072216204e-21
1.473450747312759813e+04 5.271673940767690382e-20 9.104331139589681886e-21
1.474084428324376859e+04 1.825478485899439818e-20 9.003741008862474918e-21
1.474718105277576433e+04 4.396758412654266684e-21 8.843665347862498708e-21
1.475351778170361649e+04 8.976973775044580515e-21 8.589687549036095873e-21
1.475985447000655950e+04 8.203872403392921567e-21 8.565664713649916623e-21
1.476619111766441711e+04 2.429230530498504282e-20 9.297843673810722679e-21
1.477252772465757516e+04 2.350478245682621450e-20 9.148391400497905085e-21
1.477886429096591928e+04 1.730134433887601969e-20 9.704354788619112623e-21
1.478520081656775437e+04 3.991034052076939309e-20 9.053049345669379970e-21
1.479153730144421388e+04 1.894530174623896628e-20 8.845323684960597778e-21
1.479787374557543808e+04 2.496235242956498923e-20 9.101781434432156449e-21
1.480421014893973006e+04 1.755734463777763988e-20 8.976014473194412193e-21
1.481054651151747203e+04 2.775102944288334260e-20 8.904503626481986458e-21
1.481688283328868238e+04 1.060619546671753993e-20 9.047211715441109047e-21
1.482321911423315396e+04 1.343202991725587341e-20 7.933360473755977009e-21
1.482955535432901888e+04 2.867034986868950146e-20 8.777015222168005448e-21
1.483589155355767434e+04 3.098427804470970712e-20 8.832074139376612225e-21
1.484222771189779087e+04 5.209348361519303378e-21 8.147018039446134464e-21
1.484856382932897395e+04 2.729932909645931680e-20 8.956310160426196856e-21
1.485489990583216422e+04 3.708264384886871438e-20 8.672054269648075651e-21
1.486123594138524277e+04 1.728254623774318200e-20 8.659008210006036634e-21
1.486757193596853904e+04 1.677666266640443363e-20 9.678234298201393417e-21
1.487390788956182951e+04 2.906912296261995594e-20 8.863061991098183243e-21
1.488024380214405573e+04 2.553396492259335964e-20 8.851674190241175613e-21
1.488657967369476683e+04 2.898445785923504489e-20 8.102807994238972818e-21
1.489291550419446321e+04 4.961817907030268924e-20 9.134069036887457542e-21
1.489925129362199550e+04 5.948389006969031712e-21 8.997755807772267575e-21
1.490558704195615792e+04 2.026138028687348629e-20 8.100015492603803661e-21
1.491192274917740724e+04 1.940719197154216645e-20 8.987474345015434865e-21
1.491825841526451768e+04 2.265337982480024023e-20 8.159931404264298781e-21
1.492459404019775138e+04 1.420831290225156722e-20 8.566414739998860088e-21
1.493082450696098931e+04 2.743992518722723348e-20 9.030134197278586759e-21
1.493716004165111008e+04 1.766796874535413234e-20 8.580205114702079994e-21
1.494349553549991106e+04 2.202485855537997070e-20 8.853447453389525221e-21
1.494983098811356467e+04 3.951448804691907435e-20 8.592258154602199896e-21
1.495616639946986106e+04 1.959459496853008982e-20 8.531860636016940917e-21
1.496250176954675953e+04 2.091463319325195858e-20 9.196205260840635936e-21
1.496883709832419117e+04 2.188411415874313378e-20 8.056669309371699154e-21
1.497517238578265278e+04 1.650555086798830108e-20 8.370455624618193899e-21
1.498150763189859208e+04 2.707479376989421639e-20 8.368983164036195517e-21
1.498784283665484691e+04 4.080042137930553414e-20 8.643990552558970600e-21
1.499417800002780677e+04 2.766932853531426325e-20 8.451065155417588701e-21
1.500051312199790846e+04 1.542466127059678617e-20 8.187744119661257719e-21
1.500684820254431179e+04 3.476325029399720177e-20 8.444219283770686947e-21
1.501318324164626392e+04 3.608881362364049619e-20 7.857119827689443098e-21
1.501951823928381964e+04 5.873184409602427861e-20 8.505368592366293931e-21
1.502585319543424521e+04 2.560841432442866441e-20 8.141269752426106663e-21
1.503218811007818658e+04 4.215603245101442284e-20 7.955291946025868254e-21
1.503852298319458168e+04 4.177155564179312289e-20 8.653058036736952262e-21
1.504485781476285774e+04 3.359345360931300957e-20 7.955908384527729741e-21
1.505119260476103955e+04 1.580310470239365992e-20 7.833803337398264333e-21
1.505752735316984763e+04 5.744728837554628203e-21 8.058440254210147247e-21
1.506386205996795434e+04 4.919959168693451235e-21 8.368642977059210442e-21
1.507019672513292971e+04 -1.270714865137064415e-20 7.430706200311300814e-21
1.507653134864508866e+04 1.894712343989571034e-20 7.774264121437970986e-21
1.508286593048382019e+04 3.526953051465811301e-20 8.184638922896796945e-21
1.508920047062812046e+04 1.205368417088619170e-20 8.027473294659461932e-21
1.509553496905604879e+04 2.640199421784369480e-20 7.420396466655802739e-21
1.510186942574766545e+04 2.092723616825160243e-20 7.924456145473423156e-21
1.510820384068156636e+04 1.452307421143491078e-20 7.729174375655087183e-21
1.511453821383686773e+04 3.009850035682698762e-20 8.006322271493074117e-21
1.512087254519212183e+04 3.556111977437717495e-20 8.066227120875031148e-21
1.512720683472696692e+04 2.765138704676725034e-20 7.748736114028901437e-21
1.513354108242012808e+04 7.722677624822666898e-21 7.671057315138256136e-21
1.513987528825046138e+04 2.651347352842881539e-20 8.037009745255178349e-21
1.514620945219682835e+04 3.439351942771657670e-20 7.781913034857612172e-21
1.515254357423789770e+04 5.032738123578090877e-20 8.548632555836525709e-21
1.515887765435322217e+04 3.371595577298500333e-20 7.689179563177945941e-21
1.516521169252090112e+04 3.806401867858486952e-20 8.109236092617751309e-21
1.517154568872102209e+04 -8.962688143807410415e-21 6.913471106748628772e-21
1.517787964293086043e+04 4.442934024291146202e-21 7.698549726134094943e-21
1.518421355512957598e+04 1.875232493126805271e-20 8.008350091850249435e-21
1.519054742529686337e+04 2.278912354914911583e-20 8.331068067786646666e-21
1.519688125341143132e+04 1.363355306154943253e-20 9.104398567511660820e-21
1.520321503944846700e+04 2.749732928017030350e-20 8.711950117223265426e-21
1.520954878301742974e+04 7.429456777160891385e-21 8.499237838900289873e-21
1.521577702980555659e+04 -8.866659300633118531e-21 7.787293658332052810e-21
1.522211068196465931e+04 2.232768062231093250e-20 8.570139949735738992e-21
1.522844429196291640e+04 3.842164579994013770e-20 8.025725066743621363e-21
1.523477785978079191e+04 2.398232677903801977e-20 7.748439739658670564e-21
1.524111138539518470e+04 3.075632984107280746e-20 7.767500485805691729e-21
1.524744486878519820e+04 2.864357537322850248e-20 7.726046331744703887e-21
1.525377830993006683e+04 1.362071553739928279e-20 8.137031436241771952e-21
1.526011170880821919e+04 2.942435270384642667e-20 8.335563251047752793e-21
1.526644506539831127e+04 2.665599818869984672e-21 8.105912130302039647e-21
1.527277837967874621e+04 1.986621745926768160e-20 8.175923379903388179e-21
1.527911165162870020e+04 1.115278601212968828e-20 7.544482682998891992e-21
1.528544488122522307e+04 3.536577587236279744e-20 7.695761133967425153e-21
1.529177806844899715e+04 3.130993374086128168e-21 7.963216412744813608e-21
1.529811121327646470e+04 9.098089307462647361e-21 7.294506935536125028e-21
1.530444431568843902e+04 4.310834615864024504e-22 7.858947775036484352e-21
1.531077737566136238e+04 4.403179564810049963e-20 8.572946475099659810e-21
1.531711039317508403e+04 1.691970027637769297e-20 7.889838449249458191e-21
1.532344336820764511e+04 6.559132298248355766e-21 8.175465777174823303e-21
1.532977630073704131e+04 7.172166065530060561e-21 7.901151061967944120e-21
1.533610919074225785e+04 2.691608714920967035e-20 8.053367972795786360e-21
1.534244203820205075e+04 -4.969710618364210913e-21 7.501824696630194521e-21
1.534877484309440842e+04 4.065930418835769011e-20 8.106708983133088046e-21
1.535510760539787043e+04 2.962208474967326842e-20 8.204011316703618852e-21
1.536144032509034332e+04 3.054267959584011469e-20 8.549603127156755977e-21
1.536777300215059040e+04 6.684755607087906291e-22 7.758186457098281552e-21
1.537410563655746773e+04 1.741964456038019609e-20 8.301914881705320413e-21
1.538043822828763405e+04 -7.338664608666540809e-21 7.802583116434458381e-21
1.538677077732181351e+04 2.067836438362115264e-20 8.027904951505995010e-21
1.539310328363722874e+04 1.975685540351032600e-20 7.312527928267969377e-21
1.539943574717398769e+04 1.221276619142207426e-20 8.624629052121626252e-21
1.540576788712224334e+04 3.450913536198518592e-20 8.149592810960924160e-21
1.541209993868608763e+04 3.287926627135161264e-20 8.294580512384789260e-21
1.541843194744989523e+04 2.701113603853992150e-20 8.133893787123028249e-21
1.542476391339289330e+04 3.607038221881488469e-20 8.361683548425217947e-21
1.543109583649330307e+04 5.699860639208521869e-21 8.132111394706653531e-21
1.543742771672916024e+04 2.167039673872614579e-20 8.441216872159987039e-21
1.544375955407885340e+04 3.075032339558050842e-20 7.342893672691475478e-21
1.545009134852049829e+04 1.867190516292655216e-20 8.356000434187340920e-21
1.545642310003215243e+04 1.518639094830740809e-20 9.359665631822979985e-21
1.546275480859174604e+04 9.149159745832078485e-21 8.511471807782548754e-21
1.546908647417807151e+04 6.872361932119455576e-21 7.500734583223411848e-21
1.547541809676922276e+04 7.222315039919968196e-21 8.566355905902494385e-21
1.548174967634188215e+04 1.153403300734632693e-20 8.645753932911530730e-21
1.548808121287590802e+04 1.456925100648942293e-20 8.813885334613709741e-21
1.549441270634903958e+04 2.687190876065744634e-21 8.123785748628869059e-21
1.550074415673825570e+04 3.768759909070588395e-20 8.167944340725794628e-21
1.550707556402179944e+04 1.834363026171906757e-20 7.823327315024557703e-21
1.551340692817896525e+04 2.209640234554740556e-20 8.720745794851565854e-21
1.551973824918703758e+04 8.832911626016810954e-21 7.639205492279166414e-21
1.552606952702339368e+04 4.658734871734639513e-21 9.089316535479609108e-21
1.553240076166660765e+04 1.294773864089716559e-20 8.548478417944699999e-21
1.553873195309458606e+04 -2.188771976276276166e-21 7.624495224048896650e-21
1.554506310128589212e+04 -8.116190776517463550e-23 8.893622318469559975e-21
1.555139420621672252e+04 1.754496188121848045e-20 8.363772410069181757e-21
1.555772526786640628e+04 1.716419924023720518e-20 8.382475634775194319e-21
1.556405628621241522e+04 2.624907866474410924e-20 9.031270716644546944e-21
1.557038726123275956e+04 1.993808711338615987e-20 8.602482752292993003e-21
1.557671819290588246e+04 9.474674924439340642e-21 9.242765100929666293e-21
1.558304908120781874e+04 1.125228616936763808e-20 9.556511600216217501e-21
1.558937992611759910e+04 2.187508067553201508e-20 8.233521444455151073e-21
1.559571072761319920e+04 2.596144910322930305e-20 8.640100612469596599e-21
1.560204148567222182e+04 2.491611193495053364e-21 8.677948044163118033e-21
1.560837220027242074e+04 2.133079098327690245e-20 8.086667822918458821e-21
1.561470287139137690e+04 1.565622175408200836e-20 8.406932620530432888e-21
1.562103349900743524e+04 3.354392511184380279e-20 8.593177843211125201e-21
1.562736408309707440e+04 5.514994372270961821e-20 9.129293943728490518e-21
1.563369462363909588e+04 1.993403231306489721e-20 8.474448300686660617e-21
1.564002512061056404e+04 1.933840132441065977e-20 8.286532224590333975e-21
1.564635557398939454e+04 1.627795785672093710e-20 9.436088564930936703e-21
1.565268598375368492e+04 8.685083195851813475e-21 8.094590809579466605e-21
1.565901634988077603e+04 2.764370110823729695e-20 8.312357170381403918e-21
1.566534667234809240e+04 2.213862099611372162e-20 8.784077170215480152e-21
1.567167695113342415e+04 1.475557409892716010e-21 7.965128221890617365e-21
1.567800718621396300e+04 2.092185744583404595e-20 9.111704525523232370e-21
1.568433737756752635e+04 2.062485292781309015e-20 8.349560079122081507e-21
1.569066752517222812e+04 2.040498145623188907e-20 8.309417920983686459e-21
1.569699762900476162e+04 1.922418509759778041e-21 7.993971644014452742e-21
1.570332768904299155e+04 -1.746841524865406976e-20 7.577262954426831820e-21
1.570965770526494998e+04 -9.133638471561694867e-21 8.213579554019610484e-21
1.571598767764719196e+04 -1.470654579994610388e-20 8.404209211896724151e-21
1.572231760616768588e+04 -7.611578894145336525e-21 7.599356710531127727e-21
1.572864749080394358e+04 4.862319250790247945e-21 7.813185758898340446e-21
1.573497733153319132e+04 -1.792763570067681743e-20 9.115268912976766446e-21
1.574130712833307916e+04 4.337679029784029359e-22 8.608772281246971473e-21
1.574763688118092614e+04 7.840088789715785262e-21 8.889047783300502409e-21
1.575396659005406764e+04 2.817238825494444261e-21 8.956102811011687084e-21
1.576029625493002641e+04 2.177258015279890809e-21 8.782740738431625785e-21
1.576662587578600869e+04 1.488209074232116421e-20 8.512171291936749828e-21
1.577295545259942264e+04 8.108171130213561692e-22 7.726202528637011590e-21
1.577928498534768187e+04 3.843574786504682473e-21 8.697428595294686253e-21
1.578561447400786892e+04 -1.396387386496526938e-20 8.912080269173572993e-21
1.579194391855749018e+04 -5.067807548483350157e-23 8.958601867734140820e-21
1.579827331897375734e+04 3.054632664183576675e-20 8.631695000926967073e-21
1.580460267523383664e+04 1.645827887900661291e-20 8.609999753156019354e-21
1.581093198731476332e+04 1.398528618042633001e-20 8.809169868397897189e-21
1.581726125519398920e+04 1.708505963231018882e-20 8.308455255012533490e-21
1.582359047884914071e+04 1.683377866509415785e-20 7.972310239159534967e-21
1.582991965825676743e+04 2.186362171375628624e-20 8.118048704809233810e-21
1.583624879339454310e+04 5.014252010801802294e-20 8.813736886781276389e-21
1.584257788423911734e+04 1.971527720420345645e-20 8.097927897795363432e-21
1.584890693076829484e+04 3.785323047703736525e-20 9.217239119124973523e-21
1.585523593295801038e+04 2.221841564532973660e-20 8.476449457007510796e-21
1.586156489078689083e+04 9.517684444246569157e-21 8.464219428507004789e-21
1.586778754496742295e+04 1.346251655391981649e-20 8.217027696483458831e-21
1.587411640637486926e+04 2.154380409968977384e-20 8.355248696718551038e-21
1.588044522335425427e+04 1.960901305878398265e-20 8.429006684996228100e-21
1.588677399587895707e+04 7.457458036524112491e-21 8.446041823919221404e-21
1.589310272392687148e+04 2.902296620085556139e-20 8.380295263519320648e-21
1.589943140747447615e+04 3.992675021998200692e-20 8.135426767935987082e-21
1.590576004649812785e+04 3.557912442311660799e-20 8.265215594642609891e-21
1.591208864097555670e+04 4.990268690999618086e-21 8.043465783992110423e-21
1.591841719088428908e+04 1.008981899072330546e-20 8.420916914144456196e-21
1.592474569620032707e+04 5.692860352815419861e-20 8.525112163606173631e-21
1.593107415690052039e+04 5.043225649108422921e-20 8.831482354674948987e-21
1.593740257296244636e+04 3.419063151505937897e-20 8.281916456672097337e-21
1.594373094436239626e+04 2.110629551923487861e-20 7.926860048479308266e-21
1.595005927107743446e+04 1.004240045831826351e-20 9.013197765025638065e-21
1.595638755308523832e+04 2.640954665130688858e-20 8.643914817282315857e-21
1.596271579036156436e+04 9.743264284684901787e-21 8.165075266672950881e-21
1.596904398288311495e+04 4.254531583322363165e-20 9.281365832361531504e-21
1.597537213062791125e+04 -7.929977133129275596e-21 9.144774067328360535e-21
1.598170023357153696e+04 2.575661871671837993e-20 9.193805655284470599e-21
1.598802829169079087e+04 2.434471843838045261e-20 9.129558616325021449e-21
1.599435630496284648e+04 3.109787679885872919e-20 8.698625077842979905e-21
1.600068427336463355e+04 2.772939863318860875e-20 8.355218325462679196e-21
1.600701219687230696e+04 1.536280541287464998e-20 7.852903135510130209e-21
1.601334007546318207e+04 2.621607672148763106e-20 8.968798242419396154e-21
1.601966790911320822e+04 5.491963654803837136e-21 8.132528867140127458e-21
1.602599569779915873e+04 1.510618442295671637e-20 8.444840346558834527e-21
1.603232344149891287e+04 1.253452868758207539e-20 8.652235088403162426e-21
1.603865114018748136e+04 1.396414466768841202e-20 8.363297227389418063e-21
1.604497879384247972e+04 1.988461477916103492e-20 7.901863509044432897e-21
1.605130640243970629e+04 1.460947820546688430e-20 7.872294694797845375e-21
1.605763396595623999e+04 2.622429979719628071e-20 7.369147601081553416e-21
1.606396148436811382e+04 3.398916851156959430e-20 8.471832852098082633e-21
1.607028895765232846e+04 4.021930159592600499e-20 1.018043724507647705e-20
1.607661638578576276e+04 3.693885049264146285e-20 9.141978659522344653e-21
1.608294376874479531e+04 2.870247491733849304e-20 7.979665622443535575e-21
1.608927110650606846e+04 3.817722346860068601e-20 7.914546056331757573e-21
1.609559839904450382e+04 3.926821830105756699e-20 8.288634390629513714e-21
1.610192564633410257e+04 2.690877419499281311e-20 8.488069667665324328e-21
1.610814629861222056e+04 3.539918434639368118e-20 8.588410813162795318e-21
1.611447344768022413e+04 2.606043722680759606e-20 8.710922670064094255e-21
1.612080055143235768e+04 2.995529256024008988e-20 8.544629701039297265e-21
1.612712760984337001e+04 1.857992232136790954e-20 8.404541739472631092e-21
1.613345462288940871e+04 3.853743606183627718e-20 8.050561765564317869e-21
1.613978159054858224e+04 3.029708915598851935e-20 8.664116176408241905e-21
1.614610851279566850e+04 1.749314730384436044e-20 9.536372693747637856e-21
1.615243538960716069e+04 3.514718358156965669e-20 8.217212869997489924e-21
1.615876222095915909e+04 3.104934518938552157e-20 8.431867330093320442e-21
1.616508900682947205e+04 5.031082760221704241e-20 8.575349939224841346e-21
1.617141574719293385e+04 1.064733400773725544e-20 9.330043031876016973e-21
1.617774244202565933e+04 1.193619980069902855e-20 8.973108279931819283e-21
1.618406909130404529e+04 2.136140158467743288e-21 7.859103968174922880e-21
1.619039569500481957e+04 1.106058543294434671e-20 9.463088841837008828e-21
1.619672225310427348e+04 2.360674608021249981e-20 8.664691756597101994e-21
1.620304876557787611e+04 1.126649116601259083e-20 8.580937081151853321e-21
1.620937523240233168e+04 2.721821079297573650e-20 9.317079730093131413e-21
1.621570165355327117e+04 3.518276642222759699e-20 8.338392911339118350e-21
1.622202802900662755e+04 7.436314328316292231e-21 7.690581221942865210e-21
1.622835435873927599e+04 3.433897038737740179e-20 7.176192148458844997e-21
1.623468064272698575e+04 2.108951802272560965e-20 8.244961768300592132e-21
1.624100688094600264e+04 3.539670831727190172e-20 7.769512221525573972e-21
1.624733307337220685e+04 1.625028547310590535e-20 7.823398654679896518e-21
1.625365921998040540e+04 2.002507486521644384e-20 8.192472925290900123e-21
1.625998532074845207e+04 1.312437331091660093e-20 7.446049733674057454e-21
1.626631137565163044e+04 2.655634146008592157e-20 7.899573408980953220e-21
1.627263738466612813e+04 4.671351847795323771e-20 8.282672609542896965e-21
1.627896334776704134e+04 4.158937499940929503e-20 8.309825002507810148e-21
1.628528926493047220e+04 1.908151143480029308e-20 7.800162672955309301e-21
1.629161513613347051e+04 2.556143515133202097e-20 7.922666140492857729e-21
1.629794096135124710e+04 2.565411131246977749e-20 8.179158924886786132e-21
1.630426674055922194e+04 3.310613196790687178e-20 8.377189940237848094e-21
1.631059247373411563e+04 4.381021582392366797e-20 8.131452225476587317e-21
1.631691816085122082e+04 8.888215343530713627e-21 8.334951877967392623e-21
1.632324380188617215e+04 2.980948247122380540e-20 8.619281585135668972e-21
1.632956939681541917e+04 2.560220882359633715e-20 8.049749263676334194e-21
1.633589494561398533e+04 2.446100305497451582e-20 7.137068082600416474e-21
1.634222044825848025e+04 8.198113237831278743e-21 8.172645602684916926e-21
1.634854590472339987e+04 3.685654634525476403e-20 8.072547315258189004e-21
1.635487131498605231e+04 3.046100948018643420e-20 7.789110729562521253e-21
1.636119667902102447e+04 4.500790806409498963e-20 8.680374829104525453e-21
1.636752199680398735e+04 1.325884972605326778e-20 7.846967707323337327e-21
1.637384726831178523e+04 2.805261926398633657e-20 7.967039157589959204e-21
1.638017249351913597e+04 3.727013227470461875e-20 7.444423725680759269e-21
1.638649767240157962e+04 3.324949476495107959e-20 8.543117769351796761e-21
1.639282280493461076e+04 1.502147927197937062e-20 8.590063554864974663e-21
1.639914789109487538e+04 3.838302796390006524e-20 8.275711797729001675e-21
1.640547293085667843e+04 1.102543219931128915e-20 7.837727360137419757e-21
1.641179792419640580e+04 1.547996029736194764e-20 7.663257850259605219e-21
1.641812287108917008e+04 2.166686161147185017e-20 8.139795385592085276e-21
1.642444777151132075e+04 2.877585797493383392e-20 8.550680274501256896e-21
1.643077262543779216e+04 3.863869596851652393e-20 8.985186381385294694e-21
1.643709743284305659e+04 1.712949113614034477e-20 8.800061744743237863e-21
1.644342219370385646e+04 1.634814433041662655e-20 8.315526576706560561e-21
1.644974690799614837e+04 3.196209204526708951e-20 8.557730075158601988e-21
1.645607157569380433e+04 2.492124711761716813e-20 7.791484616752670824e-21
1.646239619677309747e+04 1.608829090827337646e-20 8.135579573828672227e-21
1.646872077121001348e+04 2.664582691112264116e-20 7.424014528009232273e-21
1.647504529897858083e+04 2.423726838526434987e-20 7.967750892170439017e-21
1.648136978005461424e+04 2.001500648765259846e-20 8.584735050981400067e-21
1.648769421441390296e+04 3.900169034476264260e-20 8.325453443479430662e-21
1.649401860203234901e+04 3.137909658986049945e-20 9.432781915634582876e-21
1.650034294288374440e+04 2.737989759849068164e-20 8.678445941703477309e-21
1.650666723694414031e+04 3.015798058364334882e-20 8.459263244397810028e-21
1.651299148418881668e+04 3.730225825167273384e-20 7.909351729404575385e-21
1.651931568459357732e+04 2.307212358888273638e-20 8.738770249485543315e-21
1.652563983813215964e+04 3.711060523161751863e-20 8.613761795452953608e-21
1.653196394478090588e+04 3.199224217512985897e-20 8.518495711528500799e-21
1.653828800451486677e+04 1.779460707337198571e-20 8.606476857264530984e-21
1.654461201730878747e+04 4.570383100610351017e-20 8.875423429690646315e-21
1.655093598313881012e+04 2.217337169831283353e-20 8.422379748014574767e-21
1.655725990197920328e+04 4.799595891840596542e-20 7.478931593720518864e-21
1.656358377380451930e+04 3.589747391854023577e-20 8.367451723700310966e-21
1.656990759859145692e+04 1.971508542542449876e-20 8.414762507531242104e-21
1.657623137631487771e+04 1.074033107256576375e-20 8.449310609578766799e-21
1.658255510694799523e+04 2.956529249738392745e-20 8.902081624256239676e-21
1.658887879046781018e+04 5.809760440418206218e-20 9.493353399372724037e-21
1.659520242684927143e+04 4.265927201867664265e-20 8.404163997274791282e-21
1.660152601606557801e+04 3.263551586842047633e-20 8.256724415960494383e-21
1.660784955809278108e+04 1.245710237937814770e-20 8.197534527722491303e-21
1.661417305290742661e+04 2.826852216804457255e-20 8.076458359173399472e-21
1.662049650048166222e+04 2.464837715738275098e-20 8.157248118953928947e-21
1.662681990079247407e+04 5.890842169478751970e-20 9.100905677006914586e-21
1.663314325381412709e+04 7.520808115444846678e-22 8.639725412691209822e-21
1.663946655952042056e+04 1.516513101344700760e-20 8.454310036750497312e-21
1.664578981788872625e+04 1.697452602271100158e-20 8.569710743010747386e-21
1.665211302889167200e+04 4.161740094523572941e-20 9.111094888467511552e-21
1.665843619250466145e+04 4.157192515611299932e-20 8.000995248533402902e-21
1.666475930870400771e+04 2.106939096575329998e-20 7.883199281195083282e-21
1.667108237746189116e+04 1.970245692836163357e-20 9.271542697606856354e-21
1.667729812556028628e+04 3.045155583037347214e-20 8.470052634838684121e-21
1.668362109159921238e+04 3.884677815546871868e-20 8.582589484787021269e-21
1.668994401012246453e+04 2.092809806447296172e-20 8.351603006678361627e-21
1.669626688110438045e+04 2.438821845136067287e-20 9.634665990251059777e-21
1.670258970451858841e+04 4.833787737627912417e-20 9.601666487082396702e-21
1.670891248033926968e+04 2.279686165433577513e-20 8.663722197623167671e-21
1.671523520854282106e+04 3.139650859103540176e-20 7.880565529467414677e-21
1.672155788910255069e+04 2.652953548174381815e-20 8.330630018920862607e-21
1.672788052199371305e+04 8.507443115787549194e-21 8.400392270411499096e-21
1.673420310719003101e+04 2.386915156576516135e-20 8.152761618191606022e-21
1.674052564466628610e+04 1.866795462303516870e-20 8.960942406779857257e-21
1.674684813439879144e+04 3.913011406688198766e-20 8.463407212837706852e-21
1.675317057635972014e+04 5.994377367176156304e-21 8.353040052372132198e-21
1.675949297052501061e+04 3.567674124316199307e-20 8.519863657804781474e-21
1.676581531686844028e+04 3.218355965329218723e-20 9.317435289146522337e-21
1.677213761536455422e+04 2.464186749368719628e-20 8.337158602367424467e-21
1.677845986598942545e+04 3.274568426985760005e-20 8.728653893313829137e-21
1.678478206871488510e+04 1.279342064791975666e-20 9.201064012874998776e-21
1.679110422351770467e+04 3.185294466636775140e-20 9.776421678156800666e-21
1.679742633036965708e+04 3.521366291356176036e-20 1.026287180043261504e-20
1.680374838924841242e+04 1.567388414508345917e-20 9.816093800015749869e-21
1.681007040012633297e+04 1.656047400867061718e-20 9.656503036075653440e-21
1.681639236297755633e+04 3.296990259722947840e-20 8.595873566684590025e-21
1.682271427777797362e+04 2.858206924693717737e-20 8.532303987596301843e-21
1.682903614449996167e+04 3.780940734483538472e-20 8.503711360601307509e-21
1.683535796311949889e+04 4.149912522430168490e-20 8.582042607742481782e-21
1.684167973360946417e+04 2.754558362408227957e-20 8.603273618595772938e-21
1.684800145594522837e+04 2.245762944158757519e-20 8.734077372719261781e-21
1.685432313010085272e+04 2.419084156009190619e-20 8.783725952107739107e-21
1.686064475604917243e+04 3.927931236684197300e-20 9.123786663501686952e-21
1.686696633376738464e+04 4.402246197363268055e-20 9.208878486021792751e-21
1.687328786322661108e+04 1.382651673283409860e-20 8.630092137725434903e-21
1.687960934440259007e+04 3.985077505680915644e-20 8.748677367036915490e-21
1.688593077726599222e+04 3.362304493500773307e-20 1.015859095075240175e-20
1.689225216152031498e+04 2.990884520952879920e-20 7.550030184730501006e-21
1.689846595246107245e+04 2.895020742226337677e-20 8.060408333990821158e-21
1.690478723244292996e+04 4.793721040535815276e-20 8.843997735824627887e-21
1.691110846401140589e+04 1.733510004651180162e-20 8.067900286357792972e-21
1.691742964713891342e+04 4.303650353342157322e-20 8.809928772531476112e-21
1.692375078180085984e+04 2.059856691721301120e-20 8.886361698830614571e-21
1.693007186797042959e+04 2.758036699506281175e-20 8.503298225224460647e-21
1.693639290562217866e+04 5.016254866477846889e-20 8.992273563428528111e-21
1.694271389472944065e+04 3.043134634281313133e-20 8.988892970214031061e-21
1.694903483526687342e+04 2.294560388925551880e-20 8.356742505109974126e-21
1.695535572720762502e+04 2.427410939598402171e-20 7.964079923809291464e-21
1.696167657052644427e+04 1.198426393491116700e-20 8.609911860652258920e-21
1.696799736519569342e+04 3.969717168836864577e-20 8.515142125816156758e-21
1.697431811119138365e+04 9.748532103203610615e-21 8.375784628112559198e-21
1.698063880848592089e+04 2.491562999426323287e-20 8.084455161603100919e-21
1.698695945705327540e+04 3.516195202424599080e-20 8.537442409731970728e-21
1.699328005686779579e+04 3.022361788965155416e-20 9.161537137981617729e-21
1.699960060790327407e+04 3.465901110024152933e-20 8.792545251800347215e-21
1.700592111013293834e+04 5.731049391297822285e-20 9.447065121778312105e-21
1.701224156353040235e+04 3.097729765289474766e-20 8.652648687334406241e-21
1.701856196807020751e+04 3.338670984009241357e-20 7.884763941408737504e-21
1.702488232372580387e+04 1.582660728530842651e-20 8.156509975580601470e-21
1.703120263047053959e+04 3.120224607153462021e-20 8.900917850436109943e-21
1.703752288827786106e+04 2.408632672555763004e-20 8.687525981786780650e-21
1.704384309712221147e+04 1.617299867742030262e-20 8.272456511740231273e-21
1.705016325697648426e+04 4.054229728057443399e-20 8.316432197091192292e-21
1.705648336781557737e+04 3.465857005020013759e-20 8.055553749660049852e-21
1.706280342961033239e+04 3.459772860193784111e-20 8.678589378627906074e-21
1.706912344233762269e+04 1.253683960449556857e-20 8.335257995977218110e-21
1.707544340596928305e+04 3.913993281131877265e-20 8.207326246478433036e-21
1.708176332047867254e+04 4.329926960154179720e-20 8.780285591854958239e-21
1.708808318583953223e+04 3.997576468947017909e-20 8.922278010204878635e-21
1.709440300202629442e+04 1.233973961395190936e-20 8.798268503295995807e-21
1.710072276901148871e+04 4.170550605670328987e-20 8.961697061749641925e-21
1.710704248676804855e+04 3.462217551484025800e-20 8.813365097016806241e-21
1.711336215527076274e+04 4.080748094605644570e-20 9.052245219154636479e-21
1.711968177449205905e+04 1.344969711887659216e-20 9.128686211121558040e-21
1.712600134440595502e+04 7.573074106473585013e-21 8.210695360248181415e-21
1.713232086498434364e+04 3.996645244309478834e-20 9.258983034296704870e-21
1.713864033620260307e+04 1.423407225395369645e-20 8.168231996737737270e-21
1.714495975803420515e+04 3.423199828024999217e-20 8.867809547027805060e-21
1.715127913044955858e+04 3.097816897524778317e-20 9.296797726930150833e-21
1.715759845342519839e+04 4.438853356622651589e-20 9.781741705654441675e-21
1.716391772693262101e+04 4.505559008263582666e-20 9.069021209714263730e-21
1.717023695094593495e+04 1.261853990382108807e-20 8.664879008056721623e-21
1.717655612543666939e+04 3.123547879906960949e-20 8.813974230511186099e-21
1.718287525038030799e+04 1.454108409328495695e-20 9.103336447682279462e-21
1.718919432574929306e+04 8.929113860689100819e-21 9.083510883850716766e-21
1.719551335151599415e+04 4.712053304118331760e-20 9.182520603728459560e-21
1.720183232765472349e+04 1.754524437226068143e-20 8.461144348680543324e-21
1.720815125413709757e+04 3.412753422838250460e-20 7.902288115625269107e-21
1.721447013093807618e+04 4.047910611350069488e-20 8.858390485188787120e-21
1.722078895802856277e+04 1.102461221232431603e-20 8.173412825238444167e-21
1.722710773538415742e+04 8.438403242372412833e-21 7.882875040759801524e-21
1.723342646297621104e+04 1.772145810686683757e-20 8.362911746465753474e-21
1.723974514077771528e+04 2.187776250296394709e-20 8.199610452629229799e-21
1.724606376876257491e+04 3.964040226744687171e-20 8.692409503957084357e-21
1.725238234690317040e+04 1.866073986201116768e-20 8.354952746673058877e-21
1.725870087517194770e+04 2.405593377260606954e-20 9.480320270750269700e-21
1.726501935354379020e+04 2.673622795520995200e-20 8.826181923843371739e-21
1.727133778198973596e+04 4.097725327001970003e-20 9.115903628739777292e-21
1.727765616048335869e+04 4.018641206977863515e-20 8.766187804159887595e-21
1.728397448899750816e+04 1.163628343773009568e-20 7.838749786292641895e-21
1.729029276750534336e+04 1.452770969028582193e-20 8.080174687746148945e-21
1.729661099597857174e+04 1.812377933500435636e-20 8.359610012903013986e-21
1.730292917439140729e+04 1.546641615445786369e-20 8.280443633004989756e-21
1.730924730271675799e+04 4.790109576606218680e-20 8.930593883156306158e-21
1.731556538092609480e+04 4.805521767626998021e-20 8.412400400537865136e-21
1.732188340899239483e+04 2.485360190497410143e-20 7.700819849309585348e-21
1.732820138688928637e+04 3.925773186530374808e-20 9.131877921393327313e-21
1.733451931458919717e+04 2.473756891763438183e-20 8.243104677483945331e-21
1.734083719206456954e+04 1.442841712314681303e-20 9.152474154052107336e-21
1.734715501928774029e+04 2.932146501433434878e-20 9.370727212715601487e-21
1.735347279623231589e+04 5.053970238721454658e-20 8.872921332204282387e-21
1.735979052287052764e+04 3.090520725070251945e-20 8.392020687825660606e-21
1.736610819917458139e+04 1.728827721318807824e-20 8.284131696540959129e-21
1.737242582511774162e+04 1.888128939288543968e-20 9.072919689261324444e-21
1.737874340067194862e+04 4.930424096273604489e-20 8.611768790392700074e-21
1.738506092581008124e+04 3.663118812437307341e-20 8.765123485894527408e-21
1.739137840050467639e+04 4.244398389206876984e-20 8.836680870641872782e-21
1.739769582472847105e+04 2.184332122070378337e-20 8.557336078856260533e-21
1.740390499516796626e+04 3.788935598704088013e-20 9.152671487093896838e-21
1.741022231046692832e+04 2.671976994925638505e-20 8.567569825012275981e-21
1.741653957521316988e+04 2.433882412655698439e-20 8.171185056813884776e-21
1.742285678937700141e+04 2.993466474079643989e-20 8.802732283298319869e-21
1.742917395293034497e+04 2.226653169269938965e-20 9.470679803147375854e-21
1.743549106584689434e+04 3.503435063083875396e-20 9.568227918328509197e-21
1.744180812809856070e+04 3.454434801945271467e-20 8.558123865293790127e-21
1.744812513965563630e+04 2.549984424564124494e-20 9.077169845933400844e-21
1.745444210049390676e+04 2.687765224261413192e-20 8.199374072675954393e-21
1.746075901058358795e+04 2.797755284032237275e-20 9.243883623642921406e-21
1.746707586989577248e+04 2.333823882329113442e-20 8.947616156702342140e-21
1.747339267840638058e+04 3.991341662834027036e-20 9.960870857346968799e-21
1.747970943608537345e+04 3.485059453343142022e-20 8.375754524972132659e-21
1.748602614290342535e+04 2.187822652206509443e-20 8.227381985612526380e-21
1.749234279883618728e+04 5.474193869017543782e-20 8.620507309093019050e-21
1.749865940385323483e+04 2.780778181371731842e-20 9.362661057472490807e-21
1.750497595792795619e+04 1.918525464946203236e-20 8.560515780948326538e-21
1.751129246103153491e+04 5.442974913713959955e-20 8.054634581510194168e-21
1.751760891313704997e+04 4.188270405513738882e-20 8.579548495108714742e-21
1.752392531421619424e+04 2.404542502304951547e-20 9.529356557895808370e-21
1.753024166424196665e+04 4.081052882491876207e-20 8.491329591191946436e-21
1.753655796318364082e+04 4.215240788185467759e-20 8.425093060529420106e-21
1.754287421101735526e+04 3.982927106310677796e-20 9.045468906930439632e-21
1.754919040771212167e+04 3.160969434511688356e-20 8.193244314207619805e-21
1.755550655323968022e+04 3.997112068060895822e-20 7.912309620747977541e-21
1.756182264757414305e+04 3.110881324069039841e-20 8.991945479621586863e-21
1.756813869068559870e+04 2.004453215713823161e-20 9.107397812218478664e-21
1.757445468254839216e+04 3.816942382270405115e-20 7.794272095992698464e-21
1.758077062313143324e+04 3.474185618101970056e-20 8.463975706087658138e-21
1.758708651240722975e+04 2.788412868949064287e-20 9.017242398410690494e-21
1.759340235034791840e+04 2.639538301903150099e-20 8.951534423425501615e-21
1.759971813669738913e+04 5.933145664214396411e-20 8.533899709211100885e-21
1.760592541549566522e+04 5.833143348792003434e-20 8.220060862765856622e-21
1.761224109132756348e+04 3.453280775574210131e-20 7.918558728688364379e-21
1.761855671571165658e+04 3.508740663441968629e-20 8.507381274257714833e-21
1.762487228861921176e+04 4.097877225491352009e-20 8.769130741497283985e-21
1.763118781002108153e+04 3.916473974041229407e-20 8.248947093087045983e-21
1.763750327988879144e+04 2.314828844094550760e-20 7.596235145335546789e-21
1.764381869819557323e+04 3.207707464282521296e-20 8.807937408698024089e-21
1.765013406491186470e+04 1.809165744554907219e-20 8.360390995047800212e-21
1.765644938001079572e+04 1.628341532576058695e-20 9.059239286614225491e-21
1.766276464346225475e+04 3.218679206470940150e-20 8.231063624692342949e-21
1.766907985523798925e+04 3.388593802690162975e-20 8.599335475185768329e-21
1.767539501531053611e+04 5.858167684857085182e-20 8.368485973358002084e-21
1.768171012365156275e+04 6.777197035523359763e-20 8.556381042064044630e-21
1.768802518023280572e+04 4.128339816369051232e-20 8.114657005901589451e-21
1.769434018502425170e+04 4.726748872257593840e-20 8.048633179614645464e-21
1.770065513799787732e+04 1.529588828431356841e-20 8.526027548296785342e-21
1.770697003912575383e+04 4.705519811207536605e-20 8.303487224461950244e-21
1.771328488837957048e+04 4.497092491832873804e-20 8.944457583747380575e-21
1.771959968573104925e+04 5.766508770105063981e-20 9.557192655688320636e-21
1.772591443115053698e+04 4.534685491832260559e-20 8.847762980073457148e-21
1.773222912460890802e+04 4.031704960680318790e-20 8.779790010652950068e-21
1.773854376607886297e+04 3.199976743589852741e-20 8.908765903998970646e-21
1.774485835553608558e+04 2.707272442584308712e-20 8.438293297598139776e-21
1.775117290455190960e+04 2.671470716570360400e-20 7.969540707877214848e-21
1.775748746352612216e+04 1.150999596558509699e-20 8.178206758580524557e-21
1.776380197039486666e+04 3.525986035888362698e-20 8.331118574611766879e-21
1.777011642512910839e+04 2.702945950218461973e-20 8.110203741557456703e-21
1.777643082770038745e+04 2.560658335935492712e-20 7.945146311804491108e-21
1.778274517808042947e+04 3.314134228771019105e-20 7.686656871724549415e-21
1.778905947623915927e+04 4.244327654851420319e-20 8.473587864193782937e-21
1.779537372215031792e+04 4.166339196171811468e-20 9.265993357862373893e-21
1.780168791578250602e+04 2.052920998085617150e-20 8.489256681262258309e-21
1.780800205710786395e+04 4.111739646075664158e-20 8.712294860559789425e-21
1.781431614609727694e+04 2.822686421970825120e-20 8.415298535788025292e-21
1.782063018272155387e+04 3.631008363416330169e-20 8.747490344736455826e-21
1.782694416695283144e+04 2.407730503461395808e-20 8.253883950123883356e-21
1.783325809876031781e+04 5.142249056116360153e-20 8.778985096959240051e-21
1.783957197811765218e+04 3.758781833970158352e-20 8.654853228714943160e-21
1.784588580499400996e+04 2.154228597279174353e-20 9.326511721465870053e-21
1.785219957936117498e+04 3.348171164656619279e-20 8.495594625178320089e-21
1.785851330118826809e+04 4.561713721824684931e-20 9.267323817327525092e-21
1.786482697044885572e+04 3.514897829018480236e-20 9.000648922630838658e-21
1.787114058711227699e+04 3.093394713176107451e-20 8.805206664017397200e-21
1.787745415114920252e+04 3.266794470485080302e-20 8.304791189905490648e-21
1.788376766253200549e+04 3.417013654084053613e-20 9.167455433207965738e-21
1.789008112122980310e+04 3.579071900282616644e-20 8.762705419294991170e-21
1.789639452721541966e+04 4.087147714308649122e-20 8.717029052028999384e-21
1.790270788045842710e+04 1.762045313618806129e-20 8.992390123631952438e-21
1.790902118092983437e+04 2.316950063842556911e-20 8.477973299941389052e-21
1.791533442859916977e+04 3.811358611176622509e-20 8.911669478950902755e-21
1.792164762343919210e+04 3.083000933081772801e-20 9.079482173696522487e-21
1.792796076541886214e+04 2.017924483900816310e-20 8.048016398517143918e-21
1.793427385451039299e+04 1.479986179817515622e-20 8.137724344217687796e-21
1.794058689068369131e+04 2.825046378849497716e-20 8.092545581181902899e-21
1.794689987390944589e+04 2.785313368616698241e-20 8.710423823531646338e-21
1.795321280415902947e+04 4.536927346735797354e-20 9.579828933141073523e-21
1.795952568140078802e+04 3.016805877736395690e-20 8.237739732531478414e-21
1.796583850560858627e+04 5.341381393931612583e-20 8.673304127170051004e-21
1.797215127674974065e+04 2.400305817039588204e-20 8.260525090590833319e-21
1.797846399479827960e+04 3.856103595147063601e-20 8.215389237433149748e-21
1.798477665972201794e+04 4.416433700577935155e-20 9.149265111881760050e-21
1.799108927149364899e+04 6.457244879367991643e-20 9.827066014079566464e-21
1.799740183008047461e+04 3.597675167968702055e-20 8.701757584725106809e-21
1.800371433545537730e+04 3.858221527121328409e-20 9.237502680544124050e-21
1.801002678758763432e+04 1.512237640244962695e-20 8.523743178569397105e-21
1.801633918644930964e+04 3.927929530456127479e-20 8.537829048238857217e-21
1.802265153200817076e+04 3.102343234775622636e-20 8.575639845744664868e-21
1.802896382423767136e+04 4.125010339613551330e-20 8.018235843439231367e-21
1.803527606310560441e+04 2.637055015142794717e-20 9.212970548628160047e-21
1.804158824858409935e+04 3.037007115460278964e-20 9.200670423054962624e-21
1.804790038064168039e+04 4.070783649996076781e-20 9.621255022990055378e-21
1.805421245925062613e+04 2.640260724175503277e-20 9.326822379653495840e-21
1.806041542148049848e+04 2.252513546866625814e-20 8.822911625484272636e-21
1.806672738486525850e+04 6.226222870293595073e-20 9.248098730217926619e-21
1.807303929491060626e+04 3.465541780544019650e-20 8.898215756526689172e-21
1.807935115138809488e+04 5.065265882836235335e-20 9.294729325403100179e-21
1.808566295426534271e+04 2.674559640833928784e-20 9.176237536024136705e-21
1.809197470351375887e+04 2.434682798016244930e-20 8.950612928531024386e-21
1.809828639910126367e+04 3.815718064068202479e-20 9.037344003037547553e-21
1.810459804100063047e+04 1.894070703139882215e-20 8.236841265082216801e-21
1.811090962917927391e+04 5.483942632839090017e-20 8.867298755709499225e-21
1.811722116360992368e+04 4.211681727112586852e-20 9.458313153835066402e-21
1.812353264425994712e+04 6.207017125150796222e-20 9.123023081913483453e-21
1.812984407110202301e+04 1.672946915172696624e-20 8.309639468691749968e-21
1.813615544410347866e+04 1.268850721726140840e-20 9.051985455671340216e-21
1.814246676323647625e+04 3.463385350646803571e-20 8.683262875300765194e-21
1.814877802846972554e+04 2.602413849776643669e-20 8.515534715279715152e-21
1.815508923977391896e+04 1.168798467031740278e-20 8.179833101624742083e-21
1.816140039711816644e+04 2.900851321429559082e-20 8.673129533433829733e-21
1.816771150047316041e+04 5.253481703219186881e-21 8.665586790165102850e-21
1.817402254980792713e+04 3.009699261240444817e-20 8.652388385549242828e-21
1.818033354509316632e+04 2.038946201573135512e-20 8.615273856059231435e-21
1.818664448629779508e+04 3.987318815533275743e-20 8.916538165858530283e-21
1.819295537339251314e+04 1.431915859772963413e-20 9.165862138525261288e-21
1.819926620634569917e+04 4.271395594212555084e-20 7.788613484593810145e-21
1.820557698512920979e+04 2.678749682103025565e-20 9.091931879266881038e-21
1.821188770971039776e+04 3.740398112631389584e-20 8.644819182580961369e-21
1.821819838006111968e+04 2.031239003259921760e-20 8.248347170755210719e-21
1.822450899614840819e+04 4.920922301173013571e-21 8.926014068619595900e-21
1.823081955794575333e+04 3.289703394716411452e-20 8.583901832695926029e-21
1.823713006541871073e+04 1.786271207948774338e-20 9.278552109678548541e-21
1.824344051853882775e+04 2.875981094421590172e-20 9.064780947103783765e-21
1.824964161263385176e+04 4.230680181261471530e-20 8.713238390563314071e-21
1.825595194888554397e+04 3.831646258697482242e-20 8.994782191208621576e-21
1.826226223069285697e+04 3.353242839337075555e-20 8.566317002948510584e-21
1.826857245802378748e+04 4.542087433414100098e-20 8.647908900527740568e-21
1.827488263084867867e+04 3.135953910459358328e-20 9.286123263531463955e-21
1.828119274913565459e+04 4.082178236085650232e-20 8.776428804727993803e-21
1.828750281285601886e+04 4.422077343063509358e-20 8.882751628493218164e-21
1.829381282197754263e+04 3.350827794647577278e-20 9.366430134495885572e-21
1.830012277647062729e+04 3.423568861859897901e-20 8.699829183633063628e-21
1.830643267630315313e+04 1.309513799708993364e-20 8.331218716054792533e-21
1.831274252144695492e+04 5.124854202864824698e-20 9.187531346962698309e-21
1.831905231187002937e+04 3.379936702829880763e-20 8.263629792736813227e-21
1.832536204754165738e+04 1.657399743007398993e-20 8.659041818946628966e-21
1.833167172843135995e+04 4.022717653115767444e-20 8.458072164151668280e-21
1.833798135450843620e+04 2.783181383492691150e-20 8.603724969228173460e-21
1.834429092574232345e+04 2.674861348612347327e-20 8.289166014389099608e-21
1.835060044210110937e+04 4.158676176434263152e-20 9.282794912862455119e-21
1.835690990355539179e+04 6.578647063155147810e-20 9.106805118876791420e-21
1.836321931007245803e+04 2.804752246207971148e-20 8.376784244810730970e-21
1.836952866162340069e+04 1.888558187996508681e-20 9.199766788586839100e-21
1.837583795817720966e+04 2.519353231731570669e-20 8.667785712843450465e-21
1.838214719970224905e+04 5.159547343199896263e-20 8.896921336747882159e-21
1.838845638616807992e+04 3.501271850989966058e-20 8.730770268378002251e-21
1.839476551754311367e+04 5.652051944812621490e-20 8.912904058282075327e-21
1.840107459379812644e+04 3.067490313637106750e-20 9.806623904337280557e-21
1.840738361489837916e+04 2.605000705249592338e-20 9.561519067033971035e-21
1.841369258081659791e+04 4.649548765301532618e-20 9.392696940378839284e-21
1.842000149152034646e+04 2.214652771923147380e-20 8.943167682882962250e-21
1.842631034697878204e+04 2.638689328865713562e-20 9.185998939813895225e-21
1.843261914716155661e+04 3.178692477819318438e-20 9.433237430659529713e-21
1.843892789203525535e+04 1.618278129884294085e-20 8.343080558022544237e-21
1.844523658157173122e+04 4.922952516110469994e-20 8.339103892696439175e-21
1.845154521573647435e+04 3.870179658513375318e-20 8.502867482312110307e-21
1.845785379450092660e+04 8.484612040050319460e-22 8.171818161872413930e-21
1.846416231783407420e+04 4.612081971535935679e-20 9.170499095587960211e-21
1.847047078570289523e+04 3.812160770912759553e-20 8.472766281238904586e-21
1.847677919807822036e+04 3.613928278364097448e-20 8.493683696713621238e-21
1.848308755492646378e+04 5.223657930823918267e-20 9.099857091339537825e-21
1.848939585621669175e+04 2.973373401901136472e-20 9.743446928280427805e-21
1.849570410191989504e+04 4.043769858187153854e-20 8.319050645386784154e-21
1.850201229200316448e+04 3.390038024038821531e-20 9.197693108073846041e-21
1.850832042643577370e+04 2.687312639364995961e-20 8.732404055306559691e-21
1.851462850518440609e+04 5.346312502290794481e-20 8.834639307910563060e-21
1.852093652821941942e+04 4.484451125392444605e-20 8.965407398410868879e-21
1.852724449550891586e+04 6.050271309979755590e-20 9.400782973957317402e-21
1.853355240702220544e+04 5.318513872169124486e-20 8.761897171875331916e-21
1.853986026272789604e+04 3.961096003179269839e-20 8.259828971872902160e-21
1.854616806259225996e+04 3.501726556003091135e-20 8.187147052584253106e-21
1.855247580658529841e+04 3.332459235023471087e-20 8.594191272516718891e-21
1.855878349467623411e+04 2.870519030183426170e-20 8.875869523291283920e-21
1.856509112683289641e+04 4.238087654885359625e-20 8.901210091622612049e-21
1.857139870302391864e+04 4.073781919188696525e-20 9.218717400191093917e-21
1.857770622321611518e+04 5.728402365824851332e-20 8.404018822676203287e-21
1.858401368737900339e+04 4.802741038174173819e-20 8.629484640589373481e-21
1.859032109548243898e+04 5.021126050671971939e-20 8.600658833522875332e-21
1.859662844749252690e+04 2.991107516485670340e-20 9.781134030531554253e-21
1.860293574337875543e+04 4.423108584660396251e-20 8.826141513075938060e-21
1.860924298310815357e+04 3.693076015458616650e-20 8.854345628405863941e-21
1.861555016665028234e+04 4.664343954075617850e-20 9.027727967800432176e-21
1.862185729397350224e+04 3.834791210922075945e-20 9.154040437417978365e-21
1.862816436504443845e+04 2.022726722550931595e-20 8.667531007956283175e-21
1.863447137983172433e+04 6.651524563042280487e-20 8.987708072180072669e-21
1.864077833830611780e+04 3.919139020072491307e-20 8.674508511661822605e-21
1.864708524043205762e+04 4.184402573997841808e-20 8.233419844773871224e-21
1.865339208617981421e+04 4.551544511889795750e-20 8.590269192268799122e-21
1.865969887551689317e+04 4.708129823690125763e-20 8.130117552981280449e-21
1.866600560841145489e+04 4.778239432232571979e-20 8.691534649260185416e-21
1.867220240563766492e+04 4.997161215994910521e-20 9.447434684093454230e-21
1.867850901721593982e+04 4.780756232958501712e-20 8.918892779796526546e-21
1.868481557242117560e+04 1.784153502423160141e-20 8.306617496662645957e-21
1.869112207105735433e+04 4.045711110264901946e-20 9.196004254505894825e-21
1.869742851308840181e+04 1.617156223407943203e-20 9.026733703822483392e-21
1.870373489848293320e+04 4.471539085955442275e-20 8.876338117905709109e-21
1.871004122721099702e+04 3.879841152427121350e-20 8.568360864628125405e-21
1.871634749923734853e+04 3.390057987531321047e-20 8.924278165911221583e-21
1.872265371453105035e+04 3.775311692972194681e-20 8.761441992933682615e-21
1.872895987306165625e+04 3.772083242132829131e-20 8.747802436670251603e-21
1.873526597479458360e+04 2.810049863681905419e-20 9.946212475203756112e-21
1.874157201969837115e+04 3.220759772428952590e-20 9.039029571002309663e-21
1.874787800774124480e+04 3.070110323902726466e-20 9.053246398911195968e-21
1.875418393889067374e+04 5.347074007307804812e-20 7.946560765843534856e-21
1.876048981311342504e+04 4.575405440380286638e-20 8.566331547847997586e-21
1.876679563037928892e+04 4.055661585048503020e-20 9.235745756942952858e-21
1.877310139065390831e+04 2.632800602618292144e-20 9.071541387513871293e-21
1.877940709390585471e+04 4.284675257206618779e-20 8.983408304758096995e-21
1.878571274010305933e+04 4.245174093759386004e-20 8.272016324425280470e-21
1.879201832921156529e+04 2.775080322279180560e-20 9.141082212157532445e-21
1.879832386120069714e+04 4.025652173572821651e-20 8.413557743709548473e-21
1.880462933603725469e+04 6.747626957721589438e-20 1.047815662012759861e-20
