9.797309159766193261e+03 1.842461230116953635e-19 3.385468048179062608e-20
9.803693043449526158e+03 3.551786082144870510e-20 2.080455168107361232e-20
9.810076932913212659e+03 2.702926067427123310e-21 1.952551541973686841e-20
9.816460828160614255e+03 2.686300801687795525e-20 2.017248186388967740e-20
9.822844733111322057e+03 3.748982891208946454e-20 1.920757401265731413e-20
9.829350513243860405e+03 2.433418077433642620e-20 2.029349462764193584e-20
9.835734435525690060e+03 5.754596040202159469e-20 1.961057227479925484e-20
9.842118363408679215e+03 9.649561550011740441e-21 1.985838167465843135e-20
9.848502296858214322e+03 -2.302881432887376864e-20 1.977673509129319437e-20
9.854886235839070650e+03 2.722154084202800777e-21 1.840133742698917665e-20
9.861270180316168990e+03 3.471637335383314997e-20 1.835587133560682886e-20
9.867654130254466509e+03 -2.707295770175723223e-20 1.616723068063622901e-20
9.874038085618818513e+03 9.257324551674276932e-21 1.684372737437242361e-20
9.880422046374735146e+03 2.291407205674420747e-20 1.869539718480581204e-20
9.886806012486975305e+03 8.045494051287594205e-21 1.736202694515621413e-20
9.893189983920579834e+03 -2.123347085603667841e-20 1.651539920604112541e-20
9.899573960641497251e+03 -1.864618237205493666e-20 1.643061500744622331e-20
9.905957942614624699e+03 3.422571417750645831e-21 1.613953182811157185e-20
9.912341929804533720e+03 2.978897723291181731e-20 1.685119850787825667e-20
9.918725922176838139e+03 4.820434585852873780e-20 1.732719772440173702e-20
9.925109919696275028e+03 2.462444609745031242e-20 1.618970380887234361e-20
9.931493922328792905e+03 5.236400600732538026e-21 1.599338495168578682e-20
9.937877930039265266e+03 1.672291111846057201e-20 1.728972048780215162e-20
9.944261942793873459e+03 3.891615353944564294e-20 1.796795533845797662e-20
9.950645960557154467e+03 -1.670353508022439911e-20 1.773784147755676081e-20
9.957029983294853082e+03 -1.829371716421994183e-20 1.673354896064887033e-20
9.963414010972153847e+03 3.851695293022193703e-20 1.717768937615100331e-20
9.969798043554228570e+03 1.239797334620244131e-20 1.703273585833860448e-20
9.976182081007638772e+03 -3.169012442013276912e-21 1.671146998374314705e-20
9.982566123296293881e+03 -3.237612364105584659e-20 1.634630159076150997e-20
9.988950170386706304e+03 1.445660981920050329e-20 1.642503993401177609e-20
9.995334222244349803e+03 2.815604058149260754e-20 1.614809434278316447e-20
1.000171827883456172e+04 -2.387969250273143345e-21 1.562318963250730697e-20
1.000810234012281035e+04 -2.803595007103356846e-20 1.595213755415867992e-20
1.001448640607545531e+04 -1.749895023532334210e-20 1.663917135353648212e-20
1.002087047665751743e+04 2.534752897426723108e-20 1.706296801212591190e-20
1.002725455183481063e+04 -2.446557582087208839e-20 1.682920204149545330e-20
1.003363863157301421e+04 1.960953666002874354e-20 1.800639711303133146e-20
1.004002271583774200e+04 3.386592909236054926e-20 1.804496476398225177e-20
1.004640680459461873e+04 5.260674121223673430e-21 1.692077959495404061e-20
1.005279089780974755e+04 6.078287071083628206e-20 1.660715571975595343e-20
1.005917499544870952e+04 -6.321733948762931885e-21 1.754142698129817792e-20
1.006555909747743863e+04 6.218385606781545730e-21 1.624164386346134993e-20
1.007194320386197251e+04 1.409124261559284719e-20 1.594247808615718472e-20
1.007832731456746478e+04 3.251373656085218705e-20 1.654962826756123059e-20
1.008471142956043150e+04 2.899482447082713304e-20 1.600431141988156963e-20
1.009109554880691940e+04 3.654476176921072176e-20 1.466302570658340549e-20
1.009747967227232948e+04 1.970039803487186777e-20 1.681505156665692940e-20
1.010386379992298680e+04 7.134370746410565298e-21 1.607221953634664441e-20
1.011024793172503632e+04 4.233984446486922510e-20 1.644155113484621541e-20
1.011663206764475945e+04 3.087163641053908029e-20 1.557286924739040253e-20
1.012301620764723339e+04 1.422512803905004966e-20 1.623336689490168965e-20
1.012940035169901785e+04 1.084718424296592317e-20 1.570762063740968323e-20
1.013578449976624870e+04 3.355948665754708411e-20 1.584473217815658345e-20
1.014216865181500361e+04 4.015014119484621062e-20 1.623073678197755764e-20
1.014855280781131478e+04 5.406906732979843599e-20 1.602652845550695720e-20
1.015493696772164549e+04 -1.116296771699893023e-20 1.490835053307717539e-20
1.016132113151202611e+04 6.392034720410610136e-20 1.610667697567005093e-20
1.016770529914920553e+04 -2.680743197756778447e-21 1.507385011042220773e-20
1.017421186084998590e+04 1.025554794352411426e-20 1.560472816773695860e-20
1.018059604600498642e+04 -1.982461778085659626e-21 1.575625713836662587e-20
1.018698023486461716e+04 4.495365024673855923e-20 1.687288229449260348e-20
1.019336442743290536e+04 1.621883378725781044e-20 1.601526893859764758e-20
1.019974862367589776e+04 4.349519947376309023e-20 1.641643367926050988e-20
1.020613282356051786e+04 -1.116782698079109847e-20 1.609908463092786496e-20
1.021251702705268326e+04 -3.953782634344084855e-20 1.501012715877190424e-20
1.021890123411927743e+04 -1.453994615527269080e-20 1.619711856593567798e-20
1.022528544472633075e+04 -9.782834437009104648e-21 1.560365096035578658e-20
1.023166965884051024e+04 1.040768349284932118e-20 1.785322805772947170e-20
1.023805387642838105e+04 -5.828664159967168750e-21 1.518315843161258272e-20
1.024443809745643011e+04 -1.480781797410151644e-20 1.504080214594896766e-20
1.025082232189150818e+04 1.750268178009227247e-21 1.599518212359516221e-20
1.025720654969966381e+04 -2.632308902956199745e-20 1.439147530592555914e-20
1.026359078084826797e+04 1.813168562823167454e-20 1.693186427021389282e-20
1.026997501530296176e+04 -2.557586744852100085e-20 1.605685275368663102e-20
1.027635925303091608e+04 1.836642138747179510e-20 1.566888501692326713e-20
1.028274349399877428e+04 4.546101809711609429e-20 1.464323988808619140e-20
1.028912773817374182e+04 2.862062248213768257e-20 1.403264905442886269e-20
1.029551198552162168e+04 -2.586538891976716581e-20 1.485141854516686270e-20
1.030189623600960658e+04 4.609394208989697152e-20 1.713959114946830988e-20
1.030828048960476008e+04 3.429480724356397672e-20 1.564852491035611420e-20
1.031466474627338721e+04 -7.758333080962038584e-21 1.506341310753794344e-20
1.032104900598261156e+04 -4.193635837482679310e-21 1.494361295037374006e-20
1.032743326869922566e+04 3.412753490905472251e-21 1.487024080410245344e-20
1.033381753439018576e+04 1.818755103110814523e-20 1.456494921392403880e-20
1.034020180302295921e+04 -2.177023923019484530e-20 1.453795983714472141e-20
1.034658607456328173e+04 -1.644703586480427535e-21 1.520812120084676088e-20
1.035297034897868434e+04 5.327743560622061313e-21 1.559207105556358669e-20
1.035935462623641433e+04 1.759318265928425896e-20 1.512761984659367565e-20
1.036573890630281858e+04 -8.182361462304053121e-21 1.503971337323153072e-20
1.037212318914579737e+04 -3.091858173043262938e-20 1.492232999307110014e-20
1.037850747473173760e+04 2.459662070610649002e-20 1.619384961788643519e-20
1.038489176302800661e+04 3.708859691339188472e-20 1.446371951456383295e-20
1.039127605400200810e+04 1.290048698493261195e-20 1.571827011588703132e-20
1.039766034762015624e+04 4.212560798805107745e-20 1.535761853623700232e-20
1.040404464385000756e+04 3.924908353148635824e-21 1.456815601665015722e-20
1.041042894265888208e+04 2.580821415717500522e-20 1.454354979782384806e-20
1.041681324401368147e+04 3.209354875485488414e-20 1.460719045238053112e-20
1.042319754792011190e+04 6.203499850847855864e-21 1.455747668260058989e-20
1.042970463785967331e+04 3.643833977390368214e-20 1.451992948433139258e-20
1.043608895643157484e+04 3.677353066449785695e-20 1.522670712762976368e-20
1.044247327741577647e+04 -2.287666811574434834e-20 1.420646776874649405e-20
1.044885760077949453e+04 -2.287484016941107147e-20 1.435892715133163755e-20
1.045524192649027464e+04 -1.010935348999683683e-20 1.422135560577041883e-20
1.046162625451543499e+04 -6.960793457507581856e-21 1.393828339404496527e-20
1.046801058482249755e+04 1.907297356369525177e-20 1.207882483597859723e-20
1.047439491737888602e+04 -6.048025817940438830e-21 1.218091077959790621e-20
1.048077925215195864e+04 -1.511668011463438508e-20 1.292265239069334604e-20
1.048716358910907911e+04 -2.041467305011998870e-20 1.420944246737674756e-20
1.049354792821809133e+04 1.648514866084255256e-20 1.377768484344667182e-20
1.049993226944612979e+04 1.160559262989883096e-20 1.430149460066940125e-20
1.050631661276119667e+04 1.444100136734465994e-20 1.416480111907816895e-20
1.051270095813055013e+04 1.916968662220452308e-20 1.371069110401477884e-20
1.051908530552214143e+04 -5.701749435585050528e-21 1.320890729216748328e-20
1.052546965490304501e+04 -8.679504178302845180e-21 1.257029630098823559e-20
1.053185400624133945e+04 2.136621767499861046e-20 1.371673602324922759e-20
1.053823835950445937e+04 -2.560256067361402040e-21 1.396531253077258016e-20
1.054462271466018865e+04 2.254640476416071798e-21 1.331433621261595395e-20
1.055100707167647852e+04 2.200888844509224929e-20 1.348398229220633912e-20
1.055739143052081272e+04 -6.303823566210293986e-21 1.259876460245642636e-20
1.056377579116100787e+04 -6.529347405019373920e-22 1.248865107259357831e-20
1.057016015356491516e+04 3.634029451083336686e-20 1.217556642657287748e-20
1.057654451770023115e+04 1.305706670025666522e-20 1.272685855115265663e-20
1.058292888353502531e+04 -1.085101997150714403e-20 1.254651149017757633e-20
1.058931325103698691e+04 1.754234302379870995e-20 1.268228448627414261e-20
1.059569762017415997e+04 3.359386058689113721e-20 1.229438170486845686e-20
1.060208199091447386e+04 2.801823092518451947e-20 1.280750799659303871e-20
1.060846636322572158e+04 1.767935901792166699e-20 1.267309467420887779e-20
1.061485073707583069e+04 7.347509782760340784e-20 1.407126265045248810e-20
1.062123511243315443e+04 8.498071122033936012e-20 1.454012067192804233e-20
1.062761948926548757e+04 6.781170918528840727e-20 1.335765408416805673e-20
1.063400386754072679e+04 2.058770395971194120e-20 1.234317612931796485e-20
1.064038824722713252e+04 -1.347535916322114981e-20 1.268837517480545008e-20
1.064677262829279607e+04 3.307116025261777411e-20 1.294725208487764082e-20
1.065315701070585601e+04 -1.216328558752078952e-20 1.348412511655892574e-20
1.065954139443428721e+04 2.099498946065149908e-20 1.379561638512295532e-20
1.066592577944637196e+04 4.255578874562527246e-20 1.357038707938832403e-20
1.067231016571015971e+04 -3.138410709525885075e-21 1.319836269489800629e-20
1.067869455319411281e+04 2.592628012748634233e-20 1.341083249806478738e-20
1.068507894186629346e+04 -1.059999688457867320e-20 1.364944975156712542e-20
1.069146333169515310e+04 -2.731798460437617270e-20 1.289179712453337985e-20
1.069784772264659659e+04 -1.105033121709367371e-20 1.241848261772919241e-20
1.070423209925519041e+04 1.395968114871780118e-21 1.302799104310487761e-20
1.071061643107960117e+04 3.395653887892855405e-20 1.410371869463378804e-20
1.071700076393391282e+04 4.692988088895032908e-20 1.355505435764193838e-20
1.072338509778621847e+04 1.468110468498550687e-20 1.387574322512489431e-20
1.072976943260531698e+04 1.061045700478666783e-20 1.317016604275817380e-20
1.073615376835923416e+04 -9.586481523133692717e-21 1.174867908211970461e-20
1.074253810501691078e+04 -6.971020576443925483e-21 1.293341286461636324e-20
1.074892244254626530e+04 2.606126459231717562e-20 1.212785387416274887e-20
1.075530678091637310e+04 5.172732171887845630e-20 1.343310899510203855e-20
1.076169112009517994e+04 -2.443752674245843684e-20 1.299903801703065600e-20
1.076807546005177574e+04 -1.040237025641715323e-20 1.283368956412771411e-20
1.077445980075429907e+04 4.609801681722512840e-20 1.339996494203587461e-20
1.078084414217174890e+04 5.581470408776903982e-20 1.329494109824792375e-20
1.078722848427229110e+04 7.780444806178266937e-21 1.286743442057795847e-20
1.079361282702512108e+04 4.915352523580598363e-20 1.291052790691300759e-20
1.079999717039864117e+04 3.436643175072211011e-20 1.281848492479722240e-20
1.080650484249718465e+04 1.939703129288744949e-20 1.290857313871694528e-20
1.081288919666265974e+04 -1.010693945882001589e-20 1.276685148490607710e-20
1.081927355131511649e+04 1.440626190683885526e-20 1.215980400192300556e-20
1.082565790646042115e+04 2.393707395486631073e-20 1.370573130241602078e-20
1.083204226206736712e+04 3.333502474542878549e-20 1.526941316533012626e-20
1.083842661810482423e+04 2.416438627079576492e-20 1.563999984646089542e-20
1.084481097454162409e+04 1.718711858056757962e-20 1.413687175319818100e-20
1.085119533134657286e+04 5.573411494596488130e-20 1.364059923769603810e-20
1.085757968848856763e+04 4.399513407560504542e-20 1.290079310947997504e-20
1.086396404593657826e+04 -8.053019314492980804e-21 1.244448418351768828e-20
1.087034840365948003e+04 5.431599126862659577e-20 1.274075074716383663e-20
1.087673276162630282e+04 5.901858303431366368e-21 1.261328946987632689e-20
1.088311711980593645e+04 -1.277281018139207980e-20 1.201858687742538585e-20
1.088950147816748176e+04 4.311602281641201013e-20 1.221737496753345498e-20
1.089588583667986313e+04 3.394977640838701837e-20 1.275862541922714951e-20
1.090227019531226324e+04 -4.652586677051707647e-21 1.269972729844984529e-20
1.090865455403363012e+04 1.720724672023862396e-22 1.174365179238784788e-20
1.091503891281316646e+04 3.502445100762087430e-20 1.269593083554721127e-20
1.092142327161992944e+04 2.313703062506156847e-20 1.307696171921227192e-20
1.092780763042311810e+04 -2.105913120670874047e-20 1.200441894215677351e-20
1.093419198919185692e+04 -2.016205960246904323e-20 1.158128054295806272e-20
1.094057634789538679e+04 -1.588628330723578882e-21 1.174572002325912336e-20
1.094696070650287766e+04 1.199759619181895000e-20 1.163183973319130580e-20
1.095334506498363044e+04 -4.818171311236339752e-21 1.205648024346249741e-20
1.095972942330684782e+04 2.962605136495222404e-20 1.221705701256369042e-20
1.096611378144186892e+04 -2.399053649065980371e-20 1.255916239560724275e-20
1.097249813935798920e+04 9.134505163738831656e-21 1.244625219835595555e-20
1.097888249702454050e+04 1.511985203732352337e-20 1.120171574511132043e-20
1.098526685441085829e+04 1.197171618321703640e-20 1.206605621083857699e-20
1.099165121148639992e+04 1.807756530736165171e-21 1.140807970700767490e-20
1.099803556822049904e+04 8.437519941100932553e-21 1.127292744600840303e-20
1.100441992458264031e+04 2.130813998526930115e-20 1.188060383599645557e-20
1.101080428054219738e+04 6.566220434788044286e-21 1.176253188725485880e-20
1.101718863606875675e+04 3.341497091586786429e-20 1.233691876084136389e-20
1.102357299113173394e+04 2.569521872892905401e-20 1.214826117773484072e-20
1.102995734570067361e+04 2.379617263598361573e-20 1.204118670569109660e-20
1.103634169974513861e+04 1.624012027386728025e-20 1.212874593733245198e-20
1.104272605323471544e+04 2.164077528304250316e-20 1.230116094624902744e-20
1.104911040613895602e+04 4.521924528467758055e-20 1.222798557316379725e-20
1.105549475842746142e+04 -1.161033854885624718e-20 1.211784604814441656e-20
1.106187911006993636e+04 -4.605707086774184591e-21 1.090849848885386467e-20
1.106826346107390236e+04 5.027728254890775369e-21 1.096554595887889114e-20
1.107464781517024130e+04 2.125794496569299052e-20 1.159554494852424825e-20
1.108115589968323911e+04 7.012605608613245125e-21 1.077728423738343138e-20
1.108754025793014807e+04 2.255647686146095296e-20 1.164218077340011148e-20
1.109392461537668532e+04 2.240759920866745491e-20 1.139437779495957577e-20
1.110030897199298670e+04 6.125834223208240121e-20 1.199569686685883043e-20
1.110669332774852046e+04 9.887088035222076153e-21 1.141049009958008837e-20
1.111307768261349702e+04 1.493981672982663949e-20 1.204432299631060938e-20
1.111946203655740283e+04 1.933147558137750625e-20 1.147409637735759216e-20
1.112584638955031551e+04 4.265411952469899683e-20 1.188394904654831451e-20
1.113223074156201255e+04 1.963869061300580869e-20 1.084751772820941915e-20
1.113861509256272984e+04 1.420377784724916008e-20 1.088261009152497168e-20
1.114499944252191926e+04 2.187187329945996170e-20 1.117345730699436405e-20
1.115138379141005862e+04 4.224601196989610096e-20 1.137506829016026430e-20
1.115776813919659071e+04 3.870084770540397349e-20 1.119689810946747999e-20
1.116415248585207883e+04 2.484654046611517236e-20 1.077109400325711869e-20
1.117053683134596213e+04 3.210671708835582878e-20 1.168340249937020468e-20
1.117692117564884393e+04 2.284321854230090540e-20 1.183153341544988873e-20
1.118330551873047989e+04 4.503019400744303310e-20 1.171683593741790662e-20
1.118968986056126232e+04 2.485254601093033566e-20 1.071484660859370843e-20
1.119607420111089232e+04 -3.588721625823363307e-21 1.028175797752919954e-20
1.120245854034998410e+04 7.934471690156734344e-21 1.025749616828397783e-20
1.120884287824840612e+04 2.117535291358678116e-20 1.068824836699111367e-20
1.121522721477649065e+04 3.714890924987974803e-21 1.053202036071263007e-20
1.122161154990427349e+04 1.939229891733611040e-20 1.174520607524557690e-20
1.122799588360234338e+04 3.226598545373616801e-20 1.128943160405912903e-20
1.123438021584056514e+04 1.655868570738586404e-20 1.116084518566410231e-20
1.124076454658945840e+04 -1.324894065059802490e-20 1.015896980514794029e-20
1.124714887581915355e+04 1.502406211199626681e-20 1.103960185245354788e-20
1.125353320350021204e+04 3.755873374210501617e-20 1.120358402219259087e-20
1.125991752960292979e+04 3.925275325851477790e-20 1.180227679772197365e-20
1.126630185409770093e+04 1.830320111736815092e-20 1.091240892223073065e-20
1.127268617695484681e+04 -1.496650479977602926e-21 1.143633334565918650e-20
1.127907049814469246e+04 2.067235446664950872e-20 1.142170438343876359e-20
1.128545481763807402e+04 6.091875445802685842e-21 1.102820697869659245e-20
1.129183913540491449e+04 1.770965668433707444e-20 1.092201922452813954e-20
1.129822345141610640e+04 2.224205437520245236e-21 1.081127050825497861e-20
1.130460776564209664e+04 1.819228637303437599e-20 1.066931725126099194e-20
1.131099207805328660e+04 1.714267980569444636e-20 1.039795402460973811e-20
1.131737638862029962e+04 1.727353933081894261e-20 1.033078899885466205e-20
1.132376069731385360e+04 -3.080805756911799138e-21 1.048860583591620849e-20
1.133014500410423534e+04 2.092283068146469642e-20 1.029202466039547149e-20
1.133652930896244470e+04 8.575478410538766059e-21 1.063647434051884414e-20
1.134291361185867754e+04 6.917598219071598289e-21 1.183581258036629814e-20
1.134929791276414289e+04 2.618904763937477920e-20 1.113058223902396468e-20
1.135568221164936222e+04 3.573699386121575198e-20 1.080307523443912628e-20
1.136206650848486970e+04 1.253730129664554139e-20 1.018719406846390688e-20
1.136845080324151604e+04 3.095955446473763614e-20 1.043446849142009385e-20
1.137483509589001733e+04 5.515936029596527311e-20 1.071715364049874077e-20
1.138121938640128246e+04 1.902932038507998199e-20 1.058531957916691082e-20
1.138760367474591658e+04 2.647502782841108490e-20 9.933918866192833534e-21
1.139398796089514144e+04 2.583396243033572945e-20 1.062939603427584922e-20
1.140037224481898011e+04 1.552055054219134884e-20 1.003153176142077228e-20
1.140675652648955838e+04 1.619733462948219575e-20 1.068728969116059934e-20
1.141314080587659555e+04 2.845517087620365738e-20 1.068181249083746677e-20
1.141952508295178995e+04 -5.522011685060680187e-21 1.127252692061266637e-20
1.142590935768555937e+04 2.480274378591569816e-20 1.017939297584064115e-20
1.143229363004930201e+04 3.721643573130634588e-20 1.069853981387388721e-20
1.143867790001382855e+04 4.102795731807845430e-20 1.031787801208386660e-20
1.144506216755006608e+04 1.576741815988264919e-20 1.022546352534740240e-20
1.145144643262923819e+04 1.282892833475741272e-20 1.023432233874372917e-20
1.145783069522191909e+04 1.687928097176011437e-20 1.021807626535582991e-20
1.146421495529993626e+04 1.183581126112622058e-22 1.040386831728162678e-20
1.147059921283373114e+04 6.260284987949238117e-21 1.017267393142101612e-20
1.147698346779474559e+04 1.508387212356973970e-20 9.746405252794200903e-21
1.148336772015381939e+04 2.888517594758708562e-20 9.923307246464068514e-21
1.148987628044133271e+04 2.968181536687290861e-22 9.989271450445265622e-21
1.149626054059289163e+04 -1.127972204204813421e-20 1.012122088822348876e-20
1.150264479432914231e+04 2.942783222359942200e-20 1.043056179866306568e-20
1.150902904530889100e+04 1.496520155106448519e-20 9.797846391535258665e-21
1.151541329354042682e+04 3.927202902227285776e-20 1.014501659879290869e-20
1.152179753899505158e+04 3.073698066315695976e-20 1.036814714321846098e-20
1.152818178164383062e+04 1.314305415112491080e-20 1.137279609363899368e-20
1.153456602145871148e+04 1.661877689100502147e-20 1.073785828615086052e-20
1.154095025841001734e+04 3.066688123257940121e-20 1.029794261419895191e-20
1.154733449247012322e+04 1.952444905703032987e-20 1.023375577412088635e-20
1.155371872360960333e+04 1.994348535368211665e-20 1.003063858870502088e-20
1.156010295180087996e+04 1.179628019288872594e-20 1.031082255114327751e-20
1.156648717701440546e+04 3.522406128462324117e-21 1.038985041714092960e-20
1.157287139922220922e+04 1.316362704039676970e-20 1.031887092431203002e-20
1.157925561839559668e+04 3.654713800414001307e-20 1.059329351482825019e-20
1.158563983450604064e+04 7.300093989724136343e-21 9.092229544572427329e-21
1.159202404752464099e+04 -6.621478775324890902e-21 1.004883799703659834e-20
1.159840825742378911e+04 2.460027062138372816e-20 1.038871202420263578e-20
1.160479246417465947e+04 1.601643270121077441e-20 1.008773236227291071e-20
1.161117666774879217e+04 -5.009591924601960991e-21 1.008573919426942044e-20
1.161756086811735622e+04 3.021963183758294776e-20 9.594757393425720488e-21
1.162394506525288307e+04 2.323238714869410989e-20 1.001583369071812481e-20
1.163032925912656356e+04 1.704406354766406175e-22 9.922687746421579758e-21
1.163671344971012149e+04 1.553300691536224553e-20 1.058000007073471546e-20
1.164309763697519338e+04 2.110401387341808470e-20 1.001663321853265631e-20
1.164948182089330658e+04 3.540124103971696141e-20 1.027749793403413140e-20
1.165586600143663418e+04 2.580364861837718564e-20 1.024992345818873487e-20
1.166225017857625426e+04 1.134077295509615662e-20 8.988735123635039844e-21
1.166863435228465096e+04 1.920967791547183814e-20 9.083600778842678201e-21
1.167501852253364450e+04 2.098449451356569508e-20 9.617665838738660799e-21
1.168140268929481135e+04 2.589464880488203916e-20 9.653166959958016856e-21
1.168778685253996446e+04 2.906833118456792467e-20 9.570411969479620940e-21
1.169417101224104408e+04 5.391271449761125039e-21 9.507414195299703786e-21
1.170055516836988318e+04 2.545022203305694051e-20 9.688147843145791538e-21
1.170693932089818918e+04 1.210248582990379523e-20 1.014825771687804201e-20
1.171332346979810063e+04 2.863552901004786824e-20 9.892650796701110229e-21
1.171970761504161965e+04 1.291599273890782317e-20 9.380132297879085273e-21
1.172609175660070105e+04 1.199594044522592524e-20 9.606166195472202401e-21
1.173247589444762343e+04 1.504822063373726098e-20 9.878867574611275046e-21
1.173886002855413244e+04 2.959669148808387463e-20 9.519511743035821429e-21
1.174524415889196825e+04 2.473671399003543598e-20 9.425549718844561662e-21
1.175162828543352771e+04 -4.085778445935662373e-22 9.448319057208651703e-21
1.175801240815112214e+04 2.644826864472520091e-20 9.617613257368047454e-21
1.176439652701636805e+04 -3.498470010151100702e-22 9.229372523054152956e-21
1.177078064200188965e+04 -1.327066809932391317e-20 9.120582305952673061e-21
1.177716475311698741e+04 2.179985319860130105e-21 9.166034389285552262e-21
1.178354886398706185e+04 7.547874282249405731e-21 8.972954456605671791e-21
1.179005771308053590e+04 3.162591962410948296e-20 9.525361676718181387e-21
1.179644182146930143e+04 1.919883319760124002e-20 9.831219755144879840e-21
1.180282592583659061e+04 2.514529153922717189e-20 9.374172027793458849e-21
1.180921002615484213e+04 3.192099328884641622e-20 9.458765031792670894e-21
1.181559412239601988e+04 1.491788678870903398e-20 9.682971677473983561e-21
1.182197821453169490e+04 7.349532218426151567e-21 9.214909734105424918e-21
1.182836230253596841e+04 2.498617266542902783e-20 9.438872090487961378e-21
1.183474638637986209e+04 2.944755736163253529e-20 9.151996698741615446e-21
1.184113046603662042e+04 9.354009689816175455e-22 8.680900290189697345e-21
1.184751454147790537e+04 -1.634166858521178674e-21 8.526645654349651644e-21
1.185389861267660308e+04 -3.594756502925758468e-21 9.408761340250562417e-21
1.186028267960408994e+04 9.737226582497853799e-21 8.984845952488413996e-21
1.186666674223407972e+04 9.074310343439924146e-21 9.313555872279933558e-21
1.187305080053888196e+04 2.167409897114805176e-20 8.700531517651116511e-21
1.187943485449037325e+04 2.646973414723842731e-20 9.238270356648229455e-21
1.188581890406152343e+04 2.379460058759378169e-20 8.996568925060210042e-21
1.189220294922489302e+04 1.886659493257104186e-20 9.274219109176383403e-21
1.189858698995314626e+04 1.337168611953028368e-20 9.392332018009132824e-21
1.190497102621804333e+04 2.961785346395336241e-20 9.482839529725857702e-21
1.191135505799326165e+04 1.904813243851331201e-20 8.997892520265502938e-21
1.191773908525085790e+04 3.585137738027002420e-20 8.576271585641309264e-21
1.192412310796321617e+04 1.819487825478122830e-20 8.791253108352264197e-21
1.193050712610341179e+04 1.137868083274943724e-20 8.785042798581351323e-21
1.193689113964388525e+04 2.993496913536153410e-20 9.215610117153443899e-21
1.194327514855773916e+04 3.979996579703464875e-20 9.368384140481903245e-21
1.194965915281752859e+04 3.728156812226419096e-20 9.182880238658450420e-21
1.195604315239613788e+04 3.261965388913627560e-20 9.053402671581888056e-21
1.196242714726604572e+04 1.034289646270353371e-20 8.736289971187615057e-21
1.196881113739981447e+04 2.542023316236996310e-20 9.235999209416396333e-21
1.197519512277029389e+04 2.336423105022016647e-20 8.968198718668178874e-21
1.198157910335116685e+04 2.989863011445943150e-20 9.016580035815942329e-21
1.198796307911459007e+04 1.812847784090044085e-20 9.141829822580739932e-21
1.199434705003399722e+04 1.534887264994044474e-20 8.679729033932514270e-21
1.200073101608062825e+04 4.752600079752860727e-20 8.942073452820331707e-21
1.200711497722997410e+04 7.516154089830087691e-21 8.904707396135751581e-21
1.201349893345255805e+04 8.150022655055083950e-21 8.456980485003570648e-21
1.201988288472283602e+04 3.825301892031336450e-21 7.756589447386665839e-21
1.202626683101358867e+04 2.055373955734941888e-20 8.960418307875985897e-21
1.203265077229743110e+04 1.253875968563693281e-20 7.988854172057933187e-21
1.203903470854765510e+04 1.067913007359021301e-20 7.797746312819315204e-21
1.204541863973699037e+04 1.858911362912949907e-20 9.209020777964460053e-21
1.205180256583861774e+04 2.412385486507060469e-20 8.979773406499810680e-21
1.205818648682608182e+04 3.774986361259255667e-20 9.133577601457393293e-21
1.206457040267220691e+04 5.822742262811379792e-22 8.908464395042483959e-21
1.207095431334907335e+04 1.729970270502071449e-20 9.149716646136406548e-21
1.207733821883214841e+04 3.015139780627542476e-20 8.795799369903037183e-21
1.208372211909221551e+04 4.880033513990889001e-20 8.582641773195866403e-21
1.209010601410361232e+04 1.054101143812857689e-20 8.321367521654849398e-21
1.209648990383897581e+04 2.013804104216846858e-20 8.766735531142390759e-21
1.210287378827269822e+04 -4.904358403182330841e-22 8.763005272494732604e-21
1.210925766737744016e+04 1.052835676736934182e-20 8.730080275215176626e-21
1.211564154112491451e+04 2.639079593110316743e-20 8.620112346102104924e-21
1.212202540949122158e+04 3.520444052296802539e-20 8.925699860708450173e-21
1.212840927244810337e+04 7.321873892737411810e-22 9.168677220920219722e-21
1.213479312996874978e+04 1.946890416975226292e-20 9.068599913229283125e-21
1.214117698202684733e+04 3.171330722500629982e-20 9.155590934316251254e-21
1.214756082859564231e+04 2.000741084004769374e-20 8.935809506727513124e-21
1.215394466964925414e+04 2.103089353281020375e-20 9.494790067055059705e-21
1.216032850515979044e+04 1.712042297793479459e-20 9.423453106146316215e-21
1.216671233510197453e+04 6.146330803431950282e-21 8.772034437557450731e-21
1.217309615944816505e+04 -9.914154068307704507e-22 8.953543438247882852e-21
1.217947997817233409e+04 4.921665315186567578e-22 8.346480418292019976e-21
1.218586379124767336e+04 2.740340631536030161e-20 8.488954781701923640e-21
1.219224759864864063e+04 2.689255499285242990e-20 8.987424340530285008e-21
1.219863140034835669e+04 2.405763625230828774e-20 8.733630734600517203e-21
1.220501519631954579e+04 2.002378594488503876e-20 8.970629734905476717e-21
1.221139898653691489e+04 2.156813523142607022e-20 9.094030590416914173e-21
1.221778277097273167e+04 2.172138971698951046e-20 8.460616119492483389e-21
1.222416654960131018e+04 2.757900165454721396e-20 7.906347951085174065e-21
1.223055032239704633e+04 1.637344997410767836e-20 8.646381614630386887e-21
1.223693408933313549e+04 2.935351862587757588e-20 8.864930858834188981e-21
1.224331785038365524e+04 2.476016703256214814e-20 9.186597885299482804e-21
1.224982698424214686e+04 9.438385551595273064e-22 9.101050572951568738e-21
1.225621074249912817e+04 2.494900976801358914e-20 9.214395716354221492e-21
1.226259449475194560e+04 2.535524614880892637e-20 8.943315180555890984e-21
1.226897824101199876e+04 3.333176098768526142e-20 9.429377564066184055e-21
1.227536198125180454e+04 2.707413136677449345e-21 9.011979291880931538e-21
1.228174571544561149e+04 3.768105833437609058e-22 8.783241966600710937e-21
1.228812944356767730e+04 -5.214441613995230373e-21 8.381482565185775595e-21
1.229451316559098632e+04 2.185388634518809222e-20 9.675309781041444119e-21
1.230089688148938512e+04 1.482654307674351005e-20 9.708422790006781983e-21
1.230728059123804269e+04 3.274686658629665156e-20 9.880992153067375337e-21
1.231366429481002342e+04 7.768701138251981493e-21 8.690217564480057685e-21
1.232004799217790969e+04 6.613103267863144333e-21 8.709250152269716012e-21
1.232643168331788002e+04 2.372360971955614444e-20 8.260969993275543017e-21
1.233281536820345718e+04 4.992039558107568230e-21 8.611163749409461459e-21
1.233919904680726904e+04 3.342547216356972405e-20 9.138035067634944920e-21
1.234558271910511030e+04 1.818838127175385502e-20 8.356896792145790655e-21
1.235196638506965792e+04 2.763800290752780664e-20 8.736591017953494904e-21
1.235835004467543695e+04 8.725158890342363195e-21 8.395393637611731368e-21
1.236473369789695062e+04 1.096840796710722338e-20 8.785749107475811228e-21
1.237111734470691408e+04 1.212100599545539665e-20 8.516082988684775095e-21
1.237750098508078190e+04 -5.229518874252080907e-21 7.640585353111931169e-21
1.238388461899269532e+04 -6.624978496875546336e-21 8.928874600921856599e-21
1.239026824641590974e+04 2.543175640223494294e-20 8.719529308853687694e-21
1.239665186732548864e+04 2.511767172687941226e-20 8.377472438314041760e-21
1.240303548169424539e+04 1.581502660566450572e-20 7.785964096587173666e-21
1.240941908949771459e+04 3.395144344410903047e-20 7.907495797484127645e-21
1.241580269070969553e+04 5.173757210181826063e-20 8.463888845626897362e-21
1.242218628530445494e+04 2.365449774598141025e-20 8.711787512747686073e-21
1.242856987325577029e+04 3.723850432121673368e-20 8.890653071181152248e-21
1.243495345453889786e+04 2.314615003238791359e-20 8.063698135681687429e-21
1.244133702912809531e+04 4.198974208377555646e-20 8.530517430080877483e-21
1.244772059699673628e+04 2.314081153888356806e-20 8.549133462898591333e-21
1.245410415811968051e+04 2.668571831663663397e-20 8.479139917726385600e-21
1.246048771247127479e+04 3.098015014654616600e-20 8.729328322430793853e-21
1.246687126002592595e+04 1.402908823579371119e-20 8.487641017682527700e-21
1.247325480075797714e+04 8.689665639402836614e-21 8.207982372010516038e-21
1.247963833464187519e+04 1.034320335060122136e-20 7.910708802380671418e-21
1.248602186165209241e+04 2.801499359373800944e-20 8.307470061337678105e-21
1.249240538176307928e+04 2.039510944362757487e-20 8.364247474286479644e-21
1.249878889494933173e+04 2.446947333127508346e-20 8.762751620323463894e-21
1.250517240118478549e+04 2.359830146338782054e-20 8.427949735766254665e-21
1.251155590044500605e+04 1.815249160732085334e-20 8.737759429350095753e-21
1.251793939270405826e+04 3.492305543444170047e-20 9.158830113770306851e-21
1.252432287793649630e+04 1.481550796655326886e-20 8.025846083770083412e-21
1.253070635611688704e+04 3.448762127021388731e-20 8.198263903467539090e-21
1.253708982721981192e+04 1.912928618304641081e-20 8.308424712156586474e-21
1.254347329122040173e+04 2.913531826903063250e-20 8.326349820139286084e-21
1.254985674809181182e+04 2.344519700642491187e-21 7.206835187900005572e-21
1.255624019781071911e+04 2.429224542342206611e-20 8.068467024350852739e-21
1.256262364034974235e+04 2.378174061154358573e-20 7.782107488729137327e-21
1.256900707572145620e+04 9.627238781881326136e-21 8.255923267371879857e-21
1.257551633968418901e+04 1.382638493950020590e-20 8.309928928271435392e-21
1.258189976943811780e+04 3.127490229431581056e-20 8.514039345564782041e-21
1.258828319190943148e+04 6.104228853241089676e-21 8.147762844109249757e-21
1.259466660707355550e+04 3.448930242945122374e-20 8.599306944742163276e-21
1.260105001490464383e+04 3.497356113442794645e-20 8.580782660827201046e-21
1.260743341537890774e+04 2.695909019743418674e-20 8.945018959116366365e-21
1.261381680846956078e+04 1.575460481683571569e-20 8.393150688759419937e-21
1.262020019415170282e+04 1.010628895212703024e-20 8.016187466714901094e-21
1.262658357240028818e+04 1.257430533832014586e-20 8.389737014257655812e-21
1.263296694319171729e+04 2.311313372655826115e-22 7.947872778656167635e-21
1.263935030649912369e+04 4.049179487517289122e-21 8.191898671939367861e-21
1.264573366229788371e+04 2.374464380495061134e-20 7.899063895962177179e-21
1.265211701056266429e+04 2.556507588156378406e-20 7.565502119066671704e-21
1.265850035126918920e+04 1.602429730815699431e-20 7.846850575583342593e-21
1.266488368439213446e+04 2.243839404214251473e-20 8.452587627930275275e-21
1.267126700990655081e+04 1.575712439662371612e-20 7.990432851055142292e-21
1.267765032778718523e+04 2.985934333863342944e-20 8.215507884074154982e-21
1.268403363800944135e+04 9.981270256767633414e-21 7.930930103384443897e-21
1.269041694054753134e+04 1.398893528304812347e-20 8.364788350976505614e-21
1.269680023537778834e+04 3.750207720089411474e-20 8.340073597550062021e-21
1.270318352247435905e+04 1.282911481356390192e-20 7.884230545173916759e-21
1.270956680181362935e+04 8.818494227464300363e-21 8.445213868588758984e-21
1.271595007336890012e+04 1.483618741959579703e-20 8.071568481769570148e-21
1.272233333711685373e+04 2.151626070740292936e-20 7.812599795510831392e-21
1.272871659303204615e+04 1.226171775066767316e-20 7.782591912574740856e-21
1.273509984108936078e+04 3.294633848531179030e-20 7.480411260202278892e-21
1.274148308126479424e+04 1.642480458066572859e-20 8.102526396060743831e-21
1.274786631353385383e+04 3.003315034719762096e-20 8.098676525105285829e-21
1.275424953786892547e+04 2.078058611257482890e-20 7.624151309560077855e-21
1.276063275424965650e+04 1.933667762482239234e-20 8.411629143783128618e-21
1.276701596264818545e+04 7.707637222135800113e-21 7.656897009368155837e-21
1.277339916304192957e+04 1.705904024759338937e-20 7.828845792551125641e-21
1.277978235540332571e+04 3.501786229319971255e-20 7.754904976625837610e-21
1.278616553971091344e+04 9.764996786799443705e-21 7.679572694360685275e-21
1.279254871593842290e+04 2.868853094528436537e-21 7.709622424386843421e-21
1.279893188406103582e+04 5.024337120127056189e-21 7.964294863785855296e-21
1.280531504405528176e+04 2.253734270551900163e-20 7.913183422232103024e-21
1.281169819589578583e+04 3.383167757369271723e-20 8.412632655673713143e-21
1.281808133955833364e+04 3.457477510620996379e-20 8.226285054782557665e-21
1.282446447501746479e+04 2.894158207622746077e-20 7.856477971228077946e-21
1.283084760225062382e+04 3.470621372183870530e-20 7.744706642927380434e-21
1.283723072123107704e+04 2.929444436949079877e-20 7.470457923197754346e-21
1.284361383193568872e+04 2.111832002632321282e-20 7.861438768595548521e-21
1.284999693433922039e+04 -8.155398774143362857e-21 7.708677603688470758e-21
1.285638002841771049e+04 3.043931271879968815e-20 8.222833644024313039e-21
1.286276311414659540e+04 2.845097754074924079e-20 7.721921223629556089e-21
1.286914619150176804e+04 1.156558674959807911e-22 7.904063841331788103e-21
1.287552926045976892e+04 1.112795228145348957e-20 7.932852196499290849e-21
1.288191232099452645e+04 3.725476288032212959e-20 8.485964821306556604e-21
1.288829537308186991e+04 1.335635400687403498e-20 8.245022931456557706e-21
1.289467841669889094e+04 1.505297275756867786e-20 8.303879411391407870e-21
1.290106145181917418e+04 1.577874330779994889e-20 7.634019316528846554e-21
1.290744447841958936e+04 8.885659463417571826e-21 7.987278817617836942e-21
1.291382749647569835e+04 1.854711834299576907e-20 7.777330419273531705e-21
1.292021050596417081e+04 2.621650986457046240e-20 7.973193966701013920e-21
1.292659350685922436e+04 5.709724673517842568e-21 7.547608730078051136e-21
1.293297649913738678e+04 2.775508877320116198e-20 8.109032341382210959e-21
1.293935948277465468e+04 1.168714380116876061e-21 7.756741429272780649e-21
1.294574245774769770e+04 -4.525971376547129694e-21 7.740217983785013529e-21
1.295212542403015141e+04 2.366929688010489215e-20 8.161338541455081101e-21
1.295850838159977320e+04 2.927206939105819849e-20 8.094236486349896131e-21
1.296489133043089714e+04 2.860956771349738551e-20 7.971627353302240040e-21
1.297127427050103688e+04 3.997918557920791809e-20 8.427179724503236084e-21
1.297765720178457741e+04 1.057330228997280726e-20 7.817234308559756680e-21
1.298404012425813562e+04 1.628336251433677508e-20 8.313444190285874694e-21
1.299042303789787729e+04 2.052434817179538664e-20 8.471018203652439138e-21
1.299680594267940614e+04 1.968945701559338935e-20 7.982382587805559424e-21
1.300318883858024856e+04 1.450747537178350265e-21 8.416416101716855135e-21
1.300957172557392551e+04 1.396734775987478886e-20 8.077990238809476203e-21
1.301595460363800339e+04 1.528476872592711713e-20 7.576049406473910871e-21
1.302233747274826055e+04 4.915784303481138969e-21 7.953108295306901853e-21
1.302872033288064267e+04 5.531581219986150757e-21 7.518568309388918936e-21
1.303510318401041877e+04 2.740135789109086907e-21 8.020944424195922390e-21
1.304148602611396200e+04 4.451352332617324162e-21 7.918443456286146037e-21
1.304786885916891333e+04 1.077239380896635803e-20 7.511230185445992057e-21
1.305425168544532789e+04 1.279907982216653742e-20 7.954195727541868028e-21
1.306063450944771466e+04 5.907894154862110847e-21 7.856780333780251450e-21
1.306701732432937933e+04 1.536475587628138936e-20 8.116508370294734687e-21
1.307340013006542176e+04 1.710513294805257968e-20 8.122324896074376062e-21
1.307978292663215325e+04 -1.961189186881760399e-20 7.399379001030774989e-21
1.308616571400606335e+04 1.043718731569305837e-20 6.982424547532818206e-21
1.309254849216379444e+04 2.056932135801669538e-20 7.360306810953388290e-21
1.309905778841246683e+04 -3.595808941086490949e-21 8.553255609411569689e-21
1.310544056031742002e+04 9.859355416931650944e-21 7.968807305647590320e-21
1.311182331943271674e+04 1.640676530745558777e-20 7.718431408742885131e-21
1.311820606919964484e+04 1.343907159738070472e-20 8.332334965714738823e-21
1.312458880962895273e+04 1.088961448580688277e-20 7.648593149410219751e-21
1.313097154069824137e+04 9.778706535899369185e-21 8.085224977718442184e-21
1.313735426238322725e+04 1.102323108248121794e-20 8.170991367440752087e-21
1.314373697465897749e+04 2.058875180576359581e-20 7.879855987827030350e-21
1.315011967750393887e+04 5.718721510632608752e-21 7.653007358579375278e-21
1.315650237089379516e+04 1.405127170262203950e-20 6.865604068706356421e-21
1.316288505480434105e+04 1.249669882440375230e-20 7.236392080231049447e-21
1.316926772921413976e+04 2.083543954246567970e-20 7.830841331518832735e-21
1.317565039409825658e+04 9.910159587665099121e-21 7.585887492478873421e-21
1.318203304943317562e+04 5.817714316592924067e-21 7.941423618827559036e-21
1.318841569519543918e+04 1.955929190054010360e-20 7.673232019519885594e-21
1.319479833136089292e+04 2.061373449283068447e-20 8.156177201048960041e-21
1.320118095790601365e+04 1.198953660702094256e-20 7.938728513394579821e-21
1.320756357480879524e+04 3.380494688096294617e-20 7.992424382181280525e-21
1.321394618204451217e+04 -4.543393344151054347e-22 7.248244448923307458e-21
1.322032877959106008e+04 1.401278915287369897e-20 7.540788156985989211e-21
1.322671136742510316e+04 1.045138359877786137e-20 7.413542837216633067e-21
1.323309394552261801e+04 1.669201639542058199e-20 7.764037239445995819e-21
1.323947651386022517e+04 1.578372294142829976e-20 7.524526801293410524e-21
1.324585907241385758e+04 2.962682253864678552e-21 7.027513143161211698e-21
1.325224162116021398e+04 1.347564903173777511e-21 7.564740508861135670e-21
1.325862416007610045e+04 2.291517259934974308e-20 7.382259029047000857e-21
1.326500668914023481e+04 1.578625338317541766e-20 7.898672608240017165e-21
1.327138920832874101e+04 1.768066957315901687e-20 8.108116425476726977e-21
1.327777171761771388e+04 -4.981892240224954564e-21 7.644755852334060860e-21
1.328415421698385217e+04 2.740553899311990750e-20 7.549333065531642408e-21
1.329053670640395103e+04 1.818176050153477514e-20 7.689071798274248277e-21
1.329691918585343046e+04 1.241525021133158653e-20 7.276716872223744749e-21
1.330330165531054263e+04 1.542239045230421959e-20 7.485749010306589865e-21
1.330968411475211178e+04 1.872260451463491975e-20 7.376532264295103669e-21
1.331606656415577527e+04 1.163804869108638722e-20 7.861540701652122455e-21
1.332244900349846466e+04 3.155963050026868797e-21 7.440019406110576744e-21
1.332883143275553084e+04 -8.382451641327252254e-21 7.542497467929468350e-21
1.333521385190539331e+04 1.243778601856342209e-20 8.272025614926280419e-21
1.334159626092431245e+04 2.980505361112756005e-20 7.979945513066552666e-21
1.334797865978768641e+04 2.230920884691772976e-20 7.882766871521854428e-21
1.335436104847322713e+04 5.980218243540430231e-21 7.891372079825073798e-21
1.336074342695875748e+04 1.129573808591329238e-21 7.181316206512446287e-21
1.336712579522415763e+04 -2.524884067757768988e-21 7.465687225314600446e-21
1.337350815324206633e+04 2.769076728888910079e-20 7.507950324238218153e-21
1.337989050099172891e+04 2.244473567717567873e-20 7.735452616630111268e-21
1.338627283844950944e+04 1.683121560015776805e-20 7.748085849822251473e-21
1.339265516559312346e+04 1.835050099099452122e-20 7.492660199705780406e-21
1.339903748239598281e+04 2.035633992146959986e-20 7.240413602942988300e-21
1.340541978883599950e+04 2.526915782973846328e-20 7.950095003811128911e-21
1.341180208489694814e+04 2.601480703915742688e-20 7.827654006198450645e-21
1.341818437055231516e+04 1.961480382463551193e-20 7.884098054540500626e-21
1.342456664577706033e+04 9.279414117052721695e-21 7.656836753956820850e-21
1.343094891054972686e+04 1.455542292324313671e-20 7.441293415020005416e-21
1.343733116484906532e+04 2.705640303171384815e-20 7.661078862609428864e-21
1.344371340864782906e+04 1.547704035801039938e-20 7.605556293736421149e-21
1.345009564192465041e+04 1.696094650335392904e-20 7.512257503357282092e-21
1.345647786466215257e+04 1.216312923942141829e-20 7.930090735175688132e-21
1.346286007686998710e+04 2.421351686209352691e-20 7.751220539262858336e-21
1.346924228195391515e+04 2.051702681055025778e-20 7.023630430322747596e-21
1.347575151085435937e+04 3.098460963625821324e-20 7.451713005369300984e-21
1.348213369978254195e+04 2.700703274189543632e-20 7.089818367487203749e-21
1.348851587805220879e+04 2.663801555249265930e-20 6.992305179273551695e-21
1.349489804563488178e+04 3.792770241430078694e-21 7.549658712355524111e-21
1.350128020251834641e+04 1.319717141962246039e-20 7.284989007211099624e-21
1.350766234867621461e+04 1.375951094386692740e-20 7.360085511632581930e-21
1.351404448408476856e+04 2.911518920953343437e-20 7.613097498203348427e-21
1.352042660872161650e+04 2.019007249396637604e-20 7.240455178738210222e-21
1.352680872256354633e+04 1.045253746509184636e-20 7.290351708728054005e-21
1.353319082558847731e+04 1.442823737695035791e-20 7.990646126548701692e-21
1.353957291777007049e+04 2.400549408955935408e-20 7.919489800561393345e-21
1.354595499909477076e+04 2.053979420209057627e-20 7.408802524131190375e-21
1.355233706953494948e+04 3.137464008776194560e-20 7.395179149495549484e-21
1.355871912906833131e+04 2.171082185670218848e-20 7.549172194643790148e-21
1.356510117767097290e+04 3.706832810499852953e-20 7.816187598285639695e-21
1.357148321532334739e+04 2.788743736175385906e-20 7.152782267451828430e-21
1.357786524199670930e+04 2.516056999056101376e-20 7.542786038595021851e-21
1.358424725767692689e+04 1.359144334567114228e-20 7.463133895548221390e-21
1.359062926234047882e+04 4.022272723927930132e-20 7.484274925685589261e-21
1.359701125596191741e+04 3.570994481680784755e-20 7.744823066044057733e-21
1.360339323851984227e+04 4.291278824726304636e-20 7.507786738984767634e-21
1.360977520998995533e+04 2.089481300375371165e-20 7.204173599235327413e-21
1.361615717035174566e+04 2.520947910181912149e-20 7.351917140776928596e-21
1.362253911958138451e+04 3.340614486215849121e-20 7.508911597714026553e-21
1.362892105765959968e+04 1.470571709525025256e-20 7.068750915668502155e-21
1.363530298456509445e+04 2.202181668845762952e-20 7.496242757174702804e-21
1.364168490027161351e+04 2.402877111513856142e-20 7.542614523161312245e-21
1.364806680475830581e+04 2.393732004969125973e-20 7.410234336054110452e-21
1.365444869800390552e+04 3.557623659444923382e-20 7.496290936692972868e-21
1.366083057997967990e+04 1.663765675349696733e-20 7.149774502381396583e-21
1.366721245067402742e+04 2.210518558996243903e-20 7.196830692133642096e-21
1.367359431006069099e+04 1.811106601497720097e-20 6.962188958475291048e-21
1.367997615811685500e+04 1.682646063005447908e-20 7.467680841898219856e-21
1.368635799482014409e+04 2.611498687507322345e-20 7.688139906011637194e-21
1.369273982014596186e+04 2.275614974426116180e-21 7.299342649888188739e-21
1.369912163407488151e+04 2.339284308187779791e-20 7.050734207565484509e-21
1.370550343658548809e+04 1.163542411027449729e-20 7.246282074901418383e-21
1.371188522765568632e+04 2.517819902768699957e-20 7.408173159396173640e-21
1.371826700726361742e+04 9.483659218641525336e-21 7.448162819135655339e-21
1.372464877538541987e+04 1.005367639549253837e-20 7.184558205004250023e-21
1.373103053199896203e+04 7.515967170182356916e-21 7.204545675635049909e-21
1.373741227708073166e+04 1.746056100315981121e-20 7.159483180226266608e-21
1.374379401061466888e+04 1.729854292114057610e-20 7.447443279864045865e-21
1.375017573257517688e+04 9.752160738871072484e-22 7.526748235573461450e-21
1.375655744294140459e+04 3.721181416363564958e-21 6.507811130643880808e-21
1.376293914169057098e+04 -6.230386844756928604e-21 6.904634286269185109e-21
1.376932082879698646e+04 7.711621887070528916e-21 6.712065366493681435e-21
1.377570250424246842e+04 1.956377369079309791e-20 7.039264173282478765e-21
1.378208416800867053e+04 1.636910343320964955e-20 7.134981278777686247e-21
1.378846582006811877e+04 1.987834182813012298e-20 7.131864557488607743e-21
1.379484746040274149e+04 8.159756028515959728e-21 7.460520592732733534e-21
1.380122908898904643e+04 1.075836926044051096e-20 6.958551055686649771e-21
1.380761070580222986e+04 1.476464608446456541e-20 7.446291642173659979e-21
1.381399231082157712e+04 1.279245272128895450e-20 7.391159199350615411e-21
1.382037390403152494e+04 8.586980260817193286e-21 7.147416861951004165e-21
1.382675548540474847e+04 2.885710759333073346e-20 7.532200606318579821e-21
1.383313705492052577e+04 1.042790412406273352e-20 7.291813185903122728e-21
1.383951861255723088e+04 2.672954880475053557e-20 7.683205845945435250e-21
1.384590015828847754e+04 2.966920822417537446e-20 7.956486227079186417e-21
1.385228169210146916e+04 2.248562604310816611e-20 7.811419320874030332e-21
1.385866321397110005e+04 1.807963727664128660e-20 7.347480827637578964e-21
1.386504472387290116e+04 1.962900925836147400e-20 6.976190974693254916e-21
1.387142622178868442e+04 1.152210290365435204e-20 7.034697435679649767e-21
1.387780770769255469e+04 4.026554685185135839e-21 7.017419064162268407e-21
1.388418918156549807e+04 8.252050295104332902e-21 6.804973339205050682e-21
1.389057064338566852e+04 4.033021461381861122e-22 6.833772802580491284e-21
1.389695209313440319e+04 1.792854739479743697e-20 6.656873145853995953e-21
1.390333353078660366e+04 1.542447342628279656e-20 6.874318901296270080e-21
1.390971495632120059e+04 6.989327276361262674e-21 7.450097169676460566e-21
1.391609636971516920e+04 1.365184431573355683e-20 6.855614201628560791e-21
1.392247777094703088e+04 3.139510256900551185e-21 6.960809947668208556e-21
1.392885916000124598e+04 -9.830875717993679184e-21 6.904897701964431010e-21
1.393524053685110812e+04 1.351046352572765422e-20 6.705337504322091230e-21
1.394162190147523324e+04 6.410535882445547374e-21 6.750676741201525531e-21
1.394800325385369979e+04 1.682664242146851359e-20 6.865961194155810776e-21
1.395438459395970131e+04 7.782381163060756553e-21 6.919081617817874060e-21
1.396076592178101237e+04 2.386744381406166254e-20 6.939920163278642433e-21
1.396714723729153047e+04 2.788829794088229407e-20 7.080290107034369157e-21
1.397352854047067740e+04 2.325789249760209497e-20 6.793458558594388125e-21
1.397990983129358392e+04 9.914584958324145808e-21 6.667861332513833191e-21
1.398629110973980278e+04 8.536696215118720576e-21 6.731021442926062078e-21
1.399267237579314678e+04 2.107056713854478923e-20 6.856587489970929814e-21
1.399905362942982538e+04 9.616523841679050549e-21 6.629786671613928961e-21
1.400543487062581517e+04 1.839922885833767082e-20 6.445041106983370399e-21
1.401181609936035420e+04 2.664942086706423194e-20 6.686399367691040094e-21
1.401819731561238586e+04 2.830399521392794085e-20 7.236886600697112790e-21
1.402457851936348925e+04 1.223621392026817000e-20 7.243506747337639829e-21
1.403095971059216390e+04 7.759236383693584637e-21 6.756196676932803381e-21
1.403734088927446101e+04 1.260699764346439863e-20 7.382800843303316397e-21
1.404372205538832350e+04 1.608370017930328682e-20 7.051195220144302595e-21
1.405010320891429910e+04 2.175316666049341084e-20 6.913721097939527349e-21
1.405648434983104198e+04 2.310629517989166798e-20 7.311590061779003462e-21
1.406286547811944001e+04 -2.769394093756059973e-21 7.017469026086870202e-21
1.406924659375745796e+04 -1.308848005719239178e-20 6.826870745298814437e-21
1.407562769671885326e+04 9.881933227703308908e-21 6.758336840817627482e-21
1.408200878698747510e+04 3.635583191830623493e-21 6.949572125413923838e-21
1.408838986454138831e+04 1.227469611143723932e-20 7.305717202750535362e-21
1.409489876288077903e+04 2.293269707009682869e-20 7.231288557203922590e-21
1.410127982675319436e+04 1.067117891665174136e-20 6.648785044775289346e-21
1.410766087446056372e+04 6.146788594183853361e-21 6.769723529293348615e-21
1.411404190933344580e+04 1.610087153381386191e-20 6.777194158374511764e-21
1.412042293138230161e+04 1.943771866022724724e-20 7.150024852147651315e-21
1.412680394059154969e+04 2.734657646378917115e-20 7.549856811723270657e-21
1.413318493693474375e+04 3.452751913296620132e-20 7.438013048574837980e-21
1.413956592039161842e+04 1.423589713179844544e-20 7.390427612509820830e-21
1.414594689094223577e+04 5.332336421213805013e-21 6.768598241915876744e-21
1.415232784856563740e+04 1.581737869469756119e-20 7.101394954603433838e-21
1.415870879324357884e+04 7.689189154936992869e-21 6.874481814648136496e-21
1.416508972494963928e+04 -9.574345045814602368e-26 6.541892460862422453e-21
1.417147064366553423e+04 1.193203479163043846e-20 6.765763446891926075e-21
1.417785154937139851e+04 -2.676323111853018495e-21 6.693423070862727344e-21
1.418423244204444018e+04 6.783019140167887158e-21 6.575543653452390922e-21
1.419061332166656030e+04 1.115276040697408373e-20 7.181295987610991289e-21
1.419699418821320796e+04 -1.534823596500651190e-21 6.563978747548515852e-21
1.420337504166527287e+04 9.787153719626801642e-21 6.738906303308466262e-21
1.420975588200208040e+04 1.403550519145651999e-20 7.019255195724291965e-21
1.421613670920458935e+04 2.090736494017014244e-20 6.784501435585729695e-21
1.422251752324825065e+04 2.598676548984823878e-20 7.269293568527030679e-21
1.422889832411512907e+04 3.016464292965150570e-20 6.891873819026851632e-21
1.423527911178247996e+04 1.686694876697111708e-20 6.538897397419245328e-21
1.424165988623061094e+04 4.005545282554288159e-21 6.878703748736611767e-21
1.424804064744054995e+04 2.071343234887885894e-20 7.065696233044022575e-21
1.425442139538783704e+04 3.094749633331064089e-20 7.496332856810533359e-21
1.426080213005365113e+04 7.627259284713931654e-20 7.996663168702157938e-21
1.426718285141818706e+04 8.028312715073110627e-20 7.699579755432021002e-21
1.427356355945897303e+04 1.864340719519816446e-20 6.899569840838529823e-21
1.427994425415712067e+04 3.582174751130172351e-20 6.759449914122097970e-21
1.428632493549110404e+04 1.300780142993994359e-20 6.849746666491994187e-21
1.429270560343828038e+04 1.610194298651337190e-20 7.213967871206421673e-21
1.429908625798095272e+04 9.679774781858019119e-21 7.183177568181309564e-21
1.430546689909858287e+04 9.187509539109106659e-21 6.874169141449023971e-21
1.431184752677044708e+04 1.706074539778419137e-20 6.750210947821391079e-21
1.431822814097221089e+04 2.394566369431898136e-20 7.091178752653249106e-21
1.432460874168801638e+04 2.271262506921148623e-20 7.159101731436719714e-21
1.433098932889452044e+04 9.714779368652789300e-22 6.792428855022734287e-21
1.433736990257208708e+04 1.388643471329126270e-20 6.764561577812421295e-21
1.434375046270023995e+04 -2.931314151516461624e-21 6.950912859921046250e-21
1.435013100926043626e+04 1.674685626536998019e-20 6.762579670129272951e-21
1.435651154222818150e+04 7.103065379676138432e-21 7.536778836417870255e-21
1.436289206158409434e+04 -9.276861935909619339e-21 6.768033595358661554e-21
1.436927256731052694e+04 -3.025946548574361409e-21 6.843421426731666073e-21
1.437565305938421625e+04 1.364290708763154937e-20 6.996416213484730180e-21
1.438203353778660312e+04 2.402965509315442480e-20 6.896670671588622176e-21
1.438841400249533581e+04 7.710197011079869697e-21 6.493726737971210732e-21
1.439479445349199705e+04 1.477601383071419904e-20 6.616888439874926223e-21
1.440117489075316189e+04 1.838364726994826456e-20 6.790258498493750369e-21
1.440755531426251400e+04 6.684695352587347901e-21 6.584254152465217530e-21
1.441393572399661571e+04 1.165873969965901158e-20 7.233106291393322679e-21
1.442031611993620754e+04 1.573352674702803947e-20 7.202109404627270140e-21
1.442669650206089136e+04 3.406134937580142241e-21 6.530976015450916876e-21
1.443307687035136587e+04 5.945539458478622177e-21 6.794488793210656008e-21
1.443945722478438074e+04 1.564610539682477236e-20 6.591239611687204501e-21
1.444583756534355416e+04 6.079693077885282126e-21 6.469140269778738085e-21
1.445221789200571948e+04 1.567193932527321888e-21 6.872376116736055428e-21
1.445859820475148990e+04 1.127212117075812955e-20 7.272717333512480472e-21
1.446497850355977062e+04 1.254789859276609745e-20 6.614412121442921412e-21
1.447135878841420345e+04 3.234357111209192795e-20 6.935165909846954582e-21
1.447773905928967361e+04 1.307776975199807083e-20 7.214815863386728105e-21
1.448411931616786933e+04 1.968915012195105441e-20 7.499941492059418202e-21
1.449049955902664624e+04 1.294024796244075342e-20 7.303152464808004370e-21
1.449687978785090672e+04 5.406348327353220080e-21 6.950954601409872805e-21
1.450326000261644549e+04 1.051049677310206083e-20 6.916300288194831559e-21
1.450964020330614585e+04 1.375284318970278314e-20 6.980296467660603631e-21
1.451602038989373796e+04 -1.446297305809035332e-20 6.827750889295607975e-21
1.452240056236630699e+04 -3.977600191296682684e-22 6.893974374289810294e-21
1.452878072069958580e+04 6.496466731917507609e-21 6.728495830242254883e-21
1.453516086490873204e+04 1.276272305372685601e-20 6.641551604817194453e-21
1.454154099828552535e+04 5.228881345568527568e-21 6.770809503454392825e-21
1.454804953886281692e+04 2.699648588711671974e-20 6.760657314831710840e-21
1.455442964870212018e+04 1.230406271213864848e-20 6.708840362576931515e-21
1.456080974430327842e+04 1.590999137461543099e-20 6.927395029966087709e-21
1.456718982564213729e+04 2.589421541781440083e-20 6.999125836391142992e-21
1.457356989270157828e+04 2.520368114834268941e-20 7.174537409267894412e-21
1.457994994546178350e+04 2.711945956569451407e-20 6.699439675264788159e-21
1.458632998390072134e+04 2.501109158754413175e-20 6.752964319569710926e-21
1.459271000799845933e+04 1.529877579650364198e-20 7.362807268474765840e-21
1.459909001773686396e+04 1.809394085000620727e-20 6.951157526349541053e-21
1.460547001309630286e+04 4.908012804244295085e-21 6.786303776432754448e-21
1.461184999405370036e+04 1.459278765219325172e-20 7.107157232839107844e-21
1.461822996059221441e+04 1.498511453170674287e-20 7.190139894196904173e-21
1.462460991268974067e+04 -8.858111021208557269e-22 7.006792104355069394e-21
1.463098985032871315e+04 6.625263039980133640e-21 6.944962024618480195e-21
1.463736977348828077e+04 2.556805963834519762e-20 7.268923238057292625e-21
1.464374968214725595e+04 1.542248834233887475e-20 6.821825607281129223e-21
1.465012957628915865e+04 2.113798506585563751e-20 6.542683626780173081e-21
1.465650945588993272e+04 6.682083928176236057e-21 6.673595328006570534e-21
1.466288932093198673e+04 2.191473361836219958e-20 6.127772007537098619e-21
1.466926917139739817e+04 2.464963720634454776e-20 7.194891055558890638e-21
1.467564900726228552e+04 1.641210963200389008e-20 7.155509306711800910e-21
1.468202882851019240e+04 1.650625388964218687e-20 6.786239863494277830e-21
1.468840863511916177e+04 2.144714571860397124e-20 7.034758164667802272e-21
1.469478842707247895e+04 1.304129448334956334e-20 6.730506031274236730e-21
1.470116820434633155e+04 1.492703101138048211e-20 6.782208954772485467e-21
1.470754796692541822e+04 1.024722615964819905e-20 6.878105388457840827e-21
1.471392771478443683e+04 4.037812552531865563e-21 6.981475658752469278e-21
1.472030744790910285e+04 1.310721132560341823e-20 7.423531988506036475e-21
1.472668716627882895e+04 2.999350308799407986e-20 7.512703063464783645e-21
1.473306686986854038e+04 2.125446143681017781e-20 7.305930199295213776e-21
1.473944655866604990e+04 4.331040893963095666e-21 6.709845976454673894e-21
1.474582623264852373e+04 1.026193494932090741e-20 7.642721920544682970e-21
1.475220589179643684e+04 3.229392303560018476e-20 7.579962836931926681e-21
1.475858553608914553e+04 3.487296968096946270e-20 7.456480150956167887e-21
1.476496516550790693e+04 1.899319374076216982e-20 7.506504653444652546e-21
1.477134478003663571e+04 6.549038409727981843e-21 7.334245572968470495e-21
1.477772437964808523e+04 2.051065928785278703e-21 6.639626869246814562e-21
1.478410396432828929e+04 -3.778945211291762570e-21 6.526549543541750840e-21
1.479048353405853231e+04 1.633405228497705474e-20 7.259672138667881507e-21
1.479686308881398872e+04 2.807376777252976384e-21 7.065802310943959325e-21
1.480324262857963186e+04 3.673726748683493205e-22 6.711334430919815285e-21
1.480962215333598760e+04 2.538661232810168509e-20 7.151365226329135447e-21
1.481600166306217034e+04 1.915815818450831345e-20 6.567990769982974811e-21
1.482238115773788013e+04 1.266656718506221678e-20 6.912404250089516196e-21
1.482876063734482523e+04 9.560839973831522369e-21 6.606499521368437370e-21
1.483514010186573614e+04 -2.593488884391106966e-21 6.604376965983024371e-21
1.484151955127539441e+04 1.636649777609309238e-20 6.572568635580392326e-21
1.484789898555910986e+04 1.295689608139790390e-20 6.389429044844620297e-21
1.485427840469640978e+04 1.135627090644920002e-20 6.527217232613653753e-21
1.486065780867006106e+04 1.017902281162840046e-20 6.718705794016192216e-21
1.486703719745492708e+04 2.881406121940040917e-21 6.630248792181116740e-21
1.487341657103636135e+04 1.165889069813875206e-20 6.980859493933912050e-21
1.487979592939507711e+04 1.190657056969982773e-20 7.055096492693310133e-21
1.488617527250935018e+04 5.600695783432343358e-21 6.512097158471650738e-21
1.489255460036204386e+04 7.944518124871558713e-21 6.063386702997840888e-21
1.489893391293176865e+04 8.457148781253862835e-21 6.244756757052108505e-21
1.490531321020042014e+04 3.500093281529464948e-21 6.499372059688880316e-21
1.491169249214856973e+04 1.351467690716327080e-20 6.115741119360511754e-21
1.491807175875805297e+04 1.954822829523288315e-20 6.740244566935491042e-21
1.492445101000748400e+04 3.084755382371608368e-20 6.792515741725372386e-21
1.493083024587769251e+04 3.470933576630794585e-20 6.557691546213840324e-21
1.493720946635270047e+04 2.724406538247515968e-20 6.519723816700941729e-21
1.494358867140987240e+04 1.791721172462749411e-20 6.454158081116637839e-21
1.494996786103128943e+04 3.830708200836482780e-21 6.609246714809771476e-21
1.495634703519895811e+04 1.422297372945298685e-20 6.165886275803354557e-21
1.496272619389010106e+04 1.659487405394456197e-20 6.116272962821435512e-21
1.496910533709015363e+04 2.809246268889207086e-20 6.620142236258362342e-21
1.497548446477549260e+04 -3.138635598478920916e-21 5.447367968560668492e-21
1.498186357693281025e+04 1.564977206819122817e-20 6.271186912042278233e-21
1.498824267353474715e+04 1.958049274058148049e-20 6.344378637135194030e-21
1.499462175456910882e+04 3.023737792034492481e-20 6.501730235013156443e-21
1.500100082001694682e+04 1.152192449314406335e-20 6.055190046172749483e-21
1.500737986985343377e+04 -9.108479753489100764e-21 5.882948102719304114e-21
1.501375890406401413e+04 -3.596678335066318766e-21 6.038941484916751225e-21
1.502013792262956849e+04 2.652486858447397478e-20 6.708486967100150562e-21
1.502651692552889835e+04 3.094410980569416990e-20 7.097298030469392966e-21
1.503289591274300983e+04 1.974225773855898704e-20 6.164648068697307929e-21
1.503927488425511183e+04 -4.892538565771221077e-21 5.584941804110996420e-21
1.504565384004610314e+04 -5.540546565202589309e-22 5.929554939240118253e-21
1.505203278009367205e+04 7.043542178581629965e-21 6.172581441909137529e-21
1.505841170438238441e+04 -8.258801939969342141e-22 5.806620780389850412e-21
1.506479061289203855e+04 1.564888203468146493e-20 6.479784733546347036e-21
1.507116950560234000e+04 -6.923093632289324390e-21 5.919076508241648112e-21
1.507754838249691420e+04 8.205157798496213138e-21 6.029711764743421257e-21
1.508392724355570135e+04 7.568248867925305270e-21 6.254252284924198507e-21
1.509030608875974576e+04 1.133299761154780846e-20 5.765139835851004803e-21
1.509668491808873841e+04 9.600522318845681281e-21 5.059203001850901628e-21
1.510306373152877131e+04 1.737393959702886564e-20 5.844402047096465995e-21
1.510944252905270878e+04 1.606258489561961577e-20 6.568786116604032637e-21
1.511582131064879104e+04 2.030224193280572010e-20 6.733961086253576879e-21
1.512220007629553766e+04 1.297154548971479498e-20 6.301867191198905206e-21
1.512857882597317803e+04 1.046345003479911359e-20 6.411367339403338408e-21
1.513495755966645993e+04 2.161081153454059098e-20 5.932869644894890619e-21
1.514133627735302798e+04 2.119054198087498394e-20 6.059572756985781179e-21
1.514771497901266957e+04 1.313472076655161418e-20 6.585733516962978370e-21
1.515409366463271544e+04 2.049822124337127340e-20 6.355940578912575756e-21
1.516047233418966789e+04 2.704888570315050299e-20 6.417615048242468052e-21
1.516685098766360898e+04 -4.189031101039056883e-22 6.243448486537914951e-21
1.517322962504158932e+04 -9.437450315712399294e-23 5.716347528738336639e-21
1.517960824630014213e+04 7.691071820544274384e-21 6.397071850277387338e-21
1.518598685141943497e+04 2.129020580991251506e-20 6.435747174313658575e-21
1.519236544038681495e+04 1.776601978219102516e-20 5.909433738519562747e-21
1.519874401317623779e+04 1.938572176382263396e-20 6.435809512556979330e-21
1.520512256977497236e+04 1.775043678531989722e-20 6.488175477308602789e-21
1.521150111016329720e+04 2.130368450666535945e-20 6.342717953399971839e-21
1.521787963431776734e+04 2.279805211815165164e-20 6.320415052839409165e-21
1.522425814222574081e+04 -6.393536016231778655e-22 5.684174762113514623e-21
1.523063663386713415e+04 -5.667532257368012867e-22 6.134514903098340086e-21
1.523701510921873160e+04 7.170916549928351288e-21 6.460240480141063162e-21
1.524339356826800395e+04 7.805355659730623149e-21 5.978776111363863300e-21
1.524977201099271224e+04 7.296549107875188325e-22 5.715579264027970696e-21
1.525615043737647284e+04 1.961223116501357802e-20 6.066952635500649816e-21
1.526252884739845831e+04 1.658051673050289709e-20 6.308177473201251958e-21
1.526890724104134642e+04 2.158230807763272832e-20 6.373427298402696333e-21
1.527528561828909005e+04 1.828598691537831673e-20 6.143662299877793307e-21
1.528166397911808599e+04 7.024214203437868668e-22 5.729008650131152387e-21
1.528804232351228347e+04 -6.910374913033041441e-21 5.941947907521110230e-21
1.529442065145327069e+04 -3.702830395064382106e-22 6.015985484181495517e-21
1.530079896292504236e+04 2.157693098470277733e-20 6.203058560415227995e-21
1.530717725790415716e+04 1.583087734188713434e-20 6.169232447957159921e-21
1.531355553637315279e+04 5.584406376702104287e-21 6.048975208349265428e-21
1.531993379831749735e+04 9.881083260262929466e-21 5.611947137068481329e-21
1.532631204371506101e+04 8.637285093406092332e-21 6.205154805227041204e-21
1.533269027254987122e+04 1.086967674144279981e-20 6.079848580132996179e-21
1.533906848480108783e+04 6.776408634712525221e-21 5.643419776088301722e-21
1.534557609864965525e+04 2.086297482951558502e-20 6.304906943296833334e-21
1.535195428575727601e+04 3.197908034999792754e-22 5.926008845752937662e-21
1.535833245619700574e+04 5.857596401312048508e-21 5.517913389790829823e-21
1.536471060997549466e+04 1.901223669705780282e-20 6.563713065269839152e-21
1.537108874707671930e+04 8.640255158907518029e-21 6.170123454244163856e-21
1.537746686748723550e+04 4.087912975329881777e-21 6.068091983332121503e-21
1.538384497118137733e+04 1.590938145808849743e-20 6.595502560712025442e-21
1.539022305814694300e+04 1.256212307585714233e-20 6.539330221452879429e-21
1.539660112828508863e+04 8.039049024854714121e-21 6.135516000283096733e-21
1.540297917276453336e+04 6.120350912358733779e-21 6.280029779805690102e-21
1.540935705672596487e+04 -1.809068978511500236e-21 6.046167081748150728e-21
1.541573492240325504e+04 5.633771196861680274e-21 6.664077793128769126e-21
1.542211277125805827e+04 1.187368920900649468e-20 6.390885817536380040e-21
1.542849060327450570e+04 1.336326036483319239e-20 6.328723941641119380e-21
1.543486841842956892e+04 1.928229021294269110e-20 6.229810512275400763e-21
1.544124621671221212e+04 2.668298441967842694e-20 6.231528146074396850e-21
1.544762399809949602e+04 3.572966922699127736e-21 6.017366281397441296e-21
1.545400176257424027e+04 1.292944153137849471e-21 5.877933763554081246e-21
1.546037951011720179e+04 2.758203614612601206e-20 6.711549532691944424e-21
1.546675724071376681e+04 1.222243118191572978e-20 6.735675923804350098e-21
1.547313495434215838e+04 2.061462483693710781e-20 5.760463932445099777e-21
1.547951265098658041e+04 2.300269523772047202e-20 5.929242682944884338e-21
1.548589033062401541e+04 -1.474132330270483534e-21 6.135613566777741182e-21
1.549226799324373314e+04 3.093445960274402108e-20 6.127502871508462124e-21
1.549864563882261245e+04 8.095818292815034879e-21 6.511896494345024744e-21
1.550502326734384769e+04 1.163378565019832657e-20 6.259742260670998687e-21
1.551140087878801023e+04 5.276801477959540539e-21 6.280908341229680727e-21
1.551777847313958227e+04 -1.683464968373138368e-21 6.742456015698331911e-21
1.552415605038044487e+04 2.363686335568538997e-20 6.515469769032199295e-21
1.553053361049002342e+04 5.511192955264967295e-21 6.746667069186098453e-21
1.553691115345029903e+04 1.198345764290015565e-20 7.140483590160080167e-21
1.554328867924561928e+04 3.515334506076310218e-21 6.286543297820992989e-21
1.554966618785561332e+04 -1.739933978453681757e-20 7.200516020694883636e-21
1.555604367926461418e+04 8.442618298498746928e-21 6.330908151592596951e-21
1.556242115345346247e+04 1.311752514365036549e-20 6.869249295933240702e-21
1.556879861040285505e+04 1.390252788471251630e-20 6.748354750726293002e-21
1.557517605009853287e+04 -1.180333076085482411e-20 6.266951573903612551e-21
1.558155347251639250e+04 1.539809649303944554e-20 6.397115994027003709e-21
1.558793087764703523e+04 3.997893801637031198e-21 6.159839210246942195e-21
1.559430826546393291e+04 1.291110228561235868e-20 6.685407345395969980e-21
1.560068563595399064e+04 1.755155652633755482e-20 7.482379906915339414e-21
1.560706298909934230e+04 1.190731356094598247e-20 7.022282970854382759e-21
1.561344032487458571e+04 8.132785959126807632e-22 6.617642341951807511e-21
1.561981764327552628e+04 -3.776885806473952108e-21 6.236620491634253146e-21
1.562619494427311292e+04 7.681312365120689472e-21 6.743302322205063828e-21
1.563257222785427984e+04 -1.101330616011312129e-20 6.172702778098113718e-21
1.563894949399882353e+04 8.488774965863954955e-22 6.321343324366287731e-21
1.564532674269128802e+04 -8.965841955248712871e-21 6.221974637725311636e-21
1.565170397391259576e+04 4.604225759677122297e-21 6.007677923695934676e-21
1.565808118764236679e+04 6.328874180829987107e-21 6.727150451848228513e-21
1.566445838386658215e+04 5.029842506370077451e-21 5.950786584589089363e-21
1.567083556257122837e+04 2.241817955391758434e-21 6.001552583873363361e-21
1.567721272372454223e+04 1.217684289294477787e-20 6.087515878672471956e-21
1.568358986732517405e+04 1.180097659953132130e-20 6.454819380714944851e-21
1.568996699334271216e+04 2.003557488526946594e-20 6.554298943514303371e-21
1.569634410176566598e+04 3.205968793261386062e-21 5.882822760180169872e-21
1.570272119257637678e+04 1.909723947384267483e-20 6.441516878047180429e-21
1.570909826575444640e+04 3.102123675751906194e-22 6.309698785064062144e-21
1.571547532128726743e+04 1.567554292799416818e-20 6.841084790307707866e-21
1.572185235914561599e+04 3.624238464831360779e-21 6.721517941473589621e-21
1.572822937932580135e+04 2.067491175989968041e-20 6.713149505022774062e-21
1.573460638180255592e+04 1.642021074282465737e-20 6.609619454313065966e-21
1.574098336655799540e+04 -7.496406314102535327e-23 6.641921729028123733e-21
1.574736033357459200e+04 2.254305804919632310e-20 6.637141330836156832e-21
1.575373728283840683e+04 -4.880786518296759308e-21 6.034241929145031082e-21
1.576011421432930183e+04 1.837223204936724752e-20 6.592849764087275014e-21
1.576649112802831951e+04 2.753792122734597124e-20 6.962922902930899595e-21
1.577286802392029313e+04 -1.541400338340284511e-20 6.737312610563651566e-21
1.577924490198384410e+04 6.078427609995048055e-21 6.125090227268584166e-21
1.578562176220510810e+04 8.588869744137635175e-21 6.283215222234686412e-21
1.579199860456656825e+04 8.647410204097164288e-21 6.268261865190181137e-21
1.579837542904674956e+04 3.716325378821987586e-20 7.063518323639709642e-21
1.580475223563313921e+04 2.011782948820937548e-20 7.023849626357196110e-21
1.581112902430442227e+04 1.565855981728472387e-20 6.957376366553624125e-21
1.581750579504544294e+04 1.212645740862217177e-20 7.006563674301082530e-21
1.582388254783489174e+04 2.577012508831062332e-20 6.959957332561996646e-21
1.583025928265907532e+04 -7.249792675656280211e-21 6.529168736904074776e-21
1.583663599950041680e+04 2.331404062391696351e-21 7.133310856715417796e-21
1.584301269833760125e+04 1.262385502530340238e-20 6.679996934014773271e-21
1.584938937915944734e+04 2.002320360422776204e-20 6.300094297025888313e-21
1.585576604193950880e+04 1.994635229436981537e-20 6.819231183995443312e-21
1.586214268667061515e+04 2.039536886072844956e-20 7.353003828456804795e-21
1.586851931332617096e+04 7.005896139107711666e-22 6.858329787558359458e-21
1.587489592189396171e+04 -2.894226006109583983e-21 5.899722268029264871e-21
1.588127251235644871e+04 -2.429161794305470409e-21 5.927330541393948879e-21
1.588764908469233887e+04 1.384634030713554729e-20 6.459963374126092800e-21
1.589402563888940495e+04 4.294498901635540445e-21 7.114164674553619543e-21
1.590040217492492047e+04 1.081657620049639238e-20 6.025570773474452633e-21
1.590677869278546314e+04 2.724266873209264743e-21 5.708243525111836101e-21
1.591315519245097676e+04 1.381187849413351043e-20 6.865611393546817858e-21
1.591953167390798444e+04 3.746702972748958214e-21 6.626348548955075118e-21
1.592590813713392527e+04 2.740134461605796203e-20 6.624019452307969928e-21
1.593228458211521684e+04 1.607874399048143026e-20 6.349698696464927151e-21
1.593866100883200488e+04 3.063170521237859451e-20 7.250765689566493760e-21
1.594503741730565889e+04 2.296356151379076249e-20 7.334676419820202519e-21
1.595154397984761090e+04 2.394675540029667189e-20 7.066191748592976283e-21
1.595792035957231201e+04 1.316198456785962245e-20 6.172754322859992993e-21
1.596429672096147806e+04 2.343868730441770322e-20 6.783816069897853068e-21
1.597067306400062080e+04 1.677925803564103390e-20 7.178141619588486552e-21
1.597704938867114106e+04 1.035464878301545764e-21 6.875376453822561786e-21
1.598342569495573662e+04 -1.491417231211261987e-21 6.535502884962450741e-21
1.598980198283850041e+04 -1.145430212156489109e-20 7.428276308128728524e-21
1.599617825229794653e+04 4.052440712678780107e-21 7.194192901882825451e-21
1.600255450332090550e+04 -6.985140490936547236e-21 7.030829874942593299e-21
1.600893073588885818e+04 1.856556003410620406e-20 6.959120767902589689e-21
1.601530694998183571e+04 -2.026910887581111073e-20 6.315678782454603264e-21
1.602168314558946258e+04 1.187185034224999770e-20 6.542511867347126997e-21
1.602805932268898869e+04 9.878869233757569733e-21 6.215236889029582853e-21
1.603443548126166388e+04 2.011667357016033928e-20 6.273634905609899062e-21
1.604081162129599215e+04 1.488257225228035075e-20 6.711247872443984313e-21
1.604718774277062403e+04 1.094067555606976973e-20 6.902363574678174958e-21
1.605356384567254099e+04 4.715037754955250566e-21 6.846530646002043782e-21
1.605993992998042631e+04 5.204751724744254094e-21 6.585248368455554556e-21
1.606631599567554622e+04 -9.447097734114410550e-21 6.131515096394731346e-21
1.607269204274641561e+04 -5.886569479050425942e-21 6.487934411894095187e-21
1.607906807117455173e+04 7.699598208704248026e-21 6.538219378453681928e-21
1.608544408093867423e+04 -1.852486358987753077e-20 6.383756581759953927e-21
1.609182007202581735e+04 -1.148263207416325694e-21 6.645530213952783060e-21
1.609819604441323463e+04 5.220037096721758426e-21 6.466045783483871049e-21
1.610457199809348276e+04 1.491243877220873467e-20 6.195264674770203301e-21
1.611094793303987353e+04 1.579438434194979246e-20 6.581634118230528173e-21
1.611732384924229154e+04 1.926537822954900888e-20 6.397704972993747259e-21
1.612369974667948009e+04 1.650867189200594394e-20 6.689041608438887918e-21
1.613007562533856617e+04 2.664107640630870196e-22 6.354039149094650850e-21
1.613645148519532813e+04 -4.562707842155397270e-21 6.569446119037663260e-21
1.614282732624126220e+04 6.799016676412464432e-21 6.349788196090798144e-21
1.614920314844816494e+04 1.514685242847158896e-20 6.216271420899082773e-21
1.615557895181301501e+04 4.438830865528156587e-21 5.782486634109113430e-21
1.616195473630900597e+04 1.190390198278363403e-20 6.089266796557992173e-21
1.616833050192325572e+04 -5.306245750433192979e-22 6.223566956497796685e-21
1.617470624863448575e+04 1.911389070837897587e-20 6.885458484781559497e-21
1.618108197643288258e+04 1.788182458990577011e-20 6.512517383195766753e-21
1.618745768529443922e+04 8.994661572351744939e-21 6.386342229620657075e-21
1.619383337520640816e+04 6.051155611334482849e-21 6.590613784586678547e-21
1.620020904614902975e+04 9.949016375613535831e-21 6.894515220259184782e-21
1.620658469810520000e+04 1.125328418598545588e-20 6.443180130128434170e-21
1.621296033106087634e+04 1.761737730528455573e-20 6.164439674203994968e-21
1.621933594499921128e+04 1.286558610002978553e-20 6.718496099065481065e-21
1.622571153990045423e+04 1.073237936843453337e-20 6.530134459318979970e-21
1.623208711574770496e+04 1.203313924493168834e-20 6.313767282727845979e-21
1.623846267252970756e+04 4.217491130304578236e-21 6.568124141363322028e-21
1.624483821022230768e+04 1.270915168900982642e-20 6.268711086883131110e-21
1.625121372881022944e+04 5.236605364084767361e-21 6.026100610691815875e-21
1.625758922827803144e+04 1.418533296236348302e-20 6.025862062434340483e-21
1.626396470861026864e+04 1.710600014826159673e-20 6.261971685776219322e-21
1.627034016979151420e+04 1.725706447043778082e-20 6.805893740890439171e-21
1.627671561179777018e+04 1.387183726436426939e-20 7.011933882897995837e-21
1.628309103462063104e+04 4.357576704104275112e-22 6.523856388315330786e-21
1.628946643823488557e+04 -1.222780314465728750e-20 6.580968415039050116e-21
1.629584182262799732e+04 8.715264895679622100e-21 6.303124836908013863e-21
1.630221718778457944e+04 7.465675774063624490e-21 6.008848956108325928e-21
1.630859253368642931e+04 1.724634223428026449e-20 6.137801780009336140e-21
1.631496786031522424e+04 -4.799530248466885115e-21 6.193010363410598243e-21
1.632134316765846233e+04 -1.199189415793759768e-22 6.628036387802559058e-21
1.632771845569232755e+04 6.205912215146075822e-21 6.675246965362470192e-21
1.633409372440865991e+04 3.731835438365630047e-22 6.575435761589874655e-21
1.634046897378497852e+04 7.234797314195722496e-22 6.493707207239557980e-21
1.634684420380454685e+04 -1.632591010345134209e-20 6.639996491534423602e-21
1.635321941445339689e+04 1.395296026794424835e-20 6.444759213557544126e-21
1.635959460571482305e+04 2.571609358702044336e-20 6.681491375654104670e-21
1.636596977756644992e+04 1.445238435971009933e-20 6.318635748692748911e-21
1.637234492999732720e+04 1.420375316539933481e-21 6.146104316659737644e-21
1.637872006299220448e+04 5.504200170848565312e-21 6.484844035217156244e-21
1.638509517653009243e+04 1.879579801488153565e-20 6.700589797423496719e-21
1.639147027059419270e+04 2.843469508690111848e-20 6.839087833631418065e-21
1.639784534517073553e+04 7.753199742016378805e-21 5.997373637507822905e-21
1.640422040024027592e+04 1.960034959759762394e-20 6.352041677192325958e-21
1.641059543578906232e+04 1.152536999565026927e-20 6.276806293173796049e-21
1.641697045180044734e+04 1.639004387351563936e-21 6.456295049531873977e-21
1.642334544825345074e+04 1.312741651335998713e-20 6.783814800190799536e-21
1.642972042513572160e+04 -1.168047786417875213e-21 6.014229561120792339e-21
1.643609538242772760e+04 1.555620947168408702e-20 6.807874518630380810e-21
1.644247032011587726e+04 1.538272205105996229e-20 6.628475108491371846e-21
1.644884523818067100e+04 7.108539969210081334e-21 6.620637505903411651e-21
1.645522013660696393e+04 2.971028336153548361e-20 6.902805106018209242e-21
1.646159501537965116e+04 1.406982948675335077e-20 6.213133566761843474e-21
1.646796987447917854e+04 1.416618619372397705e-20 6.174730916938526180e-21
1.647434471389184182e+04 8.071435889735084802e-21 6.401453222891334572e-21
1.648071953359831241e+04 1.414556710642117634e-20 7.219107582065931338e-21
1.648709433358495153e+04 2.620412330788933443e-20 7.422015510218660582e-21
1.649346911383231782e+04 2.824539240481905677e-20 6.635256111763756644e-21
1.649984387432535004e+04 -3.770425340355763650e-21 6.389038670165959855e-21
1.650621861504896879e+04 7.694304237304707439e-21 6.379672907716117182e-21
1.651259333598359080e+04 2.255761575953480978e-20 6.992981263429448014e-21
1.651896803711435859e+04 -7.345858544359143616e-21 6.935742960907695342e-21
1.652534271842919770e+04 9.337745426789515818e-21 7.047312614807060596e-21
1.653171737990280235e+04 -2.162534632712244931e-21 6.378549779493255431e-21
1.653809202152017315e+04 1.619007816673675359e-20 6.477040477182217427e-21
1.654446664327220788e+04 5.148430391460949681e-21 6.257928501540836557e-21
1.655084124513640199e+04 3.658160013370782294e-21 6.653728072767390986e-21
1.655721582709643189e+04 -4.977306947731588381e-22 6.144155828431617982e-21
1.656359038914180201e+04 1.969785953377699466e-20 6.291256306828128506e-21
1.656996493124870540e+04 -8.877070431184570796e-21 6.216815567189624066e-21
1.657633945340218997e+04 2.189378146258796138e-21 6.717697947378799565e-21
1.658271395558880613e+04 1.236434122344113307e-20 6.866166968521302142e-21
1.658908843779356903e+04 7.523110720235842597e-21 6.168473295911643358e-21
1.659546289999114742e+04 -1.769397160712853165e-21 6.279428035681039250e-21
1.660183734217861274e+04 -1.052342945296349945e-20 6.498108655261425165e-21
1.660821176432476204e+04 -1.387046872014772826e-20 6.585941889640338694e-21
1.661458616642211928e+04 -3.585916902695437816e-21 6.724011170477168518e-21
1.662096054845730396e+04 2.880642753070102303e-20 6.740103397410578054e-21
1.662733491040653826e+04 8.103664257103332597e-21 6.587355497177973678e-21
1.663370925225480823e+04 1.233913293314972403e-20 6.635636852877862618e-21
1.664008357398887529e+04 -7.398326532744103145e-21 6.909673734868338677e-21
1.664645787559394375e+04 -2.638458806821294644e-21 7.141077323523807561e-21
1.665283215704475151e+04 1.217090476947773257e-20 6.979987778332174534e-21
1.665920641833542322e+04 7.370093603646872142e-21 6.775338879880737818e-21
1.666558065944369446e+04 -8.061435768000740240e-21 6.463192007243675306e-21
1.667195488035321978e+04 1.960671396188667468e-20 6.708877813425866279e-21
1.667832908105061870e+04 1.775643955182097165e-20 7.330984191305821951e-21
1.668470326151825429e+04 1.174681300638253260e-20 6.837497248745581738e-21
1.669107742173986480e+04 -4.872340974111761189e-21 6.177942755842620264e-21
1.669745156169768234e+04 -9.226887630573318945e-21 6.302439647526920378e-21
1.670382568138146235e+04 7.459427746198635215e-21 6.804020410886218493e-21
1.671019978076445477e+04 6.909789318735367656e-21 6.692735277064664025e-21
1.671657385983934000e+04 -1.516881346048918684e-20 6.665623053945041732e-21
1.672294791858538520e+04 5.780051373383466040e-21 6.674644350705047935e-21
1.672932195698947908e+04 2.037108754518709489e-20 7.075437621994854767e-21
1.673569597503390105e+04 3.000698865029846916e-20 7.377354595547092189e-21
1.674206997270244392e+04 1.511379854189972851e-20 7.370235251716769149e-21
1.674844394997740528e+04 4.094316003136202101e-22 7.346883373709226327e-21
1.675481790684562657e+04 -9.347632059902946313e-21 7.308086430958072742e-21
1.676119184328929259e+04 1.118625272816458901e-20 6.559282724301331672e-21
1.676756575929381506e+04 1.061727229052092185e-20 6.342449270402887425e-21
1.677393965483702777e+04 -1.242879401761589801e-21 6.427775524286545713e-21
1.678031352991035237e+04 1.148452767968637008e-20 7.019100184487374457e-21
1.678668738449460943e+04 -1.121587457303879950e-22 7.140727090259560748e-21
1.679306121857063044e+04 2.009237962316554453e-20 7.420183950987434505e-21
1.679943503212986980e+04 2.345341069809075205e-21 6.969690157047299900e-21
1.680580882515001576e+04 5.600240189361134079e-21 6.492273907436355310e-21
1.681218259761654190e+04 -2.056459072044023668e-21 6.439642208151181480e-21
1.681855634951034881e+04 8.380155535148263939e-21 6.753317200885390722e-21
1.682493008081837979e+04 1.089235093729594136e-20 6.568059465735659495e-21
1.683130379152910973e+04 4.003689123921296968e-22 6.928845100012477167e-21
1.683767748162037606e+04 1.014704750875331161e-20 7.403764239049691343e-21
1.684405115107761958e+04 1.377806703081341624e-20 6.978548061553501103e-21
1.685042479988160994e+04 8.401282654184610287e-21 6.781701831850970448e-21
1.685679842802092026e+04 -2.901215409355189645e-21 6.667549316592287622e-21
1.686317203547955069e+04 -5.002710490085498936e-21 6.860091210866794540e-21
1.686954562223687753e+04 3.047993664531458647e-20 8.622601555226724798e-21
1.687591918828605776e+04 1.686098644764083539e-20 6.822357989587003036e-21
1.688229273359879517e+04 1.184114793116277169e-20 6.950935927788686138e-21
1.688866625816672604e+04 4.235359326152595994e-21 6.473048721291512757e-21
1.689503976197379961e+04 6.860136257999436854e-21 6.881039804051885497e-21
1.690141324499934490e+04 2.947507608446536639e-23 6.420033980933442817e-21
1.690778670723361938e+04 1.245060057037628972e-20 6.864288670758350125e-21
1.691416014865755642e+04 4.853701972468204959e-21 7.268825142196283466e-21
1.692053356925210028e+04 -7.887238061961992947e-21 6.702521175827539459e-21
1.692690696900742114e+04 -6.411372285143481443e-21 6.536933744603332661e-21
1.693328034790294987e+04 3.232933812753681459e-21 6.648584823966119702e-21
1.693965370592580075e+04 6.161262894382848863e-21 6.937169235886182004e-21
1.694602704305522639e+04 1.197926264364490879e-21 6.736131188203811272e-21
1.695240035928162251e+04 6.574392272753794318e-21 7.015871136805901671e-21
1.695877365458287386e+04 1.498590327436160766e-20 7.341290615671997239e-21
1.696514692894923428e+04 2.683680496352830261e-20 7.594863812710087287e-21
1.697152018236014555e+04 1.950876808988650759e-20 6.644426480450889984e-21
1.697789341479966970e+04 2.602872759845047242e-20 7.197700064580932160e-21
1.698426662625346944e+04 1.201003298354131225e-20 7.271006400066527086e-21
1.699063981670867361e+04 1.463517503374731948e-20 7.030654444906312502e-21
1.699701298614627012e+04 2.121576109076275689e-20 7.205886533230849747e-21
1.700338613455045925e+04 6.349847271240345104e-21 6.651258303329229673e-21
1.700975926190225800e+04 6.479969407244870852e-21 6.369893440029954026e-21
1.701613236819044687e+04 3.709446056199900086e-20 6.513358158583989044e-21
1.702250545339606106e+04 2.219704858971633097e-20 6.800004418506473448e-21
1.702887851750636037e+04 2.781518649998233494e-20 7.067938953308993862e-21
1.703525156050393343e+04 3.171510819113465419e-21 7.164781472212520845e-21
1.704162458237438477e+04 5.598606218242735034e-21 7.014338465472608708e-21
1.704799758309727258e+04 3.094489802491416407e-20 6.843352279838516470e-21
1.705437056265680803e+04 1.000224172456029389e-20 7.026995664228828979e-21
1.706074352104968057e+04 -1.096411523967601165e-21 6.336273970702786007e-21
1.706711645824756852e+04 5.202842977593980002e-21 6.312011322427288422e-21
1.707348937423151801e+04 8.076258117145972998e-21 6.680196510052863222e-21
1.707986226899827307e+04 1.683536641759243543e-20 6.254071193317712399e-21
1.708623514252421228e+04 1.225815187387866596e-20 7.482690445020166384e-21
1.709260799479339767e+04 -1.285711161219889257e-21 7.059396757744621104e-21
1.709898082579017864e+04 -8.075531084031670180e-21 7.220558901205232822e-21
1.710535363550666807e+04 -1.776065146304277074e-20 6.690009594258122196e-21
1.711172642391923728e+04 -5.844118803401449868e-21 6.279638011789124595e-21
1.711809919100740444e+04 3.924625275737651257e-21 7.188280347181744887e-21
1.712447193676486131e+04 1.766001047141572539e-20 7.381314419850411854e-21
1.713084466117903139e+04 7.608662903019155653e-21 6.980887464456174520e-21
1.713721736421683090e+04 2.160377372379598361e-20 6.707458824627497483e-21
1.714359004588291646e+04 1.329635445964170528e-20 6.654234593053488650e-21
1.714996270615062167e+04 4.194048942778915376e-21 6.774369867574984803e-21
1.715633534499950474e+04 2.433378550293293026e-20 7.375673550472384353e-21
1.716270796242335928e+04 1.636237944870702836e-20 6.842233797892403015e-21
1.716908055840648376e+04 2.314863363720381019e-20 6.837393795498686499e-21
1.717545313292365609e+04 1.521802104477261911e-20 6.833895277516020961e-21
1.718182568597190038e+04 1.330439903652325199e-20 6.776151569359545483e-21
1.718819821752919233e+04 -6.891892647557377142e-21 6.884248082772390305e-21
1.719457072757339847e+04 -1.188528617952589529e-22 6.666424313623140130e-21
1.720094321609843246e+04 -8.341888913532746489e-21 6.548004048788577979e-21
1.720731568308868736e+04 -3.352037128504597777e-21 6.625276678306056271e-21
1.721368812852215706e+04 1.394085934471905869e-21 5.961852413107147513e-21
1.722006055238635963e+04 5.990821841345571303e-21 6.695658797629409792e-21
1.722643295466886048e+04 1.619299212824058784e-20 6.996696587475748877e-21
1.723280533534444839e+04 7.139940234993062705e-21 6.848764870525789478e-21
1.723917769440707707e+04 1.240350689192723823e-20 6.823476158232378528e-21
1.724555003184110683e+04 2.900465376794500696e-21 7.140206484119017216e-21
1.725192234762123553e+04 -3.829366281425155075e-21 7.592847819693288378e-21
1.725829464174517489e+04 1.701870614372475010e-20 7.149256317811981711e-21
1.726479865581151171e+04 3.839400810090366297e-21 6.637903493996956620e-21
1.727117091422584053e+04 1.558764689137258242e-20 7.203866797791822466e-21
1.727754315090003001e+04 1.984645390382344401e-20 6.913980009290041582e-21
1.728391536584929781e+04 1.127558000487652555e-20 7.050075294947401402e-21
1.729028755905033904e+04 1.306049387554829903e-20 6.591620387464725741e-21
1.729665973049843888e+04 1.580896342238800777e-20 6.529764511085316999e-21
1.730303188017182038e+04 1.076870295497030374e-20 7.058951524614618805e-21
1.730940400805338504e+04 1.711781805968549503e-20 6.638972958370149844e-21
1.731577611413692284e+04 -1.076359468737218445e-22 6.846885977486154673e-21
1.732214819839449774e+04 -5.427501541220602181e-21 8.049614449064089903e-21
1.732852026082146403e+04 6.546200779435267688e-21 7.239071934717119416e-21
1.733489230139914798e+04 5.890544105868043677e-21 7.902272218640359815e-21
1.734126432010731878e+04 1.011258326222747429e-20 7.720448491602292376e-21
1.734763631693201751e+04 1.951755733771146420e-20 7.754334425942050540e-21
1.735400829185932525e+04 7.558226912812917189e-21 7.568430559035096700e-21
1.736038024487378789e+04 -8.134988845772391462e-21 7.552834074776770444e-21
1.736675217596454968e+04 7.622010631914705401e-21 7.029382468080620078e-21
1.737312408510525347e+04 7.802616080039911278e-21 7.230255963355905192e-21
1.737949597229440042e+04 1.672064792066598480e-20 6.895625228319606904e-21
1.738586783749936512e+04 2.555868206104768412e-20 7.030181687023759084e-21
1.739223968072027492e+04 8.842790232467232670e-21 6.758728667773011798e-21
1.739861150193543290e+04 -2.410377643452373517e-21 6.798000662222761398e-21
1.740498330112309486e+04 3.384908298612425589e-20 6.332034462882681494e-21
1.741135507828039044e+04 2.786951891902958922e-20 7.384364024223344368e-21
1.741772683338253046e+04 7.209753886273300868e-21 6.716555144579894479e-21
1.742409856642337763e+04 1.102988507826754967e-21 7.354989094642867731e-21
1.743047027737496683e+04 -1.608455725290615265e-21 7.048737302029337870e-21
1.743684196622809759e+04 7.711839387025819341e-21 7.825369727940559279e-21
1.744321363296739946e+04 1.449060826839202673e-20 7.133524060692179249e-21
1.744958527757433694e+04 1.829080349548329668e-20 7.747264877073675255e-21
1.745595690004294374e+04 2.260581100524197139e-20 7.142979403408227259e-21
1.746232850034846342e+04 2.247011439896213632e-20 7.356718464980130745e-21
1.746870007848487148e+04 4.397767248129591705e-21 6.819443381019689287e-21
1.747507163442414094e+04 1.395626379005624955e-21 6.641000100309367626e-21
1.748144316815708225e+04 -2.517734826777336623e-21 6.573354928596546282e-21
1.748781467966686978e+04 2.724230646671706402e-20 7.525707102829900178e-21
1.749418616894290244e+04 -1.604038447171295856e-21 6.427521257438849339e-21
1.750055763596505494e+04 9.004299429271503158e-21 6.447871117378397988e-21
1.750692908071957208e+04 1.517823742852999159e-20 6.765200678814799265e-21
1.751330050319423390e+04 3.698633059913178554e-21 7.260222179272259738e-21
1.751967190336892963e+04 1.605502125693584341e-20 7.193011779543909531e-21
1.752604328122988227e+04 1.869804624978108643e-20 7.127120538631142779e-21
1.753241463675859268e+04 5.302608994034298858e-21 7.694801632564788150e-21
1.753878596994611507e+04 8.419110039311763739e-21 7.459449494817054081e-21
1.754515728077230597e+04 5.663132389965913633e-21 6.687002543091580434e-21
1.755152856922345745e+04 4.001222830185419537e-21 6.419746862147971679e-21
1.755789983528430821e+04 6.154453072796563462e-21 6.893782000940214235e-21
1.756427107894113578e+04 -4.810713931866089139e-21 7.318683682641608078e-21
1.757064230017702357e+04 7.561453706917676650e-21 6.918402438531314645e-21
1.757701349897340697e+04 2.797222100962794101e-20 7.842787470601920046e-21
1.758338467531824062e+04 9.398866160772180218e-21 7.197424410576947965e-21
1.758975582919951921e+04 1.165995087945601799e-20 6.824967045228028796e-21
1.759612696059871450e+04 6.721486635488195124e-21 7.184626548217924481e-21
1.760249806949734193e+04 1.515080823183004518e-20 6.483622408891357917e-21
1.760886915588652846e+04 2.132276305249840064e-20 7.340962913435911863e-21
1.761524021974785137e+04 1.232398464831385441e-20 6.913541498787262256e-21
1.762161126106596566e+04 -1.611831129334554011e-21 6.475204742808144826e-21
1.762798227981927630e+04 6.403876744687959642e-21 6.799299847925882440e-21
1.763435327600856544e+04 -3.059450307390779030e-21 6.324824953466722991e-21
1.764072424959936325e+04 5.986274813912655277e-21 7.006527855716073052e-21
1.764709520059243005e+04 -1.020772275186606635e-21 7.613669715144464580e-21
1.765346612896619627e+04 -4.788490038971110566e-21 6.735699242845699882e-21
1.765983703470218097e+04 3.259818536499169721e-21 6.778794907583325672e-21
1.766620791779323918e+04 4.475020185117645544e-20 8.034443615527647442e-21
1.767257877821603688e+04 2.963389924606204078e-20 8.315867941188568825e-21
1.767894961595371205e+04 2.711825123329796117e-20 7.203322270918070765e-21
1.768532043100249211e+04 4.786630067968942440e-21 6.857885986116367068e-21
1.769169122334072017e+04 -3.399716817784639953e-21 6.526235037011066359e-21
1.769806199294988983e+04 1.604967686686122336e-20 6.779211968150948341e-21
1.770443273981809398e+04 4.328001806616249971e-21 6.796916423675660256e-21
1.771080346393345462e+04 4.210193004785942447e-21 7.058732998101623963e-21
1.771717416527905880e+04 -2.634288348250689124e-21 6.608160356996241300e-21
1.772354484383163799e+04 1.458290167764640934e-20 6.790555384695322560e-21
1.772991549958417818e+04 1.142642959765813090e-20 7.307557347815097925e-21
1.773628613252316791e+04 1.693894010197872002e-21 7.112029275746723445e-21
1.774265674262532775e+04 1.536116160724476235e-21 7.602309771699922999e-21
1.774902732995861152e+04 1.662970552882071685e-20 7.565257640922881101e-21
1.775539790152495698e+04 -3.862882405321413115e-21 6.412593970590581946e-21
1.776176845940824569e+04 1.869543821826169016e-21 6.963357315727398831e-21
1.776813899449474047e+04 1.264906236326886282e-20 6.708595635603428440e-21
1.777450950667342477e+04 1.872483279566884951e-20 7.381965853199397767e-21
1.778087999592913548e+04 7.661223745200261056e-21 6.938173143432703410e-21
1.778725046224508696e+04 -6.506395085025973458e-21 7.552439258974084838e-21
1.779362090560784054e+04 4.968973608512181909e-22 7.326212105425880554e-21
1.779999132600233861e+04 1.703136166083932192e-20 6.888001740310270926e-21
1.780636172341672136e+04 7.632900096005370063e-21 6.964107151699331879e-21
1.781273209782772028e+04 1.692991220115466135e-20 7.588676645333603019e-21
1.781910244922836137e+04 1.601582720117472625e-20 7.333946745220329781e-21
1.782547277759708959e+04 6.914482435883175168e-21 6.698624511200007712e-21
1.783184308292866262e+04 -6.305811536130897118e-21 6.637135380142608334e-21
1.783821336519814213e+04 3.711127628786974064e-20 7.689012873918411377e-21
1.784458362439200209e+04 1.787435742537457853e-20 7.012566584889456212e-21
1.785095386049360604e+04 2.249882482765410555e-20 7.136710764881927152e-21
1.785732407349616187e+04 9.490834098437744436e-21 7.121442596974917510e-21
1.786369426337965342e+04 -1.317481187742365375e-20 6.817659119806370871e-21
1.787006443012895397e+04 6.600877195197364704e-21 7.777412946243714291e-21
1.787643457372415651e+04 1.918028717184390339e-20 7.551571077184302002e-21
1.788280469416172491e+04 1.684461288851665509e-20 7.324936680920140364e-21
1.788917479141677904e+04 2.531305341579961426e-20 7.324397948693180955e-21
1.789554486547753913e+04 1.075892514811352651e-20 7.232638288753087392e-21
1.790191491633226178e+04 -9.481641271988022841e-21 6.118023322539526700e-21
1.790828494395931557e+04 -8.988652340251268634e-22 6.484133804367542270e-21
1.791465494834529454e+04 5.847013410378001680e-21 6.845554823252761360e-21
1.792102492947693099e+04 8.725597317046367328e-21 6.864341781360370144e-21
1.792739488734249971e+04 1.506401517356777562e-20 7.278485452640442799e-21
1.793376482192043113e+04 4.080418551393494169e-20 7.196107238823573833e-21
1.794013473320394041e+04 9.892309437610404303e-21 7.036462464527182128e-21
1.794650462116971175e+04 1.292938978045567926e-20 6.479867923388100784e-21
1.795287448580443379e+04 2.113800930421786142e-20 7.052614535686987924e-21
1.795924432709811299e+04 1.180284516269467939e-20 7.395381168673724732e-21
1.796561414502915432e+04 7.096695436134052463e-21 6.601075007014059653e-21
1.797198393958753513e+04 1.457614663455611251e-20 6.687217824298420366e-21
1.797835371075666626e+04 1.300358306987282136e-20 6.758644671421631861e-21
1.798472345852317812e+04 1.584687363897890019e-20 7.841357076346467083e-21
1.799109318286881535e+04 8.752466624689146740e-21 7.051006755588642923e-21
1.799746288378026293e+04 6.560436752330950613e-21 7.322216763022576754e-21
1.800383256124258696e+04 1.816583498204402156e-20 7.136623593406707374e-21
1.801020221524078806e+04 -2.010359090076237628e-21 6.189803049494632662e-21
1.801657184575502470e+04 -1.456522915878047877e-20 6.580539372119257234e-21
1.802294145278697761e+04 1.491868084003276398e-20 6.753188926371943302e-21
1.802931103629833160e+04 2.262365348385361029e-20 7.241300664721994640e-21
1.803568059629080017e+04 8.749904612967728672e-21 6.269937758431212044e-21
1.804205013274458179e+04 1.011680208678984034e-20 6.916660907058334313e-21
1.804841964564466616e+04 -1.714511906048637496e-20 6.638218378606928172e-21
1.805478913497448229e+04 4.280809448344361507e-21 6.484760092591135858e-21
1.806115860072247233e+04 -8.383178667774960607e-21 7.107584779912622806e-21
1.806752804287205072e+04 1.272459496098644495e-20 7.251483435999058648e-21
1.807389746140658463e+04 1.289443901273042338e-20 6.768802319959741458e-21
1.808026685631455621e+04 9.567013626013398212e-21 6.670934508471012618e-21
1.808663622757774647e+04 6.231509381546873284e-21 7.170143296138269128e-21
1.809300557518465212e+04 9.315993180344192255e-22 7.156706135383222768e-21
1.809937489912201636e+04 -6.781113081852970382e-21 6.730586856180381262e-21
1.810574419936482445e+04 7.764009601283079263e-22 6.242967227715376194e-21
1.811211347590660807e+04 1.461632145958515814e-20 7.273828033223768297e-21
1.811848272873089081e+04 9.791933943470678724e-21 7.047609782268118131e-21
1.812485195782612209e+04 1.492109257395767202e-20 6.822569632488162275e-21
1.813122116317069958e+04 1.182357982221050387e-20 7.254644909614664005e-21
1.813759034475480439e+04 5.460689881598965146e-21 6.814303677488880213e-21
1.814395950256018841e+04 1.223682997468280520e-20 6.736146413030396458e-21
1.815032863657204143e+04 -2.260482187952422075e-21 6.486011932496642370e-21
1.815669774678229442e+04 7.957188055531354154e-22 6.771366666038971608e-21
1.816306683316929411e+04 1.022284904791478268e-20 7.236575913062821627e-21
1.816943589571642951e+04 -1.290939005864779039e-20 6.564430326361454974e-21
1.817580493441402359e+04 2.128958990889383650e-20 6.935537093238746336e-21
1.818217394924728433e+04 4.443424206616484488e-20 7.724834966782593545e-21
1.818854294019964073e+04 2.507160041124826812e-20 6.954417022905980619e-21
1.819491190725454362e+04 1.417132258727116183e-21 6.577687057626639906e-21
1.820128085039886719e+04 1.055348204252017911e-20 6.893058313184828098e-21
1.820764976961610591e+04 1.302356227473368950e-20 7.294834754571172277e-21
1.821401866489488020e+04 -2.320589183701431307e-21 7.101630909431620251e-21
1.822038753622038348e+04 9.240979300227162810e-21 7.244764825153953437e-21
1.822675638357605567e+04 3.490952125872089639e-25 6.917766780105413781e-21
1.823312520694538034e+04 9.050189981127049789e-21 6.869372617799740514e-21
1.823949400631355820e+04 -3.145212224250762941e-21 6.811084828333651976e-21
1.824586278166926058e+04 4.758983135937439835e-21 6.163974846575472782e-21
1.825223153299769183e+04 4.849927967584760209e-22 6.535577879297622816e-21
1.825860026028060747e+04 -1.317790629848499254e-20 7.560418895165713993e-21
1.826496896350324823e+04 1.621623246869258854e-20 8.149190082832931421e-21
1.827133764265763966e+04 -5.755932449715349440e-21 6.686133471437725557e-21
1.827770629771878157e+04 -4.463095596121947029e-21 6.443308891296693294e-21
1.828407492868040936e+04 1.468261593048983421e-20 7.847180920640281232e-21
1.829044353552266330e+04 2.232473245810768162e-20 7.047560348198686575e-21
1.829681211823244303e+04 2.224451006225239408e-20 6.697117492306316628e-21
1.830318067679328306e+04 3.342551635038711448e-20 7.170986907853739984e-21
1.830954921119387291e+04 9.259822118827761101e-21 7.483671734010377406e-21
1.831591772141607362e+04 1.036826825955317595e-20 6.736790871607697303e-21
1.832228620745195076e+04 1.222248506639167155e-20 6.999565988186372461e-21
1.832865466927644957e+04 -1.374481830487604946e-20 6.958360356236050014e-21
1.833502310688162106e+04 -4.831405970646036360e-21 6.298955598305012955e-21
1.834139152024938448e+04 -1.204256399521853613e-20 6.679068247058747297e-21
1.834775990936842572e+04 1.267996824166448259e-20 7.798895702620508660e-21
1.835412827422228656e+04 1.462685538971031755e-20 7.131875441725239741e-21
1.836049661479450515e+04 2.166293888550828439e-20 7.180290875161242538e-21
1.836686493107380011e+04 2.517345335732589418e-20 6.960100966123216713e-21
1.837323322304206522e+04 2.761035686290758317e-20 7.236742391762298106e-21
1.837960149069139516e+04 1.770077390040485989e-20 7.033199961208665119e-21
1.838596973399499257e+04 1.138560784096029491e-20 6.705422702949764676e-21
1.839233795294674565e+04 9.551282620855806354e-21 7.015459651147756908e-21
1.839870614753202972e+04 3.276556880557522787e-20 7.673222047218494084e-21
1.840507431773270582e+04 1.295472241512860309e-20 6.722731361582305859e-21
1.841144246354093411e+04 1.330292538751915070e-20 7.684726004799159064e-21
1.841781058493160162e+04 -6.884183734887364387e-21 7.062481444367709252e-21
1.842417868189345609e+04 1.735623750975876918e-20 6.539294246846495396e-21
1.843054675441704239e+04 -1.166392387903952099e-20 7.689886050261567338e-21
1.843691480248075095e+04 -3.045285493380572066e-21 7.276425122533563870e-21
1.844328282607509391e+04 -5.380991134116114254e-21 7.529396129570240856e-21
1.844965082518545023e+04 6.890443841190100166e-21 7.296250989039206014e-21
1.845601879979704609e+04 1.223922969796269325e-20 6.794588663893082923e-21
1.846238674988826824e+04 2.678592872605602124e-21 7.110985262787284882e-21
1.846875467545488209e+04 1.174224051285640507e-20 7.326348894073808958e-21
1.847512257647529623e+04 4.473059566776187666e-21 7.098863448136943128e-21
1.848149045293649397e+04 -7.045772675881149486e-21 8.112188915402443173e-21
1.848785830482032907e+04 3.875603217772786615e-21 7.584682402496282356e-21
1.849422613211565113e+04 2.608348668812941551e-20 7.086344238040206132e-21
1.850059393480961444e+04 7.727505899875563455e-21 7.422830398228621869e-21
1.850696171288753976e+04 5.036901675135108913e-22 7.376076322659095526e-21
1.851332946633123720e+04 4.551026678893337574e-21 7.166325616994879252e-21
1.851969719512610754e+04 1.027948995599920627e-20 7.075202662767505981e-21
1.852606489926620270e+04 -1.087330748364333670e-22 6.721343987984066207e-21
1.853243257872289541e+04 2.183263463088168748e-20 7.021873597638533001e-21
1.853880023349021940e+04 1.334052426352836689e-20 7.092354711048042748e-21
1.854516786355015938e+04 7.553101054955228424e-21 8.742202419734020541e-21
1.855153546889329300e+04 -1.453224624839545247e-21 6.837886765294721423e-21
1.855790304949972415e+04 1.038530786558464638e-20 6.496098684887466601e-21
1.856427060535481723e+04 3.200858650398432542e-20 6.649847084804313402e-21
1.857063813644924812e+04 -1.205109285725925939e-22 6.980651046142664330e-21
1.857700564276486693e+04 -3.733493763085622857e-21 7.353230838685545739e-21
1.858337312428347650e+04 3.611246528737833481e-21 7.281735583797047667e-21
1.858974058099579634e+04 2.223146444535662272e-21 7.313246483561851820e-21
1.859610801288721632e+04 4.897857868256293094e-21 7.006670055964406209e-21
1.860247541993956111e+04 1.061757398112902945e-20 6.476736531745603727e-21
1.860884280213817328e+04 -1.007930479639295716e-20 7.111566282072249572e-21
1.861521015947029809e+04 -1.482228548710938702e-20 7.335763868832326616e-21
1.862157749192484698e+04 -6.984343477570868452e-23 7.357564483402202834e-21
1.862794479948013759e+04 2.182817286707676108e-20 7.215683306541502415e-21
1.863431208212507408e+04 4.130168851169646717e-21 6.471766658880905998e-21
1.864067933984514457e+04 7.584254619329255223e-21 6.602177250034430159e-21
1.864704657262927503e+04 6.693537414943758567e-21 7.025764068011470270e-21
1.865341378045752936e+04 7.936283531313485810e-23 7.523134433958832148e-21
1.865978096331529377e+04 7.955133894348499548e-22 7.241374447447846789e-21
1.866614812118980626e+04 -4.799626059096444416e-21 7.042329327579860315e-21
1.867251525407002919e+04 4.678325982945303283e-21 7.149659176720417347e-21
1.867888236193425109e+04 6.395160465884959819e-21 7.023103025927297715e-21
1.868524944477148165e+04 2.331542800862818908e-20 7.266294632466062382e-21
1.869161650257249494e+04 7.151314627556289195e-20 8.446279972769633687e-21
1.869798353531557223e+04 7.580722133738040380e-20 7.970401903015024170e-21
1.870435054298431351e+04 4.289736808707370543e-20 7.221054392603157435e-21
1.871071752556950378e+04 7.143909462263210961e-21 7.090411989167410730e-21
1.871708448305304773e+04 -6.323561181568397869e-21 7.605279970024827105e-21
1.872345141542213969e+04 -9.379627918293706389e-21 7.883334261052869118e-21
1.872981832266224956e+04 -1.630137307720574755e-21 6.528946061183865303e-21
1.873618520475880723e+04 6.387202124277462024e-21 6.716555145181020849e-21
1.874255206169726443e+04 1.913594302841158757e-20 6.560507202836931494e-21
1.874891889346306561e+04 1.184269450655878422e-20 7.099673604563155093e-21
1.875528570004166249e+04 2.358146796860375822e-21 7.192841551731692571e-21
1.876165248141853954e+04 -7.546377918600297151e-21 7.290239537248767673e-21
1.876801923758270277e+04 9.351773346611402554e-21 7.511940023438235695e-21
1.877438596851242983e+04 5.009498186803922496e-21 7.336595995523372460e-21
1.878075267419673037e+04 -6.478860365377300950e-22 7.293661546623099283e-21
1.878711935462109614e+04 1.241286105339380272e-20 6.703822419733347832e-21
1.879348600977101523e+04 -2.114380287134375583e-21 7.071394136144713458e-21
1.879985263963372563e+04 -5.672102274269738723e-21 7.215576438630487557e-21
1.880621924419108836e+04 -1.331583909290068070e-20 1.429965895959452367e-20
