9.796881852215637991e+03 4.464030547130840083e-20 2.044362182149484200e-20
9.803226223663603378e+03 6.051160814856205784e-20 1.684059340718133681e-20
9.809570566519652857e+03 1.720783066899561694e-20 1.651659416187995580e-20
9.815914880764303234e+03 2.828907927666271327e-20 1.600451608411656218e-20
9.822259166378082227e+03 4.644247895959942755e-20 1.690967440970702709e-20
9.828603423348135038e+03 9.578168302540496573e-21 1.469627477284355319e-20
9.834947651648426472e+03 3.542645746226940941e-20 1.422114502377639853e-20
9.841291851277257592e+03 2.571827957302975562e-20 1.494989164078020547e-20
9.847636022204098481e+03 6.990728622331281957e-20 1.412036174338596588e-20
9.853980164416077969e+03 3.459747066380843123e-20 1.526926048166454325e-20
9.860324277895993873e+03 -2.114674727669694197e-20 1.448862691964561787e-20
9.866668362626609451e+03 3.589007604314164301e-21 1.422418672999272338e-20
9.873012418590682501e+03 4.295658036186029789e-20 1.339527663476279609e-20
9.879356445770961727e+03 7.122557746727359116e-21 1.353508821074692940e-20
9.885700444150210387e+03 -9.149638556883332844e-22 1.423835141482826200e-20
9.892044413711169909e+03 4.862044927717424249e-21 1.544827176651936396e-20
9.898388354436590816e+03 1.836139799900068104e-20 1.416043743523622965e-20
9.904732266309209081e+03 4.548178841035732350e-20 1.384057422098425606e-20
9.911076149309534230e+03 2.966284891291249027e-20 1.463202978816700860e-20
9.917420003424842434e+03 -1.076629955809258786e-20 1.389105985805197748e-20
9.923763828637840561e+03 4.053560280106744061e-20 1.431884996120758906e-20
9.930107624926722565e+03 3.691205410649491386e-20 1.422117369502189505e-20
9.936451392271981604e+03 3.207241216719487962e-20 1.439918643949729482e-20
9.942795130665424949e+03 3.778054590322621804e-20 1.532919170144769191e-20
9.949138840085299307e+03 6.003410564762134246e-20 1.454274383208673056e-20
9.955482520512085102e+03 5.818769709616257739e-20 1.431319877814371423e-20
9.961826171935224920e+03 6.398706543449169582e-20 1.376868715710479668e-20
9.968169794326257033e+03 5.808552524321115073e-20 1.300072351289169903e-20
9.974513387683626206e+03 2.247947787745527057e-20 1.318089418287986248e-20
9.980856951972042225e+03 4.027346503413593094e-20 1.355589359224160483e-20
9.987200487187750696e+03 -8.502006690258074197e-21 1.449718879799833767e-20
9.993543993309009238e+03 1.061702609577970384e-20 1.327801123866461917e-20
9.999887470316192775e+03 2.500323646891419468e-20 1.298664667166126372e-20
1.000623091819207548e+04 7.245543333294888384e-20 1.450178270811885554e-20
1.001257433692620543e+04 3.520053228925221927e-20 1.398077643629249522e-20
1.001891772649899212e+04 6.570536795346348221e-20 1.484115733866153491e-20
1.002526108688406384e+04 2.029748769059183089e-20 1.463526775442113227e-20
1.003160441807550887e+04 2.866775383935832992e-20 1.497484808574825724e-20
1.003794772005150480e+04 8.639749769946675903e-20 1.417813443923313489e-20
1.004429099279019647e+04 6.119663764041979250e-20 1.487825833570455524e-20
1.005063423628340206e+04 4.477010620211141205e-20 1.335280838798105870e-20
1.005697745050701997e+04 2.925665099010788006e-20 1.268360888414901618e-20
1.006332063544602897e+04 2.013925319911084817e-20 1.342515086244251423e-20
1.006966379108542606e+04 3.728923619855827564e-20 1.396862512772672412e-20
1.007600691740558614e+04 2.170338364761936095e-20 1.467573810125021646e-20
1.008235001438463041e+04 4.027883896291955840e-20 1.433533400445933340e-20
1.008869308201211425e+04 3.807955326192597246e-20 1.471107960185144619e-20
1.009503612026848350e+04 7.321821174788860463e-20 1.510564176218253213e-20
1.010137912913868968e+04 3.571315068632092507e-20 1.350506210287986779e-20
1.010772210860082487e+04 7.308959802864372140e-20 1.545786855825849019e-20
1.011406505863761413e+04 8.787583446502986922e-20 1.463751247090678685e-20
1.012040797923863465e+04 3.710849942008068961e-20 1.440030013568553817e-20
1.012675087037969206e+04 2.151553832239959741e-20 1.404660752279679063e-20
1.013309373204572512e+04 5.601777973892641910e-20 1.324970880995508317e-20
1.013943656421942433e+04 6.428903348433440507e-20 1.265900087633176224e-20
1.014577936688118461e+04 4.733900290079354311e-20 1.368547806792108305e-20
1.015212214002057772e+04 2.516957188442219915e-20 1.284323276721628839e-20
1.015846488361107731e+04 5.092060351704692320e-21 1.398532097210247184e-20
1.016480759764223330e+04 5.804901008407230437e-21 1.408109640549652125e-20
1.017115028209445518e+04 5.627114303922665625e-20 1.459675370842884807e-20
1.017749293695260712e+04 3.231093888987796048e-20 1.452620968864369084e-20
1.018383556219019192e+04 2.097137264008106656e-20 1.445383026930965534e-20
1.019017815780145065e+04 2.039079608823828337e-20 1.337158314530085423e-20
1.019652072376672368e+04 -6.313346292345457473e-21 1.238617498100923209e-20
1.020286326005939191e+04 4.143666940885815188e-20 1.498349536428416907e-20
1.020920576667368732e+04 5.018375251675735741e-21 1.386903407108145282e-20
1.021554824358767110e+04 -1.742929571258839169e-21 1.362984237897889321e-20
1.022189069078166358e+04 6.836162805111345631e-20 1.439621719246974227e-20
1.022823310824525106e+04 4.626100366895943079e-20 1.363105836161946162e-20
1.023457549595180535e+04 8.293086447083175082e-20 1.366966941059326357e-20
1.024091785389085453e+04 2.553897297762312833e-20 1.290308735736158786e-20
1.024726018204044340e+04 1.628456042015196501e-20 1.340322117451093930e-20
1.025360248038784266e+04 4.154949249487420240e-21 1.287122834739801321e-20
1.025994474890876882e+04 1.415240661359998772e-20 1.279682798196783584e-20
1.026628698759746112e+04 -1.198509407493876430e-20 1.199759488567463202e-20
1.027262919642260385e+04 1.712014802842457141e-20 1.252699884054809105e-20
1.027897137537843992e+04 3.358958859015126803e-20 1.293026164729445560e-20
1.028531352444065487e+04 6.480103899240457083e-20 1.382699785731250259e-20
1.029165564359648306e+04 5.359159153441437197e-20 1.425215990351208445e-20
1.029799773282387650e+04 7.833792647095934062e-20 1.392551898033173392e-20
1.030433979210546386e+04 2.396472625603641606e-20 1.429236365422519476e-20
1.031068182143318154e+04 3.003243824548037639e-20 1.338640697665376562e-20
1.031702382077562652e+04 4.674784181422255174e-20 1.329564791940799058e-20
1.032336579012710536e+04 -1.457748338437995500e-20 1.254919990909492829e-20
1.032970772946323086e+04 2.112657006816796679e-20 1.483947701272822120e-20
1.033604963876894726e+04 9.541135573037112902e-20 1.505122790594494236e-20
1.034239151802917695e+04 9.680550366757821978e-20 1.587330434953700133e-20
1.034873336721947999e+04 4.875047861297876406e-20 1.348922385128872650e-20
1.035507518632949723e+04 2.626771856531888252e-20 1.293070273711008635e-20
1.036141697533953084e+04 2.592735715768917869e-20 1.361053379554156921e-20
1.036775873423449411e+04 -4.407403289693823519e-21 1.280120049327526730e-20
1.037410046299218993e+04 7.366287134738378952e-21 1.381800990780160682e-20
1.038044216159754251e+04 5.399341457129994909e-20 1.508805891654747391e-20
1.038678383003086310e+04 7.402166101754969382e-20 1.410232884590393708e-20
1.039312546828182167e+04 1.986421124996933373e-20 1.369533814618371448e-20
1.039946707632588186e+04 1.508438622280735053e-20 1.327389080839634468e-20
1.040580865414559230e+04 4.668816322085205526e-20 1.305953863693178147e-20
1.041215020172829099e+04 1.247629428230343628e-20 1.302010673950941693e-20
1.041849171905419644e+04 3.513506387980246133e-20 1.432374897680815553e-20
1.042483320610585906e+04 4.954113916658451172e-20 1.415967242277636528e-20
1.043117466286577837e+04 4.781094022678171634e-20 1.492515759363323287e-20
1.043751608931411465e+04 1.657469734462962839e-20 1.402296757981551100e-20
1.044385748543584486e+04 5.177733616209836973e-20 1.431515423403995657e-20
1.045019885121598236e+04 1.857797534687090025e-20 1.328596713014195545e-20
1.045654018663705574e+04 2.864749981511343257e-20 1.378054661922699139e-20
1.046288149167678966e+04 1.322883647579346406e-20 1.389692847564081003e-20
1.046922276631768545e+04 2.897590768667307080e-20 1.336584097245999342e-20
1.047556401054231355e+04 1.721378539188209816e-20 1.272968497130092435e-20
1.048190522433807564e+04 2.203238556914565048e-20 1.313202834407915439e-20
1.048824640768989593e+04 2.103791160047920391e-20 1.331624074221598626e-20
1.049458756057304527e+04 3.106295459405485805e-20 1.431930246528234775e-20
1.050092868297236964e+04 3.933900279209497110e-20 1.297794973253188913e-20
1.050726977486565920e+04 1.517486777212325070e-20 1.284480747037413151e-20
1.051361083624027196e+04 1.991794331693579636e-20 1.226774730792847950e-20
1.051995186708356050e+04 1.071275655227714892e-20 1.325337543007341736e-20
1.052629286737086477e+04 1.997130000196086272e-20 1.339019212536184634e-20
1.053263383708947185e+04 1.530886056117638144e-20 1.419120092578593121e-20
1.053897477622185397e+04 6.933564155922281067e-20 1.344923916895582589e-20
1.054531568474086271e+04 3.169126834919640136e-20 1.442251736047039033e-20
1.055165656263857636e+04 1.615350794722713293e-21 1.291593616576746165e-20
1.055799740989514976e+04 1.301094301202623430e-20 1.173409993702234108e-20
1.056433822649311696e+04 1.415272264413247131e-20 1.332869636202774428e-20
1.057067901241500658e+04 3.643326003308624861e-20 1.335577354940539102e-20
1.057701976764810206e+04 8.454624733796887002e-21 1.339624869560581273e-20
1.058336049216518586e+04 1.216359022958206275e-20 1.282342890182896058e-20
1.058970118595115673e+04 3.742770038866051108e-20 1.371495560020078696e-20
1.059604184899576285e+04 -7.613836860683564368e-21 1.255270914501604621e-20
1.060238248127181032e+04 1.687524623232805699e-20 1.147338595893855910e-20
1.060872308276895455e+04 1.188379807013114125e-20 1.208155289681751652e-20
1.061506365346732127e+04 4.237974347914206445e-20 1.246586048475207012e-20
1.062140419334937724e+04 -4.321196444501514069e-21 1.241263375630370375e-20
1.062774470239759285e+04 6.186011380473569154e-21 1.227488724295846038e-20
1.063408518059441485e+04 3.170787773198079196e-20 1.220122722946966151e-20
1.064042562792233002e+04 1.439832207366926880e-20 1.291148449569304089e-20
1.064676604431560372e+04 2.274355723260471122e-20 1.222381307706463637e-20
1.065310642469441882e+04 2.495435259445998393e-20 1.323889901331767093e-20
1.065932418486774259e+04 4.678307806161282922e-20 1.271841586452880231e-20
1.066566449692554670e+04 2.882961227302844138e-20 1.265762849551123431e-20
1.067200477802404203e+04 5.799685544441042229e-20 1.331327305419938034e-20
1.067834502815070482e+04 1.212282756842633924e-20 1.375229148118576913e-20
1.068468524729047567e+04 4.011831338809099565e-20 1.251911939903690673e-20
1.069102543541066007e+04 3.227309329024746639e-20 1.151605725015157078e-20
1.069736559250776372e+04 2.022675960973422270e-20 1.216496950742614501e-20
1.070370569912423343e+04 2.587581744162460644e-21 1.194202283886981836e-20
1.071004564571263109e+04 5.363658440868712634e-20 1.385958976100082214e-20
1.071638556122588307e+04 3.050707817814645869e-20 1.388604714847032783e-20
1.072272544564134478e+04 2.428286001936238014e-20 1.264980935851826070e-20
1.072906529894901360e+04 3.123537601876729776e-20 1.321026555658613170e-20
1.073540512111863245e+04 5.157080608982301770e-20 1.344153189160756298e-20
1.074174491214779482e+04 2.993633230606263420e-20 1.245585582927784714e-20
1.074808467200367886e+04 2.488194317546879522e-20 1.283639422336095804e-20
1.075442440067881944e+04 5.424334842309965554e-20 1.296322472878479899e-20
1.076076409815548504e+04 4.896970921360790776e-20 1.370985706577233770e-20
1.076710376441108383e+04 2.455071115716257324e-20 1.346865488988159852e-20
1.077344339943309205e+04 1.458436788146482737e-20 1.253727914849294352e-20
1.077978300319879054e+04 2.717380765908646924e-20 1.247516969051827357e-20
1.078612257569562826e+04 1.692710109133734704e-20 1.202852914259228083e-20
1.079246211689835764e+04 1.906300964847740597e-20 1.221705245717029426e-20
1.079880162679948990e+04 4.584078367756520300e-20 1.313453550986306799e-20
1.080514110537372289e+04 2.083591534235355562e-20 1.261972278542380931e-20
1.081148055260590627e+04 3.309901716740855736e-20 1.305274872120602481e-20
1.081781996847847222e+04 2.097514429916907092e-20 1.214672469735199264e-20
1.082415935297376745e+04 4.172044025088898329e-20 1.302518909894918842e-20
1.083049870607413868e+04 2.884726679970393672e-20 1.298670649933335021e-20
1.083683802776190350e+04 4.980766026363576315e-20 1.524450602462113601e-20
1.084317731801941227e+04 2.360199432546311968e-20 1.393786348978190285e-20
1.084951657682643054e+04 4.453740597442514977e-20 1.232644216325794424e-20
1.085585580416772609e+04 1.943865304087534259e-20 1.148199434014663857e-20
1.086219500003340181e+04 5.113892472555276137e-20 1.172520857202218170e-20
1.086853416438784916e+04 2.474266070155305214e-20 1.108675625266088459e-20
1.087487329722876166e+04 1.550747737272310975e-20 1.211605415741424914e-20
1.088121239853333100e+04 2.998869670536238439e-20 1.153848111675133883e-20
1.088755146828384204e+04 1.635255185196163619e-20 1.235261744801038628e-20
1.089389050646003852e+04 4.300863189089696697e-20 1.153727113192060536e-20
1.090022951305185052e+04 5.490251857271138930e-20 1.126038624141986274e-20
1.090656848803128742e+04 6.616804894585029268e-20 1.150390058368691206e-20
1.091290743138842481e+04 2.516207271155612829e-20 1.232926546143110523e-20
1.091924634310297006e+04 3.967932673158195605e-20 1.230818602721404872e-20
1.092558522315719529e+04 4.726293780069011104e-20 1.111580253491122127e-20
1.093192407153337808e+04 4.628237494641234762e-20 1.197413892253227355e-20
1.093826288821378694e+04 4.680530519360253244e-20 1.226799270674133356e-20
1.094460167318063759e+04 5.354993209794087154e-20 1.163465042768310052e-20
1.095094042641356646e+04 2.824187110795392711e-20 1.318410151657307929e-20
1.095727914789750685e+04 2.658949075607305025e-20 1.129246016277208544e-20
1.096361783761470542e+04 2.939189557622307122e-20 1.155584755114531110e-20
1.096995649555258569e+04 6.085542630973190866e-20 1.189493434218279102e-20
1.097629512167785470e+04 3.908223113230619585e-20 1.099119162080852596e-20
1.098263371599088532e+04 1.796159657287568168e-20 1.073783797289558180e-20
1.098897227846608439e+04 2.283199808606786550e-20 1.109059149090221554e-20
1.099531080908045624e+04 4.214624296958843461e-20 1.183152909786182544e-20
1.100164930782670490e+04 1.283045357884977387e-20 1.105912395656561090e-20
1.100798777467925538e+04 1.557608112338025140e-21 1.033578120064963218e-20
1.101432620962551482e+04 8.073064100878847232e-21 1.072832393425563705e-20
1.102066461264510326e+04 -1.239983499241048246e-22 1.099221948101705189e-20
1.102700298371501776e+04 2.553802252373844169e-20 1.146808445771864177e-20
1.103334132282518294e+04 4.551889531188095128e-20 1.175560062789640725e-20
1.103967962995784183e+04 3.830785734886688021e-20 1.159604914707763807e-20
1.104601790509000421e+04 4.818569025549548020e-20 1.128289524117954379e-20
1.105235614820387491e+04 4.567617230113513472e-20 1.180746468991763866e-20
1.105869435928685380e+04 2.762025355082886332e-20 1.174089785949550431e-20
1.106503253831851180e+04 1.611190098681296971e-20 1.120646919901420707e-20
1.107137068528363307e+04 1.070431861166176718e-20 1.124087265638929357e-20
1.107770880015641524e+04 4.507947523792150973e-20 1.133530861993317884e-20
1.108404688292960600e+04 4.104894107673319849e-20 1.048222570086007304e-20
1.109038493357752486e+04 2.276667822459929223e-20 1.090671356515056200e-20
1.109672295208232572e+04 1.766809949754353786e-20 1.091485018193144874e-20
1.110306093842877090e+04 5.250007597220408606e-20 1.164253183430255241e-20
1.110939889260164819e+04 2.684033193078706820e-20 1.168293493956117507e-20
1.111573681458041210e+04 1.522030698130274292e-20 1.061637600183863413e-20
1.112207470434715106e+04 3.744127148189860966e-20 1.190962447307613071e-20
1.112841256188410625e+04 1.329407079046203117e-20 1.116227530262703272e-20
1.113475038717076677e+04 3.331282194220883325e-20 1.129116435797685097e-20
1.114108818019450700e+04 1.849610800641380055e-20 1.142524477852884375e-20
1.114742594093482694e+04 2.286763623313951144e-20 1.154190144634282274e-20
1.115376366937120474e+04 -1.565130442771175815e-20 1.144148662762015446e-20
1.116010136549086928e+04 2.192828547189954472e-20 1.047873581437652457e-20
1.116643902927341878e+04 7.980917625127485429e-21 1.060912947202017354e-20
1.117277666069831866e+04 3.742705178782426184e-20 1.116205357307698818e-20
1.117911425975029852e+04 3.247562780707966375e-20 1.226713907038523352e-20
1.118545182641409883e+04 3.734487495264959032e-20 1.092058043201012861e-20
1.119178936066915776e+04 7.536515819400267075e-21 9.919558545737250324e-21
1.119812686249480248e+04 4.849912784383072652e-22 9.750346669622111091e-21
1.120446433187579350e+04 2.552398791213747853e-20 1.008883877139337432e-20
1.121080176879425380e+04 3.756467232283642990e-20 1.020700924933303141e-20
1.121713917323489841e+04 -1.478910529678186548e-21 1.034364677011243618e-20
1.122347654517713818e+04 3.095203688400396649e-21 1.066537797047023640e-20
1.122981388460036214e+04 1.072286749750014940e-20 1.103690559171199491e-20
1.123615119148921440e+04 3.790041208813477854e-21 1.042442284762329208e-20
1.124248846582569968e+04 2.070700099531361303e-20 1.046169056223510476e-20
1.124882570758928523e+04 6.195973822083231853e-20 1.111408154877906027e-20
1.125516291676999572e+04 2.686170958338045369e-20 1.101738096123070204e-20
1.126150009334186689e+04 5.950877307984259497e-20 1.105918889664317903e-20
1.126783723729225494e+04 2.499750043948150003e-20 1.054223797363308021e-20
1.127417434859778587e+04 3.373058538274482861e-20 1.120297500477585495e-20
1.128051142724040255e+04 2.602029697482646827e-20 1.042344321088551251e-20
1.128684847321023517e+04 4.354131772315462901e-20 1.055864064948826733e-20
1.129318548648127944e+04 4.340098195109096568e-20 1.031736295679724534e-20
1.129952246703550736e+04 1.845396287918610653e-20 1.080101160177760817e-20
1.130585941486027696e+04 2.943975868856495015e-20 1.080223743091944763e-20
1.131219632993484265e+04 2.672915311472325592e-21 1.010908224986046046e-20
1.131853321224379033e+04 9.571854474347422610e-21 1.058708587564053242e-20
1.132487006175849820e+04 1.161846956875800289e-20 1.062516907942474544e-20
1.133120687847432055e+04 3.655959094311909731e-20 1.051578476594196440e-20
1.133754366237056092e+04 4.626970530652209283e-20 1.045683889712482107e-20
1.134388041342111683e+04 1.226877928873080678e-20 9.689706680810793052e-21
1.135021713161591833e+04 9.989227488922958462e-21 1.060942108763181518e-20
1.135655381693151321e+04 4.200884202639919353e-20 1.105455283207065016e-20
1.136289046935532315e+04 2.673260275215132508e-20 1.045706584138624092e-20
1.136922708886119290e+04 5.134874966374812121e-20 1.069012377391561947e-20
1.137556367544722525e+04 2.038135038973533699e-20 1.008457859334124857e-20
1.138190022907918683e+04 1.520339755984283188e-20 1.028730501670791173e-20
1.138823674973887319e+04 4.508989223432445980e-20 1.070135178299062918e-20
1.139457323741903747e+04 3.055162470497124974e-20 9.703231362349150407e-21
1.140090969209894683e+04 2.632396886247417246e-20 9.988679929635608204e-21
1.140724611374699634e+04 1.917066594969218656e-20 1.079176491172050918e-20
1.141358250236670574e+04 6.040146200731358334e-20 1.097351851227181921e-20
1.141991885792374342e+04 1.724738496815504835e-20 1.158994191506908687e-20
1.142625518040525094e+04 2.557877385244654465e-20 1.025620187401835782e-20
1.143259146979324578e+04 -1.710452471867972887e-20 1.014723431247078777e-20
1.143892772607502411e+04 3.346486740523087342e-20 1.076028990729330197e-20
1.144526394921620522e+04 2.067792225101233036e-20 1.032932085858627293e-20
1.145160013921491009e+04 2.704341636609369278e-20 1.015745245328470707e-20
1.145793629605026399e+04 1.503379713584114063e-20 1.032766531664682368e-20
1.146427241969856004e+04 1.625004576044827671e-20 1.017048196428245801e-20
1.147060851014453692e+04 1.628359664031502025e-20 1.102076841378623081e-20
1.147694456737272048e+04 -1.404526929821517729e-20 1.004548911861402689e-20
1.148328059135951298e+04 2.721154321378979067e-20 9.912550325278767476e-21
1.148961658208946574e+04 3.668379160879124103e-20 1.057840773909142642e-20
1.149595253954154941e+04 1.502467069662137644e-20 9.646473662419726350e-21
1.150228846370583233e+04 1.946789058720743815e-20 1.015862886140154982e-20
1.150862435455599370e+04 2.706242099997034158e-20 1.072412086169608045e-20
1.151496021207656122e+04 3.261105357649480021e-20 1.036439318757847955e-20
1.152129603625207164e+04 2.419827755045346593e-20 9.743286773852015927e-21
1.152763182705882718e+04 2.782054062046608044e-20 9.196587299650488216e-21
1.153396758447574393e+04 3.350524872461598618e-20 9.678972075301358052e-21
1.154030330849844358e+04 1.458772060108450464e-22 9.731562572777548270e-21
1.154663899909501197e+04 2.537312133025892998e-20 1.001571593025332241e-20
1.155297465625542827e+04 2.309819228387905134e-20 9.001556041734790413e-21
1.155931027995871591e+04 4.786540895050714964e-20 9.760453013155474132e-21
1.156564587018651400e+04 2.861986618474788650e-20 9.319714200099222552e-21
1.157198142692063811e+04 3.983582629058695054e-20 1.009936003088660648e-20
1.157831695014014804e+04 9.387801162071996427e-21 9.744944284600115235e-21
1.158465243983227265e+04 2.234750064582063217e-20 1.004951077415018894e-20
1.159098789597324321e+04 2.666097137758962741e-20 1.052503577604298077e-20
1.159732331854745826e+04 3.536706850039476829e-20 1.013259488095707271e-20
1.160365870753937452e+04 3.313173514477046444e-20 9.765999624300241946e-21
1.160999406292804451e+04 3.796366703113415179e-20 9.812115390485213850e-21
1.161632938469242617e+04 3.811321107456357452e-20 9.709616641164848306e-21
1.162266467281973746e+04 2.102868831414399511e-20 9.659738556649368402e-21
1.162899992728612960e+04 1.963030168540787964e-20 9.374041942224484737e-21
1.163533514807867869e+04 1.159390388059762375e-20 8.936577757514275246e-21
1.164167033517370328e+04 1.644373883669246101e-20 9.797382698827429381e-21
1.164800548855563648e+04 4.185587562304329804e-20 9.832759403914484264e-21
1.165434060820892773e+04 1.244051821252693658e-20 9.559706223600375528e-21
1.166067569410970646e+04 2.465346357601432034e-20 9.839994549343049376e-21
1.166701074624221292e+04 2.344798618183412806e-20 9.846666387782424983e-21
1.167334576458549418e+04 8.505490915217524571e-21 9.547455423751711377e-21
1.167968074913231067e+04 2.510630510967889042e-20 1.020348375297733753e-20
1.168601569985042261e+04 1.929115719849340708e-20 9.921759175925279648e-21
1.169235061672978918e+04 4.232534215730603621e-21 1.014458143590395793e-20
1.169868549974355665e+04 3.009688655775470634e-20 9.898475873767662536e-21
1.170502034888179151e+04 1.273543148803046777e-21 9.162500019150693783e-21
1.171135516412336074e+04 3.718419804762641396e-21 9.396176287464082554e-21
1.171768994544987981e+04 1.981486910250530401e-20 1.026003487221841861e-20
1.172402469284295512e+04 7.759242882332242107e-21 9.154223193803682198e-21
1.173035940628403660e+04 2.867491421905922518e-20 1.029228946092784078e-20
1.173669408575478701e+04 2.878440160191830619e-20 1.020648902587172546e-20
1.174302873123686186e+04 2.169173472748268524e-20 9.734898694165313223e-21
1.174936334270902262e+04 4.709336041753027471e-20 9.893766902782384835e-21
1.175569792015564599e+04 2.265481440882569478e-20 1.000584112454717934e-20
1.176203246356654017e+04 2.707126440448265376e-20 9.952249277116891878e-21
1.176836697290655684e+04 4.242932750199673862e-20 1.029296032374795722e-20
1.177470144816850370e+04 2.981275371008807590e-20 1.026945089230325982e-20
1.178103588932831371e+04 1.143740335597591635e-20 9.912573704212050964e-21
1.178737029637312480e+04 3.186858216426076101e-20 9.509708493079468174e-21
1.179370466928153655e+04 4.384218758675061689e-20 1.038676488535903532e-20
1.180003900803513898e+04 3.023684686177982804e-20 9.237335601815597228e-21
1.180637331261552208e+04 1.344504525881327422e-20 9.079262046976682209e-21
1.181270758299574663e+04 1.254532892484579532e-20 9.726121337651740460e-21
1.181904181917700589e+04 2.312478320327943936e-20 1.036097218610125532e-20
1.182537602112657078e+04 2.972174766475723564e-20 9.854819478593084978e-21
1.183171018882604767e+04 7.971088634013747210e-21 8.964143441368190207e-21
1.183804432225977689e+04 2.700732426924103603e-20 9.645152394162344429e-21
1.184437842140923385e+04 7.825319444192982527e-21 9.157196647068173583e-21
1.185071248625869157e+04 1.753399704878261114e-20 9.350250716271000444e-21
1.185704651678381379e+04 3.305017650907863692e-20 1.018823845936915429e-20
1.186338051297185666e+04 3.170651965564449720e-20 9.805959836184878483e-21
1.186971447479863309e+04 1.967899352711023636e-20 1.064396326023172743e-20
1.187604840224558757e+04 2.056427757326088525e-20 9.455572696969332867e-21
1.188238229530261378e+04 3.589648650330786778e-21 9.567273778257981206e-21
1.188871615394532455e+04 1.391657560632681898e-20 9.488041713306623110e-21
1.189504997815532806e+04 2.130139496735401587e-20 9.322247480268374863e-21
1.190138376790836810e+04 2.049427737242326467e-20 1.007127438224827553e-20
1.190771752319435473e+04 6.490602286883279223e-20 1.023808116578180223e-20
1.191405124399460692e+04 1.798457353587132865e-20 1.012881769939050841e-20
1.192038493028479752e+04 3.672331239592718418e-20 1.008849152085801569e-20
1.192671858204360251e+04 8.459442829758647272e-21 9.500548297354953647e-21
1.193305219926658719e+04 2.326058259875510033e-20 9.536719646729972290e-21
1.193938578192378554e+04 1.564941603850724266e-20 9.128687076441174875e-21
1.194571932999924502e+04 3.093107186688550502e-20 9.199520471848682632e-21
1.195205284347440465e+04 1.141165543499324848e-20 9.322965695181918165e-21
1.195838632233068711e+04 1.714004521667049410e-21 9.280498961107075583e-21
1.196471976654657374e+04 2.176396702816233781e-20 9.552789098640201455e-21
1.197105317610911698e+04 1.811118408776719161e-20 9.206752974393204420e-21
1.197738655099657626e+04 2.334192790267448609e-20 9.266148945674715956e-21
1.198371989118762940e+04 2.399356496093991010e-20 9.151933046178364972e-21
1.199005319666931609e+04 1.977171298281621329e-20 8.839334298190731533e-21
1.199638646742293713e+04 2.432886398998012413e-20 8.921254626437582393e-21
1.200271970342399618e+04 1.008807079795998963e-20 9.109807074047526232e-21
1.200905290465086910e+04 4.264260583416512667e-20 9.303086520226090877e-21
1.201538607109358418e+04 2.833065407324334899e-21 9.671171751176805288e-21
1.202171920273624892e+04 2.254814202526813425e-20 9.121094800633018501e-21
1.202805229954870447e+04 3.712999272986018576e-20 9.674662705589091717e-21
1.203438536152063352e+04 1.909187813766674528e-20 9.615430323903730386e-21
1.204071838862769437e+04 1.999003757072592066e-20 9.519494532871381210e-21
1.204705138085691033e+04 2.951414283078715989e-20 9.244020689453898713e-21
1.205338433818378871e+04 2.301343590493049830e-20 8.640429914295414318e-21
1.205971726059237153e+04 2.862476976755465028e-20 9.236875746461769044e-21
1.206605014806667350e+04 1.043767688746130097e-20 9.353792198533967855e-21
1.207238300058232016e+04 3.156944952841513842e-20 9.379606550340088148e-21
1.207871581812334080e+04 1.624677999273252479e-20 9.360611229060908897e-21
1.208492336534202877e+04 1.356992704321279426e-20 8.959754733413856735e-21
1.209125609594677007e+04 2.287803221822895881e-20 9.545564010982599935e-21
1.209758879672008152e+04 3.546000923988904996e-20 9.162799657564405351e-21
1.210392146249652069e+04 3.202677379210686041e-20 9.322066215678629503e-21
1.211025409320959989e+04 3.213796555694865027e-20 1.028081920594904249e-20
1.211658668883194878e+04 3.068222806619682741e-20 9.491565501938100227e-21
1.212291924934752569e+04 6.476732739478854618e-20 9.756265396013720303e-21
1.212925177473759504e+04 1.806626503661049797e-20 9.178368390376817909e-21
1.213558426498330300e+04 -7.781358614844101377e-21 9.415706340686865114e-21
1.214191672006573572e+04 3.519710640569037406e-20 9.680032751695592029e-21
1.214824913996591204e+04 2.631509848990768322e-20 9.534480509077115028e-21
1.215458152466511274e+04 -4.248096137739493413e-22 9.294362734017148925e-21
1.216091387414440760e+04 3.222256165543882627e-20 1.017505217631366697e-20
1.216724618837936578e+04 2.306659325372531356e-20 1.004671538586311495e-20
1.217357846736773354e+04 2.383448428101042137e-20 9.506598812098458470e-21
1.217991071106833442e+04 3.840948964944584236e-20 9.712251477980535351e-21
1.218624291948464452e+04 3.227372692466350850e-20 9.159827847799681445e-21
1.219257509257536003e+04 -3.760081778441056991e-23 9.668689805125131977e-21
1.219890723034103212e+04 2.780756567263338771e-20 9.389985150108008077e-21
1.220523933274873889e+04 1.432642292085631498e-20 8.700798221990203696e-21
1.221157139978801570e+04 2.694375122214200280e-20 9.096807926953695453e-21
1.221790343143430437e+04 6.121456247014445273e-21 8.529806911049848271e-21
1.222423542767145227e+04 1.840885759579662740e-20 8.624599966215766159e-21
1.223056738848602072e+04 1.268496493501317182e-20 8.610176653965806427e-21
1.223689931384785086e+04 4.576674490204260517e-20 9.354252208001136000e-21
1.224323120374356949e+04 2.976179817548315495e-20 9.443437835734572945e-21
1.224956305815426458e+04 2.440234261954975598e-20 9.797124969187779635e-21
1.225589487706361797e+04 2.431341294226237558e-20 9.436522576412665492e-21
1.226222666044992002e+04 2.021336829185111045e-20 9.741230488776534960e-21
1.226855840829410590e+04 2.208664785008876639e-20 9.553656594796346653e-21
1.227489012057147920e+04 6.319378403437007046e-20 9.467047100863224342e-21
1.228122179727142611e+04 4.138854482290824924e-20 9.654941281726128057e-21
1.228755343837502551e+04 4.014625834859969270e-20 1.013686337006309669e-20
1.229388504385757369e+04 1.730098036967048824e-20 9.219570856982453558e-21
1.230021661370283255e+04 2.466636380706468909e-20 9.183888683612818429e-21
1.230654814789164993e+04 3.139557977877080079e-20 9.066259626936514312e-21
1.231287964640495557e+04 2.194251620362149440e-20 8.819396361898889894e-21
1.231921110922379921e+04 3.479671147525315011e-20 9.032516799509688473e-21
1.232554253632907967e+04 4.095332044383629818e-20 1.033503544653739303e-20
1.233187392770161932e+04 1.896107485697079934e-20 9.517887490491138078e-21
1.233820528332225149e+04 1.585350028186450887e-20 9.055785026113039841e-21
1.234453660317202048e+04 2.709900047473924621e-20 9.110347241564801562e-21
1.235086788723182690e+04 1.859569096191097826e-20 9.195282913423094497e-21
1.235719913548529803e+04 3.859943605285251305e-21 9.322104456856435861e-21
1.236353034790460697e+04 1.707920714608984685e-20 1.030877162081911578e-20
1.236986152447935456e+04 2.988137288106062506e-20 1.015219951147700998e-20
1.237619266518756012e+04 4.588703792744287452e-20 9.880799138708219818e-21
1.238252377000716479e+04 2.434485498163736530e-20 8.985375666640445694e-21
1.238885483892746743e+04 2.439283468866638403e-21 8.756445030965620992e-21
1.239518587192082850e+04 2.389705053007774014e-20 9.020674819928031345e-21
1.240151686896804495e+04 4.820047141756638439e-20 9.676852598776360255e-21
1.240784783005564532e+04 4.170347234675272288e-20 9.557075767457881093e-21
1.241417875515857850e+04 2.422806291623291371e-20 8.698993571305369526e-21
1.242050964426350583e+04 9.515789498656223968e-21 9.194914370562515696e-21
1.242684049729156868e+04 1.026856114992499640e-20 9.318411363934944065e-21
1.243317130905971317e+04 1.319369812247755655e-20 9.384162083543582173e-21
1.243937620034352221e+04 4.870715282992580563e-20 9.254494255778942245e-21
1.244570693355164804e+04 1.382288548828480683e-20 9.112175400292249255e-21
1.245203763066827742e+04 -2.153178781628766626e-21 9.098164130876739892e-21
1.245836829166214375e+04 1.539097702189226148e-20 9.723198006094100922e-21
1.246469891651983016e+04 2.856082135528390370e-20 8.928780548099779092e-21
1.247102950522223546e+04 9.418747793552320837e-21 8.943153905473137846e-21
1.247736005775008562e+04 1.482461011668676765e-20 9.458737205588199359e-21
1.248369057408400477e+04 1.015523182222222558e-20 8.823115585224944445e-21
1.249002105420459338e+04 2.697525737509970538e-20 8.788870056456230737e-21
1.249635149809271206e+04 1.641667021962129451e-20 9.234146390554338216e-21
1.250268190572904132e+04 1.927706509994383441e-20 9.006325245266791389e-21
1.250901227709416889e+04 3.376597748716871729e-20 9.678210688560840015e-21
1.251534261216867526e+04 2.126757822883879922e-20 9.027927444913132791e-21
1.252167291093339190e+04 2.896861740159323712e-20 9.402096806226351694e-21
1.252800317337195338e+04 8.936802713577442895e-21 9.374575946527045977e-21
1.253433339945889747e+04 1.269252937316855580e-20 8.564532323781348462e-21
1.254066358917780599e+04 2.044823443278992045e-20 9.307281055635245905e-21
1.254699374250944857e+04 6.651987900085890917e-21 9.428388825788575085e-21
1.255332385943444024e+04 2.596450586049781416e-20 9.032370799655302768e-21
1.255965393993023099e+04 2.815284075385966606e-20 9.777858449714408625e-21
1.256598398398347308e+04 3.444236509854158536e-20 9.164484396610302155e-21
1.257231399157183478e+04 1.745903885942047382e-21 9.043245232612014972e-21
1.257864396267591655e+04 2.221919634339211770e-20 8.580652689362669874e-21
1.258497389727609880e+04 2.562542674062324410e-20 8.700182421568574261e-21
1.259130379535001521e+04 1.525332233696509016e-20 8.858898261885041127e-21
1.259763365688433987e+04 2.330296719670950292e-20 8.615728165513625227e-21
1.260396348185659008e+04 2.097628667610437112e-20 9.272698308824953625e-21
1.261029327024407939e+04 2.839868003217406302e-20 8.683067970937720225e-21
1.261662302203353283e+04 2.579184748953534756e-20 9.058924466174960749e-21
1.262295273719946817e+04 1.874851682193898388e-20 8.781704507726141248e-21
1.262928241572844308e+04 2.958992658018281728e-20 8.744675671968635645e-21
1.263561205759160111e+04 2.449116221941624245e-20 8.478417647761494379e-21
1.264194166278183548e+04 1.194216898754644571e-20 8.814291311270646870e-21
1.264827123127051163e+04 1.728955634200018545e-20 8.608230409590945543e-21
1.265460076304412360e+04 4.122654273788885121e-20 9.356984046281731148e-21
1.266093025807691265e+04 3.543005085747033089e-20 8.288354636953327849e-21
1.266725971635561655e+04 3.002821408830186587e-20 8.480920904899085100e-21
1.267358913785763434e+04 3.362435581679209924e-20 9.132821518583951751e-21
1.267991852256024322e+04 6.297924504003623615e-21 8.680279505547280348e-21
1.268624787044993536e+04 2.146199005206118258e-20 9.286761592437560283e-21
1.269257718150118126e+04 9.091689176198527818e-21 8.868094442051607490e-21
1.269890645570048946e+04 3.640069570111373720e-20 9.332759698924334478e-21
1.270523569302195756e+04 2.589640482400242616e-20 8.674867353329863414e-21
1.271156489345221780e+04 2.150092620607888396e-21 8.936215180860998087e-21
1.271789405696253925e+04 8.681929265978997013e-21 8.827425590294554048e-21
1.272422318353940318e+04 2.954480886905208655e-20 8.454042491724103251e-21
1.273055227316598939e+04 2.011545319287931601e-20 9.198786669373144170e-21
1.273688132581985701e+04 -3.670420962882435813e-22 8.487555982925794899e-21
1.274321034147826686e+04 1.545070060673257363e-21 8.833549613360080258e-21
1.274953932012454607e+04 2.985252062109885574e-20 9.192998796007647526e-21
1.275586826174507405e+04 1.400730508224697442e-20 8.546300981966336561e-21
1.276219716631113624e+04 1.973878910195491867e-20 8.883450253701080746e-21
1.276852603380918663e+04 3.814354702767822798e-20 9.101020054448846377e-21
1.277485486421320093e+04 2.523991480449927045e-20 9.042179124044517344e-21
1.278118365750662451e+04 2.342408081739825165e-20 9.005836124679178365e-21
1.278751241366984141e+04 7.671851221172733578e-21 9.156515446694333041e-21
1.279384113267694374e+04 4.446038722460713773e-20 8.861680777423230615e-21
1.280016981452335676e+04 1.193956981092739334e-20 8.302460602323253724e-21
1.280649845916800768e+04 2.262223975136623039e-20 8.273899215548961693e-21
1.281282706661272459e+04 3.136289132761142664e-20 8.354362151429954302e-21
1.281915563682530046e+04 1.260373817174659329e-20 8.718269824868704808e-21
1.282548416979209105e+04 4.629126775959133870e-20 8.538119622800343129e-21
1.283181266549038264e+04 3.654321424584300234e-20 9.122646048990787554e-21
1.283814112390038463e+04 2.659521001557759511e-20 8.456079068336892285e-21
1.284446954500516767e+04 3.686436171693383673e-20 9.345357352326139261e-21
1.285079792877580621e+04 2.181154626007633787e-20 8.683816037619820785e-21
1.285712627519871057e+04 2.284908120603217169e-20 9.111299845190678615e-21
1.286345458425709876e+04 1.961618709765850168e-20 8.893409477587067926e-21
1.286978285591235908e+04 1.924147319364622491e-20 8.697382681388372565e-21
1.287611109017898707e+04 1.700781485412642107e-20 8.932542403022459426e-21
1.288243928701540972e+04 3.863603171849627305e-21 8.398079068625877412e-21
1.288876744640158540e+04 1.885073956873947069e-20 9.210323325768305856e-21
1.289509556832391900e+04 2.434389957945858552e-20 8.759908357266597357e-21
1.290142365275951670e+04 2.175021612699639998e-20 8.933831854321701652e-21
1.290775169968846058e+04 1.965362761219913046e-20 9.072933901777613529e-21
1.291407970908126845e+04 3.278845330007018890e-20 9.212115607624612388e-21
1.292040768092448889e+04 1.251288373839350934e-20 8.749170417155602613e-21
1.292673561521380907e+04 2.432741159131133143e-20 8.622802372645316990e-21
1.293306351191664908e+04 2.263448047214876256e-20 8.763906694050955891e-21
1.293939137101312554e+04 3.098136671177800879e-20 8.784396124560786164e-21
1.294571919248026643e+04 1.829336809726326898e-21 8.649083358525265777e-21
1.295204697630433657e+04 3.755547076726282979e-20 8.647804289562848958e-21
1.295837472245886602e+04 3.061539201482973645e-20 8.611383040270140236e-21
1.296470243091787779e+04 2.134420972829866632e-20 8.253717538998570440e-21
1.297103010167701723e+04 2.179727133537490966e-20 9.124444441563947595e-21
1.297735773471612265e+04 1.602283289241633835e-20 8.998038699540241477e-21
1.298368533000585376e+04 -2.319094768329203528e-21 8.210644562154456246e-21
1.299001288753255903e+04 7.524752802822110352e-21 9.025576573989803521e-21
1.299634040727303181e+04 -4.072112019960339189e-21 8.979963573254833572e-21
1.300266788919131977e+04 4.105501799256559798e-21 8.771424072730476924e-21
1.300899533328960206e+04 2.077030191054865674e-20 8.747487636814834092e-21
1.301532273955096753e+04 4.570303755106899655e-20 8.805848504516715159e-21
1.302165010794572663e+04 1.344993265934285891e-20 8.420172105223373107e-21
1.302797743845075820e+04 6.698291102167812823e-21 9.129124353778344391e-21
1.303430473105234705e+04 1.809925723376712790e-20 7.956764541130671277e-21
1.304063198571771682e+04 1.921736522758022185e-20 9.092469291660230591e-21
1.304695920242824468e+04 2.976993071410241314e-20 9.166125528533124658e-21
1.305328637830954722e+04 2.042737620824794634e-20 8.785068418714145690e-21
1.305961346815741672e+04 2.984542936114006293e-20 8.539646082393638001e-21
1.306594051999875774e+04 1.373145344235914339e-20 8.710948442724864743e-21
1.307226753381681738e+04 -4.163746484841589041e-21 9.256237041824064669e-21
1.307859450956930596e+04 2.868015961340295988e-20 9.015636105711603009e-21
1.308492144726756123e+04 2.450843612044645469e-20 9.060936036636527115e-21
1.309124834688190276e+04 2.099331992517214021e-20 8.895519029421844156e-21
1.309757520839230710e+04 4.368949111729884604e-21 9.364430386714686933e-21
1.310390203177218973e+04 1.765255399003796800e-20 8.848902959645237993e-21
1.311022881699794016e+04 1.208903091307208870e-20 1.004850028759227165e-20
1.311655556404642084e+04 6.804582419411287866e-21 9.255770963019275301e-21
1.312288227292914780e+04 2.413987296801302363e-20 8.866991372677446300e-21
1.312920894359709200e+04 1.002786827311355192e-20 8.791961532888915599e-21
1.313553557603332774e+04 -1.979881627753124462e-21 8.290732929168659381e-21
1.314186217021128505e+04 2.138595561770613173e-20 9.150607501261741727e-21
1.314818872612330233e+04 1.197798222286115606e-20 8.552637584908601782e-21
1.315451524376179441e+04 9.355339929563911414e-21 8.350997166016326469e-21
1.316084172308436973e+04 5.147200973037761859e-21 9.735879782041929851e-21
1.316716816407384613e+04 1.383622628072436164e-20 9.293340283334885449e-21
1.317349456670011750e+04 1.388827793441564869e-20 8.863638614926616377e-21
1.317982093096866447e+04 1.372673554734602726e-20 8.925167423827836564e-21
1.318614725685276790e+04 1.443834868421139967e-20 9.039697890833899898e-21
1.319247354432226530e+04 3.139938078418500328e-20 9.366111811433610508e-21
1.319879979334739983e+04 1.524216897123804230e-20 8.428299722398106554e-21
1.320512600392704553e+04 -2.119667038560003166e-21 9.102055167110101697e-21
1.321145217603747005e+04 9.466724244454053856e-21 8.834965297645096243e-21
1.321777830965833164e+04 2.649901204798350401e-20 8.992027937135740617e-21
1.322410440476616350e+04 2.775579087563885921e-20 9.673928387897850477e-21
1.323043046131802294e+04 2.973537827714575452e-20 8.537319795755201635e-21
1.323675647933826076e+04 2.144626861880619009e-20 9.062735020755515633e-21
1.324308245878424714e+04 2.500704333654049376e-20 9.344892890774572679e-21
1.324940839963550934e+04 2.492382028683102920e-20 9.151662951504268074e-21
1.325573430184882272e+04 2.504453599475597726e-20 8.804962637910280445e-21
1.326206016545225430e+04 1.931683863161055583e-20 9.570689787713861437e-21
1.326838599039317887e+04 3.392900829119897587e-20 1.016716141124269025e-20
1.327471177666053518e+04 1.878693702677281554e-20 9.148463697508326727e-21
1.328103752421468926e+04 2.014909566763749584e-20 9.170058557633879418e-21
1.328736323306096529e+04 2.540673435654754693e-20 9.214672209153677597e-21
1.329368890317225305e+04 2.193741417018251666e-20 9.072877906500950665e-21
1.330001453452807436e+04 1.891126943898207654e-20 9.350005222936828447e-21
1.330621260471302958e+04 1.738039604592590548e-20 8.855632874742611174e-21
1.331253814135392713e+04 1.395205201924364293e-20 8.515740046259540650e-21
1.331886364447482265e+04 1.939667306061468517e-20 8.379486421540539478e-21
1.332518910880859585e+04 3.790600358608477856e-20 8.879549212936371295e-21
1.333151453426464104e+04 2.902559279079127693e-20 9.181491088264145315e-21
1.333783992085681348e+04 2.221470632384767099e-20 8.657877993274979239e-21
1.334416526854285439e+04 2.351675499018267798e-20 8.207751006960149040e-21
1.335049057730176719e+04 -3.119672994157036354e-21 8.931372536414033267e-21
1.335681584710350398e+04 1.902813251967638912e-20 8.328410604396718503e-21
1.336314107795608288e+04 1.610976641903676474e-20 9.615621585599457668e-21
1.336946626982622911e+04 7.440109342783580240e-21 8.195406951473737956e-21
1.337579142267721545e+04 1.937459398980266410e-20 8.571188558837217426e-21
1.338211653650437984e+04 1.745887310069927724e-20 8.175129726569303045e-21
1.338844161129029999e+04 2.191870578224707938e-20 8.666235717822571158e-21
1.339476664700133006e+04 9.806364249874483756e-21 8.148801509813950578e-21
1.340109164361707735e+04 2.393215937923739579e-20 8.982622669629657391e-21
1.340741660113897524e+04 3.042796187228623766e-20 9.468264009075796880e-21
1.341374151952086140e+04 4.547079047145972787e-20 9.245214973865879208e-21
1.342006639875147994e+04 1.767374249733815378e-20 9.155371052528139041e-21
1.342639123881035266e+04 3.177280102427585732e-20 9.304454450293854978e-21
1.343271603968272757e+04 6.071607800145394668e-21 9.385625508589336896e-21
1.343904080132899617e+04 -5.965275659671163071e-21 8.146157427184987728e-21
1.344536552374752137e+04 3.109908625029797207e-20 9.292521885242231957e-21
1.345169020691742298e+04 1.755989906054004264e-20 9.100979253245934626e-21
1.345801485080508428e+04 3.768172599915964390e-21 8.415816399394964688e-21
1.346433945538683474e+04 1.847459394049639014e-20 8.028878170295435346e-21
1.347066402067335002e+04 2.593955697425444158e-20 8.608515626756483896e-21
1.347698854660266989e+04 2.532379276626325125e-20 9.333130602093164346e-21
1.348331303318253049e+04 2.479843512993780021e-20 8.925558219581235707e-21
1.348963748038251288e+04 3.649204971277728991e-20 9.803797267108743004e-21
1.349596188817209440e+04 1.323046670008717705e-20 9.484765715255996274e-21
1.350228625654656935e+04 2.328526060185048491e-20 8.954257766401464445e-21
1.350861058548181427e+04 1.876276871398613074e-20 9.244418987004760460e-21
1.351493487494718829e+04 2.334476778498338294e-20 8.619148363546419016e-21
1.352125912492841780e+04 3.485306291302230187e-20 8.366375888926459728e-21
1.352758333541090360e+04 2.848548976445779336e-20 8.866592019910676938e-21
1.353390750636082703e+04 2.761442050389526067e-20 8.509447906594942930e-21
1.354023163776701767e+04 2.725721521680248626e-20 8.595349583128573574e-21
1.354655572960528116e+04 2.669200398886789199e-20 9.449724973266056493e-21
1.355287978185126849e+04 2.334406716910219389e-20 9.017988436900736306e-21
1.355920379448752283e+04 2.164023328937322404e-20 8.530505783879120456e-21
1.356552776743886898e+04 2.897084123771293190e-20 8.902907824287224957e-21
1.357172367787175426e+04 2.545144579631271173e-20 9.372002448886304503e-21
1.357804755974415093e+04 4.034477296138586015e-20 1.003105782314148860e-20
1.358437140193856249e+04 5.784602662648395057e-21 9.046551022646064949e-21
1.359069520439745611e+04 5.128046066107657660e-21 9.115815531962598858e-21
1.359701896712650705e+04 2.947164545739002862e-20 8.736036324494806042e-21
1.360334269010453136e+04 2.443903818763655441e-20 9.302628673512630235e-21
1.360966637329382866e+04 1.117317333405403555e-20 8.952336019502692884e-21
1.361599001669011886e+04 6.605674181592687178e-21 8.659277590012224781e-21
1.362231362026555507e+04 -8.887656002823890066e-21 8.999369152499824010e-21
1.362863718399232675e+04 1.059915064268436388e-20 8.411951855319012798e-21
1.363496070786283053e+04 1.202467421046355885e-20 8.877726892130502598e-21
1.364128419184249287e+04 1.209747647031017030e-20 8.936164904913922102e-21
1.364760763592014700e+04 2.301588134562621622e-20 9.344488306992609499e-21
1.365393104007150760e+04 2.936025168470885871e-20 9.596326862328574959e-21
1.366025440427526519e+04 4.777833876103943592e-21 8.504749423883004497e-21
1.366657772851358641e+04 8.722314902745863462e-22 8.414644143709004750e-21
1.367290101275879351e+04 2.472815704238783282e-20 9.205000770829202093e-21
1.367922425699286759e+04 1.645406801388090298e-20 8.443566808040420777e-21
1.368554746119464289e+04 1.619101435295866142e-20 9.690967431082454624e-21
1.369187062534306278e+04 3.060587692304670833e-20 9.218083293296441673e-21
1.369819374941335445e+04 3.200089738574531579e-20 9.514043566143111656e-21
1.370451683338771363e+04 2.188291027050428951e-20 1.044303625175839385e-20
1.371083987724838153e+04 2.723029545918193881e-20 9.491406766252841502e-21
1.371716288097388497e+04 3.410501399205194529e-20 8.626163210826265793e-21
1.372348584453301919e+04 2.870360838912702720e-20 9.006299707792033377e-21
1.372980876791130868e+04 3.584690031100612123e-20 8.316623388864337222e-21
1.373613165109394868e+04 3.049584658605326316e-20 8.491870776027545099e-21
1.374245449404301871e+04 1.478951024766133567e-20 8.989951492594752623e-21
1.374877729675742921e+04 -1.997869386865441099e-21 8.478431204818972211e-21
1.375510005919878131e+04 3.812401491126378628e-21 9.261307949021790191e-21
1.376142278135270863e+04 6.266001029438230672e-21 9.149859405003706771e-21
1.376774546319789624e+04 2.493169525009665829e-20 8.980341053580071313e-21
1.377406810471604877e+04 3.734316949846445682e-20 9.076451184016592576e-21
1.378039070587937567e+04 2.936491947037365294e-20 9.177605517946738515e-21
1.378671326666983077e+04 3.074450047123682614e-20 8.882270585122341506e-21
1.379303578706911139e+04 1.542953137164600262e-20 8.336033897700624848e-21
1.379935826704940700e+04 3.364564351659838187e-20 8.875283996411473951e-21
1.380568070659257501e+04 1.652353528175847882e-20 8.907449562910138265e-21
1.381200310567699307e+04 -5.377902237177116610e-21 9.080419482147986671e-21
1.381832546428151181e+04 1.115734737753345990e-20 8.651236302187592209e-21
1.382464778238792132e+04 2.581080411498814254e-20 9.392125020711228694e-21
1.383097005997128872e+04 2.184542465772633342e-20 9.357289937675228244e-21
1.383729229700018550e+04 1.295563410557231692e-20 8.826686125207547976e-21
1.384361449347329290e+04 1.450162700321747796e-20 9.389709359800526983e-21
1.384993664934875778e+04 2.795334914229368496e-20 8.765612899971956503e-21
1.385625876462560154e+04 3.274619203012729362e-20 8.332613140045081343e-21
1.386258083926850304e+04 2.907277804791923529e-20 9.140829370948405232e-21
1.386890287326283760e+04 -1.668724431783186925e-22 8.579790585606626637e-21
1.387522486658035814e+04 1.063568580990789724e-20 8.181082507186856595e-21
1.388154681919923132e+04 1.343570105376271245e-21 8.954607936526174424e-21
1.388786873110491979e+04 1.630563515697533601e-20 8.710008207095943917e-21
1.389419060226906731e+04 1.804781462827658834e-20 9.217431703238342906e-21
1.390051243267657082e+04 1.472230022370318259e-20 8.591070864503615960e-21
1.390683422229595089e+04 3.145445319554364969e-20 8.722750077451359282e-21
1.391315597112593969e+04 2.688255026098227460e-20 8.970181862237263423e-21
1.391947767911744450e+04 7.444121125540964226e-21 8.953172504449379121e-21
1.392579934626957220e+04 7.931169498939508244e-21 9.145209236505782523e-21
1.393212097255367007e+04 1.735270579719547795e-20 8.827246023563566672e-21
1.393844255794804667e+04 3.572441401597014242e-21 8.422720950363884439e-21
1.394476410242777820e+04 2.693931049348665169e-21 8.877868490539429321e-21
1.395108560597094583e+04 1.612272431652640732e-20 8.722534329953518886e-21
1.395740706856623910e+04 1.854124691195776763e-20 9.522839109905885203e-21
1.396372849018518900e+04 9.073365146217811698e-21 8.209174013757395332e-21
1.397004987080235514e+04 2.452822537590393631e-20 9.498313277872358641e-21
1.397637121039968224e+04 2.259432166542429637e-20 8.679971555401248188e-21
1.398269250895885125e+04 2.399705205283704918e-20 9.300903252560461913e-21
1.398901376645094206e+04 1.700842921694796981e-20 8.752760451861436600e-21
1.399533498285794849e+04 8.556997025299923216e-21 8.281314687010660390e-21
1.400165615815793535e+04 8.333222101261321765e-21 8.230017016301862503e-21
1.400797729233245263e+04 4.781715697683517002e-21 7.846259057628752938e-21
1.401429838534958435e+04 2.047510934737198465e-20 8.911498490222507978e-21
1.402061943719416013e+04 2.174413313550607604e-20 9.158389116214412120e-21
1.402694044785132974e+04 9.106850256217095910e-21 9.221651869880794282e-21
1.403326141728557195e+04 2.479086945812426788e-20 9.139574942018962335e-21
1.403958234548852670e+04 2.192538505890572764e-20 8.119168306426188324e-21
1.404590323242477098e+04 8.672159653724353161e-21 8.411719632174412443e-21
1.405222407808621756e+04 2.511054622547770346e-20 8.661619994768469333e-21
1.405854488243688684e+04 7.298638415922576816e-21 8.783837715411352250e-21
1.406486564546902446e+04 1.003429335255069156e-20 8.875591712096532532e-21
1.407118636714321656e+04 7.013140352280692688e-21 1.005584633072161605e-20
1.407750704745826442e+04 1.173683798626301244e-20 9.524554610561959992e-21
1.408382768637163281e+04 3.460516246663555615e-20 9.283018638794813618e-21
1.409014828387842499e+04 3.360958849126222079e-22 9.233183539722668632e-21
1.409646883994990276e+04 -5.984366421140946408e-22 9.358470110550180117e-21
1.410278935456067666e+04 5.169921856511549979e-21 9.553863858807592004e-21
1.410910982769535258e+04 1.801072247929672745e-20 1.064173823965847690e-20
1.411543025932881574e+04 -6.291414723171168781e-21 9.136709471219803575e-21
1.412175064942844983e+04 4.076141447163614605e-21 9.151984285991939453e-21
1.412807099799995012e+04 1.396632560111253250e-20 8.681804117977721454e-21
1.413439130499017847e+04 2.188367443293479880e-20 7.948408511017490265e-21
1.414071157039423633e+04 2.996355565521775033e-20 9.143145084481474749e-21
1.414703179419016851e+04 -3.084015122552517093e-21 8.669734513804742554e-21
1.415335197634553333e+04 -8.245543048754228488e-21 9.263796506073240715e-21
1.415967211685183065e+04 1.084937326405889812e-20 8.631952634279522049e-21
1.416599221568034227e+04 1.600081398085654006e-20 8.708787155418378566e-21
1.417231227280530766e+04 2.170385231708738862e-20 8.676475133983100429e-21
1.417863228820445329e+04 8.259141809936507165e-21 9.006260606808692059e-21
1.418495226186637774e+04 2.373247345545845871e-20 9.852208651093519172e-21
1.419127219375815730e+04 1.321051632260382543e-20 9.385405046300748884e-21
1.419759208385775310e+04 4.131515823151244156e-20 1.002178864574995429e-20
1.420391193215007297e+04 1.486474253472383091e-20 9.172206928319767439e-21
1.421023173860906718e+04 3.203575388420362624e-21 9.074120964976340588e-21
1.421655150321288602e+04 1.512404144166051800e-20 8.891764360287755612e-21
1.422287122594263747e+04 3.376547340477591428e-20 9.576637962342092302e-21
1.422919090676550150e+04 1.206788606697156621e-20 8.694186089024099539e-21
1.423551054566643870e+04 2.706269612945577500e-20 9.145588845395992542e-21
1.424183014262635879e+04 -4.227083481021378093e-22 9.210547762486716858e-21
1.424802038577880558e+04 2.170837420536634764e-20 8.986753212015158286e-21
1.425433988145149669e+04 8.317621133686931674e-21 8.915760751429564848e-21
1.426065934050148644e+04 2.205435977605165241e-20 8.868358084530358521e-21
1.426697875755980749e+04 1.965089916423465135e-20 9.057842212759772542e-21
1.427329813257496244e+04 2.265891017846200398e-20 8.584102369491578302e-21
1.427961746550775206e+04 2.891899113230574100e-21 8.577395845028608394e-21
1.428593675633239400e+04 2.879932546952005499e-20 9.123344427864759307e-21
1.429225600504338036e+04 1.950872615387260722e-20 9.389846683038622200e-21
1.429857521160493161e+04 2.289736766418574616e-20 8.639359319278586018e-21
1.430489437599090706e+04 1.494167788995004116e-20 8.542772902094903554e-21
1.431121349818588351e+04 2.313486726726872124e-20 9.626240340957864915e-21
1.431753257817452322e+04 2.289014490871805474e-20 9.458592739008824761e-21
1.432385161592716759e+04 6.037929773588588977e-21 9.796065842414482422e-21
1.433017061141475824e+04 1.339396196043365507e-20 9.531794793398523757e-21
1.433648956462844217e+04 2.143647944864229783e-20 9.186414578495185382e-21
1.434280847553543390e+04 7.153431864579770443e-21 9.293633469685350385e-21
1.434912734412021200e+04 1.314192265848113311e-21 9.182012800123211675e-21
1.435544617034972543e+04 7.312397462947353258e-21 9.422826249570514131e-21
1.436176495421196705e+04 1.964445507320619394e-20 1.053593723631997807e-20
1.436808369568105627e+04 2.648799350654122919e-20 9.892536350613415417e-21
1.437440239473758265e+04 1.652454379184596340e-20 8.765970237571811613e-21
1.438072105134893718e+04 3.088640074725902970e-20 9.878651467815398862e-21
1.438703966549921643e+04 3.283106022050832574e-20 9.729347533036773491e-21
1.439335823717289350e+04 4.966766106787873999e-20 1.060278875645459514e-20
1.439967676633366500e+04 2.517992346787671019e-20 9.399331483601667240e-21
1.440599525297237415e+04 3.185770666717553475e-20 9.559489016251588453e-21
1.441231369705295583e+04 2.117355565141126905e-20 9.664938517354564404e-21
1.441863209856282629e+04 1.146299451616710920e-20 9.840321400451632482e-21
1.442495045747259792e+04 2.057226284035515544e-20 9.566187717212958201e-21
1.443126877376655648e+04 2.478318697416474076e-20 8.283367692039118705e-21
1.443758704741487236e+04 4.725652005440933804e-20 9.799175942315021180e-21
1.444390527839864626e+04 7.589380632630905939e-21 8.763632502911490172e-21
1.445022346670188381e+04 1.723955581148189630e-20 1.039075159137898999e-20
1.445654161228803059e+04 1.456178502810616120e-21 9.305909024802405170e-21
1.446285971507844442e+04 2.318099989425765986e-20 9.438287877382362859e-21
1.446904804129449440e+04 1.881300448745146250e-20 9.509756556987419702e-21
1.447536604669895132e+04 6.210331368484177414e-21 1.007840470469427645e-20
1.448168400929410200e+04 5.703106670351938796e-22 9.755316985602594725e-21
1.448800192907171731e+04 9.880465653639119809e-21 9.722136469687819633e-21
1.449431980599822418e+04 3.600818110086057817e-20 1.064548097746776316e-20
1.450063764005418307e+04 1.504881341241558750e-20 9.667399878022190156e-21
1.450695543122069103e+04 2.169881934433046625e-20 1.009278978039385568e-20
1.451327317946740368e+04 3.997096890888906688e-20 1.003716324756536537e-20
1.451959088477525256e+04 7.111821244078646282e-21 9.710061886369438298e-21
1.452590854712136934e+04 2.626423792054912503e-20 9.885019253022047195e-21
1.453222616648268013e+04 3.266365977010699882e-20 9.433512128324657045e-21
1.453854374283295874e+04 3.680484178096283286e-20 9.323395355550067990e-21
1.454486127615624537e+04 2.508798678634752118e-20 9.666839200701023808e-21
1.455117876642619558e+04 3.300729921929409779e-20 8.801199439062684547e-21
1.455749621361985191e+04 -2.949217469914272604e-21 9.830513873508145322e-21
1.456381361771409865e+04 2.133175324317395548e-20 9.310175039327026687e-21
1.457013097868262230e+04 2.418052262361566947e-20 1.020108307614950283e-20
1.457644829650938300e+04 2.100183312842630870e-20 9.463363118443028336e-21
1.458276557116801632e+04 2.570207179058582789e-20 9.847487847762573252e-21
1.458908280263542110e+04 2.894043834261375045e-20 1.005054780647098807e-20
1.459539999088849981e+04 4.720828085710820063e-20 9.670511157792460046e-21
1.460171713590081345e+04 2.264633825948295472e-20 9.448504400203618132e-21
1.460803423765260595e+04 4.039229771729657588e-20 1.104412871678885161e-20
1.461435129612112723e+04 2.080157697729349437e-20 9.797873935719872667e-21
1.462066831128678496e+04 2.056668604452849014e-20 9.101002036688171800e-21
1.462698528312285453e+04 3.572603245174418859e-20 1.127973954110708855e-20
1.463330221159911889e+04 3.956709900413053364e-21 1.007294606327799675e-20
1.463961909670668138e+04 3.082206367113519678e-20 9.922501054998578647e-21
1.464593593841185611e+04 3.689129220051722969e-20 9.692742783866417391e-21
1.465225273669489252e+04 7.933885465667897977e-21 1.022057258439194726e-20
1.465856949153639471e+04 2.270306940408428312e-20 1.019061925927353433e-20
1.466488620290959989e+04 5.684790340448484030e-21 1.017760846359801771e-20
1.467120287078009642e+04 1.659457185037900526e-20 9.752676423855813744e-21
1.467751949514331864e+04 1.899589980706445227e-20 9.473478456300141638e-21
1.468383607597206719e+04 3.946179119818982876e-21 9.707108554663593596e-21
1.469015261324335188e+04 6.799318122888536726e-21 1.108513970306555866e-20
1.469646910691555240e+04 1.491358359695265033e-20 9.896383661808244852e-21
1.470278555698727723e+04 2.245727068443695829e-20 9.331319384746555311e-21
1.470910196342818199e+04 1.010861674615168955e-20 9.886789682190355799e-21
1.471541832621461072e+04 1.125047811600769750e-20 9.682168939687518329e-21
1.472173464532362959e+04 1.061927417422530522e-20 9.705807633314442440e-21
1.472805092073170817e+04 2.791612375381405908e-20 9.817666594262023240e-21
1.473436715240822923e+04 1.959271778968800688e-22 1.046071767151665404e-20
1.474068334034833970e+04 8.596896481353430639e-21 9.536125628372963683e-21
1.474699948451370801e+04 1.607547573371761248e-20 9.651984801233312818e-21
1.475331558488496921e+04 1.206376598842690684e-20 9.459448316865892421e-21
1.475963164143106405e+04 2.193642465567918775e-20 9.480393765399535128e-21
1.476594765414725953e+04 1.717749610824789065e-20 9.880627696781218098e-21
1.477226362298792446e+04 2.255377654590687642e-21 9.752817770008100474e-21
1.477857954794801663e+04 1.151122262276211287e-20 9.897173343994583522e-21
1.478489542899694061e+04 9.090155546693280880e-21 8.919647840020663144e-21
1.479121126610346801e+04 1.922149962740330927e-20 9.671929893678464622e-21
1.479752705926301132e+04 5.824961442039850586e-21 1.015452299141887673e-20
1.480384280842961198e+04 1.846662338207709069e-20 9.973957633571941387e-21
1.481015851359843327e+04 2.380636670440387836e-20 9.372416692546994822e-21
1.481647417473484893e+04 1.434109770128334739e-20 1.012734134416327353e-20
1.482278979181518298e+04 1.448242078060433120e-20 9.729760795023990081e-21
1.482910536482728821e+04 8.990225708248191944e-21 9.820524792030174034e-21
1.483542089373610361e+04 2.984237470674412512e-20 1.015328249442765416e-20
1.484173637852215870e+04 2.894273124969914498e-20 1.039436803382742442e-20
1.484805181916159381e+04 3.100023823992605342e-20 1.056847313537171904e-20
1.485436721563094943e+04 2.355445301441584215e-20 9.582791224082402103e-21
1.486068256790662963e+04 2.832416118084925777e-22 1.011509720121403676e-20
1.486699787596856913e+04 2.271721471124098736e-20 9.825928538978809819e-21
1.487331313978223079e+04 7.956090934195056537e-21 9.179281167056909985e-21
1.487962835933848328e+04 3.014576075842240885e-20 9.582851699692534382e-21
1.488594353459912236e+04 5.732391414865997453e-21 9.948970915462079784e-21
1.489225866555138782e+04 2.004417892988190472e-20 1.019466790426562701e-20
1.489857375216798755e+04 3.157234260814788748e-20 1.000472826966634116e-20
1.490488879442521284e+04 7.150421243099971626e-21 9.441120342376950002e-21
1.491120379229170248e+04 2.839478488697007215e-20 1.014430628707211886e-20
1.491751874575895999e+04 2.022307156987661107e-20 9.993357584275175463e-21
1.492383365479533677e+04 9.353794087585107285e-21 9.922469525886166858e-21
1.493014851937747517e+04 3.045067926065105370e-20 9.824787686472074489e-21
1.493646333948129904e+04 2.414792798490734468e-20 9.513916306790252396e-21
1.494277811507942897e+04 1.687021379033088557e-20 9.330339637458376220e-21
1.494909284615549404e+04 2.072499122870263458e-20 9.919031254360610216e-21
1.495540753267432592e+04 1.690653473726982746e-20 9.410394902477635276e-21
1.496172217462355729e+04 1.974005721331906778e-20 8.907004857575143463e-21
1.496803677198273726e+04 1.082530317678200850e-20 9.408974989779691017e-21
1.497435132471335055e+04 4.785380557329301391e-21 7.853737581534366277e-21
1.498066583279869883e+04 2.005305044482738750e-20 8.021051292259628886e-21
1.498698029621511159e+04 1.586475666176092588e-20 9.010878084331898805e-21
1.499329471493854544e+04 -1.382040307424293020e-20 8.685641885415806201e-21
1.499960908894508248e+04 1.173574896027917646e-20 9.139978317766513743e-21
1.500592341821086848e+04 7.590444357746125969e-21 8.554264509956882156e-21
1.501223770270795285e+04 1.083794403842171237e-20 8.707988707468207847e-21
1.501855194242399921e+04 -2.429510131649984873e-21 8.728112953934080814e-21
1.502486613732329170e+04 1.426802395722702298e-20 8.704089244160683054e-21
1.503118028738976864e+04 1.992405296257373708e-20 9.227394697431016292e-21
1.503749439259156316e+04 1.605981521974591885e-20 9.172544971407808678e-21
1.504367760307447497e+04 1.825604460086964149e-20 1.615576058840052874e-20
1.504999160641384333e+04 1.333934881012983434e-20 9.162784638793141651e-21
1.505630556487953800e+04 2.687946999253304347e-21 7.852562176944798175e-21
1.506261947839098139e+04 4.211148382480100068e-22 8.534555046612523592e-21
1.506893334692025383e+04 1.340877760532390805e-20 9.308869494621953531e-21
1.507524717043976671e+04 5.611565220510207797e-21 8.747683408131799422e-21
1.508156094892880355e+04 2.348165201460257133e-20 8.460917821270303070e-21
1.508787468236726818e+04 2.746678585619533525e-20 9.324049266432664722e-21
1.509418837072696624e+04 3.850221340708619785e-20 9.258985394238082833e-21
1.510050201398030731e+04 1.840616785360350366e-20 9.333709538238706167e-21
1.510681561211022927e+04 2.255146901365930230e-20 1.013569281423478884e-20
1.511312916508164744e+04 1.425100245809040605e-20 9.393665807238821060e-21
1.511944267288509764e+04 -5.768108896881591612e-21 9.823272766525793253e-21
1.512575613548886577e+04 3.643667737278640868e-20 9.265759938017536224e-21
1.513206955286520679e+04 1.501319146037018256e-20 9.300529734773817027e-21
1.513838292499686577e+04 3.278564432646341560e-20 9.429128775778776128e-21
1.514469625184887082e+04 2.415500639491031790e-20 9.508739611865325893e-21
1.515100953340766500e+04 5.505641912643757004e-21 1.031002596257668420e-20
1.515732276964561788e+04 2.380716949425571704e-20 9.826548489507111317e-21
1.516363596053813126e+04 1.369204413854088984e-20 8.260922937034291444e-21
1.516994910606105623e+04 -5.667663325518269041e-21 8.888979638706121885e-21
1.517626220619365813e+04 8.926715941812068865e-21 8.706048257714324270e-21
1.518257526090411011e+04 1.372611871504773833e-21 9.524544146901192912e-21
1.518888827017181939e+04 7.584926076635148756e-21 9.132885259346804078e-21
1.519520123397217139e+04 2.194299659772117700e-20 9.247581848852975912e-21
1.520151415227731559e+04 2.339264668908330380e-20 9.455245158396649623e-21
1.520782702506630267e+04 8.236390040664380321e-21 9.322317606746801130e-21
1.521413985232238338e+04 3.709814015355775059e-20 1.090130924934582899e-20
1.522045263400230397e+04 2.285761761115934751e-20 9.678225247039360905e-21
1.522676537004920283e+04 1.243599239482791827e-20 9.585755612759406460e-21
1.523307805500944414e+04 1.814287419849371895e-20 1.012302580049893726e-20
1.523925948295911621e+04 1.567874773065322480e-20 1.003204398692371013e-20
1.524557207010737875e+04 1.566573203604268225e-20 9.111975860837355832e-21
1.525188461156338417e+04 1.878941963665700126e-20 9.579460747582940582e-21
1.525819710731025225e+04 9.506275912304863203e-21 9.396795700764899930e-21
1.526450955731951944e+04 3.442871723676125506e-21 9.487217767907219095e-21
1.527082196156284954e+04 1.823353617052611959e-20 9.277400545076009367e-21
1.527713432001931506e+04 2.579422986111926536e-21 9.473816950935229662e-21
1.528344663266069801e+04 1.854188842138666622e-20 9.808925392939984508e-21
1.528975889947362703e+04 1.320552465387703641e-20 9.277259557384696608e-21
1.529607112042612061e+04 5.486029310488437700e-23 8.846116557448304947e-21
1.530238329548535512e+04 1.478299047071523056e-20 8.972337317956369119e-21
1.530869542463864673e+04 3.079669558235560996e-21 8.947567140402644414e-21
1.531500750785713171e+04 3.241499767744017895e-20 9.610628282537679559e-21
1.532131954512021912e+04 9.157074405211373050e-21 1.000963605270168251e-20
1.532763153639136908e+04 1.959839399829059233e-20 9.980031991563017357e-21
1.533394348166146665e+04 -2.493122721669012397e-21 9.349336422044356236e-21
1.534025538089019756e+04 3.912221471262031363e-20 9.566454856521213831e-21
1.534656723406829406e+04 1.799020546594667093e-20 1.015976859553728882e-20
1.535287904115552192e+04 -4.576772531060492443e-21 1.056369514059301167e-20
1.535919080213467896e+04 3.714573326614555267e-21 8.494297984804348544e-21
1.536550251698510328e+04 9.917913264444107990e-21 9.062858733976553304e-21
1.537181418567773471e+04 2.858517760791592143e-20 9.490410445395326030e-21
1.537812580818421156e+04 2.764740136340008685e-20 9.313832221428143523e-21
1.538443738448703516e+04 2.906366338152640946e-20 9.131402212662208835e-21
1.539074891455786565e+04 2.564531331227011850e-20 1.060703078396699369e-20
1.539706039836809941e+04 3.047628803411381490e-20 9.290391179906756702e-21
1.540337181965992932e+04 1.115421047852911279e-20 9.200945275806806948e-21
1.540968296137753714e+04 1.911957436744195761e-20 9.603347057723281296e-21
1.541599405676885362e+04 1.313341016479192488e-20 8.822686640550983290e-21
1.542230510580483860e+04 2.957251765507539848e-20 8.810049269246466997e-21
1.542861610846847179e+04 1.643711498445494563e-20 9.282508471123887035e-21
1.543492706472295686e+04 3.949293683970198281e-20 1.049303755484408848e-20
1.544123797455111344e+04 9.817334534270381730e-21 1.017902670082831078e-20
1.544754883793584304e+04 7.481913030617157369e-21 9.063912039439096804e-21
1.545385965484414737e+04 1.276669171283023649e-20 9.443147124622397027e-21
1.546017042524721910e+04 2.956804808213122966e-20 9.822683830361748849e-21
1.546648114912763776e+04 3.978517061094512840e-21 8.790050110132960407e-21
1.547279182645663968e+04 -2.141998581770186471e-20 9.322792077400941679e-21
1.547910245720096464e+04 2.735815978322321908e-20 9.926497754933640523e-21
1.548541304134371421e+04 7.065632492252700715e-22 9.529686474452390557e-21
1.549172357885935162e+04 1.176770738675053536e-20 9.704904188166335345e-21
1.549803406972711127e+04 -1.594803388446432590e-21 9.531152616128748495e-21
1.550434451391744551e+04 4.685100613112174306e-21 1.035731468767806331e-20
1.551065491140955601e+04 3.086602399942466441e-20 9.837089241855405333e-21
1.551696526216997336e+04 1.395200970593947664e-20 9.640219244032922205e-21
1.552327556617777009e+04 3.071014084917898452e-20 9.291583863006626144e-21
1.552958582339953136e+04 1.525407225990769819e-20 9.600186632678412050e-21
1.553589603382605856e+04 2.332653157737213254e-20 9.685418893920782171e-21
1.554220619742399140e+04 2.678390190576872575e-20 9.974999229889819445e-21
1.554851631417218232e+04 1.998564918431967777e-20 9.734930692092771021e-21
1.555482638403334386e+04 1.075526662561916288e-21 9.653417637728372752e-21
1.556113640698620839e+04 4.192351199264325003e-20 1.056093815990626650e-20
1.556744638301728264e+04 1.760505702652060552e-21 9.899671242445336028e-21
1.557375631209333187e+04 9.863151089032922567e-21 9.672020771931774859e-21
1.558006619418504488e+04 2.129143196262913880e-20 9.217907207118754912e-21
1.558637602927494481e+04 1.812661740829960648e-20 1.022375488506343753e-20
1.559268581732580788e+04 3.222578124523401780e-20 1.072370852431822801e-20
1.559899555832801343e+04 1.406158795121842240e-21 9.554895565073078984e-21
1.560530525224436315e+04 4.568608278780927455e-20 9.865527682320908933e-21
1.561161489905720919e+04 2.080591905356300586e-20 1.052323794555233657e-20
1.561792449872536599e+04 2.121492376237998327e-20 9.259741587315861376e-21
1.562423405124703640e+04 1.874350496252527200e-20 9.843356290960312948e-21
1.563054355658901659e+04 3.767682104593901618e-22 1.056552395452475746e-20
1.563685301470563172e+04 7.559656671850707963e-21 9.973740935145455184e-21
1.564316242559556304e+04 -1.017711393680212530e-20 1.112075691473824953e-20
1.564947178922896455e+04 5.969351600652839228e-21 9.726530441183086780e-21
1.565578110556866523e+04 1.655466581265112764e-20 1.037483232330056773e-20
1.566209037460071704e+04 3.438733106470561660e-20 1.110714497829636488e-20
1.566839959628794350e+04 2.152822488433722055e-20 1.003954285587153576e-20
1.567470877062828731e+04 6.191406374682044566e-21 1.015880824664373861e-20
1.568101789757262486e+04 4.738529385586277147e-21 9.592792868486928469e-21
1.568732697709884815e+04 3.701369183816625060e-20 1.084757740959730111e-20
1.569363600918977318e+04 4.262547077849925618e-20 1.102016381999765247e-20
1.569994499381127025e+04 3.102219068693667569e-20 1.012573459838638607e-20
1.570625393094612264e+04 3.120194969155948180e-20 1.063245980646518021e-20
1.571256282056018608e+04 6.382771870323212269e-20 1.078125376028252760e-20
1.571887166264020379e+04 4.233016499709616001e-20 1.144157193063826991e-20
1.572518045713594802e+04 3.276624093408417974e-20 1.134104273682745716e-20
1.573148920405007448e+04 4.202332279361385171e-20 1.081622262952759972e-20
1.573766570959599630e+04 9.286526458809984647e-21 1.055809327104474730e-20
1.574397434355876067e+04 -1.503648788839374842e-20 9.544999286777938011e-21
1.575028293535416014e+04 3.221401764233858633e-20 1.218499820453296389e-20
1.575659147951475461e+04 1.670827211865149440e-20 1.018855415803219682e-20
1.576289997593979933e+04 -2.100569570506641640e-20 9.254964792678581248e-21
1.576920842463096960e+04 -7.910008699078441105e-21 1.012388037449913293e-20
1.577551682554259423e+04 2.138104483712728495e-20 1.036246887402198424e-20
1.578182517864122019e+04 1.206257785963625914e-21 9.456428966292030889e-21
1.578813348392022635e+04 2.275993693805201510e-21 9.845776841206372182e-21
1.579444174135016874e+04 -2.361232771536515914e-20 9.828747026795834561e-21
1.580074995089307231e+04 2.084134794912475431e-20 1.073570889150423414e-20
1.580705811253877437e+04 8.967758556290128365e-21 1.097392619727311802e-20
1.581336622624160918e+04 1.437087014718459335e-20 1.040590602308139409e-20
1.581967429199544495e+04 3.762678776720645809e-21 1.005357408898921371e-20
1.582598230977009007e+04 2.479901678446971476e-20 1.112731240795101661e-20
1.583229027952802426e+04 7.958843465098450198e-21 1.097240198201646326e-20
1.583859820125071747e+04 9.207260294894731922e-21 1.089100967071108342e-20
1.584490607491646188e+04 4.344820900016950148e-21 9.874729234263756447e-21
1.585121390049495312e+04 1.754249144651425432e-20 1.085132629935578339e-20
1.585752167796039976e+04 1.672618582474368308e-20 1.088172969781253790e-20
1.586382940728632275e+04 1.279676627316887877e-20 9.798600427940190194e-21
1.587013708844301618e+04 9.174954761680384541e-21 1.034810939734611193e-20
1.587644472140794096e+04 1.677587684359395694e-20 9.972408348330743964e-21
1.588275230615533474e+04 3.361210717971077607e-20 1.019188793515134729e-20
1.588905984265878215e+04 -2.610205919244106759e-21 9.673178918217271165e-21
1.589536733090017879e+04 6.577553220220357361e-21 1.001672730301495474e-20
1.590167477083330959e+04 2.898686117986839463e-20 9.653077238901693801e-21
1.590798216238343230e+04 -1.019886963447283198e-21 9.795355585116171075e-21
1.591428950009809523e+04 1.847415814531605320e-20 9.570015543460521907e-21
1.592046424938061682e+04 1.999743035054560636e-20 1.038321369836260389e-20
1.592677148372110969e+04 5.908392587680263140e-21 9.774499539686116949e-21
1.593307866963717970e+04 1.275745855314384368e-20 1.077272551985594973e-20
1.593938580708609697e+04 2.254020753903237595e-20 9.949507276773772592e-21
1.594569289606613347e+04 1.975092768040853921e-20 1.018578902668297963e-20
1.595199993653454476e+04 1.590020629940176944e-20 1.042705943965941188e-20
1.595830692846911734e+04 -4.044318733901246212e-21 1.025927186058182492e-20
1.596461387183936677e+04 1.029749183508990699e-21 1.045190683863558292e-20
1.597092076662299769e+04 8.330771446285709065e-21 1.090402762077563499e-20
1.597722761280181840e+04 3.717450863871279968e-20 1.042786846964780976e-20
1.598353441034118259e+04 3.148648607761145242e-20 9.896102867304703268e-21
1.598984115920243312e+04 3.206574801025126875e-20 9.920349824907687080e-21
1.599614785937950001e+04 -3.195467554728550233e-20 9.783101829385895599e-21
1.600245451083374792e+04 2.318701194443746145e-20 1.143025087264702596e-20
1.600876111354672321e+04 2.164451221879049184e-20 1.018746635602549580e-20
1.601506766748803057e+04 9.634435213770309490e-21 9.942784419711238995e-21
1.602137417262269810e+04 -1.247310455617518968e-20 9.356924329791863564e-21
1.602768062894497962e+04 1.666353736495181252e-20 9.443365978456941956e-21
1.603398703640337226e+04 -9.947143509248845733e-21 1.035924346285886446e-20
1.604029339499220077e+04 9.343678595344033782e-21 1.022215562220830881e-20
1.604659970466803679e+04 2.715488906338726980e-20 9.660663660935088679e-21
1.605290596541703053e+04 1.074614515016260555e-20 9.824296825729146249e-21
1.605921217721211360e+04 1.682206691482906713e-20 9.598223758894579872e-21
1.606551834001473435e+04 2.850859026885894845e-20 1.023666715372686193e-20
1.607182445381430261e+04 3.548448622879183907e-20 1.043378355126137535e-20
1.607813051857628307e+04 5.732680666994526361e-21 9.714218603896156750e-21
1.608443653426537639e+04 1.438272550260970576e-20 1.021123128255277567e-20
1.609074250087169276e+04 1.590648420845197145e-20 1.066561709842599414e-20
1.609704841835171101e+04 2.276370797486445377e-20 1.095242812798738212e-20
1.610335428669545399e+04 9.255092693159874984e-21 1.001220353855677898e-20
1.610966010585942240e+04 2.535971574701116386e-20 1.072002516053419722e-20
1.611596587582938992e+04 1.693883152961199126e-20 1.026432108831910921e-20
1.612227159657431548e+04 1.681868466029118462e-20 9.801500147554372684e-21
1.612857726806330902e+04 3.638038875129147081e-21 9.495331042125384928e-21
1.613488289027781138e+04 5.554240566292783668e-21 9.482496346320710845e-21
1.614118846317849057e+04 -3.692542001473704420e-21 9.381474788209695755e-21
1.614749398675930024e+04 7.693474031486592422e-21 9.639904126255141232e-21
1.615379946097664106e+04 2.300572748863681533e-21 1.107992805438569822e-20
1.616010488579962293e+04 1.085475789148275517e-20 9.552086313177057209e-21
1.616641026122186668e+04 2.384330525925456170e-21 1.081895261558285971e-20
1.617271558719595669e+04 3.006303160838712948e-20 1.028710211432431068e-20
1.617902086370287725e+04 1.186980842083419178e-20 9.572094172550953042e-21
1.618532609071606930e+04 1.378597132793590033e-20 9.520665408742718062e-21
1.619163126819978788e+04 2.314427081582213025e-21 9.762797037749023365e-21
1.619793639615241409e+04 1.289531424314081134e-20 9.961951497731424280e-21
1.620424147452159195e+04 2.297769491711176196e-20 9.534676660826836517e-21
1.621054650328890057e+04 2.158475708861336279e-20 9.951762121584044690e-21
1.621685148243537333e+04 5.310808969543460256e-21 9.361911837907623062e-21
1.622315641191326904e+04 1.968696140667459874e-21 1.002458240080581823e-20
1.622946129171204666e+04 9.306070201200443258e-21 1.048445013338202125e-20
1.623576612180884331e+04 1.789016599822366421e-21 1.047295005047516116e-20
1.624207090214309756e+04 1.786647781030255684e-20 9.633047558922288623e-21
1.624837563273775231e+04 2.147965682660084240e-20 1.085470927110968529e-20
1.625468031352395337e+04 2.225274080557016445e-20 1.045368066585139302e-20
1.626098494450361068e+04 1.782438685517153273e-20 9.644397951444578899e-21
1.626728952563304665e+04 4.215989031232366792e-20 1.004785403988531093e-20
1.627359405688050174e+04 5.022411350130632489e-21 1.053818195960239139e-20
1.627989853824428792e+04 1.353219737557641606e-20 1.039092430899870159e-20
1.628620296966318529e+04 1.873284390768164755e-20 9.480037163496268640e-21
1.629250735113547671e+04 4.008577394606155564e-21 1.089560132794288881e-20
1.629881168262936444e+04 4.064854160607370783e-20 1.097915292049595495e-20
1.630511596409258709e+04 1.611536106711856103e-20 1.078721667863390615e-20
1.631142019554384024e+04 1.122683517623690198e-20 1.063425484393904943e-20
1.631772437691387131e+04 1.265538024130081850e-20 9.612087543706722725e-21
1.632402850819630294e+04 2.623199486873600706e-21 1.000931439534175945e-20
1.633033258936372113e+04 2.399549204960032565e-20 1.067612428134642965e-20
1.633663662038464281e+04 2.637738349049553460e-20 1.108518874880943009e-20
1.634294060123144300e+04 2.986111425275363798e-20 1.104893011171728848e-20
1.634924453186432584e+04 1.188867040789153097e-20 1.001122780841776838e-20
1.635554841228076657e+04 2.910774485354484355e-20 1.030280581125732774e-20
1.636185224243030279e+04 3.441443532576182572e-20 1.053856209308701878e-20
1.636802257694853688e+04 2.510220632784129393e-20 1.031458824031880247e-20
1.637432629420963713e+04 2.048875011432198945e-20 9.749337943338788842e-21
1.638062996120133175e+04 2.684122711515348636e-20 9.736191709047151528e-21
1.638693357781722807e+04 1.512970828566280671e-20 1.035974482455753864e-20
1.639323714403811391e+04 2.561110456188456782e-20 1.095242590460401871e-20
1.639954065984840781e+04 9.737039420463372955e-21 9.229064619108860018e-21
1.640584412518812678e+04 -4.979276879324802019e-21 9.864008475762786787e-21
1.641214754006598378e+04 -1.416775875617408229e-20 9.506591802055063697e-21
1.641845090442230139e+04 1.274113274737184170e-20 1.038350751765176006e-20
1.642475421826974343e+04 1.874956555543872997e-20 1.020202327206129901e-20
1.643105748153198874e+04 7.550685545458769144e-21 1.053783641294947217e-20
1.643736069422189757e+04 1.537490871057419018e-20 1.010749880100418420e-20
1.644366385629159777e+04 -7.332353141312465085e-21 1.040844684172560996e-20
1.644996696771307325e+04 -4.645580508540235131e-21 1.041680689951450272e-20
1.645627002845867537e+04 3.236820999345302399e-20 1.043875438919435788e-20
1.646257303851324104e+04 1.203367986486163772e-20 1.042938790311591646e-20
1.646887599784456688e+04 4.445319799808085993e-20 1.136297780372044629e-20
1.647517890641272243e+04 4.804142635891836592e-20 1.012534095581809738e-20
1.648148176419777519e+04 1.545046715035068953e-21 9.889076964004901599e-21
1.648778457117228390e+04 1.817757368483051087e-20 1.064455385244977535e-20
1.649408732730811607e+04 2.924628076227632717e-20 1.081586951406888804e-20
1.650039003257763034e+04 7.568376745455609337e-21 9.430976864769062107e-21
1.650669268695281789e+04 2.923292316214259736e-21 1.000182336651807283e-20
1.651299529040568814e+04 3.215390329515573807e-20 1.028297072138651207e-20
1.651929784283875415e+04 8.796521292513599829e-21 9.790781569342872694e-21
1.652560033879229377e+04 2.961629109037678899e-20 1.014139840122036357e-20
1.653176903110128478e+04 -5.124219910760817564e-21 1.122577939767612972e-20
1.653807141831437184e+04 -8.133440580791384391e-21 1.013251901675475394e-20
1.654437375447724116e+04 8.515112147241078319e-21 9.925619176883380311e-21
1.655067603954460355e+04 -8.339260020951969524e-21 1.113303491346094632e-20
1.655697827348846477e+04 1.141937382328834883e-20 1.005912028367065111e-20
1.656328045628941618e+04 1.501926630024643401e-20 1.041390457791818852e-20
1.656958258791061235e+04 2.708912839291811721e-20 1.069012847789227045e-20
1.657588466832855192e+04 1.456605434450110324e-20 1.060646900405865897e-20
1.658218669751904963e+04 3.019216667642497564e-21 1.003699416988335395e-20
1.658848867545434769e+04 4.766711225558430777e-21 1.059219724320696410e-20
1.659479060209314412e+04 -5.857511826611087507e-22 1.043547035640306062e-20
1.660109247742032676e+04 2.164454394029616710e-20 1.031854392667057775e-20
1.660739430139044271e+04 4.037331341908565916e-20 1.068899508219544841e-20
1.661369607400107270e+04 2.188402886835690997e-20 9.654100504721213967e-21
1.661999779520695301e+04 1.769059519165474019e-20 9.533472581602094565e-21
1.662629946498383651e+04 3.294188636241123293e-20 1.030259917735900407e-20
1.663260108330816001e+04 -6.828047926681416909e-21 1.053932423195027360e-20
1.663890265014266697e+04 3.372058024590114153e-20 1.019334012576328528e-20
1.664520416546365232e+04 7.888269861465859193e-21 9.988379781263189665e-21
1.665150562924265250e+04 7.398926719984213826e-21 1.057307342422756665e-20
1.665780704144704941e+04 1.999745202922137860e-20 1.006715786920855665e-20
1.666410840206588182e+04 -8.198745930950316902e-21 9.451399130966308606e-21
1.667040971104026903e+04 2.584524359747284593e-20 1.132230362894719515e-20
1.667671096836378638e+04 -6.537560327986778618e-21 9.907099613036844187e-21
1.668301217400766836e+04 3.022645904857767347e-20 1.003287326796820926e-20
1.668931332793081310e+04 1.036244887377488419e-20 1.021385199839298859e-20
1.669561443013059034e+04 7.012851468626184831e-22 1.084046875157975138e-20
1.670191548055693784e+04 1.370519089711428334e-20 1.055377527220865241e-20
1.670821647918144663e+04 5.576103779764930120e-21 1.097302079289096812e-20
1.671451742597103657e+04 1.394777248342412167e-20 1.052033113282653899e-20
1.672081832091489196e+04 1.923806692705277239e-20 9.892971066178379714e-21
1.672711916396672677e+04 4.013968075140141737e-20 1.037960765760400284e-20
1.673341995512005451e+04 3.123599294775825522e-20 1.150551843816200392e-20
1.673972069432000717e+04 -4.087890121660200331e-21 1.291625779387816478e-20
1.674602138155980720e+04 3.418856022004662670e-20 1.166556600145933736e-20
1.675232201679351056e+04 2.354390823735826051e-20 1.100030033872532880e-20
1.675862260000968672e+04 1.496155207933461881e-20 1.160046012864525074e-20
1.676492313116693185e+04 2.325829761822729066e-20 1.046054776992190269e-20
1.677122361023622216e+04 3.031801330976765511e-20 1.126980131665584734e-20
1.677752403720226357e+04 1.965233497531430967e-20 1.051082248127422309e-20
1.678382441201873371e+04 1.611905703611107911e-20 1.006765311992212838e-20
1.679012473467439486e+04 2.279855288507387024e-20 1.089709035218869793e-20
1.679642500513189589e+04 5.497569119560408548e-20 1.078938299538220456e-20
1.680272522335343456e+04 1.229668723408834088e-20 1.014744813569719384e-20
1.680902538932810057e+04 3.428585676042187692e-20 1.258074685431900048e-20
1.681532550300925141e+04 1.145633767982715690e-21 1.149929602679421450e-20
1.682162556437704916e+04 3.561349788469987816e-21 1.066591065810306186e-20
1.682792557340697022e+04 2.778561201758186777e-22 1.015473276255981283e-20
1.683422553006130693e+04 3.605922645173150208e-20 9.943165154192634834e-21
1.684052543431579033e+04 2.335682190989914544e-20 9.923337643678541973e-21
1.684682528614994953e+04 1.641036095298408999e-20 1.056164917850906978e-20
1.685312508551767678e+04 -2.263261696100271700e-21 1.025964613285015931e-20
1.685942483239859575e+04 1.879517128697600424e-20 1.094026123076038081e-20
1.686572452677262118e+04 1.915206603094389339e-20 1.162096199733671459e-20
1.687202416859327059e+04 2.052047767932265627e-20 1.113240457664497425e-20
1.687832375784010947e+04 -1.306552111483355351e-20 1.073191101253275568e-20
1.688462329449325625e+04 -2.334270405433424916e-20 1.053796405242600442e-20
1.689092277849696256e+04 1.239463176901758286e-20 1.114332639391393065e-20
1.689722220984880914e+04 2.136312007039824042e-20 1.012537964294940749e-20
1.690352158851968852e+04 4.225827007000712851e-20 1.111081067321360046e-20
1.690982091446277991e+04 2.258373508313514557e-21 1.076272809680441908e-20
1.691612018764920504e+04 3.133699958592581675e-20 1.176754530746780044e-20
1.692241940807155697e+04 3.732797202169408286e-20 1.218042543069416977e-20
1.692871857568778796e+04 1.596657909668079074e-20 1.191655028531641070e-20
1.693501769045961555e+04 -1.884277271554805660e-21 1.171380195375534271e-20
1.694118216530151403e+04 -3.671074618195882386e-21 1.129111035675155056e-20
1.694748115636021248e+04 9.502079696774339169e-21 1.070372268367548952e-20
1.695378010004780299e+04 9.962870273283458029e-21 1.185920210580730060e-20
1.696007899083403754e+04 3.470256291329617049e-21 1.109241990455382453e-20
1.696637782865042027e+04 1.541940988192923249e-20 1.197627997509136553e-20
1.697267661345050510e+04 -8.620376174277135888e-21 1.081250061637609629e-20
1.697897534520927002e+04 2.956541464575964845e-20 1.181933771468014275e-20
1.698527402388866903e+04 2.453713696465060663e-20 1.257437435425524120e-20
1.699157264947679505e+04 3.476702229749778656e-20 1.149413161848254155e-20
1.699787122193567120e+04 4.060391269377256866e-20 1.194997812360146424e-20
1.700416974123575346e+04 3.799880841909924123e-20 1.061225743911180917e-20
1.701046820734350695e+04 2.184232495537221095e-20 1.105828243859561248e-20
1.701676662023355675e+04 1.891514809618375817e-20 1.102651695769267620e-20
1.702306497987678813e+04 1.886479101784530658e-20 1.066528921439327435e-20
1.702936328624356975e+04 1.370466263447867028e-20 1.127353563757231801e-20
1.703566153930451765e+04 6.869092905523568924e-21 1.153791326870858805e-20
1.704195973903447157e+04 2.419257300117770800e-20 1.163223734342342246e-20
1.704825788539083078e+04 4.516309440218343455e-20 1.160165205451966361e-20
1.705455597836155721e+04 4.446699559087440025e-21 1.123670650921647095e-20
1.706085401790827746e+04 1.151462420463362472e-20 1.128068983326560880e-20
1.706715200399271998e+04 1.417503689931136948e-20 1.172193155035303320e-20
1.707344993659414467e+04 -1.035236003268493927e-20 1.119090614188980585e-20
1.707974781569133484e+04 2.953762467352993235e-20 1.178110407000197014e-20
1.708604564117110931e+04 4.564700910862316438e-20 1.135472063715176533e-20
1.709234340755305675e+04 1.551173489752189056e-20 1.181360587362558764e-20
1.709850622986790404e+04 3.210283248101032752e-20 1.042624115885288274e-20
1.710480388222875263e+04 4.529375945526741578e-21 1.201225766113852597e-20
1.711110148093166572e+04 1.464189336373696635e-20 1.167975700340995401e-20
1.711739902594265732e+04 3.664789515054311498e-22 1.116769157736592632e-20
1.712369651724090363e+04 3.058923889946653497e-20 1.190685896058624420e-20
1.712999395478301813e+04 3.310213744000593284e-20 1.226965265816424283e-20
1.713629133853948588e+04 2.901688286708056886e-20 1.142620524490838017e-20
1.714258866848020261e+04 2.988703941863868160e-20 1.237554705920705701e-20
1.714888594459353772e+04 1.371240317128133996e-20 1.193563028742671067e-20
1.715518316682716249e+04 -5.213601814115104596e-21 1.189270658643794651e-20
1.716148033516449505e+04 2.049756150171710356e-20 1.168706434589716543e-20
1.716777744955791786e+04 2.746700687054448498e-20 1.097915353336839864e-20
1.717407451000433502e+04 1.602566343473879543e-20 1.124387278317034677e-20
1.718037151645590711e+04 5.994154259016858261e-21 1.102529792834026239e-20
1.718666846888728105e+04 2.494030779388004429e-20 1.132760670991381256e-20
1.719296536727271086e+04 2.563270253002846582e-20 1.140386806435809151e-20
1.719926221157353575e+04 -2.742357006839412419e-21 1.093338817349840731e-20
1.720555900175953502e+04 -1.707711871845956002e-20 1.161432877450927671e-20
1.721185573780975392e+04 -1.627447679463970727e-20 1.188146599830925074e-20
1.721815241968527334e+04 8.924785077826575967e-21 1.172609421993020732e-20
1.722444904736473109e+04 4.580879748137021274e-21 1.108410688805267494e-20
1.723074562081840122e+04 2.714925430494594372e-20 1.161228349512792677e-20
1.723704213999791682e+04 4.204711800739455060e-20 1.164794586194795604e-20
1.724333860489118888e+04 1.599181163555603056e-20 1.048061244696633021e-20
1.724963501546831321e+04 1.840320829671301476e-20 1.167699675216155969e-20
1.725593137168977410e+04 3.777410026801120835e-20 1.182324829745788851e-20
1.726222767353013842e+04 2.488989667636136495e-20 1.135932062625211782e-20
1.726852392097283155e+04 1.830429905221336926e-20 1.078535770542215637e-20
1.727482011396014423e+04 1.239875737162671520e-20 1.068440940674045724e-20
1.728111625248032578e+04 7.614206679311684462e-21 1.230358399612152739e-20
1.728741233649379501e+04 1.570709389360999479e-20 1.117646435109103441e-20
1.729370836597032030e+04 8.924602271109609016e-21 1.100260035767489710e-20
1.730000434088886686e+04 -4.900910459691489073e-22 1.218080069245691458e-20
1.730630026121421542e+04 3.887942251985963035e-21 1.153159811427924492e-20
1.731259612692090377e+04 1.131105657788778076e-20 1.131392338381058093e-20
1.731889193796936888e+04 7.680842693013857757e-21 1.152837508719601366e-20
1.732518769432906993e+04 2.211557361723770137e-20 1.096503189704365685e-20
1.733148339597899758e+04 2.207043529064259779e-22 1.032930565492988435e-20
1.733777904288391801e+04 -9.271700183141467283e-21 1.182167163695309945e-20
1.734407463500895028e+04 9.787905766920772234e-21 1.141113971543211690e-20
1.735037017233286679e+04 -1.046139956924659823e-20 1.100343399627622498e-20
1.735666565482029910e+04 1.077483058676960264e-20 1.053655276452535179e-20
1.736296108243649360e+04 -8.458544679329801521e-21 1.188601862559773827e-20
1.736925645515080396e+04 9.301366604454738190e-21 1.399169175008216033e-20
1.737555177296467082e+04 2.354824820262978151e-20 1.319353005698947895e-20
1.738184703579734560e+04 1.609736183350407782e-20 1.123752343454660950e-20
1.738814224364548500e+04 -5.138059080198483084e-21 1.171311317049285255e-20
1.739443739647406983e+04 4.651775424692658826e-22 1.078197585569752314e-20
1.740073249424336609e+04 7.002702566772757146e-21 1.192122418580123564e-20
1.740702753693617706e+04 1.489210054368076855e-20 1.213260621865171505e-20
1.741332252452219836e+04 4.128357725336248649e-20 1.119877050723543727e-20
1.741961745695680656e+04 1.179074410866370129e-20 1.097731052504935297e-20
1.742591233422761434e+04 7.413636186929874824e-23 1.047862723324206632e-20
1.743220715628569815e+04 1.435264969038372491e-20 1.137263696493502812e-20
1.743850192310928833e+04 1.123298641365369879e-20 1.192066452663780317e-20
1.744479663467236969e+04 1.364162135288212830e-20 1.213712606729283722e-20
1.745109129094424134e+04 -1.185079302776368056e-20 1.168605388848036022e-20
1.745738589188918195e+04 -1.140778279527092432e-20 1.208823818723035394e-20
1.746368043747206684e+04 1.360449211562277862e-20 1.243034697073058663e-20
1.746997492766098730e+04 2.296119072627537230e-21 1.214870557846159278e-20
1.747613368623337374e+04 4.404709859767982178e-20 1.198416899203075507e-20
1.748242805302821944e+04 1.413629406458737608e-20 1.194324573129955396e-20
1.748872236441459245e+04 4.396850284988949560e-20 1.323833388133616431e-20
1.749501662029205909e+04 4.389547016067596193e-20 1.210750303495234818e-20
1.750131082061650523e+04 5.897580641673396100e-20 1.232167909870165840e-20
1.750760496537457948e+04 9.656335988807104088e-20 1.272678657450476975e-20
1.751389905451746017e+04 2.369839766871851439e-19 1.453718107191064978e-20
1.752019308802321757e+04 1.983875285865318476e-19 1.412277057795029453e-20
1.752648706586512344e+04 2.749496309759825352e-19 1.578381774971802254e-20
1.753278098800329099e+04 1.177320869499668160e-19 1.301594196504621357e-20
1.753907485441114841e+04 2.162281483882455953e-20 1.186067968548501888e-20
1.754536866505743455e+04 1.887351265226175464e-20 1.132195465090083216e-20
1.755166241991135030e+04 2.032393672189645650e-20 1.183716190536177334e-20
1.755795611895062757e+04 3.579739067803297345e-20 1.234943098951195321e-20
1.756424976212594265e+04 1.789480179050308223e-20 1.099609510195821027e-20
1.757054334941526031e+04 1.076746924280821853e-20 1.083190461073941505e-20
1.757683688078734122e+04 -5.617897484884064672e-22 1.236529024629644775e-20
1.758313035621093513e+04 3.036010744454879297e-20 1.224134287742729769e-20
1.758942377565499919e+04 -1.160525188169816239e-20 1.121811554904598969e-20
1.759571713908803576e+04 -4.672641277676030810e-21 1.240559239855340363e-20
1.760201044647879826e+04 1.726894920141272503e-20 1.256807066734781781e-20
1.760830369772535050e+04 5.049284109033445956e-20 1.282947504665413656e-20
1.761459688730507696e+04 1.893422184610945448e-20 1.184272190985532741e-20
1.762075406898375149e+04 2.057308295604873160e-20 1.143297929112978325e-20
1.762704713940690999e+04 1.467846367132983599e-20 1.160212870666323501e-20
1.763334015362974969e+04 1.115501399298179125e-20 1.176025134228726205e-20
1.763963311162105310e+04 9.244907240162015670e-21 1.109856411574970241e-20
1.764592601334947176e+04 8.069480704039212257e-21 1.016375645432996785e-20
1.765221885877856039e+04 6.130809686187580005e-21 1.159680958552354450e-20
1.765851164787714515e+04 3.294989121689534336e-20 1.151690733621502956e-20
1.766480438062779285e+04 -6.720384324440567227e-21 1.104923892437074423e-20
1.767109705697526078e+04 1.029856382078819502e-20 1.088423533164097174e-20
1.767738967690711797e+04 1.576249757383233074e-20 1.297822981143863842e-20
1.768368224039642155e+04 1.249131701433519011e-20 1.106250569065968227e-20
1.768997474739264726e+04 3.533723097909409176e-21 1.101983658216436477e-20
1.769626719788326955e+04 1.717370822119315341e-20 1.147122324188373327e-20
1.770255959182713559e+04 2.379855303157425147e-20 1.232324518880912619e-20
1.770885192919253677e+04 1.389627917406953944e-20 1.039511590201497263e-20
1.771514420994803731e+04 -8.615953914911366287e-22 1.091916171651790004e-20
1.772143643405235343e+04 1.954368841826115222e-20 1.091828027884978642e-20
1.772772860148795007e+04 -2.297414090915089186e-21 1.060199560257371751e-20
1.773402071222326049e+04 1.156056400870896178e-20 1.066067766264224136e-20
1.774031276622165387e+04 2.968414290714793820e-21 1.111064781465553633e-20
1.774660476345144707e+04 9.628391319216787052e-21 1.062520980011181466e-20
1.775289670385790669e+04 1.702886547416642183e-20 1.110019394362552045e-20
1.775918862166992403e+04 1.530614023797684428e-20 1.120766334686305124e-20
1.776548048264432146e+04 8.537549525348057285e-21 1.131461479097239240e-20
1.777177228672680212e+04 9.163924467513916773e-21 1.175509034027108570e-20
1.777806403387103637e+04 1.195000838383486554e-20 1.123922470101703217e-20
1.778435572405481435e+04 4.913143522012820429e-21 1.167989904099459164e-20
1.779064735725103674e+04 7.420144195513504470e-22 1.161602661781581596e-20
1.779693893341799776e+04 1.997206669050399878e-20 1.133506818099253098e-20
1.780323045253824966e+04 -1.966997217290402774e-22 1.101520535765253460e-20
1.780952191455611319e+04 3.081965883423880234e-20 1.129997629485944226e-20
1.781581331944402336e+04 3.499024958456450032e-20 1.128475527715241693e-20
1.782210466719404940e+04 1.397605737857876423e-20 1.168465149265436858e-20
1.782839595776941132e+04 6.011679639198277063e-21 1.020467886359120625e-20
1.783468719111873725e+04 1.725138470022240415e-20 1.092820650365820594e-20
1.784097836722929060e+04 3.910907669120265928e-20 1.091639205665946164e-20
1.784726948604991412e+04 3.546983054572810061e-20 1.179420749871583718e-20
1.785356054756250160e+04 2.406091612292285871e-21 1.141238063691442437e-20
1.785985155170183134e+04 4.555698266231894340e-21 1.087465874024031050e-20
1.786614249848818872e+04 3.787039290753996457e-21 1.090167092404636682e-20
1.787243338786049208e+04 7.167565125620791911e-21 1.115286699355304480e-20
1.787872421979642240e+04 2.555952448102842096e-20 1.052347227539794599e-20
1.788501499426848022e+04 -2.465635657022404675e-20 1.030516141134110498e-20
1.789130571122983747e+04 6.904197890463979798e-21 1.047164824668819669e-20
1.789759637063414630e+04 1.354541427669101667e-20 1.070699691493996270e-20
1.790388697247303207e+04 2.188297684798073195e-20 1.057137571594634027e-20
1.791017751672349914e+04 1.252417007020289105e-20 1.027338203378706403e-20
1.791646800333436477e+04 3.258781785130930266e-20 1.136842508955230716e-20
1.792275843227803853e+04 8.070639056970628504e-21 1.147573547034126457e-20
1.792904880352188411e+04 -2.309237737174298564e-20 9.875175145762113053e-21
1.793533911701458783e+04 2.221279178696159732e-20 1.147728580015775262e-20
1.794162937275253717e+04 1.248175048251061995e-20 1.068410282263848657e-20
1.794791957069821729e+04 8.638987868351813713e-21 1.125972117794013820e-20
1.795420971082908000e+04 -1.520217249691799751e-20 1.098087532579879997e-20
1.796049979308863476e+04 2.586284637441559931e-21 1.094296848951852864e-20
1.796678981743867553e+04 3.469516074587493895e-20 1.234775340891403236e-20
1.797294308870551686e+04 5.419427168009197394e-21 1.083090675423209347e-20
1.797923298453570169e+04 4.466041766729389361e-21 1.157045195843206914e-20
1.798552282245678362e+04 5.706212083485900447e-22 1.120703649715670273e-20
1.799181260235666559e+04 1.464098330931997848e-20 1.061878340661759110e-20
1.799810232417937368e+04 -1.832229237931586890e-21 1.088300381526850972e-20
1.800439198791082890e+04 -2.826949010709384999e-21 1.127026079286665747e-20
1.801068159352801013e+04 3.137454505369674642e-20 1.067686192698841225e-20
1.801697114099379542e+04 2.322819977205500348e-20 1.117081805590482887e-20
1.802326063027493365e+04 5.073514005606091019e-20 1.181869661152695737e-20
1.802955006130599213e+04 5.833807952460185988e-20 1.285203159620730709e-20
1.803583943409650601e+04 3.784392713820597263e-20 1.133763510305344739e-20
1.804212874860004740e+04 2.426667296642415600e-20 1.080183038287775746e-20
1.804841800479731683e+04 2.266658302852220262e-20 1.142897884572048236e-20
1.805470720261365204e+04 7.356203009326373309e-21 1.100031277417083132e-20
1.806099634205835901e+04 3.775674712897395595e-20 1.141202138805720931e-20
1.806728542309408294e+04 3.740407006303966363e-20 1.109764939678200416e-20
1.807357444567837592e+04 2.866093679178546625e-20 1.190319308086950035e-20
1.807986340975941857e+04 9.107902141057177359e-21 1.198513635542611050e-20
1.808615231532315738e+04 7.266060906594821952e-21 1.186393245214461580e-20
1.809244116235570618e+04 1.289352558767869850e-20 1.076732238696825803e-20
1.809872995079111934e+04 1.864537565400309876e-20 1.113408251500817503e-20
1.810501868053339058e+04 3.801641093887304384e-20 1.121028271820598930e-20
1.811117037984675699e+04 -6.813627652612395892e-21 1.116179415405750659e-20
1.811745897974559193e+04 9.144009750177921588e-21 1.146742290526997194e-20
1.812374752091371920e+04 1.659506667587026314e-20 1.052716026217634305e-20
1.813003600334202565e+04 2.455164537199826870e-20 1.131877662625714301e-20
1.813632442700738102e+04 -1.112632505864247981e-20 1.064570865274350192e-20
1.814261279184246450e+04 5.128923956647311040e-21 1.018986660660845618e-20
1.814890109779925479e+04 -2.186639048401781744e-21 1.039954519008714822e-20
1.815518934491818436e+04 1.299767246312754086e-20 1.073936730485906305e-20
1.816147753309764812e+04 -8.400735688298726521e-21 1.078878702889731706e-20
1.816776566232859477e+04 2.101120713086391625e-20 1.035936253444048319e-20
1.817405373258791224e+04 3.749134410793036067e-20 1.150070526741884028e-20
1.818034174383746722e+04 1.499077376970118096e-19 1.262537614469041774e-20
1.818662969601926670e+04 1.965851485830175556e-19 1.359939338302460013e-20
1.819291758912960358e+04 6.297349469482670085e-20 1.149447904917052920e-20
1.819920542313528131e+04 9.498411481077212838e-21 1.034896184590671338e-20
1.820549319797333010e+04 3.422769737697820985e-20 1.120958122206648963e-20
1.821178091363989734e+04 2.178527658607144714e-20 1.037790441793324711e-20
1.821806857010178283e+04 1.503711186139890487e-20 1.025691944663734615e-20
1.822435616729600952e+04 2.349239413577807391e-20 1.131894460437064051e-20
1.823064370521853562e+04 -8.089993938735371990e-21 1.082258530684963869e-20
1.823693118383614637e+04 2.507406328534449331e-20 1.055134799707544941e-20
1.824321860307598763e+04 1.178843390841878794e-20 1.083056077131215773e-20
1.824950596295358628e+04 -1.133938151817710133e-21 1.164757229294342964e-20
1.825579326342585409e+04 -1.022053239125482901e-20 1.183217468241940863e-20
1.826208050441979867e+04 -3.259349610163457892e-22 1.159734592841932064e-20
1.826836768595107787e+04 2.838456335162251957e-20 1.299568563823995752e-20
1.827465480797633427e+04 2.730422562672325293e-20 1.439362534775831816e-20
1.828094187042253179e+04 4.736782441683989566e-20 1.236552339082676815e-20
1.828722887331531456e+04 4.564188525753157327e-20 1.271219851319182426e-20
1.829351581658139185e+04 1.647155432120542388e-20 1.182993951889139432e-20
1.829980270018232477e+04 3.600691293548176173e-20 1.241681110736684858e-20
1.830608952411912833e+04 2.272112282741458063e-20 1.228712883129826163e-20
1.831237628831816619e+04 2.396365443739427957e-20 1.224115920905327745e-20
1.831866299277079452e+04 1.099827561073126729e-20 1.131687261860452394e-20
1.832494963745816858e+04 -1.063423559967506717e-21 1.025846632786464518e-20
1.833123622229670218e+04 1.770796266215287395e-20 1.103779027381574762e-20
1.833752274730235149e+04 2.522198220306226233e-20 1.049602971255290758e-20
1.834380921241159376e+04 2.235149817540957095e-20 1.155723178492045778e-20
1.835009561761043005e+04 2.412450490555857212e-20 1.227635028022665728e-20
1.835638196284996229e+04 4.449211109257421544e-20 1.146284676021665917e-20
1.836266824808651290e+04 6.367585650106628210e-21 1.135283611712882163e-20
1.836895447332109325e+04 -1.951761110698405449e-20 1.074587726764979876e-20
1.837524063848964579e+04 1.036135946338609464e-20 1.089841415920578150e-20
1.838152674357338765e+04 1.751302525638493229e-20 1.173941060358274675e-20
1.838781278852841569e+04 -1.891351849680835162e-21 1.139385210534468064e-20
1.839409877332560427e+04 -2.535457944161550190e-21 1.141031913733608612e-20
1.840038469794092816e+04 1.829138165150945396e-20 1.127281601516313819e-20
1.840667056231550305e+04 2.658263099076316926e-20 1.106878868237848396e-20
1.841295636643527541e+04 4.366937999068442618e-20 1.126374493520203644e-20
1.841924211026092598e+04 2.698455222810613211e-20 1.097110407197789591e-20
1.842552779376361286e+04 3.851729205059908032e-20 1.161510438574865872e-20
1.843181341688892644e+04 1.135463758514206792e-20 1.134035958754474002e-20
1.843796132620788194e+04 -9.906082687879171895e-21 1.170899904465622001e-20
1.844424681015288297e+04 -1.746099501276207161e-21 1.092635968253691862e-20
1.845053223925757629e+04 -8.178831514709055855e-21 1.062186292362095578e-20
1.845681760792574642e+04 -1.707402950460383076e-21 1.026761886641893137e-20
1.846310291606422834e+04 1.547878915833113242e-20 1.111285154510269431e-20
1.846938816362923535e+04 2.414021954972824244e-20 1.147692218750890783e-20
1.847567335060106052e+04 -3.469384839643238758e-21 1.122754816980930290e-20
1.848195847693075484e+04 -5.733063512666983401e-21 1.115634072759366092e-20
1.848824354258378662e+04 -1.959056339560985234e-20 1.127443716678906790e-20
1.849452854753085921e+04 1.294405517365822079e-20 1.167159946048737434e-20
1.850081349173781928e+04 1.104458496169046301e-20 1.128550000802756634e-20
1.850709837517975029e+04 1.933501285658925466e-20 1.235439966847730408e-20
1.851338319780280654e+04 5.544541125492485330e-21 1.147569171424434784e-20
1.851966795958217699e+04 1.424120915304818034e-20 1.191949742210009899e-20
1.852595266047391124e+04 2.263088014111342498e-20 1.291156578349227972e-20
1.853223730047265053e+04 1.094176965818601745e-20 1.138385701302833750e-20
1.853852187951478118e+04 2.184843798266165635e-20 1.095531467794795100e-20
1.854480639757528843e+04 2.636400206290802377e-20 1.221492997147270554e-20
1.855109085461013456e+04 3.264113943114850779e-20 1.260539244001957797e-20
1.855737525062359418e+04 1.606137050897509524e-20 1.198980029817554018e-20
1.856365958545837930e+04 1.214913145717807266e-20 1.164624282171181412e-20
1.856994385355307895e+04 4.483278450088565568e-20 1.232518598228333574e-20
1.857609013372664776e+04 9.684276216191111654e-22 1.228998891639272661e-20
1.858237427247227970e+04 4.104482047242096260e-21 1.146552131690171807e-20
1.858865834998775244e+04 -1.200298766249970567e-20 1.201223018351339483e-20
1.859494236623835968e+04 1.374410634347104070e-20 1.123991259157654756e-20
1.860122632120948037e+04 -9.530336118023122066e-21 1.161472698006252000e-20
1.860751021483604563e+04 1.157037522773184809e-20 1.178462236706216141e-20
1.861379404711892130e+04 1.434259432329231830e-20 1.285957733225214959e-20
1.862007781798257929e+04 -1.051798125560789559e-20 1.168243663885614901e-20
1.862636152742765626e+04 3.448064309613725516e-20 1.201342112974727189e-20
1.863264517538896325e+04 -2.533368611303102118e-21 1.140878106948892891e-20
1.863892876184692068e+04 -5.074808247496736972e-21 1.117031787221242523e-20
1.864521228678182888e+04 4.278469816538452554e-20 1.173470802081767275e-20
1.865149575012814967e+04 5.164887941307874631e-20 1.270122825865843755e-20
1.865777915188171755e+04 6.933432749032329086e-20 1.338815107552976547e-20
1.866406249196672798e+04 2.350457241206021096e-20 1.192324698725182220e-20
1.867034577039907526e+04 1.438899873263591210e-20 1.173413372620437187e-20
1.867662898709792353e+04 2.245606350464770892e-20 1.214051559484881193e-20
1.868291214205897268e+04 3.534722175163188959e-20 1.277438412931604494e-20
1.868919523524207398e+04 -2.184958206890607673e-20 1.243095186875387060e-20
1.869547826659656130e+04 -2.937223063702137416e-20 1.205008906552321885e-20
1.870176123611319417e+04 1.532559909484692279e-20 1.141475769100926550e-20
1.870804414371585153e+04 4.595561508478383971e-21 1.218977845077428076e-20
1.871432698941547278e+04 2.250167053370669464e-20 1.248082637103217742e-20
1.872060977314602496e+04 3.349241504377558329e-20 1.173183073963590711e-20
1.872689249488790301e+04 3.719380759292927681e-22 1.229761335187145685e-20
1.873317515460589129e+04 3.365380309436201106e-20 1.224149322997868824e-20
1.873945775222865268e+04 1.745850449053118439e-20 1.204682395436334356e-20
1.874574028779294531e+04 1.284921817863303330e-20 1.251867216658114962e-20
1.875202276120188253e+04 4.402154169774416553e-21 1.146992963315999387e-20
1.875830517243044596e+04 1.290979360315122018e-20 1.206241112075570756e-20
1.876458752146889674e+04 1.001489943111449324e-20 1.175199278541604319e-20
1.877086980826139552e+04 4.183371956701975682e-21 1.253557734203434405e-20
1.877715203277778346e+04 -3.396881587497122887e-21 1.195144739990748031e-20
1.878343419498268850e+04 2.339113998067272947e-20 1.268958502744503007e-20
1.878971629484048390e+04 3.116701030651924458e-20 1.205015339699079038e-20
1.879599833231591401e+04 4.420435091653515717e-20 1.211121448984601735e-20
1.880228030737354129e+04 2.166850730817237766e-20 1.851364274484641135e-20
