9.796469850694169509e+03 -4.754029106858507215e-20 3.331080797875461093e-20
9.802826059835269916e+03 -2.600707584237144611e-20 2.280117164047167278e-20
9.809182288352933028e+03 -3.581465999575266009e-20 2.040569148868635802e-20
9.815538536206413482e+03 2.778027648504087068e-20 2.055654559092850363e-20
9.821894803351562587e+03 5.100560951681564868e-20 2.099178881043741466e-20
9.828251089744679120e+03 6.370795932736725387e-20 2.371209168474943748e-20
9.834607395324705067e+03 7.828368477375087276e-20 2.121139352328783636e-20
9.841113799750497492e+03 1.609183980751325096e-21 2.052186634183266458e-20
9.847470158868480212e+03 -2.831828806734623521e-21 2.010941192891874007e-20
9.853826537060675037e+03 -1.305701296436187629e-20 1.938754799081165443e-20
9.860182934284606745e+03 3.696302733057150601e-20 1.879168801156540628e-20
9.866539350497800115e+03 -3.147314273564932380e-21 1.869841907692824516e-20
9.872895785657012311e+03 2.088465099698750020e-20 1.866412187960860581e-20
9.879252239719940917e+03 -2.570854038248557546e-20 1.897777020902973002e-20
9.885608712643566832e+03 2.348789852701716806e-20 1.862635159049578773e-20
9.891965204386375262e+03 1.915514413135370304e-20 1.753412609473358715e-20
9.898321714904235705e+03 4.067710262114922767e-20 1.848288708981079844e-20
9.904678244155087668e+03 2.133153264896012774e-20 1.743301889629136705e-20
9.911034792097780155e+03 2.167745826618104513e-20 1.823334299860144885e-20
9.917391358687951652e+03 3.553857217710985285e-20 1.830817113191402042e-20
9.923747943884585766e+03 3.591873074632711908e-20 1.842569908102039359e-20
9.930104547643375554e+03 6.999657862314292168e-20 1.843147680646267557e-20
9.936461169923697526e+03 3.756701769440432792e-20 1.767434593989001663e-20
9.942817810681430274e+03 4.476145553227186060e-20 1.728623432449535213e-20
9.949174469875566501e+03 4.188220357226451706e-20 1.766157233231790272e-20
9.955531147463763773e+03 2.360336125363807666e-20 1.807412900027866571e-20
9.961887843402602812e+03 -4.979087870197101813e-21 1.804234362783777068e-20
9.968244557651245486e+03 -1.343835577607834030e-20 1.729025462361926909e-20
9.974601290166643594e+03 3.787162196564088073e-20 1.871232574779942586e-20
9.980958040905958114e+03 2.809509681484542052e-20 1.627392523416185029e-20
9.987314809827978024e+03 3.527800237150893288e-20 1.762244029574352660e-20
9.993671596889800639e+03 2.544003918321478434e-20 1.804683525138743151e-20
1.000002840204996755e+04 6.802444527119868639e-20 1.770001456176715088e-20
1.000638522526565794e+04 4.840410613182861288e-20 1.809453293033159890e-20
1.001274206649498774e+04 4.310635324077736048e-20 1.885073347246076628e-20
1.001909892569577278e+04 3.759916567317665173e-20 1.860210180186955138e-20
1.002545580282653464e+04 2.023469067906193633e-20 1.838224172389302310e-20
1.003181269784454889e+04 3.537589770155643493e-20 1.827325389063773741e-20
1.003816961070851903e+04 2.492603180730631391e-20 1.786210397188743160e-20
1.004452654137612262e+04 6.931898937506527083e-20 1.751993187157966183e-20
1.005088348980484989e+04 2.941464321956700561e-20 1.770990315723658220e-20
1.005724045595355710e+04 3.304577943236224662e-20 1.795558674182135846e-20
1.006359743977981270e+04 4.229393441772351142e-20 1.746568470083035743e-20
1.006995444124277492e+04 5.422887176903679927e-21 1.735635429143752725e-20
1.007631146029888805e+04 2.145221388732186370e-20 1.806624449333843735e-20
1.008266849690805975e+04 7.235564612814390270e-20 1.849453914914349262e-20
1.008902555102748920e+04 5.321478238471404496e-20 1.701538150306636069e-20
1.009538262261540331e+04 3.338430104854515662e-20 1.789083725370496870e-20
1.010173971163078022e+04 2.940853023012194520e-20 1.810965285184595140e-20
1.010809681803122658e+04 7.465991548980710060e-20 1.809578510997860757e-20
1.011445394177575690e+04 5.271501962967560908e-20 1.824660829639011291e-20
1.012081108282254354e+04 3.788904184668493507e-20 1.742311050094843061e-20
1.012716824112893846e+04 4.900341070028318589e-20 1.672671060755941372e-20
1.013352541665455101e+04 3.020931851704912850e-20 1.786468466692820252e-20
1.013988260935714789e+04 4.491107325578761808e-20 1.854907581418146701e-20
1.014623981919584548e+04 2.608501010072279551e-20 1.709599663108891480e-20
1.015259704612879432e+04 5.042910281762991363e-20 1.732869611248476253e-20
1.015895429011418128e+04 3.602213657614901289e-20 1.776066331505953984e-20
1.016531155111082990e+04 5.474996619478918099e-20 1.792680678776874602e-20
1.017181967293110210e+04 4.246895190876150298e-21 1.757609219371535600e-20
1.017817698288447536e+04 3.316773791225142233e-20 1.848412461725242342e-20
1.018453430974125695e+04 3.509894743693964934e-20 1.728565322041031525e-20
1.019089165343995955e+04 4.560534206880218101e-20 1.810455541911608255e-20
1.019724901394076369e+04 9.390435880637760585e-21 1.681082440066349723e-20
1.020360639120118140e+04 2.358144006335677679e-20 1.767226422411644385e-20
1.020996378518118399e+04 4.126922340508437116e-20 1.739279537864302266e-20
1.021632119583828899e+04 6.234719156064494693e-20 1.655614565977771968e-20
1.022267862313227670e+04 3.499642149577395357e-20 1.749253997386872349e-20
1.022903606702081743e+04 5.503950790200047255e-20 1.522076971986812259e-20
1.023539352744406824e+04 9.194020322361130765e-21 1.555387751295713468e-20
1.024175100278759965e+04 7.173657102932726807e-20 1.711664338930943665e-20
1.024825952241476807e+04 7.672108145605249713e-20 1.709770483605410679e-20
1.025461704731571081e+04 4.532818196574594299e-20 1.755447406241771989e-20
1.026097458860339975e+04 3.190141657766863371e-20 1.619753291025505622e-20
1.026733214623694221e+04 4.233706875648407234e-20 1.687517595534964830e-20
1.027368972017566739e+04 1.244522511901998969e-20 1.614332620186467185e-20
1.028004731037763304e+04 3.033237403924981745e-20 1.525475307366217048e-20
1.028640491680293962e+04 5.926700012468140566e-20 1.779654155671782405e-20
1.029276253940977585e+04 5.816382669436331966e-20 1.791470214796169857e-20
1.029912017815772560e+04 2.279755291263626061e-20 1.692450687093282437e-20
1.030547783300591982e+04 4.930022448604881758e-20 1.747528163877402692e-20
1.031183550391383324e+04 7.691762426648516066e-20 1.687385266727168292e-20
1.031819319083950359e+04 7.134846840098016943e-20 1.602885302904272854e-20
1.032455089374341878e+04 3.114981448982403065e-20 1.697571181693973150e-20
1.033090861258406403e+04 4.843610107310611032e-20 1.580925694864685368e-20
1.033726634732132334e+04 5.240548478609428563e-20 1.555664187652414954e-20
1.034362409791325990e+04 4.885937417004043590e-20 1.460361582785937497e-20
1.034998186432110015e+04 3.717260628132737401e-20 1.430455803653822183e-20
1.035633964650211783e+04 2.609704715738112441e-20 1.387281322408261850e-20
1.036269744441737748e+04 7.431776247173006057e-20 1.498051002281799512e-20
1.036905525802535340e+04 5.667502331109249516e-20 1.629369311954651214e-20
1.037541308728580043e+04 8.697465181680325898e-20 1.662877573794280339e-20
1.038177093215845343e+04 1.100843752586361729e-20 1.582496433651674505e-20
1.038812879260145564e+04 -5.875959920126352583e-21 1.488363729154673788e-20
1.039448666857594617e+04 2.172276434264881132e-21 1.464807207820766047e-20
1.040084456004024105e+04 3.929891154554922577e-20 1.487458660082104942e-20
1.040720246695541391e+04 7.898965663052736165e-20 1.514723090293886116e-20
1.041356038927917325e+04 1.298291396830864877e-20 1.503897610660316625e-20
1.041991832697202881e+04 1.577552571854242617e-20 1.646101828965138931e-20
1.042627627999427750e+04 -2.865922033967757582e-20 1.448710369664127812e-20
1.043263424830408076e+04 -1.552513397425323066e-21 1.430324121963048102e-20
1.043899223186257586e+04 2.604416066952574219e-21 1.409054048207237399e-20
1.044535023062826258e+04 5.054813875974726483e-20 1.407236136010325618e-20
1.045170824456182891e+04 6.010361426039215428e-20 1.488528488928705991e-20
1.045806627362217114e+04 1.615992267634371046e-20 1.428797369892915523e-20
1.046442431777054662e+04 4.428324331298666894e-20 1.504599444803455568e-20
1.047078237696543329e+04 1.588594321742010182e-21 1.364762356168602636e-20
1.047714045116658963e+04 2.988671945875670750e-20 1.466858037959297602e-20
1.048349854033443262e+04 4.902844615081387478e-20 1.492538211557968478e-20
1.048985664442915368e+04 4.995076810313795509e-20 1.434688951730292943e-20
1.049621476341009475e+04 3.552876030035323481e-20 1.397636602972933959e-20
1.050257289723746544e+04 5.048102601198715304e-20 1.426290923175472252e-20
1.050893104587115886e+04 1.205477230281582196e-21 1.413679413028028039e-20
1.051528920927100626e+04 2.298355897574882460e-20 1.471576899027646445e-20
1.052164738739761378e+04 3.269358902788260567e-20 1.511405180247559625e-20
1.052800558021066172e+04 2.798910909824054375e-20 1.485652641105986381e-20
1.053436378766967209e+04 4.217971526458409866e-20 1.494566261364009278e-20
1.054072200973566760e+04 4.604533349362714774e-20 1.442842494439934531e-20
1.054708024636850132e+04 1.484226761199630659e-20 1.412446455352288572e-20
1.055343849752806091e+04 5.780373984384332131e-20 1.487872100223720289e-20
1.055979676317482699e+04 3.965051916236719807e-20 1.448539795912720994e-20
1.056615504326853079e+04 1.660351442430236055e-20 1.491045378959593771e-20
1.057251333777042237e+04 2.570041951958826505e-20 1.410389601422224646e-20
1.057887164663938347e+04 4.947197254637804667e-20 1.389452492253287431e-20
1.058538176488454337e+04 4.794443114171577689e-20 1.479143677561843293e-20
1.059174011567665548e+04 2.038112089486574702e-20 1.357046329362681829e-20
1.059809848227529073e+04 3.506338062364478412e-21 1.326875566611197732e-20
1.060445686309927623e+04 1.906561939474548060e-20 1.395262113218435051e-20
1.061081525809029517e+04 6.563503902090200564e-20 1.398701645389497290e-20
1.061717366720842438e+04 3.652040831922834113e-20 1.390894028010669155e-20
1.062353209041385344e+04 6.453186576136850191e-20 1.423682767540808827e-20
1.062989052766712484e+04 4.934977755579322137e-20 1.418611593192990825e-20
1.063624897892902118e+04 4.650734044043205265e-20 1.436481259884221336e-20
1.064260744416011948e+04 1.706459085263375586e-20 1.460662206175157370e-20
1.064896592332066393e+04 2.091930494795643655e-20 1.401492315084056619e-20
1.065532441635328905e+04 6.958479177919572212e-21 1.520763372421075656e-20
1.066183489516508052e+04 4.408453500008496942e-20 1.373733173685859834e-20
1.066819343073035634e+04 -2.814092365271904640e-20 1.331156896464412354e-20
1.067455198006465253e+04 1.170627902306962605e-20 1.422920020413816736e-20
1.068091054312896085e+04 4.374594158493722973e-20 1.461125123689079162e-20
1.068726911988371830e+04 2.877217303881236468e-20 1.353424717279040949e-20
1.069362771028816314e+04 3.575307306863409045e-20 1.400012215218625598e-20
1.069998628729012853e+04 2.391882958888774758e-20 1.467085373030877072e-20
1.070634465088338766e+04 9.896771243705029821e-21 1.393648127231164631e-20
1.071270302800882746e+04 3.339585637651158125e-20 1.425218226343187116e-20
1.071906141862757431e+04 2.043868265258449177e-20 1.282207199335797481e-20
1.072541982269961409e+04 4.443964640820838576e-20 1.340836044614072476e-20
1.073177824018630054e+04 -5.241303629281066704e-21 1.375722956672352973e-20
1.073813667104869637e+04 2.636256751539302504e-20 1.289378629000199960e-20
1.074449511524774789e+04 3.933383177289259176e-20 1.366889619470774870e-20
1.075085357274393027e+04 3.081532724808718802e-20 1.460312515981023351e-20
1.075721204349875188e+04 2.811066084829510689e-20 1.399829968533638383e-20
1.076357052747345915e+04 5.969079423413472279e-21 1.389830274184245839e-20
1.076992902462859456e+04 3.047578475996115384e-20 1.376401316991349974e-20
1.077628753492560645e+04 2.764404857170850926e-20 1.318381209478578024e-20
1.078264605832513371e+04 3.621616806330076943e-20 1.402315012084726284e-20
1.078900459478814082e+04 2.543562835188359659e-20 1.327071729899860509e-20
1.079536314427652360e+04 3.926989487248287017e-21 1.212410473004075403e-20
1.080172170675088637e+04 3.258052331084180491e-20 1.319046746064704025e-20
1.080808028217285573e+04 4.309905273642074729e-20 1.303688455494162714e-20
1.081443887050355261e+04 4.310595384297924346e-20 1.398658821230855652e-20
1.082079747170397968e+04 4.303704519358057314e-20 1.409609975830311906e-20
1.082715608573564532e+04 3.440576725443665303e-20 1.519423394340240073e-20
1.083351471255965953e+04 3.417823900777064637e-20 1.667399734539984528e-20
1.083987335213731421e+04 1.008205115380217674e-20 1.503667479575913030e-20
1.084623200443022142e+04 2.080460359222983143e-20 1.308123850752180574e-20
1.085259066939999502e+04 3.723627877638663617e-20 1.364417327216563764e-20
1.085894934700706290e+04 1.014659994156742437e-20 1.245876499026338488e-20
1.086530803721334087e+04 1.688400202941953747e-20 1.357519131825405833e-20
1.087166673998102488e+04 6.675875297331814256e-20 1.304353885174775402e-20
1.087802545527110487e+04 -1.355319739264175837e-20 1.287544334052014467e-20
1.088438418304436527e+04 3.209079261163825511e-20 1.355161106688366383e-20
1.089074292326302748e+04 2.191133674849072976e-20 1.355572345075100039e-20
1.089710167588869263e+04 3.835202029899389420e-20 1.422286680269109897e-20
1.090346044088293456e+04 1.128301457837826893e-20 1.329088526976429140e-20
1.090981921820710704e+04 2.596818774067896550e-20 1.254478961097986769e-20
1.091617800782307495e+04 4.409266440296106450e-20 1.306206509160974433e-20
1.092253680969227571e+04 2.403783533074779207e-20 1.265293041394437083e-20
1.092889562377687253e+04 1.722884736773061135e-20 1.183697688339008460e-20
1.093525445003758796e+04 4.820726441755879583e-20 1.260038655154994279e-20
1.094161328843690899e+04 3.054145236777244468e-20 1.246925833411898552e-20
1.094797213893681874e+04 4.386880085394816100e-20 1.324276905976248444e-20
1.095433100149860002e+04 2.749529424490470735e-20 1.481627534602754609e-20
1.096068987608386851e+04 8.420656626956021155e-21 1.285397464178752967e-20
1.096704876265539133e+04 1.373336136200700669e-20 1.252414380337297270e-20
1.097340766117409476e+04 8.497625743449815524e-21 1.391876518230484325e-20
1.097976657160224386e+04 8.113825414043565673e-21 1.188561721818407713e-20
1.098612549390165441e+04 2.216994328444874471e-20 1.275625123702204897e-20
1.099248442803420221e+04 3.940739273593473175e-20 1.323532170371735656e-20
1.099884337396233786e+04 3.342789151852285909e-20 1.331641020791083644e-20
1.100520233164740785e+04 3.392609874833732688e-20 1.280666360206012097e-20
1.101156130105169359e+04 4.044557944893636904e-20 1.336400886564997250e-20
1.101792028213712547e+04 2.224413528644827943e-20 1.396687425978589828e-20
1.102443205959631268e+04 -6.238793029188832706e-22 1.372085572753902354e-20
1.103079107704730632e+04 2.481701003325961014e-21 1.164565610117340906e-20
1.103715010761492522e+04 5.237390313899418895e-21 1.289154262800725888e-20
1.104350914972844475e+04 1.064310635212979914e-20 1.251270692640569289e-20
1.104986820333179458e+04 3.605646233243696195e-20 1.249087480218242176e-20
1.105622726838567178e+04 2.884084308076323090e-20 1.308913218020981148e-20
1.106258634485349467e+04 2.312358214696598933e-20 1.183918248220675622e-20
1.106894543269651513e+04 2.686850770178044725e-20 1.330522334653276017e-20
1.107530453187777493e+04 -6.013354072148084866e-22 1.177730174707360487e-20
1.108166364235942456e+04 1.448810060204981153e-20 1.323224655561285831e-20
1.108802276410333070e+04 5.131938910645584236e-20 1.287389354598473726e-20
1.109438189705333389e+04 5.567985417332993100e-20 1.181167162541510831e-20
1.110074103963459675e+04 3.574677038834632769e-20 1.202362508330243061e-20
1.110725317039993570e+04 1.486844164727723489e-20 1.165774994403112690e-20
1.111361235147055231e+04 3.158761771119662994e-20 1.333441309307558295e-20
1.111997154361265530e+04 4.159243416336243372e-20 1.331559290854174176e-20
1.112633074678869525e+04 3.780719570057826534e-20 1.269954590080976954e-20
1.113268996096194860e+04 1.510607171641636131e-20 1.205147080298663983e-20
1.113904918609415836e+04 1.330378976572945730e-20 1.267067054236968397e-20
1.114540842214843724e+04 2.857744072514938054e-20 1.189034415821634733e-20
1.115176766908674654e+04 3.481318701932173564e-20 1.324519810476944835e-20
1.115812692687170056e+04 3.756948077089576360e-20 1.350291830809562741e-20
1.116448619546699229e+04 6.960411539842939059e-21 1.306592727353442499e-20
1.117084547483413189e+04 3.205068264991996234e-20 1.326033111734766888e-20
1.117720476493578462e+04 3.340228049212995085e-20 1.256734396067049449e-20
1.118356406573553249e+04 4.444579337187057612e-20 1.234657652865845795e-20
1.118992337719526040e+04 1.544971033585295285e-20 1.232163444139954903e-20
1.119628269927806650e+04 4.560670975645624557e-20 1.192237133899924181e-20
1.120264203194627044e+04 2.543365686409714762e-20 1.091968547843122845e-20
1.120900137516335963e+04 2.037177619692007277e-20 1.144928988272479970e-20
1.121536072889202842e+04 1.354799910115473641e-20 1.192741974849963111e-20
1.122172009309397799e+04 3.454114892343186914e-20 1.221611834621279309e-20
1.122807946773373624e+04 1.757208167672959233e-20 1.242572683768546702e-20
1.123443885277335539e+04 3.867945865360918384e-20 1.254731547614873468e-20
1.124079824817560802e+04 2.918298610336646949e-20 1.250946236842682690e-20
1.124715765390337947e+04 5.553712651286648523e-20 1.274261288229594118e-20
1.125351706992003346e+04 -9.370317103955531249e-21 1.229651312965129783e-20
1.125987649618909927e+04 7.719793628033119665e-21 1.234680957087847761e-20
1.126623593267192882e+04 4.794594593473082697e-20 1.298617500167180959e-20
1.127259537933287538e+04 2.057335063596091544e-20 1.259165555375300811e-20
1.127895483613476972e+04 -8.661294400064731217e-21 1.217060824083222262e-20
1.128531430304040805e+04 2.007305200908946464e-20 1.166507788479274032e-20
1.129167378001294674e+04 2.945166597651120333e-20 1.153858025433741877e-20
1.129803326701596961e+04 2.361959884906823524e-20 1.119926259243774431e-20
1.130439276401181451e+04 2.011785977446701349e-20 1.202027761531470852e-20
1.131075227096432900e+04 2.304968457128833546e-20 1.199793511643383518e-20
1.131711178783646756e+04 2.249264421616587042e-20 1.280622119390061124e-20
1.132347131459187221e+04 1.170109773519611484e-20 1.183550110617513086e-20
1.132983085119286079e+04 -1.400918888043035332e-20 1.161021768621331802e-20
1.133619039760320084e+04 3.764824012544907824e-20 1.234164538460146759e-20
1.134254995378701278e+04 9.614623887410888528e-21 1.120150914082215194e-20
1.134890951970640344e+04 9.431663477642262288e-21 1.199987651643366603e-20
1.135526909532484387e+04 1.885193945164157447e-20 1.118569390062016510e-20
1.136162868060681285e+04 2.192962836929798684e-20 1.110659706895758516e-20
1.136798827551455361e+04 2.910265479240605394e-20 1.111534058603294519e-20
1.137434788001206107e+04 3.052488357632005965e-20 1.074173586658604871e-20
1.138070749406241157e+04 3.195359502010406279e-20 1.158779405625469731e-20
1.138706711762926534e+04 3.495210375505108360e-20 1.185851074977095911e-20
1.139342675067673554e+04 8.952029916192423877e-21 1.122898464160701168e-20
1.139978639316691988e+04 2.741672802792808993e-20 1.151500034797722677e-20
1.140614604506454452e+04 2.923957626191509191e-20 1.166326215511271443e-20
1.141250570633319148e+04 3.221513623635587981e-20 1.164153956719949072e-20
1.141886537693541140e+04 4.021163431848641583e-20 1.153192212939698676e-20
1.142522505683594682e+04 2.120917762657069815e-20 1.104462867941890408e-20
1.143158474599780493e+04 1.180252662334758268e-20 1.163159505748703435e-20
1.143794444438512437e+04 2.041335762584040639e-20 1.121358447393717701e-20
1.144430415196116155e+04 -5.945919972365439862e-21 1.071279843880506328e-20
1.145066386868943300e+04 3.684004531988410285e-20 1.182939095968433863e-20
1.145702359453487406e+04 2.737269206786794730e-20 1.183156770261788438e-20
1.146338332946004812e+04 1.731709982843636503e-20 1.095901137109977888e-20
1.146974307342839165e+04 4.291513832967508086e-21 1.076949921199024937e-20
1.147610282640549667e+04 1.199069523547791437e-20 1.203510243980533758e-20
1.148246258835299159e+04 3.959409530957550297e-20 1.101625308873474794e-20
1.148897618238701762e+04 5.278005075242532519e-20 1.118199154107861033e-20
1.149533597663785986e+04 2.563574749429583815e-20 1.045111424415515003e-20
1.150169577976718938e+04 3.021633428040743575e-20 1.057426112687086808e-20
1.150805559172094399e+04 1.175013286018678098e-20 1.084732208108832881e-20
1.151441541246398447e+04 3.290727359997801928e-20 1.152420976471987775e-20
1.152077524195842125e+04 4.981019497579883226e-20 1.147047911810549617e-20
1.152713508016988271e+04 2.001632754257418028e-20 1.061533476796030409e-20
1.153349492706181627e+04 3.017347806703394486e-20 1.171378263730243364e-20
1.153985478259786396e+04 3.908610917713215068e-20 1.168574351380066023e-20
1.154621464674284107e+04 5.224365006005683006e-20 1.212090530473742921e-20
1.155257451945999856e+04 3.144153689434223406e-20 1.120709180303796848e-20
1.155893440069507960e+04 4.530590712527996250e-20 1.132095262987342859e-20
1.156529428887343784e+04 1.560200306802093206e-20 1.132719641928909249e-20
1.157180819993300975e+04 2.726315385656595789e-20 1.064660553276808492e-20
1.157816812103511438e+04 2.121132108875715441e-20 1.084349428545358106e-20
1.158452805052773147e+04 2.654317973381493286e-20 9.992367778686034914e-21
1.159088798837519789e+04 1.394936317906391629e-20 1.084452307146504818e-20
1.159724793454263636e+04 6.607939036536974805e-21 1.085884281426008479e-20
1.160360788899368163e+04 2.113598833355074143e-20 1.081924319866704002e-20
1.160996785169250870e+04 1.169799956594743888e-20 1.077671962166822232e-20
1.161632782260409476e+04 7.839882677568575920e-21 1.031312433867695437e-20
1.162268780169229103e+04 2.126633725099940461e-20 1.040447202742509253e-20
1.162904778892139257e+04 3.193104401726296226e-20 1.068909668077742551e-20
1.163540778425659300e+04 2.257997802796275656e-20 1.078182489260401599e-20
1.164176778766111420e+04 3.734212696193512522e-20 1.083512417382912933e-20
1.164812779910071367e+04 2.171483453665762862e-20 1.097291277723381578e-20
1.165448781853929904e+04 3.567594357881856198e-20 1.083841590203323044e-20
1.166084784594075609e+04 4.251364598280095391e-20 1.091098152502864748e-20
1.166720788127061314e+04 3.442441308550113388e-20 1.060874400074796532e-20
1.167356792449333625e+04 -3.292866765373272257e-21 1.009993637408197954e-20
1.167992797557245285e+04 1.042468695895808735e-20 1.090620164108535889e-20
1.168628803447380051e+04 2.250851599628773431e-20 1.076938681730294083e-20
1.169264810116173612e+04 1.165508913266083712e-20 1.099573471484021768e-20
1.169900817559980169e+04 8.959951712360492137e-21 1.142792606816662136e-20
1.170536825775443867e+04 3.988030866571229017e-20 1.252645394574140719e-20
1.171172834758898534e+04 3.731719271993246208e-20 1.107899841560508684e-20
1.171808844506885362e+04 2.943430864705505389e-20 1.037276635514945428e-20
1.172444855015860230e+04 6.119954887575910758e-21 1.048323081551238750e-20
1.173080866282258285e+04 3.366360111439088457e-20 1.112116741624728207e-20
1.173716878302650184e+04 1.347236138108125514e-20 1.123407119854388802e-20
1.174352891073474348e+04 4.319366033711863433e-20 1.051154971735905831e-20
1.174988904591130631e+04 4.104139844776531577e-20 1.158054162624665535e-20
1.175624918852262090e+04 1.491973880166100188e-20 1.115539279014579973e-20
1.176260933853276583e+04 1.455176295663332480e-20 1.099313607928096714e-20
1.176896949590569056e+04 3.221038527722853544e-20 1.044645960892358729e-20
1.177532966060839135e+04 2.871039753501332573e-20 1.138198911653928119e-20
1.178168983260462301e+04 1.037182433315553097e-20 1.066719148645988763e-20
1.178805001185861875e+04 -6.732485236206036628e-21 1.057850998664363490e-20
1.179441019833718201e+04 4.283266411114322194e-21 1.103078650308653677e-20
1.180077039200433865e+04 1.464246548071802266e-20 1.045329232859528732e-20
1.180713059282401628e+04 1.847909284738432454e-20 1.038975228508000730e-20
1.181349080076369501e+04 3.762926851472953657e-21 9.739991999872832709e-21
1.181985101578723516e+04 -1.467587673616819130e-21 1.056358070989743022e-20
1.182621123785885538e+04 8.406202927575347893e-21 1.019499962958472671e-20
1.183257146694555013e+04 2.125854826116106894e-20 1.053485730679222061e-20
1.183893170301114151e+04 1.482843550387208750e-20 1.029127929330088893e-20
1.184529194602099960e+04 3.697167055835729440e-20 1.049398009290267352e-20
1.185165219594123664e+04 5.955263896553666883e-20 1.072272122362472505e-20
1.185801245273601671e+04 2.553859222715674867e-20 9.969437911538200743e-21
1.186437271637078993e+04 1.734794315832933691e-20 1.031576814477723503e-20
1.187073298681170672e+04 2.337635708916622860e-20 1.048123884531362978e-20
1.187709326402277111e+04 3.326234718359037249e-20 1.085042951237552565e-20
1.188345354797029540e+04 4.192766546290915718e-20 1.031212811884938141e-20
1.188981383861967333e+04 7.689002474002478342e-21 1.033700464776941669e-20
1.189617413593528181e+04 7.967853996860820649e-21 9.856650641330615714e-21
1.190253443988361141e+04 3.582269873498814111e-20 1.138371963069185867e-20
1.190889475042987033e+04 4.076173340427579878e-20 1.094932752532172709e-20
1.191525506753875925e+04 3.458581182662911288e-20 1.066512108914493421e-20
1.192161539117631764e+04 1.474997069861278529e-20 1.086972303242011530e-20
1.192797572130849403e+04 1.991236404118563076e-20 1.069743171877479307e-20
1.193433605789976173e+04 3.513409244748193342e-20 1.079380663444865367e-20
1.194069640091627116e+04 1.095642103096112057e-20 1.031529650148652191e-20
1.194705675032402542e+04 3.118035286221251616e-20 1.050737507663938610e-20
1.195341710608752874e+04 3.062992672532392483e-20 1.022448553870913395e-20
1.195977746817320440e+04 2.054723747313664061e-20 1.021431443935763816e-20
1.196613783654669351e+04 1.015498146863202189e-20 1.021306797765164044e-20
1.197249821117292595e+04 2.015979661031826797e-20 1.017824909810047803e-20
1.197901349906032010e+04 3.917170676359690844e-20 9.903768569023119957e-21
1.198537389879561124e+04 6.311117988867322430e-20 9.900212554543613882e-21
1.199173430623460990e+04 6.435611737445837797e-20 9.955845829818650923e-21
1.199809471980725721e+04 2.074522250883362231e-20 9.415419146755794939e-21
1.200445513945933999e+04 2.446472142213774833e-20 1.003425121423222729e-20
1.201081556515617922e+04 1.994303598334430092e-20 1.002397871907691050e-20
1.201717599686408175e+04 3.345019668359082722e-21 1.007323243007073589e-20
1.202353643454910707e+04 1.283304953736181107e-20 9.760002703994336922e-21
1.202989687817611230e+04 7.789995945125214228e-21 9.829811946340715293e-21
1.203625732771197363e+04 3.160900027322879997e-20 1.000262917708070961e-20
1.204261778312257593e+04 3.263093325655949530e-20 1.016645624920278565e-20
1.204897824437288182e+04 3.036456885614112568e-20 1.026708536763375475e-20
1.205533871141062082e+04 1.854515360362504144e-20 9.281476495263535113e-21
1.206185427515984156e+04 1.859633978583862261e-20 9.492840779249763389e-21
1.206821476797526702e+04 2.883231501431393362e-20 1.055936452303169644e-20
1.207457526649285137e+04 5.051918297806724376e-21 1.027151987609675871e-20
1.208093577067849401e+04 1.908110822591478393e-20 1.016853668995592750e-20
1.208729628049762141e+04 2.976950607453372674e-20 1.005972545578936126e-20
1.209365679591713342e+04 1.066821560732013640e-20 1.048238449649887341e-20
1.210001731690276029e+04 2.231935671967727902e-20 1.021347712097217881e-20
1.210637784342045779e+04 5.086971216629804390e-21 1.089108918279670240e-20
1.211273837543661648e+04 2.669556789704926206e-20 1.001680273917349336e-20
1.211909891291758504e+04 3.289479379064088567e-20 1.021893690473063518e-20
1.212545945582909007e+04 4.199132154875842590e-20 1.027918684944020689e-20
1.213182000413790229e+04 1.829413950574562757e-20 1.019526801506146454e-20
1.213818055780998111e+04 1.395264294161111096e-21 9.801986648154510990e-21
1.214454111681148606e+04 3.168792283627502021e-20 1.018266615416140533e-20
1.215090168110897503e+04 1.446906117116715423e-20 9.275093250872208785e-21
1.215726225066879306e+04 2.406714150427554501e-20 9.016051284623393924e-21
1.216362282545689413e+04 3.901976194039587730e-20 1.015913709072780854e-20
1.216998340544007442e+04 4.577639786908460554e-20 1.010063704510671524e-20
1.217634399058471718e+04 5.038666987380159642e-20 1.023494877460569753e-20
1.218270458085692917e+04 8.119760968884905807e-21 9.750293457064919777e-21
1.218906517622319188e+04 1.217193079209231093e-20 8.901870995010831199e-21
1.219542577665017052e+04 3.310570412076879509e-20 9.415050386753167584e-21
1.220178638210440113e+04 2.276652069747891560e-20 1.006237453347483289e-20
1.220814699255185769e+04 2.514961032028768523e-20 1.007996022876992688e-20
1.221450760795961105e+04 1.511159298489931579e-20 1.000730271848443370e-20
1.222086822829437551e+04 -1.323243918639801327e-20 9.762192362874682202e-21
1.222722885352166122e+04 3.790526489184608839e-20 9.919439195019088298e-21
1.223358948360940121e+04 1.660490650179472734e-20 1.021825705946704639e-20
1.223995011852350581e+04 1.460502588460105624e-20 9.340373696117987966e-21
1.224631075823037281e+04 2.284951162502712685e-20 9.404482129068105205e-21
1.225267140269716401e+04 3.048937038277849484e-20 9.104303653775811087e-21
1.225903205189038454e+04 2.497678606845815654e-20 9.609057070354650920e-21
1.226539270577672505e+04 4.951433874388623570e-21 9.625775012019914916e-21
1.227175336432299446e+04 2.342570288446723391e-20 1.001054859401035073e-20
1.227811402749577428e+04 3.603761482904270016e-20 9.435208642032203793e-21
1.228447469526193345e+04 1.715593375168242321e-20 9.498072256380780126e-21
1.229083536758841910e+04 -8.930364880288816709e-21 9.597309533882833554e-21
1.229719604444162724e+04 2.264303099264552095e-20 9.249177090825384016e-21
1.230355672578885424e+04 4.196209956749929269e-21 9.390712328664215980e-21
1.230991741159670528e+04 1.261881851527314624e-20 9.802529455422674148e-21
1.231627810183208021e+04 2.747550584291655650e-20 9.898747584035594962e-21
1.232263879646212627e+04 4.116328870049659864e-20 1.044161173927051635e-20
1.232899949545329582e+04 2.705876056682108424e-20 9.694229610861538696e-21
1.233536019877308354e+04 3.440017345510643554e-20 9.668124806182102250e-21
1.234172090638822010e+04 2.012108308662978356e-20 9.835538810691279090e-21
1.234808161826534342e+04 2.622215572185385529e-20 1.027287123092080400e-20
1.235444233437213188e+04 4.114803028626802123e-21 9.576604492105906275e-21
1.236080305467519975e+04 2.257515977896446182e-20 1.009412063125608673e-20
1.236716377914161603e+04 2.715213495889538671e-20 1.017585308801320378e-20
1.237352450773875535e+04 2.315408729343459048e-20 9.931946373020754534e-21
1.237988524043335747e+04 4.226769557419484295e-21 9.758031710882401346e-21
1.238624597719269877e+04 1.145131169780268108e-20 1.064458254764577705e-20
1.239260671798414660e+04 2.103271674569228643e-20 9.783785207363689097e-21
1.239896746277441889e+04 2.195096575437575745e-20 9.578927375123267591e-21
1.240532821153112673e+04 5.265010791666503728e-21 1.016092561756907791e-20
1.241168896422138278e+04 2.911807290266242278e-20 9.871631934151583531e-21
1.241804972081212327e+04 9.199636328435289554e-21 9.870280754620201906e-21
1.242441048127107570e+04 1.110270643204156522e-20 9.753475011531860377e-21
1.243077124556522176e+04 2.179122226719684139e-20 1.072857081184473283e-20
1.243713201366198882e+04 3.311264283771396873e-20 1.028868645779043849e-20
1.244349278552877331e+04 2.194666508460348386e-20 1.005560846465685167e-20
1.244985356113250964e+04 1.504690755637832163e-21 9.946173366114950543e-21
1.245621434044108537e+04 1.052807810465317230e-20 9.030476542385857305e-21
1.246257512342165683e+04 2.651579283023305669e-20 8.870893561964483630e-21
1.246893591004150039e+04 1.831664097969106177e-20 8.717168336670698999e-21
1.247529670026850181e+04 1.019310271562050262e-20 9.006566214603338397e-21
1.248165749406949726e+04 4.416447039527555705e-21 9.271829092508109697e-21
1.248801829141252347e+04 2.415908036969829720e-20 9.981245580028250844e-21
1.249437909226492047e+04 2.215489011576590447e-20 1.007121108559625586e-20
1.250089594049073276e+04 4.683111667839187902e-20 1.008813258089290288e-20
1.250725676075679075e+04 3.453316949504594742e-20 9.668328909580225305e-21
1.251361758599185850e+04 2.689724531024055449e-20 9.470947776035385682e-21
1.251997841462389624e+04 9.855544992495793996e-21 9.506516362938462194e-21
1.252633924660083903e+04 3.454032634509458823e-20 9.687531381977981023e-21
1.253270008188968677e+04 2.428205637181252455e-20 9.949152081190876972e-21
1.253906092045897458e+04 3.508988679626779518e-20 9.761066243353893678e-21
1.254542176227567688e+04 1.271400795801526836e-20 9.435912324805979309e-21
1.255178260730784859e+04 1.408023861397371579e-20 9.649827048917594892e-21
1.255814345552332998e+04 1.729962056833711001e-20 1.006939876541018012e-20
1.256450430688912638e+04 3.664105012294073611e-20 1.005866058590619410e-20
1.257086516137404942e+04 1.870632751490138049e-20 1.012068129854524664e-20
1.257722601892499915e+04 3.346991495154943113e-20 9.537899817413509290e-21
1.258358687796698541e+04 3.329699803853702744e-20 9.808806547240549238e-21
1.259010398229829116e+04 9.087880884410163241e-21 1.042381536786906588e-20
1.259646486297330921e+04 2.452269874310871139e-20 9.712348974486875088e-21
1.260282574660404680e+04 6.869276449546943133e-21 9.644651581989899246e-21
1.260918663315778576e+04 1.230787847579549423e-20 9.424489599332594947e-21
1.261554752260275382e+04 3.646934356584788403e-21 8.940533768504071518e-21
1.262190841490699859e+04 2.583226831095590834e-20 9.172820577791295713e-21
1.262826931003784375e+04 1.590608041248809615e-20 9.731605332363354645e-21
1.263463020796416458e+04 3.877577766066819307e-20 9.424002512541683898e-21
1.264099110865338480e+04 3.975871252428641443e-20 9.239351708659138035e-21
1.264735201207355021e+04 1.343140789708311609e-20 9.171778089471243641e-21
1.265371291819320686e+04 2.310225044787419251e-20 9.196668424125559420e-21
1.266007382697957837e+04 2.875199415877937735e-20 9.245976072763552215e-21
1.266643473840149818e+04 2.701350777108075652e-20 9.211725537727112352e-21
1.267279565242682838e+04 4.798526848658507309e-20 9.414857414216983125e-21
1.267915656902355659e+04 2.057959884369476450e-20 9.197123319353063973e-21
1.268551748816023246e+04 2.360770274145008163e-20 9.865769153392284063e-21
1.269187840980433612e+04 1.219850021791454788e-20 9.678055376989455233e-21
1.269823933392487197e+04 3.034182603483590573e-20 9.863320726781114027e-21
1.270460026048943837e+04 1.837071406511113312e-20 9.750639599356631221e-21
1.271096118946660681e+04 1.311117608812401801e-20 9.527568494979066596e-21
1.271732212082479600e+04 2.985654977235686055e-20 9.021646153481889865e-21
1.272368305453159519e+04 1.516658458768416702e-20 9.185074761359689107e-21
1.273004399055604517e+04 9.290930006690527582e-22 9.915756076347645434e-21
1.273640492886610082e+04 6.114993970529240298e-21 9.168384956446675740e-21
1.274276586943017173e+04 3.542367425289412431e-20 9.227220436965649536e-21
1.274912681221684943e+04 3.576477018635152067e-20 9.148162343517722984e-21
1.275548775719402693e+04 2.411406712822771834e-20 9.317135117339350618e-21
1.276184870433069227e+04 3.040056618308645919e-20 9.839497044147035580e-21
1.276820965359471120e+04 1.501670367517735806e-20 9.137172997056379242e-21
1.277457060495500809e+04 2.464004066661159734e-20 9.732295904891528006e-21
1.278093155838000166e+04 1.849830336687546222e-20 8.421808214471527929e-21
1.278729251383779410e+04 2.995917639068276689e-20 9.078383998307941370e-21
1.279365347129741713e+04 2.538968077749602058e-20 8.940794396898243602e-21
1.280001443072691291e+04 1.992445685679560304e-20 8.988356783206950204e-21
1.280637539209520401e+04 1.081189311452905074e-20 9.216536742510548777e-21
1.281273635537086193e+04 1.674858640883357311e-20 9.234832620959265376e-21
1.281909732052221989e+04 2.360759193738292757e-20 8.772587692304902647e-21
1.282545828751836052e+04 9.842230874323480346e-21 8.257880087108245748e-21
1.283181925632715866e+04 1.194001939088679610e-20 8.439180904197631614e-21
1.283818022691818260e+04 2.545439416526001921e-20 9.188319990516929937e-21
1.284454119925949635e+04 3.118286329241185417e-20 9.508096413383251234e-21
1.285090217332002430e+04 2.449233747203057332e-20 9.251941413759699162e-21
1.285726314906865991e+04 3.265029455949256888e-22 9.002671072418212631e-21
1.286362412647357451e+04 2.397871914144122336e-20 8.925906807555770797e-21
1.286998510550433821e+04 1.261827851192392687e-20 8.632287571931724524e-21
1.287634608612904958e+04 1.500541408203266461e-20 8.521939747548690640e-21
1.288270706831700591e+04 1.853041619595807730e-20 9.248394744434844803e-21
1.288906805203684416e+04 7.880074737055150768e-21 9.355496182362780094e-21
1.289542903725721044e+04 1.811583644734087354e-20 8.827526246715815318e-21
1.290179002394754752e+04 3.899229540637604794e-20 9.102917528165749731e-21
1.290815101207595944e+04 1.549713436566186770e-20 9.036975276018277559e-21
1.291451200161210545e+04 1.391882007397852706e-20 9.756426254830352237e-21
1.292087299252449702e+04 3.079678104619893499e-21 9.496995890061752108e-21
1.292723398478226773e+04 2.758031749824854615e-20 9.346580855390718978e-21
1.293359497835448565e+04 3.209361351819241313e-20 9.573841996079636776e-21
1.293995597320965317e+04 2.828291960092171808e-20 9.134196618574815743e-21
1.294631696931756414e+04 3.035736449917520639e-20 9.321801367709076984e-21
1.295267796664649359e+04 3.564177699312287769e-20 8.944263762766947593e-21
1.295903896516606255e+04 2.428120010302436989e-20 8.719131409471582307e-21
1.296539996484515723e+04 2.486977726441369832e-20 8.583930985872298241e-21
1.297176096565275293e+04 2.156228409029155977e-20 7.843168937580348063e-21
1.297812196755837795e+04 2.650719498221761867e-20 8.432439866774292623e-21
1.298448297053052920e+04 3.936705718372763278e-20 9.451889891429820206e-21
1.299084397453911333e+04 1.453864200868383389e-20 8.369199136541033169e-21
1.299720497955264727e+04 -2.851307128957379807e-22 7.785511177460734039e-21
1.300356598554081756e+04 1.303047653842283252e-20 8.137031699553847164e-21
1.300992699247269047e+04 2.805771393259325912e-20 1.124641386191749839e-20
1.301628800031739047e+04 -1.045707405910775494e-20 1.145389197631665167e-20
1.302264900904461865e+04 2.529635915254716116e-20 9.516962218011671725e-21
1.302901001862291378e+04 1.583292656183231879e-20 9.189399813008100408e-21
1.303537102902241350e+04 4.412312008442385438e-20 9.854233553468585853e-21
1.304173204021181300e+04 1.218530494359957167e-20 9.190660172552233184e-21
1.304809305218735062e+04 1.201072612201820984e-20 9.080228256116830215e-21
1.305445424300339982e+04 1.589660024099274718e-20 9.202150362011781219e-21
1.306081547433715605e+04 1.437655241779546165e-20 8.531106814850733600e-21
1.306733397076493748e+04 3.651480217267863981e-20 9.864475249092158038e-21
1.307369521724147489e+04 2.178800853174387609e-20 1.000078042279308803e-20
1.308005646434187656e+04 2.136661647339572289e-20 1.011149121128038539e-20
1.308641771201576557e+04 5.445532118319464377e-21 9.252284282607580204e-21
1.309277896023324683e+04 1.301781517112425867e-20 8.805137566741187813e-21
1.309914020896332659e+04 4.018162980460213747e-21 8.698278784146198272e-21
1.310550145817586599e+04 1.562502349929779749e-23 9.124236744023417707e-21
1.311186270784038061e+04 2.989657236271522389e-20 9.061139510771904688e-21
1.311822395792622046e+04 2.035060437549475747e-20 9.476487109882571235e-21
1.312458520840341953e+04 -1.823449046318111063e-21 8.917552838480579270e-21
1.313094645924098040e+04 7.122547526582392956e-21 9.112174440319532726e-21
1.313730771040924265e+04 7.257113409458557554e-21 9.495603641760239919e-21
1.314366896187718885e+04 3.584349615014696025e-20 9.879345600791517202e-21
1.315003021359536433e+04 5.017334347651199620e-20 9.451795248258238710e-21
1.315654892377801843e+04 3.332217480949268757e-20 9.021845513190918202e-21
1.316291018978872489e+04 2.121637826334300756e-20 8.941884892077976897e-21
1.316927145597600793e+04 3.540499205555344007e-20 9.429533466721384775e-21
1.317563272230948496e+04 1.562103100009060885e-20 9.262370474459798294e-21
1.318199398875930274e+04 8.235129043347401435e-21 9.185727355245289424e-21
1.318835525529466577e+04 2.775296443270277173e-20 9.436169764677112877e-21
1.319471652188615008e+04 2.958522996651423625e-20 9.963005105359087138e-21
1.320107778850277282e+04 3.341724814192593612e-20 9.469196648831484509e-21
1.320743905511514276e+04 1.864035613438568046e-20 9.236177277207365656e-21
1.321380032169263723e+04 1.076487306962910773e-20 9.548518786598872409e-21
1.322016158820544115e+04 4.518450251861373922e-20 9.559724046264889911e-21
1.322652285462340660e+04 1.059526436438924560e-21 8.818064348182124561e-21
1.323288412091633109e+04 2.912071573554199631e-21 9.392161597794046823e-21
1.323924538705455416e+04 1.832304590883117416e-20 8.463312212582469651e-21
1.324560665300745131e+04 3.866705388238266803e-20 9.033916096139932609e-21
1.325196791874579503e+04 3.225794224462739901e-20 9.128370166331010327e-21
1.325832918423876617e+04 2.523962511461428979e-20 8.927357877095624291e-21
1.326469044945718088e+04 1.478528733660042819e-20 8.368366660956565377e-21
1.327105171437053832e+04 1.750259664330266688e-20 8.679036104144448749e-21
1.327741297894929085e+04 1.582257312833673745e-20 8.474586867857817162e-21
1.328377424316339057e+04 2.345222774088429742e-20 8.109194398047888391e-21
1.329013550698288964e+04 1.564455645590150794e-20 8.702648333775360476e-21
1.329649677037821675e+04 3.724252644401069949e-20 8.691683239796337469e-21
1.330285803331906573e+04 3.745434611517914745e-20 8.772666308816532988e-21
1.330921929577626724e+04 3.657712330330806442e-20 9.452978131832271121e-21
1.331558055771920226e+04 3.311692950448920719e-20 9.074002518079859876e-21
1.332194181911896703e+04 2.460836922422591648e-20 9.043680419717869160e-21
1.332830307994503892e+04 1.482600075423381726e-20 9.037782582297211544e-21
1.333466434016826133e+04 2.217354751649223773e-20 9.531456177085557662e-21
1.334102559975857548e+04 1.210884595216393754e-20 9.280520275002128831e-21
1.334738685868646098e+04 3.172582809120597099e-20 8.790114183269639798e-21
1.335374811692223193e+04 3.082873586054466140e-20 9.056375386031892300e-21
1.336010937443606963e+04 4.638939104408753491e-21 8.668142840489000607e-21
1.336647063119862833e+04 2.127026645770260221e-20 8.406473887349287442e-21
1.337283188717988196e+04 1.990282541058393855e-20 8.726967287545490534e-21
1.337919314235081583e+04 1.361946031727615955e-20 8.107550566039935738e-21
1.338555439668107647e+04 2.358504341158146693e-20 9.031816552246299798e-21
1.339191565014193657e+04 2.529370862025140436e-20 9.428806222712650837e-21
1.339827690270312087e+04 1.588270161774726344e-20 8.977490555092394939e-21
1.340463815433575292e+04 2.491314491479646358e-20 9.189444731520483036e-21
1.341099940500981756e+04 2.606387903685823261e-20 9.109725187291572280e-21
1.341736065469623281e+04 3.970476820771713223e-21 9.029775291610220747e-21
1.342372190336527274e+04 2.433531263523026751e-20 9.465623373141275111e-21
1.343008315098758794e+04 3.941332292951619427e-20 9.253073590377217165e-21
1.343644439753388906e+04 1.798539460960454891e-20 8.669940282330710508e-21
1.344280564297446472e+04 2.377561836825864005e-20 8.814504475807047327e-21
1.344916688728043664e+04 3.465614551271220352e-20 9.762781229120400861e-21
1.345552813042176786e+04 -1.099219938182806948e-20 9.224444456914166277e-21
1.346188937236990932e+04 1.541259152478657228e-20 9.202206185064122351e-21
1.346825061309464036e+04 2.688619181429062911e-20 9.376936109587676874e-21
1.347461185256761200e+04 5.383046407456698525e-21 9.296304513221948074e-21
1.348097309075865269e+04 2.221891459139279809e-20 9.171042183356223564e-21
1.348733432763925157e+04 -1.448352542373798597e-21 8.956249438994908961e-21
1.349369556317965362e+04 1.795861165435578165e-20 8.803186590672986174e-21
1.350005679735097874e+04 2.636889580337297977e-21 8.434906951887380048e-21
1.350641803012372839e+04 1.450611126955574767e-20 8.361179041049373817e-21
1.351277926146898608e+04 2.009307958216123104e-20 8.858007899654487037e-21
1.351914049135739151e+04 3.084636975592772010e-20 1.021787077834083162e-20
1.352550171975986450e+04 1.079866481453873877e-20 9.337726939342978485e-21
1.353186294664743036e+04 1.546283660620743254e-20 8.907094626293283905e-21
1.353822417199063239e+04 3.756734622131585910e-20 9.278047159179073350e-21
1.354458539576090880e+04 6.136953903391626558e-21 9.059852780605551229e-21
1.355094661792852457e+04 1.314808144281397427e-20 8.767851677050727515e-21
1.355730783846518898e+04 1.104584803927413111e-20 9.030709057143737871e-21
1.356366905734103966e+04 3.079921605639846191e-20 9.219303608459444356e-21
1.357003027452802962e+04 3.469548324900211907e-20 9.870136412235632505e-21
1.357639148999610006e+04 3.851686986290581810e-20 9.797510963609067028e-21
1.358275270371726765e+04 1.016740057322926900e-20 9.656788093883379084e-21
1.358911391566182283e+04 9.826721419145884284e-21 9.801801674176660929e-21
1.359547512580144758e+04 3.675018415726071668e-21 8.871628924382674952e-21
1.360183633410671428e+04 7.857005180503677942e-22 8.912248591809597433e-21
1.360819754054919031e+04 1.037760261627955028e-20 9.062509077809849150e-21
1.361455874509956448e+04 2.211520873369403692e-20 9.535960437642333352e-21
1.362091994772937505e+04 1.432621470023331451e-20 9.032748934542476278e-21
1.362728114840953094e+04 1.128878436715691349e-20 9.180161672048861255e-21
1.363364234711133940e+04 3.686254306663737159e-21 9.235388432843780895e-21
1.364000354380596582e+04 3.815574789236826737e-20 9.551108797701498230e-21
1.364636473846450463e+04 1.560659470008920185e-20 8.752277236705161836e-21
1.365272593105855049e+04 1.518710842550515913e-20 9.384142289243644589e-21
1.365908712155892863e+04 2.261343727153073852e-20 8.733660918430690227e-21
1.366544830993734831e+04 2.354834852367957196e-20 9.059918142034035661e-21
1.367180949616468570e+04 1.598658161338288270e-20 9.192046807272785852e-21
1.367832923930703873e+04 2.123130350745612823e-20 9.505767928797116456e-21
1.368469043324019185e+04 2.970238938033838440e-20 9.036523871994079524e-21
1.369105162645766723e+04 2.558796514898498508e-20 8.924210946666535695e-21
1.369741281742696628e+04 1.712515671858371947e-20 8.325435199341199373e-21
1.370377400610028235e+04 2.321122579497581259e-20 8.313982169003053106e-21
1.371013519244837335e+04 1.914420483528051315e-20 9.419499316343977146e-21
1.371649637644349968e+04 2.272509809862596656e-20 9.474423057026663779e-21
1.372285755805627377e+04 1.964685749287186033e-20 1.023995613218524779e-20
1.372921873725894511e+04 -3.291128524805202798e-21 8.467472104616107443e-21
1.373557991402232074e+04 1.451367302050114072e-21 9.272543214206664109e-21
1.374194108831851190e+04 1.800179631359783717e-21 9.647374806508685053e-21
1.374830226011854757e+04 8.065278974515360334e-21 8.919170218046975247e-21
1.375466342939437527e+04 1.773961718223683432e-20 9.064884447611836757e-21
1.376102459611721497e+04 2.887250983372416614e-20 9.182497275471093381e-21
1.376738576023973474e+04 2.165842180461778564e-20 9.034474388849414542e-21
1.377390568363742022e+04 3.017204251813819864e-20 8.650385185037922228e-21
1.378026685613571681e+04 1.906836166929854969e-20 8.918316596183051158e-21
1.378662802596490474e+04 1.940200301266478206e-20 8.771802575862848062e-21
1.379298919309793928e+04 1.960065383426664264e-20 8.857057431071268579e-21
1.379935035750517090e+04 9.927495781897074010e-21 8.701584221252636517e-21
1.380571151915957125e+04 1.869555950547879530e-20 8.093115097089133681e-21
1.381207267803172545e+04 1.811846643507702537e-20 8.741172201094965045e-21
1.381843383409424314e+04 2.688158858184072660e-20 8.847835471071544425e-21
1.382479498731828971e+04 3.706534668808594650e-20 8.659303730254186419e-21
1.383115613767624745e+04 2.367242727514302472e-20 9.078796468901739122e-21
1.383751728513895250e+04 1.602113537447633771e-20 8.659682063164008289e-21
1.384387842967952565e+04 4.225595326687454514e-20 9.155954398440806283e-21
1.385023957126832829e+04 1.757536118154164819e-20 9.232822156905984618e-21
1.385660070987867766e+04 2.137787354053475508e-20 8.842066599968877105e-21
1.386296184548124074e+04 2.349490392456560094e-20 8.744510779002179147e-21
1.386932297804878181e+04 1.848866251368208907e-20 9.055727390251504469e-21
1.387568410755252989e+04 1.247251352574096979e-20 1.049350224174799714e-20
1.388204523396489458e+04 7.651775447889723384e-21 9.590000261323757760e-21
1.388840635725755055e+04 1.771595200619229816e-20 8.667231344192082370e-21
1.389476747740284372e+04 1.515281269610657335e-20 8.630509753934454189e-21
1.390112859437193219e+04 1.067481066104418729e-20 8.672370560654361400e-21
1.390748970813796768e+04 3.415541637676962374e-21 8.465517696031372547e-21
1.391385081867174267e+04 1.203994309692727285e-20 8.463327246726697256e-21
1.392021192594653803e+04 1.222648723426158061e-20 8.216030457033428101e-21
1.392657302993336634e+04 -5.196315600115712583e-21 8.779981124973511750e-21
1.393293413060494095e+04 2.090031139853112546e-20 8.737000735294370204e-21
1.393929522793284013e+04 2.962264233292340027e-20 8.567133280977300740e-21
1.394565632188998097e+04 5.186719669881511187e-20 8.758064045575850601e-21
1.395201741244741061e+04 2.830435874647921747e-20 8.307228325842292110e-21
1.395837849957838262e+04 1.225908319533222667e-20 8.849964962511673572e-21
1.396473958325399508e+04 1.906478145378539851e-20 9.000350564168031971e-21
1.397110066344753614e+04 1.441815850023091527e-20 8.588611414450011320e-21
1.397746174013015661e+04 1.826941437862182151e-20 9.324593582882338021e-21
1.398382281327499732e+04 1.262597937708799488e-20 8.413764793259439637e-21
1.399018388285360925e+04 2.539341972039311871e-20 8.009878755099848033e-21
1.399654494883877851e+04 3.193739740175322281e-20 8.354856000666862955e-21
1.400290601120204701e+04 2.497491041418559680e-20 8.108435345209265167e-21
1.400926706991687752e+04 2.346682523243419981e-20 7.889677417488244342e-21
1.401562812495409162e+04 8.990025586369381439e-21 8.163499549204745440e-21
1.402198917628754134e+04 1.656742321755783630e-21 8.586271869957453702e-21
1.402835022388839025e+04 1.545222302195564643e-20 8.659555810550981656e-21
1.403471126772979187e+04 -1.018037218986324786e-20 8.258150065564140434e-21
1.404107230778353369e+04 3.813102672087262492e-20 8.819657958527437180e-21
1.404743334402266373e+04 4.124982614540318398e-20 8.988701715298479962e-21
1.405379437641893855e+04 2.292545415193123370e-20 7.828551324818067651e-21
1.406015540494541892e+04 1.006317122210488290e-20 7.783125407184483296e-21
1.406651642957390686e+04 2.297661870490762217e-20 8.493876295809002784e-21
1.407287745027765413e+04 1.217369902914777566e-20 8.403797557608139230e-21
1.407923846702835908e+04 1.420592140501742803e-20 8.587979579955163758e-21
1.408559947979928438e+04 2.885563751180087363e-20 9.277655743116644744e-21
1.409196048856235575e+04 3.300945645482133385e-20 8.771493101893752874e-21
1.409832149329033928e+04 5.586739046652205700e-21 8.377846994892973882e-21
1.410468249395598832e+04 1.187435172735043611e-20 8.715448741735128700e-21
1.411104349053163787e+04 2.694700359812281049e-21 8.598924877299134355e-21
1.411740448299003947e+04 -4.708799568105673607e-21 8.408788739936131308e-21
1.412376547130387735e+04 3.856245269298811509e-20 8.296530617577218142e-21
1.413012645544562110e+04 2.143087349764374111e-20 9.073489287929664945e-21
1.413648743538794042e+04 -7.487545474405754378e-21 8.875889643882981363e-21
1.414284841110349771e+04 7.001333969500109600e-21 8.923247600149004777e-21
1.414920938256510271e+04 3.024928862184610641e-20 8.791880748499355258e-21
1.415557034974578528e+04 2.408753137917983610e-20 9.718920057729910646e-21
1.416193131261744202e+04 2.320490797380705738e-20 9.224712835124454682e-21
1.416829227115373942e+04 2.854761620042626541e-20 8.782219661833063024e-21
1.417465322532661958e+04 3.467678034281513360e-20 8.571823230544559729e-21
1.418101417510941428e+04 2.831239235378264347e-20 8.752263780128793658e-21
1.418737512047466771e+04 2.128862312039946601e-20 8.997817814380979823e-21
1.419373606139554613e+04 4.157207085814942207e-20 8.332274291631543354e-21
1.420009699784426448e+04 4.893357632059143866e-20 8.694430030690945433e-21
1.420645792979460930e+04 2.353634185519251548e-20 8.399133000691625660e-21
1.421281885721829894e+04 1.637116320687606805e-20 8.489252668763037022e-21
1.421917978008940190e+04 1.186060340897723127e-20 8.250831210406783238e-21
1.422554069837965289e+04 3.248172572132184885e-20 8.459828486804141030e-21
1.423190161206325138e+04 5.121910035800043102e-21 8.578624409922292927e-21
1.423826252111196845e+04 2.211530729528545949e-20 8.698996385797304591e-21
1.424462342549946334e+04 2.562693048879384419e-20 9.315660744852828664e-21
1.425098432519859853e+04 2.215424966230148786e-20 8.896523617983182335e-21
1.425734522018220014e+04 2.255486029214496355e-20 9.043622363140295776e-21
1.426370611042347446e+04 1.888792021211291718e-20 8.058484107207559914e-21
1.427006699589543859e+04 2.387442783879358983e-20 8.083766207283939721e-21
1.427642787657099143e+04 1.185974003077404174e-20 8.368877655711236423e-21
1.428278875242334288e+04 1.759392491863671970e-20 8.613625295461383043e-21
1.428914962342565377e+04 1.981191202656819440e-20 8.903040183687251067e-21
1.429551048955043552e+04 -5.429754499806222113e-21 9.275568021197851336e-21
1.430187135077203129e+04 6.301117627755745362e-21 8.260978034426254478e-21
1.430823220706223401e+04 2.207530484315685725e-20 8.439661755185191933e-21
1.431459305839513763e+04 1.959623747871830081e-20 8.059912263406740038e-21
1.432095390474333726e+04 2.168793196421694831e-20 8.572064094817803494e-21
1.432731474608035933e+04 2.216306895226172797e-20 8.328342871446717826e-21
1.433367558237930825e+04 1.764079519090599039e-20 8.882097607806605520e-21
1.434003641361371228e+04 3.479448518850269948e-20 9.115661972644205576e-21
1.434639723975613015e+04 2.636486425179464533e-20 8.609757057752945554e-21
1.435275806078031746e+04 1.025260526352108721e-20 8.540340806545764138e-21
1.435927885396321471e+04 1.545211188530526256e-20 9.142830076576879160e-21
1.436563967805885659e+04 1.862343138265337024e-20 8.873316446678227745e-21
1.437200049697345094e+04 3.797300340990188886e-20 9.201507839165992319e-21
1.437836131066042435e+04 2.074441237644796177e-20 9.643826547662878156e-21
1.438472211909418183e+04 2.411195916471009063e-20 8.690272055095062547e-21
1.439108292224704201e+04 1.097498618442877524e-20 8.414644318007206965e-21
1.439744372009333711e+04 3.513078510273468710e-20 8.796680714673321094e-21
1.440380451260584232e+04 1.415492182873883963e-20 8.612638311067142008e-21
1.441016529975822232e+04 1.968183111197718519e-20 8.296442930120473618e-21
1.441652608152391622e+04 1.376103209320548126e-21 7.961887289120735295e-21
1.442288685787645409e+04 1.579008808951692687e-20 9.264232455828241035e-21
1.442924762878894762e+04 -1.398504144173669092e-20 7.507851269710676209e-21
1.443560839423509606e+04 1.578226162916029190e-20 8.506367887239939469e-21
1.444196915418869867e+04 3.094032596127642575e-20 8.931915485968919696e-21
1.444832990860342943e+04 1.141077505647584223e-20 8.719666071087187488e-21
1.445469065599273745e+04 2.513876142014741356e-20 8.589634662722639550e-21
1.446121159238350447e+04 -7.482542718117535736e-22 8.706494430334224434e-21
1.446757234347645135e+04 -3.098678350531328283e-21 8.310964611033663911e-21
1.447393308894228721e+04 1.898048038521075812e-20 8.775903747266624376e-21
1.448029382875489682e+04 2.843565930990511199e-20 9.151704916185491224e-21
1.448665456288771929e+04 2.520413733239223309e-20 8.517467545393711428e-21
1.449301529131442112e+04 2.107596173711833318e-20 8.646992289114504017e-21
1.449937601400893800e+04 2.623424431688356460e-21 8.773334866985271556e-21
1.450573673094424885e+04 5.051382894147131912e-21 8.882088737550258686e-21
1.451209744209494602e+04 1.114020575792253433e-21 9.336214258741144882e-21
1.451845814743390838e+04 1.554054045435447146e-20 9.146673910527393356e-21
1.452481884693578468e+04 1.456111027988584112e-20 9.056642534871254738e-21
1.453117954057331735e+04 2.998968015963672208e-20 8.597955127001188796e-21
1.453754022832105329e+04 1.293866383036521089e-20 9.057976504138135057e-21
1.454390091015242797e+04 1.905286897102403920e-20 8.823381336301611626e-21
1.455026158604115153e+04 1.994266837068517734e-20 8.749134703423965500e-21
1.455662225596145072e+04 1.940948349036207917e-20 8.649870259775367983e-21
1.456298291988667734e+04 9.680494922497413905e-21 9.249680599011566017e-21
1.456934357779112906e+04 -2.152822236419573495e-21 8.427907588651526677e-21
1.457570422964826685e+04 1.914274615765378812e-20 7.768834412801322737e-21
1.458206487543242838e+04 1.109247470880827975e-20 8.650471813562493743e-21
1.458842551511680358e+04 1.710161611562333824e-20 8.833058303227930684e-21
1.459478614867598662e+04 1.008981517523289142e-20 8.867552315206562764e-21
1.460114677608384045e+04 -2.351054509698387369e-21 8.535297587730995271e-21
1.460750739731404428e+04 3.486309642583730433e-20 9.507602102977400951e-21
1.461386801234054110e+04 -6.279689735849194817e-21 8.832165279018299100e-21
1.462022862113764495e+04 1.317456284011516663e-20 9.685920202045521536e-21
1.462658922367925879e+04 1.582370790410137916e-20 9.495870698485687823e-21
1.463294981993901456e+04 -2.923202724556109941e-21 9.520875150612374795e-21
1.463931040989165012e+04 -9.193198932220961638e-22 8.461474700533729129e-21
1.464567099351051729e+04 1.633481671117298961e-20 8.712321645792254361e-21
1.465203157077021933e+04 5.850980235315132933e-20 9.643223886910417129e-21
1.465839214164440273e+04 9.221332460707290311e-21 8.856357892965462342e-21
1.466475270610750704e+04 3.029712413306219176e-20 9.102727892907582337e-21
1.467111326413356255e+04 1.426641772374986601e-20 8.643271024291334896e-21
1.467747381569668505e+04 3.233464110556213417e-20 8.901463412558774821e-21
1.468383436077115948e+04 2.632658938798753340e-20 8.719457516919013876e-21
1.469019489933064506e+04 2.246287491356204616e-20 8.556055702014145489e-21
1.469655543135009793e+04 5.557920323051868252e-21 9.188494722914895156e-21
1.470291595680311548e+04 -4.510274631894481616e-21 8.823424883789629901e-21
1.470927647566424093e+04 2.533172381028364355e-21 8.611899628191838742e-21
1.471563698790751005e+04 1.170673567997227244e-20 8.114645405283581932e-21
1.472199749350740785e+04 1.517046995453075853e-20 8.074339968725946368e-21
1.472835799243808287e+04 6.893991836277578836e-21 8.063378070609000801e-21
1.473471848467354357e+04 1.415167428874895629e-21 8.747573631561577671e-21
1.474107897018873155e+04 9.372106248928330044e-21 8.407037863347278160e-21
1.474743944895729874e+04 2.166663023037315883e-20 8.792611924353806087e-21
1.475379992095420312e+04 1.321140485631864541e-21 8.668316016942554063e-21
1.476016038615316575e+04 2.331024641485558660e-20 8.968514483111069765e-21
1.476652084452892450e+04 1.589752627784571998e-20 8.033592261617350241e-21
1.477288129605603899e+04 1.224749392750799957e-20 9.675732747150523101e-21
1.477924174070819572e+04 2.398010282279303684e-20 9.868805258980789150e-21
1.478560217846092746e+04 3.097692048921954763e-21 8.712354074652775423e-21
1.479196260928771153e+04 -3.026151960638301778e-21 8.878572690499961496e-21
1.479832303316326397e+04 7.592186505226700632e-21 8.552833354077509737e-21
1.480468345006204618e+04 6.640857370823377550e-21 8.439539928288234066e-21
1.481104385995899611e+04 8.616080845566238155e-21 8.727724911719245111e-21
1.481740426282786939e+04 2.115914796168746123e-20 8.788611814084039876e-21
1.482376465864349484e+04 4.466561041853828350e-21 8.431058237484244803e-21
1.483012504738110874e+04 2.329493424787446517e-20 8.604890511454949347e-21
1.483648542901368455e+04 3.148523747266477437e-20 8.260576242319177598e-21
1.484284580351737350e+04 1.336841501775405269e-20 8.291215569649508694e-21
1.484920617086575112e+04 4.859099393456721853e-22 8.562838648567886977e-21
1.485556653103382814e+04 2.772351739384529826e-20 8.712025879483133066e-21
1.486192688399640610e+04 9.455471818446857256e-21 8.488915075696352463e-21
1.486828722972748074e+04 1.182402458691540568e-21 8.242868299307377914e-21
1.487464756820244111e+04 5.495057369984409069e-21 8.034557137742298732e-21
1.488100789939545575e+04 1.763357825117712220e-20 7.724788885738497096e-21
1.488736822328134076e+04 1.671944711678942977e-20 8.672936876815675388e-21
1.489372853983466484e+04 1.967265336660539572e-20 8.456021627995485005e-21
1.490008884903055878e+04 9.842173798344404838e-21 8.586865083202951423e-21
1.490644915084334752e+04 2.543962387823417037e-21 8.182616962373858267e-21
1.491280944524757069e+04 2.575689338463260815e-21 7.286781343217129324e-21
1.491916973221879562e+04 1.776244263896955227e-21 7.866638901432442566e-21
1.492553001173081611e+04 1.041742686572530719e-20 8.513272792759858368e-21
1.493189028375912676e+04 1.369486202994957040e-20 8.375624831538280327e-21
1.493825054827845634e+04 4.432200368156848201e-20 8.531440509404450909e-21
1.494461080526321894e+04 2.005831892658761757e-20 8.554649840109724407e-21
1.495097105468883819e+04 1.606060243740392649e-20 8.377559506280559918e-21
1.495733129652956995e+04 4.446381543004493033e-21 7.976288938757005494e-21
1.496369153076077600e+04 1.597288149391809926e-20 8.076965028342428151e-21
1.497005175735727062e+04 2.936323452736627860e-21 8.131877983355276755e-21
1.497641197629342059e+04 2.197416864241628483e-20 8.337572932625254153e-21
1.498277218754516798e+04 2.131728468687927151e-20 8.813433629920238062e-21
1.498913239108624839e+04 1.260006721479196294e-20 8.726130343729547905e-21
1.499549258689270027e+04 9.763632959339832075e-21 8.210020079676535042e-21
1.500185277493866852e+04 1.735842588948807988e-20 8.481580008521288497e-21
1.500821295519933847e+04 3.356466279272089165e-20 8.471130754056640983e-21
1.501457312765032657e+04 4.856614246831726102e-21 8.508000935839646545e-21
1.502093329226568494e+04 1.068919391282769216e-20 8.722505042934258498e-21
1.502729344902157209e+04 8.964823417049843133e-21 8.449017689854804709e-21
1.503365359789160902e+04 2.153052279204286764e-20 7.880046147620097860e-21
1.504001373885194880e+04 -1.463163362191872092e-23 7.719737915408726533e-21
1.504637387187740023e+04 2.904547157146137923e-21 7.999655329351870560e-21
1.505273399694279760e+04 1.703797334092790325e-20 8.301323882120932247e-21
1.505909411402389924e+04 1.463936962544154843e-20 8.249306449177152959e-21
1.506545422309497371e+04 4.737210046293590620e-21 8.060573461399684067e-21
1.507181432413176299e+04 -2.346426779102065275e-22 8.533611643056007685e-21
1.507817441710921594e+04 -4.529612948849968284e-21 8.329036855863873651e-21
1.508453450200240513e+04 2.073540597552503302e-20 8.230594731024360913e-21
1.509089457878697976e+04 -1.601123843258064040e-21 7.523519961755177871e-21
1.509725464743732664e+04 8.889219123875496477e-21 7.716762083014764486e-21
1.510361470792980799e+04 1.074739940418839856e-20 7.732578048304630201e-21
1.510997476023857962e+04 1.584918531083539613e-21 8.519930581620629537e-21
1.511633480433925070e+04 2.006469069356953304e-20 7.928849437883736584e-21
1.512285638597011894e+04 2.065332655851263211e-20 8.245931477045445087e-21
1.512921642529347628e+04 1.021054347183507097e-20 7.924354557019464765e-21
1.513557645777241669e+04 -4.438853477576700789e-21 7.682158104583372219e-21
1.514193648196130744e+04 1.398976096117320382e-20 7.646502245563968140e-21
1.514829649781693115e+04 2.515237128723203918e-20 8.753103889343823081e-21
1.515465650531488427e+04 1.623623767276500322e-20 8.681930250179858076e-21
1.516101650442955906e+04 6.997067137049695482e-21 7.688258476487541843e-21
1.516737649513733231e+04 1.187758364284031203e-20 8.894313769663164477e-21
1.517373647741308014e+04 2.784083862784937196e-20 8.958578327879236152e-21
1.518009645123212431e+04 3.123423610888076752e-20 8.648397907503369433e-21
1.518645641657045599e+04 3.332017550495609097e-20 8.834204994162441091e-21
1.519281637340270026e+04 -4.600828050246450034e-21 7.726007702979744961e-21
1.519917632170533034e+04 1.797841085151477866e-20 7.626487713943226676e-21
1.520553626145280577e+04 1.039910566004743897e-20 7.331744141820037162e-21
1.521189619262133237e+04 2.221611700607084575e-20 8.243435406771558932e-21
1.521825611518599544e+04 2.547041494133202259e-20 8.706085820041895107e-21
1.522461602912232229e+04 1.514151465878674998e-20 8.093977712612828635e-21
1.523097593438720833e+04 3.539199650605611129e-21 7.319540628095399374e-21
1.523749761209776807e+04 5.050848754547279634e-21 7.788164375526183648e-21
1.524385751314130721e+04 5.353643031480983521e-21 8.345825309043057916e-21
1.525021740545698412e+04 9.569635100397917448e-21 8.323532361248826490e-21
1.525657728902038070e+04 2.434479676475586613e-20 8.586927417938496225e-21
1.526293716380706428e+04 3.238038973253913609e-20 8.473266793601086019e-21
1.526929702979312606e+04 3.428632592235571939e-21 8.769858894845067230e-21
1.527565688695365861e+04 -6.242038428164778427e-22 8.854258054737399892e-21
1.528201673526444938e+04 2.051337400032911821e-20 8.411621258894168082e-21
1.528837657470121485e+04 3.107576427832907578e-20 7.656716948858173373e-21
1.529473640523982431e+04 -6.251888457999364145e-21 8.738597016450996802e-21
1.530109622685568138e+04 1.656018839473154586e-20 8.988384006340668985e-21
1.530745603952436250e+04 1.653350489711564461e-20 8.669297323615010775e-21
1.531381584322214258e+04 2.009717407923498110e-20 8.678256050793908442e-21
1.532017563792420697e+04 1.555157068107901634e-20 8.404189652353400925e-21
1.532653542360684150e+04 1.120875797155149591e-20 8.141936369390318858e-21
1.533289520024548438e+04 2.109375579835476776e-20 8.033912823275515126e-21
1.533925496781595393e+04 2.648717551122390220e-20 8.302587348686458717e-21
1.534561472629414857e+04 1.572482751872345066e-20 8.953249644545368035e-21
1.535197447565568291e+04 1.014318960372665148e-20 8.235389941043242710e-21
1.535833421587669000e+04 1.498315134499999655e-20 8.077000548839307333e-21
1.536469394693297545e+04 1.758861271424185863e-21 8.388377042410654097e-21
1.537105366879985195e+04 2.242593444092532530e-20 8.017654810456279531e-21
1.537741338145391455e+04 1.148210513877765825e-20 7.520326754125356923e-21
1.538377308487098344e+04 1.194519181979066077e-20 8.189298711767370994e-21
1.539013277902639311e+04 1.871721853485382098e-20 8.119760255441476232e-21
1.539649246389182917e+04 3.089911956166531280e-20 8.480523691822861693e-21
1.540285207945566435e+04 1.192659645199284351e-20 8.717412579836996659e-21
1.540921163886292925e+04 -1.085666621629993608e-20 7.714855412892947330e-21
1.541557118891307800e+04 -3.803089064482131997e-21 8.654267037828414405e-21
1.542193072958217635e+04 1.762795863589326484e-20 8.183334643927557924e-21
1.542829026084624820e+04 6.891360351918594578e-21 8.088699919375660638e-21
1.543464978268119194e+04 3.337232195331798574e-21 8.582594812621934810e-21
1.544100929506324792e+04 3.961674620382396255e-21 8.261777824277579594e-21
1.544736879796845278e+04 2.166691267714816398e-20 8.746181136570347060e-21
1.545372829137256667e+04 1.398513114089812755e-20 8.357063359634576699e-21
1.546008777525186451e+04 3.932036948038436842e-20 8.582537601982135507e-21
1.546644724958270490e+04 1.227272576169787994e-20 8.126162050445874352e-21
1.547280671434046781e+04 4.168415741818261900e-20 8.068069197613272073e-21
1.547916616950217394e+04 6.708848449287295039e-21 8.241732798654616890e-21
1.548552561504333607e+04 1.613186659104555637e-20 8.422512250455694356e-21
1.549188505094004176e+04 1.737414454244475431e-21 8.730786596598697891e-21
1.549824447716875875e+04 1.404844297976311138e-20 8.291385099108240063e-21
1.550460389370575103e+04 2.494497012038542041e-20 8.456114422890763421e-21
1.551096330052686608e+04 4.040727112873782162e-21 7.413342828348222942e-21
1.551732269760875533e+04 1.048800110693957469e-20 8.239044997395414324e-21
1.552368208492690246e+04 2.476933616772424273e-20 8.808486163316883342e-21
1.553004146245845914e+04 1.503425365832057703e-20 8.169701228672170592e-21
1.553640083017926918e+04 -9.748731275996094320e-21 7.077153998644570747e-21
1.554276018806510547e+04 2.399878509688151478e-20 8.196087755330463549e-21
1.554911953609274860e+04 2.088660976551191616e-20 7.814198809909781745e-21
1.555547887423844440e+04 -2.133131025552383584e-21 7.769208593211713733e-21
1.556183820247846415e+04 5.988742644371414883e-21 7.783953419183260135e-21
1.556819752079002137e+04 2.672328851192283433e-20 8.183249784636598293e-21
1.557455682914716454e+04 2.974747460812172031e-21 8.615696835329412993e-21
1.558091612752845685e+04 2.467467461607713749e-20 9.112879339750398771e-21
1.558727541590938381e+04 3.870462956609554247e-20 8.570490347304141821e-21
1.559363469426606935e+04 2.822910268554047511e-20 8.466676172615656866e-21
1.559999396257571789e+04 2.208177518555643131e-20 8.379037727140516844e-21
1.560635322081396043e+04 1.850168246385030114e-20 8.045159175452157749e-21
1.561271246895739569e+04 -1.693209684755226918e-21 7.940164198736132613e-21
1.561907170698283699e+04 4.199359015883848769e-21 8.442912055450206128e-21
1.562543093486640646e+04 7.954661129547412380e-21 8.591214977100298732e-21
1.563179015258470827e+04 -1.381191807250076107e-21 8.457753412612879175e-21
1.563814936011420650e+04 1.706464832174242513e-20 8.330625931359110049e-21
1.564450855743107786e+04 3.345244156956977319e-21 8.790309125883735874e-21
1.565086774451193378e+04 1.523201702759463722e-22 7.856167004565053430e-21
1.565722692133395321e+04 1.611031778595328174e-20 8.401400412836992243e-21
1.566358608787245066e+04 -1.735765144987026011e-21 8.103940511407349993e-21
1.566994524410558734e+04 -1.610360582420056552e-20 8.176940969983587534e-21
1.567630439000852493e+04 2.507158936604734957e-20 8.429502970274126161e-21
1.568266352555823505e+04 1.284018824610137137e-20 8.098614772762205265e-21
1.568902265073167837e+04 1.018995772970674488e-20 8.294298282907578713e-21
1.569538176550494973e+04 2.288822269019364335e-20 8.748883004178777366e-21
1.570174086985518443e+04 -1.381246646412842654e-20 9.238256988865295040e-21
1.570809996375923402e+04 6.765706931576747477e-21 8.321094498850234378e-21
1.571445904719222199e+04 2.711407744875870616e-20 9.412061080296088604e-21
1.572081812013270428e+04 2.352138701159469184e-20 8.849072592870726035e-21
1.572717718255581531e+04 5.160833262349665194e-20 8.944503851427503941e-21
1.573353623443943616e+04 7.277273665241188957e-20 9.953665977832293233e-21
1.573989527575980901e+04 3.867530269845276094e-20 9.690680947816025124e-21
1.574625430649321970e+04 3.687728254160596097e-20 9.088288729183370772e-21
1.575261332661700726e+04 6.327936116013650089e-21 8.172448639137645715e-21
1.575897233610795774e+04 1.978393937483037435e-20 8.957839548877623173e-21
1.576533133494247886e+04 1.220742283664568474e-20 8.183024797817964967e-21
1.577169032309714203e+04 1.295649440363098423e-20 8.033316661568495057e-21
1.577804930054907345e+04 1.641328778078062702e-21 8.108194829216434896e-21
1.578440826727568674e+04 1.705042730200229417e-20 8.197444585993699017e-21
1.579076722325253832e+04 -1.507899715064006818e-21 8.378424434762762931e-21
1.579712616845753291e+04 1.161367762224925009e-20 8.755264722176222107e-21
1.580348510286628880e+04 1.484826138337415919e-20 8.878073113247394020e-21
1.580984402645700357e+04 2.308196880774272912e-20 8.686590370944424276e-21
1.581620293920644144e+04 1.975505135790861418e-20 8.841590458248309243e-21
1.582256184109014066e+04 2.805363608813608213e-20 9.003535269218294078e-21
1.582892073208656620e+04 2.125462018113286521e-20 8.197966455325635843e-21
1.583527961217098709e+04 -2.777416180069643699e-21 8.210096935906797988e-21
1.584163848132272142e+04 -1.014996601766019724e-20 8.312384168492912102e-21
1.584799733951572671e+04 1.292300732560695460e-20 8.370193522568439619e-21
1.585435618672969213e+04 -6.666370581460775596e-21 8.203887772341176329e-21
1.586071502293990670e+04 9.867484660473274688e-21 8.573327763184642342e-21
1.586707384812386044e+04 2.751858187592943398e-20 8.380415696894086780e-21
1.587343266225896696e+04 1.901748495719176393e-21 8.892514597724204674e-21
1.587979146532071172e+04 1.719116244660104057e-20 9.138336633724549658e-21
1.588615025728857836e+04 3.739262226201397546e-20 8.320506530820595870e-21
1.589250903813744480e+04 2.857175047142173645e-20 8.175553128248252535e-21
1.589886780784527218e+04 3.338443024923870851e-20 8.402596578604475278e-21
1.590522656638922854e+04 3.506758394536422680e-20 9.027473542743860675e-21
1.591158531374531412e+04 5.146118179775398995e-21 8.450221827273986024e-21
1.591794404989301802e+04 1.468539838034074336e-20 8.842890900391131598e-21
1.592430277480628683e+04 -1.524645445066277580e-20 8.666810999885239762e-21
1.593066148846546093e+04 3.771049409227901088e-21 7.778600637816216691e-21
1.593702019084444146e+04 -3.311334223420115717e-22 9.137338727677612445e-21
1.594337888192290666e+04 1.652204606073630867e-20 8.224913340258653645e-21
1.594973756167683314e+04 1.477885266948466275e-20 9.085708728682974362e-21
1.595609623008322524e+04 3.113850439026754146e-20 8.808869198574207537e-21
1.596245488712107544e+04 2.627895238900753452e-20 8.401621645833363457e-21
1.596881353276428308e+04 1.717522229328403168e-20 8.358445276281295618e-21
1.597517216699413802e+04 -1.247790805370840418e-21 8.434339586436157614e-21
1.598153078978406666e+04 -9.715577987118041870e-21 8.033554575826847145e-21
1.598788940111354350e+04 -5.548170227427506237e-21 7.706189567781049848e-21
1.599424800095885257e+04 4.051281325759086937e-21 8.818515163147020142e-21
1.600060658929760939e+04 1.588467587028623316e-20 8.450993676197893290e-21
1.600696516610793333e+04 2.407791343149019034e-20 9.698254173681569473e-21
1.601332373136476963e+04 4.575601414667980583e-20 9.383170877426028211e-21
1.601968228504844410e+04 1.574525125958501526e-20 8.831051420382813684e-21
1.602620419274076812e+04 -1.143732746094604645e-20 9.724030483651366465e-21
1.603256273610939206e+04 8.413667968263324316e-22 9.778927881604377649e-21
1.603892126785096480e+04 2.029203626711662708e-20 9.261513831729605414e-21
1.604527978792636350e+04 1.325492121358400817e-20 9.232213664772011481e-21
1.605163829631235421e+04 1.295916085367179687e-20 8.813721609896556541e-21
1.605799679298548654e+04 -8.219071069063618885e-21 8.450203516170556678e-21
1.606435527792507310e+04 9.676438345735018882e-21 7.866520728988354639e-21
1.607071375110607914e+04 8.508084328865402479e-21 8.583678040352322596e-21
1.607707221250827024e+04 7.350177612481371883e-21 8.537312590936043170e-21
1.608343066210740290e+04 6.299837255278444720e-22 8.766282882743335103e-21
1.608978909988228952e+04 -7.309942481685899277e-21 8.650347216522662212e-21
1.609614752580771165e+04 -6.728492339760238470e-21 8.556453144674832184e-21
1.610250593986384047e+04 1.532118796293564700e-20 8.262446432638769879e-21
1.610886434202770397e+04 2.274498945009222195e-20 8.796429645459029582e-21
1.611522273227621372e+04 8.707073984173187252e-21 8.843764324068474804e-21
1.612158111058798204e+04 3.527484603237416274e-20 8.928651853279621482e-21
1.612793947693836162e+04 2.982987414335085103e-20 8.867577343750323125e-21
1.613429783130733995e+04 4.026532228857107912e-22 8.062125422601093943e-21
1.614065617367039886e+04 8.970247551952342316e-21 8.469565837324957437e-21
1.614701450400701833e+04 2.503738499592872260e-20 8.714544428732998324e-21
1.615337282227391552e+04 2.326177026952003616e-20 9.150363929343540578e-21
1.615989476509301312e+04 1.255391133468631296e-20 8.642990328473421673e-21
1.616625307209949278e+04 4.201971834068105532e-21 8.629776463598953522e-21
1.617261136698782138e+04 1.279179036918049992e-21 7.908521293698378739e-21
1.617896964973515605e+04 -4.286050850227575635e-21 8.273717263341144114e-21
1.618532792031833560e+04 9.046068356415971633e-22 8.187907142266880798e-21
1.619168617871723654e+04 1.331337691462252052e-20 8.476194018942848682e-21
1.619804442490687688e+04 1.088669994830129981e-20 8.833935006624325719e-21
1.620440265886744055e+04 9.850022268031789891e-22 8.443688052904204159e-21
1.621076088057422567e+04 5.347569117608782471e-21 8.731782831135548764e-21
1.621711909000757441e+04 1.363085167888784659e-20 9.357736307620039433e-21
1.622347728714232107e+04 2.324007189019474322e-20 9.257409824358451077e-21
1.622983547195937535e+04 1.987773682082988995e-20 8.554118152842281119e-21
1.623619364443269842e+04 1.640386476687188804e-20 8.486225404771634364e-21
1.624255180454300535e+04 -1.514297780117150208e-20 7.349358819758593488e-21
1.624890995226731684e+04 1.032424375550777141e-20 8.017798022005369415e-21
1.625526808758323023e+04 2.660578596201227035e-20 1.063269094967331477e-20
1.626162621046933600e+04 -7.610318650153614989e-21 8.296932962090553639e-21
1.626798432090045753e+04 2.965692659704680954e-20 8.481017631249134685e-21
1.627434241885915981e+04 1.290546393541825194e-20 8.019540246863826824e-21
1.628070050431909476e+04 4.140322513838377396e-21 7.889943164354633062e-21
1.628705857726153226e+04 -1.441538549242534958e-20 7.114506823396495397e-21
1.629341663766050078e+04 1.228515593352918971e-20 7.870713417093300166e-21
1.629977468549849618e+04 1.648214833207772167e-20 7.542703842941011808e-21
1.630613272074866654e+04 1.246205522071821625e-20 7.749881568367462005e-21
1.631249074339211256e+04 1.547033905969106926e-20 8.121780373379636553e-21
1.631884875340570397e+04 1.122541404296925625e-20 7.991098530831955523e-21
1.632520675076713997e+04 3.230659961705441072e-21 8.290465494113087830e-21
1.633156473545498375e+04 1.206610360803358626e-20 8.553509062213032135e-21
1.633792270744626876e+04 -8.808458112689579196e-21 7.980270915424812948e-21
1.634428066672067871e+04 3.106879810098393182e-20 8.445418417777358827e-21
1.635063861325368998e+04 1.473600007752810204e-20 9.006644019614684799e-21
1.635699654702588850e+04 1.698281025653210581e-20 8.232541903384188945e-21
1.636335446801350008e+04 8.342311079324595189e-21 8.364453599981215864e-21
1.636971237619565727e+04 1.313390101189587917e-20 8.235470021147927192e-21
1.637607027154815296e+04 3.228899831587352981e-20 8.684821959141173062e-21
1.638242815405317015e+04 1.516705639478071683e-20 8.479099779153419046e-21
1.638878602368406791e+04 2.347268814146094365e-20 7.999220624584609927e-21
1.639514388042261271e+04 1.562111290387580614e-21 9.086886158672627730e-21
1.640150172424423363e+04 9.335381595937376271e-21 7.486243657286275049e-21
1.640785955512916189e+04 -1.282246693455677494e-20 7.060312103474408815e-21
1.641421737305323404e+04 -1.750175884858231854e-23 8.176425762648846134e-21
1.642057517799707784e+04 1.529451061159604290e-20 7.707135587988314181e-21
1.642693296993659897e+04 1.135742166218982430e-20 8.038530181213238791e-21
1.643329074885159935e+04 2.515048435195161355e-20 9.034925654720305107e-21
1.643964851471889779e+04 2.484817509153825560e-20 8.767357689144387744e-21
1.644600626751757227e+04 -3.228468289160970458e-21 8.143424256646518373e-21
1.645236400722575127e+04 1.273741841607265133e-20 8.975557830848535650e-21
1.645872173382128676e+04 1.140702088424534404e-21 8.211455826671923188e-21
1.646507944728235088e+04 1.942261448818049126e-20 8.324836413755102833e-21
1.647143714758713395e+04 3.845872656824477359e-20 9.029925870121138890e-21
1.647779483471439016e+04 5.005812747034975831e-21 8.844547501941878885e-21
1.648415250864129121e+04 2.353856268746436726e-20 8.168267603524371381e-21
1.649051016934736617e+04 2.840526069755457190e-21 8.499575228717778014e-21
1.649686781680961940e+04 2.104725641865686884e-20 8.534725686961388695e-21
1.650322545100737261e+04 4.484503551745639378e-21 8.374811733061136241e-21
1.650958307191848871e+04 6.194078543510432485e-21 8.878473969532927911e-21
1.651594067952124169e+04 3.159282631980103545e-21 8.484906521544554282e-21
1.652229827379354901e+04 1.340988105580196835e-20 8.585214552395412666e-21
1.652865585471455051e+04 7.398604409309556945e-22 8.544687385712032977e-21
1.653501342226151610e+04 2.331733336218062645e-20 7.946756562488475603e-21
1.654137097641376749e+04 1.464764166150324389e-20 7.635588836446625639e-21
1.654772851714918215e+04 1.097413167333041903e-20 8.041561967811669787e-21
1.655408604444639786e+04 8.390420738316053584e-21 7.905710891796127146e-21
1.656044355828320840e+04 3.811203478348065408e-21 8.487632360327349739e-21
1.656680105863941935e+04 2.139377384571899821e-20 8.494730198414355117e-21
1.657315854549171127e+04 2.518592171097288338e-21 7.829184380541985882e-21
1.657951601881912211e+04 1.549025739383647506e-20 8.065204890484488076e-21
1.658587347860004957e+04 2.480566565044301771e-20 7.656911792574523979e-21
1.659223092481404456e+04 -1.020556652247172905e-21 7.354043686480559252e-21
1.659858835743750751e+04 -4.976886140074803398e-21 7.951020885331649595e-21
1.660494577645017853e+04 1.908279794309297330e-20 8.080220556367856689e-21
1.661130318183017152e+04 9.835071569830972612e-21 8.321666982135843066e-21
1.661766057355641533e+04 1.279166324200867774e-20 8.049088306568239880e-21
1.662401795160705660e+04 1.025361706683481581e-20 8.547536713236283260e-21
1.663037531596050030e+04 1.473389091687750915e-20 8.575576444524582804e-21
1.663673266659526416e+04 9.930826380334278728e-21 8.299285866725636327e-21
1.664309000349001508e+04 3.495889578522442104e-21 7.993461213491943806e-21
1.664944732662355455e+04 1.303150284310395567e-20 8.171080037926686595e-21
1.665580463597375274e+04 1.933268056046102773e-20 8.600176382727016705e-21
1.666216193151987682e+04 1.299150894006268384e-20 8.261512897870915961e-21
1.666851921323992792e+04 9.586664937881378674e-21 8.380038859519511161e-21
1.667487648111319140e+04 1.097375617497023646e-20 8.504205843267504945e-21
1.668123373511742830e+04 1.580900316192730690e-20 8.256712818678997993e-21
1.668759097523226592e+04 1.524116042284930304e-20 7.894681135255162502e-21
1.669394820143455581e+04 1.215050969365317955e-20 7.208794999679587985e-21
1.670030541370511492e+04 2.590265435850660627e-20 7.919749022905575565e-21
1.670666261202103124e+04 2.050653917731669795e-20 8.376198720839740265e-21
1.671301979636205579e+04 2.683813168736836335e-20 9.239253580759089573e-21
1.671937696670587320e+04 -7.648895141649545828e-21 7.908110634138726847e-21
1.672573412303201621e+04 1.056076456329821301e-20 8.645351684717195740e-21
1.673209126531766015e+04 1.394524304435181068e-20 9.129882379304315211e-21
1.673844839354341093e+04 2.307965451584402481e-20 9.522670135665956282e-21
1.674480550768701869e+04 4.926774586406002850e-21 9.420975516205591787e-21
1.675116260772773603e+04 -2.634310712640992945e-21 8.444125862929931428e-21
1.675751969364326214e+04 1.731892376642062962e-20 9.294161528296235659e-21
1.676387676541283872e+04 2.841295855140752572e-20 9.164486580921533341e-21
1.677023382301581296e+04 4.715707958330198253e-21 8.742284175399551666e-21
1.677659086643068804e+04 2.416854682562810752e-20 8.452435594087448585e-21
1.678294789563564336e+04 3.665610760274389707e-22 8.288858329748135894e-21
1.678930491061004068e+04 2.055637058974568952e-20 9.227738914725038766e-21
1.679566191133328175e+04 1.187615989531942982e-20 8.660554982932416290e-21
1.680201889778222176e+04 -1.158125241933335233e-21 8.368761794588950130e-21
1.680837586993756122e+04 2.281809306354704526e-21 8.495567757883147817e-21
1.681473282777733766e+04 2.344203693365007191e-20 9.221741054588486207e-21
1.682108977128056358e+04 2.103348023924488853e-20 8.910148846790641616e-21
1.682744670042549842e+04 6.000781661765494808e-20 1.042296780364872704e-20
1.683380361519261714e+04 2.147935351044802701e-20 9.073876152222399273e-21
1.684016051555903323e+04 -7.706050845789784401e-23 9.235861864087123310e-21
1.684651740150510523e+04 1.395560747818819613e-20 8.669402465017326389e-21
1.685287427300803029e+04 1.448776723266696285e-20 8.862479878315061270e-21
1.685923113004873085e+04 3.815295966859285442e-20 8.808303871784807299e-21
1.686558797260436404e+04 2.364931970628157405e-20 9.050508794540530264e-21
1.687194480065516109e+04 1.986396208046215643e-20 8.190131223872005495e-21
1.687830161417959243e+04 2.126814049683215026e-20 8.889943753968499616e-21
1.688465841315519720e+04 1.464977531934209286e-20 9.174267817551866689e-21
1.689101519756382913e+04 1.772464208812322756e-20 9.632071715840158799e-21
1.689737196738232160e+04 2.598064171507608214e-20 8.306148016696141416e-21
1.690372872259012001e+04 1.645418670800619097e-20 9.376766566828530485e-21
1.691008546316650973e+04 9.688081789957358538e-21 8.222611387104871957e-21
1.691644218909059418e+04 9.415649227976560535e-21 8.292893784296646593e-21
1.692279890034071286e+04 1.445146344336714708e-20 9.060660899867944356e-21
1.692915559689680231e+04 1.212738564123451712e-20 8.895556422664435807e-21
1.693551227873731477e+04 1.688341251954321766e-20 8.385274451902505246e-21
1.694186894584124457e+04 3.364011369295097644e-22 9.140859259585298213e-21
1.694822559818875743e+04 -1.013185092749333299e-20 8.498747081082303353e-21
1.695458223575727970e+04 -3.303774159080736350e-21 8.741408031667720092e-21
1.696093885852682070e+04 1.034403502988860140e-20 8.658037476335917042e-21
1.696729546647569805e+04 2.640705086403950334e-20 8.126216486415242626e-21
1.697365205958465231e+04 3.300015212210822026e-20 7.248832779127337061e-21
1.698000863783164823e+04 -2.405701578543836376e-21 7.226313588348529901e-21
1.698636520119578927e+04 -3.826547496376997485e-21 8.821663705154926512e-21
1.699272174965574231e+04 1.058740179272772410e-20 8.575402637535882137e-21
1.699907828319301188e+04 3.947774878150963737e-21 8.805602766093704352e-21
1.700543480178399477e+04 2.049299157721710310e-20 8.376851138446459350e-21
1.701179130540866390e+04 -6.204890809803473718e-21 7.972089623973678281e-21
1.701814779404715227e+04 7.361883873974093130e-21 8.107382214693801278e-21
1.702450426767752651e+04 1.903498781471997656e-21 7.900064934645982713e-21
1.703086072627990507e+04 -1.567854447923784029e-20 8.869048749310956891e-21
1.703721716983273291e+04 1.095516258392159954e-20 9.433147386460775591e-21
1.704357359831597932e+04 -1.380925557579163731e-21 8.277671751916935854e-21
1.704993001170831121e+04 1.829930813809919086e-20 8.521319319556893028e-21
1.705628640998897390e+04 1.538424407744053768e-20 8.781645583996114219e-21
1.706264279313792213e+04 5.169512540625697815e-20 9.355013560713831764e-21
1.706899916113345898e+04 1.715974431895726685e-20 8.830981437119637626e-21
1.707535551395512448e+04 4.506289502185331901e-21 8.463887224532097348e-21
1.708171185158253502e+04 1.491798304950268694e-20 7.590520878702452907e-21
1.708806817399597276e+04 2.088336986898146357e-20 7.994699855414947971e-21
1.709442448117196909e+04 9.512789949659987543e-21 7.275868286446417714e-21
1.710078077309195214e+04 1.448643012055438921e-20 8.028580198909584330e-21
1.710713704973527638e+04 1.296908545925842087e-20 8.189470793830225027e-21
1.711349331108097249e+04 3.342899126259771420e-20 7.988909653294346999e-21
1.711984955710753638e+04 1.056063766456230398e-20 9.173528185973334181e-21
1.712620578779548669e+04 -2.200794795004813100e-21 8.301842839802452235e-21
1.713256200312485453e+04 -1.992138865114402427e-21 8.339426410103131961e-21
1.713891820307186208e+04 7.877148577882524245e-21 8.909265973350228545e-21
1.714527438761915982e+04 7.384810634771972407e-22 8.588639084086469948e-21
1.715163055674478528e+04 9.895138702361959032e-21 7.783449886095992613e-21
1.715798671042878414e+04 2.490028171399742272e-20 8.544254789569609383e-21
1.716434284864899382e+04 2.446005285210990178e-20 8.943157667430543090e-21
1.717086460872897806e+04 3.261481316244680767e-20 7.828012882665580960e-21
1.717722072859510081e+04 4.720059297319326724e-21 9.229841991814790597e-21
1.718357683295371680e+04 -4.874329636455548244e-21 8.127143813996055522e-21
1.718993292176616160e+04 1.229223333987111514e-21 8.422661102589985406e-21
1.719628899501209162e+04 1.864674419511733689e-20 9.755067420387388651e-21
1.720264505267117420e+04 4.643001824156262350e-21 8.812752804270868851e-21
1.720900109472268377e+04 1.691797028275067934e-20 9.112651977421333816e-21
1.721535712114540001e+04 8.478560131328511159e-22 8.088954360130587926e-21
1.722171313191961963e+04 1.354501928479234246e-20 8.699872015069428600e-21
1.722806912702503178e+04 2.038991365248491409e-20 8.235392726470036113e-21
1.723442510644034701e+04 7.182331051613730384e-21 8.268305078457588536e-21
1.724078107014566922e+04 2.371832502530649319e-20 8.646053243572423835e-21
1.724713701812191721e+04 3.838985822530910427e-20 9.135572060520370308e-21
1.725349295034506940e+04 -1.576161234399168879e-21 8.140540559041319696e-21
1.725984886679824922e+04 3.642065746275698764e-21 8.180428238830595821e-21
1.726620476746008717e+04 2.549295652026856219e-20 8.203017685476513917e-21
1.727256065230870081e+04 3.694365251014269433e-21 7.090469715060197611e-21
1.727891652132472882e+04 -6.520860985027638323e-22 6.936191360820998435e-21
1.728527237448829328e+04 1.865842985299087855e-20 7.972076061387070741e-21
1.729162821177963997e+04 3.927208471730443606e-21 7.660102889069875221e-21
1.729798403317597331e+04 2.386508683828608540e-20 8.840145349270524201e-21
1.730433983865914706e+04 2.110381103285808823e-20 8.781717147643981738e-21
1.731069562820717329e+04 7.459894057989776798e-21 7.885857517834727264e-21
1.731705140180097442e+04 1.201090618659187289e-20 8.319485160439572327e-21
1.732340715942005772e+04 1.550180695079458484e-20 7.983381537059042390e-21
1.732976290104371219e+04 6.355496685445968787e-21 7.407059894076056619e-21
1.733611862663218562e+04 1.367459026577804889e-20 8.300255842101840054e-21
1.734247433478807579e+04 1.888840240787644646e-20 9.118724220543808678e-21
1.734899602077548843e+04 -2.246293902533742122e-20 7.893196510421802221e-21
1.735535171082971283e+04 9.657366985682804072e-21 8.198286860372132407e-21
1.736170738478456406e+04 1.552821154714553862e-20 8.647700901918234349e-21
1.736806304262165213e+04 1.230001363600001071e-20 9.789411355116974978e-21
1.737441868432137562e+04 6.872980706038804389e-21 8.836730483484669595e-21
1.738077430986037871e+04 6.836074144125688081e-22 7.874659845240915569e-21
1.738712991922159563e+04 4.401642117996690428e-21 8.507813566375648060e-21
1.739348551238446817e+04 -4.861143187497425189e-21 8.732546246296834758e-21
1.739984108932712479e+04 2.465005304871929973e-21 8.456010006923472541e-21
1.740619665003003684e+04 -9.846445070408369613e-21 7.913480390242182367e-21
1.741255219447425043e+04 -7.257544192644915190e-21 7.428588444522314636e-21
1.741890772263735562e+04 3.184476415601587683e-20 8.291862999590153167e-21
1.742526323450086784e+04 2.988906235643161844e-21 7.057331185592545944e-21
1.743161873004396330e+04 3.254845523968772347e-22 7.708654150036688777e-21
1.743797420924791368e+04 2.113935038325150859e-20 8.780992405521752257e-21
1.744432967208997070e+04 7.290735543474521801e-21 8.459073978916825750e-21
1.745068511855222823e+04 -5.944639023926874540e-21 7.755456452868867789e-21
1.745704054861455370e+04 2.012027876100604835e-20 7.530372297247450957e-21
1.746339596225440982e+04 1.673566664794491753e-20 7.215658864825368671e-21
1.746975135945411239e+04 1.648082207707908014e-20 7.887233290308178769e-21
1.747610674019360158e+04 -3.455975611092394940e-21 7.686949019592481349e-21
1.748246210445076576e+04 1.832789859455535277e-20 8.294580964953091995e-21
1.748881745220758967e+04 1.365815542254088962e-21 7.468667263996928168e-21
1.749517278344298757e+04 1.443054297944473985e-20 7.935548589279237947e-21
1.750152809813746717e+04 -1.672656064890575303e-20 7.722625306334793841e-21
1.750788339627041933e+04 5.981220596533586410e-21 8.352756703882497359e-21
1.751423867782079105e+04 9.076896635134484776e-21 8.362011773250367203e-21
1.752059394277188403e+04 1.970548884556673893e-20 8.919395495328339740e-21
1.752694919110035698e+04 2.109122054792731793e-20 8.781853631581516376e-21
1.753330442278793998e+04 -1.601352051281869185e-20 8.478202545598254759e-21
1.753965963781460232e+04 1.377836227050036570e-20 8.389224625134611636e-21
1.754601483615936377e+04 1.927034753784722262e-20 7.858692530240044706e-21
1.755237001780296850e+04 -3.001850570408688119e-21 8.378016647004522163e-21
1.755872518272526577e+04 1.420102483665255199e-20 8.008751850883116218e-21
1.756508033090609388e+04 -8.029468843541797699e-21 7.298181080305084777e-21
1.757143546232653534e+04 9.671629521398816515e-21 8.337013753516307466e-21
1.757779057696559175e+04 2.169951533180172449e-21 7.697082589468076694e-21
1.758414567480297046e+04 -9.810458418343994829e-21 8.076521430209080220e-21
1.759050075582052887e+04 1.647818768529342698e-20 8.080471093936637994e-21
1.759685581999662463e+04 1.634983083033017993e-20 7.805608093139376221e-21
1.760321086731205651e+04 2.932725444816186893e-21 8.036714628949412942e-21
1.760956589774672102e+04 2.230368504399832275e-22 8.973981953729744551e-21
1.761592091128000902e+04 4.417930526040101912e-22 8.184594366838376714e-21
1.762227590789367605e+04 -3.400597819014880735e-21 8.038077803275993404e-21
1.762863088756785874e+04 8.299577335657249689e-21 8.107171004619291662e-21
1.763498585028095476e+04 1.999406729326322624e-20 8.021661371471515436e-21
1.764134079601452686e+04 -8.059448540367197814e-21 7.533216795106281645e-21
1.764769572474757661e+04 6.061235602995048239e-21 8.199205627979980483e-21
1.765405063646141934e+04 -4.637924043637694977e-21 8.532440331209104687e-21
1.766040553113659553e+04 6.724520505188678424e-21 8.204150001423769622e-21
1.766676040875185208e+04 1.925885906210843523e-20 8.296699076729327539e-21
1.767311526928701642e+04 4.412359588156906011e-21 7.830159729460536483e-21
1.767947011272552481e+04 5.952032368310378024e-21 7.925627140436079557e-21
1.768582493904297007e+04 9.746141030657332195e-21 7.824629005304039277e-21
1.769217974822315227e+04 4.021346059481164966e-21 8.070340782663204005e-21
1.769853454024545135e+04 2.526964928666794982e-20 8.304795860507314930e-21
1.770488931508887617e+04 3.629893639517276993e-21 7.150144274895785854e-21
1.771124407273503675e+04 1.254466040587584896e-20 8.019850364888449517e-21
1.771759881316454630e+04 1.238950970945658511e-20 8.060425808184510770e-21
1.772395353635625361e+04 1.442218108358236703e-20 8.085322760969037390e-21
1.773030824229097561e+04 5.871052274948374736e-21 7.525244841501918470e-21
1.773666293094963839e+04 9.916183690234079085e-21 8.664797032973941595e-21
1.774301760231065418e+04 3.309115628651600975e-21 7.945310910919920364e-21
1.774937225372702596e+04 1.111875381399801894e-20 8.835003954023020076e-21
1.775572673279238734e+04 1.756662366996146981e-20 8.331565179034278649e-21
1.776208119450352751e+04 1.139318992047062956e-20 7.603600558030718598e-21
1.776843563884079776e+04 7.799085330194084673e-21 8.071151121631645572e-21
1.777479006578546250e+04 -1.338168172448955953e-20 7.826120786346674538e-21
1.778114447531570841e+04 4.190555121428907137e-21 8.066775489324705259e-21
1.778749886741476439e+04 1.652789830248250999e-20 7.788440515858620186e-21
1.779385324206059886e+04 8.263918095021567398e-21 7.504713233542156522e-21
1.780020759923438163e+04 -6.213356067204833584e-21 7.550045409353414586e-21
1.780656193891702787e+04 -3.274428724945736205e-21 7.666208081190283381e-21
1.781291626108856144e+04 -8.344592212617958832e-21 8.317710768782994817e-21
1.781927056572866059e+04 2.343820047228014064e-20 8.242234229004135235e-21
1.782562485281858608e+04 2.541328419544953524e-20 8.214050783769462483e-21
1.783197912233919487e+04 2.873674695593050249e-20 8.062394779467646078e-21
1.783833337426960497e+04 1.140513043764647771e-20 7.703608640645177880e-21
1.784468760859172835e+04 1.795504027164059834e-20 8.372411126750696830e-21
1.785104182528490128e+04 9.253478902301383992e-21 8.440871372874425563e-21
1.785739602432900938e+04 1.522440515931469434e-20 8.159527528556329667e-21
1.786375020570635388e+04 1.122981116866104597e-20 8.505575879587568033e-21
1.787010436939613282e+04 1.058043578646092239e-20 8.843452772136845905e-21
1.787645851537844283e+04 -7.337748978218135073e-21 8.401732450745304111e-21
1.788281264363487935e+04 2.044578313024655811e-20 8.181490725862565109e-21
1.788916675414651763e+04 9.496087530576104190e-21 8.076629139211018189e-21
1.789552084689119874e+04 -4.473742871533605647e-21 8.194216113575945041e-21
1.790187492185224619e+04 2.088760123488773966e-20 9.110068321726963606e-21
1.790822897900870885e+04 8.907820058649987012e-21 8.770000933487905558e-21
1.791458301834109079e+04 -6.083128859633890799e-22 8.413378956002511302e-21
1.792093703983062733e+04 1.982943468854805508e-22 7.349645053602211363e-21
1.792729104345722590e+04 -9.960464112575063254e-21 7.351493706636822602e-21
1.793364502920139421e+04 -2.645927925693624646e-21 7.434054762594816111e-21
1.793999899704480413e+04 -1.467394086533198422e-21 7.758646910962823114e-21
1.794635294696651545e+04 1.839440687510381097e-20 7.850395682801824995e-21
1.795270687894786897e+04 4.474820216114393366e-20 8.097850437771860692e-21
1.795906079296982716e+04 1.904353949937237033e-20 7.318348425576197827e-21
1.796541468901258122e+04 1.234184831689517896e-20 7.634220679913795384e-21
1.797176856705523824e+04 1.438218859071933396e-20 8.278259460173424010e-21
1.797812242708142003e+04 1.251054031170115126e-20 7.374377115031801862e-21
1.798447626907024096e+04 -8.511428147289930458e-21 6.896224535911543075e-21
1.799083009300133926e+04 8.439850208415766632e-21 7.542808774409217635e-21
1.799718389885693978e+04 1.529102576406219624e-21 7.418631771060288395e-21
1.800353768661631329e+04 6.666812289329209631e-21 7.560241422699425244e-21
1.800989145626086247e+04 8.881074788886323019e-21 7.434602124443565292e-21
1.801624520777201178e+04 6.417664821118153635e-21 7.456951198010591585e-21
1.802259894112958864e+04 2.496692741320491552e-20 7.827072071970270903e-21
1.802895265631328948e+04 -9.558976267043708178e-22 7.208776486048236527e-21
1.803530635330483710e+04 2.234782075775026899e-21 7.872838574725385646e-21
1.804166003208607435e+04 2.226124977087206150e-20 8.418659987509276125e-21
1.804801369263578454e+04 2.250420574922906563e-20 8.102852570112406038e-21
1.805436733493544671e+04 1.945459735757016292e-20 8.858451818137365184e-21
1.806072095896587780e+04 9.591879023600010699e-21 8.382281915251816430e-21
1.806707456470642137e+04 -1.021013287664212236e-20 7.467519464420561983e-21
1.807342815214062284e+04 1.445760755586952135e-20 7.889503487261296722e-21
1.807978172124649791e+04 7.333323919912365112e-21 8.413376030978625009e-21
1.808613527200672252e+04 1.051172365528766587e-20 8.154213239860453433e-21
1.809248880440122593e+04 1.714679065395642066e-20 7.623544516381114063e-21
1.809884231840975553e+04 4.454565748955683586e-21 7.993998998689273993e-21
1.810519581401413598e+04 2.292924757791953789e-20 7.778697111085159749e-21
1.811154929119630833e+04 2.716572219343969012e-20 7.299906529962092390e-21
1.811790274993473940e+04 2.346376708213041268e-20 8.621779188474618805e-21
1.812425619021291641e+04 5.525592506674220125e-21 8.893421833409288102e-21
1.813060961200837482e+04 1.505073982568707140e-20 7.539799499580695857e-21
1.813696301530346318e+04 1.298307344016932443e-20 7.413165553637322157e-21
1.814331640007995156e+04 5.400817398138300343e-21 7.598168745687801096e-21
1.814966976631711077e+04 1.202470998026445438e-20 8.150358162075055084e-21
1.815602311399730752e+04 2.672529702283403244e-20 8.251179658099482110e-21
1.816237644310061296e+04 1.220256771532514173e-20 7.896205288951035923e-21
1.816872975360720375e+04 -4.746814925637614651e-21 7.786236585959817460e-21
1.817508304549891545e+04 5.422863105097319984e-22 8.094401832706533931e-21
1.818143631875550273e+04 1.836935546527377895e-20 8.074903837786442201e-21
1.818778957335939413e+04 2.432000799415215423e-20 7.367215756819155327e-21
1.819414280929069355e+04 2.589490561893892594e-21 7.338963062449523117e-21
1.820049602653027250e+04 1.886032683335130487e-20 7.778400099595889339e-21
1.820684922505790382e+04 1.519708539665795893e-20 8.265642349335745160e-21
1.821320240485676914e+04 1.500553292667459582e-20 8.431311635572953508e-21
1.821955556590621200e+04 1.476430514072556420e-20 8.106778332340640334e-21
1.822590870818674375e+04 -5.144561751903009552e-21 7.758568018624999552e-21
1.823226183168165880e+04 8.318305701822067642e-22 8.078705907609193486e-21
1.823861493636869272e+04 2.197849259898967167e-20 8.342982107204425014e-21
1.824496802223085979e+04 2.525215177055201072e-20 9.009242956942592983e-21
1.825132108924903150e+04 -4.905708703333539383e-21 8.441375394048697014e-21
1.825767413740175471e+04 -1.592848628166808831e-20 7.961467344650523938e-21
1.826402716667437198e+04 -9.295731014686195483e-21 8.105656838208880251e-21
1.827038017704386220e+04 -1.991000180840682907e-20 8.009063080547453607e-21
1.827673316849356706e+04 2.651745952634782012e-23 8.185368995723607183e-21
1.828308614100337581e+04 2.907423799431003585e-22 9.093444176938739036e-21
1.828943909455498215e+04 -7.228690367909004723e-22 7.768704852024984811e-21
1.829579202912778055e+04 8.690013180570141933e-21 7.491564124602816845e-21
1.830214494470475984e+04 6.689743748501309549e-21 8.321295305872625133e-21
1.830849784126533268e+04 1.902052128433637070e-20 8.209244920702532568e-21
1.831485071879292445e+04 1.609589646344743693e-20 8.394618319476698077e-21
1.832120357726625662e+04 1.846476735172634926e-20 8.119956884469485578e-21
1.832755641666580050e+04 5.479021929669733385e-21 7.814358715550856125e-21
1.833390923697545441e+04 1.999918060961281642e-20 7.801458868531157518e-21
1.834026203817303031e+04 3.040568849534630850e-20 8.201689287690614651e-21
1.834661482024239740e+04 -3.305758568960482962e-22 7.204646840487338921e-21
1.835296758316301202e+04 -2.583220709704749757e-21 7.465432306065914362e-21
1.835932032691529821e+04 3.572136037600611717e-20 8.592250693184109508e-21
1.836567305148206651e+04 8.729365723243358475e-21 7.697358169045262543e-21
1.837202575684410476e+04 1.039465687822647824e-20 8.083560685186579228e-21
1.837837844298085110e+04 1.586766280630538450e-20 8.158694126863164267e-21
1.838473110987625478e+04 1.454403192000760599e-20 7.402099957470694296e-21
1.839108375750816776e+04 1.135172059674244246e-20 6.929566787264062277e-21
1.839743638586124507e+04 1.293230680138611068e-20 8.155076111417887580e-21
1.840378899491241827e+04 1.484210472234236717e-20 8.154371606791525853e-21
1.841014158464587672e+04 2.518245750138329082e-20 7.818004832023824410e-21
1.841649415504193530e+04 -1.030606839533438004e-20 7.343912762202514629e-21
1.842284670608212400e+04 1.414381577490909714e-20 7.098117022489561154e-21
1.842919923774760173e+04 2.527443821589246340e-20 7.491942221296944345e-21
1.843555175001743919e+04 1.969322793256905547e-20 7.412923949585046414e-21
1.844190424287500355e+04 -1.600380483385256685e-20 7.743533949598646010e-21
1.844825671630044963e+04 1.093414476638415234e-20 8.838869783386708469e-21
1.845460917027746473e+04 1.102056149624844935e-20 7.682888122924572592e-21
1.846096160478183083e+04 5.326392221925088329e-21 7.333398867394351581e-21
1.846731401980096052e+04 1.157571078204982650e-20 7.541269090438952265e-21
1.847366641531105051e+04 1.301430900289573595e-20 7.766771917476734637e-21
1.848001879129696681e+04 1.263869324554797017e-20 7.789762834031995772e-21
1.848637114773643771e+04 1.419494116919165652e-20 7.312908415003698525e-21
1.849272348461338697e+04 1.528102085991387819e-20 7.622562323154432088e-21
1.849907580190945373e+04 -6.146732432925935439e-21 7.887242189091887440e-21
1.850542809960335217e+04 -1.624428155604169438e-20 8.113842174383968258e-21
1.851178037767713977e+04 9.523334604023633663e-21 7.707146063148963937e-21
1.851813263611290313e+04 -1.938034863318145563e-21 7.651634167473500201e-21
1.852448487489213949e+04 1.448496901002227681e-20 8.103551022173066838e-21
1.853083709399402505e+04 4.235382696246467404e-21 7.479605081698196740e-21
1.853718929340245086e+04 -3.288413909662973752e-21 7.589737695030895292e-21
1.854354147309660038e+04 6.234697414766464527e-21 7.337235454537264263e-21
1.854989363305899315e+04 -9.691659692954831629e-21 7.688646215066935560e-21
1.855624577326921644e+04 -8.784692154474561521e-21 7.568793438934954038e-21
1.856259789371151783e+04 6.241165173064623417e-21 8.213825861754698978e-21
1.856894999436488069e+04 2.238848930661105687e-20 9.240819784820974879e-21
1.857530207521067859e+04 1.258250138831977349e-20 7.924782904291929323e-21
1.858165413623073982e+04 1.822713742903490271e-20 7.314666524014240417e-21
1.858800617740636517e+04 1.692344039714511656e-20 7.293247986815750063e-21
1.859435819871930653e+04 4.494816743025937392e-21 7.666890270228252401e-21
1.860071020015088652e+04 -8.063680907106216652e-22 7.714722421516058963e-21
1.860706218168070700e+04 3.580015432516917056e-20 8.453161264482121855e-21
1.861341414329252075e+04 1.254788513276410778e-20 7.940155185123498818e-21
1.861976608496471090e+04 1.355099883522562276e-20 8.066633396970927780e-21
1.862611800668259093e+04 4.541961453744596585e-21 7.294245411296477393e-21
1.863246990842408195e+04 1.417114593553372055e-20 7.411376233329096529e-21
1.863882179017184171e+04 1.452000947762213450e-22 8.151048343350978531e-21
1.864517365190850614e+04 1.811354239081200292e-20 8.312032525284925055e-21
1.865152549361202909e+04 2.156862811589448764e-20 8.472872527174594953e-21
1.865787731526798234e+04 3.821630439530862128e-21 7.871782022752290394e-21
1.866422911685335930e+04 1.418018789424519263e-20 8.094177304967340652e-21
1.867058089835361170e+04 2.301203729202058422e-20 7.973016231397489492e-21
1.867693265974797032e+04 6.638132310106169246e-21 7.972480174578036753e-21
1.868328440101785600e+04 2.394006649133114053e-21 7.332345147183607059e-21
1.868963612214551904e+04 3.350769387019393480e-21 7.040083891300347167e-21
1.869598782311152900e+04 -1.457806145132602753e-21 7.360174812504607204e-21
1.870233950389859092e+04 1.385565031055201643e-20 7.610187975592657197e-21
1.870869116448745990e+04 1.322548074777548620e-20 8.136528175388147678e-21
1.871504280485718846e+04 2.823679660083393455e-20 7.823125148755643606e-21
1.872139442499358847e+04 8.197052987770836559e-20 8.552214959606465954e-21
1.872774602487374068e+04 7.514625071484922722e-20 8.227395302185720844e-21
1.873409760448346788e+04 1.083975081287470260e-19 1.001569088114014575e-20
1.874044916380072391e+04 7.063330379568766658e-20 9.119933230074595027e-21
1.874680070280829750e+04 5.889381478547168273e-21 7.884965407121442319e-21
1.875315222148887187e+04 1.424673596056263832e-20 7.944652791162023276e-21
1.875950371982121942e+04 2.390869249903969090e-21 7.338474484364095036e-21
1.876585519778873640e+04 3.121468133550305277e-20 8.141901185823228560e-21
1.877220665537292007e+04 1.898785050592192406e-20 7.681566947614695833e-21
1.877855809255393251e+04 -3.831322726265258939e-21 7.721745544829840388e-21
1.878490950931548650e+04 8.386085456827620015e-21 8.264801968235646247e-21
1.879126090563556136e+04 1.174739391547890853e-21 8.099060669029024419e-21
1.879761228150008901e+04 -3.908373218384134186e-21 7.946600255760979006e-21
1.880396363688778365e+04 -1.856467975385928897e-20 1.135126960544073578e-20
