1.699904912600163880e+04 2.040077408399932519e-20 8.392474653343660153e-21
1.700971714259383953e+04 -7.023707037078814203e-21 8.633871815970765021e-21
1.702038510913825303e+04 5.052835808803597889e-20 8.696019608349884459e-21
1.703105302562528959e+04 5.851558317606743902e-20 9.056814261154260995e-21
1.704172089202121424e+04 2.993358090421123971e-20 9.049445174280772533e-21
1.705238870830671658e+04 3.877709520890939892e-20 8.903010132726643355e-21
1.706305647444802889e+04 4.786243922247172633e-20 8.524912399732956980e-21
1.707372419043557238e+04 3.486653337229197954e-20 9.940458999328877321e-21
1.708439185623550657e+04 5.565273668850651284e-20 9.434696448676228040e-21
1.709505947182373711e+04 6.231348015514817406e-20 9.707398253630214150e-21
1.710572703717853437e+04 5.203090827773345100e-20 9.575514202042286140e-21
1.711639455227820145e+04 5.050017196905352677e-20 8.936517163328232362e-21
1.712706201709616653e+04 4.609577811661603176e-20 9.274244578212322576e-21
1.713772943160578507e+04 6.369290665336302865e-20 9.645414836827807553e-21
1.714839679578537834e+04 5.723620764236529950e-20 9.720946371578194825e-21
1.715906410961080110e+04 2.416224721815497471e-20 9.814744453825299767e-21
1.716973137306032731e+04 4.513797740500547091e-20 8.680934091282632849e-21
1.718039858610491865e+04 5.893765840303368002e-20 1.026649450891379511e-20
1.719106574872283090e+04 3.507009853578869515e-20 9.909675258110934230e-21
1.720173286088744135e+04 5.033921655566032665e-20 9.192330308414963854e-21
1.721239992258673738e+04 7.113808083314984288e-20 8.801851655542592544e-21
1.722306693377950069e+04 4.243014230602473266e-20 9.643432418084834894e-21
1.723373389444392888e+04 6.930718864112976159e-20 9.804565563867597343e-21
1.724440080457046497e+04 5.052302424140401912e-20 9.527120942314221684e-21
1.725506766411780700e+04 5.065881183613453950e-20 9.346010879367973071e-21
1.726573447307144306e+04 6.037010268331227868e-20 1.010748954410280610e-20
1.727640123140720971e+04 4.258164245592932832e-20 9.029508259323716427e-21
1.728706793909356202e+04 4.622409125868318253e-20 9.537386897745778848e-21
1.729773459611114595e+04 3.137062351614599244e-20 8.154737488793301488e-21
1.730840120244305217e+04 3.280004578039020570e-20 9.481799133665013846e-21
1.731906775805036159e+04 6.854257685696725599e-20 9.004013505384336176e-21
1.732973426291859869e+04 3.403407309332241668e-20 8.887665218216482491e-21
1.734040071701618581e+04 6.353070263788098977e-20 9.223751537347056109e-21
1.735106712032859650e+04 5.206227260746887283e-20 8.582451298170688729e-21
1.736173347282671602e+04 4.737769754665473561e-20 7.893665006609657692e-21
1.737239977448867648e+04 3.493789168330480600e-20 8.159328168942157894e-21
1.738306602528032090e+04 4.413232826492701355e-20 8.264090643363062842e-21
1.739373222518480179e+04 3.071238813842494120e-20 9.233128211153505769e-21
1.740439837418271054e+04 4.096479553709356366e-20 8.509721038350081457e-21
1.741506447223995201e+04 5.441778550041964200e-20 9.892444396426465101e-21
1.742573051934937394e+04 4.492598532261378757e-20 9.967260160995650178e-21
1.743639651546211462e+04 4.738113927208369375e-20 1.011727933631175655e-20
1.744706246056613236e+04 5.276547598191496438e-20 8.625253270674502910e-21
1.745772835464201125e+04 1.816210056637369497e-20 8.181457557365369889e-21
1.746839419765557614e+04 5.229652916217635347e-20 9.409686245550005819e-21
1.747905998959478893e+04 5.784483577791678262e-20 8.390254913688271921e-21
1.748972573042539807e+04 2.791764267165416655e-20 8.062186674157122089e-21
1.750039142011813601e+04 1.300093387702658838e-20 9.155429465988853243e-21
1.751105705866099743e+04 4.201937031284785216e-20 9.406549186019262433e-21
1.752172264602221912e+04 6.265926451525237151e-20 8.993387271778379584e-21
1.753238818217987500e+04 4.993845250632942015e-20 7.464373177611817461e-21
1.754305366711946044e+04 4.573290116145110528e-20 8.084367616281755739e-21
1.755371910079685767e+04 5.624268463082604884e-20 8.204014108864521097e-21
1.756438448319752206e+04 2.649565837543493596e-20 8.608794875237813702e-21
1.757504981430199769e+04 3.228389719761657040e-20 8.060202359201246908e-21
1.758571509407105623e+04 3.634116351535546159e-20 8.009303271477100308e-21
1.759638032250245669e+04 3.090267272469555959e-20 7.748064756307311289e-21
1.760704549955201583e+04 3.599499681523335630e-20 8.165109397192766791e-21
1.761771062520027772e+04 2.835678326301172939e-20 7.277736847070474791e-21
1.762837569943271592e+04 2.971875957772231082e-20 8.207468699612807614e-21
1.763904072221498063e+04 5.626273718373558972e-20 8.580125535801956440e-21
1.764970569352012171e+04 5.812100267430359564e-20 8.504371537865179999e-21
1.766037061333113888e+04 4.004460364204136325e-20 7.123233316697345893e-21
1.767103548162851803e+04 1.344376804719014744e-20 7.183420712722129405e-21
1.768170029837041147e+04 4.568764449675289501e-20 8.292556404442037689e-21
1.769236506354475932e+04 3.011123174633854762e-20 7.821903895242324833e-21
1.770302977712452048e+04 4.678686258899642338e-20 7.731361658794280446e-21
1.771369443908522226e+04 2.685549259256368701e-20 7.877293977733582809e-21
1.772435904940238834e+04 4.241694020767077686e-20 8.747452678355911053e-21
1.773502360805153148e+04 4.667339822981220681e-20 8.029550462620244761e-21
1.774568811500887023e+04 7.575560009869718326e-20 8.533991367631832578e-21
1.775635258116867044e+04 4.351733674511297337e-20 7.431755459595210509e-21
1.776701706017813558e+04 2.095471893799383942e-20 7.311829244476334676e-21
1.777768148741538607e+04 2.255508832250294063e-20 7.557990918540220002e-21
1.778834586285585101e+04 4.358607494549078763e-20 7.268561178445857934e-21
1.779901018648243917e+04 4.513215961226559296e-20 8.250300847152005634e-21
1.780967445827300980e+04 5.261628272404722902e-20 7.935277074348802794e-21
1.782033867819808074e+04 4.996083829623616752e-20 8.294521674281344247e-21
1.783100284622561594e+04 6.069294399365802771e-20 8.479371244249109362e-21
1.784166696234347182e+04 3.701644399928752745e-20 8.061187642051882804e-21
1.785233102652210800e+04 5.379082391376997781e-20 7.591064465848877196e-21
1.786299503873187859e+04 4.305279052282474185e-20 8.505487139005923613e-21
1.787365899895569601e+04 3.110938417444442597e-20 7.293755619859948436e-21
1.788432290717143769e+04 3.258038651223307818e-20 7.701290928908585399e-21
1.789498676334444826e+04 3.784336517134908973e-20 7.100700509652563751e-21
1.790548927262935103e+04 4.685292954010692493e-20 7.357338362533819743e-21
1.791615300789631874e+04 2.965353892568232481e-20 8.073648372670552459e-21
1.792681669617059379e+04 3.691574039585411636e-20 7.216456199226709022e-21
1.793748033235267212e+04 4.651373180772088207e-20 7.770506446814915412e-21
1.794814391636898290e+04 4.584154010120778982e-20 8.780761471027527482e-21
1.795880744820461405e+04 2.693052511436099822e-20 8.080419224140847779e-21
1.796947092783002518e+04 4.818422807635859532e-20 7.796937191692594646e-21
1.798013435522044165e+04 5.564397195887144641e-20 8.127370996843607330e-21
1.799079773035115431e+04 2.833436036404884085e-20 7.340707134595286982e-21
1.800146105319248818e+04 2.557877894552147045e-20 7.051959342181384900e-21
1.801212432371980685e+04 3.696212877198142252e-20 7.366222144964803660e-21
1.802278754192071574e+04 2.959500778477179803e-20 7.221219975463026431e-21
1.803345070776316061e+04 3.107226937774019013e-20 7.875924928608973143e-21
1.804411382122233772e+04 2.813591344029768418e-20 7.137268638409455525e-21
1.805477688227346516e+04 6.667710631748266248e-20 8.166374299022177297e-21
1.806543989088694798e+04 7.985173004470021985e-20 7.775132439853845490e-21
1.807610284705268714e+04 7.118219228870802063e-20 7.309816845879717369e-21
1.808676575073119966e+04 4.266228580420716064e-20 6.968445253538222922e-21
1.809742860190008651e+04 4.360274137392713294e-20 7.540441741349102107e-21
1.810809140053704687e+04 4.488156958260752222e-20 7.350178043376712499e-21
1.811875414661488321e+04 4.717196274051865849e-20 7.879922775978418613e-21
1.812941684011370671e+04 3.657226067506530066e-20 7.415092044864655860e-21
1.814007948100623616e+04 4.563226375828724542e-20 7.989254272882060018e-21
1.815074206926519400e+04 4.242773557792226073e-20 7.843845607347727489e-21
1.816140460487070231e+04 4.879703340704671355e-20 7.706110233619569350e-21
1.817206708780286863e+04 4.777093850717126380e-20 7.596674820448303417e-21
1.818272951802689568e+04 4.649277120445764152e-20 7.223888931257321972e-21
1.819339189551540767e+04 5.295570238561537717e-20 7.739030852859987983e-21
1.820405422024601648e+04 4.635603309692994377e-20 7.286831862901601021e-21
1.821471649219394385e+04 4.705304094973793965e-20 8.069342924001155013e-21
1.822537871134417219e+04 5.824013172199295138e-20 7.970803258027055022e-21
1.823604087765700751e+04 4.345557244952650837e-20 7.670588129088263465e-21
1.824670299111984423e+04 4.426284698692889388e-20 7.609287089638526445e-21
1.825736505170038799e+04 6.035385503431343935e-20 7.567248238037612760e-21
1.826802705937862629e+04 4.589083684985128359e-20 7.717479688587963943e-21
1.827868901412472405e+04 4.796680073828832106e-20 7.811271574736549958e-21
1.828935091591875243e+04 3.712644804689440025e-20 7.724030693181220357e-21
1.830001276473819598e+04 4.721549010390069942e-20 7.331919587405251675e-21
1.831067456054324066e+04 5.493621088293494758e-20 7.440502352185857778e-21
1.832133630332624671e+04 7.480522999313593873e-20 8.364414360927598730e-21
1.833199799305234046e+04 3.400791258239617923e-20 7.109219232826894366e-21
1.834265962969401153e+04 3.577910864204589199e-20 6.580061234242665415e-21
1.835332121323867614e+04 3.882895614228882081e-20 6.890727786662307232e-21
1.836398274364644385e+04 5.262059550783092508e-20 6.672467923682021921e-21
1.837464422089729123e+04 4.549545769568913504e-20 6.549476788557428562e-21
1.838530564497618980e+04 4.933709550150989907e-20 7.159113586637397078e-21
1.839596701584323819e+04 5.298403394125251684e-20 7.110945267268384750e-21
1.840662833349078574e+04 4.505790870636948649e-20 7.012026417259682500e-21
1.841728959788129941e+04 3.576707504668119412e-20 7.505021582105985839e-21
1.842795080898465676e+04 2.817887329116314848e-20 7.750191341892574116e-21
1.843861196678580018e+04 4.765750020582393739e-20 7.828488589704249379e-21
1.844927307125977313e+04 2.344872620748790549e-20 6.896983940810519741e-21
1.845993412238142628e+04 4.091986889713026348e-20 7.441397912005040687e-21
1.847059512011575498e+04 4.921912292138888421e-20 6.735324991697131315e-21
1.848125606445760423e+04 6.999228238990203526e-20 7.802369740797054266e-21
1.849191695536439875e+04 6.400420081961360048e-20 7.197124024687726438e-21
1.850257779281340481e+04 5.389268123254128955e-20 7.689630877949982288e-21
1.851323857678448985e+04 3.948810106021337196e-20 6.441615374428349175e-21
1.852389930724246733e+04 4.459294826850804559e-20 7.209686952249679539e-21
1.853455998416979492e+04 5.531387731934416541e-20 7.553324254809079536e-21
1.854522060754637278e+04 4.617799533288078129e-20 7.529237388714419954e-21
1.855588117733951003e+04 4.682180014232426836e-20 7.632035171974600528e-21
1.856654169352899044e+04 4.486798731577899740e-20 7.085697709414380335e-21
1.857720215608212311e+04 4.944629003187371336e-20 6.894838191426344479e-21
1.858786256498119837e+04 4.533257875788074368e-20 6.865224271151520924e-21
1.859852292020106324e+04 6.010108690530058157e-20 6.980324482104933786e-21
1.860918322171393083e+04 3.764251504766581480e-20 6.564373971743229553e-21
1.861984346948958046e+04 6.071695693461094216e-20 7.352763160867924306e-21
1.863050366351030243e+04 5.812964206565193299e-20 7.060102694473815480e-21
1.864116380374590517e+04 2.825856728800775069e-20 6.629085477669586387e-21
1.865182389017861351e+04 5.351284348709991151e-20 6.956568965458029341e-21
1.866248392277309540e+04 3.499042196608726586e-20 6.902140346573692563e-21
1.867314390151157568e+04 4.920309022401213081e-20 6.549567087867305888e-21
1.868380382636378999e+04 3.682736618694614216e-20 6.095472783048427038e-21
1.869446369731199957e+04 2.959968999585385763e-20 6.322224684198855211e-21
1.870512351432085779e+04 4.694794104190454691e-20 6.636255472486275572e-21
1.871578327737508516e+04 4.125599429600335737e-20 6.566064948680735090e-21
1.872644298643927686e+04 3.077114860425904665e-20 6.713819517773900401e-21
1.873710264149313662e+04 3.020854557712096417e-20 5.500145516704976922e-21
1.874776224251380700e+04 3.675652632916748270e-20 5.921018691409198349e-21
1.875842178947087814e+04 3.772853764212533603e-20 6.204496615633023229e-21
1.876908128234153264e+04 4.933178319763135317e-20 6.267645732040249708e-21
1.877974072110044290e+04 4.975328872683439830e-20 7.129695625889429702e-21
1.879040010572223764e+04 3.573695674871046287e-20 6.238844122133223819e-21
1.880105943618654419e+04 5.150716905338746604e-20 6.883049032484981300e-21
1.881171871245783768e+04 1.407548495865267932e-19 8.502857291453730138e-21
1.882237793451565449e+04 4.032404624350987676e-19 1.150016421786255755e-20
1.883303710233462334e+04 3.737246276620501720e-19 1.141228528343801255e-20
1.884369621588934388e+04 9.814131384995696616e-20 7.746819346815346400e-21
1.885435527515439026e+04 4.542644934537192535e-20 6.410003101632857815e-21
1.886501428010680320e+04 2.356010009144225665e-20 6.806642698628263622e-21
1.887567323071353167e+04 5.274126792885743100e-20 6.883711354213637137e-21
1.888633212695922703e+04 9.398139693364225735e-20 6.868017892458193179e-21
1.889699096881072182e+04 6.684213512575035042e-20 6.374153214498006390e-21
1.890764975624250292e+04 2.253480311859786202e-20 5.864948865425716934e-21
1.891830848923420126e+04 2.033896937572653824e-20 6.542101144258561128e-21
1.892896716775778623e+04 4.159227444291404019e-20 5.963128917588104560e-21
1.893962579178770102e+04 4.362339977233826247e-20 7.382645525058322552e-21
1.895028436129840338e+04 4.406615652489392407e-20 6.905324667374377005e-21
1.896094287626432197e+04 5.133827118017883160e-20 7.078381869466980129e-21
1.897160133665980538e+04 4.362945602443708044e-20 6.499242209050976712e-21
1.898225974245422185e+04 3.024169910546025353e-20 5.782510674547414709e-21
1.899291809363221182e+04 4.139196269925803321e-20 7.085277998812437617e-21
1.900357639016313988e+04 3.237222252156888759e-20 5.845986524241490554e-21
1.901423463202134371e+04 3.687666777113731052e-20 6.760069635797882094e-21
1.902489281917864355e+04 3.824072236689473127e-20 6.710567317340503498e-21
1.903555095161446297e+04 3.850487918390968070e-20 6.979431105878823852e-21
1.904620902929549993e+04 1.469509320820195642e-20 6.688368323179808998e-21
1.905686705220118529e+04 4.078089388643044723e-20 6.074315621190261082e-21
1.906752502031107724e+04 4.556306081604930864e-20 6.012473840780338701e-21
1.907818293359181916e+04 4.534070010922432069e-20 6.390046001268192869e-21
1.908884079198020845e+04 5.792205523726480607e-20 7.110712182519641516e-21
1.909949859042314347e+04 3.386211733737049272e-20 6.625306015146014244e-21
1.910999373348727022e+04 2.779385292972177859e-20 5.937395325241040508e-21
1.912065141559916083e+04 2.773152310543467852e-20 6.596783316075739185e-21
1.913130904275563444e+04 2.759731382089071810e-20 5.887873534467926704e-21
1.914196661492572093e+04 5.504135620646191239e-20 6.620732133811861417e-21
1.915262413208886937e+04 4.032214609012785012e-20 6.456919440762594261e-21
1.916328159421932651e+04 3.596107636334600999e-20 6.842533629443862822e-21
1.917393900129131725e+04 4.046335783740189745e-20 6.787281664299439381e-21
1.918459635326839998e+04 4.647141092771150364e-20 5.708431778574178531e-21
1.919525365015643911e+04 4.048502969105344609e-20 6.339940160386386788e-21
1.920591089189283230e+04 3.326170172551606721e-20 6.127623726664956281e-21
1.921656807847278469e+04 5.561950355167532927e-20 6.565992340509754604e-21
1.922722520987045573e+04 3.903754084974376013e-20 6.421587658573994988e-21
1.923788228605472250e+04 3.457608748894789273e-20 5.869729532642577333e-21
1.924853930699438934e+04 5.651566252636444015e-20 6.627680313570566591e-21
1.925919627267414035e+04 7.098363958693788312e-20 6.646587877716007384e-21
1.926985318305761029e+04 1.052644683737265103e-19 7.382481969503387356e-21
1.928051003812417184e+04 6.483418212462216863e-20 6.739003502042796792e-21
1.929116683784791894e+04 5.091863304490406907e-20 5.957175186701839392e-21
1.930182358220291644e+04 7.508026249200489208e-20 6.892344746197408524e-21
1.931248027116321464e+04 9.210956206377957808e-20 6.663895648016468033e-21
1.932313690470807705e+04 4.171799805706834902e-20 6.813019772288455780e-21
1.933379348280636987e+04 4.415314267563397314e-20 6.879990515081112356e-21
1.934445000542156049e+04 3.778117974508666011e-20 6.542095274576280329e-21
1.935510647253291972e+04 6.001479197989156192e-20 6.742792155929499069e-21
1.936576288412508075e+04 4.052286905008699645e-20 6.866952531486848469e-21
1.937641924017201745e+04 3.559553277567666435e-20 6.624124081653453187e-21
1.938707554064229407e+04 3.637695692886120195e-20 6.668274306103229230e-21
1.939773178551001183e+04 5.704064076121230930e-20 6.521149569727648712e-21
1.940838797475444517e+04 3.845846903866155874e-20 6.551791424142977003e-21
1.941904410833893053e+04 4.164764093550281384e-20 6.191200772516554800e-21
1.942970018624272416e+04 2.614984914299155152e-20 5.787061624292178313e-21
1.944035620843442666e+04 4.140461763476693132e-20 5.709116566176496897e-21
1.945101217489844203e+04 3.175505634235726147e-20 6.835366175522123721e-21
1.946166808560346544e+04 2.569709593872615473e-20 5.977743450965132044e-21
1.947232394052340896e+04 2.078857662738923297e-20 6.013398099538817930e-21
1.948297973962150718e+04 2.814125514532075903e-20 6.301083204145962767e-21
1.949363548288758830e+04 3.221897418161267041e-20 5.737179667207999643e-21
1.950429117029018744e+04 4.375180780917460558e-20 6.152896625905474383e-21
1.951494680180833893e+04 4.324826143848191305e-20 6.098940139551311569e-21
1.952560237741595483e+04 4.381784060097382571e-20 6.289013238014270595e-21
1.953625789707624062e+04 3.110931172375402719e-20 6.187164982169841373e-21
1.954691336076832886e+04 4.513788765162553435e-20 6.717760658213801786e-21
1.955756876845531951e+04 4.258173730625756080e-20 6.582682629259230970e-21
1.956822412013233770e+04 4.869081034920894071e-20 5.759187862041639465e-21
1.957887941576770754e+04 4.620342418352614291e-20 6.068549004011803529e-21
1.958953465530319590e+04 3.418233230280864255e-20 5.915424392868849034e-21
1.960018983875533013e+04 5.388184147104002528e-20 6.062762391324465421e-21
1.961084496608179325e+04 4.375839157479813979e-20 5.939251591601054229e-21
1.962150003726701107e+04 3.288120847835354953e-20 5.638034832005394205e-21
1.963215505226863752e+04 4.605724058164338376e-20 5.977207205010531086e-21
1.964281001106558688e+04 3.881999853201546734e-20 6.208250589421435236e-21
1.965346491362090819e+04 3.639388518272236197e-20 6.227706726583107466e-21
1.966411975992435691e+04 3.826617968744835243e-20 6.009825820819859666e-21
1.967477454995496009e+04 4.311202774831475100e-20 6.028277835332296805e-21
1.968542928365418993e+04 2.889741581064777352e-20 5.945933765753736783e-21
1.969608396101711332e+04 3.580920738681085085e-20 5.533179940957609937e-21
1.970673858203863711e+04 4.731797786247745113e-20 5.984133644330979139e-21
1.971739314666569771e+04 2.885668046752803266e-20 5.671349857174076052e-21
1.972804765487186523e+04 2.384363273542359465e-20 6.100342393506385957e-21
1.973870210664147089e+04 5.345587845461523288e-20 6.740791542431039246e-21
1.974935650193195397e+04 3.960122372757704889e-20 6.476751672026787856e-21
1.976001084073833408e+04 3.406733138055483315e-20 6.281292742499499963e-21
1.977066512300714021e+04 4.099937193597391709e-20 6.364762311199164169e-21
1.978131934872814963e+04 5.043577230188683301e-20 6.182002241621496479e-21
1.979197351789641471e+04 3.857678144849661545e-20 5.579075028621268584e-21
1.980262763045313841e+04 3.176500539879077032e-20 5.907004609308087377e-21
1.981328168638795978e+04 1.339694266540321629e-20 5.555177835763142154e-21
1.982393568565271562e+04 2.741985650771403697e-20 5.846833304888512172e-21
1.983458962825855997e+04 4.565588206217258122e-20 6.167971799023091619e-21
1.984524351413590193e+04 4.408530904826602389e-20 5.983524108708778701e-21
1.985589734328511258e+04 4.926944675168314763e-20 5.532047226460691811e-21
1.986655111567965287e+04 3.634120311146541330e-20 5.463172894075327445e-21
1.987720483129288914e+04 4.347020160727998266e-20 6.239777878680804718e-21
1.988785849009270896e+04 4.656835509980324700e-20 5.967346954800853902e-21
1.989851209203094913e+04 2.963911589880915461e-20 5.462345902263883630e-21
1.990916563712422794e+04 2.646419494183923603e-20 5.416606418978297733e-21
1.991981912531348644e+04 2.907288560700283371e-20 6.003667938447420933e-21
1.993047255657742062e+04 1.817161871532269679e-20 5.052601310180416440e-21
1.994112593091102826e+04 4.147572455068557404e-20 4.841857621894172563e-21
1.995177924826582239e+04 3.273113049416900382e-20 5.287315014696120299e-21
1.996243250862605419e+04 3.054839823067554738e-20 5.796392708375961761e-21
1.997308571194334581e+04 3.544925478580000358e-20 5.979507229966038944e-21
1.998373885821263320e+04 3.994242784075139373e-20 5.763997158817673817e-21
1.999439194739633604e+04 4.951770118032721870e-20 5.247394973175850388e-21
2.000504497948387871e+04 4.308562857887678948e-20 5.716901914269204015e-21
2.001569795444304691e+04 3.648502077984962096e-20 5.598202534105120899e-21
2.002635087224174276e+04 3.686257451515456846e-20 5.535559075096133389e-21
2.003700373282596775e+04 3.418104629039026086e-20 5.328705370971284405e-21
2.004765653621782985e+04 3.418333615408390858e-20 5.623476079702067488e-21
2.005830928235785177e+04 3.430695370069772830e-20 5.152873173328130254e-21
2.006896197124080936e+04 2.781484574111518775e-20 5.512785783918189997e-21
2.007961460283455381e+04 2.970504480935513160e-20 5.512994162210538136e-21
2.009026717709590957e+04 3.265224653689740367e-20 5.587723974507501069e-21
2.010091969400354355e+04 3.409988907760056001e-20 5.815027448909205116e-21
2.011157216714100650e+04 3.035257997825235556e-20 5.723278968117852117e-21
2.012222459046893346e+04 2.380794060833677936e-20 5.546270011590921716e-21
2.013287695637820434e+04 2.740900522057995080e-20 5.582361491391234095e-21
2.014352926483104238e+04 5.267016377248410904e-20 6.076114066905179516e-21
2.015418151578959441e+04 3.968171954766078521e-20 5.733601044252497504e-21
2.016483370923776602e+04 4.542523460960994605e-20 5.952794976280125469e-21
2.017548584515400580e+04 5.333456354010214064e-20 5.755620610851771162e-21
2.018613792350578660e+04 2.527150579622399690e-20 5.289262682400102297e-21
2.019678994427713769e+04 2.953142893094507288e-20 5.522455879025763916e-21
2.020744190741368584e+04 3.307569358453354806e-20 5.628022106775172242e-21
2.021809381290481906e+04 3.977506322645373530e-20 5.749838136781216965e-21
2.022874566072345260e+04 4.438808067265161904e-20 5.649822104376283431e-21
2.023939745084785318e+04 3.626367635122560658e-20 5.852506349995248084e-21
2.025004918325654580e+04 3.698638662400854269e-20 6.234221784991864669e-21
2.026070085789505902e+04 2.479024729886167151e-20 5.645858420126393824e-21
2.027135247475272627e+04 2.735406355541085736e-20 6.150191392268257301e-21
2.028200403380789066e+04 4.318626415903113730e-20 5.796406868011447685e-21
2.029265553502231705e+04 3.202208328099102859e-20 5.092830264537985966e-21
2.030330697839086133e+04 3.376005682965660645e-20 5.382249211004610358e-21
2.031395836384250651e+04 3.213683310976091922e-20 5.431939846782285227e-21
2.032460969139946974e+04 3.647164435237709197e-20 5.305604111260406547e-21
2.033526096099609276e+04 2.597202106017304309e-20 5.380816071106647928e-21
2.034591217263806902e+04 2.540761310294496557e-20 5.200592504516305643e-21
2.035656332628166638e+04 3.011071745427317450e-20 5.548280453310944301e-21
2.036721442187771027e+04 3.723808676982707291e-20 5.201964465379741359e-21
2.037786545944296086e+04 3.298615540340640737e-20 5.648090605199715969e-21
2.038851643891713320e+04 3.486546577972163646e-20 5.729581770659625870e-21
2.039916736029491949e+04 3.823769152590327514e-20 5.384007006158329099e-21
2.040981822351031951e+04 2.987716478341729413e-20 5.449819977669343922e-21
2.042046902859130569e+04 4.133529639593188808e-20 5.305805344031257908e-21
2.043111977547193965e+04 2.842637953488654555e-20 5.627073854542055754e-21
2.044177046414142751e+04 3.446551723290766567e-20 5.486953733782195071e-21
2.045242109457234983e+04 4.019796287871191644e-20 6.052029057573870410e-21
2.046307166670409424e+04 4.531441245819532893e-20 5.058718520133555069e-21
2.047372218056465499e+04 4.231239110606220162e-20 5.800233317431960047e-21
2.048437263609346337e+04 2.800014347795604090e-20 5.784000707805724507e-21
2.049502303327417030e+04 2.812632466433266275e-20 5.286480117894371344e-21
2.050567337204055366e+04 3.630283137140030776e-20 5.345056262269092142e-21
2.051632365243143795e+04 2.893472059463144133e-20 5.200829667571827090e-21
2.052697387437524230e+04 4.823244056172063380e-20 5.909895056731589950e-21
2.053762403786662981e+04 3.067395266536974168e-20 5.802043863964023475e-21
2.054827414283376856e+04 3.839000219209336613e-20 5.701740983760854359e-21
2.055892418931562497e+04 2.750557828417100936e-20 5.852458089624075928e-21
2.056957417724019251e+04 4.050043203147031525e-20 5.041449128933861009e-21
2.058022410660226160e+04 3.557971087243939681e-20 5.365794937267404139e-21
2.059087397732985846e+04 3.899723254586356585e-20 5.339049467017149550e-21
2.060152378946205499e+04 3.306900974593382781e-20 5.707082401896745663e-21
2.061217354292678283e+04 4.233788623377082054e-20 5.580353741659165681e-21
2.062282323771855226e+04 4.120659356054466687e-20 5.123444412867810655e-21
2.063347287376539316e+04 2.995070912892432498e-20 5.467834084516045147e-21
2.064412245110640652e+04 2.831850039035411043e-20 5.237581171582905461e-21
2.065477196966946940e+04 3.825046487195552256e-20 5.483042329349805820e-21
2.066542142944351144e+04 2.558998324502009000e-20 5.278311730131288230e-21
2.067607083037293341e+04 4.286466593712430148e-20 5.217355474132147566e-21
2.068672017247473923e+04 4.255414107649246976e-20 5.236007643736982450e-21
2.069736945569892123e+04 3.408346806037492832e-20 5.075512923305436659e-21
2.070801868000660033e+04 2.694256917252233602e-20 5.614894499447073549e-21
2.071866784538110005e+04 2.355869439072186471e-20 4.984856983397654538e-21
2.072931695180019233e+04 3.372457113283203820e-20 5.076022302586619479e-21
2.073996599923623216e+04 3.893867803941932891e-20 5.294187510713409394e-21
2.075061498763347481e+04 2.641356765656500899e-20 5.209251104014830896e-21
2.076126391700881868e+04 4.314196308178956492e-20 5.312404178837820548e-21
2.077191278730639897e+04 5.693631059622785786e-20 5.711740654086627252e-21
2.078256159849835240e+04 2.881478962094986440e-20 5.437280549048224185e-21
2.079321035055693210e+04 3.378292615332689034e-20 5.138641890345207795e-21
2.080385904347664837e+04 4.023111826808190320e-20 5.257865641321524228e-21
2.081450767721283410e+04 3.603358077237404445e-20 5.016329864768225910e-21
2.082515625172060754e+04 1.825290908004421464e-20 5.164281020441002565e-21
2.083580476700015060e+04 4.583489446208019099e-20 5.233054371606670502e-21
2.084645322300677799e+04 4.418081487999982209e-20 5.587594574081350376e-21
2.085710161971250636e+04 4.104239655174467754e-20 5.036712416090550724e-21
2.086774995710061557e+04 2.292352812260004719e-20 5.641485396502356667e-21
2.087839823514291493e+04 3.530603057064790769e-20 5.246551272434686141e-21
2.088904645381719820e+04 3.939337979076567291e-20 5.275745039272538025e-21
2.089969461305053846e+04 2.924552037064682410e-20 5.053197183382954045e-21
2.091034271287105730e+04 3.892215407647554960e-20 4.928534608640638776e-21
2.092099075323381840e+04 2.582625707355862068e-20 4.927893101601088747e-21
2.093163873408250220e+04 4.037921205658573533e-20 5.385292048124612205e-21
2.094228665542857925e+04 3.000106986561462848e-20 4.658664223759500720e-21
2.095293451722144164e+04 2.089868391539888029e-20 4.583599000361116672e-21
2.096358231943293868e+04 2.251718123876574164e-20 4.963097761463775662e-21
2.097423006204611011e+04 3.804039025210156658e-20 5.058647618669571572e-21
2.098487774503284891e+04 3.256589205483916280e-20 5.217820039872589524e-21
2.099552536834813145e+04 3.855557616697436791e-20 5.566111293684893309e-21
2.100617293198071275e+04 2.997161543951253547e-20 5.002776981601770988e-21
2.101682043590239846e+04 5.295488324742087274e-20 5.055788630648825790e-21
2.102746788007347277e+04 4.931875971851343581e-20 5.496380336284357922e-21
2.103811526446589414e+04 3.404464462925428684e-20 5.460613777025074296e-21
2.104876258906836665e+04 3.157872823454640749e-20 5.035873283537118195e-21
2.105940985384134183e+04 4.998162803808401192e-20 4.997184547274787520e-21
2.107005705873382249e+04 3.591255028535388411e-20 5.174462307992684431e-21
2.108070420376269976e+04 2.104199351295844871e-20 5.062392180014138224e-21
2.109135128887718020e+04 3.781597796991217796e-20 5.089921985286903653e-21
2.110199831402624841e+04 2.696695537511187062e-20 4.614431280625626338e-21
2.111264527923254718e+04 2.515766015262922688e-20 4.961289054078168487e-21
2.112329218442791898e+04 3.836786437662779909e-20 4.481435297129672853e-21
2.113393902957835962e+04 3.094570071143922628e-20 5.020458355950685155e-21
2.114458581470092759e+04 3.562593119068248417e-20 5.008616243535883104e-21
2.115523253972749080e+04 2.496477101957024834e-20 4.748401614934997815e-21
2.116587920462387046e+04 3.569679022879380654e-20 4.653497262765367151e-21
2.117652580940694315e+04 3.960619983038492737e-20 4.552308125322468922e-21
2.118717235400295976e+04 3.933576023539976783e-20 4.879231900859656837e-21
2.119781883839477450e+04 3.208496520879626638e-20 5.402012736773437771e-21
2.120846526257667574e+04 3.332605769900010595e-20 5.127623535190936824e-21
2.121894666402871007e+04 4.555296122835108786e-20 5.146626865260920029e-21
2.122959295591729460e+04 4.691507375081504654e-20 4.810497397203889192e-21
2.124023918752995814e+04 3.204535936782585803e-20 5.079860969618767691e-21
2.125088535878398397e+04 3.380658204065466222e-20 5.208900106036195564e-21
2.126153146968968940e+04 3.947334079735481064e-20 5.195607546960107598e-21
2.127217752019068575e+04 4.126497440953463111e-20 4.969305387263932343e-21
2.128282351025276876e+04 2.946639588400500258e-20 4.783212257618824659e-21
2.129346943986957922e+04 3.024066504612940085e-20 4.642710952592099507e-21
2.130411530899571153e+04 4.070175280026050021e-20 4.711874333744203939e-21
2.131476111760248386e+04 4.330842756221388775e-20 4.406138753131017794e-21
2.132540686568354795e+04 3.263225191669019242e-20 4.529989805968801535e-21
2.133605255317678166e+04 3.492491000313378427e-20 5.092876021108939834e-21
2.134669818007570575e+04 4.130783190197976764e-20 5.097773753912520827e-21
2.135734374635150743e+04 2.852885579675157553e-20 5.014243214843526456e-21
2.136798925195875199e+04 3.897525760788353969e-20 4.893161330755048537e-21
2.137863469689101112e+04 3.339572440834030269e-20 4.737243929941129509e-21
2.138928008110275186e+04 3.664212427693262286e-20 4.708832806496600598e-21
2.139992540456504867e+04 3.225203207514424648e-20 5.055877391843485499e-21
2.141057066726585617e+04 3.366522702482576960e-20 4.825754496011411268e-21
2.142121586915962325e+04 4.351749371263165762e-20 4.687366340500343402e-21
2.143186101021748254e+04 2.515170758194708161e-20 4.778809222172314982e-21
2.144250609042727228e+04 3.502328218743902538e-20 5.065273195602411058e-21
2.145315110973771880e+04 3.627022261403363127e-20 4.900680539808547334e-21
2.146379606814225190e+04 4.276778331325752737e-20 5.013174495220411578e-21
2.147444096558960155e+04 4.680448561511444266e-20 4.834800600515830444e-21
2.148508580206201077e+04 4.046189611785547707e-20 4.853673602630944850e-21
2.149573057754160618e+04 3.390468841223385150e-20 4.897030127934601861e-21
2.150637529197150798e+04 4.297186522791500257e-20 4.915084760234198916e-21
2.151701994536189522e+04 3.022956379345474705e-20 4.886629028367241325e-21
2.152766453763892787e+04 4.664568271378295131e-20 4.688274637777984672e-21
2.153830906880706243e+04 3.866781849475215085e-20 4.586383705678735445e-21
2.154895353882604832e+04 2.750061337377082556e-20 4.857880014736992406e-21
2.155959794765572587e+04 3.688909856485260153e-20 4.806087524426961543e-21
2.157024229530064986e+04 3.317370959375180236e-20 4.917945758215105387e-21
2.158088658168668553e+04 4.303841946093722275e-20 4.891891123542607157e-21
2.159153080681832580e+04 3.600685089426497912e-20 4.741003909446051637e-21
2.160217497065530188e+04 2.949868156708562297e-20 4.983377702637250535e-21
2.161281907315726858e+04 4.118514344263144953e-20 5.078364772567451742e-21
2.162346311432868970e+04 3.142495551263657339e-20 4.652637185396801113e-21
2.163410709409521951e+04 3.751099716477659569e-20 5.019608175513078828e-21
2.164475101245578480e+04 3.856530958867303450e-20 5.637689436022377843e-21
2.165539486937569745e+04 4.229667837651480834e-20 5.055149985297779962e-21
2.166603866482568628e+04 3.662467976457689000e-20 5.412363000322908013e-21
2.167668239878197346e+04 3.245978080735845081e-20 4.966979640361491815e-21
2.168732607120403190e+04 3.351422523090988664e-20 4.786917076997850774e-21
2.169796968207380633e+04 3.822868738473539633e-20 4.600620820181645131e-21
2.170861323134510531e+04 4.268441474973634552e-20 5.584412773253604829e-21
2.171925671901106034e+04 4.524304875570655499e-20 5.267594670376943371e-21
2.172990014503099519e+04 3.231175859577273182e-20 5.298258443021801425e-21
2.174054350936420815e+04 2.194976022843754264e-20 5.053602384969371844e-21
2.175118681199827552e+04 3.343648367147716990e-20 5.321857336705527108e-21
2.176183005289253560e+04 1.360565435029265836e-20 4.819146443894306080e-21
2.177247323204004351e+04 3.769112713730887984e-20 5.271491463047580244e-21
2.178311634937751660e+04 2.784021578326281695e-20 5.356870228847077907e-21
2.179375940490365974e+04 4.493996982703812551e-20 5.023436605345192773e-21
2.180440239856630069e+04 3.411087536485233332e-20 4.901164267790156173e-21
2.181504533035286295e+04 4.232429751565100543e-20 5.223294003415760611e-21
2.182568820022831278e+04 4.562274270624318673e-20 4.659422865640911388e-21
2.183633100816305523e+04 3.464533087884323853e-20 4.857188788250924870e-21
2.184697375412747715e+04 2.887827675172038353e-20 4.752812974945979568e-21
2.185761643809756060e+04 3.626419034827604980e-20 4.995402828929967750e-21
2.186825906002664851e+04 3.442820885665831646e-20 4.894631188707552979e-21
2.187890161985165105e+04 2.616337460287604309e-20 5.308449143928598951e-21
2.188937841595679856e+04 3.933879951402558885e-20 5.164843350802359886e-21
2.190002083985891295e+04 3.232923618753433594e-20 4.890914939917348213e-21
2.191066320161791373e+04 2.893427652168226497e-20 4.522155819726190101e-21
2.192130550119231702e+04 3.050763708141840588e-20 6.060931803678370784e-21
2.193194773856398751e+04 3.386358393381807119e-20 5.185816946016839621e-21
2.194258991369729483e+04 3.180878245414001362e-20 5.683220019536621629e-21
2.195323202655087516e+04 2.841836054429025303e-20 5.422305844899970734e-21
2.196387407712424829e+04 3.743706510739165508e-20 4.923834183461115257e-21
2.197451606535232349e+04 2.904600179088185707e-20 4.783668122296091093e-21
2.198515799124041587e+04 2.128779963436206154e-20 4.319213840554755618e-21
2.199579985472948829e+04 4.002950495768629232e-20 4.649687308930134011e-21
2.200644165580729168e+04 4.131636733221026651e-20 4.697618110740210508e-21
2.201708339443794466e+04 3.940611945129530570e-20 4.718424082007936526e-21
2.202772507058563497e+04 4.505771453720069796e-20 4.572507024870336603e-21
2.203836668423232550e+04 3.501214716388792424e-20 4.627904856822200784e-21
2.204900823533632138e+04 2.695023648049770695e-20 5.193695800189279588e-21
2.205964972386755107e+04 2.727893208761730090e-20 4.697020146142939407e-21
2.207029114981951716e+04 3.867051778900521334e-20 5.058877187732389729e-21
2.208093251312704888e+04 3.487725201836522205e-20 4.903307160465188201e-21
2.209157381379546860e+04 4.036434068283285916e-20 4.550274544540450552e-21
2.210221505175335187e+04 3.858211076177345848e-20 4.901507928145265723e-21
2.211285622701189277e+04 3.841390215962874485e-20 4.897855440249559687e-21
2.212349733951755843e+04 3.849501349893030870e-20 4.775534850537096079e-21
2.213413838925203891e+04 2.416085501015945229e-20 4.456974963514908220e-21
2.214477937616147392e+04 3.243433411194049997e-20 4.366850088664784743e-21
2.215542030025708664e+04 4.013546159119427148e-20 5.048714662520555568e-21
2.216606116146745262e+04 2.700165730311652260e-20 4.491089218261259827e-21
2.217670195979196069e+04 5.829808526013467503e-20 5.095119105080648817e-21
2.218734269517068969e+04 3.923000205195831487e-20 4.512342098096583546e-21
2.219798336760897291e+04 3.640306596401914007e-20 4.917666213723078960e-21
2.220862397704707109e+04 2.976346804700115987e-20 4.651049840094801912e-21
2.221926452347841405e+04 3.440360131683530126e-20 4.698992377891109114e-21
2.222990500684885774e+04 3.463014120796919605e-20 5.254226433527565956e-21
2.224054542715190837e+04 2.573932938802829217e-20 4.509560161225443984e-21
2.225118578433359653e+04 2.915061666078651787e-20 5.181979149485994171e-21
2.226182607838731928e+04 2.738835030444447502e-20 4.678523124604839471e-21
2.227246630925877980e+04 3.727665693726354017e-20 4.680115829908658219e-21
2.228310647693555075e+04 4.008147078005229748e-20 4.580868681118261025e-21
2.229374658137542065e+04 4.212516604117376307e-20 4.525412196894829269e-21
2.230438662255984673e+04 3.264752223482858077e-20 4.681970521649044129e-21
2.231502660044625372e+04 3.228060532255852202e-20 5.029761802284936170e-21
2.232566651501630986e+04 3.843965490241183847e-20 4.423041057389727838e-21
2.233630636623360988e+04 3.403818804236258199e-20 4.527786665660280031e-21
2.234694615406166486e+04 3.444042694933337619e-20 4.888539443289771215e-21
2.235758587848168463e+04 3.914272224573489817e-20 4.900276017678242303e-21
2.236822553945141772e+04 3.762604256902127761e-20 4.694637209420759105e-21
2.237886513695223402e+04 3.623467937776014190e-20 4.660214829163935424e-21
2.238950467094154737e+04 3.986145898121145434e-20 4.559762643096761534e-21
2.240014414140060035e+04 3.489592414268120740e-20 4.503815224092091095e-21
2.241078354828700685e+04 2.955741417732213536e-20 4.895406009517009999e-21
2.242142289158206404e+04 4.407320016268079700e-20 5.005498893002712049e-21
2.243206217124304749e+04 3.526214118555150779e-20 4.585249526213052612e-21
2.244270138725121433e+04 2.479363291436504539e-20 4.679041930845960492e-21
2.245334053956404387e+04 2.120807591142817345e-20 4.541622033423504428e-21
2.246397909263827387e+04 3.592552360520486802e-20 4.311699965751732650e-21
2.247461750509665944e+04 2.444156827475668770e-20 5.025236950364553338e-21
2.248525585377842071e+04 3.268054048700766119e-20 4.295793964685258627e-21
2.249589413865882307e+04 3.476622637561610871e-20 4.277436882246527539e-21
2.250653235970708920e+04 2.463878067739105808e-20 4.408386579780661631e-21
2.251717051689213258e+04 2.946652807384670107e-20 4.785225141432947198e-21
2.252780861018336145e+04 2.187482809471573326e-20 3.827964627529576522e-21
2.253844663954994030e+04 1.839190432464379925e-20 4.314373578570092256e-21
2.254908460496688713e+04 4.093894717445358841e-20 4.295421135370978077e-21
2.255972250639722188e+04 3.701885259434935916e-20 4.788283358770239704e-21
2.257036034379818375e+04 2.301949873730513030e-20 4.098977204390328636e-21
2.258099811715084070e+04 2.569745132518933636e-20 4.185905763584692725e-21
2.259163582643007976e+04 3.086794925361106066e-20 4.796897249407391701e-21
2.260227347160496720e+04 2.724184902371751228e-20 4.694452019030930127e-21
2.261291105263258578e+04 3.709225510645211186e-20 4.458343580724516983e-21
2.262354856948190718e+04 3.047707985828438127e-20 4.325450776201255849e-21
2.263418602213369377e+04 3.161793140864526538e-20 4.539378901600741901e-21
2.264482341055103825e+04 3.253699760488098516e-20 4.323388241895040696e-21
2.265546073470290867e+04 3.553198073084869713e-20 4.269032658376553756e-21
2.266609799454609674e+04 2.956265850451343232e-20 4.401037249683443513e-21
2.267673519007337745e+04 3.413755784060330823e-20 4.408795027746944799e-21
2.268737232124178627e+04 1.740122715532487457e-20 4.420950443534066421e-21
2.269800938802014934e+04 2.803338711370564948e-20 4.701713205733239673e-21
2.270864639037111556e+04 2.367218953316386832e-20 4.112600494372876636e-21
2.271928332827551640e+04 2.978307334497460459e-20 4.837716939438347584e-21
2.272992020169623720e+04 2.659246812591817077e-20 4.690136883880273010e-21
2.274055701060200226e+04 3.438999107273427997e-20 4.621787355031848952e-21
2.275119375495528584e+04 3.239098097161042481e-20 4.178359550624045701e-21
2.276183043473098951e+04 3.257795267612158879e-20 4.413625958736439288e-21
2.277246704989787759e+04 3.018401430933486174e-20 3.921269282293234050e-21
2.278310360043052060e+04 2.984736986480535691e-20 4.038901586158614599e-21
2.279374008629142190e+04 2.128441251186483984e-20 4.084316394266518012e-21
2.280437650744334314e+04 3.794742653932930940e-20 4.352959455463421104e-21
2.281501286386093125e+04 3.072496362227243668e-20 4.635665332685447013e-21
2.282564915551257582e+04 3.728888783204673331e-20 4.159583007952833007e-21
2.283628538237294924e+04 3.017089004890615586e-20 4.201199973859445727e-21
2.284692154439858496e+04 2.717058059223179995e-20 4.361465041182360788e-21
2.285755764157007434e+04 1.739587640786123263e-20 4.390721193975687550e-21
2.286819367384357247e+04 2.329000936456342839e-20 4.029536170256264502e-21
2.287882964119383178e+04 3.727573116528940916e-20 4.256626098591368902e-21
2.288946554358324647e+04 2.558117619101780411e-20 4.380103027543969693e-21
2.290010138099223332e+04 2.983915613638712501e-20 4.049913945764276700e-21
2.291073715338915645e+04 2.663195034901327025e-20 4.450169156400763732e-21
2.292137286073045834e+04 2.360082185121232593e-20 4.426208408890524280e-21
2.293200850299050944e+04 3.608858395772543567e-20 4.300955938144696099e-21
2.294264408013743014e+04 3.468609318135869602e-20 4.245186507526235728e-21
2.295327959213974464e+04 3.747247571657618226e-20 4.226650749215983626e-21
2.296391503895969072e+04 4.078243999055979521e-20 4.017335050847139999e-21
2.297455042058365871e+04 3.860731671419137715e-20 4.227267034029238909e-21
2.298518573695554369e+04 3.027762882100998824e-20 4.056321422486588488e-21
2.299582098806195791e+04 2.995491211443390794e-20 4.048640381946712536e-21
2.300645617386502272e+04 2.529764474976256055e-20 4.225725385638462324e-21
2.301709129433270209e+04 3.545995847481950434e-20 4.387926820689169723e-21
2.302772634943333833e+04 2.893356025031402179e-20 4.481508228141158024e-21
2.303836133913511367e+04 3.531172749397805498e-20 4.061715550463013678e-21
2.304899626339996394e+04 3.094499264125948242e-20 4.621735079871118555e-21
2.305963112220198309e+04 2.593384602438566050e-20 4.585814564976059925e-21
2.307026591551550518e+04 2.546359590096556415e-20 4.494215114463056596e-21
2.308090064330249152e+04 3.802068941803808863e-20 4.123245382390777326e-21
2.309153530552464872e+04 2.909869980197948558e-20 4.287155560977040324e-21
2.310216990215628175e+04 2.925913531876723395e-20 4.026213028324776207e-21
2.311280443317148456e+04 3.485644331019338813e-20 4.128192016971326698e-21
2.312343889853203655e+04 1.868329709062704142e-20 4.322181027809495922e-21
2.313407329819969891e+04 2.452716965621009752e-20 3.932420684514518208e-21
2.314470763214867475e+04 3.380466218131058252e-20 3.892466343058540068e-21
2.315534190034682979e+04 3.658080637217348438e-20 4.397769848360050257e-21
2.316597610276791238e+04 1.904408699060168217e-20 4.010566644629598387e-21
2.317661023936778656e+04 4.038854616131645123e-20 4.572765640384699139e-21
2.318724431012650530e+04 2.825764565644835173e-20 4.095980351603591532e-21
2.319787831499955428e+04 4.151503854876294813e-20 4.409234736087525503e-21
2.320851225396688824e+04 3.540732263271361393e-20 4.465921387123087500e-21
2.321914612697809571e+04 2.885456362908302048e-20 3.771522871353544456e-21
2.322977993401922504e+04 3.598288449290437854e-20 4.346588076806685091e-21
2.324041367505775997e+04 3.580782565026773249e-20 4.237105554836011857e-21
2.325104735004940449e+04 2.040510493402279964e-20 4.727172396817762894e-21
2.326168095896795421e+04 3.201875713184660792e-20 4.658585570107518869e-21
2.327231450178090745e+04 3.983438842808224501e-20 4.683083003522029956e-21
2.328294797846204892e+04 3.200148788427323802e-20 4.301949784765078116e-21
2.329358138896684250e+04 2.962204660536385515e-20 4.356096347319020190e-21
2.330421473326893829e+04 3.495839483103433208e-20 3.911666029081479919e-21
2.331484801133572910e+04 3.602999735223335495e-20 4.548404255790757178e-21
2.332548122313497151e+04 2.020315838948752226e-20 3.887448494545182199e-21
2.333594702698050605e+04 3.881757716880390225e-20 4.133430259944328798e-21
2.334658008915506798e+04 2.709955360027187076e-20 4.334237929597430614e-21
2.335721309000594556e+04 2.757587250081000285e-20 4.278908348754761156e-21
2.336784602451590763e+04 2.141446973531443475e-20 4.336639738740032054e-21
2.337847889257634597e+04 2.628594187563923749e-20 4.481943525921122648e-21
2.338911169417862402e+04 1.845592249758999808e-20 3.757311781810248695e-21
2.339974442928428107e+04 2.786973430742544297e-20 4.053512888255568521e-21
2.341037709785452535e+04 2.149600631528748041e-20 4.124779947307445738e-21
2.342100969986861674e+04 1.625185924481340593e-20 3.703003387977448416e-21
2.343164223528216462e+04 2.413977969279697254e-20 4.093516247203144500e-21
2.344227470408019144e+04 3.328299701259118858e-20 3.962511509158721728e-21
2.345290710619993479e+04 3.248899842232362059e-20 3.946689973404795311e-21
2.346353944163875713e+04 3.401184935204788218e-20 4.259580919815290472e-21
2.347417171035194042e+04 3.157034139913596533e-20 4.270195059640597712e-21
2.348480391230038003e+04 3.941347113741813488e-20 4.572789349998662235e-21
2.349543604745743869e+04 3.634922487785066882e-20 4.647522246187584260e-21
2.350606811579637360e+04 3.468149532369706058e-20 4.363900202109500006e-21
2.351670011727813835e+04 3.581336399102362431e-20 4.481353995977089782e-21
2.352733205186369014e+04 3.212164818752921351e-20 4.379409731087697102e-21
2.353796391952632257e+04 3.885706840431861220e-20 4.638765918882726360e-21
2.354859572023306464e+04 3.363321311046579723e-20 4.232799319600835391e-21
2.355922745395682432e+04 2.438301052944629263e-20 3.813430617373422667e-21
2.356985912065271987e+04 2.011523712495116016e-20 4.141987683849794423e-21
2.358049072029368472e+04 2.830634105079958055e-20 4.197315562622817308e-21
2.359112225284662418e+04 3.113316979610941226e-20 4.327533391562456033e-21
2.360175371828452262e+04 3.389147887907081905e-20 3.943532255870536294e-21
2.361238511655632828e+04 3.697510182670058471e-20 4.645277465810840813e-21
2.362301644765283345e+04 3.472106429515814517e-20 4.104529655478874806e-21
2.363364771152290996e+04 2.571500882346489355e-20 4.615915495950972398e-21
2.364427890813946942e+04 3.161401331202238721e-20 4.373357768514624964e-21
2.365491003746931165e+04 3.250943016268375257e-20 3.885138180597962333e-21
2.366554109948506084e+04 4.327579328464392065e-20 4.608033040644089597e-21
2.367617209412957163e+04 3.561177576583976170e-20 4.286418023490965111e-21
2.368680302140573258e+04 3.934137559146439271e-20 3.910581064060293773e-21
2.369743388125003548e+04 3.250309359943525860e-20 4.204667151265425321e-21
2.370806467364734999e+04 2.573787355724597307e-20 3.660540475710423686e-21
2.371869539855840412e+04 3.882820181089538976e-20 4.018785197177476471e-21
2.372932605594963024e+04 4.111326913716932848e-20 4.000796699350605512e-21
2.373995664578776632e+04 2.797421570377792266e-20 4.328339596134330249e-21
2.375058716803947755e+04 2.768322479510453994e-20 4.432907015970450517e-21
2.376121762267118174e+04 1.793175754216697405e-20 3.863121779135218557e-21
2.377184800964947499e+04 3.461730229468709463e-20 3.907211037068751353e-21
2.378247832894090607e+04 2.345946084870498143e-20 4.215563298769277315e-21
2.379310858049982562e+04 3.056314212960298705e-20 3.712817499212482815e-21
2.380373876431685858e+04 1.820892288483554501e-20 4.131050629406050682e-21
2.381436888034060394e+04 2.492461751830015594e-20 4.516185649240152513e-21
2.382499892854944846e+04 4.647666184815285838e-20 4.664192169582979278e-21
2.383562890890365816e+04 4.167506200261776937e-20 4.131177183878532783e-21
2.384625882132926563e+04 3.403614735415611502e-20 4.460327340845139416e-21
2.385688866082457025e+04 3.908220098080176840e-20 4.261834503500790660e-21
2.386735049910381713e+04 2.977290754263402667e-20 4.202289150915636969e-21
2.387798019572681369e+04 3.897971156650371757e-20 4.210287764458206663e-21
2.388860982433816389e+04 5.474898319455313463e-20 4.081961330642526649e-21
2.389923938488517160e+04 3.145236834568135683e-20 4.514814881579915969e-21
2.390986887734684205e+04 4.192304320921818829e-20 4.845473810387530767e-21
2.392049830167688560e+04 3.947765824046885156e-20 4.507851172874689614e-21
2.393112765784745352e+04 2.805563880386707307e-20 4.368035877738629261e-21
2.394175694582497454e+04 4.141788033643277601e-20 4.395763599078014737e-21
2.395238616558184367e+04 4.601234735194796602e-20 4.281915469637652780e-21
2.396301531707145114e+04 3.741477776682888706e-20 4.672436214318541079e-21
2.397364440026631564e+04 2.789895370624002273e-20 4.406804909157934849e-21
2.398427341513878855e+04 3.125441302256935622e-20 4.060432651608006466e-21
2.399490236163598456e+04 3.012764350897948579e-20 4.009714834722786726e-21
2.400553123974274786e+04 2.394382310825789761e-20 4.106664361729427733e-21
2.401616004942518703e+04 3.099418787384722962e-20 3.854688860536992774e-21
2.402678879063034401e+04 3.892054810587025893e-20 4.279039915461130240e-21
2.403741746333667834e+04 4.088856213591352066e-20 4.174714030238494708e-21
2.404804606752904147e+04 1.566509510725048354e-20 3.775519069134608585e-21
2.405867460313563060e+04 1.610901335470392024e-20 4.102425153498312665e-21
2.406930307014731443e+04 2.836018850315758350e-20 3.759144518302141085e-21
2.407993146851756319e+04 3.872087126961165569e-20 4.114995938070380749e-21
2.409055979823095913e+04 2.246525733292048738e-20 4.105450055393383500e-21
2.410118805922174943e+04 2.793532827167824240e-20 3.927380665198313535e-21
2.411181625149360116e+04 2.421664445302701541e-20 3.604662055077730692e-21
2.412244437498081606e+04 4.206948033072147049e-20 4.320600463907445100e-21
2.413307242966774720e+04 3.438543087769417128e-20 3.964679050014426218e-21
2.414370041551406757e+04 2.280123230508221943e-20 3.885986376879501105e-21
2.415432833247913368e+04 3.029197002321327118e-20 3.972716769468225464e-21
2.416495618053460203e+04 2.153548998694237107e-20 4.173767961403723127e-21
2.417558395965268573e+04 2.362019888583717271e-20 3.753662734488685320e-21
2.418621166979266491e+04 3.028818172778374969e-20 3.927239345228500473e-21
2.419683931091353952e+04 2.731692793664919287e-20 3.956945241100328219e-21
2.420746688299372909e+04 3.023783840992570178e-20 4.004337931459226900e-21
2.421809438598616543e+04 2.023934852189520887e-20 3.794127962855805439e-21
2.422872181986234864e+04 2.650778383401693230e-20 3.664260835083705492e-21
2.423934918459431719e+04 3.510429733871005915e-20 4.598498390415695858e-21
2.424997648013493381e+04 2.510453943859089765e-20 3.913549524540827068e-21
2.426060370646194860e+04 2.118269820594337388e-20 3.850946685770900289e-21
2.427123086352838436e+04 2.651744626437872121e-20 3.884884730302294988e-21
2.428185795130594852e+04 3.165838809091185645e-20 3.630709970257761622e-21
2.429248496976603201e+04 2.929409775975122890e-20 3.623302024980100369e-21
2.430311191885522567e+04 3.071119583720032537e-20 3.670621921925808213e-21
2.431373879855781342e+04 3.563513168526331219e-20 3.881775973566694571e-21
2.432436560883881248e+04 3.705549247556408544e-20 3.780327450959665485e-21
2.433499234965734649e+04 3.485695066072231660e-20 3.825578396930558022e-21
2.434561902096604172e+04 3.219152969517090961e-20 4.027344207179755950e-21
2.435624562274881100e+04 2.964471588050962165e-20 4.339390901301094853e-21
2.436687215497099169e+04 1.972555393954983593e-20 4.144667589134131667e-21
2.437749861757881081e+04 2.498627893998554631e-20 4.063734574447030232e-21
2.438812501054981476e+04 3.858636945897734431e-20 4.019837175936881313e-21
2.439875133386822199e+04 2.442107757533742929e-20 4.392232791706947734e-21
2.440937758746120380e+04 3.775640259716226056e-20 4.698154893962201458e-21
2.442000377131889036e+04 3.151906566874989799e-20 4.323230388626346864e-21
2.443062988540010701e+04 3.010251608328240883e-20 3.443919662203874808e-21
2.444125592966357726e+04 3.206102418265472750e-20 4.159004810311843537e-21
2.445188190408670926e+04 2.464142616373706865e-20 3.558974739525800640e-21
2.446250780862192187e+04 2.887268361991445142e-20 4.138579205624599781e-21
2.447313364324686336e+04 2.877380000103125398e-20 3.793801095393074611e-21
2.448375940791350513e+04 1.643718886226052857e-20 3.724637897641281316e-21
2.449438510259955001e+04 2.408426698342287062e-20 3.698795241365856807e-21
2.450501072726357597e+04 2.908794293905787613e-20 3.774108807206095664e-21
2.451563628187013819e+04 2.952188451731645348e-20 3.732590955931491732e-21
2.452626176638417746e+04 3.140498822154628353e-20 4.022675621492328751e-21
2.453688718076416990e+04 3.472187141079426633e-20 4.026218587072952164e-21
2.454751252498096073e+04 2.126077140337150893e-20 3.995718656684818772e-21
2.455813779899940710e+04 2.323945794066392093e-20 3.863042572033445299e-21
2.456876300279064890e+04 2.723780541377803752e-20 3.869639527690721344e-21
2.457938813630629375e+04 2.949169702702638826e-20 4.211805889479075938e-21
2.459001319951759797e+04 2.643527377091325707e-20 4.088617615677291792e-21
2.460063819239555596e+04 1.755743073086077000e-20 3.979681955906827304e-21
2.461126311489807267e+04 3.028152086617120761e-20 4.091541684484658320e-21
2.462188796698360602e+04 3.483388460371101578e-20 3.978854065646778894e-21
2.463251274862304854e+04 2.548555875524516349e-20 3.967432389844391851e-21
2.464313745978061343e+04 2.605265012268582365e-20 3.812336575348208423e-21
2.465376210042740058e+04 3.031148818526200224e-20 4.261962486484157291e-21
2.466438667051514494e+04 2.656530518987120361e-20 3.854668578325781085e-21
2.467501117000790691e+04 2.714059875083941280e-20 3.774182812985183180e-21
2.468563559888318923e+04 2.569667485056169918e-20 3.787920335954266599e-21
2.469625995710531424e+04 2.898965405413653538e-20 3.454800599656584250e-21
2.470688424461917748e+04 3.116530859063571152e-20 3.723093424271406408e-21
2.471750846141497095e+04 3.085261279934435815e-20 3.999399659379862614e-21
2.472813260743771389e+04 2.251997214070513194e-20 3.640227457982739588e-21
2.473875668265147397e+04 2.610653527010853400e-20 3.640620266272002017e-21
2.474938068703351746e+04 3.164327560993918632e-20 3.597365597875384532e-21
2.476000462054157106e+04 2.144480910884677910e-20 3.883223322514431677e-21
2.477062848313967697e+04 2.257349055250494100e-20 3.774636133515994135e-21
2.478125227479221576e+04 3.105078009603329024e-20 3.524024112166165698e-21
2.479187599546317142e+04 2.844535630697714001e-20 3.716069293315806388e-21
2.480249964514594831e+04 3.476692760184149347e-20 3.380107473698965385e-21
2.481312339888065253e+04 2.487928793049856281e-20 3.590374043513600858e-21
2.482374712162034484e+04 2.213138780935919606e-20 3.894376389430862203e-21
2.483437077321112520e+04 2.695590222009627211e-20 3.584504084262800113e-21
2.484499435364275269e+04 2.468729866279906587e-20 3.744209162027841429e-21
2.485561786286614733e+04 1.653137055323565379e-20 3.779206802041951873e-21
2.486624130085818979e+04 4.047376740432024495e-20 3.819312848658008983e-21
2.487686466757005837e+04 1.765087948161446037e-20 3.721927469575396696e-21
2.488748796297180888e+04 3.209108049039228484e-20 4.205563562674137333e-21
2.489811118703387183e+04 2.484144218759977721e-20 3.493115952707836132e-21
2.490873433970732367e+04 2.035703173077940980e-20 3.727302064266062533e-21
2.491935742096207105e+04 2.424912516758064876e-20 4.188522096007368189e-21
2.492998043076860267e+04 3.225114975814512290e-20 4.328428694130627013e-21
2.494060336907780220e+04 3.357781017044537030e-20 3.745771561451314788e-21
2.495122623585310066e+04 2.170647177785364185e-20 4.064233984971272918e-21
2.496184903107779610e+04 2.319439108781852753e-20 3.915459486109488463e-21
2.497247175469619833e+04 2.668324943385344963e-20 4.124264426399907706e-21
2.498309440667816307e+04 3.564615414140732103e-20 3.778871628552056397e-21
2.499371698698758701e+04 4.393366194026788564e-20 4.333601947012949456e-21
2.500433949559435496e+04 2.901250382059006908e-20 3.766557625242081313e-21
2.501496193244240567e+04 3.981438463853085605e-20 4.153891340674762686e-21
2.502541499622878837e+04 3.761929707964136626e-20 4.002966080026558111e-21
2.503603727233935206e+04 3.632030875554769304e-20 3.983871340459708080e-21
2.504665948157591265e+04 2.712164948381835038e-20 3.700327586596808129e-21
2.505728161895924495e+04 1.453357908028347770e-20 3.840026398862211240e-21
2.506790368441282408e+04 1.943490657615107583e-20 4.038234750678732467e-21
2.507852567790022658e+04 2.572563845180771267e-20 4.128696120420757374e-21
2.508914759938475618e+04 2.389535050344158009e-20 4.125074067238831279e-21
2.509976944882962562e+04 3.436686103076341638e-20 3.468597342488398229e-21
2.511039122619835325e+04 2.874304502792085696e-20 3.774740452828733345e-21
2.512101293145406453e+04 3.149920447371427986e-20 3.717622056227610854e-21
2.513163456456001950e+04 2.635140930255324074e-20 3.771905328514399546e-21
2.514225612547961282e+04 2.991432570191336884e-20 4.030586632332656051e-21
2.515287761417575166e+04 2.431575325688724101e-20 3.743389680722770980e-21
2.516349903060545330e+04 2.776965474095087292e-20 3.928399378294178173e-21
2.517412037474456520e+04 2.360680751398838096e-20 3.826334407837579729e-21
2.518474164654346532e+04 4.173626415082090397e-20 4.127596346874782088e-21
2.519536284598422935e+04 3.751404511015382770e-20 3.443800654745931079e-21
2.520598397299837234e+04 3.338839495765980074e-20 3.371825925818181636e-21
2.521660502758030634e+04 2.734210140407827222e-20 3.360735825748251793e-21
2.522722600967436665e+04 1.837225861305668829e-20 3.362699732334249479e-21
2.523784691924975050e+04 3.454669834882437013e-20 3.733512426053055582e-21
2.524846775627569514e+04 2.491159110604753154e-20 3.756192572791988802e-21
2.525908852070894864e+04 3.101577922546900810e-20 4.078791688133600182e-21
2.526970921250580068e+04 1.345481149612527299e-20 3.741970912337001024e-21
2.528032983163559038e+04 3.084207906158395542e-20 3.856786293386443625e-21
2.529095037806752225e+04 3.207416034170984974e-20 3.958920439163436749e-21
2.530157085173888481e+04 3.180605796519452349e-20 4.053462446088453009e-21
2.531219125265078037e+04 2.633910968294382239e-20 4.087225997426163477e-21
2.532281158074696577e+04 2.950545071589860955e-20 3.474053720888492941e-21
2.533343183598353789e+04 2.540694728288242214e-20 3.785186566158524206e-21
2.534405201833603132e+04 2.292043132245109361e-20 3.720680685838213686e-21
2.535467212774796644e+04 2.984736371863667410e-20 3.700647940624305533e-21
2.536529216419462682e+04 3.097322295821151861e-20 3.829206339216621874e-21
2.537591212764540978e+04 2.776731387655917267e-20 3.645155339440782478e-21
2.538653201806264042e+04 3.326167521250121667e-20 3.976007515871712881e-21
2.539715183540253565e+04 3.905937366218251341e-20 3.430335656114462210e-21
2.540777157962119963e+04 3.368192380387102167e-20 3.386326794964184717e-21
2.541839125068098656e+04 3.495791502811931794e-20 3.726735506815084907e-21
2.542901084855737281e+04 2.690683397630338272e-20 3.900234388470308377e-21
2.543963037320651347e+04 2.449481986480996669e-20 3.477839218813839227e-21
2.545024982459683088e+04 2.382384753663052960e-20 3.835964170068523749e-21
2.546086920262447893e+04 2.636985881682636337e-20 3.418430000444886832e-21
2.547148850236477665e+04 2.662738704674795933e-20 3.407479851109378702e-21
2.548193790984309817e+04 2.533996568376639308e-20 3.637637168811014130e-21
2.549255705560376737e+04 2.609745179306709670e-20 3.424519425431412424e-21
2.550317612790279600e+04 2.387764761849066787e-20 3.355076986763787892e-21
2.551379512670931945e+04 3.337424551891625255e-20 3.548310554924406872e-21
2.552441405199853034e+04 2.839646747837369912e-20 3.476635075535488511e-21
2.553503290370630566e+04 3.127595701467559664e-20 3.770217104585852294e-21
2.554565168181469926e+04 3.846648326486082375e-20 3.756072893642764247e-21
2.555627038627246657e+04 3.585041544717159517e-20 3.682077788701823646e-21
2.556688901704843011e+04 3.050834341925390835e-20 3.748708489919018147e-21
2.557750757411134327e+04 2.847493205972720568e-20 3.705871688609167074e-21
2.558812605740974323e+04 2.189897773352306259e-20 3.822020741858336540e-21
2.559874446691917910e+04 2.326132142322791177e-20 3.611599540464534976e-21
2.560936280258171610e+04 3.378652393774545282e-20 3.683258889797276376e-21
2.561998106438561081e+04 2.079219942152561769e-20 3.496098067989091016e-21
2.563059925227982967e+04 3.518164039908456187e-20 3.723347329616599431e-21
2.564121736621284435e+04 3.191730118059853508e-20 3.656097831101644665e-21
2.565183540617303152e+04 2.489343055756180882e-20 3.396789573007121286e-21
2.566245337209596619e+04 2.893643930346103904e-20 3.533210612029205651e-21
2.567307126396292006e+04 3.529228473180682711e-20 3.521256748962689193e-21
2.568368908172942247e+04 3.357150781871741020e-20 3.793617483161726835e-21
2.569430682535711458e+04 2.508961033928908080e-20 3.440648155162486365e-21
2.570492449481423319e+04 2.320337587796117849e-20 3.554911115651402481e-21
2.571554209004288350e+04 3.577037731515694045e-20 3.696348682029848647e-21
2.572615961103091831e+04 3.178540402426328664e-20 3.503290909421661224e-21
2.573677705772031550e+04 3.212809246448165445e-20 3.940992997169906162e-21
2.574739443007272348e+04 9.613015341257399316e-21 3.706176907395488550e-21
2.575801172806269460e+04 2.238926124090910188e-20 3.338331715958932197e-21
2.576862895164551446e+04 3.341343631571087356e-20 3.596694888005286175e-21
2.577924610078250043e+04 2.350757461971116516e-20 3.338598946207934925e-21
2.578986317543515543e+04 3.006410278565541686e-20 3.512695753266435189e-21
2.580048017555849947e+04 3.017841641688107986e-20 3.537870309005466318e-21
2.581109710112693210e+04 3.241864761491918541e-20 3.248510151840851289e-21
2.582171395209548427e+04 2.862266499389052660e-20 3.333875824133063378e-21
2.583233072841886315e+04 2.752187231503024548e-20 3.165506008428914475e-21
2.584294743007153374e+04 2.485693099212826037e-20 3.270038938238561198e-21
2.585356405700844334e+04 2.872095256790198768e-20 3.259136355965401663e-21
2.586418060917733965e+04 2.409496081095697266e-20 3.440557228839696548e-21
2.587479708657284937e+04 2.538750787925596022e-20 3.085041663959751562e-21
2.588541348911643217e+04 2.618932026458300017e-20 3.158263243015077748e-21
2.589602981680219091e+04 1.912764676199814047e-20 3.557785944745067109e-21
2.590664606956507123e+04 3.428372521248383721e-20 3.453780618091466522e-21
2.591726224739931422e+04 3.042773375087394605e-20 3.181626238483178022e-21
2.592787835023272783e+04 3.214756175625939063e-20 3.366693241986060890e-21
2.593849437803990440e+04 4.572256343378547802e-20 3.326222478682730181e-21
2.594911033078160108e+04 3.538840629456899016e-20 3.696662042561377355e-21
2.595972620841910611e+04 1.977831909197996045e-20 3.363358691770195809e-21
2.597034201092004150e+04 2.818351597187572547e-20 3.372710039093112732e-21
2.598095773823853597e+04 2.702996980510016993e-20 3.639142261492512032e-21
2.599157339032914751e+04 2.695530668878477535e-20 3.210911604031285856e-21
2.600218896715917072e+04 4.831509235499508202e-20 3.428107378731517090e-21
2.601280446868298532e+04 6.568325405717776152e-20 3.991718137926861128e-21
2.602341989487483806e+04 4.895969316572815012e-20 3.698921483806506659e-21
2.603403524568861030e+04 2.856198012039317637e-20 3.250778429301040949e-21
2.604465052109211683e+04 2.542476372242015516e-20 3.542495084780498005e-21
2.605526572102582577e+04 3.151271064202173775e-20 3.254091191758337268e-21
2.606588084547060498e+04 3.381469393262866240e-20 3.465122303623388178e-21
2.607649589438061230e+04 2.781391648980323459e-20 3.213675537929468270e-21
2.608711086771615373e+04 2.305518974731746875e-20 3.264706888297639821e-21
2.609772576543827017e+04 2.079767621828303866e-20 3.537905241649441802e-21
2.610834058750066106e+04 2.170741749262602271e-20 3.576659161764947970e-21
2.611895533387731484e+04 3.027564795680064755e-20 3.218596970439300482e-21
2.612957000452228749e+04 1.798395653058620321e-20 3.092300877324762076e-21
2.614018459938902379e+04 2.981914105136949577e-20 3.569773076243110912e-21
2.615079911844505841e+04 2.243500743161048948e-20 3.160596522953268541e-21
2.616141356166416517e+04 3.148734276854078812e-20 3.353341373937659678e-21
2.617202792897310792e+04 2.956242321009547559e-20 2.973088542911547775e-21
2.618264222036613864e+04 2.027251758895278997e-20 3.243313898915230445e-21
2.619325643579656753e+04 3.175258452883436630e-20 3.448569496323291824e-21
2.620387057519811060e+04 3.179292221664464621e-20 3.751871403890714461e-21
2.621448463856463422e+04 2.935981241788080246e-20 3.823811042099238978e-21
2.622509862583612630e+04 3.019478504754924150e-20 3.113787110586318995e-21
2.623571253697981228e+04 2.173503189689423933e-20 3.376315079360987806e-21
2.624632637195562347e+04 2.759507407533315182e-20 3.190587177863378495e-21
2.625694013073745009e+04 2.771142570458368213e-20 3.562512684505515735e-21
2.626755381325171766e+04 2.112904943430122213e-20 3.078983828032248690e-21
2.627816741949212519e+04 3.562403485613207656e-20 3.333169737281289104e-21
2.628878094940552910e+04 2.253452468208463356e-20 3.339159531666032343e-21
2.629939440293822190e+04 2.361377943157373367e-20 3.333263029550988308e-21
2.631000778006396285e+04 3.513184468028390078e-20 3.329658192385111806e-21
2.632062108076299410e+04 2.881146372169853736e-20 3.357974010601595777e-21
2.633123430495459252e+04 2.388486407672619554e-20 3.329309989818289407e-21
2.634184745262601791e+04 2.639413796441051496e-20 3.457518661337098698e-21
2.635246052373014027e+04 3.058225982146309733e-20 3.454183590587557157e-21
2.636307351823381032e+04 2.418621958233271813e-20 3.151093211325290302e-21
2.637368643607657941e+04 3.533421154334398178e-20 3.386065405603501088e-21
2.638429927723837682e+04 2.370417420665030262e-20 3.225747290765429410e-21
2.639491204166579337e+04 3.073985457416062337e-20 3.411411831550631541e-21
2.640552472933855825e+04 3.250067567869857855e-20 3.396325645349044196e-21
2.641613734019633557e+04 2.983120210561690431e-20 3.648686464960901669e-21
2.642674987419877652e+04 2.359374785725396402e-20 3.222634790627435815e-21
2.643736233131899644e+04 3.283755699214174938e-20 3.466874468906546164e-21
2.644797471151008358e+04 2.801003303971990183e-20 3.857929132781673912e-21
2.645858701473132533e+04 2.279287395589695765e-20 3.477015721844134926e-21
2.646902822822918824e+04 2.157529657871595102e-20 3.607262629381544364e-21
2.647964036002941430e+04 3.610229394668423940e-20 3.574525773837468705e-21
2.649025241970901334e+04 3.619725012392358154e-20 3.263534723218088928e-21
2.650086440229574509e+04 2.543070534808186891e-20 3.622844341340169390e-21
2.651147630770191608e+04 2.740726554916520716e-20 3.813376455901055026e-21
2.652208813590043064e+04 2.887677711115122826e-20 3.226885467618809350e-21
2.653269988683721022e+04 2.325893292221032281e-20 3.555070609701457310e-21
2.654331156047842524e+04 2.942705078850371395e-20 3.657835418018115786e-21
2.655392315678998420e+04 2.114264166588368684e-20 3.796806831017368132e-21
2.656453467571122383e+04 3.613479185136885137e-20 3.678704635514397468e-21
2.657514611722811969e+04 1.382399166155084893e-20 3.512136359102603330e-21
2.658575748127983388e+04 2.419543080631706550e-20 3.825110038366881835e-21
2.659636876783236221e+04 2.796826421982598213e-20 3.716670237939117838e-21
2.660697997685140581e+04 1.861921008124859307e-20 3.941114483053754586e-21
2.661759110827613767e+04 2.613214275151858080e-20 3.454118153495584356e-21
2.662820216208581405e+04 2.815126259002767027e-20 3.459554851375560657e-21
2.663881313823935488e+04 2.825286986842931937e-20 3.456954800185723071e-21
2.664942403668261250e+04 2.512206402800717509e-20 3.500593372726215187e-21
2.666003485737446681e+04 1.669302647325091175e-20 3.228445336448614679e-21
2.667064560029394124e+04 2.949890612401767866e-20 3.962584135453855540e-21
2.668125626537348580e+04 3.026384914180750191e-20 3.437378875543490761e-21
2.669186685259181831e+04 3.014213284941684175e-20 3.126800309607623262e-21
2.670247736190813157e+04 2.405576095709051282e-20 3.740166803394066876e-21
2.671308779326757576e+04 2.563122403405782724e-20 3.664893273730449904e-21
2.672369814662915451e+04 3.127320446083257630e-20 3.535462702686686347e-21
2.673430842196507729e+04 3.377911159985192994e-20 3.542964825070340677e-21
2.674491861922733005e+04 3.043958815627592021e-20 3.451903136950309594e-21
2.675552873837480365e+04 2.866845082533089885e-20 3.623507538859883415e-21
2.676613877935929850e+04 3.208983830796757824e-20 3.526295594229054449e-21
2.677674874215303498e+04 2.757255579483545206e-20 3.858040351912187111e-21
2.678735862670119968e+04 2.192954987338910224e-20 3.759180242098928077e-21
2.679796843296915540e+04 3.146401667812810840e-20 3.842904765251816000e-21
2.680857816092897701e+04 3.069274669106941879e-20 3.793085561581031052e-21
2.681918781051217957e+04 3.092033238556630634e-20 3.848673614128108241e-21
2.682979738169087796e+04 3.254608962819817954e-20 3.817560068486689905e-21
2.684040687443008574e+04 3.449593478239185689e-20 3.829903672109581032e-21
2.685101628863371661e+04 3.128352814460389860e-20 4.087762732262740334e-21
2.686162561936165366e+04 2.949295083310673934e-20 4.057596558731147590e-21
2.687206339333996584e+04 2.349969039586659924e-20 3.939414141011978393e-21
2.688267255944992939e+04 3.392965012416489096e-20 3.586384750534197621e-21
2.689328164691073107e+04 3.239377318275386251e-20 3.546983451662186356e-21
2.690389065567404032e+04 3.374078659766120938e-20 3.844384046656129854e-21
2.691449958570470699e+04 3.150113598627063098e-20 4.072103941081920247e-21
2.692510843694745563e+04 2.574067300205043393e-20 3.714595022642431937e-21
2.693571720937409555e+04 2.851609422140582061e-20 3.438225550975909284e-21
2.694632590292213354e+04 1.738608152426274820e-20 3.717858726240814446e-21
2.695693451757745424e+04 3.021088529663542980e-20 3.821149118876264266e-21
2.696754305327021211e+04 3.152886388706299124e-20 3.691632107461367726e-21
2.697815150997957971e+04 3.355922186520778031e-20 3.676052922388784560e-21
2.698875988765639704e+04 1.599381424560470330e-20 3.668922449852857284e-21
2.699936818625885280e+04 1.796366724659891958e-20 3.563673957867410658e-21
2.700997640575180412e+04 2.929391676807807509e-20 4.090311532722309654e-21
2.702058454607231033e+04 1.991689422836168417e-20 4.148450442627738516e-21
2.703119260719238810e+04 1.855781662590995246e-20 3.719816897845180181e-21
2.704180058907643615e+04 2.292720682285312494e-20 3.772682214952688268e-21
2.705240849167580745e+04 2.003937232098508923e-20 3.230280824363608748e-21
2.706301631494801040e+04 2.752693692960100368e-20 3.842961699568335049e-21
2.707362405884404507e+04 3.081753587471177127e-20 4.260537910287627644e-21
2.708423172334247647e+04 3.118159755985052446e-20 3.807122268342636209e-21
2.709483930837311709e+04 3.137686017269168666e-20 4.055328758946591467e-21
2.710544681391475751e+04 2.120293219063879103e-20 4.165632701677010475e-21
2.711605423991072894e+04 2.833472379942028646e-20 3.836559738512988785e-21
2.712666158631908911e+04 2.380460026962827201e-20 4.017223307671046802e-21
2.713726885311103251e+04 1.427600395311088968e-20 3.711361508089764873e-21
2.714787604021603693e+04 2.239768734451867130e-20 4.125138615840084848e-21
2.715848305673301002e+04 2.185765941474649741e-20 3.849586515785773410e-21
2.716908985252793354e+04 2.666648076264775327e-20 4.050202294022758625e-21
2.717969656851411855e+04 2.859959589434892938e-20 3.690589449111667830e-21
2.719030320466950434e+04 1.444020830168244485e-20 3.983151159608043337e-21
2.720090976095888618e+04 1.222030647255974584e-20 3.336563441167344579e-21
2.721151623733232191e+04 1.995254262059221269e-20 4.119726297658655193e-21
2.722212263375433395e+04 3.397286892050647484e-20 4.257143646806078876e-21
2.723272895017516566e+04 2.969273183114904789e-20 4.212362804836599587e-21
2.724333518655204170e+04 2.049821798353984513e-20 3.952666288888605216e-21
2.725394134282839514e+04 1.576931298756642267e-20 4.022546141771531590e-21
2.726454741897508575e+04 3.592257927213503003e-20 4.081726642085157836e-21
2.727515341495662869e+04 3.694968783634182450e-20 4.387359137906787144e-21
2.728575933072285989e+04 1.973684052567131238e-20 3.915913981630064870e-21
2.729636516623111311e+04 3.722187541278360088e-20 4.034194592546374732e-21
2.730697092144533963e+04 2.924759729626969874e-20 3.971616108509823761e-21
2.731757659630858689e+04 4.116326732000004416e-20 4.369685639529640197e-21
2.732818219077797767e+04 5.463071569440458866e-20 4.889881646301266984e-21
2.733878770483122935e+04 8.543277997708241085e-20 5.212258202715321838e-21
2.734939313840460818e+04 6.307773824004591329e-20 4.157308652224227681e-21
2.735999849144764084e+04 3.269507507812987087e-20 4.445855042883694161e-21
2.737060376394556806e+04 3.975783103260503278e-20 4.480016527683260927e-21
2.738120895582696903e+04 2.546075548600171401e-20 4.242788452505386029e-21
2.739181406707678616e+04 2.957159375190093756e-20 4.764282005479790870e-21
2.740241909763079821e+04 1.395308398173242124e-20 4.336668349606828117e-21
2.741302404746662432e+04 2.512811198183744697e-20 4.390709606353466349e-21
2.742362891650616075e+04 3.633638198534377168e-20 4.408550129445574931e-21
2.743423370474080730e+04 1.796285573960036962e-20 4.199251386441711930e-21
2.744483841210655009e+04 2.618264794403632767e-20 4.624558198753322123e-21
2.745544303857367777e+04 2.356760895963093648e-20 4.348686528773246246e-21
2.746604758408498674e+04 1.705027268469851504e-20 4.219283943441655440e-21
2.747665204861795428e+04 2.422470706779956354e-20 3.999152303237063465e-21
2.748725643210805720e+04 3.480471540890306514e-20 4.093087804526911437e-21
2.749786073451883931e+04 2.531215036525956964e-20 4.714090035500059495e-21
2.750846495579955081e+04 2.864293570212138748e-20 4.811043855449329678e-21
2.751906909591390286e+04 1.696822234145655121e-20 4.235959649375566330e-21
2.752967315482492631e+04 1.807447217597135237e-20 4.137114392291620555e-21
2.754027713246826534e+04 2.355628988706908341e-20 4.230049100063302773e-21
2.755088102882099338e+04 2.273692098275941128e-20 4.561539808918812306e-21
2.756148484383260802e+04 1.939865469867706180e-20 4.723097827001406592e-21
2.757208857746625654e+04 2.444463939154224519e-20 4.221136637923266017e-21
2.758269222965702647e+04 4.041821165178399069e-20 4.629310449302586158e-21
2.759329580037525739e+04 3.055485236730120733e-20 4.607917673023555509e-21
2.760389928957691154e+04 2.394245104797533709e-20 4.118095808135938511e-21
2.761450269721840959e+04 1.838112368708756563e-20 4.625859891201523442e-21
2.762510602326951994e+04 3.018105640518002013e-20 5.064933618198558335e-21
2.763570926765846889e+04 2.264784698999120419e-20 4.539888960737433230e-21
2.764631243036212618e+04 2.115693774214584139e-20 4.536799887492932886e-21
2.765691551132965105e+04 1.410671058426445416e-20 4.539647728376084526e-21
2.766751851051680569e+04 2.597007651541242082e-20 4.475845153006864781e-21
2.767812142787957782e+04 1.755221564069749173e-20 4.506127408567297796e-21
2.768872426336677017e+04 3.183020188745262870e-20 4.759419584422240537e-21
2.769932701693411218e+04 3.117727898287309458e-20 4.349792684992361057e-21
2.770992968856596417e+04 2.353815310918796742e-20 4.071594462966075942e-21
2.772053227817525112e+04 3.273678799976485258e-20 4.261462403626054774e-21
2.773113478576062698e+04 1.781029136990248509e-20 3.983462056079346571e-21
2.774173721124073927e+04 2.254158148487586352e-20 3.904680408738109197e-21
2.775216698414737402e+04 2.720541841982690054e-20 4.015253744126001952e-21
2.776276923269854888e+04 2.761250888807014592e-20 4.195362725000486620e-21
2.777337139904409923e+04 2.691647512884171194e-20 4.355437889632330281e-21
2.778397348314806368e+04 2.128863450223686935e-20 4.503229427524422357e-21
2.779457548493178183e+04 3.873175511336464639e-20 4.694319974862705731e-21
2.780517740436422173e+04 2.127793529228687878e-20 4.370498733389578642e-21
2.781577924138701201e+04 2.775098863376855115e-20 3.946667021856289906e-21
2.782638099595569656e+04 2.735014172226235096e-20 4.449982021679468523e-21
2.783698266804639206e+04 2.472750473979546378e-20 4.303700612623878778e-21
2.784758425760085811e+04 2.117468742638945980e-20 4.351716190361778295e-21
2.785818576457385643e+04 2.025284869638826828e-20 4.391948771646986487e-21
2.786878718889326410e+04 2.507606280905077708e-20 4.461449571948292749e-21
2.787938853056282824e+04 2.704703886499009666e-20 4.813236246913873846e-21
2.788998978952427933e+04 2.783313323365612980e-20 4.489294415810236193e-21
2.790059096571850750e+04 1.551408768923821704e-20 4.884372486955231864e-21
2.791119205910774690e+04 1.012903202138353698e-20 4.261052341101161041e-21
2.792179306964707939e+04 1.415181571815181880e-20 4.482478663907309104e-21
2.793239399729149955e+04 1.034552304626235528e-20 3.773995876941732432e-21
2.794299484198235950e+04 3.292966618692948483e-20 3.957557420848357443e-21
2.795359560370930558e+04 8.276521094515076942e-21 4.303733874897943275e-21
2.796419628239972371e+04 1.809672513787221070e-20 4.430220662034812532e-21
2.797479687800820830e+04 2.148095213334176257e-20 4.288640488689671336e-21
2.798539739050376375e+04 1.958181243796259994e-20 4.183993058797159502e-21
2.799599781981339765e+04 2.868497333475613197e-20 4.951200203428330871e-21
2.800659816594099539e+04 9.909219171103136889e-21 4.095379658002959455e-21
2.801719842881327713e+04 3.632038643375179905e-20 4.590901506171445431e-21
2.802779860837104934e+04 3.000985091169423924e-20 4.406525586611391767e-21
2.803839870458277073e+04 2.475789281148585270e-20 4.874585820667055854e-21
2.804899871739652008e+04 2.407205236914125030e-20 4.248522454910537217e-21
2.805959864678794838e+04 3.314688842100055916e-20 4.151488735920891882e-21
2.807019849270459599e+04 2.904388681317712409e-20 4.034094380667551535e-21
2.808079825507308851e+04 2.778605323697136680e-20 3.719377350974736791e-21
2.809139793387573445e+04 3.450341413492228666e-20 4.226116543301225043e-21
2.810199752900595195e+04 2.170872674413030234e-20 4.567299320110943245e-21
2.811242404133721720e+04 2.331247857014374839e-20 4.369367515377238261e-21
2.812302345651123687e+04 3.083742684142048497e-20 4.018584865652792659e-21
2.813362278791415156e+04 4.017550352173515393e-20 4.542327586344107940e-21
2.814422203551492930e+04 3.129145914018953914e-20 4.568676825100812778e-21
2.815482119928920656e+04 2.955214584704258779e-20 4.108148200067144440e-21
2.816542027915575454e+04 2.305056752582398302e-20 4.306632357691469554e-21
2.817601927506839274e+04 2.239785931746933806e-20 4.249891133575431498e-21
2.818661818701061566e+04 1.894618461762040075e-20 4.582313913460257113e-21
2.819721701492907232e+04 3.861482053243561909e-20 4.688561351050370237e-21
2.820781575876385978e+04 3.827886766190212024e-20 4.517488286058594288e-21
2.821841441846887028e+04 2.397445094175352582e-20 4.422066507298994111e-21
2.822901299401284268e+04 2.787956955981983160e-20 4.539935872574913886e-21
2.823961148534971289e+04 2.608002534269381390e-20 4.687166012445390904e-21
2.825020989240478229e+04 2.352762242598549522e-20 4.638149968781245439e-21
2.826080821516807555e+04 1.885790057043345864e-20 3.802364784061606772e-21
2.827140645357913672e+04 2.524019897108797441e-20 4.375565120518188818e-21
2.828200460759196358e+04 2.228307566354971046e-20 4.156579631742593316e-21
2.829260267713868961e+04 1.560459359228144063e-20 4.310925962573968949e-21
2.830320066222390960e+04 2.702834087630535515e-20 4.459819270549165694e-21
2.831379856276513237e+04 2.570339137357796630e-20 4.008820022339160509e-21
2.832439637870919614e+04 3.317317306422636540e-20 4.423183725317792367e-21
2.833499411003844216e+04 2.513444248987264305e-20 4.269117693786116624e-21
2.834559175669254910e+04 1.997708190016729773e-20 4.356009186592050559e-21
2.835618931861029705e+04 8.910171518004250990e-21 4.567494960973430074e-21
2.836678679577472212e+04 1.747344193460840709e-20 4.220149319754038744e-21
2.837738418812460077e+04 3.315536937938843840e-20 4.590013606182009779e-21
2.838798149559936064e+04 3.122577427488669326e-20 3.856157206315648656e-21
2.839857871818125204e+04 3.449110378562594235e-20 4.399009807936988550e-21
2.840917585578780563e+04 2.345121330790710772e-20 4.168689185322790083e-21
2.841977290841579088e+04 2.475353321531014765e-20 4.492300477339205491e-21
2.843036987599706481e+04 2.797539087407683409e-20 4.154799001068972607e-21
2.844096675847044389e+04 1.163252008684710582e-20 3.820052642963215686e-21
2.845156355581836397e+04 1.034888216136783978e-20 3.826177012339944684e-21
2.846216026796511869e+04 3.181829084742581160e-20 4.380689124523519061e-21
2.847275689488578064e+04 2.168960412373810517e-20 4.136052004505364131e-21
2.848335343653368182e+04 2.049590184560389530e-20 3.824451721065312154e-21
2.849394989283290488e+04 1.666500508944477729e-20 3.806111310503336050e-21
2.850454626378039757e+04 1.951331875110894153e-20 3.638178725212303981e-21
2.851514254930003153e+04 3.162593514229912793e-20 4.504606930039499747e-21
2.852573874933792104e+04 2.781862243206343671e-20 4.328964347983180395e-21
2.853633486388323581e+04 3.452137686092434680e-20 4.082025241833188741e-21
2.854693089285298265e+04 2.863753583062897164e-20 4.482048234295634285e-21
2.855752683622166660e+04 3.685480749700752774e-20 4.528820618891758905e-21
2.856812269392081362e+04 3.298613867650573532e-20 4.181158814289407198e-21
2.857871846593207738e+04 2.819928563103592857e-20 4.132764026626240983e-21
2.858931415220153940e+04 3.527186795214274356e-20 4.265251264211482832e-21
2.859990975265248926e+04 9.590736754460357637e-21 4.642188405875280738e-21
2.861050526727462784e+04 1.583344198812939090e-20 4.485071798227960851e-21
2.862110069599849521e+04 1.918588250497040749e-20 4.248379284682097495e-21
2.863169603879182614e+04 2.280037351787168229e-20 4.218564105794426992e-21
2.864229129559241846e+04 1.953432522776890060e-20 4.549171178355019775e-21
2.865288646636057820e+04 3.155053522230905173e-20 4.653845556323188749e-21
2.866348155104139732e+04 1.998041181549523535e-20 4.287448511529817433e-21
2.867407654961695880e+04 2.968566219363766300e-20 3.814077262632417862e-21
2.868467146199579292e+04 2.125451659993301943e-20 4.472443955532535070e-21
2.869526628816720404e+04 2.491972491693214479e-20 3.946970273404901002e-21
2.870586102805428163e+04 1.941527377242203467e-20 3.782885688849794333e-21
2.871645568163890493e+04 3.135916309036035848e-20 4.393331203770861449e-21
2.872705024884415980e+04 1.323642459084493796e-20 4.297055502174104398e-21
2.873764472964448942e+04 3.443633181075665846e-20 4.910153958891784565e-21
2.874823912397757158e+04 2.582607639273116777e-20 4.147005809969964795e-21
2.875883343182506360e+04 3.364849759785446599e-20 4.936258263087459677e-21
2.876942765308064554e+04 3.303077832587627512e-20 4.830407210370797004e-21
2.878002178776987421e+04 2.707629515886594771e-20 4.874292720387855113e-21
2.879061583577900819e+04 2.031004651489351314e-20 4.698905098283655847e-21
2.880120979711155451e+04 2.784393104984730370e-20 4.490293596385325365e-21
2.881180367168304656e+04 3.414895083005846145e-20 4.329303171289141576e-21
2.882239745947486153e+04 1.841122708666558864e-20 4.632080684433265601e-21
2.883299116040985245e+04 1.816612010385125238e-20 4.088832625623271928e-21
2.884358477444722666e+04 1.686769953777157311e-20 4.689533906031084909e-21
2.885417830156859054e+04 2.819399568584959066e-20 4.527873482400491598e-21
2.886477174168162310e+04 1.693761945937952175e-20 4.469265932496530235e-21
2.887536509478259541e+04 2.011991184888167047e-20 4.614082012694766325e-21
2.888595836077902641e+04 1.923808049517803697e-20 4.168242822599160685e-21
2.889655153966719081e+04 3.044768515843670041e-20 4.611424544424157782e-21
2.890697063304809853e+04 2.686767533926648841e-20 4.803263162701957313e-21
2.891756361973654566e+04 2.405095675579471247e-20 4.245712904004712562e-21
2.892815652408631649e+04 3.025005061753859850e-20 4.281179403313091018e-21
2.893874934113728159e+04 8.990570968179429700e-21 4.259511507452252995e-21
2.894934207082872672e+04 1.160476269748284647e-20 4.570602701900950702e-21
2.895993471309088636e+04 2.945722594085056701e-20 4.530659998308989161e-21
2.897052726788237851e+04 1.991849416910445507e-20 4.205764045846223727e-21
2.898111973515492355e+04 1.153959156178777849e-20 4.568039363233573331e-21
2.899171211486002721e+04 2.074523882166156511e-20 4.563192976816628363e-21
2.900230440695636207e+04 1.496011607649818678e-20 4.031525879136421849e-21
2.901289661137366056e+04 1.946865619682314826e-20 4.385142108783273372e-21
2.902348872807786029e+04 1.250897417858470820e-20 4.591646859849698318e-21
2.903408075702760107e+04 3.616400649251018015e-20 4.870113497172619068e-21
2.904467269816706175e+04 1.668792747082965014e-20 4.007316558133323566e-21
2.905526455144027932e+04 3.330399178849583605e-20 3.804387571733053823e-21
2.906585631682018720e+04 1.477736850999644865e-20 4.189164657181746436e-21
2.907644799422914730e+04 2.657761740210618889e-20 4.172209842229439555e-21
2.908703958364002392e+04 1.777019914756493571e-20 4.286491413046787245e-21
2.909763108499671216e+04 1.521761545490362929e-20 4.693524428229787002e-21
2.910822249824315440e+04 3.774598017429336870e-20 4.264976245968130883e-21
2.911881382333762303e+04 1.049938613926237776e-20 4.511089340241655362e-21
2.912940506023851049e+04 2.888574885559052736e-20 4.506850641171782870e-21
2.913999620888233767e+04 1.248756213624747820e-20 4.408149295802559175e-21
2.915058726923453651e+04 3.522106549036030093e-20 4.978675626783656083e-21
2.916117824123164246e+04 1.543817384570833411e-20 4.501955927376018238e-21
2.917176912484610875e+04 3.197174348836325182e-20 4.935538140506654596e-21
2.918235991998544341e+04 2.775312611663369217e-20 4.064485313512828898e-21
2.919295062665121077e+04 2.695338660563257474e-20 4.089442898895653606e-21
2.920354124477255755e+04 2.538876187876794892e-20 4.374494631616333606e-21
2.921413177429286588e+04 1.549978844647830188e-20 4.306900255106187879e-21
2.922472221516998616e+04 3.122017028482631137e-20 4.115626993301813543e-21
2.923531256729969391e+04 2.447316936070656931e-20 3.873511583162535841e-21
2.924572841659112601e+04 3.601240725373954069e-20 4.279036502081523139e-21
2.925631857837474308e+04 1.830896703942529374e-20 4.210487121078367617e-21
2.926690865130833845e+04 1.766943919959312376e-20 4.528951547548953814e-21
2.927749863535712211e+04 1.655373562246596089e-20 4.041946082480620913e-21
2.928808853045690194e+04 2.345803653359029560e-20 4.840309916250837703e-21
2.929867833655787399e+04 2.965733114345040110e-20 5.538657912173342761e-21
2.930926805362567757e+04 2.726360981339959207e-20 4.469527856606046460e-21
2.931985768159546205e+04 2.000307180912635189e-20 4.557973593245940610e-21
2.933044722043280490e+04 2.795024871909705312e-20 4.562388562220277943e-21
2.934103667007277909e+04 2.105951679434036220e-20 4.011801939665472498e-21
2.935162603048092569e+04 2.745117993147511849e-20 4.053949135887578846e-21
2.936221530159964459e+04 1.899454612980044198e-20 4.136831548723782525e-21
2.937280448338700808e+04 2.327331159437465227e-20 4.636161299198888304e-21
2.938339357577030751e+04 1.089622737021024612e-20 3.770403594076768126e-21
2.939398257871505484e+04 2.164289013310974390e-20 4.483389801748233703e-21
2.940457149217089318e+04 2.444863505271310079e-20 4.377421839695615285e-21
2.941516031608830963e+04 2.601434606594565355e-20 4.524820751956529000e-21
2.942574905042437967e+04 2.352962800481552715e-20 4.263982491532975470e-21
2.943633769511448918e+04 2.544487115156965134e-20 4.705986485680871858e-21
2.944692625012320423e+04 2.968955471352045760e-20 4.332945065452646174e-21
2.945751471539325939e+04 2.301611068037780937e-20 4.236519369485135393e-21
2.946810309085915651e+04 1.873067587233736166e-20 4.432045052529352189e-21
2.947869137649355253e+04 2.739523799513286271e-20 4.189738821578487365e-21
2.948927957223844351e+04 3.014263029746946236e-20 4.072193890739096552e-21
2.949986767805474665e+04 2.782669226123252960e-20 4.680162674290492226e-21
2.951045576946857182e+04 2.495496331240482276e-20 4.531161748146799467e-21
2.952104382156835709e+04 2.450039970053844629e-20 4.271749137820244522e-21
2.953163178358173536e+04 1.668773492145676331e-20 4.487310707916495243e-21
2.954221965543585247e+04 2.434092352383298605e-20 4.417809357045840967e-21
2.955280743710275419e+04 1.722206341325614727e-20 4.662699792676406068e-21
2.956339512852446569e+04 1.602000324861965999e-20 4.478680821632907554e-21
2.957398272965046635e+04 2.480283768731987849e-20 4.555424987476238506e-21
2.958457024042261037e+04 2.123645358948308826e-20 4.184959963522406476e-21
2.959515766079790410e+04 1.357155069834967359e-20 3.746591134523095979e-21
2.960574499073317202e+04 2.041732908313478180e-20 4.499387519465254956e-21
2.961633223017028286e+04 2.052255855492511654e-20 4.724460743338976826e-21
2.962691937905841769e+04 1.943161851827441401e-20 3.799307878843430423e-21
2.963750643734697587e+04 2.803200154567727791e-20 4.683743890967192634e-21
2.964809340496984805e+04 2.119527473764491428e-20 4.568370020520869226e-21
2.965868028191422491e+04 2.638192570258843800e-20 4.228476711846176931e-21
2.966926706809118332e+04 1.810446375041822004e-20 4.124837086246403423e-21
2.967985376346524208e+04 2.006546455108636677e-20 4.054611205596624758e-21
2.969044036799267269e+04 2.736752204422004334e-20 4.358880472760240450e-21
2.970102688161533297e+04 2.658500043370254715e-20 4.000622168517601947e-21
2.971161330427416033e+04 2.910048638968683045e-20 4.390537061663149646e-21
2.972219963592612839e+04 2.257518829192609382e-20 4.138138805514574772e-21
2.973278587651974885e+04 1.624939722815275659e-20 4.214075688456074913e-21
2.974337202600421733e+04 2.716496609577493207e-20 4.518391240378893010e-21
2.975395808432807098e+04 2.051793222566677684e-20 4.950189979688095804e-21
2.976454405144035263e+04 1.579911348471913357e-20 4.448140098982874064e-21
2.977512992728958488e+04 2.434772358555806168e-20 4.450578815789204804e-21
2.978571571182466869e+04 1.220878306534079459e-20 4.084216308786018903e-21
2.979630140499414483e+04 1.442105706121546696e-20 3.666438296022041263e-21
2.980688700674669963e+04 1.293353249054722403e-20 4.479959716358855735e-21
2.981747251703094298e+04 1.178836123268082700e-20 4.098295094686556860e-21
2.982805793579537931e+04 1.274539881129420553e-20 4.313078787965695079e-21
2.983864326298861852e+04 2.920353180267150508e-20 4.140674269609079397e-21
2.984922849855899040e+04 2.098456856395079991e-20 4.101427916532312522e-21
2.985981364245513032e+04 1.842928069901837800e-20 4.288578555864919637e-21
2.987039869462520437e+04 2.768344160574236120e-20 4.715416031644124460e-21
2.988098365501786611e+04 1.955590328607822701e-20 4.492845483291302683e-21
2.989156852357345633e+04 1.092430209628552691e-20 4.044561745683766077e-21
2.990215330024067225e+04 1.694798348758618099e-20 4.225394992870867425e-21
2.991273798499019540e+04 1.369375422310803720e-20 4.066352391395502818e-21
2.992332257775541075e+04 1.840688270465547454e-20 3.991811074367364739e-21
2.993390707846882651e+04 1.218434743914604228e-20 4.184281343541566138e-21
2.994449148710946611e+04 1.741539481667929524e-20 3.657046618375368374e-21
2.995507580360987777e+04 1.790255069402955495e-20 4.274198319135506844e-21
2.996566002791799474e+04 1.509078906785692557e-20 4.103457203477851298e-21
2.997606879944442699e+04 1.835066288952369335e-20 4.307579598811305053e-21
2.998665282611425209e+04 1.963580573136057400e-20 4.087868443464856586e-21
2.999723676049583446e+04 2.675336496243665947e-20 4.001183210312803251e-21
3.000782060246738183e+04 3.717365764740470581e-20 4.499912782291889685e-21
3.001840435198439081e+04 2.102651113770555943e-20 3.952575467234870250e-21
3.002898800900199058e+04 2.319996725009642718e-20 4.125946669861987798e-21
3.003957157346050008e+04 3.066662842919553510e-20 4.075326592752236963e-21
3.005015504528508245e+04 2.972571213700757537e-20 4.620144459165836542e-21
3.006073842446110575e+04 2.525879539586755887e-20 4.150791297614180948e-21
3.007132171092867429e+04 1.764535117831217795e-20 4.090286805862396060e-21
3.008190490462056187e+04 2.138944843429166146e-20 4.568883147099276296e-21
3.009248800549888983e+04 2.941013840731950243e-20 4.789810875235841249e-21
3.010307101347410571e+04 3.076179662477397156e-20 4.161531725674515825e-21
3.011365392855348910e+04 3.153944191615109597e-20 4.253859034317418603e-21
3.012423675063976771e+04 3.007978321192953561e-20 4.282851375335445726e-21
3.013481947970273541e+04 3.327098537960599263e-20 4.307148896979337592e-21
3.014540211568219092e+04 2.505447823410307150e-20 4.256176518947929992e-21
3.015598465851816582e+04 2.948716090212767702e-20 3.641175443766094919e-21
3.016656710817275598e+04 2.105694177270558627e-20 3.798639821812983489e-21
3.017714946458590566e+04 1.816292141231769549e-20 4.242277319469561123e-21
3.018773172768969744e+04 2.639942073408956424e-20 3.978941974505683870e-21
3.019831389746899731e+04 3.248716273278816574e-20 5.086981240530034638e-21
3.020889597383329965e+04 1.526200994328550095e-20 4.219451256334800362e-21
3.021947795674477311e+04 2.229335565985344394e-20 4.277599912984187435e-21
3.023005984615800116e+04 2.985535487237944463e-20 4.390343176000033729e-21
3.024064164200490268e+04 2.509574510284930564e-20 4.000899138249215674e-21
3.025122334423261782e+04 2.538703630129856258e-20 4.391209241050774112e-21
3.026180495281053300e+04 2.565010765393323164e-20 4.214399139387796464e-21
3.027238646762086137e+04 2.540616709679767178e-20 3.973085141445769360e-21
3.028296788375253163e+04 2.153006152239202347e-20 4.410109521622909421e-21
3.029337346337055715e+04 1.057471050012968007e-20 4.265476574754520372e-21
3.030395468363804684e+04 3.086492620497025080e-20 4.461469169266753995e-21
3.031453580998041070e+04 2.294189469339703359e-20 4.085783924382888388e-21
3.032511684234432323e+04 1.914938224569905024e-20 3.945029035707598147e-21
3.033569778065318678e+04 2.779520044054697327e-20 3.799068901133545203e-21
3.034627862487701350e+04 2.581316915623823120e-20 3.953115896720136853e-21
3.035685937495442704e+04 2.312386506381728386e-20 3.867887505371075714e-21
3.036744003082453855e+04 2.722623246964382057e-20 4.293759252139399312e-21
3.037802059245673081e+04 2.740865380117273905e-20 4.335942906596757758e-21
3.038860105976685736e+04 2.377293584087170637e-20 3.826445784938510091e-21
3.039918143272430825e+04 2.054108367638507446e-20 4.289300481653195973e-21
3.040976171126017653e+04 1.960131474082132985e-20 4.058654989593416046e-21
3.042034189533622703e+04 1.979470816120479569e-20 4.042119331205028808e-21
3.043092198488329450e+04 2.089459697711818895e-20 4.442247939961506062e-21
3.044150197986321655e+04 2.618506964542490786e-20 4.379076055139675038e-21
3.045208188020657326e+04 1.216703421095799575e-20 4.150484734652448131e-21
3.046266168586754793e+04 2.066421146528684450e-20 3.883728305818680118e-21
3.047324139679977088e+04 2.070305288002128271e-20 4.024399878279748131e-21
3.048382101294194945e+04 1.867841062585533870e-20 4.166219162637519118e-21
3.049440053423197969e+04 2.570174456734695595e-20 4.142573697731436321e-21
3.050497996061623053e+04 1.351892806818798063e-20 4.327476108729492500e-21
3.051555929206385554e+04 2.035114632336323177e-20 4.485229146119300210e-21
3.052613852849756950e+04 1.707017430960197707e-20 4.290328288295714255e-21
3.053671766987103911e+04 2.831916489912867203e-20 3.949612208386382718e-21
3.054729671613006940e+04 1.844900895310572513e-20 3.376465423314750601e-21
3.055787566722849442e+04 2.052439889564993214e-20 3.622663425533504487e-21
3.056845452308838139e+04 2.084977564356365226e-20 3.387590970220551273e-21
3.057903328368708753e+04 1.526111682497083667e-20 3.922679643473764998e-21
3.058961194893871289e+04 3.410471089770156028e-20 4.200621883048718973e-21
3.060019051881270934e+04 2.336407416967551254e-20 4.043480779177052131e-21
3.061076899324666738e+04 2.174454007477121887e-20 4.206525710224718221e-21
3.062134737217845759e+04 2.982593782583743128e-20 4.030984463972236238e-21
3.063192565557712078e+04 2.874981195136088919e-20 4.544297773806418022e-21
3.064250384335677518e+04 2.848600150371109003e-20 4.282087950516352312e-21
3.065308193547874180e+04 1.296765104040568515e-20 3.970039384213508136e-21
3.066365993190382505e+04 2.420907934836301529e-20 3.777913842141472095e-21
3.067423783254641239e+04 1.473689523655045274e-20 4.159654411964190708e-21
3.068481563735934469e+04 7.781372521952299985e-21 3.521474177425457415e-21
3.069539334631176825e+04 1.385312113682398431e-20 3.984313268483805348e-21
3.070597095933308810e+04 1.162767195849878539e-20 3.968880159827790841e-21
3.071654847636861814e+04 1.968331309809385644e-20 4.205559219732000013e-21
3.072712589735571237e+04 6.982999960563291093e-21 3.956097005545488579e-21
3.073770322223936091e+04 2.523163183828582520e-20 4.145155177672815946e-21
3.074828045099641167e+04 1.744566857412306744e-20 3.927836222164858936e-21
3.075885758353221536e+04 8.081184036189177898e-21 3.749504644111202525e-21
3.076943461981580913e+04 1.857177525435712691e-20 3.879844974147669900e-21
3.078001155976825976e+04 2.401926108154973423e-20 4.247018767028832068e-21
3.079058840335832429e+04 2.562081837595571930e-20 3.477152616258767345e-21
3.080116515052295654e+04 2.163415719477425738e-20 3.772276107542867096e-21
3.081174180121488098e+04 2.155916608075807216e-20 3.858433528172647522e-21
3.082231835534753918e+04 2.527613478907532684e-20 3.591813226467317810e-21
3.083289481291276024e+04 2.782186643769130624e-20 4.046740936438791154e-21
3.084347117382407669e+04 2.628311922190535156e-20 3.739788369343672112e-21
3.085404743804160171e+04 2.024551899705569682e-20 3.300620994611280506e-21
3.086462360547874414e+04 2.247208040379886476e-20 4.034055428258369522e-21
3.087519967611941320e+04 2.360988420991070319e-20 3.585723972410962002e-21
3.088577564989245366e+04 1.709146358280339329e-20 3.649746470347374879e-21
3.089635152674251367e+04 1.736488796878461155e-20 3.725006447729003264e-21
3.090692730659801236e+04 1.504775876433486890e-20 3.607108065310446327e-21
3.091750298944331007e+04 2.188007440407378593e-20 4.281052983464691142e-21
3.092807857519077879e+04 2.009290848691949886e-20 3.808551775227960241e-21
3.093865406378515399e+04 1.455112491431560850e-20 3.843407789946041740e-21
3.094922945518635242e+04 2.257957402031331574e-20 4.159064583242163954e-21
3.095962812021753052e+04 1.491178441753313488e-20 4.015480964755663496e-21
3.097020329880915233e+04 2.598880500347278830e-20 3.961248539511099557e-21
3.098077838495386459e+04 1.625738197573647013e-20 3.896645142759546210e-21
3.099135337374469236e+04 2.437474651389990817e-20 4.272272351515076703e-21
3.100192826502989556e+04 2.430927551443526721e-20 4.000421558152430893e-21
3.101250305876895800e+04 2.224062370556919051e-20 3.977249729980627256e-21
3.102307775492160363e+04 2.156001444571080256e-20 4.020632351692764226e-21
3.103365235342412416e+04 2.650378849109479350e-20 4.903173589801369796e-21
3.104422685422827999e+04 2.840687231418798024e-20 3.787604277217850262e-21
3.105480125726242841e+04 3.857685471295582095e-20 4.119563098339151768e-21
3.106537556249352201e+04 4.572919472646197856e-20 4.887256246618953430e-21
3.107594976981116270e+04 5.115512748541027264e-20 4.416799058338595488e-21
3.108652387922134585e+04 3.143359007250464975e-20 3.821008415730206498e-21
3.109709789066018493e+04 3.296577479097723044e-20 4.354961301117579719e-21
3.110767180402454687e+04 2.975947916858058081e-20 3.750070718696427973e-21
3.111824561930487835e+04 2.495686847338759352e-20 4.312863867295962039e-21
3.112881933643685625e+04 2.468438875041801347e-20 4.020620223972825946e-21
3.113939295532546384e+04 3.160555627897468801e-20 4.302828601512523465e-21
3.114996647597634001e+04 4.032622915765460886e-20 4.261576256789000410e-21
3.116053989830194769e+04 2.198973727199485155e-20 4.185933701192889934e-21
3.117111322222226227e+04 2.113521142654490743e-20 3.985841130324999685e-21
3.118168644771178515e+04 2.554913622019885117e-20 4.160583953277929280e-21
3.119225957471424772e+04 2.203860063017548509e-20 3.791235360385764511e-21
3.120283260315718144e+04 3.312278037552008369e-20 3.506957179826172442e-21
3.121340553299959356e+04 2.550906715777079634e-20 4.364304112404398636e-21
3.122397836417689541e+04 3.132610791185813436e-20 3.966254776726750079e-21
3.123455109662441100e+04 1.079645788676548663e-20 3.434403730852742082e-21
3.124512373025915804e+04 2.980060806254758854e-20 4.113105968295411081e-21
3.125569626014398455e+04 2.436546501616240467e-20 4.065802585157541024e-21
3.126609168145651711e+04 2.802934969871933709e-20 3.525442040302836522e-21
3.127666400512624750e+04 2.562450799650423322e-20 3.755824552046021791e-21
3.128723622977098785e+04 2.360293770681855339e-20 3.765083509573640292e-21
3.129780835536605082e+04 2.440237430699330785e-20 3.916427127583338464e-21
3.130838038182190212e+04 2.113258011258346875e-20 3.704953682849067624e-21
3.131895230910585451e+04 1.071062570109860188e-20 3.451942846989391212e-21
3.132952413714449722e+04 2.305488653160174347e-20 3.941200320878507611e-21
3.134009586590478648e+04 2.077038071004597409e-20 3.761422767278610142e-21
3.135066749530548987e+04 2.996892466611041196e-20 4.092733595992447057e-21
3.136123902528900362e+04 1.830427224410228749e-20 3.596736995288014560e-21
3.137181045582253864e+04 3.131002165459067014e-20 3.942280516470292553e-21
3.138238178680815690e+04 4.094360763786306537e-20 3.872799795617699857e-21
3.139295301823695627e+04 1.702176536406669811e-20 3.558609714065446500e-21
3.140352415001120971e+04 1.590447100148044073e-20 3.591155153993531650e-21
3.141409518209743328e+04 2.043826610300825068e-20 4.088240933611730619e-21
3.142466611443031434e+04 2.039021969048098849e-20 3.994552303804920609e-21
3.143523694693580183e+04 8.299667514334537641e-21 4.147483756658136114e-21
3.144580767959691002e+04 1.192001814078019667e-20 4.032112913348757429e-21
3.145637831231551536e+04 2.805913380414221903e-20 4.226882043152084825e-21
3.146694884504998117e+04 3.122819940447253867e-20 3.725215997055584760e-21
3.147751927775090371e+04 2.286555139398986384e-20 3.918605313026925445e-21
3.148808961033585365e+04 1.720997012332378485e-20 4.060670121679905310e-21
3.149865984277163079e+04 1.697614753086526766e-20 3.990532044362559530e-21
3.150922997500017300e+04 1.631886522026099192e-20 5.742989147094196327e-21
