9.864895789534150026e+03 2.453157280239490827e-19 3.331212729047244489e-20
9.871258243779881013e+03 2.128855413768985444e-19 2.702769111745792883e-20
9.877620669557092697e+03 2.755036142871840794e-19 2.869032330896250634e-20
9.883983066847526061e+03 2.772199269018090152e-19 2.742809389736387980e-20
9.890345435640816504e+03 2.408199182601238907e-19 2.767387662745058493e-20
9.896707775918694097e+03 2.259146080451075349e-19 2.782211553728839716e-20
9.903070087672789668e+03 1.534578727185557598e-19 2.660109731239951238e-20
9.909432370880864255e+03 1.862003867255778712e-19 2.799603921902321989e-20
9.915794625534550505e+03 1.876101724877222479e-19 2.762107581295034278e-20
9.922156851615549385e+03 2.289603130620491573e-19 2.745151030975009959e-20
9.928519049113516303e+03 1.523402566655853456e-19 2.593212674847452193e-20
9.934881218012164027e+03 2.230329059535739164e-19 2.374875218035428411e-20
9.941243358295154394e+03 1.822943724853799919e-19 2.753144861454377131e-20
9.947605469952150088e+03 2.245757809099402551e-19 2.713251825865934741e-20
9.953967552966849325e+03 2.049173613282910419e-19 2.612714528683297627e-20
9.960329607322919401e+03 1.634136070334917931e-19 2.580803531609236641e-20
9.966691633012014790e+03 2.078756693781744429e-19 2.710069405790441772e-20
9.973053630011825589e+03 1.257848819880189369e-19 2.415586736374842924e-20
9.979415598314019007e+03 2.295778562069085226e-19 2.598945859728059476e-20
9.985777537902255062e+03 1.607430906427367358e-19 2.643559296534162408e-20
9.992139448764191911e+03 2.177699012465903563e-19 2.648713264139226105e-20
9.998501330879520538e+03 1.773123462140306344e-19 2.522646336314053970e-20
1.000486318423787998e+04 1.350327809419937615e-19 2.489504461285101682e-20
1.001122500882891291e+04 2.340027629077315762e-19 2.432540520618918152e-20
1.001758680463430210e+04 1.690035503177831511e-19 2.545750653245289424e-20
1.002394857163571396e+04 1.983777062624195584e-19 2.547991843508168332e-20
1.003031030982679476e+04 1.907944488297968060e-19 2.598514261227369433e-20
1.003667201918520914e+04 2.224973996181898376e-19 2.593611554219200990e-20
1.004303369970460517e+04 1.473270490617838580e-19 2.641174632457713252e-20
1.004939535136462109e+04 1.581253620047903110e-19 2.611703302787107356e-20
1.005575697415292052e+04 1.824351708874229741e-19 2.656384510994295477e-20
1.006211856805515345e+04 2.113305104538859369e-19 2.534348275172350859e-20
1.006848013305896347e+04 1.786207845799311614e-19 2.608795053439758281e-20
1.007484166914598245e+04 2.198910448944123514e-19 2.446088892929169763e-20
1.008120317630386853e+04 1.955508373764117869e-19 2.601189486877041198e-20
1.008756465452226985e+04 1.442900001735139565e-19 2.263521194610141720e-20
1.009392610377879282e+04 2.032429997114505608e-19 2.348934614559406670e-20
1.010028752406308740e+04 1.996624210092492165e-19 2.537385795239466660e-20
1.010664891536280447e+04 1.138449072570513934e-19 2.376111108779589219e-20
1.011301027765955587e+04 2.852261148973788496e-19 2.610022253188515267e-20
1.011937161094299154e+04 1.798850588962363601e-19 2.402300402869860924e-20
1.012573291519471604e+04 2.019747248526745997e-19 2.428266973781723811e-20
1.013209419040639295e+04 2.445775134259314510e-19 2.465767532024498119e-20
1.013845543655152505e+04 1.899102869662858232e-19 2.468588401804304295e-20
1.014481665362989770e+04 2.580198888027106394e-19 2.508122417205272677e-20
1.015117784162107091e+04 2.234389452361174933e-19 2.507195423512118337e-20
1.015753900051066194e+04 1.916830777873521853e-19 2.381180996755308061e-20
1.016390013028429348e+04 1.997274406535619388e-19 2.436722193004456299e-20
1.017026123092554553e+04 1.975931112802350620e-19 2.412885613803468668e-20
1.017662230242408259e+04 2.541456593757416055e-19 2.433408300647926092e-20
1.018298334476349919e+04 1.729867175257733596e-19 2.353163840211923275e-20
1.018934435792736622e+04 1.633388955756738574e-19 2.249870021406650338e-20
1.019570534190535363e+04 1.850962942656252712e-19 2.424813494309007989e-20
1.020206629667900415e+04 1.963274207623606507e-19 2.436212455494143105e-20
1.020842722223797682e+04 2.190062700769291023e-19 2.311271125857646571e-20
1.021478811856788161e+04 2.043729877562753423e-19 2.306102014190603264e-20
1.022114898565024851e+04 2.224641811166626212e-19 2.303590706260402445e-20
1.022750982347269564e+04 2.109310312564347138e-19 2.100305103671344799e-20
1.023387063202286481e+04 1.886791749814847382e-19 2.388776376453305970e-20
1.024023141127819690e+04 2.041408614209920530e-19 2.382941700929688014e-20
1.024659216123443366e+04 2.342127480829259245e-19 2.442123168595373709e-20
1.025295288187718870e+04 2.552181020444433452e-19 2.517828109685808078e-20
1.025931357317982292e+04 2.162883383729004851e-19 2.442592694459492649e-20
1.026567423514014445e+04 2.234231234090549741e-19 2.293110048130635952e-20
1.027203486774170415e+04 2.131020000131465254e-19 2.464850424137229955e-20
1.027839547096599563e+04 2.575431181383788525e-19 2.719902865224547929e-20
1.028475604480063157e+04 2.653931852685572397e-19 2.386803889435889997e-20
1.029111658923117648e+04 2.065138948661078583e-19 2.337028394998364835e-20
1.029747710424321303e+04 2.051175528456087392e-19 2.360262686793403229e-20
1.030383758982230029e+04 1.629568768315236099e-19 2.367608293161303957e-20
1.031019804595605819e+04 2.271525407163224344e-19 2.432390407479892236e-20
1.031655847262595125e+04 1.585845960942701461e-19 2.421287385963734158e-20
1.032291886981957759e+04 1.378765853268320667e-19 2.303995388712913053e-20
1.032927923752456263e+04 1.274150361569424481e-19 2.367244427354679265e-20
1.033563957572233812e+04 2.098835004378160220e-19 2.313899868972502091e-20
1.034199988440051675e+04 1.689669407232200931e-19 2.308918357504096453e-20
1.034836016354667299e+04 1.797035197269925563e-19 2.415126850396928783e-20
1.035472041314433409e+04 2.006075585297813947e-19 2.390675463381008675e-20
1.036108063317701090e+04 1.963077887802609188e-19 2.403201691773911854e-20
1.036734228652222919e+04 1.354360431459316202e-19 2.363891498482904613e-20
1.037370244298352372e+04 1.815249268403854191e-19 2.342379704551442726e-20
1.038006256711691640e+04 1.945054374167047082e-19 2.523310793825159623e-20
1.038642266161443331e+04 2.404573964641303818e-19 2.440935756288987564e-20
1.039278272647287122e+04 2.186368112346562491e-19 2.345820438683370871e-20
1.039914276168374818e+04 1.857475932711200216e-19 2.290229256713885494e-20
1.040550276723058778e+04 1.794197096235679072e-19 2.414260220494801745e-20
1.041186274309689725e+04 1.755861510945503754e-19 2.252662979260971306e-20
1.041822268927223013e+04 1.639898517943621390e-19 2.225789058728371755e-20
1.042458260574006272e+04 2.106156748793019979e-19 2.388594662904643485e-20
1.043094249248392407e+04 1.901454091552741651e-19 2.210190243570319173e-20
1.043730234949534315e+04 2.028557446678124606e-19 2.331684093340961679e-20
1.044366217675177359e+04 1.655843284868999831e-19 2.412444959508265893e-20
1.045002197424476981e+04 1.414237177993380610e-19 2.265956553808315731e-20
1.045638174195782267e+04 2.617387712714379867e-19 2.363121440976609939e-20
1.046274147987442666e+04 2.388116793690471936e-19 2.264037323288925440e-20
1.046910118798612712e+04 1.581938009157763538e-19 2.214125487192228569e-20
1.047546086627234945e+04 1.641767389030043530e-19 2.176431645922128397e-20
1.048182051471857631e+04 1.732424180292429157e-19 2.121093753061227578e-20
1.048818013331637849e+04 1.606509167770813204e-19 2.093680758514184273e-20
1.049453972204515958e+04 1.855994451762835656e-19 2.303592035849897704e-20
1.050089928089041314e+04 2.058353683868303843e-19 2.173057615383210000e-20
1.050725880984568357e+04 2.072177659434584978e-19 2.378075426147082955e-20
1.051361830888227996e+04 1.894196898016843881e-19 2.251072008973686000e-20
1.051997777799984760e+04 1.950110175897585582e-19 2.174436524145851335e-20
1.052633721717577828e+04 2.412549999183912051e-19 2.284928527217338460e-20
1.053269662639754824e+04 1.714513453575674695e-19 2.185556355126849195e-20
1.053905600565265195e+04 2.083004033336855707e-19 2.215880229852771070e-20
1.054541535492045841e+04 1.898577089197130419e-19 2.128912709933312999e-20
1.055177467419456298e+04 2.543138551755709195e-19 2.196148930577608430e-20
1.055813396345636465e+04 2.842305582801859024e-19 2.354791707671026453e-20
1.056449322268924880e+04 2.054289911712523901e-19 2.132221178589569318e-20
1.057085245188271074e+04 2.694510684780459588e-19 2.369495161142705573e-20
1.057721165101612132e+04 2.328403613310337122e-19 2.364791464789541122e-20
1.058357082008305406e+04 2.410497460388021185e-19 2.427493826220127093e-20
1.058992995906284887e+04 1.721009537431797693e-19 2.236133212233096210e-20
1.059628906794503018e+04 2.686836228718230145e-19 2.376895496017706877e-20
1.060264814671497334e+04 1.886199348291994070e-19 2.332564975812340099e-20
1.060900719534788186e+04 1.968607456743193224e-19 2.347162698736978634e-20
1.061536621384351747e+04 1.999705769323053236e-19 2.211190861914610514e-20
1.062172520217917554e+04 1.957473605578531000e-19 2.264813795303567394e-20
1.062808416034434413e+04 2.121659062253989892e-19 2.259551795637704072e-20
1.063444308832440584e+04 1.965623944983351337e-19 2.204211896756979374e-20
1.064080198609658873e+04 1.964086096702892664e-19 2.364662320679546183e-20
1.064716085365856452e+04 2.085883714874060415e-19 2.308024570087705744e-20
1.065351969098349218e+04 2.076665602917938337e-19 2.308429711800247239e-20
1.065987849806903068e+04 2.159869497714709317e-19 2.358044329412972661e-20
1.066623727489035628e+04 1.792029500727180757e-19 2.196984941090626403e-20
1.067259602143897791e+04 2.137495838513433888e-19 2.295557652209491692e-20
1.067895473770029275e+04 2.165351766454612648e-19 2.177239191978266452e-20
1.068531342365147066e+04 2.095295166913242243e-19 2.100388933174977094e-20
1.069167207926506853e+04 1.809905540122489230e-19 2.103474230890678531e-20
1.069803070112038404e+04 2.322695883792610682e-19 2.402511732975904413e-20
1.070438925637434113e+04 1.873438404082821969e-19 2.456205719070905021e-20
1.071074778097618218e+04 1.909436471957306109e-19 2.490540224524455224e-20
1.071710627520355592e+04 1.965842406650375530e-19 2.321694631256784681e-20
1.072346473903770857e+04 1.820808237596184779e-19 2.215371326066488001e-20
1.072982317246399725e+04 1.758087179722670366e-19 2.172182726557911308e-20
1.073618157547397823e+04 1.912876070504506106e-19 2.326469918600019580e-20
1.074253994804474860e+04 1.894565790000832926e-19 2.322018544177206851e-20
1.074889829016988188e+04 2.335420770280636745e-19 2.450126833506682620e-20
1.075525660182442698e+04 2.499152120363593991e-19 2.245666180040270496e-20
1.076161488300614292e+04 2.343121214246645841e-19 2.378873643956019386e-20
1.076797313369421499e+04 1.843384347841660351e-19 2.272202558839605951e-20
1.077433135387390030e+04 1.672111562270710416e-19 2.183832888099505384e-20
1.078068954352844048e+04 1.616449775876271845e-19 2.221017042220493460e-20
1.078704770264319632e+04 2.166082897519345093e-19 2.243991511373146067e-20
1.079340583120971678e+04 1.861808040546329328e-19 2.098438500540199586e-20
1.079976392920712715e+04 2.174971562806332541e-19 2.083514585000109579e-20
1.080612199662482817e+04 1.787563225936731832e-19 2.351864237716689099e-20
1.081248003344192330e+04 2.298354417244890615e-19 2.346698195821644079e-20
1.081883803965200968e+04 2.301286010732534596e-19 2.260929341850951516e-20
1.082519601523213532e+04 2.163193659260286465e-19 2.307595262649940088e-20
1.083155396018004285e+04 1.678289314233844795e-19 2.552434706976943172e-20
1.083791187446440381e+04 1.724240298322233833e-19 2.353613325323329759e-20
1.084426975808294264e+04 1.494610572829327476e-19 2.113500646286493985e-20
1.085062761101479373e+04 1.486586212929227634e-19 2.083243777526956835e-20
1.085698543325141509e+04 1.544949647730496151e-19 2.057822055815633047e-20
1.086334322476769194e+04 2.116382858634266954e-19 2.154599469859912690e-20
1.086970098555929326e+04 1.683085145668477795e-19 2.175331253334586871e-20
1.087605871560526612e+04 2.374728990390169989e-19 2.196765365663237326e-20
1.088241641489296308e+04 2.096434229059075555e-19 2.106727927883971635e-20
1.088877408341181399e+04 2.034699895258445618e-19 2.125406365895160677e-20
1.089513172113872133e+04 2.005322404844741097e-19 2.064742020228250169e-20
1.090148932806521043e+04 2.419033440992187601e-19 2.202586673172854713e-20
1.090784690417446473e+04 1.929273371923041981e-19 2.099218867305307537e-20
1.091420444945171585e+04 2.434351657791634296e-19 2.103869440927012586e-20
1.092056196388220633e+04 1.838680108386080326e-19 2.018662322968961770e-20
1.092691944745117326e+04 1.532130235997955805e-19 2.014278862023300185e-20
1.093327690014385189e+04 1.886233434392970573e-19 2.077082296627341750e-20
1.093963432194545931e+04 1.459721841145578127e-19 1.983595980915321024e-20
1.094599171284119075e+04 1.771545269336060830e-19 2.182799088978834476e-20
1.095234907281419510e+04 2.372079237214332245e-19 2.062815182012465529e-20
1.095870640185390221e+04 1.799131403453756422e-19 2.205967653506964976e-20
1.096506369994554916e+04 1.926081720827998935e-19 2.065658428843632887e-20
1.097142096707011842e+04 1.741417646950899592e-19 2.074539702560746968e-20
1.097777820321489162e+04 1.717308384817127020e-19 2.030997631740904254e-20
1.098413540836509128e+04 2.028039709739197241e-19 1.906062291566408856e-20
1.099049258250591447e+04 1.495491218704861362e-19 1.940396579289373096e-20
1.099684972562254188e+04 2.184382169143220252e-19 2.083270759808201988e-20
1.100320683770017058e+04 2.144698149785881315e-19 1.938346157375564554e-20
1.100956391872606036e+04 1.572052095338777211e-19 1.986004411615724971e-20
1.101592096867904729e+04 1.496478331420170371e-19 2.032753742441949187e-20
1.102227798755065305e+04 1.583992106786589860e-19 1.992763516569995116e-20
1.102863497532399015e+04 1.705135323377166924e-19 1.958372598198706056e-20
1.103499193198628200e+04 2.103467396822497176e-19 2.001792882243743740e-20
1.104134885751642651e+04 2.296658687259518200e-19 2.144126826284668207e-20
1.104770575191427997e+04 2.281885461666154722e-19 1.982594836796707583e-20
1.105406261513966820e+04 2.087660357259194686e-19 1.937708949788252006e-20
1.106041944720514584e+04 1.985313532543518763e-19 2.122853160446136751e-20
1.106677624807054963e+04 1.806632012617794750e-19 2.228283142120450444e-20
1.107313301774636784e+04 2.081996775751501745e-19 2.144643641319720447e-20
1.107948975619662269e+04 2.233393311875989054e-19 2.017376354730365785e-20
1.108584646342118867e+04 1.870277097395582238e-19 2.173366526812869086e-20
1.109220313939254629e+04 1.960022928658747796e-19 2.092009165567574131e-20
1.109855978410851458e+04 2.326138561465603288e-19 2.063801311108737815e-20
1.110491639754572134e+04 2.148095667659009615e-19 1.919723523152962886e-20
1.111127297968924177e+04 1.685349167707219563e-19 1.971214208208717030e-20
1.111762953052843659e+04 2.085097370868248721e-19 2.010702835410223382e-20
1.112398605004416640e+04 1.664647152824521144e-19 2.088078062738023799e-20
1.113034253822785831e+04 2.076353613553044172e-19 2.060216915384362366e-20
1.113669899505186186e+04 1.827608184719597007e-19 2.014303123599069778e-20
1.114305542052044439e+04 1.762835197845646903e-19 1.964155622148375137e-20
1.114941181460167718e+04 1.408809132085934069e-19 1.887960015624295226e-20
1.115576817728907008e+04 1.720241160968237151e-19 1.913715758655517728e-20
1.116212450856348732e+04 1.592990843198445788e-19 2.016550196222607953e-20
1.116848080841428782e+04 1.878220500923781308e-19 2.039889754951588837e-20
1.117483707682862951e+04 1.491629514495883543e-19 2.124238803719000550e-20
1.118119331377871094e+04 2.201363616689070076e-19 2.275834453965258694e-20
1.118754951926451031e+04 1.650320611305613825e-19 2.155464716433230953e-20
1.119390569325832985e+04 1.988492771918412311e-19 2.130136096867700387e-20
1.120026183576016774e+04 1.952594317713679365e-19 2.022380795196507739e-20
1.120661794674008706e+04 1.364802182625890529e-19 1.891457668209738280e-20
1.121297402619168497e+04 2.125220717979981248e-19 1.924669370753869249e-20
1.121933007410425489e+04 1.896065095749768715e-19 2.015473894901554002e-20
1.122568609044350524e+04 1.936531898554468539e-19 2.069149851053758944e-20
1.123204207521798344e+04 1.696242089610545119e-19 1.990398876655884101e-20
1.123839802839135336e+04 2.060270808451584877e-19 1.997587530510523020e-20
1.124475394997218609e+04 1.598877879697186496e-19 1.994144543367067058e-20
1.125110983992617366e+04 2.096202315766096282e-19 2.049889925813952526e-20
1.125746569824473590e+04 2.190177406889044847e-19 1.926882664962522408e-20
1.126382152491711895e+04 1.610521501041215815e-19 1.999487863421351909e-20
1.127017731991331857e+04 2.300350101645884499e-19 2.167120215514560348e-20
1.127653308324193677e+04 2.537147411212367736e-19 1.980465447972387336e-20
1.128288881486433093e+04 2.189675826232030004e-19 1.933925729912326288e-20
1.128924451478482115e+04 1.815336749271926740e-19 1.979318375482422479e-20
1.129560018298185787e+04 2.471130956310148801e-19 2.016747964377912843e-20
1.130195581942311219e+04 2.407298507595751616e-19 1.881837340069908174e-20
1.130831142412378540e+04 1.734950163280385859e-19 1.898136727520907167e-20
1.131466699704300845e+04 1.890715480760923853e-19 1.949349535021932041e-20
1.132102253820897749e+04 2.079587141045969562e-19 1.946647092878041737e-20
1.132727843644362656e+04 2.076874326000197893e-19 1.956319665803402856e-20
1.133363390682800673e+04 2.060638022548793059e-19 1.969286139556358389e-20
1.133998934538798494e+04 2.027641408493949327e-19 1.874012038655635300e-20
1.134634475209514494e+04 2.064607945322380223e-19 1.902466690146952026e-20
1.135270012695223704e+04 2.189102724420345995e-19 2.059070582900137622e-20
1.135905546993303687e+04 1.678822279800400611e-19 1.825991253101194940e-20
1.136541078101131279e+04 2.623590951982082064e-19 1.774157725847165474e-20
1.137176606019200517e+04 2.156981682834082019e-19 1.802592589534609120e-20
1.137812130744886053e+04 1.871846606474590453e-19 1.738806029054973032e-20
1.138447652276677400e+04 1.830257877246800855e-19 1.826590636918945734e-20
1.139083170613726361e+04 1.870641328791372204e-19 1.935090740571511182e-20
1.139718685753181671e+04 2.275448305427793181e-19 1.916797221515650245e-20
1.140354197695320363e+04 1.739891004115816093e-19 1.764926450850589266e-20
1.140989706437959467e+04 1.600634106638798262e-19 1.816677683238711543e-20
1.141625211978466177e+04 1.942501541545013778e-19 1.815742743399564271e-20
1.142260714316891244e+04 1.949649687039735312e-19 1.887989315116854741e-20
1.142896213450599498e+04 2.124235729220851791e-19 1.892005956319042839e-20
1.143531709378748019e+04 2.006774180218055528e-19 1.929444136806099597e-20
1.144167202100038412e+04 1.582894667065914310e-19 1.775246742916566283e-20
1.144802691611386945e+04 1.542095365359059858e-19 1.651316525521498551e-20
1.145438177913296931e+04 2.054743529843264480e-19 1.801400911972600630e-20
1.146073661003802226e+04 1.843354024506226448e-19 1.853588123355411018e-20
1.146709140879586630e+04 1.877046188118559580e-19 1.876293762158672895e-20
1.147344617541602383e+04 1.689343317041904294e-19 1.856449699438253829e-20
1.147980090986980758e+04 2.062584305178349873e-19 1.759471699637337487e-20
1.148615561213750698e+04 2.057866979321105996e-19 1.817431895085426378e-20
1.149251028221959314e+04 2.165390203278169249e-19 1.764845427364322109e-20
1.149886492008965979e+04 2.417822571293929606e-19 1.863741354764927764e-20
1.150521952573024282e+04 2.275801963748965936e-19 1.913124943241295385e-20
1.151157409913511401e+04 2.060861395775232539e-19 1.889564068233947759e-20
1.151792864028228723e+04 2.208567151332419979e-19 1.838939822800650948e-20
1.152428314915876035e+04 2.306705145290779011e-19 1.891585313244973796e-20
1.153063762575381043e+04 2.284917658954263494e-19 1.932702798190166388e-20
1.153699207004537493e+04 2.107506294564660878e-19 1.842095870730210216e-20
1.154334648201366508e+04 2.141120345420755252e-19 1.839245422455253866e-20
1.154970086165928478e+04 1.628633438650337245e-19 1.671138551905555092e-20
1.155605520895791233e+04 1.676476851950508963e-19 1.807092573284585054e-20
1.156240952388296319e+04 1.589661216055800148e-19 1.751653210975527784e-20
1.156876380644404708e+04 1.657391917656655054e-19 1.684012308099348155e-20
1.157511805661002290e+04 2.078668867632674597e-19 1.723429845398912892e-20
1.158147227435653258e+04 2.433921626106968145e-19 1.757867042370759770e-20
1.158782645969313126e+04 2.106068696938605157e-19 1.821132390697415517e-20
1.159418061258872331e+04 1.964371361134065175e-19 1.807271105994884965e-20
1.160053473302117527e+04 1.615046366498296683e-19 1.715278827937176287e-20
1.160688882099333023e+04 1.786470058340314458e-19 1.858943743521646148e-20
1.161324287648079735e+04 2.137260724801584556e-19 1.820001110426449482e-20
1.161959689946366962e+04 2.054428999525875310e-19 1.741696277922482475e-20
1.162595088993116406e+04 2.156032611625305244e-19 1.805845368060411718e-20
1.163230484787242312e+04 1.720851572537259875e-19 1.726411462834936936e-20
1.163865877326304508e+04 1.647123242080064875e-19 1.821711036876731814e-20
1.164501266609451704e+04 1.852433286513082829e-19 1.789268292832823850e-20
1.165136652635375867e+04 2.170657551463157284e-19 1.809454010356386773e-20
1.165772035400943787e+04 2.171355011864575261e-19 1.763958020164501689e-20
1.166407414906669692e+04 2.544344398032444280e-19 1.920638034208836176e-20
1.167042791150332778e+04 2.050928581258048513e-19 1.784038983627720152e-20
1.167678164129472316e+04 1.978540987828342280e-19 1.730245426560245220e-20
1.168313533843011464e+04 1.906571909320275071e-19 1.767345510625443949e-20
1.168948900290783422e+04 1.548221574032105509e-19 1.733305000803282203e-20
1.169584263469416692e+04 1.720519295639760924e-19 1.794080141607306743e-20
1.170219623377829703e+04 1.735416593738182508e-19 1.708431609925334526e-20
1.170854980014935245e+04 1.755398872561675562e-19 1.693601163053325223e-20
1.171490333379651565e+04 1.974755421037129334e-19 1.697516725560339239e-20
1.172125683468822353e+04 1.953257558728087440e-19 1.810823604263964520e-20
1.172761030281825697e+04 1.833237739780758710e-19 1.851189314365792396e-20
1.173396373817808308e+04 2.026118585077645286e-19 1.708186616104554141e-20
1.174031714074306365e+04 2.289914247401270329e-19 1.800191958752993280e-20
1.174667051049084148e+04 1.926097284581962351e-19 1.730208953589107886e-20
1.175302384742662616e+04 1.800596691318205615e-19 1.779613057408232411e-20
1.175937715152346937e+04 1.848010033816291321e-19 1.779479551439337429e-20
1.176573042276578599e+04 2.121567921062339635e-19 1.780317410359925052e-20
1.177208366112438671e+04 1.424849328988295244e-19 1.656177658706642774e-20
1.177843686661598440e+04 1.916589467037641880e-19 1.669871967447256019e-20
1.178479003919745628e+04 1.865324522323076151e-19 1.796270582789070966e-20
1.179114317886252684e+04 1.823503365675563088e-19 1.822188300396177166e-20
1.179749628559564735e+04 1.690296369490655296e-19 1.723525533863038335e-20
1.180384935938592207e+04 1.968906972789089884e-19 1.809333944865657052e-20
1.181020240021315476e+04 1.491188434409171203e-19 1.807196683912646180e-20
1.181655540805263990e+04 1.878939313995508911e-19 1.789338749743401856e-20
1.182290838290500324e+04 1.716726742439439045e-19 1.647248133323941009e-20
1.182926132475240411e+04 1.924318619366556880e-19 1.655692177330454231e-20
1.183561423357233798e+04 1.616939459121338167e-19 1.712933153275030428e-20
1.184196710933999020e+04 2.291674827428817531e-19 1.841748414863040584e-20
1.184831995206288593e+04 2.209422583080707644e-19 1.694984594740137479e-20
1.185467276171389494e+04 2.425862430307868917e-19 1.673486818685308861e-20
1.186102553827747397e+04 1.544177239342175406e-19 1.647119318098770183e-20
1.186737828172875925e+04 2.073778720146404203e-19 1.565532758641684859e-20
1.187373099207070845e+04 2.226757578921094504e-19 1.717382869658837215e-20
1.188008366928076612e+04 1.614393858522847975e-19 1.673132947074281408e-20
1.188643631333634403e+04 1.763436178998076964e-19 1.688406861120370441e-20
1.189278892422174613e+04 1.922236530034914376e-19 1.642144610054884249e-20
1.189914150193074056e+04 1.995531145961689747e-19 1.734374659325602754e-20
1.190549404644536844e+04 1.844941746274157353e-19 1.706450702273897984e-20
1.191184655774767634e+04 1.962316473709641793e-19 1.651138050470258367e-20
1.191819903582433108e+04 1.758533133739732460e-19 1.635252655030280667e-20
1.192455148064339664e+04 2.525253416915683445e-19 1.817019704697663693e-20
1.193090389221708392e+04 5.859187439996190733e-19 2.115223304997891542e-20
1.193725627051347692e+04 1.832808366357450175e-18 3.094207318296385687e-20
1.194360861551925700e+04 2.068931113452535668e-18 3.238964319102600825e-20
1.194996092721172681e+04 1.428998831711740882e-18 2.619944322452496733e-20
1.195631320558923289e+04 4.784076512987583058e-19 2.026158296212400336e-20
1.196266545062905243e+04 2.096259559402413548e-19 1.750979364297801826e-20
1.196901766231781039e+04 1.840623759217793179e-19 1.711125685588128084e-20
1.197536984062806005e+04 2.154403233981385763e-19 1.719087960443378845e-20
1.198172198556053809e+04 2.100339650347063289e-19 1.693196483326909771e-20
1.198807409709249805e+04 2.063204604615897363e-19 1.636044059889034047e-20
1.199442617520820750e+04 2.157416097603053162e-19 1.746263822624286669e-20
1.200077821989427684e+04 2.281791116003343230e-19 1.661507719855573022e-20
1.200713023112322117e+04 2.189468251487028977e-19 1.767795802505452509e-20
1.201348220889329605e+04 1.902793975995101070e-19 1.647241977537384040e-20
1.201983415318882362e+04 2.243950530756019181e-19 1.702444119347457911e-20
1.202618606398699740e+04 1.647019368957752018e-19 1.612584094199893486e-20
1.203253794127674882e+04 2.117610366632471001e-19 1.725145072100623829e-20
1.203888978503288672e+04 1.694944652555659602e-19 1.680364175409276936e-20
1.204524159524903007e+04 1.978666477461840453e-19 1.746127271175240474e-20
1.205159337191164013e+04 1.867102932367085928e-19 1.777097441167090685e-20
1.205794511500030785e+04 2.108779554183645865e-19 1.725581044066071185e-20
1.206429682449922802e+04 1.701984994162367700e-19 1.653105158773849268e-20
1.207064850038785517e+04 1.575120822922974402e-19 1.753156395078876832e-20
1.207700014265509162e+04 2.073062380742592975e-19 1.701029697164605979e-20
1.208335175128509036e+04 1.767077820971882442e-19 1.680363610941610005e-20
1.208970332626665186e+04 2.003681906433988901e-19 1.623252844400211927e-20
1.209605486757928884e+04 1.855179666085940624e-19 1.610533315096315314e-20
1.210240637520716336e+04 2.219543030808377764e-19 1.653189916653549411e-20
1.210875784912966810e+04 2.117966001231097565e-19 1.691570964884517873e-20
1.211510928933803370e+04 2.444431286920651564e-19 1.686481683733986476e-20
1.212146069581401207e+04 2.169237845194285051e-19 1.742213227944408125e-20
1.212781206854163065e+04 2.188775787635447583e-19 1.721489338512296450e-20
1.213416340750745258e+04 2.573551753883117620e-19 1.734049104934667986e-20
1.214051471269083959e+04 2.774383111163398404e-19 1.786718879311102375e-20
1.214686598407588463e+04 2.698965636090403040e-19 1.743091281929275335e-20
1.215321722165616666e+04 1.846583917022653148e-19 1.681447338720701631e-20
1.215956842540150865e+04 1.614192292560695374e-19 1.706533269502658157e-20
1.216591959530775966e+04 1.860751755348890204e-19 1.660457420649998132e-20
1.217227073135432511e+04 1.958095926096524372e-19 1.686328318062299415e-20
1.217862183352527245e+04 1.763051574378703177e-19 1.647681896757073286e-20
1.218497290180225718e+04 2.178901129241761657e-19 1.669726284783342782e-20
1.219132393617407070e+04 2.131290096380807879e-19 1.644967931594669551e-20
1.219767493661758817e+04 2.306420009714128783e-19 1.685995348698532556e-20
1.220402590312629218e+04 2.404772700413938105e-19 1.685198263514529375e-20
1.221037683567950808e+04 2.665697717995273993e-19 1.803973674886509766e-20
1.221672773426364620e+04 2.817310693486112289e-19 1.789895972244914267e-20
1.222307859885553080e+04 2.548770214206486106e-19 1.665491939326376391e-20
1.222942942944154311e+04 2.879973191456047575e-19 1.692920426836003168e-20
1.223578022601038356e+04 2.580652849698566976e-19 1.719999586108334879e-20
1.224213098854603413e+04 1.928942885829225791e-19 1.633801824482084441e-20
1.224848171703011940e+04 2.631778495351904174e-19 1.669949949817109124e-20
1.225483241144659405e+04 2.183007463055222390e-19 1.754083709316104687e-20
1.226118307178182295e+04 2.217093065835512726e-19 1.676596548509413809e-20
1.226753369801734152e+04 1.620977673191859681e-19 1.609685452079981161e-20
1.227388429013220411e+04 1.764720639789049431e-19 1.611922200949271369e-20
1.228023484811758681e+04 1.975982654152360559e-19 1.660188654006057383e-20
1.228658537195023746e+04 2.284744162780881816e-19 1.702398994022129671e-20
1.229293586162366773e+04 2.108993364754343044e-19 1.719251552247099466e-20
1.229928631711697017e+04 1.750722551626946858e-19 1.656273237234588673e-20
1.230563673841644777e+04 2.141404290907611964e-19 1.624873716840396841e-20
1.231198712550348682e+04 2.785289557449204052e-19 1.698588612043799180e-20
1.231833747835966278e+04 2.185237818712864884e-19 1.721162812746955415e-20
1.232468779697124228e+04 2.340221812431696335e-19 1.739209738899952276e-20
1.233103808132209633e+04 2.160355577385881747e-19 1.630692880219956001e-20
1.233738833139607232e+04 1.877760061909866593e-19 1.633997873794505759e-20
1.234373854717694849e+04 1.938977644606549465e-19 1.703812741864532829e-20
1.235008872864857767e+04 2.350907073552046790e-19 1.724511962683751321e-20
1.235643887579485090e+04 2.671223543580228372e-19 1.680803839137498445e-20
1.236278898860198206e+04 2.219476011126812274e-19 1.661359308857721664e-20
1.236913906705138470e+04 2.705967201916571635e-19 1.726924403390692373e-20
1.237548911112443602e+04 2.799843325788644928e-19 1.688051714206968245e-20
1.238183912080965820e+04 2.204811578895095958e-19 1.626134210713409363e-20
1.238818909608853755e+04 2.478963407763384063e-19 1.771515756012788735e-20
1.239453903694242217e+04 3.592334390692334008e-19 1.762967023470211519e-20
1.240088894335751138e+04 3.368948416667677807e-19 1.740728809564491250e-20
1.240723881531755433e+04 2.329381265209377892e-19 1.705200348104060794e-20
1.241358865280624741e+04 2.491362174517156753e-19 1.689977112528801155e-20
1.241993845580978086e+04 2.252349633265996554e-19 1.666594700690790195e-20
1.242628822430708897e+04 2.037426197036456968e-19 1.639999863311215677e-20
1.243263795828917137e+04 2.339332028810130890e-19 1.697773020992237985e-20
1.243898765773004379e+04 2.388648430763030696e-19 1.554569987614578146e-20
1.244533732262310878e+04 2.233898655039961273e-19 1.565207894396689922e-20
1.245168695294228746e+04 2.145920161131950222e-19 1.679538430020618417e-20
1.245803654867864134e+04 3.511104220878773175e-19 1.866237487528111062e-20
1.246438610981344391e+04 2.975498153053644488e-19 1.780095473694293060e-20
1.247073563633035519e+04 1.960642512135123614e-19 1.619993283873327358e-20
1.247708512821061959e+04 2.273119846131495532e-19 1.601131559862197173e-20
1.248343458544021814e+04 2.066475789982393165e-19 1.642742318872188874e-20
1.248978400800777672e+04 2.166055472454778353e-19 1.674085874198295549e-20
1.249613339588963936e+04 2.205409611411132843e-19 1.875886499972946560e-20
1.250248274907186533e+04 2.889475883288720078e-19 1.685862445987061991e-20
1.250883206753564991e+04 1.903023677579500715e-19 1.621366691321286495e-20
1.251518135127185269e+04 2.466042879492746856e-19 1.676347883838119688e-20
1.252153060025435298e+04 2.617266458413136456e-19 1.658131670956812591e-20
1.252787981447656603e+04 2.504116576115004704e-19 1.694327805611442912e-20
1.253422899391473402e+04 2.873059077721041894e-19 1.676205211464531578e-20
1.254057813855734821e+04 2.418361508627477429e-19 1.735112053898094290e-20
1.254692724838302820e+04 2.542437151892204921e-19 1.688660373014901834e-20
1.255327632337776595e+04 2.415550845570348584e-19 1.673795632921322606e-20
1.255962536352764619e+04 2.234321219826097486e-19 1.578259937988470912e-20
1.256597436881129761e+04 2.645701265596501525e-19 1.661372446502051287e-20
1.257232333921717145e+04 2.662520676888684141e-19 1.627717141359976382e-20
1.257867227472385639e+04 2.577274895835028772e-19 1.636488946634037639e-20
1.258502117531480508e+04 2.186094233004624927e-19 1.685063741218974494e-20
1.259137004098099897e+04 2.259156605877214586e-19 1.658892429338075896e-20
1.259771887170102491e+04 1.904240182219592189e-19 1.650703305045325933e-20
1.260406766745590721e+04 1.796688244391796095e-19 1.654230796810740651e-20
1.261041642823650909e+04 2.383508208430099348e-19 1.725709996342567877e-20
1.261676515401388860e+04 2.604693288856523921e-19 1.712600099927870837e-20
1.262311384478394939e+04 2.516302385249722458e-19 1.723773100928611071e-20
1.262946250052274627e+04 2.842785821492498648e-19 1.670705200790458050e-20
1.263581112121865590e+04 2.701419420745759344e-19 1.648681369225231992e-20
1.264215970685265893e+04 2.483465313600117861e-19 1.735594487162691708e-20
1.264850825740559230e+04 2.238181707991093079e-19 1.626070854262779183e-20
1.265485677286593273e+04 2.763595516036923262e-19 1.626826673075966266e-20
1.266120525321462628e+04 2.792764257848433387e-19 1.685992337831306850e-20
1.266755369843508197e+04 2.101509760467404986e-19 1.586562224801726454e-20
1.267390210851067968e+04 2.450063396527863913e-19 1.651823254875293014e-20
1.268025048342469563e+04 2.487594019901245887e-19 1.634441163920877537e-20
1.268659882315813229e+04 2.322414490937580473e-19 1.724090959193113624e-20
1.269294712769932812e+04 2.172476931854540705e-19 1.634350827625686362e-20
1.269929539703163391e+04 2.187666090705204867e-19 1.635192109017036282e-20
1.270564363113094805e+04 2.392024920114826856e-19 1.726682096623946154e-20
1.271199182998794095e+04 2.578600531925315756e-19 1.716821744590982800e-20
1.271833999358606889e+04 3.099608080624783484e-19 1.761046736740993228e-20
1.272468812190367134e+04 2.607751531192359540e-19 1.662369865740928445e-20
1.273103621492655475e+04 1.949391914083551441e-19 1.605090583889086780e-20
1.273738427263551239e+04 2.212923799103512219e-19 1.663280290184807685e-20
1.274373229502120375e+04 2.276728569563936161e-19 1.645507786000524929e-20
1.275008028205955452e+04 2.019705090559557991e-19 1.620687549373095033e-20
1.275642823373632928e+04 2.659837477309978071e-19 1.469023901979065541e-20
1.276277615003728715e+04 2.273149650876463671e-19 1.518721934184436920e-20
1.276912403094071669e+04 2.513741530272838568e-19 1.583161646608203203e-20
1.277537060535443379e+04 2.508163368646741179e-19 1.726456726805248720e-20
1.278171841102010512e+04 2.491172224863537409e-19 1.725354234172047268e-20
1.278806617847816597e+04 2.141351930132549699e-19 1.693009497845281518e-20
1.279441391044879492e+04 3.273589743265113649e-19 1.812644957435439961e-20
1.280076160694003192e+04 2.746959097123289494e-19 1.711359209775137328e-20
1.280710926793518775e+04 2.410021289519397608e-19 1.756328446522383035e-20
1.281345689342474543e+04 2.097771304090434181e-19 1.725830986349834939e-20
1.281980448337722555e+04 2.730213785366381441e-19 1.722697717511887656e-20
1.282615203778306932e+04 2.219349167681170792e-19 1.687335294617233625e-20
1.283249955662786306e+04 2.384491824783912498e-19 1.683894076030858507e-20
1.283884703988993351e+04 2.895466641214703723e-19 1.755512555807189067e-20
1.284519448755732083e+04 2.465872141126230354e-19 1.709788881391914084e-20
1.285154189961072552e+04 2.232244567426781925e-19 1.642033237130464476e-20
1.285788927603318734e+04 2.330052432203432114e-19 1.680073888203079064e-20
1.286423661680537589e+04 2.952735822735707748e-19 1.757721028476572271e-20
1.287058392191775965e+04 2.908090599141582787e-19 1.761369113394622286e-20
1.287693119134365770e+04 2.302230673233544138e-19 1.768329287752200459e-20
1.288327842507103014e+04 2.650390904560908431e-19 1.728714114210837436e-20
1.288962562308539054e+04 2.400023456094852993e-19 1.710420551901632616e-20
1.289597278536731028e+04 2.114511772932880658e-19 1.692676039405612210e-20
1.290231991189747896e+04 2.640453484403570291e-19 1.716195038679981814e-20
1.290866700266629414e+04 2.696296588130959016e-19 1.777717689354919709e-20
1.291501405764941046e+04 2.967617687531158695e-19 1.709291902373807027e-20
1.292136107683218870e+04 2.315542474802886436e-19 1.717493314213357834e-20
1.292770806019529846e+04 2.904312277344867201e-19 1.744435996625752753e-20
1.293405500773158019e+04 2.407865017192685569e-19 1.657356596067525722e-20
1.294040191940928707e+04 2.569159541985835933e-19 1.648523034989091170e-20
1.294674879522362244e+04 3.111579245748835602e-19 1.879520477273681664e-20
1.295309563515020272e+04 2.332587463140814662e-19 1.727119912684234856e-20
1.295944243917689528e+04 2.726358247012657281e-19 1.683208863392726427e-20
1.296578920727932564e+04 2.488111765646742628e-19 1.773047307465049158e-20
1.297213593945028515e+04 2.184675266435719710e-19 1.682688474561201148e-20
1.297848263566525748e+04 2.337868332220001398e-19 1.685046995888422788e-20
1.298482929590962340e+04 3.044092931543762091e-19 1.693547264638731199e-20
1.299117592016886010e+04 2.652718121525122949e-19 1.663287469148241995e-20
1.299752250842337889e+04 2.510894071383813390e-19 1.668262966001227741e-20
1.300386906065354924e+04 2.382801659067260584e-19 1.639076223036570830e-20
1.301021557684716208e+04 2.443318630699469570e-19 1.764927118472386590e-20
1.301656205698216581e+04 2.725570611630904181e-19 1.723299310171126375e-20
1.302290850104151286e+04 2.348034726556385320e-19 1.707867108096520340e-20
1.302925490902041747e+04 2.669717074698920565e-19 1.790890176572044192e-20
1.303560128088184501e+04 2.781969785708306029e-19 1.790449386171587710e-20
1.304194761679157455e+04 2.363929148477300020e-19 1.573942655520017261e-20
1.304829393823404098e+04 2.156667167850517824e-19 1.618491398671697410e-20
1.305464036738333380e+04 2.672752536526636147e-19 1.625159934416883968e-20
1.306098676151522159e+04 2.401429038843479662e-19 1.656173959323178693e-20
1.306733311944578963e+04 2.655762408497821272e-19 1.667481016746904493e-20
1.307367944116774197e+04 3.043240708034186282e-19 1.661329401436505393e-20
1.308002572665395201e+04 2.478962390799233348e-19 1.669956793643139005e-20
1.308637197589463904e+04 2.607882761975585073e-19 1.709596760010004730e-20
1.309271818887003428e+04 2.456144702452505356e-19 1.708281268725539983e-20
1.309906436556283006e+04 2.048165065440541831e-19 1.769559377759705668e-20
1.310541050595583874e+04 2.643974873792623721e-19 1.819403868941415595e-20
1.311175661003177265e+04 2.238164435661199212e-19 1.737734788297347877e-20
1.311810267777332228e+04 2.289638858477011866e-19 1.698663628453016110e-20
1.312444870916312357e+04 1.947065345270071885e-19 1.616410394999308921e-20
1.313079470418391429e+04 1.980434449316524699e-19 1.642911930177023655e-20
1.313714066281842315e+04 3.878531260807772236e-19 1.815342811057422405e-20
1.314348658505180538e+04 4.961558668225710554e-19 1.882636830468816652e-20
1.314983247086159827e+04 3.055965923120169373e-19 1.728919217078715427e-20
1.315617832023048686e+04 2.224229294627886378e-19 1.631303316905416014e-20
1.316252413314871228e+04 1.733551989105307045e-19 1.703484930696617504e-20
1.316886990959388277e+04 2.064520639743198081e-19 1.633424672132789565e-20
1.317521564954604219e+04 1.790324140367775210e-19 1.590148853747039028e-20
1.318156135299274501e+04 1.877013569318182180e-19 1.589365919020890214e-20
1.318790701993463699e+04 2.359812937302109055e-19 1.725879399178192500e-20
1.319425265310020950e+04 2.462091387578815318e-19 1.674300044685509440e-20
1.320049649092505933e+04 2.507409434420251836e-19 1.750835342035447537e-20
1.320684204095353743e+04 2.444756405208413303e-19 1.652999034424906782e-20
1.321318755438653170e+04 2.801964053031612067e-19 1.804500400107265115e-20
1.321953303120144483e+04 2.313539064703221922e-19 1.671792059313170181e-20
1.322587847139111545e+04 2.607061555956786543e-19 1.639745987687384922e-20
1.323222387493018687e+04 2.609962268086508175e-19 1.735731768634778252e-20
1.323856924180903661e+04 2.136503173943890059e-19 1.607610274879373104e-20
1.324491457199983051e+04 2.465475937618370250e-19 1.641325033060253842e-20
1.325125986549539448e+04 2.287499102044327351e-19 1.680465124201636342e-20
1.325760512226777792e+04 2.458090108414562648e-19 1.696579674132355363e-20
1.326395034230462988e+04 2.461723506134608176e-19 1.780882435515330768e-20
1.327029552559107833e+04 2.673745286338886780e-19 1.767008300157670346e-20
1.327664067210694884e+04 2.196434161566891738e-19 1.668699096318392235e-20
1.328298578183463906e+04 2.031767764142670763e-19 1.657658845962042245e-20
1.328933085475651569e+04 2.330939477964962335e-19 1.657330334494500858e-20
1.329567589085508735e+04 2.405998958831620656e-19 1.678194836013888073e-20
1.330202089011015414e+04 2.429593400312915780e-19 1.628187618647876352e-20
1.330836585251187898e+04 2.394583956418007705e-19 1.722566342418189241e-20
1.331471077803213120e+04 2.346372243593703112e-19 1.744780734813667468e-20
1.332105566666640880e+04 2.343430705407802401e-19 1.680463585162445106e-20
1.332740051838145519e+04 2.502228999772977021e-19 1.638076548171659984e-20
1.333374533317002533e+04 2.681233593220721471e-19 1.631841527208981845e-20
1.334009011101432952e+04 2.032628219026095073e-19 1.608534192771566461e-20
1.334643485188898012e+04 1.792816428543873038e-19 1.709746847812091529e-20
1.335277955578672481e+04 2.215474484473229253e-19 1.642950406440482280e-20
1.335912422267944203e+04 2.695823998969769391e-19 1.533202294740629791e-20
1.336546885255975394e+04 2.652359278240581671e-19 1.551241571303316906e-20
1.337181344540477403e+04 2.054464310563469612e-19 1.580084345072431248e-20
1.337815800119159394e+04 1.706725310119506152e-19 1.603064453125065324e-20
1.338450251991552432e+04 2.677234335680055335e-19 1.644517603119088107e-20
1.339084700154045277e+04 2.249346819148509897e-19 1.639896668307778061e-20
1.339719144606951158e+04 2.630924288650696983e-19 1.690861110225527168e-20
1.340353585347194166e+04 2.934331374897216250e-19 1.740331123450102837e-20
1.340988022372993510e+04 2.636475179889634737e-19 1.699022582545960452e-20
1.341622455682826694e+04 2.402855399368876290e-19 1.597870272257839304e-20
1.342256885274909291e+04 2.273322015238240078e-19 1.670364236881910539e-20
1.342891311148252134e+04 2.829382998980996495e-19 1.766722842813630627e-20
1.343525733299501917e+04 2.774201220788382077e-19 1.683890021070454504e-20
1.344160151727917219e+04 2.530607250432937655e-19 1.653163824942714567e-20
1.344794566430919258e+04 2.656492182898859514e-19 1.642313035040235088e-20
1.345428977408043829e+04 2.313778648536664572e-19 1.645070058318769309e-20
1.346063384656454400e+04 2.135084782765106045e-19 1.720672903656443773e-20
1.346697788174620291e+04 2.861755898700933613e-19 1.699442861620062646e-20
1.347332187960479314e+04 2.655673089374668158e-19 1.625865345803236173e-20
1.347966584013042302e+04 2.543974402005566089e-19 1.775629145556231607e-20
1.348600976329464356e+04 2.469556020995390998e-19 1.717318762202306493e-20
1.349235364909001510e+04 2.347992352281799913e-19 1.601684902279060483e-20
1.349869749748532558e+04 2.248251684242862946e-19 1.660090278219101449e-20
1.350504130848118621e+04 2.509785283874177998e-19 1.652188467184224063e-20
1.351138508204118261e+04 2.439018112952216575e-19 1.625317526783853868e-20
1.351772881816049085e+04 2.284032672736210631e-19 1.664492724788786622e-20
1.352407251680781701e+04 2.634914123052035179e-19 1.780026527381865234e-20
1.353041617798377229e+04 2.361767790108528081e-19 1.793636047925684710e-20
1.353675980165185501e+04 1.746431171621171560e-19 1.696628710865582089e-20
1.354310338780722122e+04 2.194400890325030560e-19 1.791611513055289875e-20
1.354944693642643688e+04 2.445778453390562595e-19 1.771742961401266625e-20
1.355579044748894739e+04 2.476801520378844182e-19 1.754451844903376489e-20
1.356213392097932956e+04 2.168605972016176104e-19 1.720240020196201106e-20
1.356847735687948625e+04 2.702797082807755932e-19 1.690391632460743032e-20
1.357482075517122576e+04 2.420824641082609514e-19 1.659979545782528381e-20
1.358116411583659465e+04 2.681724897061878840e-19 1.718139853989868124e-20
1.358750743885746851e+04 2.293840048661754206e-19 1.763076563746985196e-20
1.359385072422101075e+04 2.180347579719046540e-19 1.701942398496265192e-20
1.360019397189838492e+04 2.700472884695353929e-19 1.828373520785467810e-20
1.360653718187953200e+04 2.321153781989500961e-19 1.750121979251218734e-20
1.361288035414364094e+04 2.845606478065840306e-19 1.719801966983579019e-20
1.361922348866986431e+04 2.470556396818693929e-19 1.730126597169411085e-20
1.362556658544524180e+04 2.013100123134061316e-19 1.577234646535943513e-20
1.363190964444638485e+04 2.410509223447626416e-19 1.815765441517426123e-20
1.363825266565776656e+04 2.495837196777616776e-19 1.724632216049251956e-20
1.364459564906643027e+04 2.126057194005201584e-19 1.669033731877663118e-20
1.365093859464346497e+04 2.053632348383451563e-19 1.690674754293385876e-20
1.365728150237871705e+04 2.601032890713805225e-19 1.760591006078964033e-20
1.366362437224860696e+04 2.290739429985789684e-19 1.707530715809614616e-20
1.366996720424013620e+04 2.378472446421847520e-19 1.760892504253361232e-20
1.367630999833502028e+04 2.499567066821898567e-19 1.692822610240396467e-20
1.368265275450973604e+04 2.229111829670140059e-19 1.706229727121785156e-20
1.368899547274596989e+04 2.318242143105312904e-19 1.672178089028243552e-20
1.369533815303333540e+04 2.307482346015973821e-19 1.628480090710370367e-20
1.370168079534553726e+04 2.139990992117238685e-19 1.615292865246305763e-20
1.370802339966697582e+04 2.573584834283308947e-19 1.677501327113619648e-20
1.371436596597661628e+04 2.668062603755500916e-19 1.784548378605584252e-20
1.372070849426403583e+04 2.587988693655467733e-19 1.788647405745422824e-20
1.372705098450290825e+04 2.087888199762701425e-19 1.770608811867972912e-20
1.373339343667755929e+04 2.284345051472805574e-19 1.794842563844559700e-20
1.373973585076960080e+04 2.236411994545078181e-19 1.708797372283265986e-20
1.374607822676318028e+04 2.038354474974298881e-19 1.691203204371897208e-20
1.375242056463195513e+04 2.242000846595954781e-19 1.728845441044045549e-20
1.375876286436823648e+04 2.189406548298667670e-19 1.726200320882531193e-20
1.376510512595089858e+04 2.349189980426705274e-19 1.695878162508312437e-20
1.377144734935062115e+04 1.999714155465531478e-19 1.591298844603867885e-20
1.377778953455981537e+04 2.092340740262748304e-19 1.719279362646587306e-20
1.378413168156269603e+04 2.379370121392025410e-19 1.682767441798312354e-20
1.379047379032729077e+04 2.608945684710062521e-19 1.705255798581973182e-20
1.379681586084846822e+04 2.173282855629485618e-19 1.750001560121817625e-20
1.380315789310515720e+04 2.149666323301937845e-19 1.742354447449579286e-20
1.380949988707074408e+04 2.837143081932871931e-19 1.741961108131555021e-20
1.381584184273199753e+04 3.032835580962266938e-19 1.842691398253066941e-20
1.382218376007307052e+04 2.897829560536348515e-19 1.878237827565337816e-20
1.382852563907546937e+04 1.965980699661220950e-19 1.716904549217166892e-20
1.383486747971253681e+04 2.233533816348868589e-19 1.763216742142024470e-20
1.384120928197095418e+04 2.299474997629866782e-19 1.782342789218787747e-20
1.384755104583491084e+04 2.703212672000427576e-19 1.921974700360929090e-20
1.385389277128582944e+04 2.086550989249420171e-19 1.830347268600141224e-20
1.386023445829427874e+04 2.601894021032968872e-19 1.806002856182428878e-20
1.386657610685227701e+04 2.123030927985012207e-19 1.722209526072105039e-20
1.387291771694403724e+04 1.832876048619372101e-19 1.673569381443103618e-20
1.387925928854279118e+04 2.099721022739252283e-19 1.854380561061884694e-20
1.388560082163792504e+04 2.107952744464828542e-19 1.662927579887590125e-20
1.389194231619445600e+04 2.044565027458197506e-19 1.690124660584113809e-20
1.389828377221274968e+04 2.579969952957398066e-19 1.617222500068889679e-20
1.390462518966055177e+04 7.570388295738643259e-19 2.023608073601409743e-20
1.391096656852715932e+04 6.363116197194633638e-19 2.009660206035200609e-20
1.391730790879388587e+04 2.759430810794807731e-19 1.732155547957142158e-20
1.392364921043391405e+04 2.214624567213669815e-19 1.632819789465437063e-20
1.392999047343932398e+04 1.864532619750379687e-19 1.608381241948112019e-20
1.393633169778576121e+04 1.831332161122427577e-19 1.607313866270958455e-20
1.394267288345459929e+04 1.860979073855901196e-19 1.667666787481377315e-20
1.394901403042431593e+04 2.047813521558029917e-19 1.633842531553780180e-20
1.395535513867876580e+04 2.484409669963188682e-19 1.718937427121175498e-20
1.396169620820179625e+04 1.855134771813976842e-19 1.562856676729984902e-20
1.396803723896922929e+04 2.213723477798191893e-19 1.622949618387413428e-20
1.397437823097039654e+04 2.518205135907141120e-19 1.604437825168863137e-20
1.398071918417268898e+04 2.533179415595989150e-19 1.596471650696713216e-20
1.398706009856819583e+04 2.241096210166679443e-19 1.623168232617710621e-20
1.399340097414081720e+04 1.974129916456334531e-19 1.796982517496444919e-20
1.399974181085800592e+04 2.140554525230849638e-19 1.753574715335730325e-20
1.400608260871706079e+04 2.419525323581072974e-19 1.704726091281790248e-20
1.401242336768558198e+04 2.650202293540899004e-19 1.728690445880610444e-20
1.401876408775280834e+04 2.084073752797374442e-19 1.694833779682937888e-20
1.402510476889425809e+04 2.350296172721119516e-19 1.544656376359195694e-20
1.403144541109641250e+04 2.328047030343952674e-19 1.669034453684205444e-20
1.403778601434039410e+04 2.000459935815034202e-19 1.646166567839048057e-20
1.404412657859900537e+04 1.995141588670643743e-19 1.670192445455059377e-20
1.405046710386404447e+04 1.754449195820950565e-19 1.565583595251348122e-20
1.405680759010566180e+04 2.200746274436263673e-19 1.656503645716393744e-20
1.406314803731307438e+04 2.112365632341872641e-19 1.660367860212755233e-20
1.406948844546169676e+04 2.226085969545994363e-19 1.674148099075818354e-20
1.407582881454065682e+04 1.967675988191338119e-19 1.592103178695809325e-20
1.408216914452276251e+04 2.178763931292984126e-19 1.667407582654234514e-20
1.408850943538893443e+04 2.041244281821466815e-19 1.666299522685823553e-20
1.409484968713368107e+04 1.826105308048591196e-19 1.748457765654205129e-20
1.410118989971601331e+04 1.888305384304582188e-19 1.528455551848043778e-20
1.410753007312783666e+04 2.457674396836422239e-19 1.618486858801789812e-20
1.411387020735918304e+04 2.087444474052913111e-19 1.652973459319463170e-20
1.412010746989310428e+04 2.191920219785269259e-19 1.747370541730317323e-20
1.412644751840567005e+04 1.877628383150251300e-19 1.615869860151762225e-20
1.413278752765312856e+04 2.294877121088036279e-19 1.648939571503575771e-20
1.413912749762817839e+04 2.143345114030890569e-19 1.662797447257545528e-20
1.414546742831968004e+04 2.055441125950090958e-19 1.662208670496311681e-20
1.415180731970045417e+04 2.300523690018940626e-19 1.661980001896059612e-20
1.415814717176191880e+04 2.436581809714563845e-19 1.744633222608444755e-20
1.416448698447948664e+04 2.251904532513968357e-19 1.637997539348474324e-20
1.417082675782860133e+04 2.319349360177089162e-19 1.792430048845521346e-20
1.417716649180339846e+04 1.941334811140883301e-19 1.703268507489883188e-20
1.418350618637113803e+04 2.404151720634486542e-19 1.739920241656391073e-20
1.418984584152328716e+04 2.302516280366154419e-19 1.741429581465761921e-20
1.419618545722984163e+04 2.253388605133987895e-19 1.629804113052318374e-20
1.420252503347943639e+04 2.553145604845282460e-19 1.693203914162431534e-20
1.420886457025012351e+04 2.198863137685953403e-19 1.668512081483399681e-20
1.421520406752256895e+04 2.137136820796882379e-19 1.767777014801531743e-20
1.422154352527472838e+04 1.805997263411047735e-19 1.599819215058063011e-20
1.422788294349521857e+04 2.368840388823275407e-19 1.661983878482247941e-20
1.423422232215398071e+04 2.832860294330736443e-19 1.658670820218660340e-20
1.424056166123970615e+04 2.243160837039257282e-19 1.684416377652304298e-20
1.424690096073022505e+04 2.233067262020919188e-19 1.673825251196246730e-20
1.425324022060882635e+04 2.064441804162769277e-19 1.506045214017186876e-20
1.425957944084802693e+04 2.286551967667404377e-19 1.638069019639128219e-20
1.426591862143911567e+04 2.416961176320785275e-19 1.672216270659869834e-20
1.427225776235179728e+04 2.481817155293887112e-19 1.695438809181553212e-20
1.427859686357746614e+04 1.975954756713044633e-19 1.518811581221907595e-20
1.428493592508585243e+04 2.197219840598762646e-19 1.557265618613673795e-20
1.429127494686815771e+04 2.057776927658341582e-19 1.606866693615378772e-20
1.429761392889681701e+04 2.276445096728350767e-19 1.682711062174888799e-20
1.430395287115505016e+04 2.157822491567502440e-19 1.708019228839091819e-20
1.431029177362591327e+04 2.264113274343735946e-19 1.802479743368484681e-20
1.431663063628176496e+04 2.501942826884653511e-19 1.865225798152445521e-20
1.432296945911934199e+04 2.500600279068722766e-19 1.664681803720638933e-20
1.432930824209461753e+04 2.898970174885329747e-19 1.636438968625630457e-20
1.433564698521231730e+04 2.097340222550906392e-19 1.484115056407383998e-20
1.434198568843667636e+04 1.992510492174774763e-19 1.558169861987956508e-20
1.434832435175347018e+04 2.394779649815211544e-19 1.524640686686624686e-20
1.435466297514569487e+04 2.390692361984440523e-19 1.681646595163793323e-20
1.436100155858833932e+04 1.975665944459840872e-19 1.673312506443623957e-20
1.436734010206993480e+04 2.441467980495972919e-19 1.694572930647494532e-20
1.437367860555980224e+04 2.391334223467439964e-19 1.746947310041773930e-20
1.438001706904368257e+04 2.199569281084517121e-19 1.529854937013274519e-20
1.438635549250744589e+04 2.422571937934308126e-19 1.606555264634926134e-20
1.439269387592040766e+04 2.631612242944659091e-19 1.593082465375631128e-20
1.439903221927091909e+04 2.163916527914412132e-19 1.684500168699102579e-20
1.440537052253662659e+04 2.510220194631968284e-19 1.638618283363684422e-20
1.441170878569773959e+04 2.494772481165156592e-19 1.640933762093422840e-20
1.441804700873164256e+04 2.161907037381157693e-19 1.725853112037976975e-20
1.442438519164742138e+04 2.091452405257958331e-19 1.696281871122237863e-20
1.443072333719482231e+04 2.421542938342833948e-19 1.763493688671393512e-20
1.443695823869903870e+04 2.347063908127512800e-19 1.669706373785117702e-20
1.444329629370173643e+04 2.266474049051390362e-19 1.781627254140604290e-20
1.444963430848872849e+04 2.503875584263784626e-19 1.703162755016586390e-20
1.445597228302879557e+04 2.414731209662888468e-19 1.786967385106650673e-20
1.446231021730766406e+04 2.139525750528313932e-19 1.657769502378133109e-20
1.446864811129709960e+04 2.203290707319830644e-19 1.677203450361337590e-20
1.447498596498562256e+04 2.450308641050519986e-19 1.724469452584358603e-20
1.448132377835319494e+04 2.420592974445670648e-19 1.609225054435520907e-20
1.448766155137438000e+04 2.147880773263361105e-19 1.549179580698524151e-20
1.449399928403489503e+04 2.161241390117128949e-19 1.678408407139264171e-20
1.450033697630895585e+04 2.529747998985624615e-19 1.653666471786766226e-20
1.450667462818239073e+04 2.632409073534106550e-19 1.718182348128306011e-20
1.451301223963238772e+04 2.676774736738064008e-19 1.666819629269159664e-20
1.451934981063317719e+04 2.491303730049057595e-19 1.699654237565471987e-20
1.452568734117611893e+04 2.364831791121845873e-19 1.713555499204875451e-20
1.453202483123557249e+04 2.003506389235679883e-19 1.758031083909367931e-20
1.453836228078860404e+04 2.358933931752465290e-19 1.770252516793306554e-20
1.454469968982360115e+04 2.595145739877466451e-19 1.652794223361927296e-20
1.455103705830925901e+04 2.653320536109333595e-19 1.663950260745085668e-20
1.455737438623114576e+04 2.199503565193576847e-19 1.614863847071837314e-20
1.456371167357185550e+04 1.857573158123123447e-19 1.568243919233976151e-20
1.457004892030859446e+04 2.163231638154712947e-19 1.625310807894808857e-20
1.457638612642123917e+04 2.475906155720984103e-19 1.664355974977748326e-20
1.458272329188946787e+04 2.335003528593784535e-19 1.641476511794076253e-20
1.458906041669042315e+04 2.775466397912755644e-19 1.716946002050860981e-20
1.459539750080964950e+04 2.453218803510607329e-19 1.650592444150968240e-20
1.460173454422398572e+04 2.245132973680375105e-19 1.743270568077467598e-20
1.460807154691328105e+04 2.272463296693647720e-19 1.629315591038482402e-20
1.461440850885739928e+04 2.735025473573470481e-19 1.663200396973436305e-20
1.462074543003314102e+04 2.878924308425718143e-19 1.734874399346023062e-20
1.462708231043170235e+04 2.321339473201716159e-19 1.724432640463263075e-20
1.463341915001862799e+04 2.008132713292887845e-19 1.770971593893473396e-20
1.463975594877643198e+04 2.110537183449673902e-19 1.645262655328655207e-20
1.464609270669333273e+04 2.146294753642207588e-19 1.623263012522794403e-20
1.465242942374345330e+04 2.587830863432455648e-19 1.664794252902378095e-20
1.465876609990357792e+04 2.841256494098825566e-19 1.716141945893771931e-20
1.466510273515321933e+04 2.281039137131414520e-19 1.643858897162076893e-20
1.467143932948081056e+04 2.481757663687990244e-19 1.808983547076521887e-20
1.467777588286024911e+04 2.150672606716849936e-19 1.587724744213439506e-20
1.468411239526811914e+04 2.216167974840132328e-19 1.774979151213240803e-20
1.469044886668993422e+04 2.605415998755040084e-19 1.693613435054442660e-20
1.469678529709955546e+04 2.442857982961246851e-19 1.749172856843709239e-20
1.470312168648214720e+04 2.348161070112874040e-19 1.650785148653297009e-20
1.470945803481166877e+04 2.083063168615178929e-19 1.614167935184935347e-20
1.471579434207343184e+04 2.345385670357317895e-19 1.610696163176536329e-20
1.472213060824398417e+04 2.474415877914809898e-19 1.645987763579249982e-20
1.472846683330002816e+04 2.166186761837302431e-19 1.705273132879133839e-20
1.473480301722402146e+04 2.759912167846943858e-19 1.746806557767010471e-20
1.474113916000109748e+04 2.453347830838790381e-19 1.728864024696523176e-20
1.474747526160211419e+04 2.028585662823454477e-19 1.668523827134320899e-20
1.475381132200663887e+04 2.307158229689838939e-19 1.697765333842765056e-20
1.476014734119978129e+04 2.518234204634972890e-19 1.765296821312072128e-20
1.476648331916094867e+04 2.515375278397477521e-19 1.676669434545046839e-20
1.477281925585814861e+04 2.234187035151924387e-19 1.718776614790757964e-20
1.477915515128801781e+04 2.344299057945139275e-19 1.655486537909890123e-20
1.478549100541834559e+04 1.874204198471958075e-19 1.567954479762040854e-20
1.479182681823151688e+04 2.326930759125527380e-19 1.596298232456217400e-20
1.479816258970684248e+04 2.112231578677350191e-19 1.688912930642067490e-20
1.480449831982647265e+04 2.016842173514569173e-19 1.711760930264316375e-20
1.481083400856409025e+04 1.985562112788804076e-19 1.699248248271085712e-20
1.481716965590186373e+04 2.502260584759916939e-19 1.641004112992558680e-20
1.482350526181897476e+04 2.347149124520845106e-19 1.644381502870783622e-20
1.482984082629485965e+04 2.169156223701198446e-19 1.630749613507258056e-20
1.483617634930878012e+04 2.367171255589314268e-19 1.715778097536940709e-20
1.484251183083982323e+04 2.365970987200144951e-19 1.768156076619297978e-20
1.484884727087032661e+04 2.273622055695200701e-19 1.774046726177974130e-20
1.485518266937659610e+04 1.745098421252566344e-19 1.679449056319477967e-20
1.486151802633183979e+04 2.244881518084517971e-19 1.683693509279357782e-20
1.486785334172998409e+04 2.108139569185382941e-19 1.790562515319164535e-20
1.487418861553568240e+04 2.109757949944255558e-19 1.656773578069737630e-20
1.488052384773370068e+04 2.216936924983360299e-19 1.644605487717462231e-20
1.488685903830338430e+04 2.308007867676977711e-19 1.697713151136934037e-20
1.489319418722971932e+04 2.331993347760638193e-19 1.643884165667449417e-20
1.489952929447996030e+04 2.272151301254699603e-19 1.706138166551487859e-20
1.490586436004506504e+04 2.323222811996498959e-19 1.609553195908676110e-20
1.491219938389246454e+04 2.670867240418703331e-19 1.659997657462986769e-20
1.491853436600978785e+04 2.432802549250833393e-19 1.679452413148671566e-20
1.492486930637044134e+04 2.067619623162961911e-19 1.683421923645244781e-20
1.493120420496224688e+04 2.213666190815419795e-19 1.674239067800415068e-20
1.493753906175236443e+04 2.074242136337754775e-19 1.597649721770476083e-20
1.494387387673165540e+04 1.863439237832027999e-19 1.641268436712241193e-20
1.495020864986744527e+04 1.734974383726424260e-19 1.530358542835879174e-20
1.495654338115316023e+04 2.167180866340528059e-19 1.655684370242274545e-20
1.496287807054452605e+04 2.341744699784017575e-19 1.670358638704827302e-20
1.496921271804685239e+04 2.174107889904549932e-19 1.642408082305826117e-20
1.497554732362426148e+04 2.289226435212142093e-19 1.655072296002029572e-20
1.498188188726462977e+04 1.795163707369876386e-19 1.612378960357943530e-20
1.498821640893221957e+04 2.206722264264669469e-19 1.652391172583116067e-20
1.499455088861747208e+04 2.156599763860403176e-19 1.545962569503002260e-20
1.500088532629649308e+04 2.517122361000627695e-19 1.592898894113575131e-20
1.500721972195110902e+04 2.451076653627907129e-19 1.565127868950249045e-20
1.501355407555114834e+04 2.314752705009631655e-19 1.595608871377994465e-20
1.501988838708737967e+04 2.216760648651438326e-19 1.540615605164520446e-20
1.502622265652982423e+04 2.582214337217667116e-19 1.636504039452951187e-20
1.503255688386294423e+04 1.900118864366328173e-19 1.479433159761899711e-20
1.503889106906279267e+04 2.165010227794153303e-19 1.571496811797044350e-20
1.504522521210518426e+04 2.005896661977575540e-19 1.493349568692465449e-20
1.505155931297161806e+04 2.268808593686253172e-19 1.687212404899646883e-20
1.505789337164694371e+04 1.992509697971327358e-19 1.585977785531471042e-20
1.506422738809806287e+04 2.136534605151291171e-19 1.595115316939421719e-20
1.507056136230939774e+04 2.133955757846066320e-19 1.480223639178380508e-20
1.507689529426279842e+04 1.928158411881402315e-19 1.542004438126496907e-20
1.508322918393395048e+04 2.319188977178295255e-19 1.515592300920712061e-20
1.508956303129840671e+04 1.624549990938893614e-19 1.496651497054834813e-20
1.509589683634387256e+04 1.815023272223260739e-19 1.458827979011538621e-20
1.510223059903708236e+04 1.880242008202587610e-19 1.472438880914518920e-20
1.510856431936542685e+04 2.235789522813675283e-19 1.531846036573916524e-20
1.511489799730468985e+04 2.405540336284865507e-19 1.547252181770180670e-20
1.512123163283340364e+04 2.220142018608263520e-19 1.601596546415431951e-20
1.512756522593300906e+04 2.362919467426330246e-19 1.659463012479677680e-20
1.513389877657033139e+04 2.368219538680678850e-19 1.555657358351160402e-20
1.514023228474461757e+04 2.237020755222289718e-19 1.527856604984477098e-20
1.514656575041353426e+04 2.135675826583255241e-19 1.620274426605985893e-20
1.515289917356770457e+04 2.226175898817300369e-19 1.603196777824664911e-20
1.515912848649092666e+04 1.881231366105294194e-19 1.548092896378151675e-20
1.516546181714082013e+04 1.816841435354826693e-19 1.589297781683550341e-20
1.517179510518715506e+04 2.174126546838234929e-19 1.688937335851354437e-20
1.517812835062564227e+04 2.149229207191684193e-19 1.644778521646150577e-20
1.518446155343768078e+04 2.123284291785904597e-19 1.639122202262728725e-20
1.519079471360462230e+04 2.124140053316889670e-19 1.587894717589037712e-20
1.519712783110179043e+04 2.317942085594705327e-19 1.669370060250069396e-20
1.520346090590188578e+04 2.455366827284071280e-19 1.684437891347403620e-20
1.520979393799488571e+04 2.118479444742976195e-19 1.582711317302281739e-20
1.521612692735323981e+04 1.902006367769267372e-19 1.610443340981415501e-20
1.522245987395244083e+04 2.098692891060045359e-19 1.631995753805967823e-20
1.522879277777372954e+04 2.147961992523804690e-19 1.497744796290153019e-20
1.523512563880115886e+04 1.991978041970741382e-19 1.534027766569087989e-20
1.524145845700725295e+04 2.060426980233383061e-19 1.535749513308566022e-20
1.524779123236141822e+04 2.093864026517389690e-19 1.579843546720336509e-20
1.525412396485357567e+04 2.263403196279535013e-19 1.585975262795526092e-20
1.526045665446508792e+04 2.031010994219858838e-19 1.449422720867404767e-20
1.526678930116811534e+04 2.495198104280918430e-19 1.474069338483936443e-20
1.527312190493207345e+04 2.338487213419230301e-19 1.600810648894322988e-20
1.527945446574701600e+04 2.161787434082309235e-19 1.552185548818302555e-20
1.528578698359687587e+04 2.151779103863570031e-19 1.654663962928140399e-20
1.529211945844804723e+04 2.428922308151384734e-19 1.545909601819720187e-20
1.529845189026992557e+04 1.963933755295408462e-19 1.702326004375814924e-20
1.530478427906108118e+04 1.948510942855459038e-19 1.512870503554006420e-20
1.531111662479689039e+04 2.190675093470244423e-19 1.560509153587706671e-20
1.531744892744939898e+04 2.029017651171595253e-19 1.463687335398322075e-20
1.532378118698188155e+04 1.623250745460202683e-19 1.619018650461623299e-20
1.533011340339313210e+04 2.111172001573342898e-19 1.674602071940661356e-20
1.533644557666420769e+04 2.275604874222707365e-19 1.536026205768536684e-20
1.534277770676125510e+04 2.188080058417233765e-19 1.593205128065194569e-20
1.534910979366814354e+04 2.004857866392217625e-19 1.593446864444274862e-20
1.535544183734809303e+04 2.252861814650425416e-19 1.670125026384503403e-20
1.536177383779383308e+04 2.264778481529240483e-19 1.585126931767621935e-20
1.536810579498941479e+04 2.002749163785146665e-19 1.694355177729616300e-20
1.537443770890377345e+04 2.177020942349837243e-19 1.661400895746387335e-20
1.538076957951184340e+04 2.199842929038525078e-19 1.585595942011349360e-20
1.538710140679155847e+04 1.989525830099566144e-19 1.466830732104281384e-20
1.539343319037111905e+04 2.035622713815587416e-19 1.531808203372106850e-20
1.539976488849568705e+04 1.966958197748068532e-19 1.555683877052086186e-20
1.540609646641315521e+04 1.976250641495209182e-19 1.496293657445236818e-20
1.541242800028128477e+04 2.165699884753002381e-19 1.635976338802692614e-20
1.541875949074322307e+04 2.009006211058980244e-19 1.589533825261920450e-20
1.542498655929738015e+04 2.137844404480018127e-19 1.525644543251729047e-20
1.543131795532513934e+04 1.851990184018379893e-19 1.559535934297637397e-20
1.543764930785790784e+04 1.899870625675038532e-19 1.560136113657732284e-20
1.544398061686718574e+04 2.166251428726416365e-19 1.652305036445002913e-20
1.545031188233086505e+04 2.201398636440959090e-19 1.536385163250968167e-20
1.545664310422973540e+04 2.227104872404475739e-19 1.509045342129837973e-20
1.546297428253828912e+04 2.033442331185357827e-19 1.613763129867562941e-20
1.546930541722833004e+04 1.731785487613896367e-19 1.540185812880078341e-20
1.547563650828963546e+04 1.778546074270096302e-19 1.579024010287324253e-20
1.548196755569066045e+04 1.821532957182266831e-19 1.565538401298606158e-20
1.548829855941530332e+04 2.004419422505384247e-19 1.588748450570262420e-20
1.549462951942580912e+04 2.315153083002411544e-19 1.558755261375293750e-20
1.550096043572420967e+04 2.437800401337423299e-19 1.606794253510434142e-20
1.550729130827602057e+04 2.019989884620621849e-19 1.542650796626425930e-20
1.551362213705861723e+04 2.027188715803755758e-19 1.535857096759050268e-20
1.551995292204666475e+04 2.043292772160941337e-19 1.499945634908046654e-20
1.552628366322382317e+04 2.052032538969784825e-19 1.633483944145994701e-20
1.553261436056135062e+04 2.086922059144496900e-19 1.643559579606390699e-20
1.553894501403999675e+04 1.773020144918235931e-19 1.559038121934902997e-20
1.554527562364022924e+04 2.128200941814830570e-19 1.560781060775012169e-20
1.555160618933643127e+04 2.247517808829170738e-19 1.545034887919687241e-20
1.555793671110620380e+04 2.285917960696527151e-19 1.654034240462020566e-20
1.556426718892681856e+04 3.434148635445364289e-19 1.787327270477772066e-20
1.557059762277580739e+04 8.652869444914317793e-19 2.206529417690375710e-20
1.557692801263063666e+04 1.656714468460757128e-18 2.967181608320285835e-20
1.558325835846541486e+04 7.679753460972007596e-19 2.243462771726444763e-20
1.558958866026387841e+04 2.537646544973408860e-19 1.676639441002616778e-20
1.559591891800025951e+04 2.190682118192989723e-19 1.640821148646073043e-20
1.560224913165181169e+04 1.990436817386446445e-19 1.643910716701290048e-20
1.560857930119600678e+04 2.025345973360131072e-19 1.600790158838873684e-20
1.561490942660386281e+04 2.025518819359069824e-19 1.587858693590246651e-20
1.562123950786504429e+04 2.196001678022303214e-19 1.594938488326979198e-20
1.562756954495076207e+04 2.071462254063426039e-19 1.727008412943695550e-20
1.563389953783805868e+04 1.876373595129243439e-19 1.623968225978232096e-20
1.564022948650436047e+04 2.163428640686355301e-19 1.627493453230765092e-20
1.564655939093306733e+04 1.972065498704921339e-19 1.704923446743176459e-20
1.565288925108887815e+04 1.983970263758580806e-19 1.645938820884310139e-20
1.565921906695534562e+04 1.844736947700468172e-19 1.537814780218028111e-20
1.566554883850951592e+04 1.964624152565473795e-19 1.575394158882772341e-20
1.567187856573168210e+04 1.727307776494374954e-19 1.559831863983847264e-20
1.567820824859287495e+04 2.400899879907425434e-19 1.694178883841256520e-20
1.568453788707311105e+04 2.380327138639540740e-19 1.724860084057079720e-20
1.569086748114969487e+04 2.091561985278996323e-19 1.602597684084449064e-20
1.569719703079965620e+04 2.225295368291794143e-19 1.502115924933106880e-20
1.570352653599998121e+04 2.722063698827517062e-19 1.611981824159006130e-20
1.570985599672786884e+04 1.803381782772070049e-19 1.510846224041157377e-20
1.571618541296644798e+04 2.244591024480825862e-19 1.711156017440502433e-20
1.572251478468035930e+04 2.163339820487050934e-19 1.726794380792411524e-20
1.572884411185913632e+04 2.612455212127134560e-19 1.684269267544154242e-20
1.573517339446707410e+04 2.207432124065120587e-19 1.763943153174960493e-20
1.574150263249073214e+04 2.224238501323287263e-19 1.678320588010356441e-20
1.574783182590071738e+04 2.514653178460833490e-19 1.701611989073876630e-20
1.575416097468328189e+04 2.079802245480763264e-19 1.651960916636048171e-20
1.576049007880300269e+04 2.204125603540419767e-19 1.646559010937882704e-20
1.576681913824283765e+04 2.383102197151491546e-19 1.704939773448032826e-20
1.577314815298291251e+04 2.288656293932082394e-19 1.674968200781448086e-20
1.577947712299700288e+04 2.227970317773475794e-19 1.825658446927981912e-20
1.578580604826179297e+04 2.001557016077986446e-19 1.729085872382429211e-20
1.579213492875741758e+04 2.420955073802474958e-19 1.723147799258805967e-20
1.579846376445747592e+04 2.135872503391982991e-19 1.748397099578221992e-20
1.580479255533560899e+04 2.163692269379278303e-19 1.685781787611383491e-20
1.581112130136871565e+04 1.866199050699439552e-19 1.735271903515818096e-20
1.581745000253961189e+04 1.941302849347668230e-19 1.668868836785449407e-20
1.582377865881897196e+04 2.234499886280450940e-19 1.912391754556817438e-20
1.583010727019286423e+04 2.412097396649528907e-19 1.921462834015528933e-20
1.583643583663479512e+04 2.130476939149771032e-19 1.640814203612940974e-20
1.584276435811217743e+04 2.406241747032846159e-19 1.693174930499518799e-20
1.584909283460465667e+04 2.077308623683249199e-19 1.671704980821321195e-20
1.585542126609843581e+04 2.498076287816236755e-19 1.695319064418698732e-20
1.586174965256388168e+04 2.374987152583735468e-19 1.740627460363704631e-20
1.586807799397431154e+04 2.258954056893283462e-19 1.660835826258502777e-20
1.587440629031282151e+04 2.624591018025304748e-19 1.803157124722489577e-20
1.588073454155271429e+04 4.399112575893169984e-19 1.986951748472348443e-20
1.588706274766744173e+04 9.837814442749085020e-19 2.462115340817529643e-20
1.589339090863680576e+04 9.141409414844635927e-19 2.409270532054913963e-20
1.589971902444657280e+04 3.750135017464816951e-19 1.949617687791982241e-20
1.590604709505138635e+04 2.203514122572203145e-19 1.689144096114173692e-20
1.591237512044660980e+04 2.075839336187758185e-19 1.641789302061659570e-20
1.591870310060236079e+04 1.935675745965850096e-19 1.553620258039674826e-20
1.592503103549206935e+04 2.007330478279574698e-19 1.674501547497997404e-20
1.593135892510147278e+04 2.045039581230360448e-19 1.697239188469454423e-20
1.593768676939768375e+04 1.551546073607729439e-19 1.637371542550194247e-20
1.594401456835705903e+04 1.721266060737625848e-19 1.674998556041214469e-20
1.595034232196223456e+04 1.834326470981325635e-19 1.745769271277579727e-20
1.595667003019293406e+04 2.051873198240210580e-19 1.588705668850173821e-20
1.596299769300945263e+04 2.114317233831633077e-19 1.700887173768527693e-20
1.596932531040096364e+04 2.309393914267508322e-19 1.563038787087358062e-20
1.597565288233741740e+04 1.860965356233125464e-19 1.666647287346475493e-20
1.598198040880773260e+04 2.242483360688683190e-19 1.774883329938681213e-20
1.598830788977245720e+04 1.953969257486348348e-19 1.666442039606158605e-20
1.599463532521086563e+04 1.954188088683851253e-19 1.694100648180226682e-20
1.600096271511205305e+04 2.310965938507824636e-19 1.815112733433868736e-20
1.600729005943954144e+04 1.996326232933546733e-19 1.781804811234227971e-20
1.601361735816937835e+04 2.320542841524683213e-19 1.702710952630593028e-20
1.601994461127476825e+04 2.346002516269796460e-19 1.895268442020849340e-20
1.602627181875406131e+04 3.067209713725323947e-19 1.791840713769894518e-20
1.603259898055477606e+04 6.560103072720168349e-19 2.063011439854865211e-20
1.603882096069638465e+04 2.164805983333986015e-18 3.256249836525956871e-20
1.604514802356588007e+04 2.649703093653186032e-18 3.597534212828494553e-20
1.605147504066669353e+04 9.209066938149331940e-19 2.376181729136845966e-20
1.605780201200506235e+04 2.983368113638510460e-19 1.712205336661967952e-20
1.606412893756340600e+04 2.305084824892034698e-19 1.646332191110502552e-20
1.607045581730524100e+04 2.574839636338103923e-19 1.691233577977586847e-20
1.607678265121278127e+04 2.133052795990804303e-19 1.704100869381361005e-20
1.608310943926843902e+04 1.630118219676788025e-19 1.738990895199763562e-20
1.608943618143560707e+04 2.154234686872038773e-19 1.740308284137348164e-20
1.609576287770589624e+04 2.205856196492098211e-19 1.779109511841520840e-20
1.610208952803341708e+04 2.131124526823328824e-19 1.630954507112347359e-20
1.610841613241589039e+04 1.978963529255443069e-19 1.708187862546194592e-20
1.611474269081693637e+04 2.204827543412409475e-19 1.842119223544907796e-20
1.612106920321541475e+04 2.201542603111329404e-19 1.758501002056289862e-20
1.612739566959360309e+04 2.528925170273038624e-19 1.804803599199258369e-20
1.613372208991470688e+04 2.140046688967460353e-19 1.769493946836155609e-20
1.614004846415766769e+04 2.223313452801057188e-19 1.763536257344202865e-20
1.614637479230476310e+04 1.836717212668259508e-19 1.731922416828970416e-20
1.615270107432859731e+04 2.165404919170938969e-19 1.783498024406210984e-20
1.615902731021132604e+04 1.815150104040153105e-19 1.632450840332157933e-20
1.616535349991604016e+04 1.969542785894706322e-19 1.802571060835262172e-20
1.617167964342475170e+04 2.161839256030755366e-19 1.655120261213166095e-20
1.617800574071336996e+04 2.228875316799625173e-19 1.722943906643181390e-20
1.618433179176061276e+04 2.247813229253959940e-19 1.734309586671115272e-20
1.619065779653914797e+04 2.200270396718465052e-19 1.717416579551510925e-20
1.619698375501827468e+04 1.946553717017037134e-19 1.667450317487301024e-20
1.620330966718938726e+04 1.810644116232045183e-19 1.693880982702700247e-20
1.620963553300628155e+04 2.187026245252813883e-19 1.585880102709674825e-20
1.621596135247596430e+04 2.328541372131174138e-19 1.701084380071142475e-20
1.622228712554894446e+04 2.002289224581324083e-19 1.770480245646116077e-20
1.622861285220049103e+04 1.850501460124903396e-19 1.708289613126689201e-20
1.623493853241272154e+04 2.162496288333685733e-19 1.684662413583347777e-20
1.624126416616754977e+04 1.981051729298205469e-19 1.706472642219814018e-20
1.624758975342770464e+04 2.241987393416703737e-19 1.827121488175751627e-20
1.625391529417522361e+04 1.937823151944177108e-19 1.660411615563677447e-20
1.626024078839178947e+04 1.937371094634307485e-19 1.573014833732932994e-20
1.626656623606803987e+04 2.079193125322305594e-19 1.748759902337107935e-20
1.627278622069078301e+04 1.824443771219605952e-19 1.727428652703227358e-20
1.627911156754557669e+04 2.125274405530989005e-19 1.571993709938115759e-20
1.628543686776067807e+04 2.380391284490601823e-19 1.658198043362702450e-20
1.629176212132118417e+04 2.279864861874561619e-19 1.723365720205085277e-20
1.629808732819286342e+04 2.543681824591023544e-19 1.813957816059123038e-20
1.630441248835741862e+04 2.222153569754204696e-19 1.693089754181936093e-20
1.631073760178056000e+04 1.950434055015245862e-19 1.570350199954730868e-20
1.631706266845719256e+04 2.414719658949817929e-19 1.650321777789851801e-20
1.632338768833639915e+04 2.045903881304527693e-19 1.669224291369020526e-20
1.632971266140998523e+04 2.121582664021934515e-19 1.551944030981524803e-20
1.633603758765300518e+04 2.157131779024648715e-19 1.675074352247188980e-20
1.634236246703767392e+04 1.894387149713707329e-19 1.980534874265820997e-20
1.634868729953251022e+04 1.788103173154156505e-19 2.120905657513936640e-20
1.635501208512593075e+04 1.628238433280489709e-19 1.745656890393759874e-20
1.636133682378660887e+04 2.077547380605263587e-19 1.592952002271455537e-20
1.636766151548960079e+04 2.212135377707094281e-19 1.575936430770249976e-20
1.637398616021025737e+04 2.102733172385487470e-19 1.549169645787688782e-20
1.638031075792351476e+04 2.010612288050979682e-19 1.605881349466219931e-20
1.638663530860138053e+04 2.034111713432653537e-19 1.634876303570616596e-20
1.639295981222546834e+04 2.111134255605247565e-19 1.751739145992458080e-20
1.639928426876756566e+04 2.265691363842553079e-19 1.667768711958624875e-20
1.640560867820616113e+04 1.998624177167199311e-19 1.626689202909446565e-20
1.641193304051278028e+04 2.274756261245044168e-19 1.628315968929354779e-20
1.641825735565279319e+04 2.497008176581703553e-19 1.740344168152083374e-20
1.642458162361754876e+04 1.707006607803902399e-19 1.597315319845490202e-20
1.643090584437553480e+04 2.066807329911337205e-19 1.638793886928488792e-20
1.643723001790172202e+04 1.882697161522444638e-19 1.654867993145883633e-20
1.644355414417760039e+04 2.316806769839267485e-19 1.675566642718493411e-20
1.644987822316504753e+04 2.062847765609334556e-19 1.668751682965311542e-20
1.645620225484534240e+04 1.915515545615435826e-19 1.733618948448647269e-20
1.646252623919364123e+04 2.433813521931444677e-19 1.653734216114987982e-20
1.646885017618466372e+04 1.796660216552390922e-19 1.562380844151440006e-20
1.647517406579333328e+04 1.806008080042016683e-19 1.654314850027265349e-20
1.648149790800117626e+04 1.818640587317756557e-19 1.663841533104576518e-20
1.648782170276960460e+04 2.124076313951196962e-19 1.695787547972517564e-20
1.649414545008025016e+04 1.955775897630339372e-19 1.475341853439955845e-20
1.650046914990767618e+04 1.945742717960716661e-19 1.411949502200245507e-20
1.650679280223351088e+04 1.802724499021086572e-19 1.432971977819426493e-20
1.651311640702240038e+04 1.849545343684005288e-19 1.603181313966501540e-20
1.651943996424910802e+04 2.201338536864701319e-19 1.693355647051608384e-20
1.652576347389505463e+04 1.997628886107128686e-19 1.717719274332569016e-20
1.653208693593145654e+04 1.871806322404335989e-19 1.750357812074629958e-20
1.653841035032985747e+04 1.935591375067566438e-19 1.661258283775717802e-20
1.654473371706800026e+04 2.278099901841349848e-19 1.738911023661434046e-20
1.655105703612741854e+04 2.109085296410064756e-19 1.734453383088903427e-20
1.655738030747591984e+04 2.197326489462693599e-19 1.699029838852416971e-20
1.656370353108144627e+04 1.841191619348302119e-19 1.578740023695193010e-20
1.657002670693201799e+04 1.872246910608200124e-19 1.576815554507785734e-20
1.657634983498864312e+04 1.558666165774339432e-19 1.743571872955069654e-20
1.658267291523611129e+04 2.236671622940113822e-19 1.765810495194559993e-20
1.658899594764871654e+04 1.739553069309224520e-19 1.653841614938050312e-20
1.659531893219109770e+04 1.769753065765925708e-19 1.797020183010697073e-20
1.660164186885102754e+04 2.449607380532632345e-19 1.766061240043550016e-20
1.660796475759630630e+04 1.631289962717299206e-19 1.613290179777485751e-20
1.661428759839804843e+04 2.109513862668936254e-19 1.707779774467815469e-20
1.662061039123055161e+04 2.135503353546771306e-19 1.664773545184607415e-20
1.662693313607849996e+04 1.765130272725894395e-19 1.694477041989317170e-20
1.663325583291602379e+04 1.762474606785051067e-19 1.657385726698568394e-20
1.663957848169754288e+04 2.173876086601470949e-19 1.602849888858852751e-20
1.664590108241404596e+04 1.989236137422394042e-19 1.585174647649957792e-20
1.665222363503997258e+04 2.759258813855551545e-19 1.719452126250913887e-20
1.665854613954624438e+04 2.512582126747850452e-19 1.753465206992958139e-20
1.666486859590706445e+04 2.268724439012434926e-19 1.758044734084364799e-20
1.667119100409347448e+04 1.876315499264587383e-19 1.598747934586201195e-20
1.667751336408625139e+04 1.979536760993023244e-19 1.640342814824142556e-20
1.668383567585649507e+04 1.939135956481411760e-19 1.652815139795602004e-20
1.669015793937819035e+04 1.855094690291426199e-19 1.680348775790645888e-20
1.669648015462230615e+04 2.049438852669090493e-19 1.662843720781544907e-20
1.670280232157646969e+04 2.001985224692398643e-19 1.641104571247180942e-20
1.670912444019112445e+04 1.977627208099680908e-19 1.677080907934947439e-20
1.671544651046418585e+04 2.165790945600113387e-19 1.772629698387520655e-20
1.672176853235606177e+04 2.497525649411016260e-19 1.759543199048498083e-20
1.672809050584445140e+04 2.168433925413157517e-19 1.724669674967746821e-20
1.673441243089974159e+04 2.050668873152348925e-19 1.661218419842596901e-20
1.674073430750984335e+04 1.996061037750154463e-19 1.667936514093980811e-20
1.674705613563161751e+04 2.301395363487843009e-19 1.830567552986584571e-20
1.675337791524257045e+04 1.314765661563093548e-19 1.799629432709494727e-20
1.675969964633026757e+04 1.650490010036858450e-19 1.734671164394476260e-20
1.676602132884823004e+04 1.932485033151865074e-19 1.747510059917368213e-20
1.677234296279094269e+04 2.235624218922226134e-19 1.654195384544832571e-20
1.677866454810832511e+04 2.107097560300509499e-19 1.617660047435933030e-20
1.678498608480516123e+04 1.987052865144040986e-19 1.659602480354241765e-20
1.679130757282101695e+04 1.987190294812516039e-19 1.671779285665096380e-20
1.679762901216410683e+04 1.706164270172342814e-19 1.766066460899283725e-20
1.680395040278089436e+04 1.637220982790569095e-19 1.865869279506202986e-20
1.681016564572412608e+04 2.298037705140022821e-19 1.817299572623639122e-20
1.681648693409338739e+04 2.133073913141244146e-19 1.821567328537111717e-20
1.682280817072763602e+04 2.246402648560628927e-19 1.747374880407166959e-20
1.682912935852174996e+04 1.950526289386458487e-19 1.713626638630489310e-20
1.683545049746763834e+04 1.881382783388450670e-19 1.904722631070639295e-20
1.684177158753906042e+04 2.067986385371004725e-19 1.891011242743924348e-20
1.684809262870959355e+04 1.926877885980781440e-19 1.886322737821865196e-20
1.685441362095308796e+04 1.954033271361851229e-19 1.779224684284841521e-20
1.686073456424306278e+04 2.053859389856854560e-19 1.687112542786397292e-20
1.686705545855338278e+04 1.909313040774685014e-19 1.898216952407076699e-20
1.687337630386411547e+04 1.632035356027917501e-19 1.816227358469686096e-20
1.687969710012900032e+04 1.870360518616502371e-19 1.879339254053355677e-20
1.688601784734827743e+04 2.217433863660141407e-19 1.771208232493162126e-20
1.689233854547556621e+04 2.170796053596354447e-19 1.861469335576235115e-20
1.689865919449767898e+04 2.111914174351993002e-19 1.772211722555719787e-20
1.690497979436804599e+04 1.644371091739586051e-19 1.677266050412627108e-20
1.691130034508710014e+04 1.988293532394833594e-19 1.641226559387688207e-20
1.691762084660811524e+04 2.248234243799284273e-19 1.773353151914996015e-20
1.692394129891134435e+04 2.066649478014249452e-19 1.717811833736058971e-20
1.693026170197015745e+04 1.808533003795011027e-19 1.648814034438134816e-20
1.693658205576148248e+04 1.648133405145201873e-19 1.732836557989447010e-20
1.694290236025186459e+04 1.892502211151452626e-19 1.803459774271078452e-20
1.694922261541817716e+04 2.520985946218848600e-19 1.821477951795949831e-20
1.695554282124052042e+04 2.387815757467687272e-19 1.748167712624643460e-20
1.696186297768203440e+04 1.840801916494233750e-19 1.696668790197337768e-20
1.696818308471275304e+04 1.944110850512784915e-19 1.700936372014191623e-20
1.697450314231941229e+04 1.859118850804416126e-19 1.829885772985822204e-20
1.698082315047210795e+04 2.348519145777752269e-19 1.716816494071788401e-20
1.698714310913373629e+04 2.347545917212745212e-19 1.726308326058516992e-20
1.699346301828451760e+04 1.503533017125972847e-19 1.820087174070764201e-20
1.699978287790768809e+04 2.223665277329610431e-19 1.778353517543365686e-20
1.700610268795630327e+04 2.313308317517187939e-19 1.710580397729595436e-20
1.701242244842019863e+04 2.191405462688877199e-19 1.693777410481847417e-20
1.701874215928070043e+04 2.061883508427294737e-19 1.751961784644360117e-20
1.702495546214121714e+04 2.247411500249932789e-19 1.850968369653815745e-20
1.703127506592289137e+04 1.907364073398538001e-19 1.774504182181871591e-20
1.703759462001506836e+04 1.987026369302542129e-19 1.691200019700250641e-20
1.704391412437691179e+04 2.637903595987618179e-19 1.751894645166237027e-20
1.705023357898848553e+04 2.000221676796594415e-19 1.723536442699490458e-20
1.705655298381230386e+04 2.246548194753394328e-19 1.759104413180861891e-20
1.706287233883197405e+04 2.267367362068746685e-19 1.713626932696603204e-20
1.706919164402385650e+04 2.174235841954727004e-19 1.760991565640889295e-20
1.707551089934714037e+04 1.942792317631915383e-19 1.701604795915099415e-20
1.708183010478503638e+04 2.142922871107627480e-19 1.768336265312014886e-20
1.708814926030725474e+04 2.221776641456780699e-19 1.808171345937208921e-20
1.709446836588648148e+04 1.668146441199322784e-19 1.747649786472386133e-20
1.710078742148880701e+04 2.365470676113997222e-19 1.751328178091293296e-20
1.710710642709747481e+04 2.029506128306950521e-19 1.697390597630544471e-20
1.711342538269248689e+04 1.718244074515306603e-19 1.793296822104938333e-20
1.711974428822203481e+04 1.864901232009435659e-19 1.652642441025550260e-20
1.712606314368005405e+04 2.083971321563917130e-19 1.738377117000305285e-20
1.713238194903934709e+04 2.295820447458135645e-19 1.736098119898863723e-20
1.713870070425154699e+04 1.747616157010726590e-19 1.763422780690480318e-20
1.714501940930709679e+04 2.193393897033059400e-19 1.875835391035880663e-20
1.715133806418564200e+04 2.241080799767243984e-19 1.861749143830944928e-20
1.715765666884246093e+04 2.219574625251246116e-19 1.723977200400106929e-20
1.716397522325004684e+04 2.625139122517243999e-19 1.778775645865524794e-20
1.717029372740952749e+04 2.752503896901803908e-19 1.691410773801199121e-20
1.717661218125094820e+04 2.546227545721929264e-19 1.861771377538147693e-20
1.718293058477545128e+04 2.107052005924777408e-19 1.928763941070596672e-20
1.718924893794835225e+04 2.103163380497251293e-19 1.847143812223775728e-20
1.719556724074952217e+04 2.100257861284628291e-19 1.773757569163104731e-20
1.720188549313014300e+04 2.116630352465653719e-19 1.801340463838883921e-20
1.720820369509120428e+04 1.845099389787613164e-19 1.617449144759650125e-20
1.721452184658391707e+04 2.000259953292037287e-19 1.688356442643109265e-20
1.722083994758790868e+04 1.985380621171897389e-19 1.753488643147289514e-20
1.722715799808276643e+04 2.518395128014797860e-19 1.818768672863475464e-20
1.723347599802674085e+04 1.900793081178165631e-19 1.811842860801586547e-20
1.723979394739943018e+04 1.976229063577708743e-19 1.758115809617149836e-20
1.724611184618026891e+04 1.938116819333619335e-19 1.866199963575280873e-20
1.725242969432760583e+04 2.321442417139279435e-19 1.844545133185564638e-20
1.725874749182074083e+04 1.805627717302361078e-19 1.827278441843724896e-20
1.726506523863936673e+04 1.721686111095583751e-19 1.709306532956802321e-20
1.727138293474136299e+04 2.053365132442972716e-19 1.741412559784886595e-20
1.727770058010642970e+04 2.177679461941281566e-19 1.715383641868514025e-20
1.728401817472085168e+04 2.031067437200782015e-19 1.740127044669089340e-20
1.729033571852865862e+04 1.641870039602489161e-19 1.844394903431101422e-20
1.729665321151612079e+04 1.720613227081164994e-19 1.776766992173256918e-20
1.730297065366284733e+04 2.153774267639623999e-19 1.785529949626115120e-20
1.730928804493372081e+04 1.764513795563636766e-19 1.717545884766075042e-20
1.731560538529396217e+04 1.775976488294982460e-19 1.710298086553384007e-20
1.732192267472991443e+04 1.825735617495671729e-19 1.718409780767577715e-20
1.732823991320308414e+04 2.255246591064600647e-19 1.827840332015399894e-20
1.733455710068913322e+04 1.953891096483615442e-19 1.824729173200236659e-20
1.734087423716020930e+04 1.981003874065045925e-19 1.683619258123651933e-20
1.734719132259198159e+04 1.963273761990606932e-19 1.755888405689178491e-20
1.735350835696009744e+04 1.693652925240231926e-19 1.679229922281682444e-20
1.735982534021512402e+04 2.105997572694553275e-19 1.734433004457575545e-20
1.736614227234336067e+04 2.061201852483909646e-19 1.885153367043390325e-20
1.737245915332409641e+04 2.039558843712458983e-19 1.732140516193483432e-20
1.737877598311843030e+04 1.719470169141593810e-19 1.678395884115299595e-20
1.738509276170565136e+04 1.691196524009461570e-19 1.744880177743931922e-20
1.739140948905395271e+04 1.928449563540002607e-19 1.664928183574656537e-20
1.739772616513543471e+04 2.077463764770037630e-19 1.788773022235644128e-20
1.740404278992181571e+04 2.143352874387959477e-19 1.820470782851008782e-20
1.741035936338156171e+04 1.781578895585846314e-19 1.809739603454470322e-20
1.741667588549352149e+04 1.634218863015931225e-19 1.790360368503915334e-20
1.742299235623340792e+04 2.070984638227130993e-19 1.833964456644434266e-20
1.742930877555108964e+04 2.189228734777930235e-19 1.784439942089718299e-20
1.743562514344394003e+04 2.130180313097417227e-19 1.893769666959062601e-20
1.744194145986898729e+04 2.464050632135284713e-19 1.798867837046156466e-20
1.744825772480187152e+04 2.202332581891908498e-19 1.933656471300532263e-20
1.745457393821770165e+04 2.291443565802842945e-19 1.913033706303612631e-20
1.746089010008117111e+04 2.030185107424704551e-19 1.757980348882318958e-20
1.746720621036013836e+04 1.977916633208010097e-19 1.833416861338271471e-20
1.747352226904820418e+04 1.836038933268479813e-19 1.841131533987350180e-20
1.747983827609145374e+04 1.890637819967817970e-19 1.769676519110676728e-20
1.748615423148345872e+04 1.981574210222860367e-19 1.766723646834798846e-20
1.749247013518115273e+04 2.112084600753365439e-19 1.812805791507669803e-20
1.749878598714896725e+04 1.945184836845207331e-19 1.708815630868952235e-20
1.750510178739126059e+04 1.801117009481896106e-19 1.764493144404599847e-20
1.751131054508628586e+04 1.669485579323979397e-19 1.665581595725459399e-20
1.751762623690883265e+04 2.282559665989415975e-19 1.742594279123071953e-20
1.752394187392027015e+04 1.952427908608080756e-19 1.787428361361768270e-20
1.753025745902906056e+04 1.830961932628515694e-19 1.870767316956596177e-20
1.753657299226798204e+04 2.063916445560663851e-19 1.827441045216136692e-20
1.754288847357638952e+04 2.061361051564165913e-19 1.838557983212246937e-20
1.754920390292928641e+04 1.976278301204947066e-19 1.769294272216075348e-20
1.755551928031571879e+04 2.049442694298591310e-19 1.800325642436314341e-20
1.756183460568604278e+04 1.830304053106392193e-19 1.841957869950287370e-20
1.756814987903976726e+04 1.871993819231741668e-19 1.750549299045116838e-20
1.757446510031634170e+04 2.348217806880622741e-19 1.833763823350741321e-20
1.758078026950115600e+04 1.911682153854553517e-19 1.746253508007478208e-20
1.758709538657630401e+04 2.514240245976410302e-19 2.029391715806247844e-20
1.759341045148804915e+04 2.416336312670920111e-19 1.956832176508932889e-20
1.759972546423259337e+04 1.805073949337583133e-19 1.703131350095267569e-20
1.760604042476699033e+04 2.333159136382773250e-19 1.745412112728060266e-20
1.761235533307658625e+04 2.222283981607406898e-19 1.861185544906908407e-20
1.761867018910392289e+04 1.838518633714420935e-19 1.745517449019686083e-20
1.762498499284526042e+04 2.305072361787942117e-19 1.722661543402771329e-20
1.763129974427172419e+04 2.179573405008756709e-19 1.787420487254936944e-20
1.763761444333658801e+04 1.811861448589213432e-19 1.770405837245296927e-20
1.764392909003229215e+04 2.400697215189500978e-19 1.878944607444494692e-20
1.765024368431210314e+04 2.499652672983725460e-19 1.749119691253464603e-20
1.765655822615772558e+04 1.798333046060120760e-19 1.764330832245656942e-20
1.766287271553660685e+04 1.807342533684822548e-19 1.805304543336500379e-20
1.766918715241260725e+04 1.592898845915217977e-19 1.847247874411639534e-20
1.767550153677818525e+04 2.213036677660754974e-19 1.831118220641153321e-20
1.768181586857207003e+04 2.312008394217037953e-19 1.838270836305087031e-20
1.768813014780102822e+04 2.196765667481423214e-19 1.782053799541652060e-20
1.769444437440735783e+04 2.307867213397014973e-19 1.847276146056626825e-20
1.770075854841019100e+04 2.117325108491819264e-19 1.792722939002630402e-20
1.770707267272939862e+04 2.245555099050666142e-19 1.702034375941236930e-20
1.771327949921643813e+04 1.917313560973333362e-19 1.780708888445666335e-20
1.771959350721211013e+04 1.918657027125076737e-19 1.777166352893131416e-20
1.772590746245257833e+04 1.962120832197964695e-19 1.830401865488738011e-20
1.773222136490472622e+04 2.066710721342572167e-19 1.578017306016768304e-20
1.773853521453206849e+04 2.039781788829526192e-19 1.726479030738313636e-20
1.774484901136776170e+04 1.931873537187015292e-19 1.786259534835036737e-20
1.775116287563610240e+04 1.843862610250197213e-19 1.653307901368967771e-20
1.775747677616025612e+04 2.145726089932715699e-19 1.762118183764255934e-20
1.776379062374084606e+04 2.160644091092583885e-19 1.799479884418603504e-20
1.777010441835576057e+04 2.617946369699953980e-19 1.730622351896750298e-20
1.777641815996464720e+04 1.878641141742839766e-19 1.783531558542282259e-20
1.778273184855281215e+04 2.119326704788893548e-19 1.772393031702518255e-20
1.778904548408731716e+04 2.269365841397944865e-19 1.763238568966011327e-20
1.779535906652355334e+04 1.888164213086635283e-19 1.786762689488158127e-20
1.780167259585097418e+04 1.731506281919032585e-19 1.660168584784831383e-20
1.780798607203235588e+04 2.510338215748014010e-19 1.798140830862309908e-20
1.781429949504218894e+04 2.255649715201244415e-19 1.774902514242868353e-20
1.782061286484319862e+04 1.831581547186177531e-19 1.767956534565409039e-20
1.782692618140983541e+04 1.923870054337864842e-19 1.784507495975533483e-20
1.783323944471224604e+04 2.033022173491822301e-19 1.888481097078401822e-20
1.783955265472110841e+04 2.218804848072898717e-19 1.795987227721818421e-20
1.784586581140652197e+04 2.594355551327387525e-19 1.892626305204519238e-20
1.785217891473911368e+04 2.270190441768507206e-19 1.728948870640669728e-20
1.785849196469269737e+04 2.246644712069069614e-19 1.736527784348534262e-20
1.786480496123034391e+04 1.850814333315024630e-19 1.708580321232067480e-20
1.787111790431832924e+04 1.698717417499239937e-19 1.908151660891228125e-20
1.787743079394217420e+04 1.571811525660557777e-19 1.771581059308938725e-20
1.788374363007192005e+04 1.776752782635770095e-19 1.753878537052882412e-20
1.789005641265918166e+04 2.061676359507826752e-19 1.826042023043633407e-20
1.789636914169655211e+04 2.078414215574514327e-19 1.729844854261345373e-20
1.790268181712802470e+04 1.353406656521426780e-19 1.750680507152781327e-20
1.790899443895370132e+04 2.090078026371352269e-19 1.732729119396595774e-20
1.791530700712128964e+04 1.811267234080406077e-19 1.738638855176963652e-20
1.792161952160828878e+04 1.896872080357808801e-19 1.734405398079901314e-20
1.792793198239244521e+04 2.262873367170929541e-19 1.797300717436872023e-20
1.793424438942863344e+04 1.802567397494374378e-19 1.734986621961878452e-20
1.794055674269452720e+04 1.706633814992553500e-19 1.767166340531408902e-20
1.794686904216764015e+04 1.769891097247095630e-19 1.748736608321094590e-20
1.795318128780289408e+04 2.126296306889512689e-19 1.765718503611339543e-20
1.795949347958536600e+04 1.701992700641165561e-19 1.625250274017350095e-20
1.796580561746987587e+04 1.563904590710674630e-19 1.729964911960888005e-20
1.797211770144151160e+04 2.182707548881506035e-19 1.711818805631041383e-20
1.797842973146259101e+04 1.770356973873708634e-19 1.726467674222440461e-20
1.798474170749544646e+04 1.854656794604381623e-19 1.886526447650252391e-20
1.799105362952503856e+04 1.983377318501950435e-19 1.722835568118817281e-20
1.799736549750614722e+04 2.116810009283357942e-19 1.742599329868552856e-20
1.800367731142362391e+04 1.793089795548454423e-19 1.776575032933703189e-20
1.800998907123223398e+04 1.899513607480125829e-19 1.595353071567459464e-20
1.801630077692436680e+04 2.007563122500791205e-19 1.732722265496509943e-20
1.802261242843958098e+04 1.912687486523135131e-19 1.712040067478651152e-20
1.802892402577398389e+04 1.792192420776271028e-19 1.751444721204306894e-20
1.803523556887852101e+04 1.504826277633604165e-19 1.703915002029817818e-20
1.804154705773779642e+04 2.025344303427232879e-19 1.786621953708767674e-20
1.804785849229892847e+04 1.821091292105325647e-19 1.841739237115774137e-20
1.805416987256174616e+04 1.807193606860214295e-19 1.689384722191878238e-20
1.806048119846562986e+04 2.043607255537088193e-19 1.871587543917250125e-20
1.806679247001806652e+04 1.970830337018994838e-19 1.702423075807424223e-20
1.807310368714688229e+04 1.994004579323844105e-19 1.771693123582636811e-20
1.807941484984813724e+04 2.175624831418235858e-19 1.777976666156414418e-20
1.808572595807624748e+04 2.247011623283289478e-19 1.680520482341976855e-20
1.809203701182732766e+04 1.487647051753667809e-19 1.695945645078246899e-20
1.809834801102891288e+04 2.359428634158468002e-19 1.799839280982663610e-20
1.810465895569628265e+04 2.024258071873974960e-19 1.742874662494747120e-20
1.811096984575680835e+04 2.333148675066051111e-19 1.711319467102417886e-20
1.811728068121434626e+04 2.107371047738443076e-19 1.742108328716600285e-20
1.812359146200762552e+04 1.923382463292468960e-19 1.795875423386122164e-20
1.812990218813288811e+04 2.175397052399076747e-19 1.813720670356519731e-20
1.813621285955169151e+04 1.880797648472834814e-19 1.812669823140912619e-20
1.814252347621435911e+04 1.720652528922251143e-19 1.765827864338592478e-20
1.814883403812633696e+04 1.627601161588663240e-19 1.846069765877767973e-20
1.815503671758956261e+04 2.169035904867588596e-19 1.800769636306537562e-20
1.816134716192705673e+04 1.584352609563328621e-19 1.813726853109394979e-20
1.816765755134661958e+04 2.014783741232223040e-19 1.843941959188212770e-20
1.817396788588496202e+04 1.885210889290256251e-19 1.794033825129237948e-20
1.818027816548541159e+04 2.252823862037417826e-19 1.837152104541500085e-20
1.818658839013944089e+04 1.862980349808385395e-19 1.887607190523345210e-20
1.819289855980495486e+04 1.954351771851468200e-19 1.844647756548655519e-20
1.819920867443988391e+04 1.771704688946669309e-19 1.704958264791194076e-20
1.820551873404305297e+04 1.891432224998040509e-19 1.840840743445403947e-20
1.821182873853886849e+04 1.801131861437626352e-19 1.824081201626001649e-20
1.821813868794477094e+04 1.959245646787669675e-19 2.024606041163417854e-20
1.822444858219266825e+04 2.149955543207550341e-19 1.700671211733664526e-20
1.823075842127745273e+04 2.376619919202632097e-19 1.908961565461558434e-20
1.823706820514594074e+04 2.048183331013989419e-19 1.886343026933770693e-20
1.824337793379684445e+04 2.224602424908746649e-19 1.834116697510462749e-20
1.824968760716546240e+04 1.850131010412839404e-19 1.755450022622267908e-20
1.825599722523926175e+04 1.637986483847370977e-19 1.861175815433517980e-20
1.826230678798729059e+04 2.296192869779145939e-19 1.832358631471070864e-20
1.826861629536332475e+04 2.302909465452589092e-19 1.806362738779850942e-20
1.827492574736622191e+04 1.704868028937134102e-19 1.794283232416265059e-20
1.828123514391983190e+04 2.204316916901936197e-19 2.020442998885664773e-20
1.828754448505312394e+04 1.793866238548456569e-19 1.794049126887202796e-20
1.829385377068962771e+04 1.802566846537569433e-19 1.880437464844060545e-20
1.830016300079032226e+04 1.923514363345324279e-19 1.768134768704109151e-20
1.830647217536552125e+04 2.319071940055052560e-19 1.860972283650506560e-20
1.831278129433501090e+04 2.064416512335043674e-19 1.793296089955258755e-20
1.831909035772415154e+04 1.345290666641751193e-19 1.776347245867280467e-20
1.832539936546369790e+04 2.301884130617661185e-19 1.881173237112901513e-20
1.833170831754898609e+04 1.868009629945537696e-19 1.941561314714889454e-20
1.833790915457810843e+04 1.475818818630266588e-19 1.816437289769245598e-20
1.834421798717348065e+04 1.843120417698704945e-19 1.760664995737043364e-20
1.835052676402709767e+04 2.359788493310709782e-19 1.871924807644048834e-20
1.835683548506456646e+04 1.877372617063732271e-19 1.732171948140010957e-20
1.836314415027399446e+04 1.742171719904580556e-19 1.804357939297604707e-20
1.836945275962370943e+04 1.753626033304556794e-19 1.804821471186722470e-20
1.837576131306675961e+04 2.195453848831766010e-19 1.829893532170508582e-20
1.838206981059475947e+04 2.084166499832434595e-19 1.834313380261050183e-20
1.838837825215295379e+04 2.305905405241341765e-19 1.896267205406806807e-20
1.839468663774076776e+04 1.593167412303843819e-19 1.921113661185517383e-20
1.840099496729938983e+04 1.763490239442018522e-19 1.840237300543226170e-20
1.840730324079310230e+04 2.154321342620446226e-19 1.912841274895103094e-20
1.841361145821380342e+04 2.040269257807313120e-19 1.946190098965615977e-20
1.841991961952585189e+04 2.156854609528510526e-19 1.963403663932678832e-20
1.842622772467789036e+04 1.895384492284195013e-19 1.800553567437794842e-20
1.843253577364609373e+04 2.086266656496090444e-19 1.804290172347680357e-20
1.843884376639853872e+04 2.265518808950674204e-19 1.943132895238510040e-20
1.844515170293112533e+04 2.521210314830675956e-19 1.812011575164558999e-20
1.845145958318035264e+04 2.145383155882907979e-19 1.814091976858231016e-20
1.845776740711070306e+04 2.206063300311510501e-19 1.778126219893979667e-20
1.846407517470582025e+04 1.968853499555514580e-19 1.757161402040476378e-20
1.847038288593396283e+04 2.006531314477511980e-19 1.873513332520330530e-20
1.847669054075920212e+04 2.039362415473865301e-19 1.767098276691688933e-20
1.848299813915750929e+04 2.025187755975543432e-19 1.830284749498012527e-20
1.848930568106935971e+04 2.218822881475188898e-19 1.806459673690454532e-20
1.849561316650210574e+04 1.690439491978659756e-19 1.783525279614271966e-20
1.850192059540416085e+04 1.661711743255546282e-19 1.756040033547233787e-20
1.850822796772357106e+04 1.904532156436167567e-19 1.788860650954285747e-20
1.851453528346007079e+04 1.427042672581601439e-19 1.834112019915246491e-20
1.852084254258136571e+04 1.969817176475919311e-19 1.772988533360537864e-20
1.852714974502789482e+04 1.671939356393613558e-19 1.741900500011343689e-20
1.853345689078715077e+04 1.554795309975479114e-19 1.761746378427433364e-20
1.853976397981122864e+04 1.865759645280129598e-19 1.894812810808577161e-20
1.854607101209960092e+04 1.889766285531047160e-19 1.852014223219751732e-20
1.855237798760420264e+04 2.111298379184057487e-19 1.752371643276067837e-20
1.855868490626518542e+04 1.735070118797742056e-19 1.917711472888447121e-20
1.856499176809370329e+04 2.112500428363473282e-19 1.993590640392685577e-20
1.857129857304981124e+04 1.703406397884231140e-19 1.880344583111105849e-20
1.857760532105335733e+04 1.560266109333626881e-19 1.890809365531496285e-20
1.858391201212777742e+04 2.114778660403383170e-19 1.929122820307274432e-20
1.859021864623267902e+04 2.069549259768217759e-19 1.891265868547913182e-20
1.859652522330397915e+04 2.089049617163749576e-19 1.850184839097995790e-20
1.860283174333311399e+04 2.105650262055080059e-19 1.892099521105998864e-20
1.860913820630355985e+04 2.061473298483415771e-19 1.941560399785519732e-20
1.861544461213918839e+04 2.275778203255975304e-19 1.853071190085704002e-20
1.862175096082727759e+04 1.745773374036571151e-19 1.885685934407665540e-20
1.862805725236343642e+04 2.373307096573575723e-19 1.944501289213755142e-20
1.863436348667508719e+04 1.961773446462495550e-19 1.779013176182193424e-20
1.864066966374583353e+04 1.662271073535295447e-19 1.991832674668137814e-20
1.864697578355897349e+04 1.960558547848608798e-19 1.870806896867035344e-20
1.865328184605003116e+04 2.064435743622353618e-19 1.865549087306834002e-20
1.865958785120238826e+04 1.923838149897940255e-19 1.909738461774401590e-20
1.866589379899932101e+04 1.810021009966984828e-19 1.834315522521272380e-20
1.867219968937636440e+04 2.051636978900236998e-19 1.832166429054943797e-20
1.867850552232458722e+04 2.216601628433452756e-19 1.899750466416925040e-20
1.868481129780354968e+04 1.971169928380230838e-19 1.895439437990805407e-20
1.869111701577229542e+04 1.840078672319650447e-19 1.953774266511100954e-20
1.869742267621427163e+04 1.982551552412703780e-19 1.847673855726762558e-20
1.870372827909261105e+04 2.716933654445847907e-19 1.984343014705028441e-20
1.871003382435446474e+04 2.105153947214966423e-19 1.916960515522326223e-20
1.871633931199516883e+04 1.887543737596273662e-19 1.904114995417403856e-20
1.872264474198976313e+04 1.687500631904547789e-19 1.827401293380146510e-20
1.872895011424536278e+04 2.023836778289240762e-19 1.803195530188226593e-20
1.873525542879310160e+04 2.167034721940080031e-19 2.022133040923079023e-20
1.874156068558164407e+04 1.724164657772042510e-19 1.810150593225237682e-20
1.874775727072810332e+04 3.080059539975620373e-19 2.010897460704060980e-20
1.875406240382141186e+04 2.236746802501918605e-19 2.024486263657494362e-20
1.876036747900267073e+04 1.879850213622350234e-19 1.969414212111853335e-20
1.876667249628950231e+04 2.481783626796842718e-19 1.977867492474748255e-20
1.877297745563351418e+04 2.099598742047364915e-19 1.964952852178096743e-20
1.877928235702514576e+04 1.312554285567014850e-19 1.837859792222017922e-20
1.878558720042731147e+04 1.992957167160991163e-19 1.858056920993637386e-20
1.879189198577155548e+04 1.667170074473049107e-19 1.859966641932359437e-20
1.879819671306796226e+04 2.005266989224441327e-19 1.987084948818267917e-20
1.880450138228356809e+04 3.136654288827966628e-19 2.935940662465389598e-20
