9.794488848702610994e+03 1.689989650508373455e-19 2.835872807514474911e-20
9.800831643728854033e+03 5.057323940445023026e-20 1.469555312066127459e-20
9.807174410373021601e+03 5.829119006540949032e-20 1.558494681081055013e-20
9.813517148616567283e+03 6.049499765019062521e-20 1.630568059817200621e-20
9.819859858440391690e+03 5.894389984491618340e-20 1.611393758645317022e-20
9.826202539829795569e+03 5.761390737590141231e-20 1.512745383312489245e-20
9.832545192766250693e+03 3.798818444917130341e-20 1.375605767182006724e-20
9.838887817232327507e+03 3.218602538932943689e-20 1.406762160792201228e-20
9.845230413211129417e+03 8.034637951495649276e-20 1.462638677605060286e-20
9.851572980684111826e+03 9.458975597425650603e-20 1.583073405099789639e-20
9.857915519634374505e+03 5.006477911743182643e-20 1.464567191054998781e-20
9.864258030045006308e+03 4.586337917956769613e-20 1.387286800195630374e-20
9.870600511896383978e+03 6.661541034828702734e-21 1.471239622442770676e-20
9.876942965174888741e+03 -7.383674268779854329e-21 1.333925108398609231e-20
9.883285389859776842e+03 2.818822035583440026e-20 1.483521895521165665e-20
9.889627785934131680e+03 2.779544775755356842e-20 1.343921711887427195e-20
9.895970153381620548e+03 2.865779532069008641e-20 1.277365793543331227e-20
9.902312492185330484e+03 2.593780076641750272e-20 1.299187830574052460e-20
9.908654802325045239e+03 1.890768230093180368e-20 1.407040405981244814e-20
9.914997083786065559e+03 1.725660886467640323e-20 1.350737547551441436e-20
9.921339336549806831e+03 2.389970832537915031e-20 1.273542746886999234e-20
9.927681560597697171e+03 6.477713423526907221e-20 1.259149568964502525e-20
9.934023755914487992e+03 9.459927257246351435e-20 1.293993695619477988e-20
9.940365922481634698e+03 6.283984541340353570e-20 1.390748156233858509e-20
9.946708060281116559e+03 5.627257287488872392e-20 1.348772763133307202e-20
9.953050169296562672e+03 3.866778865909274121e-20 1.373482903709044036e-20
9.959392249509417525e+03 1.498727540612967126e-20 1.345984333765180541e-20
9.965734300903306575e+03 1.357318438740172646e-20 1.283278644211357753e-20
9.972076323460210915e+03 1.698070008602032112e-20 1.190062395304937989e-20
9.978418317162653693e+03 4.413207842746453677e-20 1.304484403716162543e-20
9.984760281993152603e+03 3.816179903610135310e-20 1.378550476545681728e-20
9.991102217933685097e+03 5.505544769622243264e-20 1.499786036455597923e-20
9.997444124967320022e+03 4.679385154870205330e-20 1.345523160122362390e-20
1.000378600307715533e+04 4.835321565809115051e-20 1.338977451351788408e-20
1.001012785224513573e+04 7.783606202848515196e-20 1.367857215204147397e-20
1.001646967245319502e+04 5.263677879838744505e-20 1.181799125013238461e-20
1.002281146368496593e+04 3.648747872946654782e-20 1.363256338737759176e-20
1.002915322592298435e+04 4.872213304196515393e-20 1.304930708752225892e-20
1.003549495914755244e+04 2.128557770363576807e-20 1.326309394420701397e-20
1.004183666334506051e+04 8.245680683831402715e-21 1.264466350991647216e-20
1.004817833849358067e+04 3.265212820498753511e-20 1.277154017028713678e-20
1.005451998457949958e+04 4.705266364253507725e-21 1.233036600227440290e-20
1.006086160158256644e+04 4.634832145520794482e-20 1.249076135758272767e-20
1.006720318948749082e+04 4.975797840882060940e-20 1.268828138780346598e-20
1.007354474827455851e+04 -6.476350868448477234e-22 1.294185892428560196e-20
1.007988627792849547e+04 -8.493708391481161562e-21 1.245960135098046376e-20
1.008622777843012591e+04 3.795571722094623736e-20 1.243417670935669492e-20
1.009256924976250593e+04 -3.216832637486853414e-21 1.309187506025578363e-20
1.009891069190810776e+04 2.531321828082719637e-20 1.193638078345809987e-20
1.010525210484995478e+04 3.653350546942409806e-20 1.187309639749912894e-20
1.011159348856835641e+04 7.243758704987989674e-20 1.228314156143956419e-20
1.011793484304969570e+04 6.020411375512691297e-20 1.173494372894315125e-20
1.012427616827258862e+04 1.521840950390823571e-20 1.203915135223063746e-20
1.013061746422228316e+04 4.248697455712229058e-20 1.255736063906872373e-20
1.013695873087959444e+04 1.966491002578890161e-20 1.133268501975155861e-20
1.014329996822756766e+04 2.438871833265400332e-20 1.190137707892358995e-20
1.014964117624980463e+04 4.252621852011669079e-20 1.109404811681423061e-20
1.015598235492596723e+04 2.880274630949650683e-20 1.185665801846269339e-20
1.016232350424078686e+04 1.690207844607174584e-20 1.198474606601154724e-20
1.016866462417673392e+04 2.302364897216039786e-20 1.271665946712429130e-20
1.017500571471515286e+04 1.303023025410345156e-20 1.234038156422023645e-20
1.018134677583959092e+04 -1.349807444875204657e-20 1.181709056243288500e-20
1.018768780753141982e+04 1.458186173210534079e-20 1.160561540499780269e-20
1.019402880977424320e+04 2.999564097396051705e-20 1.135140982874405850e-20
1.020036978254885253e+04 2.752039895014516455e-20 1.146304831354354181e-20
1.020671072583996465e+04 1.495297963375854188e-20 1.112383340595485772e-20
1.021305163962946608e+04 2.921274987137741779e-20 1.254410791610386041e-20
1.021939252389756439e+04 2.844512338831660790e-20 1.186185949335218011e-20
1.022573337863007328e+04 1.594908313860558699e-20 1.334562313568933264e-20
1.023207420380610529e+04 1.960828521792843348e-20 1.127856995605794431e-20
1.023841499941145412e+04 9.652886967841093205e-21 1.089991181513411038e-20
1.024475576542578347e+04 1.897783453158610344e-20 1.111637267182590496e-20
1.025109650183373560e+04 2.379654132702606598e-20 1.176123594388778369e-20
1.025743720861548900e+04 4.971972455211145549e-20 1.269190159825789779e-20
1.026377788575521481e+04 8.986592130680112251e-20 1.364813603502700332e-20
1.027011853323423747e+04 4.947179772504545295e-20 1.190236403639708592e-20
1.027645915103557127e+04 3.304037635505696685e-20 1.215943895632924686e-20
1.028279973914333641e+04 3.477153676806748030e-20 1.229775516826948019e-20
1.028914029753657269e+04 -1.696414471180902682e-20 1.148545899253318911e-20
1.029548082619995330e+04 1.227842922089286271e-20 1.249937027645850467e-20
1.030182132511480813e+04 2.833534722303237091e-20 1.275482830896573526e-20
1.030816179426581039e+04 4.078337682501275350e-20 1.206165584417658678e-20
1.031450223363198165e+04 2.892681707346495823e-20 1.333819406861927984e-20
1.032084264319795693e+04 3.664710522230714936e-20 1.194439490277742371e-20
1.032718302294558998e+04 2.499368165602029360e-20 1.229255816218971372e-20
1.033352337285678732e+04 2.446773173898104439e-20 1.150469528683284018e-20
1.033986369291565461e+04 5.496531227558511205e-20 1.140418970945292081e-20
1.034620398310290329e+04 3.093282281603536072e-20 1.153499506587843064e-20
1.035254424340094556e+04 6.142580116341329514e-20 1.248804164326322505e-20
1.035888447379444915e+04 2.575446459513883767e-20 1.183938006666531174e-20
1.036522467426242110e+04 4.010177365978773064e-20 1.192133191249269118e-20
1.037156484479008395e+04 1.891024470618627376e-20 1.250588702264620357e-20
1.037790498535813822e+04 1.661630650284058852e-21 1.218490273645571573e-20
1.038424509594895244e+04 -3.916231600622649130e-21 1.160238387345871145e-20
1.039058517654659408e+04 2.599013117010092577e-20 1.278504904033942505e-20
1.039692522713180369e+04 2.019428238606140342e-20 1.130589709063170304e-20
1.040326524768811760e+04 1.037614755105804034e-20 1.096796087275637572e-20
1.040960523819732953e+04 4.183136016988691050e-20 1.115519156057997942e-20
1.041594519864069662e+04 4.179299086000454128e-20 1.094398133167758127e-20
1.042228512900344322e+04 7.014050393828581163e-20 1.205971159382495773e-20
1.042862502926453089e+04 5.041786908106761946e-21 1.098042080346502138e-20
1.043496489940917854e+04 1.983224714110454950e-20 1.244154371178208209e-20
1.044130473941862692e+04 2.007433432752436150e-20 1.141083445930641034e-20
1.044764454927520273e+04 3.774128458421563312e-20 1.209170265563527546e-20
1.045398432896065788e+04 3.410661999419036656e-20 1.129985236653196619e-20
1.046032407845856505e+04 2.017339960952259242e-20 1.052231656377279257e-20
1.046666379775015957e+04 3.016677778961642865e-20 1.165109460406160112e-20
1.047300348681950345e+04 2.191590724008962551e-20 1.153608597909856315e-20
1.047934314564666238e+04 1.111375941968096137e-20 1.127073209329302719e-20
1.048568277421569292e+04 2.296328386939616480e-20 1.092939069729800850e-20
1.049202237250781218e+04 4.020686734857720147e-20 1.070401697035895575e-20
1.049836194050650192e+04 2.100187195305974679e-20 1.079057061722956704e-20
1.050470147819295744e+04 3.600169094253573205e-21 1.138727384029363301e-20
1.051104098555060773e+04 1.840815599376985298e-20 1.229613303040557313e-20
1.051738046256183225e+04 1.313674201205305691e-20 1.101049751379429662e-20
1.052371990920724966e+04 2.155629841341880195e-20 1.158725790779144803e-20
1.053005932547034536e+04 2.780921386418579803e-20 1.176791687996980778e-20
1.053639871133404085e+04 4.662428904548496172e-20 1.143852073377238757e-20
1.054273806679378140e+04 3.430518180073590632e-20 1.176417632617218784e-20
1.054895295224046458e+04 2.935916415472558418e-20 1.132005856926715747e-20
1.055529223479623033e+04 2.995557707053103112e-20 1.085715444132169902e-20
1.056163148688004731e+04 1.913577654288570506e-20 1.150035769998084542e-20
1.056797070847651776e+04 3.531011940230631601e-20 1.159354768840030517e-20
1.057430989956626945e+04 3.234951284372199661e-20 1.102484580906272556e-20
1.058064906013219661e+04 4.824768383525226244e-20 1.055133112684180318e-20
1.058698819015660592e+04 3.105952344137409102e-20 1.218508389416533786e-20
1.059332728962178408e+04 4.695690634325362886e-20 1.121564781537560530e-20
1.059966635851003412e+04 2.878482026939260309e-20 1.077430762803659497e-20
1.060600539680365182e+04 2.503569242743333556e-20 1.082015221939781427e-20
1.061234440448551504e+04 3.197848716362446597e-20 1.087862874629317420e-20
1.061868338153607874e+04 3.016489592422642768e-20 1.109785510060239995e-20
1.062502232793997973e+04 1.481646678061424673e-20 1.212927332588748617e-20
1.063136124367778575e+04 -1.325450764457884184e-20 1.174822607604177858e-20
1.063770012873295491e+04 2.587621679758794330e-20 1.122048916373535148e-20
1.064403898308657881e+04 4.252104976957512929e-20 1.177027942200505403e-20
1.065037780672211193e+04 2.740445783065275123e-20 1.173014398177615255e-20
1.065671659962062222e+04 2.681896970248805585e-20 1.130438932766875361e-20
1.066305536176498208e+04 2.212479032412328999e-20 1.176594881275938370e-20
1.066939409313863325e+04 2.966339180932779325e-20 1.114243805318211456e-20
1.067573279372074285e+04 2.977561371905210300e-20 1.133558147853913065e-20
1.068207146349723553e+04 -1.438339233632692415e-20 1.161569020766416703e-20
1.068841010244739300e+04 1.885634604152131981e-20 1.056888396373725579e-20
1.069474871054711366e+04 -2.860873767578098044e-21 1.147617349695204491e-20
1.070108721711529506e+04 1.381824094064411527e-20 1.180504547428685808e-20
1.070742551108812404e+04 1.903103928417097414e-20 1.136688516913826466e-20
1.071376377416906689e+04 1.258055863405727912e-20 1.055928679260878356e-20
1.072010200633974637e+04 2.919621577841456973e-20 1.175058832807745424e-20
1.072644020758111219e+04 3.701787860356484254e-20 1.104874169422740097e-20
1.073277837787904355e+04 2.815664415522267651e-20 1.081243187053332457e-20
1.073911651721219641e+04 2.497948546603090267e-20 1.134584169515851851e-20
1.074545462556278835e+04 1.972240301135722982e-20 1.206679771549877938e-20
1.075179270291604917e+04 2.649866590391997915e-20 1.074028415313090249e-20
1.075813074925177170e+04 2.413749726555867736e-20 1.124986579576245065e-20
1.076446876455217898e+04 1.896254549569123471e-20 1.115312045418187022e-20
1.077080674880066726e+04 6.728722298151543719e-20 1.104154708585294913e-20
1.077714470197875744e+04 3.190901304016512922e-20 1.109401821996730591e-20
1.078348262406930007e+04 3.553903765745068982e-20 1.141687463506752269e-20
1.078982051505331583e+04 6.943818936147940443e-20 1.112840899746991496e-20
1.079615837491299681e+04 3.274654923599907608e-20 1.081964689300128186e-20
1.080249620363235044e+04 8.985660618095283460e-21 1.128148215708139339e-20
1.080883400119173893e+04 2.496066682867883505e-20 1.115363524911479513e-20
1.081517176757333254e+04 3.957956835663375910e-20 1.075012244628464679e-20
1.082150950276053482e+04 1.271990870231478518e-20 1.142121607893263203e-20
1.082784720673537959e+04 1.572562972620696844e-20 1.182369794754687799e-20
1.083418487947894937e+04 4.732003008188042660e-20 1.155877740036545510e-20
1.084052252097402561e+04 3.184048090623116701e-20 1.134486765004327892e-20
1.084686013120337157e+04 4.141856679407163817e-20 1.103869185914674746e-20
1.085319771014791877e+04 1.996200446652894174e-20 1.097440592874685474e-20
1.085953525779043594e+04 3.243251147256280812e-20 1.095044965366817320e-20
1.086587277411368086e+04 2.452013548139948441e-20 1.097181208301166162e-20
1.087221025909851232e+04 9.833188311638332905e-21 1.026804331237714552e-20
1.087854771272767357e+04 1.999922964545024889e-20 9.887551377063520228e-21
1.088488513498399334e+04 1.615001924605090306e-20 9.825360640389033092e-21
1.089122252584898524e+04 1.655163972465467315e-20 1.052472097879950192e-20
1.089755988530416471e+04 1.165097475125355074e-20 9.733956664624276822e-21
1.090389721333226225e+04 1.148941291369329415e-20 9.683573841813407778e-21
1.091023450991541722e+04 5.974702371805160688e-21 1.042152552962247623e-20
1.091657177503694766e+04 3.186806402779660588e-20 1.089723677446972962e-20
1.092290900867701748e+04 2.040774029045765976e-20 1.031471288277983502e-20
1.092924621081723672e+04 2.706017637497617257e-20 9.421868957583711967e-21
1.093558338144156733e+04 1.980413160417474863e-20 1.027214567089011981e-20
1.094192052053272891e+04 1.419059902511257414e-20 9.739790830936982769e-21
1.094825762807033425e+04 2.403122029585588268e-20 1.012853738953528001e-20
1.095459470403772320e+04 3.713079980810494279e-20 1.083511006115047263e-20
1.096093174841821929e+04 1.780159013692284245e-20 9.788126527687047490e-21
1.096726876119128428e+04 3.023106866090293739e-20 1.032732931293312499e-20
1.097360574234162777e+04 4.808509179258212072e-20 1.009763758645097298e-20
1.097994269184945188e+04 1.842529417806403794e-20 9.757083586915093689e-21
1.098627960969683409e+04 2.103690212036490069e-20 9.674634098850406872e-21
1.099261649586708882e+04 7.110181349109515106e-21 1.041185760540723016e-20
1.099895335034165146e+04 5.386824130649838018e-21 9.572598651036636776e-21
1.100529017310319978e+04 2.156288464754171355e-20 1.010778143427458275e-20
1.101162696413116282e+04 2.854966479077928459e-20 8.489949743523314588e-21
1.101796372341146161e+04 3.120360692291462131e-20 9.081894326547962140e-21
1.102430045092365799e+04 2.414090781551903010e-20 9.760175468441947277e-21
1.103063714665041516e+04 2.785125330546282182e-20 9.455024968020142266e-21
1.103697381057439088e+04 3.317966566817573065e-20 9.016143427130291453e-21
1.104331044267574180e+04 3.633879661615035856e-20 8.639750198709381630e-21
1.104964704293835894e+04 1.565202781656317953e-20 8.812185756103189449e-21
1.105598361134352672e+04 2.715938547929399519e-20 8.706640887383265929e-21
1.106232014787402295e+04 2.012821075510829870e-20 9.377350099515361969e-21
1.106865665250997699e+04 3.692217601443069064e-20 8.998256691401528520e-21
1.107499312523591470e+04 4.341065223100549128e-20 9.370604473376137259e-21
1.108132956603195635e+04 -5.622696781154588380e-22 9.032797231719407231e-21
1.108766597488072875e+04 2.996716695640773876e-20 1.044246594086333002e-20
1.109400235176480055e+04 1.164296272152816023e-20 9.658982179171695501e-21
1.110033869666487044e+04 1.399390508896612110e-20 9.798940784698644449e-21
1.110667500956429467e+04 3.248230441766333373e-20 9.855865957260307604e-21
1.111301129044440495e+04 3.971238154010472626e-20 9.953240932720345846e-21
1.111934753928655846e+04 2.603139974226619952e-20 9.102343111795383463e-21
1.112568375607336566e+04 -2.347448100474198352e-21 9.104161279567270401e-21
1.113201994078741518e+04 7.954727492933228604e-21 9.057576984664714389e-21
1.113835609340927840e+04 1.571333828683628301e-20 9.569686902599726581e-21
1.114469221392166583e+04 5.178261936938142814e-20 8.993757118572743633e-21
1.115102830230718428e+04 2.409958539720181630e-20 9.633760742919371238e-21
1.115736435854716183e+04 1.007073217657761749e-20 9.285770845814359388e-21
1.116370038262288472e+04 2.043950219777408035e-20 9.375416389030833541e-21
1.117003637451822215e+04 3.193284783217872030e-20 9.256316437559591350e-21
1.117637233421249948e+04 3.539922045367907104e-20 9.217615756642654131e-21
1.118270826168888743e+04 3.766601255922453911e-20 9.530626122361645173e-21
1.118904415693004375e+04 2.877114240161913656e-20 8.909977547743390099e-21
1.119538001991726196e+04 3.069900298821070291e-20 8.987999536734120995e-21
1.120171585063245038e+04 3.758453827103513821e-20 9.442189850088778270e-21
1.120805164905752281e+04 1.984606853148338769e-20 9.614001105042491924e-21
1.121438741517502967e+04 4.290734596905835337e-20 9.693125018455570758e-21
1.122072314896479293e+04 1.694230364120746114e-20 9.271270359809474772e-21
1.122705885041080182e+04 1.508862602241928100e-20 8.898001582821217455e-21
1.123339451949429713e+04 2.531541373220665724e-20 8.929645143393223363e-21
1.123973015619717808e+04 3.487783477310743961e-20 9.455960881923843479e-21
1.124606576050067451e+04 1.674007176626612048e-20 9.839255865531086632e-21
1.125240133238795715e+04 4.135447222240949743e-20 9.516070636499747442e-21
1.125873687184010851e+04 5.767313136824914205e-21 9.415522953365911152e-21
1.126507237883912967e+04 3.435526587817315305e-20 8.979994103876539321e-21
1.127140785336818408e+04 2.894687367649011589e-20 9.653645566364562133e-21
1.127774329540655890e+04 3.043135798812149460e-20 9.318154787216169338e-21
1.128407870493675364e+04 2.879643658099334858e-20 9.045403657351838345e-21
1.129041408194190262e+04 1.139369651603405536e-20 8.866317667194874668e-21
1.129674942640371773e+04 7.787412429296286658e-21 9.443434749622583875e-21
1.130308473830284674e+04 9.134200604380202630e-21 8.983413740709710197e-21
1.130942001762180007e+04 8.865504395962393854e-21 8.925967595910951569e-21
1.131575526434241328e+04 3.059978363987156930e-20 9.624395615229955426e-21
1.132209047844714951e+04 7.206508113555012354e-21 8.972703747504653185e-21
1.132842565991653282e+04 1.722037617439537707e-20 7.867930100250350789e-21
1.133476080873355022e+04 4.232017251535096118e-20 8.970326076021604313e-21
1.134109592487878945e+04 1.125467325067233355e-20 8.709837165829165792e-21
1.134743100833605968e+04 3.343558974172049310e-20 8.485811877888235090e-21
1.135376605908390047e+04 2.282289796792905578e-20 8.405059724882253333e-21
1.136010107710734701e+04 2.128829348270360837e-20 9.244893102091588630e-21
1.136643606238623579e+04 1.545912042450508500e-20 9.724499251663954145e-21
1.137277101490416862e+04 3.191416273280024854e-20 8.886288717223766367e-21
1.137910593463977784e+04 7.550130179477993149e-21 8.182331754016920121e-21
1.138544082157811681e+04 3.029925644977753924e-20 8.669837805372420471e-21
1.139177567569965322e+04 1.111143771554231083e-20 9.274433202168883125e-21
1.139811049698614988e+04 3.025205227110351071e-20 8.903479208304290827e-21
1.140444528541802720e+04 2.820831248918091195e-21 8.392160910651444482e-21
1.141078004097951634e+04 1.010581644512784300e-20 8.766035943323910542e-21
1.141711476365186718e+04 5.323319066467429892e-20 8.824092957651578331e-21
1.142344945341550556e+04 2.406585717231211844e-20 8.778513841470807380e-21
1.142978411025217429e+04 2.936228106446734259e-20 8.758415071789663134e-21
1.143611873414424190e+04 1.610326789205292011e-21 8.216509478238699969e-21
1.144245332507535750e+04 2.578388396529442055e-20 8.542179860085645758e-21
1.144878788302388239e+04 2.854704905212470196e-20 8.671765499169284058e-21
1.145512240797231425e+04 1.825390350079393069e-20 8.556526664081013735e-21
1.146145689990367464e+04 2.391252616360918177e-20 9.245546613914689413e-21
1.146779135879965906e+04 2.434422649654856706e-20 8.739321721881537457e-21
1.147412578463998761e+04 2.477026559398158806e-21 8.437317970571344459e-21
1.148046017740819661e+04 3.112371066667967482e-20 8.079451203770139152e-21
1.148679453708539768e+04 4.309885797746615039e-20 8.154594580822650577e-21
1.149312886365398481e+04 1.773199189090767390e-20 8.363001237129140952e-21
1.149946315709495866e+04 4.474157630471613606e-20 8.397846443657624761e-21
1.150579741738931807e+04 2.279746768585262136e-20 8.825794281023860002e-21
1.151213164451871671e+04 1.931167775316646231e-20 8.726018819061484875e-21
1.151846583846599424e+04 3.542979373791967760e-20 8.786889265495428527e-21
1.152479999921297167e+04 3.777862749812907124e-20 8.788273516215669699e-21
1.153113412674062238e+04 3.536152170868637500e-20 8.408940161145094896e-21
1.153746822102925034e+04 5.362920843552498234e-20 8.913774059913835363e-21
1.154380228206182437e+04 2.000029434559209649e-20 8.721577317381475649e-21
1.155013630982185168e+04 3.378586921622802488e-20 8.545350304422438008e-21
1.155647030428834660e+04 1.006514940853560526e-20 8.588096544722114963e-21
1.156280426544298280e+04 2.376866825535642364e-20 8.435176233491858019e-21
1.156913819326738485e+04 2.049137587399759348e-20 8.887424782072378200e-21
1.157547208774582032e+04 2.116865687450672239e-20 8.536671757592441345e-21
1.158180594885648497e+04 8.173531164706340428e-21 8.558945582344959382e-21
1.158813977658425210e+04 1.380460835457452112e-20 8.185570895300341215e-21
1.159447357090614605e+04 2.194296461425938202e-20 8.389390156798536659e-21
1.160080733180643620e+04 1.999381734560028387e-20 7.321376886611113747e-21
1.160714105926869888e+04 1.640810885723242303e-20 8.096082997767273136e-21
1.161347475327182838e+04 1.358446527417016189e-20 8.066867076587459315e-21
1.161980841379855156e+04 4.698688089462048335e-21 7.817721790867942167e-21
1.162614204082858487e+04 1.825086925341945949e-20 8.176663083260888858e-21
1.163247563434347830e+04 5.774378533034241303e-20 8.301892320600749116e-21
1.163880919432881819e+04 3.375443184246366905e-20 8.449131608867521999e-21
1.164514272076346242e+04 1.252728497456690353e-20 8.151174884681461626e-21
1.165147621362880454e+04 3.234691067349003011e-20 8.275281192911655791e-21
1.165780967290509943e+04 1.613629691634940958e-20 8.165581657301338546e-21
1.166414309857526860e+04 3.740188202914455553e-20 8.137565177088916131e-21
1.167047649062151686e+04 2.547237911240817744e-20 8.251805274750496855e-21
1.167680984902467026e+04 1.681092421745163947e-20 8.391978896119066887e-21
1.168314317376749568e+04 1.131264826618298602e-20 8.283572813618645020e-21
1.168947646482878554e+04 1.269932286583455979e-20 9.113936538946201284e-21
1.169580972219078831e+04 1.465566718103808384e-20 8.055028837472280298e-21
1.170214294583568699e+04 3.636126866816208988e-20 8.536318336008896835e-21
1.170847613574562456e+04 3.192795662018307706e-20 8.441786885468532039e-21
1.171480929190201095e+04 2.712782588231557286e-20 7.922724912118086604e-21
1.172114241428490459e+04 2.694008949712366774e-21 8.059245417415409121e-21
1.172747550287724698e+04 1.219023651058633013e-20 8.307402832513093176e-21
1.173380855765981505e+04 2.783666252843591195e-20 8.130951055771469404e-21
1.174014157861269086e+04 1.131422787748280982e-20 7.622548184701098579e-21
1.174647456571793555e+04 3.399645444331290907e-20 8.405182811874223727e-21
1.175280751896100810e+04 4.402347650738469626e-20 7.761790981402066435e-21
1.175914043831869458e+04 1.124294280934595403e-20 7.305203533823242860e-21
1.176547332377310340e+04 2.092824939466492117e-20 7.783205934646397603e-21
1.177180617530770178e+04 4.255840494027643801e-20 7.945474283719577481e-21
1.177813899289904293e+04 2.997115349986418988e-20 8.130435564458729348e-21
1.178447177653324798e+04 3.068571461556828219e-20 8.415793584990341730e-21
1.179080452619323660e+04 7.630250725246800938e-21 7.536598128494611266e-21
1.179713724185627871e+04 2.555562974166877111e-20 8.243721560721019945e-21
1.180346992350513392e+04 1.139781578928796446e-20 8.710670914623559471e-21
1.180980257112180152e+04 1.893042146534629352e-20 8.789388068383549048e-21
1.181613518468551592e+04 1.203986281319662890e-20 7.871500182927422141e-21
1.182246776417916044e+04 2.022848056448125329e-20 7.841686359309845792e-21
1.182880030958272255e+04 1.751694600828780997e-20 7.737068991833923674e-21
1.183513282088167762e+04 1.347423391806604699e-20 8.177289810550220491e-21
1.184146529805384307e+04 -4.297221872571618982e-22 8.434739699454825977e-21
1.184779774108122547e+04 -4.193317287031459717e-21 7.590251285112170156e-21
1.185413014994595869e+04 1.216645796217203207e-20 8.144952054741042261e-21
1.186046252462868506e+04 4.762436344543795227e-21 8.312980466006384165e-21
1.186679486511003051e+04 1.432809785411182870e-20 8.198711507882792673e-21
1.187312717136840911e+04 1.823983396970090808e-20 8.284313382073791585e-21
1.187945944339279049e+04 2.733826416692509889e-20 7.765809653449794169e-21
1.188579168116041728e+04 1.724153470045363116e-20 7.993654878034332555e-21
1.189212388465256481e+04 2.686798854578162064e-20 7.746718134597011684e-21
1.189845605384983355e+04 3.074578236968168233e-20 8.048761496383623296e-21
1.190478818873472119e+04 2.179305420607509988e-20 8.373086972627972021e-21
1.191112028928793916e+04 3.312283781348066390e-20 8.689255318881415507e-21
1.191745235549010795e+04 3.115625102351123144e-20 7.997989326080305152e-21
1.192378438732316135e+04 4.089750205687377918e-20 8.031563562842433420e-21
1.193011638476626285e+04 3.139232239632406167e-20 8.449818878541155793e-21
1.193644834780465317e+04 2.204957361233370930e-20 8.110776337266106791e-21
1.194278027641839071e+04 1.668372901331974149e-20 7.150394013228535893e-21
1.194911217058729744e+04 1.235214687516370835e-21 7.865190769566994353e-21
1.195544403029400928e+04 1.280621074969127769e-20 7.525210034711910500e-21
1.196177585551895936e+04 1.039561248499388756e-20 7.710746333997010656e-21
1.196810764624330841e+04 7.866632660506453717e-21 7.831238451476751086e-21
1.197443940244910118e+04 -4.156987482420615164e-22 8.044511540314906776e-21
1.198077112411472808e+04 1.960019584768618055e-20 8.042431660171236262e-21
1.198710281122559354e+04 2.230587713668315794e-20 8.336955437415769554e-21
1.199343446375640087e+04 1.542887336419918270e-20 7.543083004473900220e-21
1.199976608169616338e+04 2.258086886874148449e-20 7.292275900659745656e-21
1.200609766502260209e+04 3.415359311981802689e-20 7.773749485284890225e-21
1.201242921371616285e+04 2.803186872534416437e-20 7.460638257128457944e-21
1.201876072775939065e+04 3.081528510880211607e-20 7.883133114407545780e-21
1.202509220713257673e+04 2.608089526804313456e-20 7.898527992720666409e-21
1.203142365181705281e+04 1.012619699045622738e-20 7.595083228085776675e-21
1.203775506179465629e+04 1.322515154003812915e-20 7.654044508169711678e-21
1.204408643704582937e+04 2.506451314421782531e-20 7.496933084897960055e-21
1.205041777755157455e+04 1.456638125776898954e-20 7.777072632744362449e-21
1.205662176283262852e+04 2.054485499192426293e-20 8.178153053605630580e-21
1.206295302174956669e+04 2.806097050836697345e-20 7.660444372434779798e-21
1.206928424584954701e+04 3.401160494141497480e-20 8.147929298625165476e-21
1.207561543512819298e+04 3.052819327965047902e-20 8.009982790690592825e-21
1.208194658956578314e+04 1.812344832717120266e-20 7.013605449074902878e-21
1.208827770914357279e+04 1.847900732878281414e-20 6.946548343342723491e-21
1.209460879384402688e+04 1.462091870580910601e-20 7.879788027614622503e-21
1.210093984364822245e+04 1.908828696626679201e-20 7.550569223979644189e-21
1.210727085853633798e+04 6.870358365224744357e-21 7.647793211851032159e-21
1.211360183849024907e+04 3.873328197842825013e-20 7.337293206112952879e-21
1.211993278348964850e+04 3.641720286808960221e-20 7.801372594302081954e-21
1.212626369351695939e+04 3.239967690665762973e-20 8.186609494062869375e-21
1.213259456855175631e+04 6.462500401103524498e-20 8.766112947503461815e-21
1.213892540857636050e+04 2.376998807838411127e-20 7.923296008558305452e-21
1.214525621357055934e+04 3.543814585730175267e-20 7.512373091502967568e-21
1.215158698351674866e+04 2.241544913094454814e-20 7.660297848057190992e-21
1.215791771839521061e+04 2.111517693048674202e-20 7.966462834400964351e-21
1.216424841818605637e+04 1.697235126284690994e-20 7.082488920619238106e-21
1.217057908287044665e+04 1.618977644619767995e-20 7.361573828907760743e-21
1.217690971243148670e+04 2.805938625665745954e-20 8.165606781064607073e-21
1.218324030684875106e+04 2.594305527672795977e-20 7.856604691126677836e-21
1.218957086610234546e+04 1.056270255699434099e-20 7.624292743292299984e-21
1.219590139017468755e+04 2.609566486206579063e-20 7.523197988625664240e-21
1.220223187904611223e+04 8.449080517060915942e-21 8.084813671698424783e-21
1.220856233269756194e+04 1.692272871592153129e-20 8.502052934685124277e-21
1.221489275110989547e+04 2.304328774023166559e-20 7.654836285296899344e-21
1.222122313426394248e+04 1.836884176005748099e-20 8.115539293099019022e-21
1.222755348214078003e+04 9.979193654348577350e-21 7.402263349830524749e-21
1.223388379472061752e+04 3.729429519139778555e-20 7.693699718214515163e-21
1.224021407198503584e+04 2.039391703314140236e-20 8.697996365755414736e-21
1.224654431391547951e+04 5.776005001804047162e-21 7.714492875940636572e-21
1.225287452049229432e+04 1.824865108981981086e-20 7.574195832266728227e-21
1.225920469169567150e+04 2.484399075204155425e-20 8.007166974063599635e-21
1.226553482750719377e+04 9.017205768214439437e-21 7.809703814557391648e-21
1.227186492790824741e+04 5.956503521538439189e-21 7.961637652655878822e-21
1.227819499287912549e+04 2.396651686847166990e-20 7.934301335597660912e-21
1.228452502240071772e+04 2.402176650266103234e-20 8.570878350502740907e-21
1.229085501645387194e+04 1.652041638046590717e-20 8.445973621511305322e-21
1.229718497501927777e+04 1.727410620196129397e-20 8.153112328550900495e-21
1.230351489807779399e+04 3.436365678264046819e-20 8.542861075593962902e-21
1.230984478561035576e+04 3.387524564341300229e-20 7.961395145739297027e-21
1.231617463759776365e+04 2.086800653981602188e-20 7.527425388191755870e-21
1.232250445402072364e+04 1.486431032470419410e-20 8.055347745542783044e-21
1.232883423485998719e+04 1.420938098153417791e-20 7.784385699058795481e-21
1.233516398009649492e+04 3.743811503198560098e-20 8.081104770116588310e-21
1.234149368971172589e+04 1.687003621342095251e-20 7.836566023669493162e-21
1.234782336368495999e+04 1.003005168341222247e-20 7.814324741143220110e-21
1.235415300199756348e+04 1.954915482442129130e-20 7.854696881072427113e-21
1.236048260463048064e+04 1.715091897607050584e-20 7.308078826027356525e-21
1.236681217156517596e+04 2.112706600355416871e-20 8.104538204407468352e-21
1.237314170278162237e+04 8.765737075499930192e-21 7.856363994844325557e-21
1.237947119825967275e+04 2.544115758865231813e-20 7.368479638659594566e-21
1.238580065799513613e+04 3.530021155981757338e-20 8.094758748310201946e-21
1.239213008329766308e+04 2.755864738840511423e-20 8.023473337586320112e-21
1.239833149808500821e+04 4.718511666876167844e-20 7.711947045905286062e-21
1.240466083834307756e+04 2.919234452750353442e-20 7.849622134952650459e-21
1.241099014276751950e+04 3.496327512556475339e-20 8.081993221043912212e-21
1.241731941133753753e+04 2.844555960112727294e-20 8.302654038349266830e-21
1.242364864403449064e+04 3.718875477235281979e-20 8.141681836434152664e-21
1.242997784084039631e+04 1.360212448295555541e-20 7.570374722747980279e-21
1.243630700173313380e+04 1.254509674467204735e-20 8.506750401063890159e-21
1.244263612669558461e+04 1.321928885575171190e-22 7.408492646165318334e-21
1.244896521570834375e+04 1.440858843862630220e-21 7.469448708103072376e-21
1.245529426874966339e+04 2.632766325239558261e-20 7.497680128682885480e-21
1.246162328580335088e+04 2.103368072692372848e-20 7.967436496588399515e-21
1.246795226684705085e+04 1.918444853661641834e-20 7.957487889695589391e-21
1.247428121186427961e+04 1.563847409098864598e-20 7.341009429909018110e-21
1.248061012083328023e+04 1.941359527874817963e-20 7.360508702259781917e-21
1.248693899373484237e+04 2.749760770809296959e-20 7.213283692014071021e-21
1.249326783055103442e+04 1.922102710667376723e-20 7.577290539329914115e-21
1.249959663126162923e+04 1.174530135621492273e-20 7.064681957628508264e-21
1.250592539584707083e+04 1.822105445077487789e-20 7.828923433946835982e-21
1.251225412428811796e+04 2.363723159108261915e-20 7.374956270087835279e-21
1.251858281656531653e+04 2.057754826088434569e-20 7.407865943407538928e-21
1.252491147265911786e+04 3.275131416019046278e-20 7.704265443107135104e-21
1.253124009254998964e+04 2.954115528522282012e-20 8.054819225841109776e-21
1.253756867621937636e+04 2.077455903240458223e-20 7.573187204395820113e-21
1.254389722364553927e+04 1.718874094688594668e-20 7.747487313416552164e-21
1.255022573481263498e+04 -5.680040883004818524e-22 7.373655417214658364e-21
1.255655420969738771e+04 2.423587748265190508e-20 7.667920951873057062e-21
1.256288264828267893e+04 4.649827390731857611e-21 6.880086372635005328e-21
1.256921105054674626e+04 3.978686883175430496e-20 7.781200811066118099e-21
1.257553941647292777e+04 3.708970830762761600e-20 7.416389568386582249e-21
1.258186774603870799e+04 2.322121862929186118e-20 7.396208639077524424e-21
1.258819603922770511e+04 3.005641139655930705e-20 7.614666755795375192e-21
1.259452429601806944e+04 2.993795890113931347e-20 7.128528965665301433e-21
1.260085251639159105e+04 1.479500955657538507e-20 7.865586807351608680e-21
1.260718070032806281e+04 1.523123083168668980e-20 7.144581364687508467e-21
1.261350884780722663e+04 9.024232415602071890e-21 7.474741409668177220e-21
1.261983695881101630e+04 2.306409250502345288e-20 7.528494587129992774e-21
1.262616503331883723e+04 3.259225865370343697e-20 7.603178595837767046e-21
1.263249307131131718e+04 2.998872717641480311e-20 7.131741904328652496e-21
1.263882107276735587e+04 2.963795207759518560e-20 7.290643624579996974e-21
1.264514903767108444e+04 1.485961214023248928e-20 6.993514156785874594e-21
1.265147696599965820e+04 3.649677066242942122e-20 7.440032698450203977e-21
1.265780485773368127e+04 2.078924576607640814e-20 7.230122660452996223e-21
1.266413271285577503e+04 2.085219493951298340e-20 7.548286688756846386e-21
1.267046053134315662e+04 1.790203206313616565e-20 7.173727489763392642e-21
1.267678831317838194e+04 2.320713815901171183e-20 6.828901962075042254e-21
1.268311605834118927e+04 1.122463228051745326e-20 7.007366616164462227e-21
1.268944376681190624e+04 3.346463091098551232e-20 6.956014639154001340e-21
1.269577143857066949e+04 1.899710317461365248e-20 7.423990097208833111e-21
1.270209907359786303e+04 9.793330018063095203e-21 6.788588663543016188e-21
1.270842667187388179e+04 9.163945462477983507e-21 7.371545628773928154e-21
1.271475423337901702e+04 2.215567417710167296e-20 7.522361829858588555e-21
1.272108175809329623e+04 1.164403245281304815e-20 7.405414000407458320e-21
1.272740924599721802e+04 -1.390166141963285485e-20 7.390825111795715720e-21
1.273373669707106455e+04 1.263176128552255933e-20 6.854539914034367611e-21
1.274006411129657681e+04 2.245786763361818544e-20 7.135024013975222060e-21
1.274639148865075913e+04 1.746803068641515743e-20 7.315862454775559730e-21
1.275271882911483772e+04 1.529397993204995385e-20 7.025000809899909877e-21
1.275904613267134300e+04 1.978960512326169960e-20 6.945855869811208330e-21
1.276537339929802692e+04 7.091132037335904821e-21 6.691656568534147931e-21
1.277170062897591197e+04 1.783896354559560293e-20 7.125117955748781698e-21
1.277802782168685917e+04 2.395438195454255489e-20 7.232479787913953628e-21
1.278435497740718893e+04 1.232086689298046872e-20 6.581460072085515715e-21
1.279068209612070859e+04 2.258115092547065427e-20 6.834016854985940689e-21
1.279700917780472082e+04 1.627259640925453183e-20 6.898064705753603632e-21
1.280333622244328035e+04 1.867793684248124108e-20 7.022973789653908393e-21
1.280966323001181627e+04 1.718188926369291702e-20 7.264497188811831222e-21
1.281599020049423598e+04 1.134245137550602060e-20 6.394022676388352857e-21
1.282231713387009768e+04 1.321226956760723197e-20 7.010663281798246440e-21
1.282864403011797913e+04 1.727933889303884894e-20 6.915752717925926559e-21
1.283497088921702561e+04 1.930455679957070641e-20 7.571497086563431697e-21
1.284129771115134281e+04 8.716017356915048745e-21 7.577099438411038266e-21
1.284762449589723110e+04 6.730048047961615089e-21 7.037132112569987894e-21
1.285395124343785392e+04 2.403150842590334970e-20 7.527744441208530145e-21
1.286027795374997186e+04 2.359504655196674626e-20 7.327521224041481523e-21
1.286660462681623903e+04 -2.248313234120433384e-21 7.424060662760683839e-21
1.287293126261594443e+04 2.603452576986646710e-20 7.502831184436935299e-21
1.287925786112898277e+04 2.184591570542597999e-20 7.556711638177338485e-21
1.288558442233542701e+04 1.927145526968070881e-20 7.535056817835867428e-21
1.289191094621545199e+04 3.023028941764008965e-20 7.144937600002673030e-21
1.289823743274907065e+04 2.378605201265797763e-20 7.490041874237893435e-21
1.290456388191523729e+04 2.726825391484154731e-20 7.231020082349763902e-21
1.291089029369660784e+04 1.520246054663555247e-20 6.911988766036756775e-21
1.291721666807081601e+04 1.428406697265730783e-20 7.391838992363935462e-21
1.292354300501928265e+04 7.001423814191891185e-22 7.856359446103649636e-21
1.292986930452041997e+04 -8.566624878392479355e-21 7.027725045347586936e-21
1.293619556655433553e+04 8.082038296606021946e-21 7.141030883305159030e-21
1.294252179110335783e+04 -3.652111946828120606e-21 6.915423565450995693e-21
1.294884797814400554e+04 2.262897989306203447e-20 7.151860592759838089e-21
1.295517412766043890e+04 1.713527359285296408e-20 6.768127639263876763e-21
1.296150023962944579e+04 1.002860185598092314e-20 7.232933951183209419e-21
1.296782631403000050e+04 1.387731269780604417e-20 7.397201465414735833e-21
1.297415235084520464e+04 2.784493070198796702e-20 7.380552897060142704e-21
1.298047835005351772e+04 1.838380475936714517e-20 7.416787858309867664e-21
1.298680431163322828e+04 2.077218096416673608e-20 7.056526430101773772e-21
1.299313023556792723e+04 1.938668472485141380e-20 7.442036496142408908e-21
1.299945612183381309e+04 1.516705782012254382e-20 7.069464461368630091e-21
1.300578197041232670e+04 -1.380899425374013336e-21 7.066378752604312365e-21
1.301210778128473248e+04 6.005311670209622352e-21 6.576432534284947645e-21
1.301843355442778557e+04 6.604734530117789936e-21 6.935313063538846617e-21
1.302475928982301775e+04 4.718091537864493339e-21 6.686074781397001631e-21
1.303108498745098223e+04 1.785591455619599197e-20 7.428342481613884514e-21
1.303741064729134450e+04 1.605197585925314292e-20 6.566170734831263741e-21
1.304373626932095794e+04 -2.562707540363754422e-23 6.565506932287846823e-21
1.305006188089493844e+04 1.757905600065716936e-20 6.976798785499358890e-21
1.305638764278226699e+04 1.559647870803233895e-20 7.142704025332360108e-21
1.306271336679609703e+04 3.026740086175028584e-20 7.874731592534547979e-21
1.306903905291604497e+04 1.069978070161855739e-20 7.522290800433644606e-21
1.307536470112330790e+04 2.713927096962854701e-20 6.984933699223434328e-21
1.308169031139762956e+04 2.124928151833927757e-20 6.876358502534314336e-21
1.308801588371730577e+04 2.886366242721256349e-20 7.322730566582894265e-21
1.309434141806204025e+04 3.665005283782728619e-20 7.637619267688769529e-21
1.310066691441369949e+04 1.851730189789525146e-20 6.750238375185626265e-21
1.310699237274988081e+04 1.665096022146040719e-20 7.418289500200403785e-21
1.311331779305186319e+04 3.364981488552505409e-20 7.815991972295145528e-21
1.311964317529594155e+04 3.310254170990301598e-20 8.181147275912076803e-21
1.312596851946671813e+04 5.604861779943042821e-21 7.559290699300743167e-21
1.313229382554155200e+04 3.747258396080475573e-21 7.636593110594792169e-21
1.313861909349917914e+04 1.755724161896787493e-20 7.707961250898704452e-21
1.314494432332080214e+04 1.760204014602501905e-20 6.834961934806236071e-21
1.315126951498462404e+04 2.229686726523234636e-21 7.385951026705404141e-21
1.315759466847107251e+04 9.780612515213387445e-21 7.218913585313500820e-21
1.316391978375949475e+04 8.427845144630844592e-21 6.881110274161736507e-21
1.317024486083059310e+04 -7.930956005665981135e-21 6.654889932680630353e-21
1.317656989966236870e+04 1.135298544154391175e-20 6.815897374819891574e-21
1.318289490023496728e+04 2.660286165310832445e-20 7.259565123566032104e-21
1.318921986252975512e+04 1.247533189383912274e-20 6.810678106678004964e-21
1.319554478652396210e+04 5.321936583663213098e-21 6.883309068948803966e-21
1.320186967219618236e+04 4.057092513424098240e-21 7.388385086017770240e-21
1.320819451952919007e+04 3.308203911586016091e-20 7.015146338999142346e-21
1.321451932850107914e+04 1.212295381549487537e-20 6.596534943984075521e-21
1.322084409909129499e+04 3.345892257145361175e-20 7.378058880792836802e-21
1.322716883128001245e+04 1.849799588894860540e-20 6.904375014959693546e-21
1.323349352504374292e+04 1.381855599838960062e-20 6.985662205025553086e-21
1.323981818036602999e+04 9.424604098008726221e-21 6.938746207364886235e-21
1.324614279722443098e+04 1.242580322597542630e-20 7.277017268092707932e-21
1.325246737559874964e+04 1.428243221286836368e-20 7.081315774885889946e-21
1.325879191546843322e+04 1.633113687345445312e-20 6.870555652214196567e-21
1.326511641681191577e+04 1.354484402046640383e-20 6.695829365821168436e-21
1.327144087961123842e+04 1.808685301690590859e-20 7.045297267810672574e-21
1.327776530384266880e+04 1.437111003181794981e-20 6.692839981202071857e-21
1.328395998976670126e+04 1.378659918702110052e-20 7.220163383828614861e-21
1.329028432604121917e+04 3.577900420301276282e-20 7.195905785016399184e-21
1.329660862230710154e+04 -5.245619828673900096e-21 6.944331139532111842e-21
1.330293287991077341e+04 1.681894112875765466e-20 7.311188837464177717e-21
1.330925709884366916e+04 2.188400919895939584e-20 7.104533597517883160e-21
1.331558127908610186e+04 2.762921960777164265e-20 7.288208776678492425e-21
1.332190542061812448e+04 2.760753030352734578e-20 7.212903886887998661e-21
1.332822952341819291e+04 2.364542293097550072e-20 7.439596684510058392e-21
1.333455358746427919e+04 1.977885450792540910e-20 7.418416108449038078e-21
1.334087761273882643e+04 1.573984326754533874e-20 7.524544397603030973e-21
1.334720159921858794e+04 8.512190071861830520e-21 6.795527971256347359e-21
1.335352554688393684e+04 1.800089173677426975e-20 7.277600136950522274e-21
1.335984945571572462e+04 2.506705821689882789e-20 7.558679865353869707e-21
1.336617332568982965e+04 1.362786033906481191e-20 6.983135866152967848e-21
1.337249715678657958e+04 1.975056901816289904e-20 7.508063148213550874e-21
1.337882094898843388e+04 3.150850223568167661e-20 7.820432145613345042e-21
1.338514470227043421e+04 2.711088756421614941e-20 7.807081026534679764e-21
1.339146841661364124e+04 3.111031878740906068e-20 7.653697485419248454e-21
1.339779209199890829e+04 3.614560749618220232e-21 7.095895715491982864e-21
1.340411572840129338e+04 2.298565693178903069e-20 6.798796593815543764e-21
1.341043932580490764e+04 1.489884330141151549e-20 7.022687773240235507e-21
1.341676288418589320e+04 8.919615189077470835e-21 7.057046963736941022e-21
1.342308640352401017e+04 1.810111590655037837e-20 6.403093620179836930e-21
1.342940988379856208e+04 2.431814782764861326e-20 7.086260643092515924e-21
1.343573332498960008e+04 2.546222551255745335e-20 7.876897875520465417e-21
1.344205672707297163e+04 1.217548559128017319e-20 7.368100402307625970e-21
1.344838009003259504e+04 1.519909497182236905e-20 7.257438321165313303e-21
1.345470341384383573e+04 -4.278706400701831766e-21 7.869643765491241925e-21
1.346102669848802361e+04 1.356850165178611340e-20 7.623878146604779438e-21
1.346734994394348905e+04 3.570356132115646872e-20 7.323867667706970027e-21
1.347367315018952831e+04 4.425327456242747458e-20 7.640182794336557178e-21
1.347999631720588513e+04 1.877474555905746192e-20 7.605476881029083709e-21
1.348631944497000768e+04 3.061088050149614402e-20 7.572148012851561129e-21
1.349264253346194891e+04 2.612595809286516930e-20 7.592517473810495933e-21
1.349896558266067404e+04 4.183066009163489136e-20 7.101200737538019446e-21
1.350528859254437157e+04 9.871728564161638468e-21 7.351256793421476093e-21
1.351161156309547187e+04 8.087204035161074971e-21 7.497144835385450949e-21
1.351793449428893291e+04 9.026927599704269878e-21 7.369708689698874925e-21
1.352425738610523695e+04 2.378851134127348247e-20 7.633490266758641601e-21
1.353058023854041312e+04 9.293858651902936203e-21 7.269787794001364053e-21
1.353677286644414380e+04 2.033530599255249627e-20 7.482371180521001661e-21
1.354309562782109424e+04 1.752552381273771636e-20 7.053499952577611734e-21
1.354941834973645928e+04 1.294769375807676971e-20 7.148256961654303442e-21
1.355574103216906406e+04 -2.926388046913227307e-21 6.915355940469999923e-21
1.356206367509865959e+04 9.313617613934795062e-21 7.406401927320459096e-21
1.356838627850438024e+04 2.989970667697611171e-20 8.045126398398183444e-21
1.357470884236254460e+04 2.659499945351704001e-20 7.759427753731074549e-21
1.358103136665366947e+04 2.181703371406300688e-21 7.681741280689696381e-21
1.358735385135854631e+04 8.320396916440793433e-21 7.352535881167010691e-21
1.359367629645259876e+04 5.995563084626728290e-21 7.406744264925844313e-21
1.359999870191717673e+04 1.643319671859821088e-20 7.447387162953030946e-21
1.360632106772969200e+04 2.392975729887871769e-20 7.510620073443970076e-21
1.361264339387134896e+04 1.982927925228631373e-20 7.618342626872880410e-21
1.361896568031766037e+04 2.118298977393021209e-20 7.449705768184126828e-21
1.362528792705015985e+04 1.550844344499786779e-20 7.388451902945485906e-21
1.363161013404750520e+04 1.146066775549353666e-20 7.138594992799146906e-21
1.363793230128604228e+04 7.259811265588590694e-21 6.916198496685434330e-21
1.364425442874724467e+04 7.625549730577861458e-21 6.695977702209787431e-21
1.365057651640889708e+04 1.722945084184424099e-20 7.179699272123550241e-21
1.365689856425067046e+04 2.134608890240465030e-20 7.272539435554143863e-21
1.366322057224982746e+04 2.025094999787384700e-20 7.745345134213488833e-21
1.366954254038576255e+04 1.621031424492956082e-20 7.322195600608418158e-21
1.367586446863732453e+04 1.383483116203515517e-20 7.465686746657000683e-21
1.368218635698338767e+04 3.275856863005608869e-20 7.772373916818211719e-21
1.368850820540329005e+04 6.762002200521487392e-22 7.155936043263249368e-21
1.369483001387505465e+04 3.211822425004583204e-20 7.258429296811982682e-21
1.370115178237583314e+04 2.820270280045275372e-20 6.846351264655484645e-21
1.370747351088823416e+04 1.881904688667841019e-20 7.180596634084079552e-21
1.371379519938613885e+04 3.238703326874025833e-22 6.963961093530837348e-21
1.372011684785163743e+04 -8.875727645489818688e-21 7.333009607571368043e-21
1.372643845626394432e+04 2.195573747693930051e-20 7.376302615019352639e-21
1.373276002459863594e+04 8.562917395188826292e-21 7.602303964001466090e-21
1.373908155283605629e+04 3.015221209773131969e-20 7.520049534919453570e-21
1.374540304095535976e+04 2.370349994728770262e-20 7.013722589058982174e-21
1.375172448893465844e+04 2.160379176317905713e-20 7.535723743379854725e-21
1.375804589675253737e+04 2.524810966712574389e-20 7.599090436795295826e-21
1.376436726438731966e+04 1.974857282286494103e-20 7.430057619315376997e-21
1.377068859181707739e+04 3.672663992019694813e-20 7.815764064371157581e-21
1.377700987902197812e+04 2.625633657602008951e-20 7.343037879680217699e-21
1.378333112598040498e+04 7.237504327604333953e-21 7.596342081484791873e-21
1.378965233266866926e+04 1.094168469957439770e-20 7.553208881526143645e-21
1.379597349906769523e+04 1.034520162228887832e-20 7.405668526764013290e-21
1.380229462515425257e+04 2.031913911057706634e-20 7.332523910290855403e-21
1.380861571091043697e+04 2.397379470902232690e-20 7.187055239119028834e-21
1.381493675630869802e+04 6.275289766410728850e-21 7.288756219322804400e-21
1.382125776133428189e+04 1.540173069452195905e-20 7.518185341455057896e-21
1.382757872595910158e+04 9.113040470075782511e-21 6.756059175760834705e-21
1.383389965016812857e+04 1.613227108134874662e-20 7.109466019790357540e-21
1.384022053393321221e+04 1.280614322223288031e-20 7.372546085334652882e-21
1.384654137723883287e+04 8.590283601828240195e-21 7.480517978026114851e-21
1.385286218006057607e+04 8.624281425922351730e-21 6.670053029072571184e-21
1.385918294237545160e+04 1.509644396359386526e-21 7.477677701367406184e-21
1.386550366416527868e+04 2.584180158862008601e-20 7.256271150213090115e-21
1.387182434540560644e+04 1.324471375211142009e-20 6.835819436573830827e-21
1.387814498607601490e+04 1.252653923940427881e-20 7.041567116606989759e-21
1.388446558615564390e+04 1.192592187354164371e-20 7.022353129644985820e-21
1.389078614562013900e+04 1.068713831331373630e-20 7.516650544400541065e-21
1.389710666445151946e+04 2.424326485597204760e-20 7.792936802798860858e-21
1.390342714262626760e+04 3.070588675164218618e-20 7.020630878378470644e-21
1.390974758012269194e+04 1.245054729164926579e-20 7.293681355294924956e-21
1.391606797691846441e+04 1.823859294665781313e-20 7.036189498817806029e-21
1.392238833299418729e+04 2.509117580091260555e-20 7.416706424834405780e-21
1.392870864832490042e+04 5.161526696490767009e-21 6.842868599278291472e-21
1.393502892289069678e+04 2.307294971979524666e-20 7.256413309680481122e-21
1.394134915667123460e+04 1.234988612558792395e-20 7.050347947925983899e-21
1.394766934963996209e+04 1.328225536506624880e-20 7.172449433717347032e-21
1.395398950178276391e+04 1.577040486764213757e-20 7.321065724356998143e-21
1.396030961307167127e+04 2.868828715855597974e-20 7.480819893479555946e-21
1.396662968348691720e+04 2.790047495357473143e-20 7.471856295815352124e-21
1.397294971300573525e+04 1.389888796771851184e-20 6.748642831778594251e-21
1.397926970160793644e+04 2.145631254116618550e-20 6.930771273708125306e-21
1.398558964927110173e+04 9.195819268214509349e-21 6.924749305131476978e-21
1.399190955597315588e+04 1.864384257726056998e-20 6.857277331088089352e-21
1.399822942169238559e+04 8.444195428767356780e-21 6.333371275934920673e-21
1.400454924640705940e+04 1.039615027093800310e-20 6.758464764626309823e-21
1.401086903009585694e+04 1.926354043630727274e-20 7.225990306310638237e-21
1.401718877273549879e+04 3.829468998539446048e-20 7.686602458441684958e-21
1.402350847430491740e+04 3.611773212893319329e-22 6.946388389299854833e-21
1.402982813478284697e+04 1.326600892615657483e-20 6.836218148828085632e-21
1.403614775414511132e+04 4.515082164923914908e-20 7.620273309703953778e-21
1.404246733237304034e+04 3.471526928042563993e-20 7.721307430549421462e-21
1.404878686944212677e+04 2.588832824665653858e-20 7.200585538992052388e-21
1.405510636533232537e+04 -2.446812944116935189e-22 7.725273885773588379e-21
1.406142582001969276e+04 3.116842585432355103e-20 7.679665821982029800e-21
1.406774523348416369e+04 1.641675654278798665e-20 7.820467913007786600e-21
1.407406460570212039e+04 3.085881009087239254e-20 7.377472966236760885e-21
1.408038393665209514e+04 2.787134093598482637e-20 7.112877410349947993e-21
1.408670322631329327e+04 2.875982646207920388e-20 6.986413326727163375e-21
1.409302247466184053e+04 1.725553410039228175e-20 6.820944211897698273e-21
1.409934168167734606e+04 1.359058102258634211e-20 7.126405006566732439e-21
1.410566084733713069e+04 2.100985478633788742e-20 6.912018653390841987e-21
1.411197997161888270e+04 4.395339536697009027e-21 7.264178325465740081e-21
1.411829905449984108e+04 2.915491296800262023e-20 6.804616688625723950e-21
1.412461809596057901e+04 5.356965759090637829e-21 6.985894267950648077e-21
1.413093709597525049e+04 1.801802205953993956e-20 7.053685935698776752e-21
1.413725605452381933e+04 3.236409294514502438e-20 7.079637268094598274e-21
1.414357497158487786e+04 3.087702510903361833e-20 7.428851529361488145e-21
1.414989384713623986e+04 3.460468224292443948e-20 7.781438487552814005e-21
1.415621268115424937e+04 1.298289481273786427e-20 7.100908165916848952e-21
1.416253147361562333e+04 2.910371631002001512e-20 6.889679561958957351e-21
1.416885022450269571e+04 1.618345230949052228e-21 7.088852914193567543e-21
1.417516893379076282e+04 1.537878240612672440e-20 6.768255004161755723e-21
1.418148760145645792e+04 1.334841868897138169e-20 6.964031941193541286e-21
1.418780622747792586e+04 2.748758629678103131e-20 6.657761046897364418e-21
1.419412481183623640e+04 2.615972480751721511e-20 6.429257635262983331e-21
1.420044335450480503e+04 3.859071007399251256e-21 7.087167600174833556e-21
1.420676185546247689e+04 1.914839644394797725e-20 7.256973181177032433e-21
1.421308031468926310e+04 2.308394658716882044e-20 7.325926159521571221e-21
1.421939873216146589e+04 1.358650683209437154e-20 6.967898736442733198e-21
1.422558556231003968e+04 1.553389901998309334e-20 8.081636756655454756e-21
1.423190388532307225e+04 2.803144735261807665e-20 7.204182778683097617e-21
1.423822216514747379e+04 2.295988273491087855e-20 7.175994858950216235e-21
1.424454040310875462e+04 7.869362502224394140e-21 7.635598378295107781e-21
1.425085859920139774e+04 1.336624020507170698e-20 7.589913615384337680e-21
1.425717675340982350e+04 1.796048539537755818e-20 7.564617054566216837e-21
1.426349486570217050e+04 -7.242698124018811596e-22 7.411816231030508647e-21
1.426981293606059080e+04 6.383934207204904648e-22 7.084248527020589033e-21
1.427613096446587224e+04 1.244601100768873921e-20 6.883272507046567396e-21
1.428244895088975682e+04 2.503046344561492021e-20 7.133065863908740036e-21
1.428876689531168631e+04 1.661369818641080049e-20 7.356189225408566807e-21
1.429508479771314524e+04 2.479359894838619814e-20 7.054542289379339908e-21
1.430140265806609204e+04 5.776550589805625296e-21 7.100695135668742577e-21
1.430772047634965202e+04 1.395033151205146816e-20 7.219698374961562668e-21
1.431403825254636649e+04 1.654821672795090508e-20 6.559125655762659558e-21
1.432035598662557641e+04 1.717488634468133595e-20 6.702154646040472865e-21
1.432667367857201134e+04 1.467953586186138616e-20 7.987032221165630530e-21
1.433299132835840464e+04 4.042805333486102903e-21 7.378114291659304829e-21
1.433930893596134592e+04 1.149974167914983631e-20 7.646490120841686405e-21
1.434562650136493721e+04 1.557230669671698067e-20 7.802000773268925737e-21
1.435194402454101146e+04 1.111843054715239983e-20 7.096144942382161608e-21
1.435826150546923418e+04 9.821495695302828867e-21 7.534876487669295473e-21
1.436457894412554197e+04 9.207881765878390521e-22 6.978046207277737007e-21
1.437089634048739572e+04 1.400773054302782267e-20 6.895845576183671448e-21
1.437721369453452462e+04 1.318160951682040631e-20 6.810310689845355717e-21
1.438353100624211402e+04 2.638481214801222280e-20 7.009044495770172010e-21
1.438984827558895449e+04 2.391921860797886193e-20 6.977491872142674723e-21
1.439616550255087350e+04 3.360560547471743164e-20 7.140424416366325129e-21
1.440248268710615230e+04 2.869257228313850596e-20 7.940040019533263409e-21
1.440879982923271928e+04 2.602464956724425554e-20 7.192856077509405069e-21
1.441511692890654012e+04 3.059632730214481004e-20 7.323673415933740162e-21
1.442143398610638360e+04 1.077404028229826349e-20 7.086467184098741032e-21
1.442775100082275458e+04 1.210329182113737842e-20 7.250098284105047589e-21
1.443406797438714057e+04 7.135905957263127118e-21 7.208422557286952654e-21
1.444025294096591642e+04 1.952512072529135291e-20 7.642201001543930866e-21
1.444656981574581187e+04 -4.255918308866888307e-22 6.925071856671516446e-21
1.445288664793465250e+04 1.887454192621120687e-20 7.488382811421018460e-21
1.445920343751519067e+04 2.958721409918377021e-20 7.832793214842510352e-21
1.446552018445671638e+04 1.747160543491595027e-20 8.064061302889434166e-21
1.447183688874419022e+04 2.978915175397487016e-20 7.327604380312959788e-21
1.447815355035070024e+04 2.040367674770430505e-20 7.511399638442430786e-21
1.448447016925489334e+04 2.873624934083494816e-20 7.971502051583643865e-21
1.449078674543152556e+04 2.511646204658411386e-20 7.410033598467073371e-21
1.449710327886123559e+04 1.688050651431577658e-20 7.619633013347323536e-21
1.450341976951663310e+04 1.234030486279107207e-20 7.619005539633066197e-21
1.450973621738131442e+04 1.224332406473966312e-20 7.973794401748309707e-21
1.451605262242585377e+04 1.605402784309610235e-20 7.724775321535623567e-21
1.452236898463208126e+04 1.506356962621305993e-21 7.635410753512713147e-21
1.452868530397435643e+04 3.172266963371309605e-21 7.140546501081302994e-21
1.453500158043141346e+04 1.140505412616505416e-20 7.585384187470347064e-21
1.454131781397793020e+04 2.095423919680105222e-20 7.504933083709682851e-21
1.454763400459324112e+04 1.047154133136915687e-20 7.073220534684335271e-21
1.455395015225474344e+04 6.073010044770599358e-21 6.638320375072359929e-21
1.456026625693841925e+04 1.456433909397124838e-20 6.766093081524756889e-21
1.456658231862036882e+04 6.512880014014774116e-21 7.103235927534763795e-21
1.457289833727869154e+04 2.466786525231778692e-20 6.587159441651334613e-21
1.457921431289088287e+04 -1.481264951711313323e-20 7.278503316039946342e-21
1.458553024543164793e+04 8.392996240433785048e-21 7.767550200513676778e-21
1.459184613488215655e+04 3.754722881798479133e-21 7.370482156141459814e-21
1.459816198121496927e+04 1.273873018161984354e-20 7.272685874793668800e-21
1.460447778440982256e+04 2.185298940465677278e-20 7.622692330538894342e-21
1.461079354444155069e+04 -2.142610587378495922e-21 7.627802640475527024e-21
1.461710926128920801e+04 4.914813933726895762e-21 7.093090411737837908e-21
1.462342493492938956e+04 3.958251581245426602e-22 7.626960224457371482e-21
1.462974056533647672e+04 6.923597725255245055e-21 8.140197215722296006e-21
1.463605615248911818e+04 2.398740823619395898e-20 7.847437411931881418e-21
1.464237169636401632e+04 1.890657235760917242e-20 7.002309488726827586e-21
1.464868719694007632e+04 5.315820830637006598e-21 7.322339787736845908e-21
1.465500265419195784e+04 2.388474653230063164e-20 7.333471642963836090e-21
1.466131806809502814e+04 2.053127781355393373e-21 6.888931513958297506e-21
1.466763343862861075e+04 1.513057170964714304e-20 7.777045776353324040e-21
1.467394876576947172e+04 6.728964625298437878e-21 7.113405371974744794e-21
1.468026404949188145e+04 1.201808404879539350e-20 7.245189129697339883e-21
1.468657928977584925e+04 2.192370118326310976e-20 7.435835460170790880e-21
1.469289448659400296e+04 1.194067234220552867e-20 7.356856723060388435e-21
1.469920963992905854e+04 8.579175563078345280e-21 7.606197606014810700e-21
1.470552474975253244e+04 -9.152556456774244481e-21 7.523081101736600296e-21
1.471183981604289329e+04 9.929994220137412859e-21 7.528624428927790664e-21
1.471815483877670704e+04 1.403175337314287460e-20 7.623481023169078483e-21
1.472446981793182204e+04 1.613821283792729673e-20 7.781795588277294087e-21
1.473078475348268694e+04 1.455185501539917087e-20 8.116409657334034128e-21
1.473709964540725741e+04 8.999565621614456062e-21 8.281760738631998599e-21
1.474341449368281792e+04 1.616233667274818524e-20 7.604981490016677925e-21
1.474972929828517408e+04 2.522608630299577196e-20 7.198297807690237364e-21
1.475604405918920747e+04 2.810461544746173152e-20 7.830204738662462501e-21
1.476235877637578596e+04 1.673783403263931737e-20 6.733202706990439454e-21
1.476867344981730821e+04 5.140276127045395005e-21 7.180548325599770146e-21
1.477498807949267757e+04 -1.044167565013803034e-21 6.807103167853485267e-21
1.478130266537784883e+04 4.812627803194385059e-22 7.010362642502291781e-21
1.478761720744829654e+04 6.967870118029753161e-21 7.511354747416404235e-21
1.479393170568327332e+04 2.308324000678099059e-20 6.799220831086245401e-21
1.480024616005579628e+04 3.373781059683885528e-20 7.247218726844782551e-21
1.480656057054570374e+04 2.933098559102993602e-20 6.989610999345542208e-21
1.481287493712621472e+04 2.763351286120151956e-20 7.166256901066955943e-21
1.481918925977524304e+04 8.942309441738218415e-21 6.791534714885336583e-21
1.482550353847133920e+04 1.559539507996345718e-20 6.961660776607451722e-21
1.483181777318807326e+04 3.142959202391699728e-20 8.260869894448025145e-21
1.483813196390279882e+04 8.614651216878956511e-21 7.888129973721975045e-21
1.484444611059113595e+04 2.673448369370764298e-21 7.919787679589866703e-21
1.485076021323103851e+04 1.637693186190989660e-21 7.484731754770087611e-21
1.485707427179921979e+04 1.619878582509773268e-20 7.394858781400642983e-21
1.486338828627078510e+04 1.277920014943731527e-20 7.379119037275153342e-21
1.486970225662057601e+04 1.828067566845347062e-20 7.225299293692280306e-21
1.487601618282748314e+04 1.957661165356746400e-20 7.660450131019453212e-21
1.488233006486787781e+04 1.616940431395659094e-20 7.344145480739931030e-21
1.488864390271724369e+04 2.134145909989244396e-20 7.252538840803769819e-21
1.489495769635074976e+04 1.437587226479772544e-20 7.248315991018244938e-21
1.490127144574592421e+04 9.662422926804144592e-21 7.265705575496953302e-21
1.490758515087953492e+04 1.087748336814768835e-20 7.167703393049781377e-21
1.491389881172637979e+04 -2.136041978758284989e-21 7.527688814492595428e-21
1.492021242826429079e+04 1.820501835518041743e-20 7.017268546647119431e-21
1.492652600046777661e+04 2.276730009988628382e-20 7.862797775818342752e-21
1.493283952831397983e+04 2.142296371881293979e-20 7.214550827739679482e-21
1.493915301178077971e+04 8.195003859753719220e-21 7.178436720943825047e-21
1.494546645084187730e+04 1.129020791316073402e-20 7.467144870575982314e-21
1.495177984547307278e+04 3.232426100391734110e-20 7.822329519073145459e-21
1.495809319565183068e+04 3.026569583078649418e-20 7.568580977367193245e-21
1.496440650135576288e+04 8.847159536076081553e-21 7.570008516591357344e-21
1.497071976255852678e+04 2.668953273299076290e-20 7.324912296195234792e-21
1.497703297923699938e+04 2.182529525099885917e-20 6.955996761077331756e-21
1.498334615136638968e+04 9.965657687450638667e-21 6.684311578059167903e-21
1.498965927892377658e+04 5.067639498443387298e-21 7.119857079337516635e-21
1.499597236188684838e+04 2.558672776337402918e-20 7.691428903499507899e-21
1.500228540023016649e+04 3.976561460158360410e-20 7.241550134978594364e-21
1.500859839392842332e+04 -2.241942742328299785e-21 7.461933436687196769e-21
1.501477822992809888e+04 2.286098044633290286e-20 7.062416055306857675e-21
1.502109112327046751e+04 8.236263511506457578e-21 7.061097199315982454e-21
1.502740397052895241e+04 -2.551571653184848028e-21 7.284332926869644708e-21
1.503371677302908029e+04 1.984609030697007002e-20 7.511233931392175698e-21
1.504002953076703670e+04 1.999064443082744272e-20 7.165688162706809091e-21
1.504634224371612618e+04 4.335322783293298253e-21 6.587024385517274638e-21
1.505265491185213978e+04 1.837397736726378345e-20 7.493933633335512574e-21
1.505896753515032105e+04 2.186954707180587283e-20 7.458204178205600580e-21
1.506528011358806179e+04 1.001151764184998142e-20 7.482800716781387789e-21
1.507159264714070378e+04 2.368458060659201264e-20 7.181976349618205840e-21
1.507790513578197715e+04 1.641998703404511093e-20 6.926711141595040268e-21
1.508421757949165476e+04 1.859360755292585776e-20 6.954805181124960448e-21
1.509052997824354316e+04 9.428937517185846871e-21 6.883301310385951918e-21
1.509684233201275492e+04 2.235481913147445230e-20 7.257899745092128673e-21
1.510315464077768593e+04 1.423495560164877012e-20 7.755351031266796240e-21
1.510946690450968526e+04 2.046343599287153463e-20 6.984603108784877913e-21
1.511577912318999188e+04 6.348223434701503305e-21 7.417784154816704319e-21
1.512209129678971840e+04 1.424379645347183804e-20 6.627978093847282978e-21
1.512840342528847395e+04 8.723064430242652442e-22 6.714853724590707802e-21
1.513471550865808058e+04 2.086836459980831910e-20 7.091964062131714911e-21
1.514102754687641573e+04 1.189213404455713651e-20 7.363859550855463101e-21
1.514733953992066381e+04 1.443446959589376065e-20 7.219721812247581914e-21
1.515365148776501155e+04 -2.396418819282611356e-21 6.851716489992984966e-21
1.515996339038313272e+04 7.798193122693704956e-21 6.749446116160910085e-21
1.516627524775440179e+04 2.294054275553103955e-21 6.852003770443656266e-21
1.517258705985177403e+04 7.922032312079910033e-21 7.365919049139397053e-21
1.517889882665168989e+04 1.785384684592229659e-20 7.730784373927022681e-21
1.518521054812994407e+04 2.403005767217385931e-20 6.961119368455583058e-21
1.519152222427690140e+04 2.848282060580144643e-21 7.202753303823898626e-21
1.519783385641707719e+04 1.423465288803261099e-20 7.044396587693661465e-21
1.520401195697768708e+04 2.161003772616477460e-20 7.576941107141551482e-21
1.521032348451868893e+04 3.700887400630881789e-21 7.576944307691781758e-21
1.521663496661370846e+04 2.773272897462409286e-20 7.899946179921788999e-21
1.522294640324151260e+04 2.354314354637731274e-20 7.277447330494616972e-21
1.522925779437444726e+04 1.565545595686027070e-20 7.238336639667847710e-21
1.523556913998832169e+04 9.483779547871652295e-21 7.452369991823886092e-21
1.524188044005932170e+04 2.709826697119716631e-20 7.599911001167894619e-21
1.524819169456401687e+04 -2.411682589355741831e-21 7.130767761904812423e-21
1.525450290347591908e+04 2.115818338130168408e-20 7.291839597007813063e-21
1.526081406677140149e+04 1.320804814377523350e-20 7.718558142431850601e-21
1.526712518442784130e+04 2.704993238634750144e-20 7.432831881434193143e-21
1.527343625641581639e+04 3.313690170332723385e-20 7.469890429652108277e-21
1.527974728271749882e+04 2.637664188833626477e-20 7.123463648789780652e-21
1.528605826330143827e+04 1.829279033589283568e-20 7.335834592027409856e-21
1.529236919814710382e+04 1.158581617493880347e-20 7.338246859283392960e-21
1.529868008722753802e+04 1.639034505433130755e-20 7.488530001417571661e-21
1.530499093052039643e+04 -7.910406276472979380e-22 7.477279493117877524e-21
1.531130172800060063e+04 9.328440144335232167e-21 7.119587004151324056e-21
1.531761247964193353e+04 1.811958011976359101e-20 7.679954513668841137e-21
1.532392318542126668e+04 1.595327804820093549e-20 7.047371857658745719e-21
1.533023384531223201e+04 1.345154663808272675e-20 6.666225576912284136e-21
1.533654445929086432e+04 1.577941910054542260e-20 7.128069744313080703e-21
1.534285502733250723e+04 1.952823369125751178e-20 6.922416712582979599e-21
1.534916554941141840e+04 1.442363277734319287e-20 7.490585051204816745e-21
1.535547602550559895e+04 6.203725251134752529e-21 6.802057891926157327e-21
1.536178645558751668e+04 1.958137803789211163e-20 6.924308836708272974e-21
1.536809683963409771e+04 1.289130712054730003e-21 7.145588586913795851e-21
1.537440717761975247e+04 1.523517689395972422e-20 7.069964583123352422e-21
1.538071746951752357e+04 2.492502294553623877e-22 7.069347593652552332e-21
1.538702771530754399e+04 1.543971605832308835e-20 6.925069567973046622e-21
1.539333791495902187e+04 2.224515589916031526e-20 7.087025925164856959e-21
1.539964806240997677e+04 -1.030315780404248400e-20 7.467880203899313971e-21
1.540595806455488309e+04 1.023990035419517302e-21 7.496480576425978302e-21
1.541226802049292928e+04 -2.545591526465398007e-22 6.926449372832304773e-21
1.541857793019780183e+04 3.151280512444855862e-20 6.686190505682388929e-21
1.542488779364303809e+04 2.433260874920450435e-20 6.610194327870325624e-21
1.543119761080806893e+04 6.356528171280029459e-21 7.422892081229393745e-21
1.543750738166345400e+04 3.274914998461043423e-20 7.431996331116854120e-21
1.544381710618775833e+04 1.804206607176476445e-20 7.594464056767333294e-21
1.545012678435330417e+04 9.725009557480564223e-21 7.327681077389016931e-21
1.545643641613586988e+04 2.304381767650614501e-20 7.407023951785999910e-21
1.546274600151049708e+04 1.958830104099328994e-20 7.380250469356116940e-21
1.546905554045207828e+04 1.308230717676139671e-21 6.918943747307453624e-21
1.547536503293554233e+04 2.596493911404065196e-21 6.667719058815662752e-21
1.548167447893583267e+04 -1.725513944951208852e-21 7.162680100543241039e-21
1.548798387842870397e+04 1.459941541871629261e-20 7.340759204107638119e-21
1.549429323138630753e+04 1.344439767637122243e-21 7.079344263945939776e-21
1.550060253778714286e+04 4.137852422650878605e-21 7.695458567831170619e-21
1.550691179760244813e+04 1.170054874713737094e-20 7.628289166000818957e-21
1.551322101081061919e+04 1.521819510939404274e-20 7.606997832365538356e-21
1.551953017738483868e+04 -1.696136125564754850e-21 7.467150019571919582e-21
1.552583929729769079e+04 6.204773078333422494e-21 7.797422659792039052e-21
1.553214837052905386e+04 1.035107097086718979e-20 7.687288953220756444e-21
1.553845739704857988e+04 2.098483933008316043e-20 7.228825431811851191e-21
1.554476637683424087e+04 -6.746419867497529617e-21 7.031160583014916454e-21
1.555107530985845915e+04 4.320419080108459863e-21 7.094719688876831023e-21
1.555738419609831362e+04 1.302902423416491470e-20 6.786570425349980047e-21
1.556369303552706879e+04 1.691753846929662922e-20 7.163605787236738202e-21
1.557000182811988998e+04 -2.274630248250354231e-21 7.201060776378339139e-21
1.557631057384907217e+04 1.319676391308962804e-20 7.693843380284687885e-21
1.558261927269450280e+04 2.853105634428272480e-21 7.406801309595719194e-21
1.558892792462655962e+04 -2.416858549664068625e-21 7.474811616430275165e-21
1.559523652962026426e+04 1.891686344631152733e-20 7.316888015819068313e-21
1.560154508765273931e+04 2.217196245192918521e-20 7.587738018176955406e-21
1.560785359869506101e+04 -2.591386964895296039e-21 7.593933034868543694e-21
1.561416206272535055e+04 1.047209207548993482e-20 7.631380259986337785e-21
1.562047047971460233e+04 1.978896982809609233e-20 7.080763533972609650e-21
1.562677884964092846e+04 1.823853550100064210e-20 7.577684825374636276e-21
1.563308717247527602e+04 -3.920711794644981939e-21 7.587186851191779639e-21
1.563939544819575895e+04 1.860599518086233133e-20 7.701878759472341019e-21
1.564570367677322793e+04 -4.861154978105777141e-22 8.186879349986957240e-21
1.565201185818487102e+04 6.303129789771107611e-22 7.419872202668264246e-21
1.565831999240629921e+04 3.330084264268219842e-20 7.633770769068084632e-21
1.566462807940791572e+04 1.738330728849207407e-20 8.130519359460358266e-21
1.567093611916625196e+04 8.412057085531678762e-21 7.035270354429217862e-21
1.567724411165556012e+04 -7.434880773240703577e-21 7.362344515697938583e-21
1.568355205685135479e+04 2.222846448384800186e-20 7.702297755605770426e-21
1.568985995472594368e+04 8.221237378433666142e-21 7.579449967121214155e-21
1.569616780525480135e+04 1.361036541706546900e-20 7.956482484725184114e-21
1.570247560841312043e+04 1.901403449271538892e-20 8.039858998475149522e-21
1.570864885769087959e+04 1.575310258468771095e-20 7.614076979483938812e-21
1.571495655492660626e+04 -1.057114391733349804e-21 7.192831042095544146e-21
1.572126420333824535e+04 1.690554738342821881e-20 7.593818727587841050e-21
1.572757180425952174e+04 2.435361392379267025e-20 7.228798343232940590e-21
1.573387935768184070e+04 1.782400071744828615e-20 7.873224900047342747e-21
1.574018686357731167e+04 2.645521796282842471e-20 7.808885048606163441e-21
1.574649432191850974e+04 2.959568607125467910e-20 7.758149742692380717e-21
1.575280173268130238e+04 1.413247450631294328e-20 7.928801465248718206e-21
1.575910909584203728e+04 7.807652754124485787e-20 8.603971394821429624e-21
1.576541641137088664e+04 7.891810842230904717e-20 8.544109219774305952e-21
1.577172367924601895e+04 1.148743626152067926e-19 8.908512600267212290e-21
1.577803089943759005e+04 7.899118563330534471e-20 8.539898865216047325e-21
1.578433807192376116e+04 1.748053480737063077e-20 7.998431335105580805e-21
1.579064519667648347e+04 2.115168639918681340e-20 8.361744524311137457e-21
1.579695227366826293e+04 2.534489115216834162e-20 7.972830131638490715e-21
1.580325930287667506e+04 6.987476791896499708e-21 8.137991661902035979e-21
1.580956628427420219e+04 2.582312159259285987e-20 7.429788041483517983e-21
1.581587321783266998e+04 1.844270508517133063e-20 7.870958492001468676e-21
1.582218010352836427e+04 8.664956960180678217e-21 7.265354000952623874e-21
1.582848694133782737e+04 8.320589896037533364e-21 7.527409335154227572e-21
1.583479373123065670e+04 3.463866394630495489e-20 8.492961201754173064e-21
1.584110047318237594e+04 6.683014679776327385e-21 7.361527888870966723e-21
1.584740716716827774e+04 1.133437840007477911e-20 7.241159274302939390e-21
1.585371381316099360e+04 3.614709434494943803e-20 7.781954186629476335e-21
1.586002041113292762e+04 2.091511131376450821e-20 7.463335936909859590e-21
1.586632696106146250e+04 8.299828300838175639e-21 7.130593302919263398e-21
1.587263346293682662e+04 2.011919836820037924e-20 7.900472704029485605e-21
1.587880507396529174e+04 1.861747181939130228e-20 6.955882696267298570e-21
1.588511146708245724e+04 2.070537609324417641e-20 7.294204760652386729e-21
1.589141781204682229e+04 1.496385739748394241e-20 7.329325742033431885e-21
1.589772410883846896e+04 1.567638135224464291e-20 7.731970288275532289e-21
1.590403035742401516e+04 2.547138927742495391e-20 7.921887773638240702e-21
1.591033655778049797e+04 1.054975149009705487e-20 7.443459525541115668e-21
1.591664270988443423e+04 2.344265661217571536e-20 8.136399998796044386e-21
1.592294881370486655e+04 1.693008710080337565e-20 7.491925215943726027e-21
1.592925486921733136e+04 2.078689515026285317e-20 6.936665828814492344e-21
1.593556087639673933e+04 9.520612156825862217e-21 7.294873951661246530e-21
1.594186683521469240e+04 1.038403015793488002e-20 7.655507707172514438e-21
1.594817274564597392e+04 1.369439681563290470e-20 7.209960355492438808e-21
1.595447860766521444e+04 1.272068676916662972e-20 6.998362010535670800e-21
1.596078442124314097e+04 1.463735750046313895e-20 7.127080890388595135e-21
1.596709018635738903e+04 4.797052860659538747e-21 6.827357901651158358e-21
1.597339590297954783e+04 1.356552213392900909e-22 7.207822116784907176e-21
1.597970157108135936e+04 1.293194466148719307e-20 6.892801944881433486e-21
1.598600719064027544e+04 2.563003877438636984e-20 7.805316465145836184e-21
1.599231276162805625e+04 8.827619859630316507e-21 7.797255156129663567e-21
1.599861828401707135e+04 3.023344856748987018e-20 8.947917542561626150e-21
1.600492375778311543e+04 1.347635751031562278e-20 7.838870305252126646e-21
1.601122918289745758e+04 1.508461653260065069e-21 7.695725036594339307e-21
1.601753455933593068e+04 2.480349154716239164e-20 8.023241753192989436e-21
1.602383988707167737e+04 1.911445580429726372e-20 7.441770606098032211e-21
1.603014516607460246e+04 2.439347322890401482e-20 7.377324422668912387e-21
1.603645039632370026e+04 2.163295111812905301e-20 7.843964735177093207e-21
1.604275557778891198e+04 1.229573801563529367e-20 7.480104033648469473e-21
1.604906071044422970e+04 2.427238725900260472e-20 7.442954656865672430e-21
1.605536579426245953e+04 3.625546173348032939e-21 7.540127899740236759e-21
1.606167082921767542e+04 7.304185688384290097e-21 7.594316206263427867e-21
1.606797581528656156e+04 9.690417848129484525e-21 8.009848141827465087e-21
1.607428075243723288e+04 1.230054639303009932e-22 7.554029401053988800e-21
1.608058564064320854e+04 6.321604721068778808e-21 7.430214844506921801e-21
1.608689047988373932e+04 1.475247364985753649e-20 7.187353461993281434e-21
1.609319527012619074e+04 6.975950092178216608e-21 7.435451968974581917e-21
1.609950001134583363e+04 6.761650371983716982e-21 7.648269652169463787e-21
1.610580470351493568e+04 2.192555472459728030e-20 7.390284110681152706e-21
1.611210934661086867e+04 2.127061013842316530e-20 7.638283724845585924e-21
1.611841394060370658e+04 2.277369762857991811e-20 7.780550167857935217e-21
1.612471848546286856e+04 3.606184176240646210e-20 7.654239957117241999e-21
1.613102298117037572e+04 6.443873488431691823e-21 7.755439113825027992e-21
1.613732742768966273e+04 1.389717622872356205e-20 7.522201892091144481e-21
1.614363182500259609e+04 2.452570605671196688e-20 8.037721607905297487e-21
1.614993617307672139e+04 -2.017263708035395911e-21 6.991808893541869933e-21
1.615624047188676923e+04 1.504546898219386403e-20 7.691400840399181779e-21
1.616254472140931102e+04 1.130146148579295420e-20 7.847042011735794182e-21
1.616884892160900745e+04 2.170907962800354262e-20 7.632988410716369421e-21
1.617515307246937118e+04 2.641015811459208974e-20 7.826398865872423416e-21
1.618145717395414067e+04 2.706477736342596264e-20 7.321838455058347442e-21
1.618776122604260490e+04 2.165836462510237292e-20 7.686895940417640213e-21
1.619406522870672416e+04 3.151798868897711893e-20 7.962605259995844988e-21
1.620036918191647419e+04 2.341767410683679731e-20 8.186689904347936298e-21
1.620667308565002531e+04 1.555272975726234501e-20 7.562229102132109656e-21
1.621297693987206731e+04 6.683986740773981151e-21 7.607059546065624518e-21
1.621928074456600189e+04 -5.114610220811396809e-21 7.346328733916921430e-21
1.622558449969630965e+04 1.300323164913933150e-20 7.788560357219708834e-21
1.623188820524142284e+04 6.700212119914618677e-21 7.440001731202619267e-21
1.623819186116972014e+04 2.206183449518373100e-20 7.281062324482918079e-21
1.624449546745761836e+04 7.410757399103616447e-21 7.216107498552311700e-21
1.625079902407764530e+04 3.382228906162190517e-20 7.387686329018381633e-21
1.625710253100090813e+04 7.187097131737165513e-21 7.605816748327097721e-21
1.626340598820208288e+04 2.130191246047458607e-20 7.683664972853518181e-21
1.626970939565313347e+04 1.203450894607128020e-20 7.139698153208072925e-21
1.627601275332784462e+04 2.106509329343375582e-20 7.758024385417661563e-21
1.628231606119282696e+04 3.378789113054866704e-21 7.147006218309795210e-21
1.628861931923328120e+04 3.137645251776420221e-20 7.738160249173501039e-21
1.629492252740948061e+04 1.675458969659277196e-20 7.737167328817197047e-21
1.630122568570265139e+04 -1.874932129697701718e-21 8.111092091901053491e-21
1.630752879407693763e+04 1.830911808132414078e-20 7.468146127828052224e-21
1.631383185251778559e+04 3.867213414349616378e-21 7.633422502399610921e-21
1.632013486098414432e+04 2.478430519771295176e-20 6.976939799448768913e-21
1.632643781946142190e+04 9.432562202275567635e-22 7.808047598062863176e-21
1.633260495084731338e+04 1.382469976906020680e-20 7.755933174335882794e-21
1.633890779805903003e+04 1.011522687716165492e-20 6.686188085157977614e-21
1.634521059379062899e+04 2.405758322686223973e-20 7.064319238770213908e-21
1.635151333940586301e+04 -5.204385066304206001e-22 6.840409834862183852e-21
1.635781603488386463e+04 1.914095438342002501e-20 7.592898034752873085e-21
1.636411868020573456e+04 6.308937144750471114e-20 7.790723427980295826e-21
1.637042127533349958e+04 3.443685037559898934e-20 7.492905540068371421e-21
1.637672382025023035e+04 2.353146254773808126e-21 7.461837777350511706e-21
1.638302631491987086e+04 6.359908152768729597e-21 8.025312231711113671e-21
1.638932875932363095e+04 1.185780572031088171e-20 8.100530563502097307e-21
1.639563115342512901e+04 1.776180723134372412e-20 7.956123696817891820e-21
1.640193349720177139e+04 9.528003313427383059e-21 8.040708168270451247e-21
1.640823579062497447e+04 5.948534464609537417e-21 7.224598691249607493e-21
1.641453803366837019e+04 2.086559293829824951e-20 7.862742181213377813e-21
1.642084022630402251e+04 1.313553773536958942e-20 7.849870634374428699e-21
1.642714236849968802e+04 9.530426480025450397e-22 7.618319152829254376e-21
1.643344446023639102e+04 8.782541371309608833e-21 8.370202863835380561e-21
1.643974650147783541e+04 -9.616814295376858816e-21 7.531112002948245646e-21
1.644604849220406686e+04 1.445075090289939932e-20 7.730974672540684239e-21
1.645235043237856371e+04 3.032270162373761785e-20 7.419756881884267755e-21
1.645865232198259400e+04 6.386708226178925262e-21 7.551669201286254114e-21
1.646495416098040732e+04 2.912518723277370203e-20 7.303523451642166561e-21
1.647125594935447953e+04 9.496638666825818374e-21 7.474433494054536904e-21
1.647755768706769959e+04 1.477217061852117311e-20 7.181319990627826004e-21
1.648385937411089617e+04 1.569230402042849654e-20 7.265241101619909035e-21
1.649002491935798025e+04 9.687879833608011953e-21 7.396522807248635961e-21
1.649632649229503659e+04 2.823353506364359876e-20 7.251590430470919752e-21
1.650262801447152378e+04 6.883961346642299292e-21 7.859242505827680682e-21
1.650892948584070109e+04 1.283707069403208247e-20 7.465349139272879190e-21
1.651523090639166548e+04 2.511729515310846906e-20 7.353610656541709590e-21
1.652153227608677480e+04 1.279377154099307218e-20 7.735985904476617550e-21
1.652783359490167277e+04 3.459232343120579571e-20 7.962728586046868462e-21
1.653413486280912548e+04 1.216465669379412963e-20 7.915476862241613087e-21
1.654043607977309512e+04 1.329919247018918281e-20 7.876141545138979325e-21
1.654673724577702160e+04 1.405015636544830464e-20 7.514499191902898725e-21
1.655303836078246241e+04 -2.922434394497154611e-21 7.903229089123824872e-21
1.655933942477203891e+04 3.524013234423843952e-21 7.515241027454700899e-21
1.656564043771333309e+04 1.644059231684838095e-20 7.640498344211605002e-21
1.657194139957337757e+04 1.417473975398995548e-20 7.983839761661045549e-21
1.657824231033108663e+04 3.161144424004465212e-20 8.619075631468481618e-21
1.658454316995036788e+04 1.180407444697330995e-20 7.931425856807942079e-21
1.659084397841553800e+04 2.028489914788807369e-20 7.809869720880316917e-21
1.659714473569019538e+04 8.504240802535806062e-21 8.157020667282341584e-21
1.660344544174095063e+04 2.970213925492605912e-20 8.064320831773521724e-21
1.660974609655116001e+04 2.993369473065939517e-21 7.612582894556584217e-21
1.661604670008976245e+04 2.424153500146744832e-20 7.200474842223246287e-21
1.662234725231866469e+04 2.823173156226746020e-20 7.129358318694620551e-21
1.662864775322387140e+04 1.229436180805746742e-20 7.354222930479988641e-21
1.663494820276416431e+04 1.435344623559248744e-21 7.220583349535867635e-21
1.664124860092525705e+04 -9.392851486979870429e-21 7.851895158625173898e-21
1.664754894767044243e+04 -1.246175895812480995e-22 7.969739952806626382e-21
1.665384924296596728e+04 2.435762780340289125e-20 7.556721374697283174e-21
1.666014948679767986e+04 1.079283878958831101e-20 7.192281886755880269e-21
1.666644967912728680e+04 3.376014700614921426e-20 7.950741874463333509e-21
1.667274981992370158e+04 1.904639112196920385e-20 7.820744749428694743e-21
1.667904990917216492e+04 2.137261518200124810e-20 7.219979269112940756e-21
1.668534994683484547e+04 8.796389402259775859e-21 7.835711904686310305e-21
1.669164993287490506e+04 1.495303188486142283e-20 7.463262359959358898e-21
1.669794986728401273e+04 6.389596106300278151e-21 7.286673863045055731e-21
1.670424975002233623e+04 4.383642134038673860e-21 7.488490510955575333e-21
1.671054958105466721e+04 1.481188148489050076e-20 7.891667619129352465e-21
1.671684936036892395e+04 2.691675079682297171e-20 7.862876839562061106e-21
1.672314908792469214e+04 1.132253910628448909e-20 7.632465487533037317e-21
1.672944876369140911e+04 1.042253507840371717e-20 7.164722444377891415e-21
1.673574838765458480e+04 7.235460296710039097e-21 9.038005566653847049e-21
1.674204795977581307e+04 1.518655982980187243e-20 7.453532604381378493e-21
1.674834748002046399e+04 2.337198425550667595e-20 6.820747070516452190e-21
1.675464694837572097e+04 1.335088246885073500e-20 7.735836145405218778e-21
1.676094636480148620e+04 1.320839427819810226e-20 7.248618867278261014e-21
1.676724572926906330e+04 1.829880633336182515e-20 7.934219132711568766e-21
1.677354504175728653e+04 1.983912896111032989e-20 7.187705557701567832e-21
1.677984430223456002e+04 2.872318825094504094e-20 8.512390856004263814e-21
1.678614351066858580e+04 4.072676119516111056e-20 8.562497764706299007e-21
1.679244266703111862e+04 9.875639948761325516e-21 7.887041055074382695e-21
1.679874177129968666e+04 9.693155779251325632e-21 7.840573812163859190e-21
1.680504082344243579e+04 9.975383022083904822e-21 7.869347658007699510e-21
1.681133982342103263e+04 6.817966678617912898e-21 7.257738909876352347e-21
1.681763877122373378e+04 -6.794561944936056271e-21 7.408753525825460634e-21
1.682393766681240959e+04 2.092218504153961102e-20 8.311991914012551031e-21
1.683023651015255382e+04 1.971067788511368290e-21 8.196393341979083705e-21
1.683653530122856682e+04 1.221715651018488964e-20 8.686500890348826554e-21
1.684283404000510927e+04 2.263813369031306366e-21 8.017810666818490489e-21
1.684913272645212055e+04 -1.316644792802139262e-20 7.857309387586194454e-21
1.685543136053994385e+04 1.950484052532798865e-20 7.664408561815222725e-21
1.686172994224366630e+04 2.556215090753151193e-20 7.953771258202765049e-21
1.686802847153364928e+04 1.398129650403539571e-20 7.886978422775413669e-21
1.687432694837758754e+04 9.519698798176450766e-21 8.126074860211956985e-21
1.688062537274868009e+04 5.532832840826454818e-21 8.035768437185139035e-21
1.688692374461819782e+04 1.129376529126291412e-20 7.920803922747228383e-21
1.689322206396004185e+04 1.437900214859860590e-20 8.456512101983402345e-21
1.689952033073925486e+04 2.149376915855883958e-20 8.388235595193487281e-21
1.690568158847176528e+04 2.371856723151283320e-20 7.628517825809911017e-21
1.691197973734830521e+04 7.473588154721953497e-21 8.237672317006065045e-21
1.691827783356374130e+04 1.420682591472832532e-20 7.921959321171376912e-21
1.692457587709988002e+04 1.986367507235195881e-20 8.425895989796294122e-21
1.693087386792577308e+04 1.301248569079285411e-20 8.441663246547692914e-21
1.693717180601858854e+04 2.904135670004860690e-20 8.017201803611385004e-21
1.694346969134920073e+04 9.657252202423715472e-21 8.273222549529029669e-21
1.694976752388651221e+04 1.422796453888596651e-20 8.644121355735108438e-21
1.695606530359896351e+04 1.340349733358361911e-20 8.116771437987757143e-21
1.696236303046187822e+04 2.383879735937290544e-20 7.932151272482148226e-21
1.696866070444388242e+04 1.224302342695522191e-20 8.120961828378903619e-21
1.697495832551881904e+04 1.642093079274535350e-20 8.434020841950065285e-21
1.698125589364919142e+04 1.908768179882799081e-20 8.131356817401475934e-21
1.698755340881279335e+04 2.505292872587778335e-20 8.766389123943777628e-21
1.699385087097439464e+04 4.102159072532048372e-21 9.074539863406180835e-21
1.700014828011514328e+04 1.835757916366348929e-20 8.574341385140895522e-21
1.700644563619725159e+04 4.778330906360793451e-21 7.884292075180061193e-21
1.701274293919466800e+04 6.434319130842133507e-21 8.729049224909182497e-21
1.701904018907246791e+04 2.033310228924560776e-20 7.698894872553990417e-21
1.702533738580797217e+04 1.951249250641016247e-21 7.820832044543310111e-21
1.703163452937277543e+04 6.612286961561363299e-21 7.504669004960383924e-21
1.703793161973313545e+04 1.239805982205672703e-20 8.179158568202950475e-21
1.704422865687782178e+04 2.844504839587609047e-20 8.279413214843472469e-21
1.705038839156231188e+04 2.894882559778395225e-20 8.159176028319733986e-21
1.705668530939370248e+04 4.923283817578633216e-21 8.624686310462378440e-21
1.706298217389951969e+04 2.883046012905647855e-21 8.928169246146205522e-21
1.706927898505884878e+04 1.153536205111069695e-20 8.113973418728817453e-21
1.707557574283364011e+04 1.725290374163409792e-20 8.065414349909913126e-21
1.708187244720076706e+04 1.258343430953066157e-20 8.680167419190993501e-21
1.708816909812632730e+04 1.334935769746488017e-20 8.128011512507040411e-21
1.709446569557864859e+04 1.643932598708372531e-20 8.305882592084856680e-21
1.710076223953445879e+04 1.420341498368343809e-20 8.119896095590587278e-21
1.710705872996227117e+04 3.019215000310020270e-20 8.165994739131955396e-21
1.711335516683005699e+04 1.438938616370863480e-20 7.854363066583477846e-21
1.711965155010814851e+04 2.620764933614976417e-20 7.863573978985711903e-21
1.712594787976928637e+04 1.686398199938034321e-20 7.273455937196228691e-21
1.713224415578232220e+04 2.544910520420148718e-21 7.535724092976015409e-21
1.713854037811674061e+04 2.019661641900025977e-20 8.334551686589802894e-21
1.714483654674272111e+04 2.762350235478039457e-20 8.265335784289173618e-21
1.715113266163484514e+04 6.782795221538419275e-22 8.100313469178010641e-21
1.715742872275913396e+04 3.717357035942628832e-21 8.239901470546696201e-21
1.716372473008550878e+04 1.253746423618787032e-20 8.089508220465958960e-21
1.717002068358658653e+04 2.123537371657655322e-20 7.718782915071827667e-21
1.717631658323369265e+04 9.569877231267210453e-21 7.659870546941835982e-21
1.718261242899113131e+04 1.006827425375632999e-20 7.692384773577743591e-21
1.718890822083382227e+04 1.518292382383324096e-21 7.741871730656339353e-21
1.719520395873055531e+04 2.294997380237690922e-20 8.229556155957435087e-21
1.720149964265258313e+04 1.520947231090065912e-20 7.620357297568663230e-21
1.720779527256790243e+04 1.950576569528217835e-20 8.705328171031140327e-21
1.721409084844958124e+04 1.023534814870047390e-20 7.994914453911420021e-21
1.722038637026237484e+04 3.723765215663506075e-20 7.756622124816463991e-21
1.722668183798294558e+04 7.294257647795484018e-21 7.841375615655631609e-21
1.723297725157551758e+04 1.079529016195681118e-20 7.683765704715525747e-21
1.723927261101257682e+04 3.513445101450921797e-20 7.668768983322850870e-21
1.724556791626496124e+04 2.439559507870888485e-20 7.826570751224083561e-21
1.725186316730048202e+04 1.658838606752487520e-20 7.796688921071973894e-21
1.725815836409029362e+04 2.977898755512476247e-20 8.048011530107934572e-21
1.726445350660619079e+04 2.093339075617727516e-20 8.398213359685633938e-21
1.727074859481617023e+04 1.837748250117718765e-20 7.787534309517637499e-21
1.727704362868655517e+04 1.656694556386758124e-20 7.498413804542991124e-21
1.728333860819386246e+04 2.357508208290725916e-20 8.237105980533246871e-21
1.728963353330250902e+04 2.396531180468148082e-21 7.516873693605251312e-21
1.729592840398314002e+04 1.018606412632194117e-20 7.726359383927003343e-21
1.730222322021023501e+04 1.819684808831418954e-20 7.686624229089107195e-21
1.730851798195024094e+04 9.657601816828890246e-21 7.866241752900141099e-21
1.731481268916802946e+04 -6.774569066073165430e-21 8.258875973306319926e-21
1.732110734184272951e+04 1.294251850799338588e-20 7.962229134345773367e-21
1.732740193993939829e+04 1.972701921753124790e-20 8.036216775172015464e-21
1.733369648342759683e+04 -4.860032384007424128e-21 7.772760570892772125e-21
1.733999097227608581e+04 7.798007792809930930e-21 7.575848731608488339e-21
1.734628540645653993e+04 1.889006678209876760e-20 7.712671143331652443e-21
1.735257978593528969e+04 4.925950706659770509e-20 8.556219648165396476e-21
1.735887411068660003e+04 2.982678740499694722e-20 7.964668903993394267e-21
1.736516838067743447e+04 7.818395519280832824e-21 7.498959566477463188e-21
1.737146259587541499e+04 7.839186486254411228e-21 7.459746705235869188e-21
1.737775675625455551e+04 7.485989230057095080e-21 8.714654755747733973e-21
1.738405086178191777e+04 1.908909475137398873e-20 9.288449422148622903e-21
1.739034491242728109e+04 4.226826333562257631e-20 8.583797318790395499e-21
1.739663890815994091e+04 1.875734337903080912e-20 8.207426999034882855e-21
1.740293284894821772e+04 2.525268779259044158e-20 8.378017166024786698e-21
1.740922673476517230e+04 1.726749822364955424e-20 8.061000818654687231e-21
1.741552056557535616e+04 1.250568390710994031e-20 7.663805023483676922e-21
1.742181434135181553e+04 4.142737303759391054e-20 8.078112770712029025e-21
1.742810806206300913e+04 9.452807636932402437e-21 7.987412503116444777e-21
1.743426366937141211e+04 3.275836730391705415e-20 8.092241340878064582e-21
1.744055726705569759e+04 1.416375578609501319e-20 7.708818378322484920e-21
1.744685080956320962e+04 2.209427472194888663e-20 7.932398152297039742e-21
1.745314429688328892e+04 1.099575313923383988e-20 7.943616361478225885e-21
1.745943772897886083e+04 1.177220903564652223e-20 8.232760757021314018e-21
1.746573110582796289e+04 3.555003504680588465e-20 8.335724174555522947e-21
1.747202442739304024e+04 1.126282358395852398e-20 8.179735177813199776e-21
1.747831769364576030e+04 1.650172554747550415e-20 7.856838313962793792e-21
1.748461090455516751e+04 2.483923688987618162e-20 7.387923291220323524e-21
1.749090406009043363e+04 2.635623004603029045e-20 7.637378736120019954e-21
1.749719716022094144e+04 1.832245111305478733e-20 7.801702752884209058e-21
1.750349020491776537e+04 6.684206067302467971e-21 7.600170844973382664e-21
1.750978319414571888e+04 1.980895115807336559e-20 7.229637935634505222e-21
1.751607612787619291e+04 -2.408380377893487726e-21 7.324138758876146927e-21
1.752236900607919233e+04 8.416331754891614071e-21 8.018422728291891509e-21
1.752866182872395439e+04 -2.501886708697238136e-21 7.894874364891046247e-21
1.753495459577616930e+04 -8.626997125025926813e-21 7.387284072664853462e-21
1.754124730720798834e+04 7.348353018308260447e-22 7.663710692970607974e-21
1.754753996298869242e+04 1.448426633618076743e-20 7.363242544827026496e-21
1.755383256308603814e+04 2.093320277063186656e-20 8.043729290458629862e-21
1.756012510746655607e+04 2.929889895339261881e-20 7.899046486629175330e-21
1.756641759612125315e+04 2.023326642886698457e-20 7.984877135025240868e-21
1.757257168830150113e+04 2.708663705552534096e-20 8.022741243508119955e-21
1.757886405250271127e+04 7.417085044275752120e-21 7.763949652943501751e-21
1.758515636086513405e+04 1.290853228588446342e-20 7.824281387971168441e-21
1.759144861335753012e+04 1.466389820610782843e-20 7.150779467569019785e-21
1.759774080994743781e+04 1.649480294558056411e-20 7.867869443161258719e-21
1.760403295060506571e+04 1.362535063890017905e-20 8.286872552252407381e-21
1.761032503529440510e+04 2.596324880098921322e-20 9.080172616148037406e-21
1.761661706399000832e+04 1.378046094955265629e-20 7.865596172366276949e-21
1.762290903665734731e+04 2.654947488276195067e-20 7.471533058973163672e-21
1.762920095326726732e+04 1.938952926965893666e-20 7.513300228002588369e-21
1.763549281378503292e+04 3.207324028399705545e-20 8.018884699793108191e-21
1.764178461818417054e+04 1.416066219195919318e-20 7.518696427000612360e-21
1.764807636643193109e+04 1.919874894417195691e-20 7.469595885384267449e-21
1.765436805849242955e+04 1.133780608917896439e-20 7.819557465746842946e-21
1.766065969434259750e+04 2.387716125850436450e-20 7.650080767243076442e-21
1.766695127394139490e+04 3.296973105073512597e-20 7.768554240548846150e-21
1.767324279726582608e+04 2.679184325656217613e-21 7.249814854613442929e-21
1.767953426427748491e+04 8.394139746502208204e-21 8.046106285953915273e-21
1.768582567495166586e+04 2.728080165296187714e-20 7.981699814997920746e-21
1.769211702925011559e+04 8.148659504659424369e-21 8.010118531670782950e-21
1.769840832715078795e+04 1.627936523603836062e-20 8.811475726473140403e-21
1.770469956861242827e+04 -1.022194649086928383e-20 8.659318517547755565e-21
1.771099075360853021e+04 1.599068899340610291e-20 7.833002817428728437e-21
1.771728188210282315e+04 3.752598464634705727e-20 8.026364252854464818e-21
1.772357295407167476e+04 2.571810372213008060e-20 7.767098518470609767e-21
1.772986396947437606e+04 2.594526458942571549e-20 7.797091146380498401e-21
1.773615492828754577e+04 9.490238454657772386e-21 8.187338498260775839e-21
1.774244583047573178e+04 7.964401075556582133e-21 7.395787749362589074e-21
1.774873667600638873e+04 2.413628817652419689e-20 7.888851162642725941e-21
1.775502732354544059e+04 1.698317677471423025e-20 7.407187615433831475e-21
1.776131790118112986e+04 1.242202296107161887e-20 8.226633546529623572e-21
1.776760842206601956e+04 2.603971673531021667e-20 8.521344706295200532e-21
1.777389888617780525e+04 2.219529877817470259e-20 8.460704251026991752e-21
1.778018929347618905e+04 2.089909557986888784e-20 8.102104555834707296e-21
1.778647964393086295e+04 1.823985881852114866e-21 7.344965956138881679e-21
1.779276993751236660e+04 2.399897879061191200e-20 7.933438624050296275e-21
1.779906017418863121e+04 2.779743700926996385e-20 7.991174125490911426e-21
1.780535035392334976e+04 1.268947867939075777e-20 7.780555960463548713e-21
1.781164047669176216e+04 3.854891882815956320e-20 8.500163206890511644e-21
1.781793054245696840e+04 3.661996229549326813e-20 8.028956912753079863e-21
1.782422055118735079e+04 1.331807167264304131e-20 7.808050078624204388e-21
1.783051050285335441e+04 -6.373706042655330140e-21 8.107170665438251668e-21
1.783680039742037479e+04 2.374628386417265074e-20 7.678196470019378215e-21
1.784309023486151636e+04 1.875298565457648512e-20 7.484701860660502193e-21
1.784938001514121061e+04 1.970573503332433785e-20 8.262861089015474110e-21
1.785566973822474756e+04 8.490704165730109776e-21 8.346893724122494596e-21
1.786195940408160095e+04 1.371629202739037156e-20 7.641977648244981813e-21
1.786824901268213216e+04 1.182265594149318206e-20 7.930341191783133729e-21
1.787453856399513825e+04 -1.939887997985027331e-20 7.212862698570145281e-21
1.788082805798285699e+04 2.111241599832641921e-20 7.307250509948156101e-21
1.788711749461917498e+04 1.548724933435217949e-20 7.732318951104518470e-21
1.789340687387048092e+04 2.786922104983925051e-20 7.534916728992973292e-21
1.789969619570124996e+04 9.195526564537543644e-21 7.073690905252349676e-21
1.790598546008418998e+04 3.108656987284614772e-20 7.958226882046781899e-21
1.791227466698077114e+04 6.743397270708617557e-22 7.522956993878501366e-21
1.791856381636383594e+04 9.775336231059003109e-21 7.241165936648815404e-21
1.792485290819999864e+04 3.778670670898385203e-21 7.152627431802410388e-21
1.793100284066716995e+04 2.027146852638081745e-20 7.720296591183208312e-21
1.793729180440349228e+04 2.671553268736989725e-20 8.192513895178694160e-21
1.794358071048079364e+04 2.837185370461792725e-20 7.882261541205466262e-21
1.794986955887590375e+04 4.001045195958623575e-20 7.628366107363858491e-21
1.795615834956106482e+04 9.587449095984919445e-21 8.224117720931316572e-21
1.796244708250649273e+04 1.091757863304758281e-20 8.011296563564171822e-21
1.796873575767504371e+04 2.965974588414575384e-20 8.150179001962403850e-21
1.797502437504003319e+04 2.314393529755339062e-20 8.144329545203140614e-21
1.798131293456452477e+04 6.133417830123728315e-21 7.988519829378358816e-21
1.798760143621481620e+04 7.665459807628128479e-21 7.522790416805511528e-21
1.799388987996182550e+04 1.258326892593866599e-20 7.605812162762639759e-21
1.800017826577213054e+04 4.015578588163238788e-20 7.735281307212289733e-21
1.800646659361670390e+04 1.814304501058143602e-20 7.422376789614129849e-21
1.801275486345459285e+04 1.280726369607349673e-20 7.715513722747407838e-21
1.801904307526162665e+04 1.018090727489386671e-20 7.437009750979950584e-21
1.802533122900057060e+04 3.632110673292186477e-20 7.784126166729437424e-21
1.803161932463740595e+04 1.752889055731659907e-20 7.684298628349193048e-21
1.803790736214322897e+04 2.361558024294212087e-20 7.577314807841940865e-21
1.804419534148671664e+04 5.470503742065884476e-21 7.647953986567419174e-21
1.805048326264831485e+04 6.496943396852769417e-21 7.188542646069500495e-21
1.805677112704426690e+04 1.934782959195779310e-20 7.598464611621328752e-21
1.806291955666329886e+04 -8.679286191434022952e-21 7.328649095595699516e-21
1.806920729006672627e+04 9.869652289716256885e-21 8.551301966325755389e-21
1.807549496513775375e+04 2.417208080230378092e-20 7.956510189047954004e-21
1.808178258184890001e+04 -4.763294780938374924e-21 8.214383091167351110e-21
1.808807014015995082e+04 2.137473004304156798e-20 7.904817944442448282e-21
1.809435764004774319e+04 2.829118249559737402e-20 7.916139628751535852e-21
1.810064508146971639e+04 2.009991605732671380e-20 8.320503373850165435e-21
1.810693246440051735e+04 1.803069747474081401e-20 8.090905528776128300e-21
1.811321978880710958e+04 2.576597911992245244e-20 8.531418366062272339e-21
1.811950705465165447e+04 5.879182947881395610e-21 8.465387405600989509e-21
1.812579426190385129e+04 1.312293197631539079e-20 7.664271252492958396e-21
1.813208141053318468e+04 1.907294380677901060e-20 7.989619812325501458e-21
1.813836850049906570e+04 1.957861807808779103e-20 8.355127645167363249e-21
1.814465553177994661e+04 8.087787836685405464e-21 8.021786319321362615e-21
1.815094250433535490e+04 2.129659370020347605e-20 7.644075950623409382e-21
1.815722941813072612e+04 9.853849547545270502e-21 8.115482612730448008e-21
1.816351627313827703e+04 7.400409093555613412e-21 8.137689993800094434e-21
1.816980306931745508e+04 -6.741598200556055520e-21 7.432385152170880151e-21
1.817608980664496994e+04 4.776469693282851842e-21 7.574958413009225633e-21
1.818237648508030543e+04 2.665012407717043200e-20 8.004557889243572136e-21
1.818866310459794840e+04 2.386850264355142280e-20 7.754569446049236538e-21
1.819494966515462147e+04 2.262691170224758157e-20 8.099820551254878048e-21
1.820123616672205026e+04 1.134233399665197693e-20 8.099955149124316054e-21
1.820752260926848248e+04 1.851767150177497857e-20 7.991675261205055523e-21
1.821380899276072887e+04 -2.946656344545611352e-21 7.795262853460135297e-21
1.822009531716398124e+04 1.174645381739501202e-20 8.725843504153072648e-21
1.822638158244526494e+04 3.333768714277964345e-20 8.626232436168167853e-21
1.823266778856877863e+04 5.437565930345632836e-21 8.182630585017195167e-21
1.823895393550482549e+04 2.930604647984075820e-20 7.537583376415657845e-21
1.824524002322013621e+04 8.103397548572261781e-21 7.763257959853031535e-21
1.825152605168021182e+04 1.094648491256567030e-20 8.238278144094601859e-21
1.825781202085162295e+04 1.717672694998482512e-20 8.133312395145616837e-21
1.826409793069953957e+04 8.091355686035416737e-21 8.014900471283747978e-21
1.827038378119077606e+04 2.653911931941773766e-21 7.440797053033837349e-21
1.827666957229951004e+04 1.395509390368190469e-20 7.445454796410680735e-21
1.828295530398061965e+04 2.634256494116469360e-20 7.788859427868032980e-21
1.828924097620589237e+04 2.685074279174798886e-20 8.217395837271719193e-21
1.829552658894314300e+04 1.487348690282698119e-20 7.994605393077392513e-21
1.830181214215873842e+04 1.571593524447261808e-20 8.371979087276300351e-21
1.830809763581653897e+04 1.733104758406987633e-21 9.095628304098042240e-21
1.831438306988185286e+04 1.774547032671597220e-20 7.760097003487121626e-21
1.832066844432875587e+04 3.898304991511221922e-21 8.522454545773518824e-21
1.832695375911699011e+04 9.967047540493093647e-21 7.991760905932886263e-21
1.833323901421315895e+04 -6.916753700552752977e-21 8.155546219066319259e-21
1.833952420958492439e+04 -5.416860732464156407e-21 7.751326459749836089e-21
1.834580934519719085e+04 1.442061403221569009e-20 7.990043200226187131e-21
1.835209442102134926e+04 4.747012145990184037e-20 8.707145314342913335e-21
1.835837943701871336e+04 2.646547845462420454e-20 8.468598452932627749e-21
1.836466439315555544e+04 3.573587072636900627e-20 8.488828978457184384e-21
1.837094928939910096e+04 3.049627335440812694e-20 7.821492981047357500e-21
1.837723412571712106e+04 8.383334089630971100e-21 8.176332992777596782e-21
1.838351890207452016e+04 -1.941777270008880380e-21 9.064138501125260920e-21
1.838980361843634819e+04 1.703339817742244843e-20 8.701581203564511740e-21
1.839594818231588943e+04 1.172532379202655391e-20 8.566238381249273586e-21
1.840223276557630015e+04 1.538863060463578002e-20 8.049801582849996297e-21
1.840851728871999148e+04 1.040727498132935025e-20 7.546525588235755056e-21
1.841480175173344469e+04 1.785831693987492309e-20 8.396850811701965783e-21
1.842108615457898850e+04 3.278139635812513087e-20 1.018617707196863841e-20
1.842737049722653683e+04 2.217225156001361814e-20 9.023592964483549454e-21
1.843365477964084494e+04 1.592855156998971500e-20 8.218726296091581546e-21
1.843993900178898548e+04 4.042611980771987644e-21 8.446445351675665674e-21
1.844622316363330538e+04 1.821503140616486393e-20 8.417804617981883191e-21
1.845250726514356575e+04 1.512817657260346678e-20 9.014012311263536590e-21
1.845879130628562780e+04 1.230022246326135807e-20 8.805386846098472443e-21
1.846507528702276977e+04 1.393912309766555062e-20 9.799363817382700998e-21
1.847135920732233353e+04 2.502773863366817721e-20 8.660156411832836676e-21
1.847764306715266866e+04 2.604291533401225000e-20 8.935669633758083066e-21
1.848392686647443043e+04 2.507233560866693137e-20 8.944502817522297041e-21
1.849021060525725625e+04 1.014726003372692473e-20 9.174762303512427481e-21
1.849649428346456261e+04 3.275936094778736405e-20 8.585677388526301342e-21
1.850277790106581233e+04 2.301449557795673805e-20 8.502408800277206300e-21
1.850906145802159881e+04 1.368347336131760644e-20 8.606252899053485172e-21
1.851534495431995674e+04 2.336756161942580435e-21 8.659266201146201793e-21
1.852148803655055235e+04 6.228138708995022760e-22 8.841431255530190867e-21
1.852777139831530803e+04 1.439027413264430488e-20 8.317632589123654558e-21
1.853405469929976243e+04 1.139279261637703187e-20 8.053821915745415323e-21
1.854033793946588776e+04 7.987280047743394924e-21 7.895732525027640734e-21
1.854662111878321957e+04 2.439492478981272759e-20 8.339509719341424530e-21
1.855290423721860134e+04 5.554878409892980974e-22 8.401935235145804818e-21
1.855918729472960331e+04 7.759519139644459761e-21 8.731218075409734613e-21
1.856547029129117072e+04 1.424042169816717332e-20 8.464104531431153016e-21
1.857175322686488289e+04 2.667908001492432201e-21 7.944793318032139112e-21
1.857803610141476747e+04 4.080316831389429586e-21 8.605324414977736212e-21
1.858431891490635826e+04 1.960941732812693061e-20 8.855850863578215631e-21
1.859060166730916899e+04 2.333641620072611885e-20 7.696280917904438918e-21
1.859688435858865705e+04 -8.926396877104874249e-21 7.972336082111558947e-21
1.860316698870206892e+04 5.857783010474130990e-21 8.250519619599751351e-21
1.860944955762159952e+04 1.013481928635665206e-20 8.190218392002033919e-21
1.861573206531530741e+04 -2.272486310153005335e-21 8.161902333788908279e-21
1.862201451173658643e+04 -1.435228387175334249e-20 7.916550569651216080e-21
1.862829689686645361e+04 -4.911637339563726154e-21 8.303618139064681917e-21
1.863457922066251194e+04 -1.020527709555754882e-20 8.331546600876279940e-21
1.864086148308335760e+04 -5.824440430821276466e-24 8.245415512242340702e-21
1.864714368410486713e+04 2.709767057778135364e-20 8.508956366086462907e-21
1.865342582369078809e+04 8.284956676490229954e-21 8.025525828169169270e-21
1.865970790179853066e+04 4.199813219741959272e-21 8.266308761453340473e-21
1.866598991840129020e+04 7.565451132628720568e-21 8.337910486847332547e-21
1.867227187346147548e+04 5.358049485041449877e-21 8.322333436299560021e-21
1.867855376694683582e+04 1.126652241738255123e-20 7.848314521389466640e-21
1.868483559881463589e+04 4.784349790320851547e-21 8.253897360997869254e-21
1.869111736903932979e+04 -3.845911347322792252e-23 8.080474163182044303e-21
1.869739907758455229e+04 1.041550566490297722e-20 8.368713013168813316e-21
1.870368072440596370e+04 -4.986791955324069773e-21 8.478532619206586277e-21
1.870996230947675213e+04 2.145659935457098057e-20 8.335727357372781849e-21
1.871624383276598019e+04 6.967462939914631985e-21 7.762957753536136770e-21
1.872252529422906809e+04 6.789780781453494207e-21 7.785069727251741489e-21
1.872880669383372151e+04 -1.687869017607872167e-20 7.988174718767338983e-21
1.873508803155171336e+04 1.263693611283184888e-20 8.339202664158275918e-21
1.874136930733852932e+04 1.159923157637789070e-20 8.037845181136912282e-21
1.874765052116565857e+04 1.280882561953334233e-20 7.901463067424145110e-21
1.875393167299263587e+04 2.192738296632138948e-20 8.955895198575097497e-21
1.876021276278710866e+04 -6.585612028266361172e-21 8.261498072310065234e-21
1.876649379051930373e+04 3.291086250779637366e-20 8.777237331536953597e-21
1.877277475614034847e+04 2.190540637901272523e-20 8.645308169210205652e-21
1.877905565962591572e+04 2.050705016984792501e-20 8.842659826324828453e-21
1.878533650094629411e+04 2.619635577531915624e-20 9.270793358418560195e-21
1.879161728004723045e+04 1.551412173825170120e-20 9.231947601805756272e-21
1.879789799691226654e+04 1.613339092790336648e-20 8.631663682344771986e-21
1.880417865149259524e+04 1.086067445491388724e-20 1.104622639826363540e-20
