9.797157985579186061e+03 1.959209790058080094e-20 2.494038731962542672e-20
9.803504985385110558e+03 1.580019039608279072e-20 1.683030943279859448e-20
9.809851954300142097e+03 2.777008767944134173e-20 1.789022227717775427e-20
9.816198892317881473e+03 7.799743500271622794e-20 1.811098366188926186e-20
9.822545799419065588e+03 7.139610343248226964e-20 1.707982259222829575e-20
9.828892675576649708e+03 2.238457333593489737e-20 1.593550233070531988e-20
9.835239520784250999e+03 5.998995299049446042e-20 1.634443909522846178e-20
9.841586335027672249e+03 8.565666017072195038e-20 1.515482258383473123e-20
9.847933118279934206e+03 7.110297892321019859e-20 1.517857847181354379e-20
9.854279870529482650e+03 2.801679133568537260e-20 1.593133163689263475e-20
9.860626591759588337e+03 2.274186611229057383e-20 1.551047484677602062e-20
9.866973281953542028e+03 2.240767126092674203e-20 1.474631083630362341e-20
9.873319941097190167e+03 1.724509222599580096e-20 1.447509123222178535e-20
9.879666569171209630e+03 4.339889824506335341e-20 1.486655603176075764e-20
9.886013166156259103e+03 7.660813858116542003e-20 1.549933180373848239e-20
9.892359732035545676e+03 3.423206038484962276e-20 1.497321180034965513e-20
9.898706266800130834e+03 5.142863183275508620e-20 1.486716654402771362e-20
9.905052770425489143e+03 5.055639507699007425e-20 1.424926776350786951e-20
9.911399242897474323e+03 2.450303226817986559e-20 1.431077450082429684e-20
9.917745684199328025e+03 1.172581641021388101e-20 1.516490785981163684e-20
9.924092094314271890e+03 4.114954385001568814e-20 1.371286065169506907e-20
9.930438473228170551e+03 2.631227048955227673e-20 1.357829996009950184e-20
9.936784820919019694e+03 5.852449776755230674e-20 1.348634300673683397e-20
9.943131137370026408e+03 6.453284725419662250e-20 1.511025999174235349e-20
9.949477422569570990e+03 3.162147170185676757e-20 1.450968395244496694e-20
9.955823676498324858e+03 3.601686669568607576e-20 1.382786483434158592e-20
9.962169899139515110e+03 5.069399632303426293e-20 1.589913235626799347e-20
9.968516090473713120e+03 6.840878622448690290e-20 1.444515561959913135e-20
9.974862250491993109e+03 5.051025483211255059e-20 1.367912468060598582e-20
9.981208379167070234e+03 5.484910899117309648e-20 1.447356361149490399e-20
9.987554476487366628e+03 5.076877258728728516e-20 1.430018591070244882e-20
9.993900542441338985e+03 3.674968564240102121e-20 1.522409193634268332e-20
1.000024657700420357e+04 4.753563244867579212e-20 1.471214672255515843e-20
1.000659258016184867e+04 6.114718487353234236e-20 1.544186339142307661e-20
1.001293855189482747e+04 2.918693011461139086e-20 1.582801509611952140e-20
1.001928449218893365e+04 2.600983995814269904e-20 1.502153223194281348e-20
1.002563040102998639e+04 4.740853513813351205e-20 1.461347458907335745e-20
1.003197627839586676e+04 2.562880102638920366e-20 1.449805882193074899e-20
1.003832212427501145e+04 4.117293475213540773e-21 1.399524250279822012e-20
1.004466793864529609e+04 2.256700185623730716e-20 1.395617565801409126e-20
1.005101372149242343e+04 6.176169017857160994e-20 1.494254214058107728e-20
1.005735947280226901e+04 2.852805972381960937e-20 1.384129093279274414e-20
1.006370519255534418e+04 5.125182468943543225e-20 1.465895651863428617e-20
1.007005088073212391e+04 5.785670329823040119e-20 1.437632357599161115e-20
1.007639653731839644e+04 2.116211043095656334e-21 1.437505771202129175e-20
1.008274216229994272e+04 3.331735255534031326e-22 1.424384529558789780e-20
1.008908775565458200e+04 1.537450678762816877e-20 1.364094096429863179e-20
1.009543331737071458e+04 2.490623378589528561e-20 1.299191815975978690e-20
1.010177884742609240e+04 2.258994341763910776e-20 1.265436032284753958e-20
1.010812434580656372e+04 5.186082051155427463e-20 1.416673729192896741e-20
1.011446981249522651e+04 4.136965705053183410e-20 1.410956254864852165e-20
1.012081524747785261e+04 2.174803340105315746e-20 1.417822301593833322e-20
1.012716065073220489e+04 2.849382566592856627e-20 1.285120702013792421e-20
1.013350602224404247e+04 5.732461020348328997e-20 1.324458578700481281e-20
1.013985136199645058e+04 5.158698815629224102e-20 1.346755238201525869e-20
1.014619666997243985e+04 4.676011508890904713e-20 1.361076435680799441e-20
1.015254194615780762e+04 2.916811988284551870e-20 1.345947163761970201e-20
1.015888719052763190e+04 2.302102583597043742e-20 1.412866524150864155e-20
1.016523240307301057e+04 6.939328192774893787e-20 1.463722517145299037e-20
1.017157758377163555e+04 3.636148156755966606e-20 1.353711130216107920e-20
1.017792273261462651e+04 4.400017837475038252e-20 1.292818966946811613e-20
1.018426784957698874e+04 5.811845790961456532e-20 1.365201504452944410e-20
1.019061293464440678e+04 2.573831082969494281e-20 1.345048168435489160e-20
1.019695798779991310e+04 1.712430715892056990e-20 1.328574726393636487e-20
1.020330300902390991e+04 4.493928860956072104e-20 1.344616026502764665e-20
1.020964799830481388e+04 6.617825206817924679e-20 1.349575457242759924e-20
1.021599295562297266e+04 5.488792422591382229e-20 1.317722588583828634e-20
1.022233788096141325e+04 5.904279399495845091e-20 1.345352912872631263e-20
1.022868277430314629e+04 7.674315419352541107e-20 1.286920074418240948e-20
1.023502763562847031e+04 5.422936743175367498e-20 1.323576959095934807e-20
1.024137246492573104e+04 7.479239110354612795e-20 1.332747138342534395e-20
1.024771726217531977e+04 5.127774597052016141e-20 1.257878123205945038e-20
1.025406202735753504e+04 3.457276427343930606e-20 1.232966490913546875e-20
1.026040676045806867e+04 4.773457681888201051e-20 1.291693051752591639e-20
1.026675146146261977e+04 5.391160933559858864e-20 1.297469874892787750e-20
1.027309613034877475e+04 2.960957596451428096e-21 1.245228284773688621e-20
1.027944076710218178e+04 -1.394349589859931346e-21 1.256780564142616923e-20
1.028578537170847267e+04 -9.347959998342297792e-21 1.301409588930123275e-20
1.029212994414526656e+04 2.450733072965569244e-20 1.394823699750609855e-20
1.029847448440369044e+04 4.418515085072865754e-20 1.451210027029701413e-20
1.030481899245583372e+04 5.429788765993388374e-20 1.416957234601138968e-20
1.031116346829280519e+04 7.201012019085387504e-20 1.439304841065325279e-20
1.031750791189211486e+04 2.818413766206078061e-20 1.312962528741817141e-20
1.032385232323939999e+04 3.767774261846622465e-20 1.440922300767653945e-20
1.033019670231481723e+04 5.323361761864085368e-20 1.364158528723137160e-20
1.033654104910955721e+04 5.884319192002250648e-20 1.248392128921960602e-20
1.034288536360111539e+04 6.811328708773454911e-20 1.344707004401256030e-20
1.034922964576693266e+04 4.677448777476709863e-20 1.330139014370158503e-20
1.035557389559813600e+04 3.685325349307007363e-20 1.288892003348995375e-20
1.036191811307764146e+04 3.465026251905174097e-20 1.312368263747364664e-20
1.036826229818281899e+04 1.118409424645856251e-20 1.244600781849170045e-20
1.037460645089658465e+04 4.806371067861289107e-20 1.353309340263059399e-20
1.038095057121009449e+04 4.032742269006545699e-20 1.180018163882719317e-20
1.038729465909802275e+04 4.967289144326325978e-20 1.191244064621784787e-20
1.039363871454601212e+04 5.532823495721004745e-20 1.303587963500960357e-20
1.039998273753693502e+04 4.555291871639547213e-20 1.275622611210714054e-20
1.040632672805092079e+04 3.021519059056089870e-20 1.238788542171255587e-20
1.041267068607623332e+04 7.730910113787937441e-21 1.263326651047881864e-20
1.041901461159582686e+04 3.359710727508040576e-20 1.208193794315427966e-20
1.042535850458432833e+04 5.043268031760531549e-20 1.248345663094680814e-20
1.043170236503008709e+04 4.280829034731943139e-20 1.289386294993454626e-20
1.043804619292146162e+04 9.430001623373818608e-21 1.301551861666000410e-20
1.044438998823303518e+04 4.406077122118718640e-20 1.269022721712723424e-20
1.045073375094762014e+04 4.779670041717783349e-20 1.244284524383239857e-20
1.045707748105349310e+04 4.772528021165408424e-20 1.205759609791541852e-20
1.046342117852806587e+04 4.366738112785985630e-20 1.261371345022135356e-20
1.046976484335966961e+04 2.910841077741074987e-20 1.197123064583415206e-20
1.047610847552836458e+04 5.523014376353845564e-20 1.280106974873144405e-20
1.048245207501697223e+04 5.027979590577480585e-20 1.285724658840178210e-20
1.048879564180551097e+04 3.150456789716344530e-20 1.219248451115066635e-20
1.049513917587943797e+04 2.861993843777500341e-20 1.197145770068929133e-20
1.050148267722166020e+04 2.037547180379292325e-20 1.228142122432487253e-20
1.050782614581496637e+04 3.511460846978184991e-20 1.249437094720115635e-20
1.051416958164768948e+04 4.702203936906145505e-20 1.232884694738277186e-20
1.052051298469429457e+04 7.561887412014840194e-20 1.282760037328803540e-20
1.052685635493752125e+04 6.020198068112888172e-20 1.176709241025986395e-20
1.053319969236286852e+04 4.515678015037308516e-20 1.308517985983002760e-20
1.053954299695310874e+04 2.054643168048503797e-20 1.257101754871540814e-20
1.054588626869103427e+04 5.145400340812881540e-20 1.250536038472972136e-20
1.055222950755941019e+04 4.268576935323634234e-20 1.228045102762224103e-20
1.055857271354375371e+04 5.569416379230988346e-20 1.265946601796535904e-20
1.056491588662402683e+04 7.174571188871670125e-20 1.315538651772308355e-20
1.057125902677731756e+04 2.850242028165443649e-20 1.187950974738974425e-20
1.057760213399749955e+04 6.027374923662459991e-20 1.237277931076045470e-20
1.058394520825618019e+04 5.300334037542662260e-20 1.287718613647551427e-20
1.059028824954726770e+04 1.124549450352073638e-20 1.197288195195148814e-20
1.059663125784507065e+04 4.862267296209816903e-20 1.220561963351516187e-20
1.060297423313228683e+04 4.021810043687321421e-20 1.160965662364250930e-20
1.060931717539999227e+04 5.329069522864329940e-20 1.119773775895263167e-20
1.061566008461959427e+04 2.412172826032209817e-20 1.156970300884300926e-20
1.062200296078228166e+04 2.706540348836872278e-20 1.145078666987022026e-20
1.062834580386794005e+04 5.177355710666944931e-20 1.163179059428583652e-20
1.063468861385922537e+04 2.748796139522103790e-20 1.169751538628677355e-20
1.064103139073600141e+04 4.275812817963935412e-20 1.253841479237023383e-20
1.064737413449214182e+04 3.968074403387509316e-20 1.289546968464284500e-20
1.065371684509053921e+04 4.490738348472895795e-20 1.246113704568761339e-20
1.066005952253083342e+04 3.500181083825444038e-20 1.162281308537791481e-20
1.066640216679284094e+04 5.131474028904412733e-20 1.143314886809340333e-20
1.067274477784791998e+04 3.752139460766174263e-20 1.218270854204590138e-20
1.067908735569280543e+04 5.168043576583518891e-20 1.192723706498526185e-20
1.068542990030161491e+04 5.936366342905397979e-20 1.244753411792391485e-20
1.069177241166538806e+04 2.045878680890380848e-20 1.132319872814840135e-20
1.069811488973341875e+04 2.665450961827861015e-20 1.133800705643926668e-20
1.070445728400753796e+04 2.695560593648302226e-20 1.139757419956120853e-20
1.071079947399550656e+04 3.627442244005532102e-20 1.273439854194331233e-20
1.071714163066110086e+04 5.011485777242264347e-20 1.179891914603580786e-20
1.072348375399818360e+04 4.591960632774097127e-20 1.177739250428776719e-20
1.072982584398366998e+04 5.673901134378352104e-20 1.192149209101801654e-20
1.073616790059736559e+04 5.782533420352655251e-20 1.222923484690233104e-20
1.074250992382467302e+04 4.658415115103289134e-20 1.119873500276492833e-20
1.074885191365099854e+04 2.543853473606796124e-21 1.147405103552451678e-20
1.075519387005605495e+04 4.584838164012389876e-20 1.164273008509973065e-20
1.076153579301660102e+04 5.643923445049235291e-20 1.174679871096985528e-20
1.076787768252663409e+04 3.139212486475199682e-20 1.140429893888918789e-20
1.077421953856303480e+04 2.528385778516958387e-20 1.102839606601690847e-20
1.078056136110261832e+04 2.024777455796397394e-20 1.087283517755957968e-20
1.078690315013351574e+04 3.813027253156306255e-20 1.105932055974408495e-20
1.079313143572015179e+04 5.232635486244348435e-20 1.092860635335667257e-20
1.079947314279534476e+04 3.428396476664780136e-20 1.104691468766551619e-20
1.080581482100635367e+04 3.500164950975372267e-20 1.178247786399741912e-20
1.081215646567867771e+04 3.974233131756949290e-20 1.056397155195798825e-20
1.081849807676024284e+04 3.441019772587838222e-20 1.104889142458533590e-20
1.082483965422516303e+04 5.764489388084029317e-20 1.170566465515330349e-20
1.083118119805861534e+04 4.151918968653216861e-20 1.143260660045818822e-20
1.083752270824038169e+04 4.066857159744043506e-20 1.194596242846730178e-20
1.084386418476129802e+04 7.189447109554851082e-20 1.201149284400079808e-20
1.085020562759551103e+04 6.333705486645595385e-21 1.120809157179218078e-20
1.085654703673090080e+04 3.307516914462836809e-20 1.178555752735996568e-20
1.086288841213602063e+04 2.984099539248749049e-20 1.258837458576567293e-20
1.086922975381837205e+04 1.496115672503516796e-20 1.104703541125222280e-20
1.087557106173821012e+04 3.410856022036563989e-20 1.054279609268345270e-20
1.088191233588901741e+04 2.657789248125712122e-20 1.065934243266962108e-20
1.088825357625045035e+04 5.967141178053911943e-20 1.077732322082544457e-20
1.089459478279932773e+04 3.217891434402016139e-20 1.071076182898782916e-20
1.090093595553477098e+04 3.698901791878005452e-20 1.062105349170699081e-20
1.090727709441684783e+04 3.098436488186416823e-20 1.062234844269604486e-20
1.091361819944192212e+04 4.457968966518983824e-20 1.092273433178634223e-20
1.091995927059246787e+04 3.244529327471277515e-20 1.088165587259448413e-20
1.092630030784524934e+04 3.138056576068799381e-20 1.157570943620476029e-20
1.093264131119095146e+04 3.579409143144047721e-20 1.109298831048213621e-20
1.093898228060068686e+04 1.681987921302487300e-20 9.947660882625704159e-21
1.094532321605965444e+04 -7.586053158726005062e-21 1.122076291158671924e-20
1.095166411755595254e+04 3.276436184647640702e-20 1.035727380089604673e-20
1.095800498507473640e+04 6.682330111697221835e-20 1.072914584723233212e-20
1.096434581858979982e+04 4.906772164313464255e-20 1.076363779194811034e-20
1.097068661808619254e+04 2.602476487455605309e-20 1.096809346010595071e-20
1.097702738354066059e+04 4.888500754893451791e-20 1.027061507639169396e-20
1.098336811494119866e+04 4.433466849131187534e-20 1.034688929705558929e-20
1.098970881227303653e+04 5.297341351017426841e-20 1.097275978758446979e-20
1.099604947551839541e+04 1.658280975851471846e-20 1.032871446024522232e-20
1.100239010465389219e+04 4.366988140560398663e-20 1.090746854965664397e-20
1.100873069966749063e+04 4.311085597240968496e-20 1.071570192400805512e-20
1.101507126053865613e+04 4.344204055534840343e-20 1.081120034117325015e-20
1.102141178724394740e+04 4.953420298797286904e-20 1.092563096560970553e-20
1.102775227977129907e+04 4.335968134295217418e-20 1.099834224334802292e-20
1.103409273810582818e+04 3.594864072052154250e-20 1.023277265521576704e-20
1.104043316222697285e+04 3.728979959212858769e-20 1.072848492444722840e-20
1.104677355211699796e+04 2.553435116800531610e-20 1.067789642870410475e-20
1.105311390775817017e+04 2.877677007452673790e-20 1.053111816071663627e-20
1.105945422913554830e+04 2.180289042176465538e-20 1.133390419853158501e-20
1.106579451622840497e+04 5.635107822357590373e-20 1.048186618776031937e-20
1.107213476901324248e+04 5.594913228900647552e-20 1.141971833997778674e-20
1.107847498747805730e+04 3.055351928649067141e-20 1.020576381859025922e-20
1.108481517160792828e+04 1.460077443430991866e-20 9.676762934812731787e-21
1.109115532137936498e+04 1.534914405628928482e-20 9.936898988574335779e-21
1.109749543678013652e+04 5.301445468953644858e-20 1.052492460645070571e-20
1.110383551778676156e+04 3.607044481511805604e-20 1.110993791080628526e-20
1.111017556438435167e+04 5.588944746762803288e-20 1.065304088560302788e-20
1.111651557656077421e+04 8.465570464361358993e-20 1.087843957588756931e-20
1.112285555428678708e+04 3.710369231176457351e-20 1.071016053982059337e-20
1.112919549755581284e+04 4.658769333403825280e-20 9.606662931635239731e-21
1.113553540633864577e+04 2.602884150677890977e-20 1.060080736723535381e-20
1.114187528062598722e+04 3.795187355207491552e-20 1.047706507199509692e-20
1.114821512039432491e+04 9.517558705261967569e-21 9.622936995845157480e-21
1.115455492563144435e+04 5.016347059327415963e-20 1.101194363278964693e-20
1.116089469631368593e+04 1.879417809033837216e-20 1.038509683160459817e-20
1.116723443242600479e+04 3.930960163169803667e-20 1.021427922680749445e-20
1.117357413395065851e+04 5.330467633705678118e-20 1.040738031108646339e-20
1.117991380087540892e+04 5.424781528041998598e-20 1.044514715125327781e-20
1.118625343316796534e+04 5.928545341773081343e-20 1.035869361829778717e-20
1.119259303082179213e+04 5.497389409358193809e-20 1.074791758508759130e-20
1.119893259381621283e+04 4.929219904599547842e-20 1.069805786561566857e-20
1.120527212213615348e+04 1.967126394781139460e-20 1.000911745045409824e-20
1.121161161575504593e+04 4.196955761011727717e-20 1.007868642265178823e-20
1.121795107466353875e+04 4.155084255330206173e-20 9.748433169939703285e-21
1.122429049884080268e+04 3.978889338043595600e-20 1.028335519313047066e-20
1.123062988827172194e+04 5.060905037834854888e-20 1.034479231901061662e-20
1.123696924292971744e+04 4.634699926728858928e-20 1.006765311058805323e-20
1.124330856280543230e+04 4.834029702197362279e-20 1.027291675208275506e-20
1.124964784787515237e+04 5.526174302232430843e-20 1.005796636430156931e-20
1.125598709812944435e+04 3.451102257927841385e-20 9.865309902598461046e-21
1.126232631353886791e+04 3.700156903275679290e-20 9.732341159549254711e-21
1.126866549409978325e+04 1.276324327244518632e-20 9.356148594321726168e-21
1.127500463972577381e+04 2.968131521055632940e-20 9.996162428517218705e-21
1.128122949351919306e+04 2.788536751035174249e-20 9.867502336082559554e-21
1.128756855922413706e+04 3.298452214370206445e-20 1.058519608532660462e-20
1.129390758999347054e+04 3.830425631285622541e-20 1.015352695022404755e-20
1.130024658581810399e+04 3.932281083555597970e-20 1.035941273290768188e-20
1.130658554667398857e+04 3.048960950917386414e-20 9.961750627083393478e-21
1.131292447254889157e+04 6.212478157656938518e-21 1.091307416573337283e-20
1.131926336342188551e+04 3.692688745473691584e-20 1.003197363871351706e-20
1.132560221927489692e+04 3.343615739859901862e-20 9.478829467954932964e-21
1.133194104008383692e+04 4.497794215583029702e-20 9.596554373207855999e-21
1.133827982584254460e+04 5.704867583034746181e-20 1.005176515342680394e-20
1.134461857652685103e+04 4.359473825983014597e-20 1.002500971633475621e-20
1.135095729211874095e+04 3.330329921893414216e-20 9.945583163107420040e-21
1.135729597259711045e+04 4.510497377837726788e-20 9.371138789532003813e-21
1.136363461794680734e+04 6.273442787505322124e-20 1.018537307790051548e-20
1.136997322815260850e+04 1.958879986983053276e-20 1.007363496501480171e-20
1.137631180319038504e+04 1.863657297597258479e-20 9.752689936957070232e-21
1.138265034304806795e+04 4.214622469540217535e-20 9.367891995907077534e-21
1.138898884770145378e+04 3.929635969133301886e-20 9.193845471690367728e-21
1.139532731713840803e+04 2.103119718682192779e-20 1.012460543859978399e-20
1.140166575133153856e+04 5.385514950374613372e-20 9.788856910558507183e-21
1.140800415027185954e+04 2.474866157936521845e-20 9.826830109501945200e-21
1.141434251394119201e+04 3.727749335679673506e-20 9.408790064321139530e-21
1.142068084231528337e+04 2.263286593656785289e-20 9.905417170231176808e-21
1.142701913537583823e+04 3.277949738286954165e-20 1.001849045752297131e-20
1.143335739311672114e+04 2.876732366287061764e-20 9.547763045715131237e-21
1.143969561550163780e+04 4.013971812704906062e-20 9.927806645001080481e-21
1.144603380252142961e+04 4.046735667073044562e-20 1.005852085530951620e-20
1.145237195416391296e+04 2.363688084303961793e-20 9.554084565296227735e-21
1.145871007040159202e+04 3.626094963776656018e-20 9.402667330884571961e-21
1.146504815121936190e+04 4.764034362059821807e-20 9.422616178876377786e-21
1.147138619659593678e+04 1.791004084391226853e-20 9.194565687713532882e-21
1.147772420652215806e+04 3.966126187612841393e-20 9.426122128766107669e-21
1.148406218096750308e+04 3.452556685243157142e-20 9.699337927905440860e-21
1.149040011992276777e+04 3.021036416970311375e-20 9.581352120839658238e-21
1.149673802336671179e+04 4.327475407142923335e-20 9.099227144939913926e-21
1.150307589127797473e+04 4.275033544433329147e-20 8.949315517646966349e-21
1.150941372364432755e+04 4.926848613338557860e-20 8.488688070675693219e-21
1.151575152044422612e+04 1.735848426809021139e-20 9.313097780706830303e-21
1.152208928165949692e+04 3.771349703767854028e-20 9.627313083547430964e-21
1.152842700727180272e+04 4.109067189448552007e-20 9.711354373930428545e-21
1.153476469725972674e+04 3.352716168639380381e-20 9.269515801539829827e-21
1.154110235160787306e+04 3.789036529772217658e-20 9.250899491343116160e-21
1.154743997030093851e+04 2.989631376501617902e-20 9.026994530469687187e-21
1.155377755331451772e+04 3.461390442253339164e-20 9.690079537891283099e-21
1.156011510063632522e+04 4.788103764847189029e-20 9.304826432100490058e-21
1.156645261224181741e+04 3.946528233066471450e-20 9.333265623819929903e-21
1.157279008811553831e+04 5.099524931184464511e-20 9.764174955609378428e-21
1.157912752824535346e+04 4.795754671190939547e-20 9.395349880512392268e-21
1.158546493259750969e+04 5.024274216731549517e-20 9.469945789273740984e-21
1.159180230116583152e+04 3.084924158166710039e-20 8.810946847568078766e-21
1.159813963392867663e+04 3.279356057535578896e-20 9.174235025233206367e-21
1.160447693086771324e+04 1.684294536638375333e-20 8.885070181399338781e-21
1.161081419196758725e+04 4.113582442090264768e-20 9.488907496100153902e-21
1.161715141720368229e+04 3.644026650022935788e-20 9.245108423123433879e-21
1.162348860656050965e+04 4.535078129409978603e-20 8.934715819498450853e-21
1.162982576002267888e+04 3.838855673286108038e-20 8.888823306537928804e-21
1.163616287756560996e+04 4.530038958150713728e-20 9.861219372773567253e-21
1.164249995917389060e+04 2.740136477030087969e-20 9.310661023165139082e-21
1.164883700482588756e+04 2.896781836943045392e-20 9.155884642821118745e-21
1.165517401451224396e+04 1.841194250806681970e-20 9.083128186353379136e-21
1.166151098820531661e+04 3.267743014968420552e-20 8.879861766282782474e-21
1.166784792588655364e+04 4.662203147922624626e-20 9.321006297789271438e-21
1.167418482754669640e+04 4.581238877131415885e-20 8.918986196896710834e-21
1.168052169315773426e+04 4.776563370857490548e-20 8.497115586134620271e-21
1.168685852270438045e+04 1.657286506989317145e-20 8.862551458520890305e-21
1.169319531616496351e+04 5.109676318454827873e-20 9.108269022822218749e-21
1.169953207352400023e+04 4.406495833888652545e-20 8.490432195378287231e-21
1.170586879476585818e+04 4.529249426184524073e-20 9.317516780934687719e-21
1.171220547986584461e+04 4.232730672134754211e-20 9.310012618559824508e-21
1.171854212881160674e+04 2.053951175109476325e-20 9.125544922719594799e-21
1.172487874157830993e+04 3.762699995400382948e-20 8.943839032853290739e-21
1.173121531815343405e+04 4.295460966962274448e-20 9.011785882129235638e-21
1.173755185851528768e+04 4.257043641698917178e-20 9.352413408482038678e-21
1.174388836264218298e+04 2.214302390567824676e-20 9.026883990860390713e-21
1.175022483052168718e+04 4.109831327538497830e-20 9.653614466721887523e-21
1.175656126212884010e+04 1.308163656828711903e-20 8.682297013127881994e-21
1.176289765744806391e+04 3.094345393640034481e-20 9.163865017676520491e-21
1.176923401646390812e+04 2.940354509060568705e-20 8.986260506085703898e-21
1.177557033915455759e+04 2.298958022025459490e-20 8.774070455762956474e-21
1.178190662549501576e+04 3.861897908609276795e-20 8.938657197068483412e-21
1.178824287547901622e+04 6.259499753550240933e-20 8.909286286734732650e-21
1.179457908908170793e+04 4.771828859033015917e-20 8.768319790587211201e-21
1.180091526628125030e+04 3.819247004776384057e-20 9.240751686246430075e-21
1.180725140706197999e+04 4.149619054160206532e-20 9.063681371146698294e-21
1.181358751140820277e+04 3.367317226473200228e-20 9.480077814923260360e-21
1.181992357929504396e+04 4.941661199836131713e-21 8.497706161448845764e-21
1.182625961070687299e+04 7.725770325990430438e-21 8.196756323927519940e-21
1.183259560562488878e+04 1.034130160734900578e-20 8.618687936073206941e-21
1.183893156403018838e+04 4.617030345314105874e-21 8.595731780061401495e-21
1.184526748590728857e+04 2.234721099668756478e-20 8.503076067954374242e-21
1.185160337122796591e+04 2.024826365810316571e-21 8.206250151480619394e-21
1.185793921998280530e+04 -5.051334801580179730e-21 8.939516476875938519e-21
1.186427503214656645e+04 3.217872160625137800e-20 8.901660998792768420e-21
1.187061080770689659e+04 3.289410452655859331e-20 8.721432258400461529e-21
1.187694654664179870e+04 3.239078064005594927e-20 8.750273314099155415e-21
1.188328224893240986e+04 2.976388097052617477e-20 8.210241155940221825e-21
1.188961791455973798e+04 2.996978063550094540e-20 8.414629205934956231e-21
1.189595354350509842e+04 3.570597929153951809e-20 9.266910423389777399e-21
1.190228913574959734e+04 4.038775422206223594e-20 8.927861570806591191e-21
1.190862469127117947e+04 5.438348468944816923e-20 9.129906914729450266e-21
1.191496021005713919e+04 3.203949658074508021e-20 8.726752996738883049e-21
1.192129569208557768e+04 2.465256449021589771e-20 9.137590009231342259e-21
1.192763113733441969e+04 4.738013087122366785e-20 8.570879628305862257e-21
1.193396654579104143e+04 4.608551255549356503e-20 8.825161757746787793e-21
1.194030191743006071e+04 4.153971327944727773e-20 8.464858325165657031e-21
1.194663725223586698e+04 3.207338241919673460e-20 8.729527993229747554e-21
1.195297255019268232e+04 3.332706605344337851e-20 8.661065902103835766e-21
1.195930781127514820e+04 5.567080248203637892e-20 8.680465895778301400e-21
1.196564303547057170e+04 4.743111230011390716e-20 8.658847405699007438e-21
1.197197822275692852e+04 3.635869319740511528e-20 8.811862703819185733e-21
1.197831337310571507e+04 2.844497533864440115e-20 9.149799286050477222e-21
1.198464848651372995e+04 2.893262906509572889e-20 8.564252451300887860e-21
1.199098356296194470e+04 4.861411650480866099e-20 8.930440330286279919e-21
1.199731860241873801e+04 4.926276362899556512e-20 8.130165859824816410e-21
1.200365360487144972e+04 2.785363677026456126e-20 8.365747130382181191e-21
1.200998857030412182e+04 4.511913063410810739e-20 8.480407546511490309e-21
1.201632349869135942e+04 6.076422787198338614e-20 8.518968436696156443e-21
1.202265839001737913e+04 5.767992859676692297e-20 8.881045604697696979e-21
1.202899324426312705e+04 1.957350650154628443e-20 8.559513067890745356e-21
1.203532806140939101e+04 4.126715357461687235e-20 8.932997606174456464e-21
1.204166284143715529e+04 3.699373105135515093e-20 9.103022310490085109e-21
1.204799758432739691e+04 3.172331084514052969e-20 8.817720342109249167e-21
1.205433229006102192e+04 3.846028056021825459e-20 8.314810221409866918e-21
1.206066695861872904e+04 4.457482048793117381e-20 8.539800570432372650e-21
1.206700158998155348e+04 1.726299676266737959e-20 8.282100826798788270e-21
1.207333618413039403e+04 2.030764070388833367e-20 8.686522151234239453e-21
1.207967074104288076e+04 3.127016795206804294e-20 8.114377355355676522e-21
1.208600526070289925e+04 2.767071005427067947e-20 8.174842945041549485e-21
1.209233974309788573e+04 3.930238826136261418e-20 8.179802059219361782e-21
1.209867418819905834e+04 3.675017308088671110e-21 8.265787622735333748e-21
1.210500859599038085e+04 2.536000519115289126e-20 8.732827525011721605e-21
1.211134296644613096e+04 1.175546994686312264e-20 8.559898845321356270e-21
1.211767729956335825e+04 2.597033331322856555e-20 8.320464556351176835e-21
1.212401159530996665e+04 3.168616296467957232e-20 8.579999808134442700e-21
1.213034585366341526e+04 4.398997476169326283e-20 8.527230359632611815e-21
1.213668007462058267e+04 3.743971169667772760e-20 8.291463819513988222e-21
1.214301425814621143e+04 5.651128113124670568e-20 8.991986531021552132e-21
1.214934840422750676e+04 3.796829322654542796e-20 8.733740380794660095e-21
1.215568251284826692e+04 2.347930291156491514e-20 8.601934169369229492e-21
1.216201658398287691e+04 2.685982814267744906e-21 8.723806349779870476e-21
1.216835061761534234e+04 2.809537469142723438e-20 8.677429039265621404e-21
1.217468461372311685e+04 3.784450344183178639e-20 9.586620751010445883e-21
1.218101857229965390e+04 2.864691113817327082e-20 8.460606712044042901e-21
1.218735249330966872e+04 3.062973989646247781e-20 8.697715243572580073e-21
1.219368637674030469e+04 4.985514564238429604e-20 8.586247048362389029e-21
1.220002022257539647e+04 1.725750937504432486e-20 8.573832739157804596e-21
1.220635403078582203e+04 5.205098597123410338e-20 8.771060753795641501e-21
1.221268780136533314e+04 3.591637065206257756e-20 8.838989752238298775e-21
1.221902153428808560e+04 3.627289061809140154e-20 8.998118608080522618e-21
1.222535522952479914e+04 5.347733654836041405e-20 8.764956710432651061e-21
1.223168888707569204e+04 4.467475870567471217e-20 9.031023411882898521e-21
1.223802250690771325e+04 4.563032073847531399e-20 9.211831189280275037e-21
1.224424025489358064e+04 4.678018359954845471e-20 8.722338624579352141e-21
1.225057378893855093e+04 5.151524633721673719e-20 8.709018483020203886e-21
1.225690728525845952e+04 3.171661469440178447e-20 9.066558777142414987e-21
1.226324074378514888e+04 4.616653449832839721e-20 8.348997273333015769e-21
1.226957416449591619e+04 3.200403290320678401e-20 9.322199067074734596e-21
1.227590754737776660e+04 1.128953373696884090e-20 8.452195568781975238e-21
1.228224089241126057e+04 4.839144202436309735e-20 8.735726784928034400e-21
1.228857419956728154e+04 1.662621193213272517e-20 8.506964916114309048e-21
1.229490746883267821e+04 4.278199199522906784e-20 8.485255038070868072e-21
1.230124070019439205e+04 4.228652637668229839e-20 8.577524246989819883e-21
1.230757389361707465e+04 5.234530007717474164e-20 8.770985104272054224e-21
1.231390704909693886e+04 4.807769638435641658e-20 8.394584528866480394e-21
1.232024016660820052e+04 1.909988528722046429e-20 7.945973732640163881e-21
1.232657324612814591e+04 3.345324442265092186e-20 8.635120427274499972e-21
1.233290628764042413e+04 3.189559429641501175e-20 8.462694238082420890e-21
1.233923929113174927e+04 4.499190422475463754e-20 8.599604201207063926e-21
1.234557225656987976e+04 2.320787667208155154e-20 8.331042687249592841e-21
1.235190518394158789e+04 3.387240895212727186e-20 8.419179072030210069e-21
1.235823807322725406e+04 5.411154828656835417e-20 8.995589209177710137e-21
1.236457092441046007e+04 5.334041626193056264e-20 8.843968230076567833e-21
1.237090373746532896e+04 3.279482647406438062e-20 8.720522308430416123e-21
1.237723651237849845e+04 9.066556188534802967e-21 8.667296267301244723e-21
1.238356924912072463e+04 4.337384056074195464e-20 8.730291859531680526e-21
1.238990194768518995e+04 6.948370326802737735e-20 9.127052302596398276e-21
1.239623460803952185e+04 4.527455494171867723e-20 8.962667575529075399e-21
1.240256723017356671e+04 4.560280703775902110e-20 8.564139467953653048e-21
1.240889981406765401e+04 4.029856599325656536e-20 8.491725352392162025e-21
1.241523235969576490e+04 5.417561110057964956e-20 8.752577787644090934e-21
1.242156486704133567e+04 5.217654770278415594e-20 8.965695259712646572e-21
1.242789733608459028e+04 3.697457028053808398e-20 8.214025153961625128e-21
1.243422976680590909e+04 5.777808024497948955e-20 8.951068021526792046e-21
1.244056215918558701e+04 3.121754543487907586e-20 8.735565651612370578e-21
1.244689451320374792e+04 3.291170003704128443e-20 8.923191897122236763e-21
1.245322682883745438e+04 3.828460272662826638e-20 8.102754238740707221e-21
1.245955910607345868e+04 4.042265118083332233e-20 8.507780077063250819e-21
1.246589134488558011e+04 6.341582408917180313e-20 8.890313671628345207e-21
1.247222354526353411e+04 5.186399920442493825e-20 8.886959577940224141e-21
1.247855570717477713e+04 7.012438734038800266e-20 8.538241056905388957e-21
1.248488783060915921e+04 2.592094216988327954e-20 8.113860819660353190e-21
1.249121991554355373e+04 2.440889359316991212e-20 8.021178086727399990e-21
1.249755196195815915e+04 2.172783841145639635e-20 8.199505241245941548e-21
1.250388396983315761e+04 2.921880189909402157e-20 8.364745276872877372e-21
1.251021593914219739e+04 5.031555506816974779e-20 8.812939308229309487e-21
1.251654786987829357e+04 4.246925642959712605e-20 8.422565466871936198e-21
1.252287976201201127e+04 3.260371673293527437e-20 8.703408772247889879e-21
1.252921161552666126e+04 3.163272050409150732e-20 8.854310447755466650e-21
1.253554343040230196e+04 5.963890914808270312e-20 8.895852032635322683e-21
1.254187520662552924e+04 3.045219765235787311e-20 8.821287679845207654e-21
1.254820694416025435e+04 3.287960426812379671e-20 8.634201413887674146e-21
1.255453864299946508e+04 4.392651470055716767e-20 8.560617531915926445e-21
1.256087030312644129e+04 2.892457927615156993e-20 8.512845131306412737e-21
1.256720192445889916e+04 3.048446426107082715e-20 8.200430906051673714e-21
1.257353350222172776e+04 1.848406148418323280e-20 8.628588504421815102e-21
1.257974867270996765e+04 2.683902326865464538e-20 8.387046161429307198e-21
1.258608016747629699e+04 1.864060454209655855e-20 8.606542528900386392e-21
1.259241162341677773e+04 3.753067900957585709e-20 8.815461440501532913e-21
1.259874304052461594e+04 4.397030213329446761e-20 8.426744938731709559e-21
1.260507441876994199e+04 9.482493946191975882e-21 8.494216220669486321e-21
1.261140575813271244e+04 3.904653491326210818e-20 8.587923264012803699e-21
1.261773705859945039e+04 3.505770936465713503e-20 8.432263013826542914e-21
1.262406832014347310e+04 5.379322711173478270e-20 8.378744496977368017e-21
1.263039954275151285e+04 4.535407314380237687e-20 8.289037963574441969e-21
1.263673072640004466e+04 4.199651897706896073e-20 7.954888148340965408e-21
1.264306187107229016e+04 3.195032742076743942e-20 8.355352309416731287e-21
1.264939297673817237e+04 3.083070379753561782e-20 7.988423704806292042e-21
1.265572404338768865e+04 2.224836880323175723e-20 8.245583238450928680e-21
1.266205507099714850e+04 4.067967344420828769e-20 8.127821433766794796e-21
1.266838605954324157e+04 4.853874258939704809e-20 8.838222744312104772e-21
1.267471700901260192e+04 4.037894389379861805e-20 8.650431287328423425e-21
1.268104791938150265e+04 2.546124535620000719e-20 8.600733002845363746e-21
1.268737879063329456e+04 5.620951792605491067e-21 8.485272952020515167e-21
1.269370962273768600e+04 3.471391848270261444e-20 8.247039110239287503e-21
1.270004041568114189e+04 3.162929781536131888e-20 9.208230999122388577e-21
1.270637116944345325e+04 3.872831243530854828e-20 9.018123217470616049e-21
1.271270188400453844e+04 2.893900657454342164e-20 8.857707774354834116e-21
1.271903255934411209e+04 3.289721159771493411e-20 8.133555346057061720e-21
1.272536319544520484e+04 4.069293754449081958e-20 8.152243634337124062e-21
1.273169379228096477e+04 2.554358462549379196e-20 7.691910429620307095e-21
1.273802434983451894e+04 4.302871156802918321e-20 8.121293779217723747e-21
1.274435486809217582e+04 2.992449971102409801e-20 8.669600158421753090e-21
1.275068534702027500e+04 3.030660906518348005e-20 7.974031587197115899e-21
1.275701578660531413e+04 4.867383771291118811e-20 8.508810825278085814e-21
1.276334618682681685e+04 1.920741341485392379e-20 8.358081572036172099e-21
1.276967654766459418e+04 3.504399386101229757e-20 8.012122876064259825e-21
1.277600686909836440e+04 8.952986456529715822e-21 8.652161732575192205e-21
1.278233715110765843e+04 4.795894087107866703e-20 8.590292200968267523e-21
1.278866739367214905e+04 4.804235346925165700e-20 8.694891415300305735e-21
1.279499759677158727e+04 3.253231201911679261e-20 8.129013501311756733e-21
1.280132776038549855e+04 2.495659949090599234e-20 8.193249607740243488e-21
1.280765788449342108e+04 2.405888170185323991e-20 8.440471868084967362e-21
1.281398796907512769e+04 3.292591797484127796e-20 8.413481160786685877e-21
1.282031801411015476e+04 4.868132278466799598e-20 7.988271483986676729e-21
1.282664801957792042e+04 1.015229156437771927e-20 8.311703230496712645e-21
1.283297798545131627e+04 3.063443538530589059e-20 8.892730756300905682e-21
1.283930791172363934e+04 3.563882037722526014e-20 8.301730605817717430e-21
1.284563779836733011e+04 2.625647766571753698e-20 7.892616365484402949e-21
1.285196764536213595e+04 3.674545682231621949e-20 8.203830311533721023e-21
1.285829745268758597e+04 4.044341981037095885e-20 8.702454561220293349e-21
1.286462722031955309e+04 4.074740749811323758e-20 8.342347121541236669e-21
1.287095694824455495e+04 5.525309440830857702e-20 8.510935585864259175e-21
1.287728663643524123e+04 3.631220625230146536e-20 8.435199680892554388e-21
1.288361628487779490e+04 -9.798898459622093697e-22 8.098098360277777671e-21
1.288994589354488380e+04 2.822902818164653213e-20 8.124161308791517617e-21
1.289627546241946220e+04 4.940588969138554817e-20 8.554404281498484612e-21
1.290260499148083545e+04 1.469133597857810179e-20 8.781947798036633872e-21
1.290893448071190869e+04 4.140129288638346806e-20 8.035018223356516545e-21
1.291526393008527702e+04 4.244920561493469352e-20 8.427526382849212240e-21
1.292159333958717980e+04 2.937174945690081981e-20 8.381480292998521356e-21
1.292792270919001385e+04 1.207638908255600539e-20 8.287296683562164435e-21
1.293425203888022952e+04 5.538189810265512284e-20 8.551581724033445268e-21
1.294058132863018545e+04 3.543884247516171973e-20 8.499523302352873818e-21
1.294691057842607188e+04 1.764704456828909521e-20 8.015475099322733092e-21
1.295323978823697871e+04 2.004348092460204743e-20 8.248616999733445719e-21
1.295956895804911619e+04 1.457259621554570247e-20 8.224998219005563709e-21
1.296589808784861270e+04 1.281177310145321904e-20 7.885625427260450856e-21
1.297222717760106389e+04 3.602702236413837966e-20 8.917411002566406645e-21
1.297855622729963397e+04 1.219978454218485631e-20 8.490042610066605461e-21
1.298488523690948387e+04 1.931886519309710150e-20 8.882693744917335032e-21
1.299121420642403791e+04 2.154971907151429762e-20 7.925741670254255786e-21
1.299754313581208226e+04 1.335787649746939667e-20 8.353641648409442410e-21
1.300387202505610003e+04 2.911497917067804663e-20 8.490629295779765980e-21
1.301020087413209149e+04 1.667107779578807804e-20 7.841948818045721267e-21
1.301652968302623231e+04 3.643664962361728121e-20 8.404373935326900406e-21
1.302285845171050460e+04 2.413187227236127720e-20 8.315136551968422344e-21
1.302918718017481660e+04 4.481032182202103194e-20 9.150262810907404548e-21
1.303551586838437106e+04 4.098844917261889872e-20 8.522380514704231955e-21
1.304184451632509445e+04 2.937072453754500718e-20 8.735381862192354834e-21
1.304817312397795467e+04 3.787942670547222467e-20 8.421165509746572501e-21
1.305450168111197127e+04 1.923122628417037608e-20 8.099859179757450084e-21
1.306083016324443452e+04 5.614545340841065752e-20 8.678044909893181120e-21
1.306715860502568103e+04 2.520263979203685067e-20 8.133219661072682110e-21
1.307348700643482516e+04 5.436661730461406594e-20 8.163995221939345751e-21
1.307981536744371442e+04 4.486896165222912552e-20 8.347071721451610650e-21
1.308614368804215337e+04 3.803757632100665362e-20 8.599864976476673947e-21
1.309247196820924728e+04 1.997788726319853892e-20 8.746056036645660470e-21
1.309880020792031610e+04 3.382571462271080115e-20 8.587337341464383328e-21
1.310512840714755112e+04 4.148669702351210636e-20 8.515884164362967203e-21
1.311145656588056227e+04 2.449904608766435878e-20 7.852271283035226497e-21
1.311778468409815468e+04 2.327177268816597579e-20 8.624331818087523099e-21
1.312411276177601030e+04 1.247895946043824231e-20 8.474055897882751873e-21
1.313044079888960368e+04 2.173990329301218173e-22 8.034765639766606717e-21
1.313676879542475399e+04 1.869631664291268580e-20 8.299723858833217700e-21
1.314309675134298413e+04 4.042234210987763469e-20 8.304682594640081149e-21
1.314942466665503343e+04 2.601777836244544397e-20 8.537980078753965691e-21
1.315575254131136353e+04 2.486514602005414143e-20 8.297819309519927703e-21
1.316208037530525326e+04 2.797381433758497774e-20 8.151072935274627188e-21
1.316840816861563871e+04 3.999545165781168726e-20 8.035666840312946875e-21
1.317473592121410547e+04 3.425123131256536684e-20 8.423943471410100008e-21
1.318106363307976608e+04 2.985775005229882632e-20 8.443175656443102080e-21
1.318739130419859430e+04 4.341117282908402887e-20 7.976636946859545377e-21
1.319371893454211386e+04 3.167991054603278301e-20 8.125843617727249541e-21
1.320004652409652226e+04 2.663240512340456273e-20 8.352980693141596727e-21
1.320637407283355060e+04 4.222934092258095121e-20 8.611306133315745528e-21
1.321270158074600477e+04 6.817015812234257437e-20 9.048063788733407705e-21
1.321902904779517849e+04 3.271156743801694870e-20 7.834161657064391098e-21
1.322535647396339300e+04 8.051346496540650151e-22 8.122895077424936961e-21
1.323168385922922607e+04 2.848225194780905615e-20 8.081571659747173867e-21
1.323801120357879699e+04 2.947758904683207222e-20 8.177916155983106421e-21
1.324433850698726928e+04 1.011914572210185048e-20 8.419487332747069287e-21
1.325066576944036206e+04 3.761434765002566281e-20 8.393343379604703221e-21
1.325699299090989007e+04 4.282880374168961445e-20 8.081829000855711089e-21
1.326332017136380091e+04 2.489262746920297415e-20 8.645518518556739610e-21
1.326964731079852936e+04 4.827791131875486951e-20 8.658677864578761227e-21
1.327597440917868335e+04 2.212727921467803522e-20 8.613479366095184690e-21
1.328230146649355629e+04 4.304018816502245060e-20 8.655264799421835285e-21
1.328862848272172414e+04 3.820253484787657968e-20 8.698774514165998895e-21
1.329483789249408255e+04 1.701217641164573328e-20 8.339951886872854634e-21
1.330116481116426985e+04 1.958549277699901877e-20 8.433446184507354005e-21
1.330749169357078245e+04 1.605680221873535929e-20 8.569165147551494549e-21
1.331381853485096508e+04 3.836028759990732619e-20 8.784402184889703057e-21
1.332014533493682575e+04 2.619820346809449966e-20 8.376658828954695258e-21
1.332647209380356799e+04 3.298862172306079604e-20 8.426795733768929739e-21
1.333279881142962950e+04 5.699106190526389786e-20 9.198318271732453231e-21
1.333912548778296878e+04 3.290915328249758931e-20 8.472798160411659277e-21
1.334545212285286107e+04 2.715737155407361700e-20 7.503689394246493499e-21
1.335177871662843063e+04 4.618893744495875280e-20 8.557955495852341638e-21
1.335810526908100655e+04 2.530337811024571965e-21 8.151230894621935409e-21
1.336443178017515493e+04 3.861686247240095758e-20 8.092688649088908352e-21
1.337075824989628200e+04 3.295065487314037797e-20 8.697418388176391255e-21
1.337708467823344836e+04 3.016582411018622417e-20 8.469147065537102262e-21
1.338341106515838146e+04 4.386962905433445661e-20 7.913741320695060160e-21
1.338973741065620561e+04 3.232064802580609081e-20 7.853958174788352666e-21
1.339606371468430916e+04 2.015262576865220489e-20 7.476404350230026229e-21
1.340238997723182911e+04 3.820226356317375406e-20 8.066080743677374318e-21
1.340871619829470364e+04 2.382299268891489071e-20 8.898537849038601084e-21
1.341504237783745157e+04 2.388862095989623076e-20 8.825305357797239097e-21
1.342136851583815951e+04 1.559524944045664730e-20 8.422231326430309607e-21
1.342769461225412488e+04 1.954650483699574661e-20 8.276198234976777357e-21
1.343402066710604595e+04 2.737525045608691938e-20 8.351244723641631892e-21
1.344034668034435890e+04 3.724110481537484749e-20 8.717135172004355985e-21
1.344667265196104017e+04 4.685923125350809482e-20 8.545021548468182054e-21
1.345299858191354724e+04 3.744372744387745459e-20 8.546162822524985376e-21
1.345932447020129621e+04 2.468021309119727726e-20 8.349554774745328717e-21
1.346565031680264656e+04 2.425759088672818983e-20 8.462974192784404322e-21
1.347197612168879641e+04 4.124438481628229903e-20 8.715261408018371584e-21
1.347830188482365884e+04 3.597921492210442281e-20 8.376304473007107906e-21
1.348462760619977780e+04 2.582435577306621596e-20 8.383941008508348205e-21
1.349095328580983187e+04 2.680820734670000125e-20 8.464170713262971907e-21
1.349727892361751219e+04 3.567100980776748853e-20 7.240258751188212811e-21
1.350360451957991245e+04 4.212306270178260839e-20 7.701242222355314401e-21
1.350993007371426393e+04 1.502044203112843153e-20 8.087349967062179307e-21
1.351625558598112548e+04 2.618683355651317190e-20 8.191752600697800799e-21
1.352258105636197070e+04 2.416611158943466236e-20 8.351187627235953809e-21
1.352890648480674463e+04 5.461294824430544894e-20 9.279112682615599869e-21
1.353523187134318687e+04 4.197259202006212207e-20 8.084591439978631997e-21
1.354155721592496229e+04 3.123367029213988562e-20 8.624076931871039270e-21
1.354788251852604299e+04 4.801342478504691798e-20 8.588936837407393865e-21
1.355420777910339712e+04 4.529550073469791652e-20 8.749947336118608794e-21
1.356053299763674113e+04 2.251269134640488159e-20 8.937515352336746666e-21
1.356674015733371925e+04 3.351673503692295516e-20 8.710849288555438623e-21
1.357306528139010697e+04 4.883040281481494508e-20 8.780737749715490731e-21
1.357939036337059588e+04 3.168017496554188344e-20 8.541786617905406138e-21
1.358571540324911075e+04 3.770004536239208834e-20 8.340550106011572404e-21
1.359204040098919359e+04 3.975232075975671913e-20 8.303893937955524207e-21
1.359836535655395892e+04 5.589578041773222413e-20 8.567805922896651853e-21
1.360469026997662331e+04 2.040387609255305354e-20 8.685545646464201469e-21
1.361101514119115927e+04 1.958826854518294515e-20 8.276652508344322128e-21
1.361733997017158617e+04 2.264360528387065967e-20 8.224739074355366515e-21
1.362366475692923996e+04 3.579747175258473262e-20 8.184672545400091882e-21
1.362998950142362446e+04 3.757534734054698979e-20 8.655445256698360187e-21
1.363631420362140670e+04 3.264068173086306598e-20 8.420607133186786215e-21
1.364263886350813118e+04 2.640566737516367803e-20 8.581077486549848113e-21
1.364896348108370876e+04 1.690092644586837081e-20 8.161656100863494511e-21
1.365528805630015813e+04 2.623624635386517404e-20 8.505600810315586917e-21
1.366161258912442099e+04 2.582784714736439538e-20 8.817537690246419093e-21
1.366793707957849801e+04 3.035955192799177375e-20 8.021734165508606765e-21
1.367426152760712102e+04 2.801705993224149402e-20 8.420497399589940124e-21
1.368058593318073326e+04 3.928362807760529658e-20 8.753576986123863934e-21
1.368691029631025594e+04 4.550595918323301513e-20 7.952672146120802549e-21
1.369323461695153310e+04 3.980478194733876248e-20 8.004883886512665253e-21
1.369955889506737913e+04 2.217685636114404093e-20 7.984121982662582971e-21
1.370588313067636591e+04 3.027022328892592220e-20 8.133246342909031078e-21
1.371220732373041210e+04 4.252820103912368469e-20 8.536240866747370190e-21
1.371853147419592096e+04 5.096489374455482029e-20 8.335958969917514782e-21
1.372485558208050134e+04 2.252878689012434889e-20 7.861702157729667128e-21
1.373117964734704219e+04 2.870819962488368629e-20 8.749177445708627095e-21
1.373750366995813602e+04 2.391638286500709419e-20 8.846417067266515723e-21
1.374382764992150805e+04 2.535134136749369754e-20 8.803410032837645531e-21
1.375015158719609281e+04 2.201796450097628449e-20 8.825029738162594205e-21
1.375647548175580414e+04 2.880826867311080117e-20 8.293376084213122122e-21
1.376279933359707684e+04 3.728783214204764073e-20 8.192324371626923615e-21
1.376912314267120382e+04 2.885572521516885691e-20 8.230029917419370093e-21
1.377544690898212320e+04 3.589189348990855334e-20 8.769408135055288509e-21
1.378177063250370884e+04 3.113555793437177974e-20 8.438508831263580538e-21
1.378809431318345924e+04 4.534323459492096496e-20 8.684167079185163729e-21
1.379441795103659751e+04 4.562103371925094498e-20 8.587472531017236439e-21
1.380074154603303941e+04 2.581934277235748411e-20 8.692468246660478813e-21
1.380706509811666729e+04 4.763996769172368294e-20 8.071360935191600961e-21
1.381338860731384193e+04 4.179345603083949867e-20 8.644389277657399658e-21
1.381971207357559615e+04 5.395118536800443045e-20 8.475454838373661373e-21
1.382603549687592567e+04 3.082074565526525457e-20 8.286157284367839110e-21
1.383235887720725805e+04 3.137810830814590595e-20 8.865279450099089616e-21
1.383868221452818580e+04 3.353050068462246147e-20 8.337956929731866848e-21
1.384500550883892538e+04 1.622871740020328876e-20 8.095761490710374560e-21
1.385132876010543987e+04 3.027142963267721004e-20 8.284190704220015485e-21
1.385765196829023807e+04 4.017176573805776896e-20 8.033661248898685562e-21
1.386397513340842852e+04 9.191976752993571688e-21 7.686470482431212496e-21
1.387029825539576268e+04 6.790690549884174836e-21 8.120114207715042496e-21
1.387662133425629327e+04 3.918474470239646127e-20 7.828870406378359005e-21
1.388294436996721197e+04 4.567819332260563547e-20 8.159140909231688873e-21
1.388926736247574081e+04 2.583580203276554140e-20 8.262748246245626017e-21
1.389559031180464444e+04 2.076394275170784659e-20 8.611747548258046323e-21
1.390191321790077200e+04 3.558802769348137313e-20 8.473313268174895699e-21
1.390823608074170988e+04 3.996677486705064169e-20 8.354330526602154029e-21
1.391455890031977833e+04 4.177906103249991800e-20 8.454349988132260560e-21
1.392088167659707869e+04 2.353307410598899446e-20 8.410693788998778154e-21
1.392720440957377650e+04 1.334924190610804442e-20 8.727226515968315414e-21
1.393352709919279368e+04 2.662845274145925942e-20 8.536908599538702113e-21
1.393984974546568810e+04 3.086894306505889429e-20 8.660305577444437354e-21
1.394617234834691044e+04 2.727300245102444406e-20 8.644336214539903137e-21
1.395249490781732311e+04 3.194198013200433142e-20 8.668812777753942243e-21
1.395881742386954465e+04 3.859589864190792230e-20 8.204858738090982008e-21
1.396513989645395122e+04 1.629027486118644431e-20 8.160486179180488045e-21
1.397146232558205156e+04 1.235919167020684987e-20 8.269286663497928841e-21
1.397778471120063659e+04 2.556522765105584089e-20 7.821545252933962605e-21
1.398410705329804114e+04 3.119213789915431013e-20 8.169560560101679352e-21
1.399042935185165516e+04 2.469018783265360256e-20 8.229548388917254818e-21
1.399675160683457943e+04 1.863050155881315726e-20 8.220645904525040149e-21
1.400307381823544711e+04 5.249740186330261273e-20 7.922041688689115920e-21
1.400939598601233774e+04 2.151090668879778138e-20 8.221988522896295681e-21
1.401571811017261098e+04 2.407818850695518465e-20 7.951798785399479128e-21
1.402204019065161629e+04 3.098440004393325811e-20 8.822884673078365142e-21
1.402836222746819840e+04 1.853793522797217372e-20 8.236344179203230458e-21
1.403468422057272801e+04 1.839772923189450452e-20 8.157414485068587416e-21
1.404100616994610209e+04 3.604773004415253269e-20 7.969857385326877977e-21
1.404732807556889929e+04 2.745570475689750240e-20 8.346788629010880197e-21
1.405364993742221304e+04 1.876711922563498990e-20 8.708581747094328958e-21
1.405997175547898769e+04 3.707740395106532278e-20 8.420074691201982790e-21
1.406629352971241497e+04 5.133545078123437946e-20 8.262599831738837430e-21
1.407261526010717716e+04 5.706717644504982863e-20 8.675403068277187788e-21
1.407893694663228052e+04 3.676396257040896150e-20 8.658892809175006574e-21
1.408525858927644003e+04 3.729650498188256804e-20 8.350616348430635242e-21
1.409158018799328602e+04 2.536872836936534310e-20 7.500171428412150164e-21
1.409790174279052189e+04 2.025399595501357243e-20 8.723453069145054547e-21
1.410422325361433468e+04 2.886754605553488127e-20 7.611159808338073601e-21
1.411054472047594209e+04 3.549474818984898730e-20 7.924849120321300587e-21
1.411686614331782584e+04 2.496543563501205472e-20 8.443676920809005350e-21
1.412318752214355663e+04 3.811449704327277751e-20 8.526633645129893544e-21
1.412950885690690120e+04 1.150695578272542007e-20 8.324949816513704068e-21
1.413583014760397236e+04 2.429452425721700082e-20 8.310540141040429359e-21
1.414215139419977095e+04 2.032815850325561171e-20 8.970230548029581381e-21
1.414847259667903563e+04 2.852421491111242730e-20 7.793536164482781420e-21
1.415479375500271271e+04 3.768828068614744927e-20 8.507705086529745588e-21
1.416099584839543604e+04 2.474176296943387618e-20 7.822041865261198611e-21
1.416731690284943033e+04 3.748713611736150037e-20 7.659661240991857316e-21
1.417363791807298730e+04 1.854692062720657009e-20 8.246609844188818063e-21
1.417995888909523273e+04 3.330576419796004148e-20 8.364943006303644288e-21
1.418627981586363239e+04 3.558764831272004767e-20 8.307789999686378679e-21
1.419260069834758360e+04 5.650827238405628679e-20 8.400952523035450376e-21
1.419892153652349407e+04 3.935612183584041598e-20 8.636443921350619824e-21
1.420524233036805890e+04 2.943559602920195602e-20 8.650600711670020305e-21
1.421156307985792773e+04 2.034606105838543201e-20 8.651655435822094856e-21
1.421788378496952646e+04 5.402406206378203776e-20 8.760913271224581839e-21
1.422420444567963932e+04 2.454197626445375406e-20 9.030132350449603481e-21
1.423052506196454488e+04 4.226546631252771697e-20 8.568824337406245921e-21
1.423684563379339488e+04 2.707676678190352436e-20 8.385925343515973788e-21
1.424316616115410761e+04 2.018182685990185736e-20 8.560697502894590064e-21
1.424948664402685426e+04 3.630643407592437865e-20 8.032568603427729795e-21
1.425580708236939790e+04 1.715632460630190421e-20 8.263861337467486956e-21
1.426212747617690002e+04 1.679505163005782570e-20 8.587726183257895803e-21
1.426844782541848690e+04 1.958522196524241908e-20 7.540602588042817543e-21
1.427476813006659540e+04 4.956003417468673951e-20 7.530386136393960310e-21
1.428108839009772782e+04 2.549825220487604695e-20 8.171127274092859068e-21
1.428740860549980425e+04 1.332149918841842316e-20 8.900428611630326299e-21
1.429372877623773456e+04 3.524910957355320401e-20 8.903149319137757688e-21
1.430004890229559714e+04 5.386329056805719192e-20 8.449577179460312790e-21
1.430636898364195258e+04 3.489324512943660808e-20 8.593907208146677517e-21
1.431268902025332500e+04 3.780691890633828341e-20 8.739092465866033471e-21
1.431900901211747623e+04 3.104184082794494440e-20 8.390907229212816668e-21
1.432532895919921066e+04 3.513500678385293223e-20 8.621865468877918825e-21
1.433164886147878315e+04 3.782240438394309507e-20 7.648001535283087533e-21
1.433796871893226125e+04 5.038385980531912939e-20 8.552383424130057161e-21
1.434428853153236560e+04 4.474320901301055809e-20 8.921826268908331972e-21
1.435060829926663428e+04 3.741131122099403872e-20 8.581448800575760236e-21
1.435692802209610636e+04 4.522248700473593030e-20 8.832669777488238420e-21
1.436324770000846547e+04 3.022917748992345498e-20 8.498404818151819894e-21
1.436956733297226128e+04 2.235090095357795941e-20 7.757273393822248668e-21
1.437588692097526655e+04 2.680617190653824454e-20 9.305798956703913454e-21
1.438220646397821110e+04 3.040233917118781222e-20 8.961865853516122522e-21
1.438852596192016426e+04 6.639893668664575835e-20 9.309474325600345059e-21
1.439484540983804254e+04 3.727836228379448608e-20 8.873811008481422246e-21
1.440104539760635816e+04 2.094126053492607956e-20 8.825048141778722945e-21
1.440736474987712427e+04 5.218432781182081317e-20 8.944172413242338537e-21
1.441368405703123244e+04 3.045623588665623389e-20 8.435391912434398430e-21
1.442000331904495579e+04 1.836385897547002206e-20 8.407239893590835754e-21
1.442632253590991422e+04 1.108605224543331682e-20 8.642126268154580898e-21
1.443264170758268119e+04 2.618372597007866500e-20 8.536472361140932294e-21
1.443896083405094396e+04 2.553850207088877357e-20 8.936583258655464859e-21
1.444527991528293569e+04 2.341182872425478822e-20 8.325422387882129897e-21
1.445159895125464027e+04 2.623274283848293141e-20 8.865680237458324715e-21
1.445791794195782495e+04 3.221943854452330224e-20 8.398693906830489107e-21
1.446423688734485222e+04 2.368936093166251482e-20 8.394507324711119973e-21
1.447055578741125646e+04 2.476898949934895028e-20 8.324424168375976265e-21
1.447687464212134000e+04 3.864757833644014872e-20 9.368924571873590724e-21
1.448319345145083025e+04 5.318790501291328062e-20 8.636043853199361860e-21
1.448951221538371101e+04 3.672575111327023699e-20 9.208387762319177066e-21
1.449583093389189526e+04 2.401526252164286026e-20 8.777272245204394521e-21
1.450214960695115587e+04 3.221238663134105480e-20 8.246807149022771047e-21
1.450846823453357501e+04 2.026586595464098101e-20 9.144194091845043417e-21
1.451478681662268173e+04 5.065917460178646459e-20 9.538904563998211908e-21
1.452110535318663824e+04 3.905514042595867563e-20 9.003478228275829405e-21
1.452742384421302268e+04 3.536046703156429394e-20 8.846475065160486108e-21
1.453374228966576266e+04 3.162679256755307543e-20 8.591811632846666514e-21
1.454006068952063288e+04 3.346732260095421724e-20 8.787961871831743384e-21
1.454637904376131337e+04 4.465759943912041768e-20 8.795379818661222804e-21
1.455269735235574262e+04 2.264164924246826002e-20 8.238668786747530169e-21
1.455901561528736238e+04 1.961818050539130702e-21 8.742776384816433273e-21
1.456533383252822750e+04 2.072464470445825467e-20 8.441921958027991622e-21
1.457165200404975076e+04 3.818719907862779952e-20 9.420190145038167985e-21
1.457797012983181958e+04 2.734672391156565908e-20 8.788256493473485700e-21
1.458428820985404309e+04 3.284489436167287544e-20 8.879612936183164620e-21
1.459060624408401964e+04 3.219875112746268721e-20 9.396669697700445138e-21
1.459692423250152933e+04 2.779425790508864342e-20 8.769550118616686909e-21
1.460324217508600123e+04 2.821294793953439217e-20 9.061188042919960979e-21
1.460956007180526103e+04 2.285662728285683032e-20 8.571763578921235938e-21
1.461587792263460324e+04 1.564070146509656168e-20 9.438195069175900767e-21
1.462219572756197158e+04 5.311994330974464417e-20 9.440648275421261586e-21
1.462851348655063339e+04 5.754744724754990073e-20 9.021504149975804712e-21
1.463483119958025964e+04 2.094327753135785636e-20 8.718356016748810633e-21
1.464114886662637582e+04 3.740336998024562160e-20 9.196777403830101725e-21
1.464746648766845283e+04 2.306879312544952990e-20 9.343520873995825041e-21
1.465378406266597631e+04 -8.745669963765238842e-23 9.915366187610610544e-21
1.466010159161436968e+04 1.847975156110765608e-20 8.718271679933480617e-21
1.466641907448941492e+04 2.485105094019601931e-20 9.051113852813741761e-21
1.467273651124198659e+04 2.104195415540110723e-20 8.042656208778611740e-21
1.467905390187202283e+04 2.651538961611484704e-20 8.736682058201154254e-21
1.468537124634670727e+04 3.734114854216438001e-20 8.985891433979034711e-21
1.469168854464147080e+04 1.785083343186607614e-20 8.820931899141596501e-21
1.469800579673174980e+04 1.764506139325635497e-20 8.559096065089737777e-21
1.470432300258462965e+04 2.810789174029978327e-20 8.761177077374023443e-21
1.471064016219600308e+04 1.776704704206219698e-20 8.333936449306947524e-21
1.471695727551648451e+04 2.306906735244664694e-20 8.735835668664524268e-21
1.472327434254207947e+04 4.625045883953934082e-20 8.467455595476780264e-21
1.472959136323964231e+04 4.694967552523512902e-20 8.887994650150289620e-21
1.473590833758469125e+04 4.673617410552553635e-20 9.703259812016008100e-21
1.474222526554824071e+04 3.939419564418140512e-20 9.516721463241399957e-21
1.474854214710969609e+04 3.019569008624282816e-20 9.496443406662563433e-21
1.475485898224429911e+04 3.528524450002301036e-20 8.332614634057574533e-21
1.476117577093125692e+04 2.500258296144949894e-20 8.567013085065249055e-21
1.476749251313775130e+04 3.640671233069853123e-20 8.916862687286693010e-21
1.477380920884281113e+04 4.356922400308327580e-20 9.140470245883029132e-21
1.478012585802189278e+04 3.081644803422133822e-20 1.017912212641170672e-20
1.478644246064982872e+04 8.883212090698489861e-21 9.337794469690640922e-21
1.479275901670613348e+04 2.958127269991630105e-20 9.250076423176004648e-21
1.479907552615340865e+04 5.761186873744691351e-22 9.154890283146317049e-21
1.480539198897918141e+04 7.078577809532509823e-21 8.810432255765935682e-21
1.481170840515438249e+04 1.065438995201438126e-20 8.775042226968226072e-21
1.481802477465815173e+04 3.588573749544978778e-20 9.614474997347027712e-21
1.482434109744920715e+04 4.173154388471553129e-20 8.945879123136830623e-21
1.483065737352705037e+04 2.970863823003406597e-20 8.681759659094800391e-21
1.483697360284637944e+04 2.581099624381395560e-20 8.634574151005122107e-21
1.484328978539011950e+04 2.635572872750327695e-20 8.398082083109761822e-21
1.484960592113769599e+04 1.253898163459022113e-20 9.202403075006031420e-21
1.485592201005962852e+04 4.617794073600845078e-20 9.348960257329618384e-21
1.486223805213114247e+04 -1.648469504350090535e-21 8.491002865345619714e-21
1.486855404732283569e+04 4.140180940858749114e-20 9.359213846480761560e-21
1.487486999561800803e+04 6.489923501199510194e-21 8.668326976667420072e-21
1.488118589697908101e+04 1.849869014397740884e-20 9.234687531810158102e-21
1.488750175139748353e+04 2.858510068268600132e-20 9.170240411915142325e-21
1.489381755883986079e+04 3.285241549554489605e-20 8.956792912264010113e-21
1.490013331928093248e+04 5.280780663169414692e-20 8.881815422584142982e-21
1.490644903269158749e+04 4.615078454204169591e-20 8.482325306125562175e-21
1.491264439509990734e+04 3.676710452180154396e-20 9.000737934977869562e-21
1.491895999866554121e+04 1.924911936473715683e-20 8.561273030804730310e-21
1.492527556018331052e+04 2.420164129945486109e-20 8.073958906530446266e-21
1.493159107461797976e+04 2.401246559340364676e-20 8.709196419086105308e-21
1.493790654189489032e+04 3.589974106355711791e-20 8.342532171135196471e-21
1.494422196199709470e+04 3.782334656086680368e-20 9.390734921226535785e-21
1.495053733489904516e+04 3.673105172738431112e-20 8.087426951001102121e-21
1.495685266055953616e+04 3.560260275149781809e-20 8.145285869872745068e-21
1.496316793897722710e+04 9.865196494155889850e-21 8.579381140312383778e-21
1.496948317011078871e+04 1.882634449442515043e-20 8.500420552871800584e-21
1.497579835393070243e+04 1.237854203875374884e-20 8.747014532180530439e-21
1.498211349043193877e+04 3.026761095054525370e-20 8.664787044586364669e-21
1.498842857957694468e+04 3.525884948634544022e-20 9.171723677970582092e-21
1.499474362133202339e+04 1.922895299042780511e-20 8.187873385168224820e-21
1.500105861568000000e+04 1.049805081176618258e-20 7.831483121528254142e-21
1.500737356259941225e+04 2.933683328062805501e-20 8.171640633264639870e-21
1.501368846206090711e+04 5.088810909557325373e-20 8.832190198918646549e-21
1.502000331403876044e+04 3.825248205570138903e-20 8.492826866952652006e-21
1.502631811850356462e+04 3.444650190408867057e-20 8.412828235477738025e-21
1.503263287543373553e+04 3.556216168835841500e-20 8.929303546704045992e-21
1.503894758480795281e+04 3.754632775456612270e-20 8.786933756735444186e-21
1.504526224658830870e+04 2.383132219774407094e-20 8.338552505305269155e-21
1.505157686076162645e+04 1.077087429100501438e-20 8.743346024396494089e-21
1.505789142730219282e+04 4.048027376645953246e-20 9.112931586546161593e-21
1.506420594617640381e+04 3.912087822663433576e-20 8.796625160557247580e-21
1.507052041736659885e+04 2.968662809626167586e-20 7.845554392558465356e-21
1.507683484083909934e+04 2.918225162497896043e-20 8.222239816269908954e-21
1.508314921657228297e+04 4.394800571104660848e-20 8.855988476356511040e-21
1.508946354454453285e+04 4.231454710114260596e-20 8.690766869086339952e-21
1.509577782471792852e+04 4.024489169858225992e-20 8.892077411653743643e-21
1.510209205707489855e+04 3.020225341426046921e-20 8.702773700225805720e-21
1.510840624159807339e+04 3.871386118946457778e-20 8.519792400931024411e-21
1.511472037824929794e+04 2.333603334736480104e-20 9.396463822561700107e-21
1.512103446695610000e+04 9.516667430933239317e-21 8.606502161596307519e-21
1.512722783720927328e+04 2.269731381698782692e-20 8.742047367053525125e-21
1.513354181944527954e+04 2.896717029568219427e-20 9.032586236054808408e-21
1.513985575371760206e+04 3.448907466181894390e-20 8.542268916337400445e-21
1.514616963998362371e+04 2.774445223652100034e-20 8.814475836336329950e-21
1.515248347822578398e+04 4.754790556726805487e-20 9.115212154357592578e-21
1.515879726841843876e+04 3.752000820674284851e-20 7.970692588764276567e-21
1.516511101053966559e+04 4.557559745859342222e-20 8.753151824422601177e-21
1.517142470455965122e+04 4.715015461158141439e-20 8.674492321468701302e-21
1.517773835045212581e+04 2.765163522750887638e-20 8.688661917554336001e-21
1.518405194818725795e+04 6.178915827111638655e-20 8.694967869054527177e-21
1.519036549774297782e+04 3.997184299812118384e-20 8.135431557782603456e-21
1.519667899909793232e+04 3.660911337159937398e-20 9.121322452037550733e-21
1.520299245221728597e+04 3.403959030757672935e-20 7.906214587816493193e-21
1.520930585707958744e+04 3.771080886244944574e-20 8.485624350005344836e-21
1.521561921366280512e+04 4.561519137128276947e-20 8.529038260944069635e-21
1.522193252193261651e+04 2.365352699673703698e-20 8.286214593266700375e-21
1.522824578186272993e+04 4.673586950949627132e-20 8.817837840206223699e-21
1.523455899344006684e+04 3.561787890929657518e-20 8.225931625319505626e-21
1.524087215662130075e+04 2.991610617736449149e-20 8.467927442146061135e-21
1.524718527139751677e+04 2.405086905878952626e-20 8.315084153036051926e-21
1.525349833772968668e+04 1.843459453920450279e-20 9.126724880413838089e-21
1.525981135559171889e+04 3.318500930239923171e-20 8.880813913693272910e-21
1.526612432496595466e+04 3.494902792984116260e-20 8.443042351554223805e-21
1.527243724582622963e+04 1.560617694064462132e-20 8.489671217142364133e-21
1.527875011813351011e+04 2.209614072699401461e-20 8.421912243487165947e-21
1.528506294187867570e+04 4.111288076800511812e-20 8.627437786828055136e-21
1.529137571702268178e+04 4.207061509296818145e-20 8.769108696281502402e-21
1.529768844353919849e+04 2.883835300739198092e-20 8.394794450895368470e-21
1.530400112140632518e+04 1.142205740538835088e-20 8.333183428371454105e-21
1.531031375059766469e+04 1.825982291332719272e-20 8.706634528711758255e-21
1.531662633108703267e+04 3.235020503741734884e-20 8.703795654643267302e-21
1.532293886284796099e+04 3.568125913363488356e-20 8.879111405044136556e-21
1.532925134585856358e+04 3.474496862504669308e-20 8.393909926642308540e-21
1.533556378008370666e+04 3.423061450663183131e-20 8.618893694829845599e-21
1.534187616551011160e+04 2.727907617783365457e-20 8.449048392844550197e-21
1.534818850208530785e+04 4.263678661944758500e-20 8.340166845088352703e-21
1.535450078982190462e+04 1.711095595695627451e-20 8.350782571636701203e-21
1.536081302865441648e+04 3.729152369589643733e-20 8.630027011099558444e-21
1.536712521858252512e+04 4.957407895407904236e-20 8.338295947523906279e-21
1.537343735956223827e+04 3.156792212725600686e-20 8.163303208280237685e-21
1.537974945158891933e+04 4.500414111551981215e-20 8.078091513994776906e-21
1.538606149461419591e+04 3.067280442151023831e-20 8.537197656035031108e-21
1.539237348862044746e+04 2.444336515993250857e-20 8.197043638857412371e-21
1.539868543354745816e+04 3.705670426419280210e-20 8.423683009713161734e-21
1.540499724317254550e+04 3.988372151383773550e-20 8.944045597881354163e-21
1.541130880349036670e+04 3.697633091619102932e-20 8.802462362971267070e-21
1.541762031468525493e+04 2.252242853948346788e-20 8.471492996680888202e-21
1.542393177673894752e+04 2.591911132353805873e-20 8.886199859483891385e-21
1.543024318962081088e+04 2.343994237955148482e-20 9.154005554358497949e-21
1.543655455330386576e+04 5.056853938429018324e-20 8.934999953772233568e-21
1.544286586776176955e+04 3.649324385211005855e-20 8.900851259209642635e-21
1.544917713296750844e+04 3.472445044422838511e-20 9.057158851006101669e-21
1.545548834889036334e+04 2.367117024408921717e-20 8.160257228067976837e-21
1.546179951551198246e+04 4.389142525395717958e-20 8.045993314416895150e-21
1.546811063279725022e+04 3.590904949023498792e-20 8.179797442515030050e-21
1.547442170072778754e+04 2.653803579615764447e-20 8.898864155928711292e-21
1.548073271927279529e+04 1.489762191466048388e-20 8.190103192234664004e-21
1.548704368840078496e+04 2.683558656391961572e-20 7.654150121280950057e-21
1.549335460808963580e+04 1.910742928055475349e-20 8.427212333856573097e-21
1.549966547831654862e+04 9.940639658441733425e-21 8.477068807729441582e-21
1.550597629904627320e+04 2.944713350705292473e-20 8.817397150824184243e-21
1.551228707026035954e+04 2.801712226158334863e-20 8.529339572598177173e-21
1.551859779191910820e+04 2.334704786881349090e-20 9.111641359402107739e-21
1.552490846400843839e+04 4.160805067614378418e-20 9.328373767941844590e-21
1.553121908649734723e+04 4.403505406167591520e-20 9.010987518283954640e-21
1.553752965936298278e+04 2.632212031401448625e-20 8.577852344105173274e-21
1.554384018256553099e+04 3.221198118749047312e-20 8.842572728177817462e-21
1.555015065609086560e+04 2.284537541890607127e-20 9.274030578608057524e-21
1.555646107990789642e+04 3.974633397218500772e-20 9.319795086662813556e-21
1.556277145398933681e+04 2.840103456331407251e-20 9.551547916379554156e-21
1.556908177830401291e+04 2.854423343366424516e-20 9.128873654622865633e-21
1.557539205282902185e+04 4.950116373388851990e-20 8.748497966822109462e-21
1.558170227754549705e+04 3.661847502222338442e-20 9.336436963526617893e-21
1.558789097835712346e+04 3.102333073448637325e-20 9.443348656304326292e-21
1.559420109256465548e+04 3.296789162751841874e-20 9.608866098207628014e-21
1.560051115692427265e+04 1.578239968312238261e-20 9.385961062377176445e-21
1.560682117135323642e+04 2.087196215011468639e-20 9.028106400304623425e-21
1.561313113582445840e+04 3.309916612589746361e-20 8.699734624394927977e-21
1.561944105031942854e+04 2.498306833443697152e-20 7.797600647696899794e-21
1.562575091481519121e+04 2.817154815900571270e-20 8.872227729478924815e-21
1.563206072926307024e+04 3.115177441854508473e-20 8.295800254129983699e-21
1.563837049365731400e+04 3.181033658039395258e-20 8.833530885696158840e-21
1.564468020796622841e+04 2.709428540781081376e-20 8.854320561364331818e-21
1.565098987214128829e+04 6.613031425907112847e-21 8.069215365623906212e-21
1.565729948618921844e+04 1.424186578925763408e-20 8.779395894434211648e-21
1.566360905005298264e+04 3.534337031891760272e-20 8.947651216339331264e-21
1.566991856371782706e+04 6.415383468291559481e-21 9.005994219286337094e-21
1.567622802716105252e+04 8.205586993352116784e-21 8.803822886039794606e-21
1.568253744035506861e+04 3.554095060979966776e-20 9.790847433206442842e-21
1.568884680326398120e+04 4.159290931325769533e-20 9.367287106458236808e-21
1.569515611586028535e+04 4.795659103356903831e-20 8.887302818729330893e-21
1.570146537813385658e+04 4.903841636774721150e-20 8.666173643764379752e-21
1.570777459003129115e+04 3.681890296376351195e-20 8.003116362885932849e-21
1.571408375153812813e+04 4.321520025372116796e-20 9.408385224344182654e-21
1.572039286263110262e+04 2.254094884029953151e-21 9.148222133693576954e-21
1.572670192327432233e+04 2.572838872461000139e-20 9.442131322615549675e-21
1.573301093344870424e+04 3.773997815378511954e-20 9.323797804351870506e-21
1.573931989312689439e+04 4.365779917377508172e-20 9.256184067687685289e-21
1.574562880227235291e+04 3.271032394970552477e-20 9.042735611038002013e-21
1.575193766084913841e+04 1.630470170022591860e-20 8.403176898539276604e-21
1.575824646885966831e+04 5.655793126041401950e-20 8.935709919651145662e-21
1.576455522624648074e+04 1.539383528291750968e-19 1.044627147240084250e-20
1.577086393300751479e+04 1.981384001674132245e-19 1.110347738965148289e-20
1.577717258903684160e+04 2.659625550687821204e-19 1.156985140924121447e-20
1.578335938691824958e+04 1.892528751462478176e-19 1.125441781697718668e-20
1.578966793080806201e+04 7.439328571693404426e-20 9.068892040993199731e-21
1.579597642395637740e+04 4.310400711456834208e-20 9.317247667311906423e-21
1.580228486632628665e+04 3.641071137364255611e-20 8.784153687919513266e-21
1.580859325788585011e+04 1.314560833954910298e-20 9.010131491840567784e-21
1.581490159860696804e+04 1.201811519201273114e-20 9.943597928873166828e-21
1.582120988847563058e+04 4.940231696576884183e-20 9.283836302685415172e-21
1.582751812745025381e+04 3.124854686522088151e-20 9.348886646526913148e-21
1.583382631550332007e+04 2.350542944238804971e-20 9.076433489236047338e-21
1.584013445261568813e+04 3.826633543262313996e-20 9.119286917340448392e-21
1.584644253875524009e+04 4.017012623306176327e-20 9.699440499543796618e-21
1.585275057389389258e+04 2.634725225397023292e-20 8.910240202757039460e-21
1.585905855800839345e+04 2.137732751703082533e-20 8.822543012198937286e-21
1.586536649104823846e+04 2.735312660443545410e-20 9.262611707582099974e-21
1.587167437302152211e+04 5.421996941018411622e-21 8.922952574841006784e-21
1.587798220387326910e+04 2.286208893942796285e-20 8.687560534146006938e-21
1.588428998358899480e+04 4.043068433327908213e-20 8.673838419989153588e-21
1.589059771213623935e+04 5.540206265646736520e-20 9.223312882282484065e-21
1.589690538948239373e+04 4.908786113653633561e-20 8.688945140573194925e-21
1.590321301560858410e+04 6.114482076502587326e-20 8.404953573963377538e-21
1.590952059047752300e+04 5.293128104652485997e-20 8.774060956165689458e-21
1.591582811406590190e+04 4.981438467251383670e-20 8.446105484459118498e-21
1.592213558634985020e+04 4.911217976281698653e-20 8.308671993647972686e-21
1.592844300728801500e+04 4.455583862167498739e-20 9.112036155401442765e-21
1.593475037687001350e+04 2.754543647395387703e-20 9.182075293452129976e-21
1.594105769505444368e+04 3.828287293641771167e-20 9.596226046772139986e-21
1.594736496181738949e+04 2.475641089251715326e-20 9.127505246682483731e-21
1.595367217713540049e+04 3.781805237122811156e-20 8.854579460992879580e-21
1.595997934096651989e+04 2.987689266366322710e-20 8.604047291438453875e-21
1.596628645330075233e+04 3.698028250001202035e-20 9.093737817214692987e-21
1.597259351409165174e+04 2.383244367210011754e-20 8.854871972469630717e-21
1.597890052332909181e+04 2.786677158931640516e-20 9.587673943696333703e-21
1.598520748096669922e+04 2.929548309583023363e-20 9.315368111064508318e-21
1.599151438699420578e+04 6.395230022267610791e-20 9.203842696530823349e-21
1.599782124136075072e+04 3.337857124705649734e-20 9.302202981216546848e-21
1.600412804406499890e+04 4.112070707555687338e-20 9.077979238498197596e-21
1.601043479505616051e+04 6.445590591908363797e-20 9.657303163865041420e-21
1.601674149431915066e+04 5.941640559299488433e-20 9.716737458031428639e-21
1.602304814181680558e+04 7.646840249309003841e-20 9.757310376259443895e-21
1.602935473752495454e+04 4.776250386674763691e-20 1.010165555337136141e-20
1.603566128141539411e+04 3.541548773036126548e-20 9.960873002556015736e-21
1.604196777347313946e+04 5.956970251282496872e-20 1.016708886636410826e-20
1.604827421363794565e+04 4.604382159498930022e-20 9.345538995211887711e-21
1.605458060190860488e+04 3.064868614718397633e-20 1.034399971120443069e-20
1.606088693824287839e+04 1.328566853648802806e-20 8.891914916549154415e-21
1.606719322261230809e+04 2.121062682821091075e-20 9.231259609670750130e-21
1.607349945500645845e+04 2.611205023465513551e-20 9.005034933145481295e-21
1.607980563536955560e+04 2.583864271635298442e-20 8.658337208947644600e-21
1.608611176369554960e+04 2.866332269444341266e-20 9.619564222265051942e-21
1.609241783993785066e+04 4.813687961049197066e-20 9.414851515605243933e-21
1.609872386407666090e+04 3.450949453825719490e-20 9.213376424378701565e-21
1.610502983609274270e+04 5.016671907024289983e-20 9.414737364582572761e-21
1.611133575594807553e+04 4.184302798060849987e-20 9.689625356218884974e-21
1.611764162359572583e+04 4.966769300467490033e-20 9.207987127416363772e-21
1.612394743905278665e+04 6.001254001460678292e-20 9.470447912525699634e-21
1.613025320224462666e+04 4.547650248542847110e-20 9.649820158141128368e-21
1.613655891315174631e+04 6.070475836599133890e-20 9.128579567773305136e-21
1.614286457178193632e+04 3.561722972910683471e-20 1.014950816962682308e-20
1.614917017806071817e+04 6.342923463299136649e-20 9.606090204092456932e-21
1.615547573197731981e+04 5.538524719873974694e-20 1.009650574324878132e-20
1.616178123351243812e+04 5.625861152590900316e-20 1.000605766569910568e-20
1.616808668261853745e+04 4.800814331364415048e-20 9.620954150095517944e-21
1.617439207927614007e+04 3.266464787237542902e-20 9.387589179691818216e-21
1.618069742345622763e+04 4.416940297049560599e-20 1.028854635835057375e-20
1.618700271513916050e+04 4.322119753665883031e-20 1.024130912356492304e-20
1.619330795427756129e+04 3.568315966686669248e-20 9.773491806212177428e-21
1.619949059579606183e+04 1.577411686819402663e-20 8.976195728074483937e-21
1.620579571373026010e+04 4.321457996714550256e-20 9.594692306636316152e-21
1.621210078417448494e+04 3.141714079242814888e-20 9.597132644288556572e-21
1.621840580201286321e+04 2.629170231959162546e-20 9.445639401126352070e-21
1.622471076717412689e+04 2.270776688244664403e-20 9.028933646649529576e-21
1.623101567962489207e+04 4.759899928810676450e-20 9.212756011043789048e-21
1.623732053934488431e+04 2.259093186722490222e-20 8.519330140055557998e-21
1.624362534627801688e+04 3.356637062999320210e-20 8.236400069370992183e-21
1.624993010042211245e+04 3.941152306535241004e-20 9.451455814424084793e-21
1.625623480173033386e+04 4.681589743967021022e-20 1.009202855475988120e-20
1.626253945020934043e+04 4.413345691683299609e-20 9.390288778774757363e-21
1.626884404577593341e+04 3.409672702177879856e-20 9.903218935700477979e-21
1.627514858843680668e+04 4.090920153887890269e-20 9.541984604035894403e-21
1.628145307815388333e+04 4.580369541350614755e-20 8.683965916456084957e-21
1.628775751489341565e+04 5.983751438590016844e-20 9.147330495806230066e-21
1.629406189863961663e+04 5.276339466654191106e-20 8.889695418022080524e-21
1.630036622934063053e+04 6.680324130870176229e-20 8.993845161392906244e-21
1.630667050698974163e+04 6.227856023546048286e-20 9.180654707602904795e-21
1.631297473153958163e+04 4.488855404342124574e-20 9.157561566336943249e-21
1.631927890297904924e+04 2.860523421863615024e-20 9.225424443641731996e-21
1.632558302127408388e+04 3.788366723023854780e-20 8.772862019414352878e-21
1.633188708638171556e+04 2.693002607176481193e-20 9.484692576638914566e-21
1.633819109827717512e+04 5.959549394309457562e-20 9.120318389349244281e-21
1.634449505695353582e+04 7.609027831745739660e-20 1.070614157691589059e-20
1.635079896234527223e+04 5.658948842047956739e-20 1.048023103445993876e-20
1.635710281444071734e+04 6.282001721540472622e-20 1.056471527037127840e-20
1.636340661321078187e+04 6.867982809531418030e-20 1.038613809327563504e-20
1.636971035863038742e+04 8.876084250806497784e-20 1.079469872652221835e-20
1.637601405061205696e+04 4.820267263985796893e-20 1.035268637779843189e-20
1.638219482351014994e+04 6.920502832388860331e-20 9.741494956789648402e-21
1.638849839779371177e+04 3.124426217353875900e-20 9.773071770998043748e-21
1.639480191859354454e+04 2.492677173481350068e-20 8.979285242055288255e-21
1.640110538589853240e+04 5.502988398099247269e-20 9.133675563027059984e-21
1.640740879965579006e+04 3.360412689968927972e-20 9.082769308077391343e-21
1.641371215985434901e+04 2.622029698424744410e-20 9.107270337949754777e-21
1.642001546646454881e+04 6.634157450907325281e-20 9.918487687809396144e-21
1.642631871944740487e+04 6.683535171776893517e-20 9.858542979111512869e-21
1.643262191878241356e+04 1.980261624650522966e-20 9.834778554060041601e-21
1.643892506443070670e+04 4.145620801193945084e-20 9.981903087776117614e-21
1.644522815637164604e+04 5.157123427623939536e-20 9.902500145741125814e-21
1.645153119456630520e+04 2.448337348170895508e-20 9.975381440437435843e-21
1.645783417898946936e+04 4.390738505087744299e-20 9.140936082607228097e-21
1.646413710961605830e+04 4.983843668648786468e-20 9.269358143472224764e-21
1.647043998640691643e+04 4.771006320592639496e-20 9.138740928970477474e-21
1.647674280934143462e+04 3.511161832821153413e-20 9.098775103951794964e-21
1.648304557837109678e+04 4.539176542126735664e-20 9.541806312099618974e-21
1.648934829350352447e+04 3.835121330463573025e-20 9.378417033616906035e-21
1.649565095466178900e+04 4.718180108765447376e-20 8.984944509323368891e-21
1.650195356185365745e+04 4.912277462697706308e-20 9.505329385865050253e-21
1.650825611503027540e+04 3.606152453601978266e-20 9.360159130922809465e-21
1.651455861417122287e+04 4.153693740444827640e-20 9.608423941426987125e-21
1.652086105922736169e+04 2.969635388352098954e-20 9.269640526604137625e-21
1.652716345019734217e+04 4.511692466256949824e-20 9.123003673448591194e-21
1.653346578702246916e+04 3.811588681834641274e-20 9.168028380578745636e-21
1.653976806970129837e+04 5.405589282416408308e-20 9.399272206939940391e-21
1.654607029817998773e+04 5.108458342261493794e-20 9.234419631961126017e-21
1.655237247244261016e+04 4.235087802432766819e-20 9.401615574612419072e-21
1.655867459244974452e+04 5.136886229476852134e-20 9.106874340626318044e-21
1.656497665818042151e+04 5.017959911343983104e-20 9.571915337212812553e-21
1.657127866960482424e+04 4.235284892450991797e-20 8.932713867206056774e-21
1.657758062666877595e+04 5.318252988078837155e-20 9.417049291747252536e-21
1.658388252937545258e+04 3.601816739985000443e-20 9.814658329858555898e-21
1.659018437767565774e+04 2.782828855066592741e-20 1.028598595982919872e-20
1.659648617154849126e+04 1.419296599446712052e-20 1.034970128002423631e-20
1.660278791096395071e+04 4.000133393894523118e-20 9.840492763608508736e-21
1.660908959587239588e+04 6.391978458074265468e-20 9.801080817970095562e-21
1.661539122626281824e+04 5.242000445067629684e-20 9.020555034666934750e-21
1.662169280210958459e+04 6.137603549843220953e-20 9.140488285170307189e-21
1.662799432335365418e+04 5.817159056173272608e-20 9.100510355418279443e-21
1.663429578998870420e+04 6.459152739136225377e-20 9.539376416821297864e-21
1.664059720199361254e+04 6.934613322437510602e-20 8.993038648427219756e-21
1.664689855930480553e+04 4.899250560842751788e-20 1.034608423528567969e-20
1.665319986192514625e+04 2.462134543301452446e-20 9.532638910800203548e-21
1.665950110980512909e+04 2.795130852504523595e-20 9.337299415620602753e-21
1.666580230291910266e+04 4.195254175516532968e-20 9.481412233247266990e-21
1.667210344123158939e+04 5.354338694578130496e-20 9.278626625063749642e-21
1.667840452471233948e+04 6.586664595746925424e-20 1.023650072389717920e-20
1.668470555335456083e+04 5.344571579633866599e-20 1.011631975104561806e-20
1.669100652709907081e+04 6.757827542349273719e-20 9.494196336027172370e-21
1.669730744592006158e+04 5.243096495222263159e-20 9.454453174052040361e-21
1.670360830979643288e+04 2.613579479805859777e-20 9.119232106709288778e-21
1.670990911867372779e+04 4.400483656691808488e-20 9.742804893713125409e-21
1.671620987256912849e+04 5.142527226233144716e-20 9.404253605760420410e-21
1.672251057141374258e+04 4.517918508168061003e-20 9.451092945936239577e-21
1.672881121518159489e+04 5.170423099149947741e-20 9.690206357893876000e-21
1.673511180384190811e+04 5.678623836472178134e-20 9.712502560343687747e-21
1.674141233736897993e+04 5.416107041438101831e-20 1.029317842445753851e-20
1.674771281575104877e+04 3.497090828521820517e-20 1.025538723325784887e-20
1.675401323892869914e+04 6.388485833629495943e-20 1.007704926562763229e-20
1.676031360685919572e+04 3.477156321182561319e-20 1.018809036090373207e-20
1.676649035731206095e+04 5.283651081372940238e-20 1.056276448473090013e-20
1.677279060366030535e+04 3.591207508509693270e-20 9.935540073337815076e-21
1.677909079477080013e+04 2.816333861043388308e-20 1.139114854531826099e-20
1.678539093052635872e+04 4.705187592883141747e-20 9.680933504105734418e-21
1.679169101089120522e+04 4.835535635505481304e-20 1.103199349644200895e-20
1.679799103584847035e+04 3.313623157263923701e-20 1.005955601798860459e-20
1.680429100536265832e+04 2.301578343165692523e-20 9.743043430664487743e-21
1.681059091939328937e+04 2.795915896212680981e-20 9.679560746213062664e-21
1.681689077792830722e+04 2.401857330031179231e-20 9.542025428112218462e-21
1.682319058092735941e+04 3.525133758888145715e-20 9.242340928551057114e-21
1.682949032835450998e+04 3.486953288099074543e-20 9.932757638093602496e-21
1.683579002018363099e+04 3.022308891173621256e-20 1.008460379121469557e-20
1.684208965638821246e+04 5.591182549769442727e-20 9.901990903977792136e-21
1.684838923692783283e+04 5.658732002468606020e-20 1.001981143202886948e-20
1.685468876177610946e+04 3.234280060349542550e-20 1.032437291712706203e-20
1.686098823090653968e+04 4.230587590903689813e-20 1.030381323428078826e-20
1.686728764427867281e+04 5.278913399617923245e-20 9.992653763388207490e-21
1.687358700186591159e+04 3.754876996988077914e-20 1.148136329929689880e-20
1.687988630364187702e+04 2.380774106712625635e-20 1.058507687460000656e-20
1.688618554956591834e+04 4.702260481047705522e-20 1.071702937493243778e-20
1.689248473961142008e+04 4.957048565224848652e-20 1.013876250693564905e-20
1.689878387375201419e+04 4.756374473285557741e-20 1.021917138710821703e-20
1.690508295194671155e+04 2.501221445259859416e-20 9.774126512405269464e-21
1.691138197415956165e+04 5.142944139322467333e-20 1.079171704068037177e-20
1.691768094037831906e+04 4.836698062151704621e-20 1.020964381681885545e-20
1.692397985056212929e+04 5.272592604789590196e-20 1.029227616950677379e-20
1.693027870462705687e+04 5.909294851502076492e-20 9.829487066787650360e-21
1.693657749742273882e+04 4.726750883930703704e-20 9.424907713895130786e-21
1.694275237428089167e+04 5.013748174427543768e-20 9.769796848978591801e-21
1.694905104898128411e+04 5.925674686396685981e-20 1.045970992996667637e-20
1.695534966749808518e+04 3.586406639246372254e-20 9.914071952492405608e-21
1.696164822979006567e+04 7.704993975078963281e-20 1.028774562229755112e-20
1.696794673582091491e+04 5.238322682592581252e-20 9.740665094690813636e-21
1.697424518556867042e+04 5.385576572325710808e-20 1.043896297894906905e-20
1.698054357899715978e+04 6.078228010840260971e-20 1.012806131890038617e-20
1.698684191606487366e+04 5.653297333680866681e-20 9.793712362662174981e-21
1.699314019675000964e+04 5.929044214462351498e-20 9.343250906789482762e-21
1.699943842103097631e+04 3.493520001550834549e-20 9.643696603845725851e-21
1.700573658886114936e+04 2.970975054496998404e-20 1.006763527211532080e-20
1.701203470021892281e+04 7.091485216339352747e-20 9.579177618779440045e-21
1.701833275505782512e+04 5.542251082992735158e-20 9.964365027542414743e-21
1.702463075336572729e+04 1.772665372549123006e-20 1.026267417350774510e-20
1.703092869508647709e+04 2.082989440531950371e-20 9.619787081527354098e-21
1.703722658021777170e+04 4.161374031238370562e-20 1.029853954378203180e-20
1.704352440871313229e+04 5.884963712867549235e-20 1.057482843199985365e-20
1.704982218053098040e+04 4.986677847318428021e-20 1.023651633951855930e-20
1.705611989565409021e+04 4.774242555053621209e-20 9.500485360196427582e-21
1.706241755404100695e+04 1.645892606239884654e-20 9.906988872352125853e-21
1.706871515566967719e+04 5.541638108546931925e-20 1.065225622637286164e-20
1.707501270049829327e+04 5.769683902623085758e-20 9.915036295556790941e-21
1.708131018850008331e+04 3.176973265329109515e-20 9.579568730709578869e-21
1.708760761964785706e+04 5.312023296791290795e-20 1.036509081336668485e-20
1.709390499389995966e+04 4.095376927108970229e-20 1.026873663102368351e-20
1.710020231123932172e+04 4.047999951737856518e-20 1.041525023682165283e-20
1.710649957160896520e+04 6.555423105306297398e-20 9.902473255990215253e-21
1.711279677499699392e+04 5.375769561672040726e-20 9.962497797236957340e-21
1.711909392137620671e+04 4.526937689381080145e-20 9.809340142915114588e-21
1.712539101067977390e+04 6.433166346536356858e-20 9.536682473621412519e-21
1.713168804292054847e+04 3.996787442260956967e-20 9.991283483402679164e-21
1.713798501804131229e+04 5.995250549340066135e-20 1.094277099358128652e-20
1.714428193601514795e+04 4.847829721604216365e-20 1.007432028882582637e-20
1.715057879681489067e+04 3.052705958593048319e-20 9.074931784964902125e-21
1.715687560038828451e+04 5.637316543632831299e-20 9.932749668080028004e-21
1.716317234673332132e+04 4.779630163841369605e-20 1.077439067393749989e-20
1.716946903579766877e+04 4.621437293865153444e-20 1.064982140503477745e-20
1.717576566755415843e+04 3.269397285819056930e-20 9.900149090617508274e-21
1.718206224197566553e+04 2.221869147458338055e-20 9.730558307520992538e-21
1.718835875901968757e+04 5.930366032918598565e-20 9.232807303704847862e-21
1.719465521864415496e+04 6.745448444178412633e-20 1.022985161653829980e-20
1.720095162085174888e+04 6.876871451401645842e-20 9.783576187479576637e-21
1.720724796557495210e+04 4.776464164549670548e-20 9.011891638909181421e-21
1.721354425281168733e+04 4.820798662299134777e-20 9.974296504555462927e-21
1.721984048250941123e+04 5.374703221978640714e-20 1.038442745470779229e-20
1.722613665463571670e+04 2.722916315860802016e-20 1.022677088276464054e-20
1.723243276915832757e+04 4.835022465494669123e-20 1.002920382372766286e-20
1.723872882605464474e+04 4.703140491386123699e-20 1.076467006305752054e-20
1.724502482529235567e+04 4.917014873610565641e-20 1.019594549568629010e-20
1.725132076682897241e+04 4.272182772343360350e-20 1.026478597226389786e-20
1.725761665063678811e+04 4.129967314695452453e-20 9.054555102510113758e-21
1.726391247668856158e+04 3.476001289353453479e-20 1.077715900574516325e-20
1.727020824494160115e+04 3.649900343361840258e-20 9.810817929064280113e-21
1.727650395537329314e+04 4.305660810637307775e-20 1.131838470242437092e-20
1.728279960793110149e+04 4.306855278263150431e-20 1.017093664065383636e-20
1.728909520260635691e+04 5.918419043596029401e-20 1.042100693704423991e-20
1.729526622011369545e+04 3.956114696331749453e-20 9.691062661399024395e-21
1.730156168774396428e+04 3.967305513984258607e-20 1.027703359898199646e-20
1.730785709744727501e+04 1.613942856533072819e-20 1.101276269828034712e-20
1.731415244912697381e+04 5.580059907394527007e-20 9.888864747483114133e-21
1.732044774274559313e+04 6.681895513403999101e-20 9.851756762627436041e-21
1.732674297827997725e+04 3.634419885235301671e-20 1.022822125485390848e-20
1.733303815568771461e+04 4.199884946563435900e-20 9.811006365679661580e-21
1.733933327494572586e+04 3.609667202247577487e-20 1.006873206432457088e-20
1.734562833600649901e+04 3.431113724636728235e-20 9.744951095628763976e-21
1.735192333885684639e+04 4.397874461078532527e-20 9.512938050380339700e-21
1.735821828344931055e+04 6.251820244681865473e-20 1.082657489819107633e-20
1.736451316976060843e+04 5.060067505921942531e-20 9.531502344204422596e-21
1.737080799774820480e+04 5.080958693512788731e-20 9.136234866498399497e-21
1.737710276738891116e+04 2.999796778847071373e-20 9.229569969528470570e-21
1.738339747864480887e+04 1.860039352023957627e-20 9.547335873170094141e-21
1.738969213147813207e+04 1.398481861665641972e-21 9.660874086969064011e-21
1.739598672586551766e+04 4.671093991059667520e-20 1.063198218276426718e-20
1.740228126175925718e+04 4.253040855960941091e-20 1.066564158802429422e-20
1.740857573914112800e+04 3.125847352555760155e-20 1.111057502139257405e-20
1.741487015796826381e+04 2.474669478233263246e-20 1.039085644285912128e-20
1.742116451822230374e+04 4.383900904951056041e-20 1.025235788114793472e-20
1.742745881985056985e+04 7.441983865745720122e-20 1.019179422197131121e-20
1.743375306283941973e+04 5.471352661807551871e-20 1.008829960580969220e-20
1.744004724713607720e+04 5.301739738999031483e-20 9.923177910306046593e-21
1.744634137271721556e+04 5.035861416834538186e-20 9.756929098727726901e-21
1.745263543949513405e+04 3.676737883604537591e-20 9.301705094987861752e-21
1.745880463922806666e+04 5.336225712716229496e-20 9.707518782917832257e-21
1.746509857732613091e+04 5.326894001196214307e-20 9.603852926768412966e-21
1.747139245657426727e+04 5.039726848906847468e-20 1.029694354963022094e-20
1.747768627694960014e+04 4.508110037515797036e-20 1.011635161858945277e-20
1.748398003839836747e+04 3.732974646089111407e-20 9.875335598452518553e-21
1.749027374089723526e+04 4.656519918432476592e-20 9.669046289297439971e-21
1.749656738441308698e+04 4.338995073726731955e-20 1.019990184925431783e-20
1.750286096891251509e+04 3.424675899940484120e-20 1.064650556163999299e-20
1.750915449436192648e+04 3.132896579982996029e-20 1.025498514447917972e-20
1.751544796072812460e+04 5.044820539738256929e-20 1.119963586481750412e-20
1.752174136797761457e+04 2.609964349042002501e-20 1.164387376956917361e-20
1.752803471607675601e+04 5.664129440298894469e-20 1.026430358992791540e-20
1.753432800499229052e+04 6.611143672183984354e-20 1.029642875295842053e-20
1.754062123469059225e+04 3.449429012680594660e-20 1.020880522426378082e-20
1.754691440513804991e+04 3.315001301361691874e-20 9.402778680099682797e-21
1.755320751630127052e+04 4.381984789044372921e-20 9.288311602351643813e-21
1.755950056813623087e+04 5.197308242312321043e-20 1.013060219973420853e-20
1.756579356062994702e+04 2.912439530665427479e-20 9.946692574869382822e-21
1.757208649373859953e+04 3.459874966414914561e-20 1.083731209103550044e-20
1.757837936742324382e+04 2.879251388902569933e-20 1.002133221437326504e-20
1.758467218166054954e+04 3.654345717708549797e-20 1.008130463899295167e-20
1.759096493641176494e+04 4.827490129456369124e-20 1.069241248911805210e-20
1.759725763163269221e+04 5.369130876803458801e-20 1.004328780898060756e-20
1.760355026731030011e+04 3.798641916186498663e-20 1.059405697213979045e-20
1.760984284337989084e+04 5.727787329485852432e-20 1.043684319716462345e-20
1.761613535985925773e+04 3.168634043472210833e-20 9.523995513148209573e-21
1.762242781665773146e+04 4.484003698749793426e-20 9.863959469962363862e-21
1.762872021377261626e+04 3.369581589758663731e-20 9.082469924407592086e-21
1.763501255117508481e+04 5.676027339780777372e-20 1.026019993091145979e-20
1.764130482881061471e+04 3.173449353403448617e-20 9.559788747494371024e-21
1.764759704666612743e+04 5.492384054771753867e-20 9.913438758446233720e-21
1.765388920469192090e+04 5.186887279815373617e-20 9.795139430213202502e-21
1.766018130286458836e+04 2.564880157971158027e-20 9.104267406082710440e-21
1.766647334113458783e+04 4.656381150821631713e-20 9.338052117594035981e-21
1.767276531947814874e+04 5.128472771495726072e-20 9.950424585666220339e-21
1.767905723786657836e+04 5.132110531745032787e-20 1.006652350633751429e-20
1.768534909625550063e+04 5.914629759996037113e-20 9.847162979345072757e-21
1.769164089461584808e+04 4.113403410932192691e-20 9.393782761241305939e-21
1.769793263292410484e+04 3.721595450943909331e-20 1.029723383904924280e-20
1.770422431113056882e+04 4.293039444867242054e-20 1.009544256464072357e-20
1.771051592920089752e+04 5.930523100475487566e-20 1.053514313740547793e-20
1.771680748710631815e+04 1.151612678414943051e-20 9.537617078414713170e-21
1.772309898481789423e+04 4.059738416469061861e-20 1.078786669223646181e-20
1.772939042229080223e+04 5.166262897304923410e-20 1.019004929509394403e-20
1.773568179949616751e+04 6.191629545826051979e-20 9.981875189160083649e-21
1.774197311639455438e+04 3.903242559180904221e-20 1.032220714670393604e-20
1.774826437295895084e+04 5.415596131602492645e-20 1.072348985004944965e-20
1.775455558138977722e+04 2.064000860035534659e-20 1.043356639571169288e-20
1.776084676735171161e+04 7.794139938536932670e-20 1.137572063950465345e-20
1.776713789285731036e+04 6.418350368133323974e-20 1.017846313265202839e-20
1.777342895790378680e+04 4.776697427702233106e-20 1.004195060297384090e-20
1.777971996243584726e+04 2.735289021012431077e-20 9.903308294899738495e-21
1.778601090641735209e+04 4.049712953610224273e-20 9.671736470284097895e-21
1.779217635809287094e+04 4.738957036590977157e-20 1.082427417595190311e-20
1.779846716962400023e+04 2.291242959368361958e-20 1.042615409512375652e-20
1.780475792055575948e+04 6.171020639595014208e-20 1.080064500768478495e-20
1.781104861079920738e+04 5.410734507877086203e-20 1.060119162974982363e-20
1.781733924032516734e+04 5.714147598738594164e-20 1.049148399186707897e-20
1.782362980910402257e+04 6.627314158232937851e-20 1.077719217656862004e-20
1.782992031707575370e+04 6.074035465593785926e-20 1.097146956595973393e-20
1.783621076424677449e+04 3.795579783632616300e-20 9.755842875812887219e-21
1.784250115056721552e+04 3.201584177930462080e-20 9.208530092368537998e-21
1.784879147598684722e+04 3.137366789870294755e-20 1.064484860458519410e-20
1.785508174048630099e+04 3.592210681505357264e-20 9.932373842645366580e-21
1.786137194402077512e+04 4.420381837168357962e-20 1.033015126886819315e-20
1.786766208656058734e+04 4.780925951738039442e-20 9.231286798048181693e-21
1.787395216807617544e+04 3.700794313460090344e-20 9.254441766423905150e-21
1.788024218852255581e+04 2.920252890132142570e-20 9.438411135014693461e-21
1.788653214786972239e+04 3.796642243601185694e-20 9.606308937360097983e-21
1.789282204606255254e+04 3.600046426734883218e-20 1.023235600870122612e-20
1.789911188310752914e+04 3.965056990858944278e-20 1.079526472125921586e-20
1.790540165895434620e+04 3.712161843217859436e-20 1.011921359017592361e-20
1.791169137355257772e+04 4.197463146324707185e-20 1.098605156240902205e-20
1.791798102688782092e+04 5.328475400217787228e-20 1.052814464926853437e-20
1.792427061889959077e+04 4.641962174026277718e-20 9.920074332486996857e-21
1.793056014958874948e+04 4.400569209096774837e-20 9.560889107590383229e-21
1.793684961883074720e+04 5.079735968325310669e-20 9.938562673478790524e-21
1.794313902142490042e+04 5.721377609012046048e-20 9.400443477114133985e-21
1.794930266055342508e+04 4.063864451961422530e-20 9.061759959339420000e-21
1.795559193425657577e+04 3.547441715135646003e-20 1.012034453856976503e-20
1.796188114643482186e+04 4.672423879040241499e-20 1.008624502033730954e-20
1.796817029706359608e+04 2.908301464591182957e-20 9.428606706671504415e-21
1.797445938609177392e+04 4.597667761942327129e-20 1.042711031087155038e-20
1.798074841350035422e+04 5.302640385243818005e-20 1.089281412143440546e-20
1.798703737925410314e+04 2.258548253238185844e-20 9.494776715112142253e-21
1.799332628331239903e+04 3.561228778461997262e-20 9.880406128018069917e-21
1.799961512561877316e+04 4.785209949069353415e-20 9.794783689542013303e-21
1.800590390618078527e+04 4.174694071568631052e-20 9.891270486275848254e-21
1.801219262493622227e+04 6.444752503125868233e-20 1.022674389387402000e-20
1.801848128184999950e+04 4.348073442677293701e-20 1.063280343493758707e-20
1.802476987690289388e+04 3.392926765099926086e-20 1.035161913202522479e-20
1.803105841004329341e+04 2.518492731540524829e-20 1.091218318394066791e-20
1.803734688123599335e+04 2.511239393257174018e-20 1.046947308295378356e-20
1.804363529044564712e+04 6.709843996701798131e-20 1.073926016108668268e-20
1.804992363765282425e+04 4.466654413723625533e-20 9.793977267927270659e-21
1.805621192280602554e+04 4.948488405718734583e-20 1.114897136588053986e-20
1.806250014588603153e+04 4.337123292416531360e-20 1.112761353859731002e-20
1.806878830683576234e+04 6.126311338343017210e-20 1.066065801569566274e-20
1.807507640563579116e+04 7.964241834932319017e-20 1.104918440781270317e-20
1.808136444223458602e+04 4.444030999657760841e-20 1.040498535064898016e-20
1.808765241660197717e+04 4.690663290988670404e-20 1.029069498711455153e-20
1.809394032872913886e+04 1.483956121818706907e-22 9.415151283578045850e-21
1.810022817854294408e+04 2.742222475623302571e-20 1.031714337907423504e-20
1.810651596602936115e+04 6.763797250327900427e-20 1.092917042076708342e-20
1.811280369115799112e+04 6.148985326085830908e-20 1.024540194119943388e-20
1.811909135385542686e+04 1.244108370408595700e-20 9.643930650731879714e-21
1.812537895412930084e+04 4.351912385663967370e-20 9.939566040949968741e-21
1.813166649193299600e+04 3.530864377635748264e-20 9.997136603571674547e-21
1.813795396721990255e+04 4.132932409484085648e-20 1.076319321430094226e-20
1.814424137995980709e+04 5.566040427193224831e-20 1.059870718425073984e-20
1.815052873011691554e+04 3.664801951998153919e-20 1.087568473491994910e-20
1.815681601763893923e+04 4.642549631249215078e-20 1.052573268234615939e-20
1.816310324252279679e+04 3.774823742143966602e-20 9.478228539142632166e-21
1.816939040471636690e+04 3.386169230172227619e-20 1.037086387802684695e-20
1.817567750417275238e+04 4.873010526429142721e-20 9.650965592394972029e-21
1.818196454088328028e+04 5.381551310296782423e-20 1.005710365919807738e-20
1.818825151479036867e+04 4.096850967109604885e-20 9.902097469592543844e-21
1.819453842583621372e+04 4.978321808337287835e-20 9.909313637089483988e-21
1.820082527403917265e+04 2.458926202481592628e-20 9.518814638629404806e-21
1.820711205933618476e+04 3.203242152162649561e-20 1.041034030526885093e-20
1.821339878169123403e+04 1.176430398315488914e-20 1.017848671370667018e-20
1.821968544106805712e+04 5.094812529429324859e-20 9.962633070873429179e-21
1.822597203741439807e+04 3.085951296249614006e-20 9.843140807136517269e-21
1.823225857072691724e+04 2.272562364616716433e-20 1.054650600427775224e-20
1.823854504094208096e+04 2.475230670158365840e-20 1.053081639142857133e-20
1.824483144804559925e+04 2.229184079209473791e-20 9.892136474369851851e-21
1.825111779199047305e+04 3.588542340710104707e-20 1.067780918054845218e-20
1.825727778174679406e+04 4.646993863409796117e-20 9.675719724436715619e-21
1.826356398260821516e+04 4.838852541030802947e-20 9.543910269700191907e-21
1.826985012547454971e+04 4.284067301644685248e-20 1.023831454856294416e-20
1.827613620508412714e+04 4.104604398341673849e-20 1.041717309163706674e-20
1.828242222134667099e+04 5.978201797020742494e-20 1.026685340327461114e-20
1.828870817421022730e+04 2.429170002100217207e-20 1.081605108787105693e-20
1.829499406369173812e+04 2.701512809162546501e-20 1.044920890724845294e-20
1.830127988971786908e+04 3.637680383269112630e-20 1.094445746735573201e-20
1.830756565226244493e+04 1.354862030002023909e-20 9.815008009566855700e-21
1.831385135127821559e+04 4.297500697864709875e-20 1.095858301015909483e-20
1.832013698671297243e+04 3.793264420219534232e-20 1.058426562219573167e-20
1.832642255857290002e+04 4.792297979242895233e-20 1.227249497685347343e-20
1.833270806679518500e+04 1.510285815192775481e-20 1.115966542478314826e-20
1.833899351136399855e+04 2.782101245308197840e-20 9.696203212050921476e-21
1.834527889217917982e+04 -2.087699054304081125e-21 1.025392228138862787e-20
1.835156420929479646e+04 3.811172929073901632e-20 1.121050690049075079e-20
1.835784946262665471e+04 3.507230540017633528e-20 1.154375200280221590e-20
1.836413465214808457e+04 6.044162347743716483e-20 1.124983051514809200e-20
1.837041977777464854e+04 4.800248851597356015e-20 9.767149654332004348e-21
1.837670483955531017e+04 2.336681785186872307e-20 1.023084987067720278e-20
1.838298983740554831e+04 4.180023366597961331e-20 1.073391906848888369e-20
1.838927477128806640e+04 1.413421100004924094e-20 1.022399891889105222e-20
1.839555964115011375e+04 2.777222982010691927e-21 1.051705550615218287e-20
1.840184444692929537e+04 3.853432870086847197e-20 1.060619042553678896e-20
1.840800262012330495e+04 3.265044536830630563e-20 1.072710311562294209e-20
1.841428728641368070e+04 5.104634889215865372e-20 1.066752875109369733e-20
1.842057188857324581e+04 4.714209522247392418e-20 1.040998626755542306e-20
1.842685642652615206e+04 4.238751042586020335e-20 1.082745406172559392e-20
1.843314090027456405e+04 6.955298021170681244e-20 1.138963507585147621e-20
1.843942530975382397e+04 5.919611653467396353e-20 1.149942307607719344e-20
1.844570965494354095e+04 5.274417028165285335e-20 9.968031677615027747e-21
1.845199393580123433e+04 5.628113007458025413e-20 1.054466268118401831e-20
1.845827815229558109e+04 2.678401419115183932e-20 1.025519590790096770e-20
1.846456230437288468e+04 2.993537030707660704e-20 1.084767246562805480e-20
1.847084639200148376e+04 5.493159336090248419e-20 1.055565238423167343e-20
1.847713041517236343e+04 4.871644125024855498e-20 1.066976772833398679e-20
1.848341437380946809e+04 4.033589216146073571e-20 1.099873892080044194e-20
1.848969826790352454e+04 3.169846774191478078e-20 1.056283169986857502e-20
1.849598209738378500e+04 4.479819598966728721e-20 1.067614012576537417e-20
1.850226586225795108e+04 2.753339749473958925e-20 1.002199360606427503e-20
1.850854956244974528e+04 2.099389058835630530e-20 1.107059087458858516e-20
1.851483319794420458e+04 3.100157196632288359e-20 1.059597852738707348e-20
1.852111676869294388e+04 1.547477691943002296e-20 1.118409613193699958e-20
1.852740027469239067e+04 4.198514969112292100e-20 1.091252099166924562e-20
1.853368371584928173e+04 5.375796610237063741e-20 1.109996668582828934e-20
1.853996709214293878e+04 2.496097518894581089e-20 1.052380105773230837e-20
1.854625040358102342e+04 6.032251680191252297e-20 1.090828121887544727e-20
1.855253365007015236e+04 6.451702901582619756e-20 1.089899429181877589e-20
1.855881683161783803e+04 4.642486677322296479e-20 1.128379083987155075e-20
1.856509994812473087e+04 3.049066443287036662e-20 1.037094729323387058e-20
1.857138299963785903e+04 3.935511878109588460e-20 1.100485263107791112e-20
1.857766598603548846e+04 3.982513154154122530e-20 1.082096215215618074e-20
1.858394890731379201e+04 2.789455386470819094e-20 1.016353918265845490e-20
1.859023176347458138e+04 5.615114885575528070e-20 1.032860626037622161e-20
1.859651455442984661e+04 6.590245622534901550e-20 1.005682609924629489e-20
1.860279728016456284e+04 4.695582613128703082e-20 1.082580126158914728e-20
1.860907994062978469e+04 3.570192609835260618e-20 1.071674984522953938e-20
1.861536253581612618e+04 5.841593668951890233e-20 9.826093330936692599e-21
1.862164506563527175e+04 4.377458683250580196e-20 9.990290929630467251e-21
1.862792753006650310e+04 5.635525385630734833e-20 1.062310223991990060e-20
1.863420992912850124e+04 4.465992070153667758e-20 9.985831503796021350e-21
1.864049226271021689e+04 2.611413515965997752e-20 9.897653169873308997e-21
1.864677453077393147e+04 3.659445255700995173e-20 1.100473644981229852e-20
1.865305673335545362e+04 5.280494151036685865e-20 1.079191751648139689e-20
1.865933887035464431e+04 4.768940079659343644e-20 1.058979917847376855e-20
1.866562094175077436e+04 2.585368654695673262e-20 1.024609962428515641e-20
1.867190294750608155e+04 4.434525793233900642e-20 1.089745683838952335e-20
1.867818488758270541e+04 3.623171370541849054e-20 1.091552955037601025e-20
1.868446676194829342e+04 3.793907445712986376e-20 1.158563773591828018e-20
1.869074857054240056e+04 3.071650697072334691e-20 1.048822033409778988e-20
1.869703031334869593e+04 4.401110812342623784e-20 1.206974303802320618e-20
1.870318485502688782e+04 7.663084688062347944e-20 1.095056801362476221e-20
1.870946645462639935e+04 4.045808962913335215e-20 1.059392589065079043e-20
1.871574798838677816e+04 4.133217917837106380e-20 1.144561463869169968e-20
1.872202945621239633e+04 4.256058200732520956e-20 1.136102349794366791e-20
1.872831085803758833e+04 2.797536791561164319e-20 1.060950333196942066e-20
1.873459219384632161e+04 1.533328421633710313e-20 1.078500918940800302e-20
1.874087346360605443e+04 3.108067792340858316e-20 1.154119602010782210e-20
1.874715466725104125e+04 5.530192317302314017e-20 1.072096479183978860e-20
1.875343580476528223e+04 4.867835372610073526e-20 1.060846463532418885e-20
1.875971687611610469e+04 3.603534219349556802e-20 1.006836979984635272e-20
1.876599788123759208e+04 4.403205646683912639e-20 1.144950507462235155e-20
1.877227882011335168e+04 1.007512260156757257e-20 1.084172789909932621e-20
1.877855969267263936e+04 3.670857768555057156e-20 1.133159735129682502e-20
1.878484049896526631e+04 6.548015957000899563e-20 1.141670179673322449e-20
1.879112123883135064e+04 5.352300861612145400e-20 1.217634177990147286e-20
1.879740191232116194e+04 5.930259579254610211e-20 1.157344910530467130e-20
1.880368251939643960e+04 5.589380189486801449e-20 1.434437507890321879e-20
