9.795608104237813677e+03 2.735440965212193689e-21 2.036557342920172107e-20
9.801992991129000075e+03 -1.653735148807282405e-20 1.424513655245617228e-20
9.808377883452540118e+03 2.404150787681629505e-20 1.386185678663172948e-20
9.814762781173596522e+03 2.542152357686339779e-20 1.345048563833911603e-20
9.821147684256866341e+03 2.500763204072257948e-20 1.256538395925537265e-20
9.827532592667752397e+03 3.105805083758396385e-20 1.439522284174287278e-20
9.833917506370991759e+03 3.667217562084249908e-20 1.355515305718876407e-20
9.840302425332054554e+03 1.053839742544800870e-20 1.320077175117999882e-20
9.846687349515623282e+03 8.309492665459846346e-21 1.249803469844786574e-20
9.853072278887260836e+03 3.977764223284889905e-20 1.313903217377209475e-20
9.859577625781494135e+03 2.090215189603649688e-20 1.167441772283452864e-20
9.865962575242083403e+03 3.229866771531746368e-20 1.228024107208574994e-20
9.872347529775677685e+03 6.875784382241331067e-20 1.286247453929910013e-20
9.878732489355073994e+03 3.050083567885702403e-20 1.260767356592509692e-20
9.885117453945458692e+03 4.703725526942167037e-20 1.264614194933024748e-20
9.891502423512192763e+03 1.911793390632763962e-20 1.210116783623704321e-20
9.897887398020517139e+03 -2.057169358634062712e-20 1.244740798991510399e-20
9.904272377435816452e+03 6.373056475476559470e-21 1.199829616418563686e-20
9.910657361723562644e+03 -5.509633192746939138e-21 1.187908914907599307e-20
9.917042350849136710e+03 1.540970054321831331e-20 1.164408230407656060e-20
9.923427344777996041e+03 -3.043786747476983787e-21 1.027014806604928432e-20
9.929812343475503440e+03 -1.565262899151015139e-21 1.106990627533285955e-20
9.936197346907234532e+03 3.569017581431444234e-20 1.165525937526911620e-20
9.942582355038610331e+03 1.257603772327641683e-20 1.189069946394610147e-20
9.948967367835184632e+03 1.721975348442158124e-20 1.128351514713954686e-20
9.955352385262569442e+03 4.279470047011922009e-20 1.110614554018582048e-20
9.961737407286313100e+03 2.163769635112237061e-20 1.218659341466713646e-20
9.968122433871943940e+03 1.024442710091142382e-20 1.074208983554106170e-20
9.974507464985294064e+03 3.447828805475262687e-20 1.189694451714445377e-20
9.980892500591975477e+03 1.017804938413487107e-20 1.164394038763320838e-20
9.987277540657594727e+03 -6.453226435718189293e-23 1.060642953768943386e-20
9.993662585147898426e+03 1.097639932649772392e-20 1.113720893547386197e-20
1.000004763402866411e+04 1.125591571155436663e-20 1.105926585040280068e-20
1.000643268726568203e+04 5.936788449286786585e-21 9.816193865898361269e-21
1.001281774482466244e+04 4.544869992443416302e-20 1.208129617963737129e-20
1.001920280667145380e+04 1.546918080618275757e-20 1.177634941785663220e-20
1.002558787277193187e+04 1.159930264977168814e-21 1.102422426183089786e-20
1.003197294309194513e+04 -2.146139222277858253e-20 1.085990957525608133e-20
1.003835801759742571e+04 2.647357041903136442e-20 1.099019372007966963e-20
1.004474309625416754e+04 3.056398971414939492e-20 1.065365118159045400e-20
1.005112817902831921e+04 8.959166054473156319e-21 1.140230936262494411e-20
1.005751326588571828e+04 2.145679491499763446e-21 1.046456954514312442e-20
1.006389835679238240e+04 3.023133155446621330e-21 1.171540860371651729e-20
1.007028345171437650e+04 2.046505302464458480e-20 1.132023392522288301e-20
1.007666855061771821e+04 1.607109330389051862e-20 1.150411166287617509e-20
1.008305365346851431e+04 2.053446689328710609e-20 1.086309359019119020e-20
1.008943876023284065e+04 1.721526787230585449e-20 1.093384580135278514e-20
1.009582387087690404e+04 2.948291945836441741e-20 1.050224868821129689e-20
1.010220898537445282e+04 3.129367798223217487e-20 1.151133167041738619e-20
1.010859410447162008e+04 2.226178842351152927e-20 1.119268478880019831e-20
1.011510002825853007e+04 1.777698664430842431e-20 1.060964020506247688e-20
1.012148516377655505e+04 1.175004781753169701e-21 1.112188392279876469e-20
1.012787030300257538e+04 1.514138337770678073e-20 1.065901789925940859e-20
1.013425544590259415e+04 2.405487510072884277e-20 1.038462802667821379e-20
1.014064059244295458e+04 3.237063026254135017e-20 1.069456842821572795e-20
1.014702574259014364e+04 3.483505267283393187e-20 1.077225323979204293e-20
1.015341089631038267e+04 1.824098881212160623e-20 1.076035564516561815e-20
1.015979605357013315e+04 1.450885613318022280e-20 1.109235240310043013e-20
1.016618121433568740e+04 -2.715449842281848959e-21 1.066617639787255071e-20
1.017256637857372698e+04 2.271056839111875791e-20 1.094273975330485563e-20
1.017895154625024406e+04 2.049358393255403914e-20 1.042689450639366273e-20
1.018533671733236224e+04 5.273540233425602479e-21 1.041749820714360015e-20
1.019172189178598819e+04 3.841288725594890989e-23 9.908000610925063350e-21
1.019810706957818002e+04 -3.216638816090971764e-21 1.012067265235662554e-20
1.020449225067501175e+04 4.124801940145725478e-20 1.075214967237515868e-20
1.021087743504345417e+04 1.391156125860281084e-20 1.050220156898996796e-20
1.021726262264987417e+04 7.592363146697702265e-21 9.323370101784648929e-21
1.022364781346102063e+04 3.191882909252899116e-20 1.009143205986710113e-20
1.023003300744356420e+04 4.153903589955929523e-20 1.133427771167660482e-20
1.023641820456417008e+04 3.051421334354516781e-20 1.062077874501143062e-20
1.024280340478959624e+04 2.295515747434834047e-20 1.034098966225763931e-20
1.024918860808651516e+04 3.490142700893266994e-20 1.042107411075054699e-20
1.025557381442172846e+04 9.385948280836072981e-21 1.021840964268212699e-20
1.026195902376196864e+04 3.169520743436878983e-20 1.015800324443051624e-20
1.026834423607421741e+04 3.414859850124756889e-20 1.135819696776327895e-20
1.027472945132503992e+04 2.753121495421887227e-20 9.699567747331339734e-21
1.028111466948159614e+04 1.524609074238826679e-20 1.054610651657969752e-20
1.028749989051045850e+04 1.172688969833896866e-20 1.035464467824578058e-20
1.029388511437896705e+04 2.285604011705333615e-20 1.030932811125979086e-20
1.030027034105350140e+04 1.041386922652417108e-20 1.045227487650833862e-20
1.030665557050158895e+04 4.274417227234486941e-20 1.008573671683180820e-20
1.031304080268976941e+04 2.468502643274338119e-20 1.010555887931426875e-20
1.031942603758539917e+04 1.704474452846443207e-20 9.983987633050478772e-21
1.032581127515522530e+04 -9.456230283694030423e-22 9.250290281741245097e-21
1.033219651536666424e+04 -1.086803266605373755e-23 9.572795982259862414e-21
1.033858175818648488e+04 -2.176397376440009190e-21 9.811155422249759626e-21
1.034496700358202179e+04 1.421163717426251499e-20 1.025956801328334062e-20
1.035135225152021303e+04 5.920607961651401898e-21 1.041382921043181020e-20
1.035773750196841138e+04 6.519877111555335521e-21 9.505845379365011851e-21
1.036412275489371132e+04 -8.273782134145538421e-21 9.338702407495746618e-21
1.037050801026330191e+04 2.083290599248263456e-20 1.008294844407263610e-20
1.037689326804453958e+04 6.583970865721667832e-21 9.189106046999636662e-21
1.038327852820452063e+04 1.316471889523183957e-20 9.811025741654606188e-21
1.038966379071070514e+04 1.484954326511500970e-20 9.954247666349363191e-21
1.039604905553024946e+04 1.124910593247729950e-20 1.019738850032240850e-20
1.040243432263071736e+04 4.404863174127871552e-20 1.030449188778139957e-20
1.040881959197916512e+04 2.746401602021786029e-20 1.002252531699130426e-20
1.041520486354332206e+04 7.354763805698471726e-21 1.031954781647054395e-20
1.042159013729024628e+04 1.904959334355027620e-20 9.958519107666153452e-21
1.042797541318780713e+04 1.548633111568413280e-20 1.010843664345219243e-20
1.043436069120295360e+04 -5.103216560813877019e-21 1.019243823651979843e-20
1.044074597130373695e+04 2.370041119631364299e-20 9.746157240730720904e-21
1.044713125345710068e+04 1.117516533563766790e-20 9.761460256147422551e-21
1.045351653763112154e+04 6.428088226510481009e-21 9.847453733141518177e-21
1.045990182379284488e+04 1.721876796813017748e-20 1.045275916860717594e-20
1.046628711191035291e+04 1.793290360448639762e-20 9.762886926312815949e-21
1.047279371600150989e+04 9.376345884200805811e-21 9.470095794271530892e-21
1.047917901824340515e+04 -1.268637998976073700e-20 9.145146796606422000e-21
1.048556432156831215e+04 2.182162338319460194e-20 9.940319437372048045e-21
1.049194962670905261e+04 4.555150807410635245e-21 1.041704799886650723e-20
1.049833493364079368e+04 2.032689174770566581e-20 9.791771446272552489e-21
1.050472024233136835e+04 2.557070907415376289e-20 1.125991299509482838e-20
1.051110555274848230e+04 3.021346499421305654e-20 1.178136973354694346e-20
1.051749086485998487e+04 1.447650101747916960e-20 8.895285273436153739e-21
1.052387617863357264e+04 2.263687723930402755e-20 9.989442041141317055e-21
1.053026149403719137e+04 2.987240216807833736e-20 9.771071406022998303e-21
1.053664681103865223e+04 2.436579801400424641e-20 8.885636252297670773e-21
1.054303212960585734e+04 2.626646068013781645e-20 9.894904549167216688e-21
1.054941744970670334e+04 2.127124302323516720e-20 9.949696859673504698e-21
1.055580277130913237e+04 7.035619778291621341e-21 9.083153475731875976e-21
1.056218809438109020e+04 2.136902112866011382e-20 9.376562532019104244e-21
1.056857341889056624e+04 1.654460001836287900e-20 8.807318088746782853e-21
1.057495874480557359e+04 1.482109767513310399e-20 9.303616410190406653e-21
1.058134407209415440e+04 4.209418822400068056e-20 8.888202516994108872e-21
1.058772940072431265e+04 3.328652316472993906e-20 9.419938244833837516e-21
1.059411473066422877e+04 1.597932636473416218e-20 8.802249583657890522e-21
1.060050006188191765e+04 4.879729595383310284e-20 8.748154111957945167e-21
1.060688539434554150e+04 3.899942219591931366e-20 9.711683890687036848e-21
1.061327072802322436e+04 3.129108433508620109e-20 9.122582842923892770e-21
1.061965606288321760e+04 3.813112217131824474e-20 9.162219236560535042e-21
1.062604139889364887e+04 1.995272994108305217e-20 9.116103177371914979e-21
1.063242673602278592e+04 1.785439923419176455e-20 8.401104261031046006e-21
1.063881207423885462e+04 3.112277436031924711e-20 8.574310549480030738e-21
1.064519741351015546e+04 2.312967088055797545e-20 8.910211681517434050e-21
1.065158275380493069e+04 -1.623172899880146841e-21 8.798587098969718379e-21
1.065796809509161722e+04 9.745136480766333614e-21 8.958021496674784327e-21
1.066435343733845548e+04 2.164715370812560523e-20 9.093113266731625723e-21
1.067073878051388419e+04 1.171755795165116784e-20 8.673365382644529571e-21
1.067712412458623476e+04 3.412060255304265350e-21 9.132106311444697494e-21
1.068350946952401500e+04 2.676413055394109504e-20 9.192591784648708663e-21
1.068989481529558179e+04 1.571375403988174130e-20 8.892054273005554219e-21
1.069628016194271913e+04 6.931722519527930171e-21 7.806547273941592791e-21
1.070266551704177255e+04 2.830989089729334904e-20 8.980602117953452259e-21
1.070905088799170881e+04 2.539184221649889642e-20 9.023816838718435906e-21
1.071543625979450189e+04 1.881063617393959348e-20 9.133101928438089605e-21
1.072182163227376441e+04 4.566250974551930898e-21 8.807260092185446152e-21
1.072820700539799145e+04 2.744723086506090088e-20 9.502927461477844812e-21
1.073459237914344885e+04 1.413327182002994950e-20 8.305703253067585054e-21
1.074097775423665735e+04 1.556793907790322571e-20 8.117750943748725689e-21
1.074748485089655514e+04 6.494883602685396171e-21 9.423149064584099981e-21
1.075387023569825942e+04 1.112222447989477942e-20 8.555155801008416481e-21
1.076025562098574665e+04 3.355496253676038571e-20 8.302883348233108098e-21
1.076664100672734821e+04 2.266134996771997622e-20 8.618553962928621732e-21
1.077302639289221042e+04 -3.847150557769421988e-21 8.809432000435345173e-21
1.077941177944875744e+04 -1.441661667122050889e-21 8.721691083378839181e-21
1.078579716636613921e+04 1.896827910747674905e-20 8.315236172515663230e-21
1.079218255361285264e+04 5.473993640455357024e-20 8.696542326017241225e-21
1.079856794115807861e+04 2.951481410571129140e-20 8.386063354112206885e-21
1.080495332897038134e+04 3.944315597283936591e-20 8.554584431281544664e-21
1.081133871701896351e+04 3.810100783742558640e-20 8.997535938283518641e-21
1.081772410527247121e+04 1.772365325087869462e-20 8.771003524159296775e-21
1.082410949370011804e+04 -3.019515304586357669e-21 7.967819344250670950e-21
1.083049488227063011e+04 -2.667882108787709881e-21 7.975694998872942334e-21
1.083688027095323923e+04 2.718022814007383248e-20 8.344508091166090094e-21
1.084326565971675154e+04 8.033509972451563140e-21 8.067184158975716656e-21
1.084965104853041521e+04 -5.579810631913418335e-21 8.040616604416692562e-21
1.085603643736311278e+04 -5.807312154291581491e-21 7.864116183873547127e-21
1.086242182618410698e+04 1.401044513367122036e-20 7.770374877862790890e-21
1.086880721496236765e+04 2.518899893722129055e-20 8.533354549502418932e-21
1.087519260366716117e+04 1.790331155206673674e-20 6.860784075866105783e-21
1.088157799226754651e+04 9.513727614292109598e-21 7.821483978386756048e-21
1.088796338073280094e+04 3.788679975499343098e-20 8.751515406905141691e-21
1.089434876903207260e+04 9.639589382890202583e-21 8.162774356295253051e-21
1.090073415713463328e+04 -4.375066373115940850e-21 8.595892401391302033e-21
1.090711954500972388e+04 9.375927928183687815e-21 8.172807064459297676e-21
1.091350493262663440e+04 6.605777229710181961e-21 8.008190648426960077e-21
1.091989031995470214e+04 1.480322364045472485e-20 8.074505935175391883e-21
1.092627570696317525e+04 -1.679416992284382745e-20 7.633126289124923235e-21
1.093266109362153475e+04 -9.163770375547301933e-21 8.195838337392212686e-21
1.093904647989900150e+04 9.253997979228154985e-21 8.507348761098770660e-21
1.094543186576514199e+04 2.781384807633205856e-20 8.214158210037560064e-21
1.095181725118921349e+04 1.942782048334242865e-20 8.041901669151958940e-21
1.095820263614086434e+04 2.131355773378471029e-20 8.212348636024843279e-21
1.096458802058931906e+04 2.174629712522533970e-20 7.775758915675307759e-21
1.097097340450435695e+04 1.368307742225320747e-20 7.713566566119001402e-21
1.097735878785517343e+04 1.487122029760724317e-20 7.314467238169975921e-21
1.098374417061168606e+04 9.849064980964500799e-21 7.351648661467582372e-21
1.099012955274303749e+04 2.035112740701513819e-20 7.546694890666287383e-21
1.099651493421928717e+04 8.342348271003070790e-21 7.599283492969143916e-21
1.100290031500955229e+04 2.538956118743342779e-20 7.481133965881688493e-21
1.100928569508399232e+04 1.208293528302988857e-20 7.527461479887263435e-21
1.101567107441168810e+04 1.027893714195667469e-20 7.324813461881787742e-21
1.102205645296290277e+04 -3.898167292062962921e-21 7.355142129069361194e-21
1.102844183070682084e+04 1.309497482442325510e-20 7.766419200790379301e-21
1.103482720761365090e+04 8.634424598251260183e-21 7.209858005284975969e-21
1.104121258365271933e+04 3.655033061383523249e-21 7.242567595909985129e-21
1.104759795879415833e+04 1.339710722107655120e-20 7.076906204559314889e-21
1.105398333300748709e+04 4.655974512042952949e-21 7.070995895182364922e-21
1.106036870626276686e+04 3.494555072107969901e-21 7.437866604777673556e-21
1.106675407852961507e+04 1.045941648655924071e-20 7.366551603441017444e-21
1.107313944977808205e+04 5.636567846779027874e-21 7.077113645270186448e-21
1.107952481997796531e+04 1.213343000648412178e-20 6.865848008291919038e-21
1.108591018909921877e+04 1.088099395215856489e-20 6.745821579306466959e-21
1.109229555711176909e+04 1.528302799305841639e-20 6.905079904756021317e-21
1.109868092398557928e+04 2.133694445469320229e-21 6.916525270708615740e-21
1.110506628969067060e+04 1.851669572851622916e-20 7.288700293077060454e-21
1.111145165419694422e+04 2.336075921414110247e-20 7.838728601926187612e-21
1.111783701747461964e+04 2.285234017110526134e-20 7.567867917603831649e-21
1.112422237949353621e+04 3.641300688074594827e-20 8.099166786022982786e-21
1.113060774022405712e+04 3.177080305243259369e-20 7.643948086338944295e-21
1.113711536403166065e+04 2.911041683883207994e-20 7.875706990113933444e-21
1.114350073209763468e+04 3.210634281711593195e-20 7.824343902512422089e-21
1.114988609803035069e+04 1.693878293399115808e-20 7.233921197362293313e-21
1.115627146254513536e+04 2.907069913254707430e-20 7.250197989568086486e-21
1.116265682561940957e+04 4.444439550066822698e-20 7.716605465461372475e-21
1.116904218722337828e+04 1.482054428360716819e-20 7.744666366000847311e-21
1.117542754732737376e+04 2.685138026784439295e-20 7.570766260366864597e-21
1.118181290590156277e+04 2.170888521391361714e-20 8.142479232048189600e-21
1.118819826291631398e+04 1.445412290458138410e-20 7.428743946849465024e-21
1.119458361834187599e+04 3.503738143890312148e-20 7.534941668939209095e-21
1.120096897214867568e+04 2.779388849527871684e-20 7.385791123830919099e-21
1.120735432430694345e+04 2.303536539066066244e-20 7.419603758581578203e-21
1.121373967478716440e+04 4.520277985294947132e-20 7.808218705030902693e-21
1.122012502355968536e+04 1.091726397492292827e-20 7.211827770039175191e-21
1.122651037059498049e+04 -6.072342933771860294e-21 7.070846376748195440e-21
1.123289571586341663e+04 2.367814957245882604e-20 7.537516651241582930e-21
1.123928105933561710e+04 1.016852662680561738e-20 7.498445404547031963e-21
1.124566640098186144e+04 3.156926454213115122e-20 7.542104071317955351e-21
1.125205174077283482e+04 2.853607536045580013e-20 7.251808499262062564e-21
1.125843707867899138e+04 2.551172643543133695e-20 6.857450436809515364e-21
1.126482241467089443e+04 2.627349291674514151e-20 7.295859172818293169e-21
1.127120774871916547e+04 2.164469038921185748e-20 6.916315918842154580e-21
1.127759308079440416e+04 -1.122925294584982287e-21 6.646872513472158897e-21
1.128397841086723747e+04 1.067909903060718388e-21 6.970649025241085850e-21
1.129036373890829054e+04 -4.742884805396016680e-21 6.995300328424128425e-21
1.129674906488833039e+04 1.768854832544736891e-20 7.089703209052329218e-21
1.130313438877794215e+04 2.773627734682726996e-20 7.348601699792105178e-21
1.130951971054795649e+04 3.154878590460734403e-20 7.459417402636078905e-21
1.131590503016900220e+04 9.775456653724919409e-22 7.059214827184390013e-21
1.132229034761194816e+04 3.589789862973137995e-21 6.704839609389020553e-21
1.132867566284756504e+04 2.007956133052843022e-20 7.369103132861997826e-21
1.133506097584661802e+04 2.269773512262018182e-20 7.926856728338084944e-21
1.134144628657993235e+04 3.098954700007632977e-20 7.629380943790638262e-21
1.134783159501846058e+04 4.016716043252706110e-20 7.527730181086943699e-21
1.135421690113297336e+04 3.669730710465143729e-20 7.566906518923659116e-21
1.136060220489449966e+04 2.968302693362950500e-20 6.805791272024730718e-21
1.136698750627384652e+04 2.062251079369584594e-20 7.410548428834325680e-21
1.137337280524194102e+04 1.998795270823951511e-20 7.205567771434873731e-21
1.137975810176984305e+04 2.034857125127142348e-20 7.120357226594626900e-21
1.138614339582849607e+04 3.050410239286205663e-20 7.385191632647449517e-21
1.139252868738895813e+04 2.273807276971610108e-20 6.930443353109186514e-21
1.139891397642225820e+04 2.317343936927594999e-20 6.909386158514220228e-21
1.140529926289943796e+04 1.533622694405683808e-20 7.425686645717520179e-21
1.141168454679156093e+04 4.826604403118572591e-20 7.081815915117388330e-21
1.141806982806979249e+04 1.678992740226337731e-20 6.615029867582737044e-21
1.142445510671257034e+04 3.499738466330622029e-20 6.802107520970246972e-21
1.143096307027792864e+04 2.420425887841352680e-20 6.798883514754472510e-21
1.143734835266367918e+04 5.352239805052200260e-21 6.714110032977454302e-21
1.144373363231738585e+04 2.946775050558843736e-21 7.019744242622498573e-21
1.145011890921058512e+04 -3.461642589708199597e-21 7.057237805840428472e-21
1.145650418331424589e+04 -5.615311433958112599e-21 6.228146721288664839e-21
1.146288945459995011e+04 2.172274102864918051e-20 7.061399484726414794e-21
1.146927472303868308e+04 2.328908752778812000e-20 7.096646020319107027e-21
1.147565998860184663e+04 2.049520460541603217e-21 6.805775096606022881e-21
1.148204525126092085e+04 1.037805997132271954e-20 6.403667495253671465e-21
1.148843051098695287e+04 7.380843571828509920e-21 6.762673631072376807e-21
1.149481576775169560e+04 1.766985392817616904e-20 6.689109686145561982e-21
1.150120102152614345e+04 2.814095912779833568e-20 7.054290996966124705e-21
1.150758627228211481e+04 2.005350818853199305e-20 6.316255197468696135e-21
1.151397151999072594e+04 4.824555037282610175e-21 6.311725816695002892e-21
1.152035676462364972e+04 1.402743443907585173e-20 6.583532975753808486e-21
1.152674200615222253e+04 2.927571690044381973e-20 6.809103891561337658e-21
1.153312724454804084e+04 2.211593183529439738e-20 6.757948240846280218e-21
1.153951247978261381e+04 8.651166013384983271e-21 6.375954676375364762e-21
1.154589771182748336e+04 1.861595319637018542e-20 6.646158576991217853e-21
1.155228294065431692e+04 1.376159731539803134e-20 6.311356414590870974e-21
1.155866816623444538e+04 1.733899819101109520e-20 6.728648720632198855e-21
1.156505338853990725e+04 2.015874955663446849e-20 6.222768648136509580e-21
1.157143860754182424e+04 2.332568043023547001e-20 6.435092142657888449e-21
1.157782382321236400e+04 1.130737087918028473e-20 6.482431802103848545e-21
1.158420903552289201e+04 1.879740234558624424e-20 6.349784452854427275e-21
1.159059424444529759e+04 6.010276845625893023e-21 6.079482229522543948e-21
1.159697944995119724e+04 4.763488069162556725e-21 6.105405413037419800e-21
1.160336465201234751e+04 4.795885877896544039e-21 5.960452932322282968e-21
1.160974985060051949e+04 1.729436941182671896e-20 6.416739989500452050e-21
1.161613504568748795e+04 2.569002699063277105e-20 6.525090358167087811e-21
1.162252023724532410e+04 1.334595215875976063e-20 6.154232990477583825e-21
1.162890542524537886e+04 1.706738267525004725e-20 6.214680697799739371e-21
1.163529060966001816e+04 2.373360148415924950e-20 6.240868996682310971e-21
1.164167579046071296e+04 1.793885364587704236e-20 6.207360508628513506e-21
1.164806096761960725e+04 7.024098131411094666e-21 6.099071102244465053e-21
1.165444614110857583e+04 4.621609458830650326e-22 5.888254189069708710e-21
1.166083131089947710e+04 7.265177483179836935e-21 5.506590953124360998e-21
1.166721647696451510e+04 6.706691936464227150e-21 5.986956122087012702e-21
1.167360163927530630e+04 -4.239457199529974353e-22 6.298598959979132624e-21
1.167998679780429666e+04 2.085803704539031142e-20 7.022089234424868323e-21
1.168637195252303354e+04 5.614705150497752499e-21 6.857324922919656701e-21
1.169275710340406295e+04 2.163017688442728505e-20 6.112217025767783230e-21
1.169914225041909594e+04 1.410081426520454458e-20 6.003835304689995166e-21
1.170552739354046207e+04 5.735739947344562716e-21 6.072730885910697461e-21
1.171191253274019982e+04 1.090388515618661001e-20 6.252776977525809709e-21
1.171829766799040044e+04 2.019149831055806230e-20 5.871753901391463818e-21
1.172468279926346986e+04 9.818652097425090809e-21 5.932574287950308535e-21
1.173106792653115372e+04 1.036377705816482550e-21 5.833125451734854745e-21
1.173745304976624902e+04 4.837145528850393115e-21 5.577401920417597512e-21
1.174383816894043230e+04 1.894047988799718644e-20 6.157390694426630932e-21
1.175022328402621315e+04 1.399184937235641304e-20 5.867379785989962146e-21
1.175660839499574286e+04 2.415826772327821775e-20 6.158261898344700065e-21
1.176299350182141279e+04 1.343366915827337044e-20 5.583840182195491007e-21
1.176937860447559069e+04 4.972923487460404729e-21 5.825730009962820595e-21
1.177576370293041145e+04 6.080701077143523603e-21 5.796672573565575323e-21
1.178214879715858660e+04 1.156519659785505467e-20 5.912470181366550519e-21
1.178853388713206732e+04 2.063142047171747281e-20 5.863304069307326444e-21
1.179491897282361788e+04 2.925935102732963952e-20 6.512425152711555046e-21
1.180130405420537863e+04 2.066772258456881845e-20 6.429252981696063574e-21
1.180768913125013205e+04 1.633920165448692741e-20 6.026521502021014547e-21
1.181407420393002576e+04 -7.290086527928031917e-21 6.645409477556192773e-21
1.182045927221758575e+04 5.209770709857138749e-21 6.235646399741166423e-21
1.182684433608556901e+04 1.470114412379121057e-20 6.246321639732601327e-21
1.183322939550608862e+04 2.324969565446338635e-21 6.308559012082070914e-21
1.183961445045216533e+04 1.112439628055343266e-20 6.076734608265325882e-21
1.184599950089598497e+04 2.207923449389221026e-20 6.212029450846263196e-21
1.185238454681041003e+04 1.354790251310830560e-20 6.100812871815828058e-21
1.185876958816802471e+04 -4.454553805245446257e-21 5.754888123196471622e-21
1.186527789935170222e+04 1.860472931865569130e-20 6.076378439599410568e-21
1.187166294119964368e+04 2.995741088400607804e-20 6.270063904661249116e-21
1.187804797767364471e+04 2.472273356420083073e-20 6.316200550604013521e-21
1.188443300947181342e+04 2.021510700126349780e-20 5.845147670629211969e-21
1.189081803657398632e+04 1.680469922127731356e-20 5.608083572254301782e-21
1.189720305895300589e+04 1.891347018346769400e-20 5.863712747799129667e-21
1.190358807658161641e+04 3.459296595630899418e-21 5.848067442671814957e-21
1.190997308943249482e+04 1.910395661083862232e-20 5.999949611128730639e-21
1.191635809747855637e+04 1.827852905468759136e-20 5.980148978174556235e-21
1.192274310069266539e+04 3.512583575781621569e-21 6.136556946102783554e-21
1.192912809904751884e+04 -1.920450347703720338e-21 5.994068417273895556e-21
1.193551309251610837e+04 1.933122330608652279e-20 6.032954949933301622e-21
1.194189808107128738e+04 8.456300998600700642e-21 5.969155769501992688e-21
1.194828306468602204e+04 1.548549891364579190e-20 5.845404421357365623e-21
1.195466804333319851e+04 5.974182731041098143e-21 6.183528672940589243e-21
1.196105301698582298e+04 2.582141142152662555e-20 5.931120278717296011e-21
1.196743798561688891e+04 1.769766630303616559e-20 6.211083406000629747e-21
1.197382294919924789e+04 1.419388557109436287e-20 5.942685530269211490e-21
1.198020790770605163e+04 4.057249981588476166e-21 5.366835767596362894e-21
1.198659286111029542e+04 4.860870391704257382e-21 4.839646387072120559e-21
1.199297780938508367e+04 1.557431367768416131e-20 5.123978277712000128e-21
1.199936275250346262e+04 2.690387981007798568e-20 5.598177339435222884e-21
1.200574769043855667e+04 1.205942629348802339e-20 5.765559337851819740e-21
1.201213262316353575e+04 -1.115082045885223026e-20 5.508251742242420026e-21
1.201851755065140242e+04 -2.122159020368464102e-21 5.153220698086089646e-21
1.202490247287543389e+04 1.190051927069079186e-20 5.642062012313721974e-21
1.203128738980879098e+04 2.503819346733499434e-20 5.715331293432993599e-21
1.203767230142479821e+04 1.292007299561500706e-20 5.588309764676324744e-21
1.204405720769655818e+04 1.099137906887330499e-20 5.579805636438684086e-21
1.205044210859723717e+04 4.425389800203259563e-21 5.369981837720854667e-21
1.205682700410022335e+04 2.789989181564909492e-20 5.424510108506859211e-21
1.206321189417877395e+04 1.301905557014403585e-20 5.843180606074880174e-21
1.206959677880625168e+04 2.595160972164478420e-21 5.701658141484332808e-21
1.207598165795595014e+04 1.529937332822027047e-20 5.429475689790624933e-21
1.208236653160125934e+04 2.707297010338421366e-21 5.498005402109172618e-21
1.208875139971549470e+04 1.540895223900069664e-20 5.923183049705151302e-21
1.209513626227206805e+04 1.350559379571041163e-21 6.552450299842905245e-21
1.210152111924444762e+04 1.174198272730614990e-20 5.652029137549482334e-21
1.210790597060602522e+04 1.543667369497195836e-20 5.356502348831700827e-21
1.211429081633046371e+04 -1.339180717066572953e-21 5.140092604866824766e-21
1.212067565639087843e+04 1.763861071747201839e-20 5.330999054468470794e-21
1.212706049076091040e+04 2.386944042479730148e-20 5.720462454438435311e-21
1.213344531941404239e+04 9.671785418992453665e-21 5.520313478561160102e-21
1.213983014232403548e+04 5.686382103338657435e-21 4.978679259542405006e-21
1.214621495946424693e+04 1.595568787569100764e-20 4.789406443416920256e-21
1.215259977080829594e+04 1.180215349264449278e-20 4.897996764800377676e-21
1.215898457632981444e+04 1.754034300829625722e-20 5.536549340362198391e-21
1.216536937600238343e+04 1.170295749596808251e-20 5.543428197894545711e-21
1.217175416979957845e+04 2.798066863656068051e-20 5.970530586120344067e-21
1.217813895770267118e+04 1.077021203801085428e-20 5.565597577814655581e-21
1.218452374040394898e+04 1.431575526525832497e-20 5.482795109074384256e-21
1.219103224398177008e+04 1.520852973597001589e-20 5.566690886029730335e-21
1.219741702283712766e+04 2.428041695777501235e-20 5.595586190298071913e-21
1.220380179568307540e+04 1.252663768949859745e-20 5.183224287336004373e-21
1.221018656249382184e+04 2.233425505578456064e-20 5.853941173293691165e-21
1.221657132324301347e+04 1.248043112490185817e-20 5.812444564263285774e-21
1.222295607790428949e+04 1.201411718172242733e-20 5.613340733712679410e-21
1.222934082645188391e+04 -1.687621063998418600e-20 5.960819560054523311e-21
1.223572556885892118e+04 1.558147207149392851e-20 5.861646231558003585e-21
1.224211030510001365e+04 9.787611274740225850e-21 5.558998592924735058e-21
1.224849503514867683e+04 7.104427187728346282e-21 5.522744354652415588e-21
1.225487975897890647e+04 1.548159167576660087e-20 5.620227190737093578e-21
1.226126447656476557e+04 1.321749806947585991e-20 5.368885035677223241e-21
1.226764918787985698e+04 1.159954413527554819e-20 5.472201650735646043e-21
1.227403389289855841e+04 1.185937037776667046e-20 5.335659835078757804e-21
1.228041859159455271e+04 1.207601283549159815e-20 5.369913805559983273e-21
1.228680328394201024e+04 3.643375579735737266e-21 5.110077326533674304e-21
1.229318796991511590e+04 1.188037156194165906e-20 5.111180456223288715e-21
1.229957264948745069e+04 1.300626932768116485e-20 5.450343192561452270e-21
1.230595732263356513e+04 1.210676363010545159e-20 5.543455424258784774e-21
1.231234198932720938e+04 1.718947890570344267e-20 5.403918058797845993e-21
1.231872664954249558e+04 1.811305271454981462e-20 5.754133092712441405e-21
1.232511130325408521e+04 2.705387235469044283e-20 5.715019398600690441e-21
1.233149595043558293e+04 1.430714908920322550e-20 5.244194272482248371e-21
1.233788059106142100e+04 1.190833021532786074e-20 5.333142553054205541e-21
1.234426522510554241e+04 5.938349416676411697e-21 4.937795867630754832e-21
1.235064985254229941e+04 1.595291090572236632e-20 5.064830563542249272e-21
1.235703447334621706e+04 2.241211356177897255e-20 5.297416762329753293e-21
1.236341908749091272e+04 2.219161191785399205e-21 5.117180700815915815e-21
1.236980369495142259e+04 1.390261249169482530e-20 4.706442658982679230e-21
1.237618829570128401e+04 3.258210546700599565e-21 4.571370658852379654e-21
1.238257288971544585e+04 1.726355937980931723e-20 4.666826801184566210e-21
1.238895747696784383e+04 1.327071852710229924e-20 4.860667480386331272e-21
1.239534205743289203e+04 9.910465152658259047e-21 5.396395817733501216e-21
1.240172663108511733e+04 4.049622920771821158e-21 5.192567481760277222e-21
1.240811119789898476e+04 1.534484706251404070e-20 5.246473694519998069e-21
1.241449575784839908e+04 2.118207907525273714e-20 5.094043088549498781e-21
1.242088031090833101e+04 2.055123141152414884e-20 5.155945533930474065e-21
1.242726485705296909e+04 1.516732126382863670e-20 4.764526126039357016e-21
1.243364939625705665e+04 1.232663568982761907e-20 4.972466444591833292e-21
1.244003392849487318e+04 -5.268246078198748012e-22 4.811567855805982341e-21
1.244641845374078184e+04 9.645067607579036386e-21 5.555328821907837736e-21
1.245280297196960782e+04 2.083258105470875255e-20 5.606698504275852503e-21
1.245918748315567609e+04 2.182872123908375720e-20 5.270710954099285511e-21
1.246557198727395371e+04 1.361568281163625240e-20 4.999987786824774347e-21
1.247195648429845460e+04 1.665105972793450150e-20 5.428819354783196932e-21
1.247834097420418584e+04 1.276479231009393532e-20 4.872201846607489962e-21
1.248472545696583802e+04 1.700517124845570166e-20 5.216428586624595882e-21
1.249110993255764697e+04 1.266792030739256005e-20 5.163308048458383963e-21
1.249749440095472528e+04 8.962527645581012450e-21 5.248451013639882367e-21
1.250387886213153433e+04 1.292527427895713335e-20 5.275613346508333467e-21
1.251026331606277927e+04 6.403600105836420962e-21 5.078814568166321858e-21
1.251664776272341805e+04 6.868607555250563998e-21 5.137357289678469132e-21
1.252303220208777748e+04 5.627055681994441200e-21 5.220884133928040819e-21
1.252941663413092101e+04 1.378538473237955593e-20 4.998615778914778373e-21
1.253580105882782482e+04 1.343743557425300505e-20 5.007958883994024352e-21
1.254218547615273201e+04 9.950575931625145321e-21 5.202918651764684331e-21
1.254856988608108986e+04 1.993051767746940984e-20 4.833879496865564628e-21
1.255495428858716150e+04 1.878922511425898983e-20 4.990680381574977099e-21
1.256133868364620866e+04 1.329545716935261707e-20 4.975636065263592552e-21
1.256772307123331848e+04 1.517005523737841141e-20 5.278538340600791718e-21
1.257410745132270495e+04 5.467514549657320484e-21 4.987746166622279020e-21
1.258049182388998270e+04 7.170684112368581449e-21 4.902810307063816669e-21
1.258687618890968770e+04 6.083027958332765780e-21 5.026591847278210743e-21
1.259326054635680521e+04 -4.159867417447976756e-22 4.915328623995279713e-21
1.259964489620680797e+04 5.172659481137661014e-21 3.992741373801884092e-21
1.260602923843382086e+04 -1.563446107891067125e-21 4.100027196721060313e-21
1.261241357301353673e+04 1.826186077880792422e-20 4.417516954473825857e-21
1.261879789992101905e+04 1.995401622501852885e-20 5.033199017694740321e-21
1.262518221913070920e+04 4.713366027801221708e-21 4.799411485189817827e-21
1.263156653061851284e+04 1.731207060534551636e-20 4.863134825167608123e-21
1.263795083435892775e+04 1.927974545182630597e-20 4.913902769214064528e-21
1.264433513032737574e+04 1.241131891443408005e-20 5.079435274034064132e-21
1.265071941849884570e+04 2.511462743807086480e-20 5.121545649919984965e-21
1.265710369884849024e+04 1.503539481380760413e-20 4.928765879641281876e-21
1.266348797135171844e+04 8.375424890970875211e-21 4.634098047824464369e-21
1.266987223598345190e+04 8.923200261005178783e-21 4.645397418899501007e-21
1.267625649271901420e+04 1.795749803242707866e-20 4.836415199387767139e-21
1.268276511477019085e+04 1.208258324018235158e-20 5.036805524875776781e-21
1.268914936428446163e+04 9.118010486956861633e-21 4.993478382630908670e-21
1.269553360581910238e+04 1.439671081905261645e-20 4.916149986358918691e-21
1.270191783935638341e+04 1.035482764269382802e-20 4.896530583961155153e-21
1.270830206487147007e+04 1.648643190881807895e-20 5.197715070995423880e-21
1.271468628233990239e+04 1.243934191994243477e-20 5.203799665707431962e-21
1.272107049173696396e+04 1.751046901578529794e-20 5.482480803855418945e-21
1.272745469303799837e+04 -3.244684024806277125e-21 5.065668414663576548e-21
1.273383888621820552e+04 1.074124696771463255e-20 4.895712427035985355e-21
1.274022307125339103e+04 1.018113320164278886e-20 4.959055071257342846e-21
1.274660724811877299e+04 7.617718270702590803e-21 5.144759475893636761e-21
1.275299141678973683e+04 1.084537193008498698e-20 5.239360115274542560e-21
1.275937557724194085e+04 3.660893879191943505e-21 4.976521559610826009e-21
1.276575972945061949e+04 -3.145977439080351202e-21 4.943775235360059766e-21
1.277214387339154018e+04 9.081100577830121621e-21 4.712608629533833046e-21
1.277852800904010837e+04 9.574293331243469028e-21 4.738687271467245274e-21
1.278491213637176588e+04 2.355263952349461568e-20 4.803337382904947955e-21
1.279129625536225831e+04 1.749778709969924246e-20 5.024534975834064301e-21
1.279768036598706567e+04 -7.479150202120225651e-21 5.042022571750196588e-21
1.280406446822170801e+04 1.293203081023939745e-20 4.924225854990545068e-21
1.281044856204202733e+04 6.704531906273432412e-21 4.770511949323994225e-21
1.281683264742337451e+04 -6.709450471400979504e-21 4.062013671529593381e-21
1.282321672434157153e+04 6.018466131167634942e-21 4.253037517710950968e-21
1.282960079277241312e+04 1.222138930143111194e-20 4.128381286541673386e-21
1.283598485269149387e+04 3.807365614347075421e-21 4.400747081680812601e-21
1.284236890407433202e+04 9.290339787222276218e-21 4.710641774214505992e-21
1.284875294689681141e+04 1.483102628865718108e-20 4.691682487612911692e-21
1.285513698113473583e+04 7.786982167293724576e-21 4.744823544888066163e-21
1.286152100676383634e+04 -2.238424195717289131e-21 4.315911311455293797e-21
1.286790502375998403e+04 2.206105423405523171e-20 4.862120754011523993e-21
1.287428903209880082e+04 2.266487232650081369e-20 4.812563959713198907e-21
1.288067303175647248e+04 1.111127214788755944e-20 4.860042115557233506e-21
1.288705702270834627e+04 1.304937037898934416e-20 4.984305185914125849e-21
1.289344100493046972e+04 1.767159846509600926e-20 4.532090980900814425e-21
1.289982497839878852e+04 1.188892700516981399e-20 4.714115011405759853e-21
1.290620894308923380e+04 -7.376306608179681477e-22 4.664925359956421200e-21
1.291259289897779308e+04 -9.723576929795296424e-22 5.153636119373306764e-21
1.291897684604012284e+04 -6.599661898248679769e-21 4.313573537845942420e-21
1.292536078425238702e+04 1.573269611708688017e-22 4.502285955046514266e-21
1.293174471359065683e+04 1.665131666100420135e-20 4.552284349741485663e-21
1.293812863403064330e+04 1.672017956533010401e-20 4.072355605884003703e-21
1.294451254554850129e+04 2.485730347058005196e-20 4.160642496836705326e-21
1.295089644812040569e+04 2.090039495179597105e-20 4.388350944474177801e-21
1.295728034172229854e+04 1.008696412087992305e-20 4.819259156693164586e-21
1.296366422632989452e+04 8.303291895361417207e-21 4.930762424695892978e-21
1.297004810191986871e+04 1.825694943566803647e-21 4.798738763681366622e-21
1.297643196846782303e+04 2.422784939473335757e-20 4.465678895693459835e-21
1.298281582595037798e+04 7.370490940059598030e-21 4.445576330423834155e-21
1.298919967434323735e+04 1.837118400352219942e-20 4.556244883690159618e-21
1.299558351362289250e+04 1.047555441841353564e-20 4.455843253647227693e-21
1.300196734376510358e+04 9.350450931501857697e-21 4.099520811455976026e-21
1.300835116474643837e+04 3.872514210808136890e-21 4.445039424500796795e-21
1.301473497654327184e+04 1.198548307449756059e-20 4.548263464108024457e-21
1.302111877913130411e+04 1.309377474266429693e-20 4.388018365689736872e-21
1.302750257248706839e+04 1.769342963019593808e-20 4.642969053739527125e-21
1.303388635659401916e+04 1.471513055581063387e-20 4.680737332489385292e-21
1.304027013212669226e+04 -5.918883454754418881e-21 4.577356899737164288e-21
1.304677875896159640e+04 1.144026263752444084e-20 4.695744853070634680e-21
1.305316247318288879e+04 1.272689165395234602e-20 4.510566390806177569e-21
1.305954610542855880e+04 1.093592735283712335e-20 4.573304009995557678e-21
1.306592972829814425e+04 7.851291755253308879e-21 4.724242773423969949e-21
1.307231334176848941e+04 1.137609562010529877e-20 4.275846982999588293e-21
1.307869694581533622e+04 1.709195097719932116e-20 4.566723515971552514e-21
1.308508054041520336e+04 8.693632981212526659e-21 4.951817108497576559e-21
1.309146412554486415e+04 7.918886269911258129e-21 4.572021434383396210e-21
1.309784770118042798e+04 1.088743207424430882e-20 4.494257294881643019e-21
1.310423126729881005e+04 1.473727643891589102e-20 4.750544687929091555e-21
1.311061482387618707e+04 1.610160363564914816e-20 4.713623018135185660e-21
1.311699837088871755e+04 5.345719393563269028e-21 4.446676850425297248e-21
1.312338190831375505e+04 1.177510328363560875e-20 4.510157338283157297e-21
1.312976543612714158e+04 -3.244226193624540209e-21 4.576372780931876449e-21
1.313614895430569231e+04 1.335450404397477184e-20 4.515102259810632087e-21
1.314253246282613327e+04 4.906891439076784583e-21 4.587422497109032274e-21
1.314891596166461204e+04 7.841795147181607860e-21 4.579917460152440657e-21
1.315529945079826393e+04 5.878823837163592734e-21 4.447357761902096638e-21
1.316168293020366036e+04 1.941627959294185942e-21 4.669306496512378387e-21
1.316806639985708716e+04 4.682208645798843647e-21 4.438644635778943530e-21
1.317444985973556504e+04 1.097607205770070380e-20 4.541659243782472826e-21
1.318083330981592007e+04 1.509349346146055057e-20 4.541882151134911665e-21
1.318721675007437807e+04 1.063014816476975568e-20 4.544289786861473539e-21
1.319360018048774145e+04 8.295469631022175555e-21 4.278285229050248084e-21
1.319998360103294908e+04 1.457876978458060251e-20 4.291938332494172662e-21
1.320636701168684522e+04 1.441764514662605001e-20 4.715705732345686655e-21
1.321275041242607767e+04 3.530137159124103695e-21 4.872035006670507560e-21
1.321913380322758712e+04 1.793781793769664773e-20 4.576079119404156744e-21
1.322551718406764121e+04 7.196015430782681692e-21 4.341053803097856034e-21
1.323190055492361535e+04 1.286283085281068572e-20 4.755056736803841910e-21
1.323828391577246839e+04 6.441796104030368573e-22 5.038335391554415447e-21
1.324466726659046253e+04 7.055316575346151983e-21 5.062230378476097341e-21
1.325105060735528605e+04 5.541791683341794756e-21 4.484590020019684516e-21
1.325743393804314655e+04 7.493753725512568484e-21 4.331190137208767645e-21
1.326381725863089378e+04 1.207557569769652870e-20 4.536280711988603028e-21
1.327020056909640152e+04 1.078317127604690850e-20 4.142606066369308407e-21
1.327658386941586105e+04 2.530513448863828908e-21 4.528249071460744721e-21
1.328296715956628759e+04 -8.496402344528997779e-22 4.193291327381326390e-21
1.328935043952492742e+04 -6.426326380804094800e-21 4.154240918298400240e-21
1.329573370926814641e+04 2.345334149323926930e-20 4.369844554589241590e-21
1.330211696877401664e+04 1.940396526316530948e-20 4.544230023909556407e-21
1.330850021801902767e+04 9.513279502135437582e-21 4.298110379997104966e-21
1.331488345698002922e+04 1.345582945161128951e-20 4.270021467555513960e-21
1.332126668563427666e+04 1.079188328193801058e-20 4.452446859488344426e-21
1.332764990395921814e+04 1.912140304992401490e-20 4.425923234146240353e-21
1.333403311193125228e+04 2.913980749247294296e-21 4.378646629857548071e-21
1.334041630952839114e+04 1.320547767576995018e-20 4.307753337231257328e-21
1.334679949672711155e+04 8.173117725751575196e-21 4.444684422949670607e-21
1.335318267350471797e+04 1.118322859034392694e-20 4.557190397424815689e-21
1.335956583983861674e+04 -4.452872846190367570e-22 4.009856353775532015e-21
1.336594899570593770e+04 1.307832965231886307e-20 4.269818856275177537e-21
1.337233214108378525e+04 4.920410580971387556e-21 4.097056635078379624e-21
1.337871527594910003e+04 1.876370253620048082e-20 4.337522986840305269e-21
1.338509840027985592e+04 5.426380882997540623e-21 4.031984944558026720e-21
1.339148151405275348e+04 5.982518440238664486e-21 4.291036782471914548e-21
1.339786461724524997e+04 1.742195902261617641e-20 4.296857370305958269e-21
1.340424770983488452e+04 1.400765613220772736e-20 3.942506212769780172e-21
1.341063079179844135e+04 1.646883920096621701e-20 3.975810468462296610e-21
1.341701386311388524e+04 1.131625259598863754e-20 4.306206738377132946e-21
1.342339692375831692e+04 9.275179907999409888e-21 4.293219165159163031e-21
1.342977997370875528e+04 -4.465311510971827762e-21 4.318583205238033294e-21
1.343616301294320692e+04 8.131092876962653903e-21 4.322646448259428353e-21
1.344254604143881443e+04 1.256817188090722419e-20 4.453407025934017540e-21
1.344892905917284224e+04 1.791783112402698827e-20 4.384027366244679742e-21
1.345531206612300048e+04 -1.237397471943701113e-21 4.400861774494295645e-21
1.346169506226648082e+04 6.990425188673950785e-21 4.559080228324778521e-21
1.346807804758092607e+04 5.564253708355589662e-22 3.999342468316002189e-21
1.347446102204393901e+04 8.472231627028314971e-21 4.409472150670408742e-21
1.348084398563260402e+04 1.046271098917374673e-20 4.403190263003298446e-21
1.348722693832493496e+04 1.153823045695232124e-20 4.290887449007334767e-21
1.349360988009859648e+04 1.329159698915299068e-20 4.075861776104280287e-21
1.349999281093054196e+04 1.111261620301641717e-20 4.382534162485036566e-21
1.350637573079869253e+04 4.711390007614906726e-21 4.042260832355230609e-21
1.351275863968057820e+04 1.350071596110339803e-20 4.555102107694250792e-21
1.351914153755388179e+04 1.458049826476378379e-20 4.529556266120123651e-21
1.352552442439640436e+04 7.951167550714348580e-21 4.358227681760470231e-21
1.353190730018522117e+04 1.434634602404038992e-20 4.092205250355797046e-21
1.353829016489875721e+04 4.885279637192139088e-21 4.326733191722925186e-21
1.354467301851381308e+04 2.649945814299489658e-21 4.278619948269505329e-21
1.355105586100906839e+04 5.717245943052117188e-21 4.283346246342166110e-21
1.355743869236181308e+04 1.595690559336747607e-20 4.436688348778683293e-21
1.356382151254957171e+04 2.881374304266526628e-23 4.433572793236874567e-21
1.357020432155021081e+04 2.400229098691737291e-21 4.314513030355590155e-21
1.357658711934178609e+04 -2.350998673899122794e-21 4.043031384960059836e-21
1.358296990590148380e+04 4.308127883993264106e-21 4.165086623334101835e-21
1.358935268120792898e+04 1.936180419830563195e-21 4.405473244743007480e-21
1.359573544523806595e+04 2.384759322177717191e-21 4.113979840995358303e-21
1.360211819797010321e+04 1.768892424261287590e-20 4.223877512931558062e-21
1.360850093938230202e+04 1.055690350262046570e-20 4.222427706093631041e-21
1.361500925014714994e+04 6.623253905408982813e-21 4.543224827322313294e-21
1.362139197717813840e+04 7.775931616405579727e-21 4.384137361505655014e-21
1.362777469281406957e+04 2.175346641460486161e-21 4.186468053867280890e-21
1.363415739703904546e+04 1.645824933145429792e-20 4.162439041668549515e-21
1.364054008983140375e+04 6.820522702163188693e-21 4.441869852988329400e-21
1.364692277116867444e+04 2.200866935754710563e-22 4.093539049509401300e-21
1.365330544102933709e+04 8.785125043695484241e-21 4.427822889932183178e-21
1.365968809939130915e+04 8.900525574260635550e-21 4.284321902022726157e-21
1.366607074623233893e+04 1.415921470859984380e-20 4.447972083384016532e-21
1.367245338153074044e+04 8.181262095902174796e-21 4.105750824517677276e-21
1.367883600526420923e+04 3.876604638447225328e-22 4.087440922719192158e-21
1.368521861741117027e+04 -2.600301522405696895e-21 4.215955421766732855e-21
1.369160121794949555e+04 6.789729553875549770e-21 4.048391666330383842e-21
1.369798380685693883e+04 7.160663539141671123e-21 4.255192079991164491e-21
1.370436638411213971e+04 1.735002057731349952e-20 4.170497358535528305e-21
1.371074894969298839e+04 1.459105226068208071e-20 4.177555400906770291e-21
1.371713150357768609e+04 -8.846494952996158640e-22 4.400848441843155887e-21
1.372351404574438493e+04 7.782590476148704048e-21 4.965360593956588806e-21
1.372989657617133162e+04 2.531698729513021641e-20 4.928308286121967812e-21
1.373627909483649273e+04 4.555108805221163579e-21 4.125150007695295555e-21
1.374266160171818956e+04 1.169371729251652098e-20 4.188837672927754446e-21
1.374904409679477430e+04 1.402787708921683643e-21 3.995297373445747112e-21
1.375542658004422628e+04 1.496519400212084887e-20 4.217888838663975100e-21
1.376180905144488861e+04 8.070489319261871874e-21 4.222615564141913832e-21
1.376819151097487702e+04 -6.850577252543259274e-21 3.997212040717322405e-21
1.377457395861305849e+04 2.040266225487385296e-20 4.283422998931080516e-21
1.378095639433693214e+04 2.128402329894838566e-20 4.257260049866634062e-21
1.378733881812575783e+04 9.512155664429974659e-21 4.171671905857321719e-21
1.379372122995701648e+04 1.499842439038576420e-20 4.307683456053680151e-21
1.380010362980931859e+04 2.674379144952499935e-21 4.089535082364726302e-21
1.380648601766094180e+04 9.494947208494992030e-21 4.377471370897210330e-21
1.381286839349075126e+04 2.938047674496894150e-21 4.302990260501136709e-21
1.381925075727644617e+04 8.518742753007164581e-21 4.226630245730211867e-21
1.382563310899718090e+04 7.487183001642342944e-21 4.575034649368979537e-21
1.383201544863096569e+04 3.097600598587240199e-21 4.321683883381799916e-21
1.383839777615595813e+04 5.203967338454051620e-21 4.154630534211347653e-21
1.384478009155132168e+04 1.108817346081898061e-20 4.294679587269245577e-21
1.385116239479475371e+04 7.894298314688597833e-21 3.889194898276270650e-21
1.385754468586556686e+04 6.904856835977469967e-21 3.669770189830345191e-21
1.386392696474149488e+04 1.272633064262275493e-21 3.952887920399634321e-21
1.387030923140159939e+04 6.317822228159979471e-21 4.028395176891693952e-21
1.387669148582430535e+04 7.027114991127229383e-21 3.861888219112712592e-21
1.388307372798807955e+04 1.121937085541063987e-20 4.250979463867087560e-21
1.388945595787156526e+04 1.150439940790848021e-20 4.356134200148408793e-21
1.389583817545354032e+04 1.334852170108573845e-20 4.101667171753548067e-21
1.390222038071201678e+04 2.644552533898789304e-21 4.357492852291379625e-21
1.390860257362621815e+04 7.307604220892124270e-21 4.137398290255791979e-21
1.391498475417437839e+04 1.518671658405639666e-20 4.372285157555992476e-21
1.392136692233571557e+04 1.743095814252258829e-20 4.529893297356070843e-21
1.392774907808839453e+04 2.312187535503765629e-20 4.134321234479630140e-21
1.393413122141100212e+04 8.887358815230599321e-21 3.930260757502977468e-21
1.394051335228288917e+04 1.284651223896717631e-20 4.050386811367340409e-21
1.394689547068219508e+04 3.752596546461904307e-21 4.020304327231117578e-21
1.395327757658779774e+04 1.509214259964903366e-21 4.000386223806148738e-21
1.395965966997818578e+04 9.670196363172317463e-21 4.212256223002616816e-21
1.396604175083271912e+04 -9.789180407270202292e-22 4.270514690856627071e-21
1.397242381912990822e+04 7.648977887267825972e-22 3.832748333413562356e-21
1.397880587484872922e+04 5.202751052891428995e-21 4.010201222565158513e-21
1.398518791796740697e+04 4.983188093782828857e-21 4.083721451180903854e-21
1.399156994846537600e+04 1.178647536295370337e-20 4.025441347008354418e-21
1.399795196632122679e+04 -5.164411177545924274e-22 4.266406879100023409e-21
1.400433397151370445e+04 1.198672902068075848e-20 4.152136193891952595e-21
1.401071596402203613e+04 7.964598638260735780e-21 3.784263582906907138e-21
1.401709794382488508e+04 7.167140170782144802e-21 4.150973482045279994e-21
1.402347991090125106e+04 1.698948230792475196e-21 4.499259038191767218e-21
1.402986186523663855e+04 5.429500582773739136e-21 4.759468596003357236e-21
1.403636993225040897e+04 4.204328343680603829e-21 3.921400273270226814e-21
1.404275186920860688e+04 6.469445263919685745e-21 3.896445419135201213e-21
1.404913379335403806e+04 1.535926186305760703e-20 3.617521971256070020e-21
1.405551570466583144e+04 -4.274108509105675576e-21 3.849396923770993293e-21
1.406189760312313047e+04 1.370939593532781223e-20 3.830574819952344610e-21
1.406827948870467844e+04 1.248220661521130684e-20 3.426023174370000407e-21
1.407466136138932234e+04 3.910122493105742774e-21 3.505233319225883991e-21
1.408104322115677678e+04 5.811130801968353965e-21 3.414935153456087263e-21
1.408742506798537761e+04 4.611502232832352210e-21 3.704000829061343202e-21
1.409380690185483945e+04 1.698472407478971918e-20 3.942270048466905532e-21
1.410018872274410933e+04 1.348447350681481449e-20 3.615173497148616659e-21
1.410657053063149033e+04 2.903469543037550281e-21 3.709653171461926923e-21
1.411295232549706816e+04 1.198583896883213985e-20 3.581528141728308026e-21
1.411933410731997174e+04 1.585853421415377937e-20 3.862734919783775731e-21
1.412571587607867878e+04 5.137894705975488345e-21 3.928043830710751806e-21
1.413209763175305307e+04 6.050489610372456582e-21 3.724670482019115176e-21
1.413847937432210892e+04 2.551043687610665932e-21 3.315138268477190666e-21
1.414486110376480792e+04 8.065185746717959916e-21 4.076651996347530387e-21
1.415124282006010617e+04 8.385560277812409928e-21 3.918863890704498387e-21
1.415762452318792748e+04 -1.490734018810793032e-21 3.671781600595020826e-21
1.416400621312764088e+04 7.091807861385294885e-21 3.654222181295618143e-21
1.417038788985775682e+04 4.098987752984695037e-21 3.679937862457920442e-21
1.417676955335799903e+04 8.427064241060990831e-21 3.615039756803014756e-21
1.418315120360708715e+04 9.416007701455728139e-21 3.965115429199862708e-21
1.418953284058540885e+04 1.678408070530792623e-20 4.042814084820950565e-21
1.419591446427115807e+04 6.070043730023437647e-21 3.579019611197764984e-21
1.420229607464470973e+04 1.166832158887547593e-20 4.086721893244818484e-21
1.420867767168507271e+04 2.444983173884682137e-21 3.560424866723387065e-21
1.421505925537079747e+04 6.314028865921165406e-21 3.465866413050668135e-21
1.422144082568223894e+04 9.430101354360433677e-21 3.532514162583384773e-21
1.422782238259880432e+04 2.609608831302084565e-21 3.699810688773261102e-21
1.423420392609880219e+04 7.929258823939947856e-21 3.748760647925806185e-21
1.424058545616355332e+04 7.642346911258323748e-21 3.730175102001108060e-21
1.424696697277113162e+04 8.116060866284662475e-21 3.873802345663837038e-21
1.425334847590103527e+04 1.002054737213357089e-20 3.827612099459375672e-21
1.425972996553294433e+04 5.477308490695414992e-21 3.681389643043921773e-21
1.426611144164630059e+04 1.178916260777385383e-20 3.737448720650747485e-21
1.427249290422102968e+04 4.280986421971940792e-21 3.451256886970241466e-21
1.427887435323651516e+04 3.850554641870712738e-21 3.623376276111539802e-21
1.428525578867202967e+04 -1.221198020071469786e-21 3.561751364156610183e-21
1.429163721050712593e+04 1.010220834079185665e-20 4.032420212187661884e-21
1.429801861872120026e+04 1.738993159163861175e-20 3.732675586840751638e-21
1.430440001329425104e+04 1.080366422985114789e-20 3.665527947598441102e-21
1.431078139420582011e+04 1.008748994099754349e-20 3.561854986658171072e-21
1.431716276143593495e+04 1.029557342641906440e-20 3.613188729208637992e-21
1.432354411496289686e+04 -3.658521540930869140e-22 3.486065866238672296e-21
1.432992545476766099e+04 1.040986034333131946e-20 3.705013575830822789e-21
1.433630678082909253e+04 -2.097793895481663981e-21 3.837384982644372922e-21
1.434268809312711528e+04 8.547184515399833424e-21 3.529850880440888559e-21
1.434906939164179130e+04 1.359293233893741731e-20 3.530227993375900884e-21
1.435545067635278974e+04 8.333443975798466047e-21 3.642948064627928063e-21
1.436183194723923225e+04 3.044870451627676072e-21 3.423116951291273526e-21
1.436821320428055333e+04 6.171098050521159981e-21 3.740552601579231627e-21
1.437459444745756082e+04 6.612547129054847207e-21 3.595361025886943543e-21
1.438097567674964739e+04 7.171682535576057095e-21 3.645457912777707650e-21
1.438735689213690057e+04 1.720817424770630029e-20 3.984498750032743394e-21
1.439373809359816369e+04 8.164491976795281575e-21 3.846531274749377775e-21
1.440011928111387897e+04 2.020165816098827940e-21 3.714452421115224357e-21
1.440650045466344636e+04 1.649776589307353377e-20 3.635241922471346921e-21
1.441288161422729536e+04 2.150433952186909257e-21 3.387373556840764347e-21
1.441926275978520607e+04 -2.727496220713740251e-22 3.335758204139589640e-21
1.442564389131693315e+04 5.656677452454619781e-21 3.711425304925267818e-21
1.443202500880189655e+04 1.301566244391478525e-21 3.523995613451994672e-21
1.443840611222037296e+04 5.534833771296339661e-21 3.904584183312939401e-21
1.444478720155212432e+04 1.866061178268842706e-20 3.923827612183362437e-21
1.445116827677770016e+04 4.592172054960776133e-21 3.898280396484007877e-21
1.445754933787665686e+04 1.995645465360291782e-20 4.125253128136571740e-21
1.446393038482772863e+04 8.103226001971096982e-21 3.942686713637344522e-21
1.447031141761266736e+04 6.353849791709052287e-22 3.434354167675012668e-21
1.447669243621084934e+04 7.618921156604716146e-21 3.526331166947198320e-21
1.448307344060197465e+04 -3.952456493380271577e-21 3.389685690247017328e-21
1.448945443076672564e+04 6.384138152762166756e-21 3.774322717851783726e-21
1.449583540668410569e+04 1.871387352652444220e-20 3.743656554923676241e-21
1.450221636833450248e+04 1.095941104166545658e-20 4.388488910281162410e-21
1.450859731569842370e+04 1.442527341956855635e-20 4.008644055106665619e-21
1.451497824875594597e+04 1.150040885836943010e-20 3.640915793356030996e-21
1.452135916748697855e+04 1.543232961978206269e-20 3.726915963609018409e-21
1.452774007187098687e+04 3.549665203965521685e-21 4.042099977415508442e-21
1.453412096188835494e+04 1.244456526793577590e-20 3.907370526053347118e-21
1.454050183751993609e+04 2.876288512743451503e-21 3.772183869513950468e-21
1.454688269874569414e+04 1.296419948657893264e-20 3.758150809076894124e-21
1.455326354554527643e+04 6.062216518156768907e-21 3.876546463062679589e-21
1.455964437789845215e+04 -1.393337937235170103e-22 3.750248872425076431e-21
1.456602519578585816e+04 -3.789414357026419890e-22 3.675901744471861182e-21
1.457240599918891166e+04 -1.313855781480527344e-21 3.600737533731855351e-21
1.457878678808633958e+04 3.599796795780356218e-21 4.026715214140973846e-21
1.458516756245882789e+04 1.349530648697214335e-20 3.715927422657488931e-21
1.459154832228577470e+04 1.025535926694424438e-20 3.673670290873471918e-21
1.459792906754836076e+04 2.407569643362391996e-21 3.885575605518527340e-21
1.460430979822743029e+04 9.398072255848249654e-21 3.778064996336544819e-21
1.461069051430237414e+04 8.138554753958156886e-22 3.516515278749443086e-21
1.461707121575328711e+04 3.740039380882546583e-22 3.373334338337440247e-21
1.462345190255982743e+04 1.169091351089798889e-20 3.678359466138397325e-21
1.462983257470477292e+04 6.062214961249339698e-22 3.911493995466195606e-21
1.463621323216684868e+04 4.350776718940662466e-21 3.902076836578302696e-21
1.464259387492684073e+04 4.811462342483203444e-21 3.667150561651562504e-21
1.464897450296353963e+04 1.183592750156237616e-20 3.802227461550121289e-21
1.465535511625863728e+04 1.190347027976442765e-20 3.565260522450842923e-21
1.466173571479363272e+04 6.885711078858756716e-21 3.618768584433137896e-21
1.466811629854738931e+04 6.458138467870595523e-21 3.704170045508768520e-21
1.467449686750073852e+04 9.223921895977786184e-21 3.782921510402473776e-21
1.468087742163264738e+04 4.637067031004698696e-21 3.796141887795459030e-21
1.468725796092680321e+04 1.767798679346080697e-20 4.052506836454845400e-21
1.469363848536162914e+04 3.810915194326608204e-22 4.074549209989559880e-21
1.470001899491770382e+04 2.904598435436673965e-21 4.057648402631276482e-21
1.470639948957463275e+04 2.240172828558187859e-21 3.947520192789713808e-21
1.471277996931465350e+04 6.525342727701175837e-21 3.940969092418014266e-21
1.471916043411791543e+04 -7.203939231143793545e-22 3.903604337024397379e-21
1.472554088396451152e+04 5.270841619172448854e-21 3.768444540380785513e-21
1.473192131883490583e+04 8.538393199769225180e-21 3.627534043051598496e-21
1.473842872422917389e+04 8.086304272647359811e-21 3.616413764725042097e-21
1.474480913770642110e+04 4.553994766666357507e-21 3.503455423914184284e-21
1.475118953551805680e+04 4.919865924237199912e-21 3.668224538387519693e-21
1.475756991826816375e+04 -1.111940417683724993e-21 3.532681347589620497e-21
1.476395028594152063e+04 8.252481845472327724e-21 3.532576453374577526e-21
1.477033063852249143e+04 3.994987895412926952e-21 3.691752731256186552e-21
1.477671097598947563e+04 1.212661703046327715e-20 3.618961130534449032e-21
1.478309129832364306e+04 7.601202253675335583e-21 3.658549301055168930e-21
1.478947160550428271e+04 1.184052356288267395e-20 3.449228853709232571e-21
1.479585189751432517e+04 1.426599053516153306e-20 3.793117709507035851e-21
1.480223217433393074e+04 6.077034430412691703e-21 3.684817935709329469e-21
1.480861243594282678e+04 1.775505121624309039e-20 3.834072640092761157e-21
1.481499268232164104e+04 2.672663681883274173e-21 3.681897050665456051e-21
1.482137291345162885e+04 1.444455277724828933e-20 3.592179370648456282e-21
1.482775312931474400e+04 1.132118414328256370e-20 3.819277529196262109e-21
1.483413332989010632e+04 1.096453784082799521e-21 3.573764072912213870e-21
1.484051351515798342e+04 -3.297075972168259769e-21 3.569283042763726237e-21
1.484689368510117492e+04 1.345979687299293135e-20 3.755826789708232061e-21
1.485327383969977018e+04 4.638077680410856987e-21 3.481974084932365024e-21
1.485965397893423324e+04 9.329224867008472328e-21 3.595843448652413765e-21
1.486603410278550109e+04 7.651867714225290277e-21 3.445969682596871351e-21
1.487241421123256805e+04 4.293112674742770308e-21 3.374470223501241981e-21
1.487879430425987994e+04 4.359847340409092587e-21 3.442869834205143880e-21
1.488517438184644925e+04 9.937989422966250690e-21 3.837915633238965976e-21
1.489155444397176689e+04 7.316394909020110958e-21 3.838029182350739592e-21
1.489793449061942010e+04 5.862085605171382551e-22 3.731863048591978728e-21
1.490431452176936000e+04 1.230283216178350483e-20 3.736539643930543852e-21
1.491069453740216704e+04 -4.239728104280232312e-21 3.356414050058922236e-21
1.491707453749779779e+04 -1.000720318916301479e-21 3.392686942083103785e-21
1.492345452203860805e+04 2.006438883660814964e-22 3.705393380144264807e-21
1.492983449100591861e+04 7.668552161655310071e-21 3.752310451302647268e-21
1.493621444437989521e+04 -6.339027690738632688e-22 3.694603331609992311e-21
1.494259438214014153e+04 2.849549495780674082e-21 3.565092607754231977e-21
1.494897430427035761e+04 5.201650246204582952e-21 3.556813805614572079e-21
1.495535421075062368e+04 6.101026603444720090e-21 3.179461211294340387e-21
1.496173410156157297e+04 5.686999136835479536e-21 3.178937230187933041e-21
1.496811397668286918e+04 1.526772002336638133e-20 3.400683577634054029e-21
1.497449383609828146e+04 8.797412324004167115e-21 3.365240331664271747e-21
1.498087367978791917e+04 1.229176945448109453e-20 3.409712129740354910e-21
1.498725350773227183e+04 2.087996487984315222e-21 3.089121711807654439e-21
1.499363331991167615e+04 8.502040478283156364e-22 3.012716500807597720e-21
1.500001311630934106e+04 1.131174162901580511e-20 3.501979044296660380e-21
1.500639289690561418e+04 9.014979497194382743e-21 3.658418225529916307e-21
1.501277266168083588e+04 8.684073705710905304e-21 3.345430992699753598e-21
1.501915241061603410e+04 1.968280525297061151e-21 3.213552868141145978e-21
1.502553214369383750e+04 4.274896526150483959e-21 3.024391380508145782e-21
1.503191186089483017e+04 1.222382395796755623e-21 3.378849745681375905e-21
1.503829156219899778e+04 9.223860977106020935e-21 2.966195975647590613e-21
1.504467124758849968e+04 -1.150929047413182320e-21 3.161948972123575807e-21
1.505105091704516053e+04 6.461955312348804921e-21 3.248035855209011078e-21
1.505743057054979181e+04 2.108490533161796530e-21 3.388060916648954725e-21
1.506381020808181165e+04 1.022244019201144980e-20 3.623852804613764106e-21
1.507018982962539303e+04 1.138369297163211921e-21 3.440873971264310005e-21
1.507656943516067804e+04 6.711772194297999998e-22 3.470599786959073292e-21
1.508294902466802705e+04 6.620950195579461218e-21 3.300646619126828259e-21
1.508932859812918650e+04 5.624883213329552153e-21 3.177008319816776611e-21
1.509570815552633940e+04 -5.145124841527494946e-21 2.937909419848700797e-21
1.510208769684036452e+04 8.290160237833347499e-21 3.223341044537810799e-21
1.510846722205053265e+04 6.614227455515064504e-21 3.246874702018240677e-21
1.511484673114160069e+04 9.196892858951140894e-21 3.464127455752799108e-21
1.512122622409350879e+04 6.279991725612306874e-21 3.338768011920085983e-21
1.512760570088679560e+04 1.000377312742541635e-20 3.260662161698683613e-21
1.513398516150294563e+04 1.022147839068885197e-20 3.352850280582272566e-21
1.514036460592483672e+04 6.649805632329209262e-21 3.503981795797623169e-21
1.514674403413282016e+04 -1.054397845376151888e-21 3.431052122918294937e-21
1.515312344610730906e+04 3.151499438432623869e-21 3.230466171681970048e-21
1.515950284183188160e+04 4.042162818923347490e-21 2.943048107022529138e-21
1.516588222128694906e+04 7.925406258625749775e-21 3.206033394648855556e-21
1.517226158445340843e+04 4.948993039711394890e-21 3.560560991540464931e-21
1.517864093131278787e+04 7.827620062448573968e-21 3.555575624198180731e-21
1.518502026184811257e+04 8.945329571480574204e-21 3.372832592326344783e-21
1.519139957603929906e+04 4.991743057640836582e-21 3.395970746258270506e-21
1.519777887386761176e+04 1.618819161956984471e-20 3.229877970341344649e-21
1.520415815531614498e+04 4.269273122157308883e-21 2.960937657143387605e-21
1.521053742036555741e+04 -1.886651187280285087e-22 3.168923872252602423e-21
1.521691666899662232e+04 9.483576431321972215e-21 3.663196389123731184e-21
1.522329590119143359e+04 1.192471890499900798e-20 3.476071698103047513e-21
1.522967511693281995e+04 9.262401053152519852e-21 3.283039287494441352e-21
1.523605431620087620e+04 -1.047961343650644754e-21 3.074744705941170066e-21
1.524243349897637381e+04 -4.291269207943221158e-22 3.154067079068191898e-21
1.524881266524354760e+04 9.138919079400863321e-21 3.529052876681636833e-21
1.525519181498254511e+04 7.734056490403284275e-21 3.494325131777954119e-21
1.526157094817413054e+04 1.248424348495103666e-20 3.296541873174073089e-21
1.526795006480127813e+04 4.891605136378861389e-21 3.637952937231459675e-21
1.527432916485211354e+04 1.123854571469791311e-20 3.623210008888082404e-21
1.528083590677891152e+04 3.673072328728173982e-22 3.430337922741707915e-21
1.528721498143896861e+04 1.432948667981870970e-20 3.629304460347087650e-21
1.529359403946066777e+04 1.153266306648804948e-20 3.552248070507713844e-21
1.529997308082358177e+04 -5.080398681653575679e-22 3.578054136660540703e-21
1.530635210550965712e+04 4.245560821495856263e-21 3.681988036718759558e-21
1.531273111350179170e+04 4.065610454648368146e-21 3.432037993210488245e-21
1.531911010478076241e+04 6.070972346374871860e-21 3.602229044553948960e-21
1.532548907932809016e+04 7.378998420732210815e-21 3.363416676688767274e-21
1.533186803712625078e+04 4.617411665172806033e-21 3.333552062694359347e-21
1.533824697815711443e+04 1.764245022165312640e-21 3.156405567952543889e-21
1.534462590240104510e+04 1.492883016386415503e-20 3.268485115257827648e-21
1.535100480984115529e+04 1.380064069892157971e-20 3.135657306126396178e-21
1.535738370045996817e+04 1.729491737553242010e-20 3.648518151014534712e-21
1.536376257423736934e+04 2.575544962540354770e-21 3.462432564057496187e-21
1.537014143115567640e+04 4.305296699555979697e-21 3.673758939470407629e-21
1.537652027119842569e+04 8.886449045059296310e-21 3.616048113986388346e-21
1.538289909434529181e+04 -2.475230995833210617e-21 3.336164205381886544e-21
1.538927790057863967e+04 2.496553143868735483e-21 3.454986210936546279e-21
1.539565668988211837e+04 -3.136157966284652568e-21 3.456235750384435515e-21
1.540203537892864551e+04 2.292452642844258281e-21 3.590558409267251185e-21
1.540841378617229202e+04 7.970436620547516969e-21 3.535104310556379392e-21
1.541479217643374068e+04 1.113127407841533332e-20 3.528870842623716530e-21
1.542117054969395031e+04 -3.736299698526580506e-21 3.367269883232900102e-21
1.542754890593509299e+04 3.644187072382074471e-21 3.030233796024638267e-21
1.543392724514010843e+04 4.354543265406542895e-21 3.127577237077751272e-21
1.544030556728949705e+04 8.334757153470347134e-21 3.460265527390940681e-21
1.544668387236596755e+04 2.908059286060763118e-21 3.264428097484891650e-21
1.545306216035188118e+04 1.535098141350040256e-21 3.257778093754722465e-21
1.545944043122824041e+04 7.441762947928050627e-21 3.404563857489142627e-21
1.546581868497791220e+04 1.620304788186173473e-20 3.411097266071816831e-21
1.547219692158268663e+04 8.254549154710119798e-21 3.616797402801364644e-21
1.547857514102436835e+04 -1.909676061411567658e-21 3.636285619090726192e-21
1.548495334328549870e+04 6.589655995551110411e-21 3.268966958352242232e-21
1.549133152834759676e+04 1.707856963669658463e-21 3.328014696583776765e-21
1.549770969619274547e+04 -1.619284604245512871e-21 3.297683307761279154e-21
1.550408784680305143e+04 3.704384519802687267e-21 3.256399434192160838e-21
1.551046598016176904e+04 2.335968544073076953e-21 3.374591341879037983e-21
1.551684409624914770e+04 1.196898083889405967e-20 3.572909959217217856e-21
1.552322219504798340e+04 -4.488105980387990080e-21 3.522535791315288048e-21
1.552960027654161240e+04 7.870948781444225726e-21 3.589422195530339808e-21
1.553597834071049510e+04 1.096089269942407836e-20 3.634101137710045246e-21
1.554235638753712919e+04 2.671082917944283230e-21 3.582563889925835287e-21
1.554873441700464900e+04 -5.190929881685038345e-21 3.483666196611212741e-21
1.555511242909437533e+04 1.238110969543252396e-20 3.649006447644386183e-21
1.556149042378826016e+04 2.590867881439178668e-21 3.566714773383330645e-21
1.556786840106970703e+04 4.819801897407652016e-21 3.299302681074576643e-21
1.557424636091952743e+04 1.329308892071619475e-20 3.833278747314024684e-21
1.558062430332055010e+04 8.067578478336076270e-21 3.782244946875671172e-21
1.558700222825554374e+04 5.068270504869914384e-21 3.545719185929153358e-21
1.559338013570555268e+04 3.854641588587121679e-21 3.394422020313457419e-21
1.559975802565402773e+04 2.192556283519441878e-21 3.550093422890451778e-21
1.560613589808251345e+04 3.123807710693338011e-21 3.083728168925310900e-21
1.561251375297303457e+04 4.925742368333903943e-22 3.272657367918460283e-21
1.561889159030884730e+04 -2.103428053394096574e-21 3.356359984913614291e-21
1.562526941007202186e+04 1.895456132376015745e-20 3.568048558967747328e-21
1.563164721224383175e+04 3.876705517728478706e-20 3.944939060523289471e-21
1.563802499680767869e+04 4.446493081214681009e-20 3.993308158234059794e-21
1.564440276374535824e+04 4.953812952109481852e-20 4.313877971926389277e-21
1.565078051303943721e+04 2.148658274382654734e-20 3.805599510951998523e-21
1.565715824467229140e+04 4.172886727117428769e-21 3.491719045035687273e-21
1.566353595862618749e+04 -1.118418578658672994e-22 3.153511024589656751e-21
1.566991365488368865e+04 -4.411557584710593180e-21 3.402663415858997519e-21
1.567629133342683963e+04 -2.956510276781625906e-21 3.336366322147945068e-21
1.568266899423803443e+04 3.826885634784975110e-21 3.471019346402874113e-21
1.568904663730042557e+04 1.113249249880826497e-20 3.204210073724930954e-21
1.569542426259582498e+04 3.969704281250848993e-21 3.445950876970072737e-21
1.570180187010641748e+04 1.687032509956306935e-20 3.614281900344215040e-21
1.570817945981499543e+04 7.385205320163401403e-21 3.601152729372507733e-21
1.571455703170402558e+04 5.229103259052170242e-21 3.159947932959185990e-21
1.572093458575598197e+04 1.460220230620898082e-21 3.151069514782542269e-21
1.572731212195343687e+04 6.095251320590019238e-21 3.534040248201163348e-21
1.573368964027842048e+04 2.661443094402711606e-21 3.483991160628630182e-21
1.574006714071377428e+04 -2.352299704255803854e-21 3.308321518525424171e-21
1.574644462324201595e+04 2.353443869291756115e-21 3.195603640329676459e-21
1.575282208784541217e+04 -5.678941405739725072e-22 3.500532475282132842e-21
1.575919953450685171e+04 1.248267608574753453e-20 3.685548055192344058e-21
1.576557696320915420e+04 1.379369051450829650e-20 3.536812013256394071e-21
1.577195437393373868e+04 1.583825918749951619e-20 3.695771403746890211e-21
1.577833176666415966e+04 5.141887297399825711e-21 3.577879308605051415e-21
1.578470914138249827e+04 5.820432471249749872e-21 3.392896375887564555e-21
1.579108649807193797e+04 5.765108119723683767e-21 3.305445038895680738e-21
1.579746383671413605e+04 1.284479279646536541e-21 3.542382221241546276e-21
1.580384115729250880e+04 2.004954172338122209e-21 3.467561162520639812e-21
1.581021845978968850e+04 4.046733318432354252e-21 3.178083742386191336e-21
1.581659574418781085e+04 6.372026376035647936e-21 3.629080585498505879e-21
1.582297301046965185e+04 4.794224522677505054e-21 3.469987627434357213e-21
1.582935025861736540e+04 6.359531610155043940e-21 3.852526470995781143e-21
1.583572748861492983e+04 2.483650142754730034e-21 3.287639551654086650e-21
1.584210470044430076e+04 1.212021909153159511e-20 3.634643077479519197e-21
1.584848189408767212e+04 5.692228817900099410e-21 3.447572113538957570e-21
1.585485906952837468e+04 -4.763010293299730433e-21 3.560949394740632360e-21
1.586123622674856961e+04 1.038070585717394795e-20 3.536306733838046131e-21
1.586761336573183144e+04 9.811581603348358504e-21 3.358222129455333316e-21
1.587399048646015945e+04 6.660190135004126246e-21 3.633376679861475511e-21
1.588036758891629142e+04 1.339717543451397279e-21 3.465471472472014430e-21
1.588674467308316707e+04 1.509256692244327630e-20 3.741370957264033210e-21
1.589312173894339867e+04 1.559674465450872749e-20 3.805615366507061938e-21
1.589949878648066442e+04 4.030266289737154548e-21 3.706989820860468598e-21
1.590587581567603593e+04 7.316496244625654280e-21 3.776230334766629611e-21
1.591225282651376256e+04 4.545925766846081743e-21 3.412177428776561221e-21
1.591862981897615100e+04 1.047854530859273353e-20 3.451926790006855724e-21
1.592500679304555160e+04 1.099088952666846319e-20 3.447388594332542607e-21
1.593138374870546795e+04 8.362666445845038320e-21 3.703276519703569347e-21
1.593776068593849959e+04 1.638105564490016396e-21 3.428428258944310182e-21
1.594413760472723698e+04 5.836030808226367354e-21 3.253442601967125482e-21
1.595051450505501634e+04 5.701306220630271371e-21 3.259818608259231428e-21
1.595689138690404798e+04 5.526195991374667857e-21 3.600148226951204494e-21
1.596326825025779362e+04 -2.113271309756110862e-22 3.298993320518937218e-21
1.596964509509869094e+04 6.137353928314176443e-21 3.289388972336106932e-21
1.597602192141011437e+04 1.235940539085476042e-20 3.799944583488342931e-21
1.598239872917474349e+04 8.119073258295757438e-22 3.541344525480433829e-21
1.598877551837513965e+04 2.913542097534654362e-21 3.336237019139403626e-21
1.599515228899467002e+04 4.947373152652508107e-21 3.867433558427331357e-21
1.600152904101565582e+04 1.104506996312277734e-20 3.690828925867050214e-21
1.600790577442201356e+04 5.659760858630657162e-21 3.565044420570384576e-21
1.601428248919621910e+04 3.132106000607089444e-21 3.527523030549231835e-21
1.602065918532097567e+04 1.672109890859728399e-20 3.544943819104319517e-21
1.602703586277978320e+04 1.051617322808377257e-20 3.571710543294131945e-21
1.603341252155437178e+04 1.503614565135827929e-20 3.907826310823753076e-21
1.603978916162965834e+04 1.150927078933822085e-20 3.707794617476989831e-21
1.604616578298696913e+04 2.878331297102103298e-21 3.454958358167945706e-21
1.605254238561027523e+04 3.082825093479326435e-21 3.358990241994371133e-21
1.605891896948272552e+04 5.331841890831406743e-21 3.449426673118800249e-21
1.606529553458639748e+04 2.232737867901083145e-21 3.410334702120062676e-21
1.607167208090466738e+04 9.119974314225084765e-21 3.635524098304816721e-21
1.607804860842131893e+04 5.490881323573983328e-21 3.616803646220451751e-21
1.608442511711892985e+04 1.345342863307983091e-20 3.691906722489969685e-21
1.609080160698031614e+04 1.962427095835673114e-20 3.822559628395653277e-21
1.609717807798836475e+04 1.734007610030445833e-21 3.061180657530705793e-21
1.610355453012710132e+04 2.524746912816142255e-21 3.430796747217605191e-21
1.610993096337888710e+04 -2.744395773151038469e-21 3.659738286996309710e-21
1.611630737772684006e+04 6.997699876002542584e-21 3.747660625217104827e-21
1.612268377315481303e+04 -2.281180833959012110e-22 3.300062108788513643e-21
1.612906014964534188e+04 1.198075616511672425e-20 3.499624079321097590e-21
1.613543650718131721e+04 9.540783647074593456e-21 3.204054520746729946e-21
1.614181284574599704e+04 2.712303098073852444e-22 3.057990632443298874e-21
1.614818916532326330e+04 1.050398424646356778e-20 3.581627908286118668e-21
1.615456546589557547e+04 6.560512439782922757e-21 3.423973887562861289e-21
1.616094174744609154e+04 8.684238069636707956e-21 3.497782163519030653e-21
1.616731800995856247e+04 7.364678012194990920e-21 3.742884988987422103e-21
1.617369425341560782e+04 7.831663419545588995e-21 3.756564638565413142e-21
1.618007047780093126e+04 1.286337368009947896e-20 3.733136674954897236e-21
1.618644668309656117e+04 8.337864832963947277e-21 3.431946692661775128e-21
1.619282286928765461e+04 6.682500278281602443e-21 3.597028363845423179e-21
1.619919903635620358e+04 3.028728981682408478e-21 3.477135213976342244e-21
1.620557518428580079e+04 9.917259395599310399e-22 3.739748145572556437e-21
1.621195131305914583e+04 1.488321245690804932e-21 3.393769566313547586e-21
1.621832742266071182e+04 9.989424182503852846e-21 3.512210547756346489e-21
1.622470351307232704e+04 4.444689778985312029e-21 3.827096729850655176e-21
1.623107958427800804e+04 1.978165873766927551e-20 3.838369536466633645e-21
1.623745563626119474e+04 1.835299919800818490e-20 3.554207607338503304e-21
1.624383166900467768e+04 3.803458777672470578e-21 3.729935205681142498e-21
1.625020768249237881e+04 1.828753558143429792e-20 3.792073945602174117e-21
1.625658367670711959e+04 9.710588448451271892e-21 3.637515692188570852e-21
1.626295965163297296e+04 -1.132680750391414341e-21 3.460063638199634164e-21
1.626933560725258030e+04 5.534500277002947026e-21 3.526107391946112554e-21
1.627584036961123275e+04 3.895815890743844339e-21 3.776543787657413006e-21
1.628221629417653276e+04 4.826145320996308036e-21 3.978974847632542139e-21
1.628859219937921989e+04 9.833696831817632059e-21 3.610711087415007803e-21
1.629496808520767991e+04 -3.920355364161911025e-21 3.462191953235415856e-21
1.630134395164558373e+04 8.816069056994284461e-21 3.467915036106200458e-21
1.630771979867704977e+04 6.510558485010678175e-21 3.458146743966670466e-21
1.631409562628379172e+04 1.120044671168436352e-20 3.612754707746125588e-21
1.632047143445112306e+04 6.047009330490410774e-23 3.459596182506620350e-21
1.632684722316017178e+04 1.040134446995423206e-20 3.704506313565737226e-21
1.633322299239712083e+04 7.770648897713826993e-21 3.388079580370081702e-21
1.633959874214334559e+04 6.483454159298912388e-21 3.412566701723844019e-21
1.634597447238300083e+04 9.060049539875858022e-21 3.372610416959705660e-21
1.635235018309906627e+04 1.856691481917985699e-21 3.151961280212222028e-21
1.635872587427713552e+04 -4.791865616597588751e-21 3.236777425689279529e-21
1.636510154589767990e+04 -6.950781072069228882e-22 3.314121703177436667e-21
1.637147719794574914e+04 -5.315251978445352675e-22 3.385740983737160652e-21
1.637785283040466675e+04 4.858610299281387506e-21 3.154183518986049711e-21
1.638422844325819460e+04 8.658289598807064744e-21 3.368153509709407939e-21
1.639060403648932697e+04 7.254739740711762261e-21 3.498124227304065145e-21
1.639697961008185302e+04 1.485000233699090686e-20 3.100005887444995223e-21
1.640335516401934728e+04 4.706868625883949355e-21 3.201840933142647382e-21
1.640973069828576990e+04 1.114161780878127633e-20 3.722123596788253100e-21
1.641610621286374226e+04 1.459117538564946854e-20 3.473369167862677620e-21
1.642248170773734091e+04 1.306824088448919126e-20 3.732576121816881200e-21
1.642885718289010038e+04 9.069399383940387492e-21 3.851999798083236440e-21
1.643523263830582800e+04 4.953814515617910496e-21 4.002758440115789440e-21
1.644160807396770542e+04 -1.981677610869316507e-21 3.411218495518370012e-21
1.644798348985952180e+04 1.348490748092455130e-20 3.720751038453338812e-21
1.645435888596579389e+04 1.540864293013876192e-20 3.554976269729737146e-21
1.646073426226740412e+04 -7.184510004420875937e-21 3.410685375029826927e-21
1.646710961875120847e+04 1.244735992880362531e-20 3.774913847621895145e-21
1.647348495539849318e+04 1.388525875952768810e-20 3.978677906048225051e-21
1.647986027219527386e+04 4.206762645780492477e-21 3.417311497955099089e-21
1.648623556912242202e+04 4.756764238013842949e-21 3.644755627812442707e-21
1.649261084616582230e+04 4.725751871508324909e-21 3.581236324296227875e-21
1.649898610330693555e+04 1.278299678545823504e-20 3.413149378499129396e-21
1.650536134053268324e+04 7.563547131335543231e-21 3.771258981530419817e-21
1.651173655782387868e+04 -2.365707756174191871e-21 3.715939419432603183e-21
1.651811175516474759e+04 1.526753669103409766e-20 3.628767649461937245e-21
1.652448693253995589e+04 9.177002028264869220e-21 3.797506346883842144e-21
1.653086208993315449e+04 3.437316490821706419e-21 3.856089306100751584e-21
1.653723722732716124e+04 -2.881969686220625942e-21 3.668639602573245942e-21
1.654361234470619092e+04 9.181256436087997146e-21 3.565676968466449241e-21
1.654998744205347612e+04 9.984215574693270523e-21 3.525242502283999220e-21
1.655636251935372275e+04 1.131694660036317771e-20 4.060371906614751701e-21
1.656273757659071271e+04 5.460934335490791374e-21 3.679210648327755964e-21
1.656911261374679816e+04 8.576714306073819039e-21 3.761420479982873337e-21
1.657548763080708522e+04 6.190534143883121036e-21 3.663757123413826293e-21
1.658186262775452997e+04 1.154426846217900673e-20 3.560926938984082203e-21
1.658823760457429671e+04 6.453005328433322449e-21 3.526003034413369582e-21
1.659461256124871943e+04 9.992519561015592954e-21 3.783779730576849783e-21
1.660098749776212935e+04 1.208548745894748106e-20 3.803971631465001071e-21
1.660736241409790091e+04 -3.341921834263493680e-21 3.400068125045530327e-21
1.661373731024119843e+04 -1.252931482890600864e-21 3.349011359706999946e-21
1.662011218617448685e+04 6.560068751783400341e-21 3.580621618017229811e-21
1.662648704188162083e+04 7.120048116415323631e-21 4.040870707907821668e-21
1.663286187734736450e+04 -2.552216496076168830e-21 3.880147818596122321e-21
1.663923669255509958e+04 1.154791373816355050e-20 4.082174427868074277e-21
1.664561148748873529e+04 1.432132727268599162e-20 3.837225182304713682e-21
1.665198626213214447e+04 1.408582338059964923e-20 3.787155325427319692e-21
1.665836101646890165e+04 1.018521917691033870e-20 3.772287533057468924e-21
1.666473575048367638e+04 2.638048542142410885e-21 3.873201534729210722e-21
1.667111046415944656e+04 3.444132611819767341e-21 3.333170613107474823e-21
1.667748515748028876e+04 1.184598691999948800e-20 3.577303293455620353e-21
1.668385983043085071e+04 6.864088274908423186e-21 3.830442559625355193e-21
1.669023448299509255e+04 6.222693762014888871e-21 3.679875538345820259e-21
1.669660911515552652e+04 7.561843555713437231e-21 3.426727734128656393e-21
1.670298372689743701e+04 9.782596034010841831e-21 3.765888817409570953e-21
1.670935831820416206e+04 6.827169333337936825e-21 3.552572982354811957e-21
1.671573288906010202e+04 5.540348003354248427e-21 3.795443991786390841e-21
1.672210743944894057e+04 1.136065878468157797e-20 4.012529069911169936e-21
1.672848196935469241e+04 -5.659803921645741681e-22 3.488846835208530754e-21
1.673485647876089934e+04 5.864765403169730520e-21 3.382983196641988263e-21
1.674123096765245282e+04 7.425296942598372350e-21 3.706834750801755846e-21
1.674760543601286190e+04 9.292647111111917095e-21 3.934939688144744785e-21
1.675397988382571202e+04 2.811957441068616653e-21 3.244860173656259207e-21
1.676035431107595650e+04 9.462601508421546506e-21 3.697492431091206818e-21
1.676672871774686064e+04 1.105487550873642843e-21 3.597540312394380849e-21
1.677310310382319585e+04 7.997587983080117303e-21 3.880139867126051336e-21
1.677947746928809647e+04 1.078518982832913274e-20 3.681565709903100286e-21
1.678585181412579914e+04 4.155692676283445908e-21 3.387738448307170448e-21
1.679222613832103525e+04 -1.547078588290994021e-21 3.477349927375826031e-21
1.679860044185723746e+04 -5.373935808182509152e-22 3.956179187255685327e-21
1.680497472471891888e+04 3.790074417194310921e-21 3.738991777614090956e-21
1.681134898688988324e+04 1.437421950584251948e-20 3.953862063002029917e-21
1.681772322835378145e+04 1.305013843526957706e-20 4.030366270507752540e-21
1.682409744909519577e+04 8.264505579544520795e-21 3.616520607420756716e-21
1.683047164909869025e+04 1.076152475127982420e-20 3.900214647987275964e-21
1.683684582834784305e+04 1.781507224534639072e-20 3.924341983525959131e-21
1.684321998682614867e+04 9.541962178883212904e-21 4.063506700426391555e-21
1.684959412451912431e+04 9.539667093755805133e-21 3.637213809248547423e-21
1.685596824141016987e+04 1.554702359918296966e-20 4.058250161252188367e-21
1.686234233748342740e+04 1.296166795287190523e-20 3.813626779203578847e-21
1.686871641272284614e+04 3.339615138719840209e-21 3.488666675209065358e-21
1.687509046711258270e+04 8.227714097176661260e-21 3.891475904208810163e-21
1.688146450063697921e+04 8.814825009165558489e-21 3.848519932184602851e-21
1.688783851328071614e+04 6.469829741700191878e-21 3.605664246936406045e-21
1.689421250502728799e+04 1.564523740827336158e-20 4.018132462885512015e-21
1.690058647586088046e+04 1.005387051952012600e-20 3.586597900542295890e-21
1.690696042576631226e+04 7.226677197526537469e-21 3.543118690090126262e-21
1.691333435472717974e+04 -1.776542274748951003e-21 3.595873770086397105e-21
1.691970826272836712e+04 7.563867241874097409e-21 3.932806316301436984e-21
1.692608214975268857e+04 1.434787946954842285e-20 3.832723702106541421e-21
1.693245601578594869e+04 8.258333991959458066e-21 3.688394328132039339e-21
1.693882986081129638e+04 6.601216530313082493e-21 4.338829750144848295e-21
1.694520368481319383e+04 -3.019286382099854656e-21 4.343334871219063904e-21
1.695157748777675806e+04 -1.608516080271204863e-21 3.610492263127371399e-21
1.695795126968558179e+04 1.289874966080388237e-20 3.457757992426063722e-21
1.696432503052371976e+04 7.150055963031950424e-21 3.825096785371582411e-21
1.697069877027498296e+04 6.043421917405973089e-21 3.881144005125160237e-21
1.697707248892519783e+04 1.171918584746225497e-20 3.746928510347700236e-21
1.698344618645778246e+04 4.932252762897910916e-21 4.187305526526381524e-21
1.698981986285680614e+04 3.819624765243784903e-21 3.805046125816897122e-21
1.699619351810656008e+04 1.376852681790716028e-20 3.711695973306147464e-21
1.700256715219129546e+04 1.213996681595060248e-20 3.628624419247981680e-21
1.700894076509631122e+04 2.907058080194627160e-21 3.526284340878243727e-21
1.701531435680524373e+04 6.769803599366779586e-21 3.553260371892584563e-21
1.702168792730171117e+04 8.064097931672073708e-21 3.959727511477281235e-21
1.702806147657092151e+04 4.342855101150115596e-22 3.621651706998117422e-21
1.703443500459728602e+04 9.157751374627293782e-21 3.476866621771636852e-21
1.704080851136515412e+04 1.107254075745072387e-20 3.861691687099033675e-21
1.704718199685863874e+04 1.569193593931450293e-20 3.982620633837171665e-21
1.705355546106159454e+04 9.538849934324166320e-21 3.307425057334194631e-21
1.705992890395868380e+04 7.465127943235840503e-22 3.299006828649558856e-21
1.706630232553452151e+04 1.419191922853771172e-20 3.796287829195782492e-21
1.707267572577417013e+04 7.837458189856188414e-21 3.682636517746693368e-21
1.707904910466082947e+04 -1.004372129204415660e-21 3.726379350485388851e-21
1.708542246217986394e+04 1.399953454118058891e-20 3.519121462624381986e-21
1.709179579831455339e+04 1.051872716197589872e-20 3.418549368976395459e-21
1.709816911305021131e+04 3.213712820577800723e-21 3.158178033367095486e-21
1.710454240637120529e+04 5.584710389478100911e-21 3.623536662084526408e-21
1.711091567826203391e+04 -1.990754311931788622e-22 3.745665906874093767e-21
1.711728892870643540e+04 3.888792366730877606e-21 3.930134758239270943e-21
1.712366215768908296e+04 1.283166721921459435e-20 3.936656894566677041e-21
1.713003536519460249e+04 8.975948511097400969e-21 4.109809659610951215e-21
1.713640855120818742e+04 6.505382044434571493e-21 3.960545011777439547e-21
1.714278171571362327e+04 -5.143916625377411790e-21 3.950963439738232479e-21
1.714915485869446275e+04 5.456576264562294806e-21 4.070661001401584660e-21
1.715552798013672509e+04 1.672552072400443635e-20 4.102100285841756119e-21
1.716190108002381385e+04 1.960981069502966519e-21 3.806840960899347523e-21
1.716827415834611384e+04 3.164529103468811516e-21 3.854439579907802192e-21
1.717477710053263945e+04 1.031570667112743446e-20 3.894414765155497673e-21
1.718115014309124672e+04 6.409250389621122624e-21 3.687476635002389532e-21
1.718752316403173609e+04 -1.850458696013360445e-21 3.519010280654122075e-21
1.719389616333915183e+04 -1.868993756578462022e-21 4.006662703527099462e-21
1.720026914099825444e+04 5.125211980593358451e-21 3.783567632386955339e-21
1.720664209699241110e+04 2.975667850477860701e-21 3.488389134416649115e-21
1.721301503130732817e+04 -2.372426940018214812e-22 3.214579993105364621e-21
1.721938794392686759e+04 3.908747951949863153e-22 3.087784240178664111e-21
1.722576083483578986e+04 8.556350353165440060e-22 3.615970253642526956e-21
1.723213370401844440e+04 1.749186222267165513e-20 3.730222923593563659e-21
1.723850655146018107e+04 1.258588712958365086e-20 3.650302323053397446e-21
1.724487937714386135e+04 5.533046475196989058e-21 3.401545584136841685e-21
1.725125218105662134e+04 7.725580403549029460e-21 3.751645294070202049e-21
1.725762496318025296e+04 9.075288921575668194e-21 3.426213221142834762e-21
1.726399772350213607e+04 6.620613834350984395e-21 3.595625330715409440e-21
1.727037046200478289e+04 1.162318551282411954e-20 3.880962235579639698e-21
1.727674317867303762e+04 1.701665185698038571e-21 3.858051252328651364e-21
1.728311587349244655e+04 2.449868897436980340e-21 3.751985634299881655e-21
1.728948854644688618e+04 3.273706229880101206e-21 3.634461647269823236e-21
1.729586119752139348e+04 2.200520767137226764e-21 3.990581012965565490e-21
1.730223382670046340e+04 4.288655151503408938e-21 3.569528419632981387e-21
1.730860643396896558e+04 1.008042570243074805e-20 3.952651790611473594e-21
1.731497901931084925e+04 1.416471280881997680e-20 3.879790947907595417e-21
1.732135158271169712e+04 8.451991382271664995e-21 3.357120927593147026e-21
1.732772412415479266e+04 -7.078899719139087006e-22 3.317427247984688433e-21
1.733409664362663170e+04 1.451681325252525648e-21 3.258280862120250584e-21
1.734046914111050501e+04 1.342410461905111711e-20 3.727113756012750283e-21
1.734684161659198435e+04 -2.175340269555659933e-21 3.443167354472734597e-21
1.735321407005476431e+04 8.763699946762458013e-21 3.888451228629689604e-21
1.735958650148432571e+04 1.271260789452954629e-20 3.524805661711150680e-21
1.736595891086513075e+04 6.143704650703197612e-21 3.687666522869329134e-21
1.737233129818166708e+04 1.434050416891717561e-20 3.788455674837900181e-21
1.737870366341953559e+04 9.701662288369452583e-21 3.621632319986660608e-21
1.738507600656164504e+04 9.856507004322337645e-21 3.801946468630588742e-21
1.739144832759476776e+04 1.183673903356807171e-20 3.758334618284267706e-21
1.739782062650225271e+04 3.690189518281207787e-21 3.561581323268947767e-21
1.740419290326930059e+04 9.731941963762866940e-21 3.668861227355324086e-21
1.741056515788030811e+04 1.262507449935128746e-20 3.680483197872479595e-21
1.741693739032081430e+04 4.783433259080744314e-21 3.372591347465968032e-21
1.742330960057534321e+04 1.223397870864664562e-20 3.879408787575180784e-21
1.742968178862798231e+04 9.076313877622029146e-21 3.572988938660481845e-21
1.743605395446393595e+04 9.197624091088432770e-21 3.984068646960725711e-21
1.744242609806799010e+04 3.093976564250539039e-21 4.215658830276697918e-21
1.744879821942491981e+04 9.555032168450858122e-23 4.004711614289102666e-21
1.745517031851996217e+04 7.682828996176305760e-21 4.200749948996589322e-21
1.746154239533699001e+04 5.704606116032891040e-21 4.504534498685536165e-21
1.746791444986122224e+04 6.001038043709018471e-21 3.965110496670669980e-21
1.747428648207741571e+04 3.446382823326085919e-21 3.869592853707119784e-21
1.748065849197045827e+04 1.619034828894246291e-20 3.746744426885729884e-21
1.748703047952517227e+04 9.560227625162646073e-22 3.485339566759505883e-21
1.749340244472635459e+04 8.358965787562147359e-21 3.711604574806663363e-21
1.749977438755930780e+04 1.094715166534781183e-20 4.155049808419429545e-21
1.750614630800794112e+04 -1.919418422300402659e-21 3.453905275439625334e-21
1.751251820605754983e+04 1.159681152310309907e-21 3.472510175095520498e-21
1.751889008169297449e+04 5.424897740836045704e-22 3.457299400736609390e-21
1.752526193489906655e+04 5.219809856620859381e-21 3.693875587519420563e-21
1.753163376566064835e+04 1.295083954737748581e-21 3.863381985642173566e-21
1.753800557396297518e+04 1.531169734629491136e-20 3.585669854800196121e-21
1.754437735978965429e+04 8.648870773656213919e-21 3.781953522421207845e-21
1.755074912312690140e+04 7.811056207859319122e-21 4.375767613159437365e-21
1.755712086395936785e+04 1.140663411502048889e-20 4.011106070789048629e-21
1.756349258227103928e+04 6.490299718028813207e-21 3.882347282049091205e-21
1.756986427804792766e+04 9.745948415014271794e-21 3.886021085225259168e-21
1.757623595127448061e+04 1.296255112266590493e-20 3.590936808398841089e-21
1.758260760193560054e+04 2.922580656198471845e-21 3.518844877035987195e-21
1.758897923001663366e+04 8.940664881429084121e-21 4.068596623854733762e-21
1.759535083550160562e+04 4.317324778227632238e-21 3.657087049675096804e-21
1.760172241837531328e+04 3.392691143287904397e-21 3.556724736076801707e-21
1.760809397862369224e+04 6.599300240144916968e-21 3.618002686693922861e-21
1.761446551623121923e+04 8.488887962174620837e-21 4.103394006302792255e-21
1.762083703118328049e+04 2.258654597875273199e-21 4.190747045757856706e-21
1.762720852346347237e+04 6.233279521576441040e-21 4.208586909600407063e-21
1.763357999305807607e+04 1.097673213700544331e-20 4.132111261125589130e-21
1.763995143995182298e+04 1.130499707934717727e-20 3.593802815626944515e-21
1.764632286412877511e+04 4.248048639168030157e-21 3.435488677610958236e-21
1.765269426557500628e+04 1.125309845215104005e-20 3.951599016938853449e-21
1.765906564427505145e+04 7.781894949342156409e-21 3.826415609229504418e-21
1.766543700021385666e+04 1.097930556656925721e-20 3.870610191838757220e-21
1.767180833337632066e+04 5.805267037577505848e-21 3.670635663685804183e-21
1.767817964374752773e+04 -9.961223126721475539e-22 3.247208934989815020e-21
1.768455093131223475e+04 2.815871733100491598e-21 3.738142611998446910e-21
1.769092219605544597e+04 1.007519470230518562e-20 3.600520557773180412e-21
1.769729343796282046e+04 8.992634790507120047e-21 3.395849919251378313e-21
1.770366465701891866e+04 5.213760667753790044e-21 3.685912501334880305e-21
1.771003585320875936e+04 9.921234247208625606e-22 3.571327601156537693e-21
1.771640702651734682e+04 -2.247830212390934775e-21 3.544892161763069002e-21
1.772277817692970712e+04 5.885640376953366413e-21 3.510108925893545289e-21
1.772914930443086268e+04 6.935280240601932595e-21 3.682741675571063791e-21
1.773552040900517750e+04 6.674696140208754821e-21 3.775340622174717453e-21
1.774189149063893638e+04 -2.284180120802325388e-21 3.809693680645092762e-21
1.774826254935691395e+04 8.616792147101795784e-21 4.021718396221537145e-21
1.775463367483628826e+04 1.210367553378206344e-20 4.026326301134104971e-21
1.776100482100594672e+04 7.357690541596044181e-21 3.760505278399246110e-21
1.776737594417233413e+04 7.088992013427595351e-21 3.926215275458574215e-21
1.777374704432206272e+04 4.882926022132853032e-21 3.768098461267551551e-21
1.778011812143886709e+04 1.229747554770821408e-22 3.683996629086285209e-21
1.778648917550849728e+04 4.899942885914433402e-21 3.757513480415047252e-21
1.779286020651645595e+04 6.656638991749633888e-21 3.823845223220956303e-21
1.779923121444738717e+04 7.584712164865959681e-21 3.601463953522900168e-21
1.780560219928616061e+04 3.845935610228820146e-21 3.557328858118381049e-21
1.781197316101828983e+04 1.607932470883417920e-20 3.884413003528881121e-21
1.781834409962813515e+04 3.898876132587410813e-21 3.987458365250283971e-21
1.782471501510178132e+04 4.128890967373294709e-21 3.836191090788873824e-21
1.783108590742321394e+04 9.430396161610985604e-21 3.810694524841679535e-21
1.783745677657887427e+04 3.803085532930765425e-21 4.023855207015622010e-21
1.784382762255277703e+04 7.275375232665439384e-21 3.903728422418557772e-21
1.785019844533091600e+04 1.643669190957980058e-21 3.847164672757293517e-21
1.785656924489799712e+04 8.651189560457608324e-21 3.523082048816252910e-21
1.786294002123914106e+04 1.091081533949927518e-20 3.667937521685306980e-21
1.786931077433880637e+04 1.461719612190280927e-20 3.596869931294070960e-21
1.787568150418348159e+04 1.465178429769244661e-20 3.723415844638648919e-21
1.788205221075740701e+04 6.235797783183507461e-21 3.946143962280625881e-21
1.788842289404618714e+04 4.908411245442824955e-21 3.629846457645651602e-21
1.789479355403381487e+04 5.429663475352700463e-21 3.822008115016988612e-21
1.790116419070724078e+04 9.685914941590063049e-21 3.705380532294405976e-21
1.790753480405078517e+04 3.681502711091715373e-21 3.848445346610898126e-21
1.791390539404960509e+04 2.400377942347102577e-21 4.092377251953028673e-21
1.792027596068822095e+04 3.110052162733709345e-21 3.426210122731420723e-21
1.792664650395312856e+04 6.266606587143239502e-21 3.586645470298366715e-21
1.793301702382862641e+04 -1.647960916222076950e-21 3.812954149278191185e-21
1.793938752029992247e+04 1.003191662904466995e-20 3.890871953226803536e-21
1.794575799335239935e+04 3.510516425046335964e-21 3.636442295052274100e-21
1.795212844297171978e+04 2.788557164754804701e-21 3.775007230110908780e-21
1.795849886914242234e+04 8.514025704078301543e-21 3.750791169338209338e-21
1.796486927185014065e+04 9.217815367291452814e-21 4.054740066427065555e-21
1.797123965107943877e+04 1.430349652070534863e-20 3.932172190673227306e-21
1.797761000681613950e+04 -7.217879653590669704e-22 3.616256042066985831e-21
1.798398033904458498e+04 6.554296585094011336e-21 3.304800680136757494e-21
1.799035064775158389e+04 3.412845352553164900e-21 3.643441243812987204e-21
1.799672093292126374e+04 1.557315915479816552e-20 3.838276590458181540e-21
1.800309119453886524e+04 7.254069553083541296e-21 3.974815308093784447e-21
1.800946143259027667e+04 9.439460773169591126e-21 4.025243499694473772e-21
1.801583164705964737e+04 7.181896850688211065e-21 3.697408408031323063e-21
1.802220183793353863e+04 8.369982237137241521e-21 4.166502407360660596e-21
1.802857200519611069e+04 1.478785434901883359e-20 4.067818116113153329e-21
1.803494214883327004e+04 1.163800708758250274e-20 3.610247473968965311e-21
1.804131226882983538e+04 -6.558863049399604531e-21 3.846491772012224700e-21
1.804768236517129844e+04 5.032310298917446265e-21 4.006396276070821071e-21
1.805405243784270351e+04 2.106195986834672285e-21 3.837680258321054132e-21
1.806042248682976424e+04 9.470491227289511091e-22 3.441615215288349828e-21
1.806679251211773226e+04 1.650189677556152569e-21 3.291414603443899354e-21
1.807316251369185920e+04 4.869222376263864401e-21 3.437033437876371163e-21
1.807953249153682918e+04 5.267248316208285765e-22 3.576512444746067519e-21
1.808590244563836677e+04 4.774016472133482784e-21 3.878727127234974096e-21
1.809227237598242573e+04 1.427362348276309917e-21 3.677320700332082317e-21
1.809864228255255512e+04 1.816012811207577312e-20 3.953087566692593487e-21
1.810501216533536717e+04 6.880290795081100097e-21 3.783776198865987623e-21
1.811138202431661193e+04 2.653525851647708067e-21 3.940754336965181334e-21
1.811775185948027502e+04 1.428372501371955344e-20 3.594263496550645196e-21
1.812412167081255757e+04 1.414809499623631660e-20 3.981544189923817220e-21
1.813049145829855843e+04 1.011821736510836020e-20 3.957101095385007701e-21
1.813686122192381299e+04 9.547041830753309802e-21 3.820251840192176130e-21
1.814323096167322365e+04 1.236749185143256732e-20 3.596796266125313227e-21
1.814960067753232579e+04 1.454210410294316301e-21 3.934277319180527253e-21
1.815597036948710956e+04 9.939910059720412990e-21 3.977542477158128749e-21
1.816234003752118588e+04 1.014467667628159175e-20 3.672012211655018092e-21
1.816870968162111967e+04 6.192649446506079007e-21 3.784312507192670167e-21
1.817507930177233720e+04 -1.048786013967577030e-20 3.539299762913926920e-21
1.818144889795974814e+04 5.000762011531694772e-21 3.805007062878430092e-21
1.818781847016957909e+04 5.783758034917916782e-21 3.836257080890800020e-21
1.819418801838589570e+04 8.492078274528899738e-21 3.856365981714878890e-21
1.820055754259535024e+04 3.255798226556999195e-21 3.402096319875317249e-21
1.820692704278222664e+04 1.996076778828950599e-20 4.220141696185427389e-21
1.821329651893212213e+04 3.311989404799151063e-20 4.025368365957440939e-21
1.821966597103081949e+04 9.205293408372231198e-21 4.009716417934306249e-21
1.822603539906373408e+04 1.037554157802949427e-20 3.953917420164172405e-21
1.823240480301535717e+04 4.963630457504148238e-21 3.523840117862662799e-21
1.823877418287194450e+04 -1.137594517139445296e-21 3.855173161984607007e-21
1.824514353861932614e+04 1.188539254045683806e-21 3.593887490871330665e-21
1.825151287024158955e+04 4.484565787014003667e-21 3.667338771343161176e-21
1.825788217772455755e+04 4.634147629860337818e-21 3.740828812468371227e-21
1.826425146105451859e+04 7.596567930524715778e-21 3.846078198878704908e-21
1.827062072021598578e+04 5.177774720178587147e-21 3.602586756091578158e-21
1.827698995519453456e+04 1.378753133190482029e-20 3.789636848549489725e-21
1.828335916597542746e+04 7.356621765538458890e-22 3.576167372276198911e-21
1.828972835254429447e+04 -4.674825409934066528e-21 3.745392739224105635e-21
1.829609751488720576e+04 1.379185670789588866e-21 3.820775783065821933e-21
1.830246665298828157e+04 1.158533951462050355e-20 4.036639114236059169e-21
1.830883576683381034e+04 1.378290196672608108e-20 3.676750974539996654e-21
1.831520485640879633e+04 9.128823636543169125e-21 3.624135737099174874e-21
1.832157392169909872e+04 6.163987716877290265e-21 3.883541165113847829e-21
1.832794296268973267e+04 7.490282322505755314e-21 3.935434431365264052e-21
1.833431197936613535e+04 1.107576872875860798e-20 3.864238578271001434e-21
1.834068097171460613e+04 1.512000604093553963e-20 4.065732228715177819e-21
1.834704993971929798e+04 9.047950659185284395e-21 3.648557580099562410e-21
1.835341888336653938e+04 1.066561079522202569e-20 3.805108811325059924e-21
1.835978780264220404e+04 1.542030647224633889e-21 3.589612073478922257e-21
1.836615669753045586e+04 2.612459567377028888e-21 3.492283546446730692e-21
1.837252556801719402e+04 -4.765500903446569901e-21 3.451257373595347957e-21
1.837889441408874336e+04 8.259954642652486785e-21 3.473535149552297178e-21
1.838526323572970796e+04 4.696556009990320464e-21 3.676275384055545037e-21
1.839163203292553226e+04 5.985715019360230425e-21 3.966835355027496968e-21
1.839800080566190081e+04 3.975217375633853381e-21 3.720209955366323108e-21
1.840436955392411619e+04 1.026250755904347088e-20 3.825617287528830046e-21
1.841073827769808486e+04 8.806495409363289831e-21 3.937565675910206962e-21
1.841710697696928037e+04 5.417074529616660848e-21 3.669643943080776915e-21
1.842347565172277245e+04 6.911865112588655163e-21 3.767565116588567891e-21
1.842984430194427114e+04 -8.060261918934795855e-22 4.033235421792792213e-21
1.843621292761904988e+04 9.668753438501669501e-21 4.007667927464602361e-21
1.844258152873346262e+04 1.178391419227124441e-20 4.210765451390466961e-21
1.844895010527173145e+04 2.594248109216495610e-22 3.929310129579651315e-21
1.845531865722020666e+04 6.445310056143562362e-21 3.781145017153512674e-21
1.846168718456439819e+04 7.919078071078192777e-22 4.110616769047346652e-21
1.846805568728939397e+04 1.016192815629456652e-20 3.630392738560142284e-21
1.847442416538091857e+04 2.023193655589243504e-21 3.522442770084366722e-21
1.848079261882470018e+04 1.116433134363433499e-20 3.910220870395113498e-21
1.848716104760583403e+04 -5.622741549446891283e-22 3.745648287038024809e-21
1.849352945171005194e+04 3.959324418435450134e-21 3.928583251883390891e-21
1.849989783112309669e+04 9.042462443799725793e-21 3.805347184893025513e-21
1.850626618582964147e+04 5.557098071966069685e-21 3.508156783102614429e-21
1.851263451581627669e+04 9.259530690512767439e-21 3.812110906977921903e-21
1.851900282106834129e+04 -3.914967680612724174e-21 3.719344775600363615e-21
1.852537110157050847e+04 9.222990563515676113e-21 4.202452461270807314e-21
1.853173935730935409e+04 -2.199901485890155289e-21 4.321771892741301798e-21
1.853810758827023164e+04 5.628725078277465366e-21 4.169626432654564298e-21
1.854447579443826180e+04 3.498578003719621924e-21 4.068369004177559164e-21
1.855084397579900906e+04 3.572078101219160073e-21 3.393406197033914872e-21
1.855721213233801609e+04 9.078637171868905439e-21 3.721207233472334726e-21
1.856358026404190241e+04 5.231475542783826794e-21 3.458803399838055856e-21
1.856994837089474458e+04 -5.220065885150546486e-22 3.683654365418281172e-21
1.857631645288294749e+04 -5.586601812036992617e-21 3.826805676207366128e-21
1.858268450999186098e+04 -2.032466194678271896e-21 3.958071880976416356e-21
1.858905254220663119e+04 9.183471560690631861e-21 3.760713895125982484e-21
1.859542054951388491e+04 3.555741208683569206e-21 3.903434651759964763e-21
1.860178853189833899e+04 1.322046154645194024e-20 3.785767922676966088e-21
1.860815648934601268e+04 8.223698113496203348e-21 3.949080487685496002e-21
1.861452442184204119e+04 1.044964545485512244e-20 3.958391361597341161e-21
1.862089232937178895e+04 4.885095145413435473e-21 3.960997266202226935e-21
1.862726021192127155e+04 1.038224447537847524e-20 3.862098276813651340e-21
1.863362806947670833e+04 9.816927003430995427e-21 4.036270268188223345e-21
1.863999590202283798e+04 8.262984750341733595e-21 3.753427456922426774e-21
1.864636370954504673e+04 7.124362960606383353e-22 3.970504809924150560e-21
1.865273149202976492e+04 6.769174838400984191e-21 3.988606035613269499e-21
1.865909924946174215e+04 6.120038784581375308e-21 3.897041627915803240e-21
1.866546698182700857e+04 -2.353650098138538437e-21 3.497467662358756683e-21
1.867183468911220916e+04 7.414511508561694284e-21 3.435943847261124030e-21
1.867820237130084206e+04 7.713271797478104224e-21 3.918562641414829654e-21
1.868457002837977780e+04 -1.896791695450105676e-21 3.850659764613954004e-21
1.869093766033462452e+04 2.681646017854754086e-21 4.029260728560383125e-21
1.869730526715036103e+04 5.436506770780659448e-21 4.021001376567716056e-21
1.870367284881299929e+04 1.361025909964081339e-20 4.279552030157754601e-21
1.871004040530859129e+04 1.207032801145283729e-20 4.290154286057343988e-21
1.871640793662296346e+04 4.537902233147848731e-21 4.060718045354277203e-21
1.872277544274006141e+04 -5.452785139109399846e-22 4.115858572277774872e-21
1.872914292364655921e+04 1.200014661186580745e-20 3.878059814828502235e-21
1.873551037932808322e+04 6.911683332742770019e-21 3.875573047799310154e-21
1.874187780977068542e+04 3.162405875111203501e-21 3.688088799880868113e-21
1.874824521495914450e+04 5.261888958971692313e-21 3.754744454202521878e-21
1.875461259487973439e+04 3.779576548471013338e-21 3.721994688057558019e-21
1.876097994951871078e+04 -4.357432633516700016e-21 3.679354256211095255e-21
1.876734727885961183e+04 2.075264186772091495e-21 3.923329633512653558e-21
1.877371458289017392e+04 4.003733832496209775e-21 4.014052853428995979e-21
1.878008186159458273e+04 5.532404694087345219e-22 3.421082173916327499e-21
1.878644911495909037e+04 8.466040921074386566e-21 4.005895594474059330e-21
1.879281634296934863e+04 7.361334983423745394e-21 4.251924519799423088e-21
1.879918354561143497e+04 1.138088552148358891e-20 3.618717057646166670e-21
1.880555072287036819e+04 2.367516342513726280e-20 6.194710981287341923e-21
