1.699153637922303096e+04 5.787213523378297675e-20 1.494282410950010135e-20
1.700218939440525719e+04 1.747013386244260875e-20 8.997392632547279226e-21
1.701284243701021842e+04 -6.296607135062103559e-21 9.161640662649447751e-21
1.702349550697129234e+04 -4.909296310188854698e-21 8.242494662843309365e-21
1.703414860421835328e+04 2.148929183575690019e-20 8.984984729592454053e-21
1.704480172868652517e+04 2.647958944826314912e-20 8.446789585465401501e-21
1.705545488030640990e+04 2.576142552952486394e-20 8.553360671870379499e-21
1.706610805900995183e+04 -5.235350194238734441e-21 7.832005851740789051e-21
1.707676126472918259e+04 2.519062383791036879e-21 9.047521097156083506e-21
1.708741449739611926e+04 1.435299994275860442e-20 8.447009489304918058e-21
1.709806775693926102e+04 5.818483173137652883e-21 7.832606962302260621e-21
1.710872104329883950e+04 -1.578132509384146054e-20 7.552571761066210875e-21
1.711937435640100011e+04 1.698506929686003303e-20 7.378715203962615394e-21
1.713002769617949889e+04 -8.690636415214373763e-21 7.221936647374631387e-21
1.714068106256657848e+04 7.609777731704980130e-21 7.380461901288982636e-21
1.715133445549140379e+04 2.765289889122502925e-20 8.970836290492401345e-21
1.716198787489201641e+04 -3.524531264560380754e-22 7.854314866639792363e-21
1.717264132069823972e+04 1.261440633136743576e-20 7.618228198335073257e-21
1.718329479284105764e+04 3.167432775280995897e-20 7.745419694165062435e-21
1.719394829125592878e+04 8.100907865290153501e-21 8.009212286558420060e-21
1.720460181587389525e+04 -6.843081162362353778e-21 8.253399473330573171e-21
1.721525536662700688e+04 9.823536528952834950e-21 8.283513223202790720e-21
1.722590894344522894e+04 1.480918605174305767e-20 8.026182655650495711e-21
1.723656254626436566e+04 2.800322425729719963e-20 8.336201100798801214e-21
1.724721617502005756e+04 4.803108145304253224e-21 7.503949878069381642e-21
1.725786982964356503e+04 3.105126895168640811e-21 8.017157398201427365e-21
1.726852351006451863e+04 6.150747712452185820e-21 8.057156366545029077e-21
1.727917721621107921e+04 4.225200601746892174e-21 8.615568583019142224e-21
1.728983094803122731e+04 1.318923812156960450e-20 8.739391653311155828e-21
1.730048470544325392e+04 2.136194605884382195e-20 8.661536131920962744e-21
1.731113848838743070e+04 1.130488481166488219e-21 8.808396284417661502e-21
1.732179229679672426e+04 1.908761226443983988e-20 7.899962230154645705e-21
1.733244613060198753e+04 -1.028264179785453829e-20 7.310137940605386285e-21
1.734336048240160017e+04 4.877629899558096404e-21 8.994474320833504817e-21
1.735401440702520267e+04 -1.747864999376210112e-21 8.537991919598920740e-21
1.736466834325871241e+04 9.562563068591627475e-21 7.948653520041895961e-21
1.737532230444240849e+04 1.824210577881840174e-20 7.880265916866033354e-21
1.738597629068637252e+04 9.676204145264388429e-21 8.204205757739329494e-21
1.739663030191875441e+04 2.220483262274513743e-20 8.198490376693845340e-21
1.740728433807576585e+04 1.305753099008455405e-21 7.643923931217436310e-21
1.741793839909352391e+04 2.911350179901293331e-20 7.511641457386754323e-21
1.742859248490259779e+04 2.845665722673487181e-20 7.151832177527987893e-21
1.743924659559848806e+04 2.511063897162254162e-20 9.010076408369440046e-21
1.745016150176171868e+04 5.480053998151985681e-21 8.402825235155877902e-21
1.746081568796934516e+04 1.087333899075125455e-20 8.851409410890863953e-21
1.747146989870076141e+04 1.964076637145469970e-21 9.066263789108479952e-21
1.748212413388386994e+04 7.159007400592396835e-21 8.633362529980810940e-21
1.749277839345335815e+04 2.074625422143530445e-20 7.539824934642218192e-21
1.750343267734903930e+04 3.376133750592186429e-21 7.452417998363221970e-21
1.751408698549778273e+04 6.784956202319846702e-21 7.274894984453370208e-21
1.752474131783891789e+04 5.609834824235532748e-21 7.951069784566170772e-21
1.753539567430201350e+04 3.707211332892662993e-21 8.130966162566598364e-21
1.754605005482055640e+04 2.276686896043281362e-21 8.178060211988800860e-21
1.755670445933176961e+04 1.779185377286806810e-20 8.729320602528161243e-21
1.756735888776695720e+04 1.710393366167371684e-20 8.187639071484077591e-21
1.757801334006147954e+04 1.511167279922301979e-20 7.920794045328418642e-21
1.758866781615056607e+04 8.830380087890513098e-21 7.042808113697081833e-21
1.759932231596796555e+04 6.978238494021907687e-21 7.048117382972040693e-21
1.760997683944433811e+04 6.156404972527268369e-21 7.077999502043982938e-21
1.762063138651657573e+04 3.230370282694943609e-21 7.642006281326659817e-21
1.763128595712026072e+04 -1.470815392526342257e-21 8.643910179185520161e-21
1.764194055118936740e+04 2.498596970199975797e-21 7.965159480900805052e-21
1.765259516865272599e+04 -5.551847200534884167e-22 8.104948748410411773e-21
1.766324980945048446e+04 1.294692476233482673e-20 7.823281215641470443e-21
1.767390447351571493e+04 -1.111759943150923310e-20 6.905934474033222881e-21
1.768455916078419250e+04 1.393970026344772253e-20 8.502090881662580327e-21
1.769521387118996790e+04 2.898138128521617679e-20 8.245729126386127855e-21
1.770586860466375219e+04 9.213625376987303969e-21 7.261714926715491491e-21
1.771652336114175341e+04 6.802675141877357393e-21 6.507925927264943468e-21
1.772717814056379211e+04 -1.738651533213410561e-22 6.809993997560568695e-21
1.773783294285805096e+04 -1.623263875172879141e-21 8.318267929567510702e-21
1.774848776796529637e+04 7.113658628380450585e-21 6.875906887360871107e-21
1.775914268208446447e+04 -1.679049353848898406e-21 6.721959090312123326e-21
1.776979775493429406e+04 2.154579870867611737e-20 6.696905817953868271e-21
1.778045285039802548e+04 1.559607518875867532e-21 6.530187438342723309e-21
1.779110796841166666e+04 -3.209080951777997968e-21 6.728115757864668015e-21
1.780176310891083631e+04 1.592690074614063090e-20 6.897769671445989292e-21
1.781241827182861016e+04 -6.702855788174708206e-21 6.226346726655554395e-21
1.782307345710125446e+04 1.848388374029317240e-20 6.499046847325000081e-21
1.783372866466506457e+04 2.988190678279861616e-20 7.246259902523793582e-21
1.784438389445221037e+04 1.048905779734160357e-20 7.129848959967869455e-21
1.785503914639781942e+04 1.859460673358035167e-20 6.774465990885138643e-21
1.786569442043868548e+04 -9.491696798590806479e-22 6.152733581837632565e-21
1.787634971651375236e+04 3.594348023827724572e-22 6.138538503307805891e-21
1.788700503455450234e+04 1.495532956638332647e-20 7.165230147731295054e-21
1.789766037449056603e+04 1.196273706731158472e-20 6.804678715934075452e-21
1.790831573626658064e+04 2.303296146788601074e-20 6.807850590421203107e-21
1.791897111981304624e+04 -3.071494342741525664e-22 6.655059259799777503e-21
1.792962652506662198e+04 9.842349894445219566e-22 6.734366371635500305e-21
1.794028195196119486e+04 2.708280089690064923e-20 6.770021689119984654e-21
1.795093740043333310e+04 1.930158690953304972e-20 6.564570416198585617e-21
1.796159287042027790e+04 1.842991537642649701e-20 6.281463307433250189e-21
1.797224836185757886e+04 2.186199456261678980e-20 6.786324734310671810e-21
1.798290387467842811e+04 9.427290868526162631e-21 7.102787978540148768e-21
1.799355940881897186e+04 1.048307938224515697e-20 6.980478728629475973e-21
1.800421496421439224e+04 1.933272339854077670e-20 7.179795596369283866e-21
1.801487054080170128e+04 9.908678811785710789e-21 7.125983218195407224e-21
1.802552613852026479e+04 1.575784351909684877e-21 6.537772222211518957e-21
1.803618175729941504e+04 1.384167359884593665e-20 6.539020618592595865e-21
1.804709959188024368e+04 2.826258326316238907e-21 6.550778587802401729e-21
1.805775529225269929e+04 1.185456928772108084e-20 6.912684250963975828e-21
1.806841100017190547e+04 1.401068134601362035e-20 6.783662650803117872e-21
1.807906672872194031e+04 -6.450760547681429666e-21 6.022574172754786839e-21
1.808972247801255799e+04 1.085143419853210589e-20 6.337970654194430528e-21
1.810037824797244321e+04 6.311753162168226646e-21 6.890871439768392501e-21
1.811103403854666612e+04 1.083184617913558595e-22 7.033353798075655910e-21
1.812168984966783319e+04 1.494974558726012643e-20 6.404464984144052561e-21
1.813234568127073726e+04 1.737173795289546181e-20 6.686713559652672219e-21
1.814300153346750085e+04 1.161576481605167503e-21 7.201760393983685210e-21
1.815365741932932724e+04 9.346642094830419413e-21 7.492287341914980312e-21
1.816457579443361465e+04 6.756571675194786765e-21 7.158150917559436238e-21
1.817523173345037503e+04 1.628302407803798922e-20 6.828943954988759844e-21
1.818588769262885762e+04 1.564775850085036915e-20 6.950821058315688139e-21
1.819654367190658741e+04 7.947136072175281527e-21 6.639338920540191072e-21
1.820719967121217633e+04 4.621095455791646057e-21 6.823023890021558151e-21
1.821785569048921025e+04 1.648427792607950648e-20 7.425279211790683423e-21
1.822851172967173625e+04 8.111367131682040136e-21 6.700492857041320289e-21
1.823916778869863629e+04 7.181670417245496620e-21 7.371660713092346883e-21
1.824982386750652586e+04 3.207639966142836825e-20 7.653755255930302621e-21
1.826047996603360298e+04 1.547959820972423144e-20 7.555979236787783695e-21
1.827113608420831952e+04 2.230075763616743067e-20 7.984182353901807897e-21
1.828179222197424679e+04 2.252136330939502403e-20 6.936350101334199409e-21
1.829244837926491891e+04 2.545175827897468480e-21 7.685002280347850879e-21
1.830310455602207003e+04 2.695111218960079098e-21 7.648239005524189103e-21
1.831376075218073674e+04 2.123555901091752710e-21 6.941189218594215965e-21
1.832441696767375106e+04 -2.978254351064198649e-21 7.161100235064189088e-21
1.833507320244467337e+04 6.909539973253703854e-21 7.252215206520626411e-21
1.834572945642345439e+04 6.045080597345409909e-22 7.500914311510135848e-21
1.835638572955170457e+04 2.455176289598566692e-21 7.230016113440264694e-21
1.836704202176359831e+04 -8.837648742579630384e-21 7.013380663873136523e-21
1.837769833300385653e+04 -6.880976820397963460e-21 7.020859885717906230e-21
1.838835466320166233e+04 1.188002114098026151e-21 6.029647904666160489e-21
1.839901101229536289e+04 1.057542573497227500e-20 6.706268519348533124e-21
1.840966738022371646e+04 1.585111469797051368e-20 6.266068907454693695e-21
1.842032376692407706e+04 1.216666749047538347e-20 6.181162824153411083e-21
1.843098017233226346e+04 6.338992265872809297e-23 6.432135409796366665e-21
1.844163659638777972e+04 1.494760531615138856e-20 6.041559178920430654e-21
1.845229303902848551e+04 2.204836576820388720e-20 6.516810933282720740e-21
1.846294950018979216e+04 -3.815435283704458304e-21 5.732080363862123697e-21
1.847360597981082901e+04 -5.998039180554752641e-21 5.858851054872609578e-21
1.848426247782708379e+04 1.117960910044949239e-21 5.865079233920057645e-21
1.849491899417761670e+04 3.006722869501178911e-20 6.018781658412313789e-21
1.850557552879807190e+04 1.015541205967301485e-20 6.052632569874503450e-21
1.851623208162867377e+04 9.694637028045964014e-21 6.314489819745409222e-21
1.852688865260925013e+04 -1.771512168890999756e-21 6.805329395813765521e-21
1.853754524167084310e+04 5.948784714518265509e-21 6.066645229508306334e-21
1.854820184875837367e+04 -2.267903460333502512e-21 5.765530794897289508e-21
1.855885847380808991e+04 2.252794483494639196e-20 5.435404885040571561e-21
1.856951511675101574e+04 1.173307419366678914e-20 6.425037941753745365e-21
1.858017177753050055e+04 -8.283055179875874126e-21 6.153839696190287915e-21
1.859082845608846401e+04 2.287750445895501442e-21 5.907439848271918690e-21
1.860148515235526429e+04 -2.193586733206435179e-20 5.926924176084792088e-21
1.861214186627335221e+04 -7.264073409588316321e-21 6.207098515554876536e-21
1.862279859777807360e+04 6.127164326470582245e-21 6.482516547290551058e-21
1.863345534681249410e+04 2.475348811133343778e-20 6.879558453794575227e-21
1.864411211331198865e+04 1.764745794865623045e-20 6.873377595973847078e-21
1.865476889721151383e+04 2.385164998526276249e-20 6.217627666866302611e-21
1.866542569845144681e+04 2.829104723750693196e-20 5.539864875170969541e-21
1.867608251697485321e+04 4.078641816672340924e-21 5.834648667460173112e-21
1.868673935271141454e+04 -9.782822757045896506e-21 6.544332039581348048e-21
1.869739620560528783e+04 2.046580764310778959e-21 5.975306185807683301e-21
1.870805307559293578e+04 2.970755165535867017e-21 6.050218977957813091e-21
1.871870996261543405e+04 1.111606526179889849e-20 5.627784280938390700e-21
1.872936686661170825e+04 -8.206297527113237495e-21 5.153412174241489689e-21
1.874002378751529977e+04 1.197199891421750865e-20 5.107892637656782869e-21
1.875068072526575634e+04 4.677339976972749215e-21 5.421068441055827546e-21
1.876133767980779521e+04 1.025949470911625342e-20 5.916160519683925782e-21
1.877199465107061769e+04 5.116203190972904469e-21 5.985931614911427788e-21
1.878265163899811887e+04 1.082702942893278647e-20 5.737493149745990383e-21
1.879357261855696561e+04 6.259336945979473655e-21 5.504369395830348947e-21
1.880422967873037487e+04 1.770569609204433442e-20 5.366839082144441155e-21
1.881488674230175457e+04 3.352557074417643632e-21 5.953128086887187680e-21
1.882554382212076962e+04 1.665329978326996691e-20 6.297579848918311877e-21
1.883620091829475496e+04 7.701063003519649321e-21 6.155316668970174860e-21
1.884685803076312368e+04 1.386557979743471949e-20 6.546002624781158507e-21
1.885751515945938809e+04 1.819961735451687313e-20 6.522672724554118833e-21
1.886817230432774522e+04 5.065960505969397061e-21 6.414566948069444313e-21
1.887882946530491972e+04 -2.443433974624529849e-20 6.821439199408629741e-21
1.888948664250233196e+04 1.145234528993424668e-20 6.910258581703308433e-21
1.890014384875540782e+04 1.714453241168724586e-20 7.046272573991790484e-21
1.891106531690428892e+04 1.446759196575989766e-20 6.910205265344048221e-21
1.892172256752007888e+04 1.850349995209468123e-22 6.345232096684440212e-21
1.893237983393687682e+04 -2.224905184241759146e-21 6.098200934279651017e-21
1.894303711609569291e+04 2.659166089007109370e-20 6.006868587778474752e-21
1.895369441393423767e+04 2.696182472703810591e-20 6.370907697586020541e-21
1.896435172739149493e+04 1.092921152046508199e-20 6.285777793045048105e-21
1.897500905641061399e+04 -5.554826803711846492e-21 6.087336233500601352e-21
1.898566640092479065e+04 -5.059723081259555507e-21 6.315662037469543830e-21
1.899632376087627199e+04 2.684122117657619382e-23 6.245136773068797741e-21
1.900698113620546792e+04 -1.507287391863742270e-21 6.462764020132601810e-21
1.901763852685279198e+04 1.801652413807475085e-20 6.492065675478664293e-21
1.902829593275554362e+04 1.906150051277211754e-20 6.464881376660452439e-21
1.903895335385606450e+04 -4.940873285406886974e-21 6.018581686334160982e-21
1.904961079009109017e+04 1.066612923007266211e-21 5.609333790209692259e-21
1.906026824140450844e+04 5.789025871087787092e-21 5.798411053210259935e-21
1.907092570773171974e+04 1.555258196539011921e-20 5.888617448878373717e-21
1.908158318901358143e+04 -2.221654040009563356e-20 5.680765197622802269e-21
1.909224068519156572e+04 1.751480761810177982e-21 6.071902674688589606e-21
1.910289819620418712e+04 -6.539571985501537226e-22 5.681289914718128824e-21
1.911355572198974914e+04 2.065501554230762530e-20 6.057162479261206822e-21
1.912421326249037884e+04 1.944981194640246640e-20 6.289429904823094428e-21
1.913487081764602408e+04 2.912164107139195310e-20 6.941170100236686192e-21
1.914552838739736399e+04 2.411612231392845800e-20 6.579814006731178232e-21
1.915618597168385531e+04 1.010990729810301752e-20 6.374449419559884811e-21
1.916684357044560966e+04 6.463269168274053270e-21 6.298385804925633550e-21
1.917750118362058129e+04 4.725842347161140951e-21 5.974655660175031099e-21
1.918815881115070079e+04 8.515356593050385947e-21 5.771650479827925175e-21
1.919881645297826617e+04 6.120171396667814934e-21 5.199739697327193877e-21
1.920947410904181743e+04 1.929578567389024299e-20 5.369116432082509885e-21
1.922013177927922516e+04 5.661214896059816712e-21 5.293152558605536697e-21
1.923078946363502109e+04 1.563826521235728669e-20 5.268158699166592272e-21
1.924144716204636279e+04 1.211926443201623885e-20 5.524621643147082364e-21
1.925210487445455510e+04 -2.527281403377175871e-21 5.140615775463274892e-21
1.926276260080047723e+04 -6.899598702704597688e-21 5.036433824833024336e-21
1.927342034102647085e+04 -1.027557520577535763e-22 5.338861861866555543e-21
1.928407809507126512e+04 1.045964675660778213e-20 5.483697035421483998e-21
1.929473586287338549e+04 4.511871282732339394e-21 5.493914107321332495e-21
1.930539364437582844e+04 -1.352232787151543759e-21 6.016077541648363526e-21
1.931605143952069193e+04 8.407497826175041931e-21 5.772926196269971425e-21
1.932670924824473695e+04 1.671440367104777631e-20 5.543684186046453444e-21
1.933736707049256802e+04 2.457569919190723305e-20 6.129212350062079409e-21
1.934802490620352910e+04 5.909899992021821425e-21 5.161368987225744185e-21
1.935868275531636027e+04 1.572505244393884191e-20 5.050184784474397714e-21
1.936934061777351963e+04 1.056212935551448645e-20 5.877827444491834481e-21
1.937999849351642115e+04 2.702452011775874853e-21 5.439404031077950955e-21
1.939065638248717369e+04 1.168817175840331023e-20 6.034249538927200187e-21
1.940131428462467011e+04 9.290894583757343576e-21 5.732222886635164699e-21
1.941197219986787240e+04 1.709395169696118083e-20 5.801868018710011972e-21
1.942263012816507398e+04 1.627337260316224045e-20 5.426556366492663866e-21
1.943328806944915050e+04 9.799402524284941361e-21 5.685541292305073212e-21
1.944394602366500112e+04 1.044310186413559630e-21 5.617258232287825725e-21
1.945460399075383975e+04 8.047971009494696815e-21 5.566490436641427568e-21
1.946526197065628367e+04 1.920668853272020750e-20 6.031615460310953868e-21
1.947591996331373230e+04 1.277460004485789186e-20 5.734255790119462245e-21
1.948657796866936042e+04 -1.585224820139047611e-20 5.326574187683618845e-21
1.949723598666266480e+04 3.388626535450945716e-22 5.183740909900145068e-21
1.950789401723320771e+04 7.781366156424450770e-23 5.141689643992662211e-21
1.951855206032459319e+04 7.462274989574034598e-21 5.545147042417957101e-21
1.952921011587812973e+04 1.075458553508230701e-20 5.662410595238348140e-21
1.953986818383705759e+04 7.697588940515164411e-21 6.092917131923774770e-21
1.955052626413847611e+04 -1.208834569562675182e-20 5.207864628469116308e-21
1.956118435672660780e+04 1.685321943333455639e-20 5.665479256789274442e-21
1.957184246154823268e+04 2.312055491466592942e-20 5.648800066491356259e-21
1.958276642674310278e+04 2.078390790598969501e-21 6.026846390910069272e-21
1.959342458153167900e+04 -4.265205657307779151e-21 5.209935891429879659e-21
1.960408274820887891e+04 1.132607592336396378e-20 5.061852657586465821e-21
1.961474092687802840e+04 1.372058131870276622e-20 5.320079796250840265e-21
1.962539911747730730e+04 -3.276600465221432750e-21 5.209814317617684577e-21
1.963605731995285169e+04 -5.334612734990182620e-21 5.263039975130625641e-21
1.964671553424440208e+04 4.701494417462689240e-21 5.418799711219103608e-21
1.965737376029293227e+04 2.178980684563287033e-20 5.179638950274804566e-21
1.966803199804102769e+04 -9.046977133596455538e-23 4.882497303326925015e-21
1.967869024759111198e+04 -5.710604466946275014e-21 5.125114775200365880e-21
1.968961461193640935e+04 1.072623560510087016e-20 5.438492343175288777e-21
1.970027290992674170e+04 9.715586602943888389e-21 5.726856649815076543e-21
1.971093121938030890e+04 1.623331905172338941e-20 5.931414248171987837e-21
1.972158954024013292e+04 1.029229865481890743e-20 5.646618795542390964e-21
1.973224787244904655e+04 -4.288210843716750220e-21 5.549446953080127537e-21
1.974290621594800177e+04 -1.465099742853429713e-20 7.643394584682282642e-21
1.975356457067857264e+04 2.358263024643288467e-21 5.510821500071120404e-21
1.976422293658506169e+04 -7.272940725344436777e-21 5.364731002177313067e-21
1.977488131360578700e+04 -1.599557804132706135e-20 5.036825674965962915e-21
1.978553970168880551e+04 8.642809457289582342e-21 6.214651624573245838e-21
1.979619810077240618e+04 9.466577183787933466e-21 5.816413756354733199e-21
1.980685651079978925e+04 6.910420885332363887e-21 4.832778471630946554e-21
1.981751493171425682e+04 3.691508086156010210e-21 5.591934200280033288e-21
1.982817336345804506e+04 3.297125707935258087e-21 5.849046251590171147e-21
1.983883180597416504e+04 6.579039801042780649e-21 5.569703766764948481e-21
1.984949025920379427e+04 1.548395925182636453e-20 6.527972991478945176e-21
1.986014872309058410e+04 1.791428812823165141e-21 5.809867265649486237e-21
1.987080719757623592e+04 6.549787978650589173e-21 5.653861380830293496e-21
1.988146568260453205e+04 1.304705909039735822e-20 5.738269441456253133e-21
1.989212417811815612e+04 1.844257072926585894e-20 5.791203915530786066e-21
1.990278268405872950e+04 -2.754410467344688301e-21 5.928226649805786557e-21
1.991344120037024550e+04 3.504251523090233859e-20 6.404674021363892279e-21
1.992409972699550053e+04 2.463028015873893940e-20 6.325339105326662139e-21
1.993475826387622510e+04 1.416879659360989809e-20 5.255663973525732825e-21
1.994541681095648164e+04 2.204257990718683679e-20 5.563605785972620527e-21
1.995607536817924120e+04 8.696867679797278505e-21 5.009209267331522111e-21
1.996673393548744207e+04 5.238432140281501116e-21 5.220360788632802573e-21
1.997739251282188343e+04 1.295388685142167999e-20 4.364516013927504666e-21
1.998805110013013473e+04 7.158429815705591434e-21 5.746056669134951460e-21
1.999870969735079416e+04 6.637796789136974157e-21 5.336275396417165995e-21
2.000936830442920837e+04 4.368400043388684773e-21 4.574182106847956403e-21
2.002002692130860305e+04 -2.034157086039766500e-21 4.308464838798801826e-21
2.003068554793105795e+04 3.133011591153368668e-21 4.989871166704123560e-21
2.004134418424091928e+04 1.444600703577793047e-20 5.621972594604045692e-21
2.005200283018149275e+04 2.466889113107600159e-20 5.021938544859920531e-21
2.006266148569495635e+04 6.713335773498042517e-21 4.724312574260800964e-21
2.007332015072581271e+04 -6.340884240118949881e-21 5.186128309561152879e-21
2.008397882521748033e+04 1.165183643892920314e-20 5.926789695160823552e-21
2.009463750911220268e+04 1.211594836065920190e-20 5.263929005579321680e-21
2.010529620239219730e+04 4.640708296395977123e-21 5.454759272575401080e-21
2.011595510177676260e+04 4.931469357192972320e-21 4.961252828843833450e-21
2.012661401514596218e+04 5.641016248259212151e-21 5.470170244562050882e-21
2.013727293769302923e+04 8.068086654590162104e-21 5.635177659647736059e-21
2.014793186936455095e+04 1.786091829654422056e-20 5.761020074274412870e-21
2.015859081010006412e+04 1.101792231867821433e-20 5.453052598097092787e-21
2.016924975984543926e+04 1.386760331689057304e-20 5.632539718518530126e-21
2.017990871854420402e+04 5.102932502757466585e-21 5.475344880295456683e-21
2.019056768613923850e+04 6.476829346348877372e-21 5.357505720328730152e-21
2.020122666257543460e+04 1.928378079446047882e-21 5.793484575686873791e-21
2.021188564779630542e+04 3.653102682404465792e-22 4.585573808961432031e-21
2.022254464174508757e+04 1.937766764163503876e-20 5.336892027963128128e-21
2.023320364436662931e+04 1.888328579976516688e-21 4.906820341700431782e-21
2.024386265560447646e+04 1.869566164681190785e-20 5.433452512802292340e-21
2.025452167540312803e+04 3.439130910773400134e-21 4.869397762670933217e-21
2.026518070370462010e+04 1.704144230773920274e-20 5.384218795865838053e-21
2.027583974045527793e+04 1.387205497221105990e-20 5.367042605298568113e-21
2.028649878559810895e+04 -1.136920126375748313e-20 4.753062250920055287e-21
2.029715783907794685e+04 -3.396635053457383157e-21 4.600077851063160070e-21
2.030781690083826106e+04 1.230036584886338751e-20 4.890634976962269726e-21
2.031847597082340144e+04 9.036567875364603977e-21 5.120143289063757840e-21
2.032913504897817256e+04 1.626790526754825604e-20 5.167900655293801381e-21
2.033979413524594565e+04 1.631233375522353358e-20 5.522057472526548343e-21
2.035045322957157987e+04 1.205976336742655221e-20 5.255579054892085371e-21
2.036111233189978884e+04 1.893051771698315168e-20 4.424414107811411344e-21
2.037177144217384921e+04 7.495245350009284866e-21 5.253628271160268318e-21
2.038243056033912580e+04 1.289416628608258451e-20 5.547975041953342494e-21
2.039308968634023040e+04 1.911775184158464036e-20 5.059473867642009490e-21
2.040374882011954469e+04 1.253459368446999678e-20 5.477153532046919652e-21
2.041467573905933023e+04 -7.914763737941957664e-22 5.149505475216909959e-21
2.042533492619398385e+04 -4.071710007850090597e-21 5.117450205306048422e-21
2.043599410834923765e+04 1.085820399598666844e-20 5.422568389782694878e-21
2.044665329789512180e+04 7.815407609722404706e-21 5.576193605835887566e-21
2.045731249493956057e+04 -7.351707768629735999e-22 4.931471390919022006e-21
2.046797169942767141e+04 -1.687352453031972725e-21 5.399475754124617105e-21
2.047863091130456814e+04 6.106290400741754420e-21 5.247026581432665019e-21
2.048929013051424045e+04 1.280606240973483435e-20 5.255564230279267640e-21
2.049994935700208589e+04 5.823129956895247205e-21 4.994808805205578210e-21
2.051060859071309460e+04 -4.032475920166058226e-21 4.797342860654949899e-21
2.052126783175206947e+04 -2.605176940762295085e-21 5.491923253015747134e-21
2.053219514702519518e+04 -1.142426100400897267e-21 5.447805797605760445e-21
2.054285442723817323e+04 9.538626081622625607e-21 5.533691409376070790e-21
2.055351371444983306e+04 2.472546679648811387e-21 5.340588881809984010e-21
2.056417300860577961e+04 -6.441163773311954142e-21 4.896897388697341205e-21
2.057483230964995164e+04 2.334132955945393246e-20 5.184436013491604110e-21
2.058549161752838700e+04 9.056011230548934564e-21 5.804969548785697415e-21
2.059615093218630864e+04 1.794267164834713568e-20 5.283707712270869640e-21
2.060681025356786995e+04 -5.120816569919103526e-22 4.915983638791114545e-21
2.061746958161944349e+04 6.988432499137900270e-21 5.648167478598011843e-21
2.062812891628588113e+04 1.278215546592099521e-20 5.960871493558801662e-21
2.063878825751130353e+04 4.171019470694863458e-21 6.650387248544381197e-21
2.064944760524340018e+04 1.952385974400240313e-21 5.424428029474553264e-21
2.066010695942597522e+04 1.022533466157448972e-21 5.281031806325363551e-21
2.067076632000473910e+04 1.340689304758107268e-20 5.348886747937965217e-21
2.068142568692566783e+04 9.083014152647055871e-21 5.132488643997958526e-21
2.069208506013301303e+04 1.604244949484140435e-20 5.018992399846587040e-21
2.070274443957268159e+04 9.620843274268943909e-21 5.461599778797179668e-21
2.071340382519148625e+04 1.543372931876171091e-20 5.787811098707614264e-21
2.072406321693345672e+04 1.908413889824718329e-20 6.176647909139005167e-21
2.073472261474533298e+04 2.257111220740693756e-20 5.213377614953245969e-21
2.074538201857208696e+04 1.888770086204416105e-20 5.367891457391690574e-21
2.075604142835877064e+04 7.790230287687779698e-21 5.701243250019682799e-21
2.076670084405306625e+04 1.492458845554307907e-20 5.708396584983260085e-21
2.077736026559899983e+04 1.793434922679849864e-20 5.891787256051839822e-21
2.078801969294256924e+04 4.667653160448247214e-21 4.659649943372955215e-21
2.079867912603097648e+04 6.949342079314117286e-21 5.731902893396256251e-21
2.080933856480844042e+04 6.470347222962462329e-21 5.208527960531444968e-21
2.081999800922203212e+04 1.034916379701505991e-20 4.831465526577346138e-21
2.083065745921708003e+04 1.060871570544747265e-20 5.164887217129652044e-21
2.084131691473945466e+04 9.416125163025279119e-21 5.230228487491404092e-21
2.085197637573592147e+04 5.150871890204353463e-21 4.996622676417705565e-21
2.086263584215136143e+04 1.385279187088731740e-20 5.002979985320618829e-21
2.087329531393274738e+04 1.399903843171282631e-20 4.984104160932622798e-21
2.088395479102564423e+04 2.111748668563626024e-20 4.394914515516558043e-21
2.089461427337646091e+04 7.463746385993927995e-21 4.862888070240688818e-21
2.090527376093136991e+04 1.325513418575286686e-20 5.300660383775955251e-21
2.091593325363698386e+04 1.276773369551804780e-20 5.083536217347279638e-21
2.092659275143912964e+04 3.668600934748872555e-20 5.474171078660009887e-21
2.093725225428467456e+04 9.150502403535954280e-21 4.740573328040815713e-21
2.094791176211873244e+04 -1.293849874459641437e-20 4.590136841170252914e-21
2.095857127488826518e+04 5.493402597329136229e-21 5.243882170258125393e-21
2.096923079254046388e+04 2.417434999553429054e-21 5.356733191630319290e-21
2.097989031502063881e+04 1.522279309562658441e-20 5.204061627524643299e-21
2.099054984227625755e+04 4.457703077682945654e-21 4.641107391007576650e-21
2.100120937425284865e+04 3.098361978362952326e-21 4.899214097491086990e-21
2.101186891089697747e+04 1.857721410620467843e-20 4.930551811484089019e-21
2.102252845215654088e+04 3.454671611168816390e-21 4.701849191291918989e-21
2.103318799797601605e+04 1.136185603331206160e-20 5.151063383349938840e-21
2.104384754830431120e+04 -3.255558329088801348e-21 5.530624909000435040e-21
2.105450710308686030e+04 1.286756579834574644e-21 5.814811432599755927e-21
2.106516666227045425e+04 -1.056847873344204076e-20 4.622278153637192623e-21
2.107582622580203679e+04 1.267389963004280166e-21 4.540040125572976246e-21
2.108648579362799501e+04 3.668981011452550371e-21 5.068767707332916029e-21
2.109714536569594929e+04 1.188515136451039014e-20 4.700385958829013718e-21
2.110780494195227948e+04 3.176579970802378007e-21 4.785420173415431825e-21
2.111846452234309618e+04 9.310013546111233228e-21 4.842225823660137470e-21
2.112912410681711117e+04 3.946212437305114252e-21 4.920012502030665621e-21
2.113978369531918725e+04 -1.752264814573222958e-20 4.467001101742009226e-21
2.115044328779814896e+04 5.904087353403920086e-21 5.218756689526864078e-21
2.116110288420084908e+04 1.563686702313001681e-20 5.036953752543778653e-21
2.117176248447247417e+04 6.625003533502144279e-21 5.613711618208496764e-21
2.118242208856239085e+04 7.620863713073860671e-21 4.456603459743003084e-21
2.119308169641585118e+04 2.842842985094721780e-21 4.423925426799667059e-21
2.120374130798151236e+04 -7.506666936755757968e-21 4.709138123011233103e-21
2.121440092320629265e+04 -8.928659471287304220e-21 4.620239364344160376e-21
2.122506054203612803e+04 8.499778451786394987e-22 4.598371051582450738e-21
2.123572016442025779e+04 1.299897290100905062e-20 4.281055662893648623e-21
2.124637979030422866e+04 3.327068147048486141e-21 4.437171886719607012e-21
2.125703941963663237e+04 1.929343683457728197e-20 4.847807675664124729e-21
2.126769905236473278e+04 2.347482840947009890e-20 5.167857385954302526e-21
2.127835868843493881e+04 2.120761358073870200e-20 4.923268962512758426e-21
2.128901832779592223e+04 1.943674754942891218e-20 5.239946548711466749e-21
2.129967797039415382e+04 4.459880983488252235e-21 4.790255231901450912e-21
2.131060745467837478e+04 1.447639201984203028e-20 5.028588618163595761e-21
2.132126714099811579e+04 1.487241135792308998e-20 5.253692671766001461e-21
2.133192681802517473e+04 1.323672734509833928e-20 5.093039425198081623e-21
2.134258649791604694e+04 1.603615339934697294e-21 5.142073466338416170e-21
2.135324618077729247e+04 3.723488691672863558e-21 5.183899900009219024e-21
2.136390586655895822e+04 -3.810344288944093663e-21 5.045958913187041893e-21
2.137456555520773327e+04 1.360783468695319087e-20 5.208417572164300057e-21
2.138522524667093967e+04 2.325864529366962974e-20 4.911593611721411429e-21
2.139588494089757296e+04 2.085114766235014726e-21 4.752799056479333765e-21
2.140654463783428218e+04 -1.096605030406945390e-21 5.008801612053571826e-21
2.141720433759198568e+04 -6.605833955421382450e-22 5.285415322945006600e-21
2.142786405231731260e+04 2.802775734040839877e-21 5.173024680305431588e-21
2.143879389383524176e+04 1.368014519056792578e-20 4.592085984483506775e-21
2.144945362592144011e+04 1.541814929376135047e-20 4.937348845866540390e-21
2.146011336045373537e+04 6.731498005169228600e-21 5.544794827531015496e-21
2.147077309738054828e+04 8.860035100889625647e-21 5.078692915101640120e-21
2.148143283664961564e+04 -4.778002338295595500e-21 5.097744097460714211e-21
2.149209257820974744e+04 1.484197323053740801e-20 5.696047579582102348e-21
2.150275232200825849e+04 -9.044462299845577642e-21 4.561766793835992624e-21
2.151341206799374413e+04 -4.365771552364984316e-21 5.115599848064508662e-21
2.152407181611484339e+04 1.471171460148889935e-20 5.648204472613817960e-21
2.153473156631848178e+04 2.141176891983486829e-21 5.555173552486348365e-21
2.154539131855429878e+04 1.479402073682796178e-20 5.488807902410659470e-21
2.155605107276966737e+04 1.429691538131725565e-20 5.268863921557317995e-21
2.156671082891332117e+04 6.154526784840289371e-21 5.624324450856081664e-21
2.157737058693365907e+04 1.280936407457816807e-20 5.583305045874461323e-21
2.158803034677842152e+04 3.158863233078081242e-21 5.115910691906566032e-21
2.159869010839745533e+04 -4.351827428142198115e-21 4.827080748378322186e-21
2.160934987173776608e+04 -8.855335998190331686e-21 4.758663128195746266e-21
2.162000963674860759e+04 5.099159837182551595e-21 5.842516826560126583e-21
2.163066940337841515e+04 1.668282726505233745e-20 5.658094260328602998e-21
2.164132917157563497e+04 -4.351604119669929051e-21 5.346153059430452791e-21
2.165198894128956090e+04 6.379891951516961197e-21 5.568326019818923932e-21
2.166264871246738403e+04 6.041121804596866473e-21 5.175919054742014350e-21
2.167330848505921676e+04 1.031637040538959994e-20 5.229726153738476544e-21
2.168396825901271222e+04 3.843756812144279482e-21 5.561864319348477469e-21
2.169462803427727340e+04 5.485946372364092147e-21 4.988056411961755551e-21
2.170528781080156114e+04 7.954910431694859492e-21 5.342400905941224725e-21
2.171594758853393432e+04 1.026175479768556919e-20 5.711773832894881255e-21
2.172660736742421432e+04 2.358303332972182685e-21 5.330651728136753429e-21
2.173726714741991600e+04 -8.850987379628318402e-21 4.987069153059323177e-21
2.174792692847110447e+04 1.053195842701377701e-20 5.537619184076398274e-21
2.175858671052612772e+04 8.469513614032929188e-21 5.354154622144240237e-21
2.176924649353401765e+04 3.742485241117292245e-21 4.888331776514351698e-21
2.177990627744415542e+04 1.061967190128591970e-21 5.194165493989756857e-21
2.179056606220466347e+04 4.537639439648896184e-21 4.295786897384205843e-21
2.180122584776599615e+04 1.773315785872767668e-20 4.748041383652425221e-21
2.181188563407587208e+04 3.721870238241492479e-20 5.035148002120434133e-21
2.182254542108440364e+04 2.421935607815905125e-20 4.759176244527826864e-21
2.183320520874030990e+04 -7.011599770903331031e-21 4.553829484801842407e-21
2.184386499699270644e+04 6.374655442274984217e-22 4.703880986638905502e-21
2.185452478579154558e+04 1.556708281873986908e-21 4.340253221530499253e-21
2.186518457508492429e+04 9.085912469277554663e-21 5.289321066057929316e-21
2.187584436482344245e+04 -4.460174839083724664e-21 5.014014467145228504e-21
2.188650415495512789e+04 7.847821111045748508e-21 5.207850131733699130e-21
2.189716394543042406e+04 2.192311801587230935e-22 5.001342445686220240e-21
2.190782373619825375e+04 1.020350861269971231e-20 5.278055986550595542e-21
2.191848352720795810e+04 1.041824283937356272e-20 4.852479002153318482e-21
2.192914331840956947e+04 1.116235737381541871e-20 4.748889429841175071e-21
2.193980310975157045e+04 6.179712257802665192e-21 5.204161495800712531e-21
2.195046290118480101e+04 1.305493340828040982e-20 4.919807516136541338e-21
2.196112269265742725e+04 1.776389116653330481e-20 4.618183439828337737e-21
2.197178248412023822e+04 7.006368992205357341e-21 4.736028666678612141e-21
2.198244227552218581e+04 9.332946158666842116e-21 5.029768175259256500e-21
2.199310206681313502e+04 1.740703658863201469e-20 5.112304224864800765e-21
2.200376185794303456e+04 7.248494457715573200e-21 4.319542363990354894e-21
2.201442164886089449e+04 8.482210255125525349e-21 4.540314661028653669e-21
2.202508143951768579e+04 6.999543611900640955e-21 5.816918832919342838e-21
2.203574122986157090e+04 3.877589583863885696e-22 5.052656631399294754e-21
2.204640101984391367e+04 7.857808314251522763e-21 4.380900955434039216e-21
2.205706080941359687e+04 -5.811319367504690710e-22 4.331459257736432098e-21
2.206772059852100210e+04 6.261926515897524775e-21 4.090605862440970128e-21
2.207838038711595436e+04 6.911272111235988765e-22 4.860326901647512523e-21
2.208904017514813313e+04 8.083496094220794385e-21 5.064097039709104872e-21
2.209969996256821469e+04 5.508256696665588123e-21 4.710654964404554349e-21
2.211035974932516910e+04 1.227195424203559324e-20 4.701654065818367822e-21
2.212101953537050213e+04 9.222882735881680664e-21 4.704380000636583392e-21
2.213167932065266359e+04 1.292775553053310428e-20 5.231297102643989881e-21
2.214233910512293369e+04 7.326145868455338861e-21 4.804043817720356359e-21
2.215299888873099189e+04 3.452967691825675737e-21 4.530720511240086058e-21
2.216365867142726347e+04 9.524678891991442261e-21 4.716792109669778663e-21
2.217431845316195540e+04 8.233467299566916530e-21 4.991662775486005811e-21
2.218497823388481993e+04 9.536763139994228932e-21 5.029816120169408928e-21
2.219563801354713723e+04 1.890717493114671143e-20 4.991817779124321701e-21
2.220629779209773915e+04 8.805997288653526253e-21 4.723448144284027494e-21
2.221695756948882263e+04 9.043657352881754341e-21 4.643674261333157043e-21
2.222761734566916857e+04 1.182802594095109372e-20 5.140116289787267936e-21
2.223827712058998804e+04 1.338538498791974123e-20 5.137800436043833764e-21
2.224893689420161900e+04 1.231000846659497640e-20 4.867847329241048948e-21
2.225959666645410834e+04 1.177510198761672789e-21 4.411056917246335464e-21
2.227025643729893272e+04 1.449252317390339083e-20 4.632927443497742997e-21
2.228118824999650315e+04 1.901641162560546633e-20 4.796693822830889054e-21
2.229184805469905405e+04 1.259968264696926813e-20 5.226453076834769058e-21
2.230250784571158147e+04 5.281214300308741291e-21 4.736119430912870356e-21
2.231316763495181294e+04 6.822888541267371129e-21 4.603882715604472639e-21
2.232382742253315882e+04 7.236021780693472114e-21 4.814893592553961063e-21
2.233448720840688475e+04 7.994375029297930296e-21 4.968208115522273205e-21
2.234514699252257924e+04 1.036684979539158069e-20 4.298874843813660349e-21
2.235580677483216277e+04 9.977618052601551035e-22 4.382170092159681859e-21
2.236646655528548581e+04 -9.787667344939952564e-21 4.200863895147793098e-21
2.237712633383428692e+04 2.226293648027841362e-21 4.768415618534381600e-21
2.238778611042881676e+04 4.020626633809115897e-21 4.491221937029634719e-21
2.239844588517648663e+04 1.021388104395975849e-20 4.650691733529650223e-21
2.240937800747694928e+04 1.146487214424097340e-20 4.725780494836933432e-21
2.242003780240217748e+04 1.666634148466721394e-20 4.949169672694639693e-21
2.243069759517361672e+04 1.309731979153726882e-20 4.981906691483073497e-21
2.244135738574223069e+04 5.687716424575357441e-21 4.721882267331256936e-21
2.245201717405897216e+04 -4.110890046529537640e-22 4.776563118015543143e-21
2.246267649488633833e+04 -7.429319000769595845e-22 4.819166225356017976e-21
2.247333558938780698e+04 3.030107522791913143e-21 5.074046856228582579e-21
2.248399468149101813e+04 1.593850830805749606e-20 4.695624187129253956e-21
2.249465377114815783e+04 1.468022299964010008e-20 5.058381853558619785e-21
2.250531285830868364e+04 3.942308805644471280e-21 4.693905213875947062e-21
2.251597194292598579e+04 5.942861627073105941e-23 4.033178787540304514e-21
2.252663102494933628e+04 1.395004159054806352e-21 4.341248000969995020e-21
2.253729010433156873e+04 1.706916631314770979e-20 5.393583695782344356e-21
2.254794918102308657e+04 4.820091467463189186e-21 5.066606522624546528e-21
2.255860825497598489e+04 -1.010240855061367721e-21 5.090811884095445151e-21
2.256926732614120920e+04 5.852871716985573334e-21 4.388575125974961673e-21
2.257992639447073452e+04 -6.245218359864211241e-21 4.720613183378205770e-21
2.259058545991546271e+04 3.958100905579266537e-21 4.921615232196084678e-21
2.260124452242692860e+04 8.807987065861987916e-21 4.403076987917360996e-21
2.261190358195752924e+04 1.393405127366360801e-20 5.004598656922541025e-21
2.262256263845742069e+04 4.125253235222461784e-21 4.852004711125654171e-21
2.263322169187953477e+04 5.932425565853529145e-21 5.214722974943998350e-21
2.264388074217427129e+04 -9.693164468641608282e-21 4.453243979516748829e-21
2.265453978929474397e+04 1.753679306390328302e-21 4.808122891803043934e-21
2.266519883319101427e+04 3.690965085965906788e-21 4.975268603894249685e-21
2.267585787381682894e+04 8.098108421918817741e-21 4.523322239582818579e-21
2.268651691112172921e+04 1.387353801906746314e-20 4.718306502043552982e-21
2.269717594505919624e+04 1.090866090543483346e-22 4.383645317490214468e-21
2.270783497558031740e+04 5.403147207193394233e-21 4.720032667729641399e-21
2.271849400263706048e+04 6.580433813227784184e-21 4.356758402522841219e-21
2.272915302618105488e+04 3.614936732082824346e-21 4.605841815713492139e-21
2.273981204616465038e+04 4.623962879722403183e-21 4.034321618675580877e-21
2.275047106253994934e+04 1.179467907630136219e-21 4.122195227733165170e-21
2.276113007525819921e+04 7.459358637979076722e-21 4.861342520886017821e-21
2.277178908427231363e+04 -2.091206524990014452e-21 5.124919245643200990e-21
2.278244808953325628e+04 2.495900935314458404e-21 4.986127209903719045e-21
2.279310709099436281e+04 9.820861071455763508e-21 4.941492708094823821e-21
2.280376608860628403e+04 1.871554845900133554e-20 4.601708076403564829e-21
2.281442508232235195e+04 2.466919578885891931e-20 4.655074747315558112e-21
2.282508407209423967e+04 2.277572010156179097e-21 4.380458783093565804e-21
2.283574305787433696e+04 -6.072737968618057564e-21 5.031466221190737334e-21
2.284640203961409134e+04 -6.004460962337741978e-21 4.475005214495377353e-21
2.285706101726712586e+04 9.903165880626659468e-21 4.089646094058832147e-21
2.286771999078420413e+04 6.769471169154975274e-21 4.906003250097709668e-21
2.287837896011928751e+04 1.270865342808964402e-20 5.951145893739571838e-21
2.288903792522300500e+04 7.911940052750421245e-21 4.745088438642190023e-21
2.289969688604988187e+04 -4.069809035654742051e-21 4.465413108167727367e-21
2.291035584254987407e+04 -1.179239301673046206e-21 4.310322000012480060e-21
2.292101479467725221e+04 9.618296171972320418e-21 4.198822185668490844e-21
2.293167374238374759e+04 8.633984188807640004e-21 4.307963310720709142e-21
2.294233268562201192e+04 -4.351599552002161743e-22 4.808733016393657227e-21
2.295299162434404570e+04 1.608751673535562931e-20 4.292135957768753853e-21
2.296365055850330828e+04 1.658650547431789614e-21 4.244879245563591897e-21
2.297430948805160006e+04 9.215673901680755133e-21 4.916008748847593826e-21
2.298496841294224578e+04 9.706036864444865685e-21 4.522355554905512912e-21
2.299562733312782439e+04 6.398559034626092456e-21 4.259435843251259689e-21
2.300628624856046008e+04 5.135633615477825275e-21 4.598955711986783473e-21
2.301694515919303012e+04 5.085926614118953665e-21 5.055933378353889273e-21
2.302760406497904842e+04 -8.342851141283203047e-21 4.534480213974761722e-21
2.303826296587062461e+04 1.514463790133179472e-20 4.497083870670310768e-21
2.304892186182063597e+04 1.604307819799862797e-20 4.825182174336961600e-21
2.305958075278082833e+04 1.118965617109171949e-20 4.628896151695580213e-21
2.307023963870562511e+04 -8.589240460043980323e-23 4.258515105198323707e-21
2.308089851954862388e+04 -6.010911539987998915e-21 4.661366282475508361e-21
2.309155739525976605e+04 1.477679026984883828e-21 4.551362702506873677e-21
2.310221626579509029e+04 -6.406121758717514333e-21 4.302087145771667646e-21
2.311287513110494911e+04 1.198040798066529709e-20 4.296155192490322623e-21
2.312353399114507192e+04 -7.148738406595263406e-23 5.288512049659102273e-21
2.313419284586634240e+04 4.383597917370913982e-22 5.162509381080647073e-21
2.314485169522286742e+04 3.201406607075863715e-21 5.270946690550589312e-21
2.315551053916725868e+04 8.047133479235625940e-21 5.197586314033488289e-21
2.316616937765319744e+04 1.003226849517686333e-20 5.417699798790584781e-21
2.317682821063447773e+04 7.938683641503567038e-21 4.656426479717394867e-21
2.318748703806250342e+04 1.604191917439064696e-20 4.643347018601751780e-21
2.319814585989106490e+04 2.517344506935524416e-22 4.596580644838291185e-21
2.320880467607469109e+04 1.030160859882408051e-20 4.268137397496998405e-21
2.321946348656475675e+04 2.122825691605361967e-20 4.601034498729541120e-21
2.323012229131590357e+04 7.128752911463278868e-21 4.244956650194535773e-21
2.324078109028012477e+04 8.999995609672372714e-21 4.948623754778856930e-21
2.325143988341278236e+04 -1.320726839838250653e-21 4.669481488794897719e-21
2.326209867066654624e+04 1.971640987700240013e-20 5.221276584045977103e-21
2.327275745199498851e+04 1.048043949671418610e-20 4.541132361091542560e-21
2.328341622735083001e+04 2.592433652287431079e-21 4.738562419931637944e-21
2.329407499668695891e+04 4.824812017718016437e-21 4.617746167703608090e-21
2.330473375995884635e+04 6.490596166813084646e-21 4.005447974438332761e-21
2.331539251711872203e+04 7.232746157943225335e-21 4.278165382499861571e-21
2.332605126812020535e+04 4.562086408300756534e-21 4.923803322013498984e-21
2.333671001291818175e+04 5.549506147413619240e-22 4.598121574608202102e-21
2.334736875146554667e+04 1.988845635790795448e-23 4.797148778517828899e-21
2.335830193686005441e+04 -3.420093849971314308e-22 4.639917926487208668e-21
2.336896068708975872e+04 1.097285463483237594e-20 4.622843639831184604e-21
2.337961943077233445e+04 5.707627301403719483e-21 4.480663804016747976e-21
2.339027816801584413e+04 1.967890584577912869e-20 5.029866457442188448e-21
2.340093689877360157e+04 1.960788418080307169e-20 5.074759685276405551e-21
2.341159562299998652e+04 5.083216040691591847e-21 4.627143231244191356e-21
2.342225434064821093e+04 5.506398892143750032e-21 4.316522278402543085e-21
2.343291305167286919e+04 1.365853893603053101e-20 4.849592839703465321e-21
2.344357175602710777e+04 -3.711184054417109875e-22 4.185743364831962174e-21
2.345423045366640508e+04 -1.451162543981564453e-21 4.685779576094081763e-21
2.346488914454314727e+04 1.062905517197869421e-20 4.738142931991451478e-21
2.347554782876843092e+04 8.383759464666566943e-21 4.532023016466409284e-21
2.348620651787824681e+04 -7.242025654144217081e-21 4.739356314566336681e-21
2.349713994341533544e+04 8.100835123513720404e-21 4.374678521396940176e-21
2.350779863090989602e+04 1.288752658384241585e-20 4.402181270522303471e-21
2.351845731141003125e+04 1.012380696251755006e-20 4.886057181565373337e-21
2.352911598486853109e+04 2.083841243528625750e-20 5.271547219181729552e-21
2.353977465124083392e+04 1.477411032544565863e-20 4.961784073436070629e-21
2.355043331047997708e+04 7.320090509102687661e-21 4.654255738365252226e-21
2.356109196254205017e+04 7.113765936853576387e-22 4.480025863223880256e-21
2.357175060737878448e+04 -1.875554649641945274e-21 4.297334338526447501e-21
2.358240924494612773e+04 -2.970208221083100512e-21 4.129017350235004449e-21
2.359306787519764111e+04 2.269784381645259217e-21 4.252019862698209360e-21
2.360372649808831920e+04 7.635837447319897882e-21 4.632597346074891998e-21
2.361438511357200332e+04 -5.247391669669685965e-21 4.578683538609855726e-21
2.362504372160353523e+04 -7.935686592232907065e-21 5.536843501315280115e-21
2.363570232213703275e+04 -8.757045664747446023e-21 5.480736807519144738e-21
2.364636091512714120e+04 -2.454783457512384472e-21 5.126662741855281222e-21
2.365701950052832763e+04 3.269042490605957829e-21 4.263499540184249232e-21
2.366767807829501908e+04 9.003970499878698865e-21 4.436113530751686490e-21
2.367833664838199184e+04 1.547531657700944704e-20 5.019954167350699902e-21
2.368899521074346194e+04 1.076855771040572022e-20 5.313667833680605541e-21
2.369965376533623203e+04 1.379416570775512773e-20 4.653302602588665706e-21
2.371031231211091654e+04 7.076215959498173053e-21 4.819923904369326965e-21
2.372097085102472920e+04 6.346894719579474092e-21 4.430452563187578260e-21
2.373162938203043086e+04 -3.178039598373050573e-21 4.402999318231607774e-21
2.374228790508657039e+04 7.113374600067625996e-21 4.960522978740226409e-21
2.375294642014388955e+04 -1.299039022693339416e-20 4.642843296312671026e-21
2.376360492715961664e+04 5.973777483560968208e-21 5.192067949121348030e-21
2.377426342608690538e+04 4.440397577424371399e-21 4.807051388068411141e-21
2.378492191688218372e+04 7.985746636214638790e-21 4.936920653662066165e-21
2.379558039949892191e+04 5.685080347909330029e-21 5.305873233756738534e-21
2.380623887389322408e+04 9.387069101632157892e-21 5.187460414066483742e-21
2.381689734001898978e+04 1.314476489022822258e-20 5.058634953871568985e-21
2.382755579783202847e+04 6.904665940518436121e-21 4.837333526018624918e-21
2.383821424728752754e+04 1.587310599855303465e-20 4.783075845894456088e-21
2.384887268833920825e+04 1.690830882128745417e-20 5.408196504744800925e-21
2.385953112094271273e+04 1.507475599679362511e-20 5.365984101860845855e-21
2.387018954505318106e+04 1.958119547987000143e-20 5.439292073747954213e-21
2.388084796062585156e+04 1.059411982798288204e-20 4.806642595347126985e-21
2.389150636761547867e+04 1.878744081285143825e-20 5.291382787516472417e-21
2.390216476597783912e+04 1.986136991894371552e-20 5.126828271305992252e-21
2.391282315566629768e+04 6.349075579583370721e-21 5.104580767213214262e-21
2.392348153663997073e+04 9.790440022545914122e-21 4.052819111461322291e-21
2.393413990884995656e+04 1.520377927168690148e-20 4.501488353964110077e-21
2.394479827225395275e+04 6.245440758966783133e-21 3.927424997109923780e-21
2.395545662680470923e+04 1.639073076570844812e-20 3.950060058284571535e-21
2.396611497246190993e+04 1.120205455432174942e-20 4.333455305797318199e-21
2.397677330917584550e+04 1.923531666839964699e-20 4.367370809941685985e-21
2.398743163690574875e+04 1.230586993471277390e-20 4.892942660219177554e-21
2.399808995560531548e+04 1.446648425828487150e-21 4.573279499434726643e-21
2.400874826523146476e+04 6.398124178617565360e-23 4.301277588463060430e-21
2.401940656573646265e+04 -1.558505453325671140e-20 4.847138673541321191e-21
2.403006485707972388e+04 4.818793642546774778e-22 4.489889561855616361e-21
2.404072313921408568e+04 4.441721946631931222e-21 4.535940343534543467e-21
2.405138141209550668e+04 9.273048828433518498e-21 4.784286663839065816e-21
2.406203967567945438e+04 1.637021952607618594e-20 4.939643172937459587e-21
2.407269792992330622e+04 7.690025473770238297e-21 4.253005356181675656e-21
2.408335617478115091e+04 7.213381148205805460e-21 4.657260361588158861e-21
2.409401441020801212e+04 2.016247078489482810e-20 4.703984167899834340e-21
2.410467263616114724e+04 1.335272430603505288e-21 4.151637673959080053e-21
2.411533085259499421e+04 -7.963252860938065354e-21 4.264872869193919279e-21
2.412598905946625746e+04 -3.811080041897286990e-21 4.114105134056677446e-21
2.413664725673001885e+04 -7.358690203566297334e-21 4.177502039615833054e-21
2.414730544434246622e+04 1.942274935265185694e-20 4.500299620546858400e-21
2.415796362225935445e+04 7.687465743660090544e-21 4.759411682055979588e-21
2.416862179043625656e+04 -2.992428041189640105e-21 4.319575095507631814e-21
2.417927994882967323e+04 3.501797305900136200e-21 4.636144915399903436e-21
2.418993809739455173e+04 1.343396596147746714e-20 4.348714312358428104e-21
2.420059623608808761e+04 6.318626746189007682e-21 4.244772974241450065e-21
2.421125436486359104e+04 9.765599210010132364e-21 4.445517547282987907e-21
2.422191248368076413e+04 2.355128466701483205e-21 4.734933467997867863e-21
2.423257059249436134e+04 9.795848393753563028e-21 4.521082280963580484e-21
2.424322869125815487e+04 -1.174022955898895544e-20 4.110117580197402833e-21
2.425388677993082092e+04 -9.350279022420074428e-21 4.592202050346743351e-21
2.426454485846764874e+04 9.584885894344810968e-21 4.487224254752489965e-21
2.427520292682483341e+04 5.025980349655394706e-21 4.018940873045288605e-21
2.428586098495811166e+04 3.361538869169717031e-21 4.656822899684120623e-21
2.429651903282445346e+04 1.636342968965674869e-20 4.711665465654368789e-21
2.430717707037775835e+04 1.864727792141493347e-20 4.826018986613183763e-21
2.431783509757899083e+04 5.571200538996634859e-21 4.569022817997928539e-21
2.432849311437742290e+04 1.175966203221877870e-20 4.106594489489449702e-21
2.433915112073729324e+04 1.404696615069964826e-20 4.688137855889386518e-21
2.434980911660843049e+04 1.672807747808050527e-20 4.709737073573939897e-21
2.436046710195215564e+04 1.831209467249308891e-20 4.591148146482272926e-21
2.437112507672026550e+04 9.367784812652368946e-21 4.522902836645598013e-21
2.438178304087221841e+04 7.697393468600021238e-21 4.189738061811112466e-21
2.439244099436399119e+04 8.942839195569516700e-21 4.608638957211728098e-21
2.440309893715097496e+04 -6.176022231402882934e-21 4.585380167919786645e-21
2.441375686919096188e+04 -1.072155541831222940e-20 4.525781018747219239e-21
2.442441479043901199e+04 4.432567392746652538e-21 4.853233293614287858e-21
2.443507270085295750e+04 1.226947590949648454e-20 4.146892567058934236e-21
2.444573060038846597e+04 1.909697673023240820e-20 4.033285360305751987e-21
2.445638848900142330e+04 1.798344471522685677e-20 4.093197027441576479e-21
2.446704636665072030e+04 9.755157492918975154e-21 4.213486665776599473e-21
2.447770423329146070e+04 1.456094552131303158e-20 4.526165339616650176e-21
2.448836208888228430e+04 -3.719084395083690383e-21 4.411789965764283371e-21
2.449901993337392923e+04 -4.458796085526686623e-21 4.218161914550142136e-21
2.450967776673041226e+04 -2.065277350081922196e-21 4.327560874530123614e-21
2.452033558890364293e+04 8.167422902458146108e-21 4.328859248115913828e-21
2.453099339985377446e+04 2.013564186248083580e-20 5.714218520421952279e-21
2.454165119953588874e+04 1.623335425489972364e-20 5.816117094811633405e-21
2.455258607106494674e+04 -1.696247306171028293e-21 3.908410319416432922e-21
2.456324388338179051e+04 6.617472606742803903e-21 4.266311473824524291e-21
2.457390167295448919e+04 1.151764309727414605e-20 4.638877886286762351e-21
2.458455945093150149e+04 -8.636568254574039790e-21 4.128802412817477900e-21
2.459521721742052250e+04 -4.131725455218577538e-21 4.094197985538580997e-21
2.460587497238114884e+04 2.119123080448866906e-20 4.523877620514801638e-21
2.461653271576939733e+04 1.408933603991679735e-20 4.283988010984326892e-21
2.462719044754163042e+04 1.070612046109921129e-20 4.480997280418891650e-21
2.463784816765572396e+04 1.516826716484029389e-20 4.484187826688171579e-21
2.464850587606671979e+04 1.746758118390003836e-20 4.716993066141837669e-21
2.465916357273489848e+04 4.250675636720202276e-23 4.950907911363167457e-21
2.466982125761424322e+04 -1.756152503756662546e-21 4.592513096137888349e-21
2.468047893066477263e+04 7.860123543067622698e-21 4.250137504041430162e-21
2.469113659199460017e+04 8.032094137629607943e-21 4.879513208614411278e-21
2.470207166891249653e+04 -4.368639188287564436e-21 4.562800666051665826e-21
2.471272932997732278e+04 1.680244081043301943e-20 5.164625457366155233e-21
2.472338697903739376e+04 1.183166673812864359e-20 4.918049187617912102e-21
2.473404461604935568e+04 -6.149459945639360597e-21 4.888148090854060724e-21
2.474470224097163737e+04 -1.203078077237583061e-21 4.648720348990767088e-21
2.475535985376246754e+04 7.012433885714794425e-21 4.455151221614655423e-21
2.476601745437757199e+04 3.595183523455642677e-21 4.473997713335432857e-21
2.477667504277672924e+04 1.771626838203212515e-20 4.592316142001689610e-21
2.478733261891366419e+04 2.964662328330786458e-21 4.243739219708666101e-21
2.479799018275083654e+04 -1.135800063791237185e-20 4.399404303532790649e-21
2.480864774784467591e+04 -1.182776472077794580e-20 3.813219458025971324e-21
2.481930532980854696e+04 7.148490152090165211e-22 4.983913697896058102e-21
2.482996289934147353e+04 -8.575957370267526930e-22 4.979060189898120995e-21
2.484062045640074575e+04 -9.576423911755411731e-21 4.539616247347811201e-21
2.485127800094511986e+04 9.043089850490022772e-22 4.556231422191665197e-21
2.486193553293218065e+04 1.821179109774021280e-20 5.378028555401218451e-21
2.487259305231883263e+04 1.305769682522014931e-20 5.061246112007084676e-21
2.488325055906019770e+04 1.956324241441049133e-20 4.568377939127433621e-21
2.489390805311965596e+04 1.410397483442780731e-21 4.434811615684722296e-21
2.490456553445129612e+04 -2.109725275474323082e-21 4.505754748721500993e-21
2.491522300301406722e+04 -6.714152618946533726e-21 4.300328133941991034e-21
2.492588045876182150e+04 5.378673398472392145e-21 4.499585241468354060e-21
2.493653790165992177e+04 1.169901886582755308e-20 4.755635506026998931e-21
2.494719533165918983e+04 -5.330219785212964074e-21 4.722554286746216310e-21
2.495785274872111040e+04 1.064462763168207784e-20 5.280436110120682405e-21
2.496851015280315187e+04 -5.443063937526391564e-21 4.541621636806175669e-21
2.497916754386030516e+04 -1.336658497162073034e-20 4.454930064241822322e-21
2.498982492185328010e+04 -3.208055900583685515e-22 4.931857819869511185e-21
2.500048228674058555e+04 -1.736698621502139583e-20 5.041696254531024667e-21
2.501113963847894411e+04 -1.272616039942044608e-20 4.400010479505548583e-21
2.502179697702542035e+04 -8.722800151940152076e-21 4.956859425879065507e-21
2.503245430233830848e+04 -5.001253173984651143e-21 5.371019623419541690e-21
2.504311161437832561e+04 3.488806927472164070e-21 4.826526699450711300e-21
2.505376891310103019e+04 -6.220678246621107994e-21 4.174089844641696420e-21
2.506442619846235539e+04 5.379258147362370965e-21 4.178827121256123757e-21
2.507508347042601963e+04 4.617665493744392630e-21 5.029546063494762959e-21
2.508574072894669735e+04 7.973154105712519834e-21 5.004957253314371105e-21
2.509639797398359224e+04 7.302606356050823589e-21 4.647101396837099681e-21
2.510705520549364155e+04 2.465609713228402400e-21 4.747932581513897737e-21
2.511771242343605991e+04 -5.702102071648858535e-21 4.557679519873593244e-21
2.512836962776730070e+04 -4.593557735638919582e-22 4.370498389647902685e-21
2.513902681844812832e+04 4.607172133323080111e-21 4.536352009738134730e-21
2.514968399543201667e+04 6.646770373485795738e-21 4.416783129095493369e-21
2.516034115868447770e+04 5.919180745865286322e-21 5.109705644805319447e-21
2.517099830816081521e+04 6.084570094956069107e-21 4.228505423759685391e-21
2.518165544381736254e+04 2.074503120233185483e-21 4.134139327301803045e-21
2.519231256561525879e+04 1.365907115040141345e-20 4.637872034405274938e-21
2.520296967351228886e+04 9.104657707204257046e-21 4.101635909850054632e-21
2.521362676746541183e+04 9.962963553025975627e-21 4.231846773688821755e-21
2.522428384743301285e+04 1.020193843000440199e-21 4.497643036920540174e-21
2.523494091337582358e+04 9.605004966352967267e-21 4.179414167008280984e-21
2.524559796524791454e+04 1.958872800702135111e-20 4.677302578218399594e-21
2.525625500301294960e+04 6.488110296902650807e-21 4.110826627699937910e-21
2.526691202662808064e+04 1.877803222234468245e-20 4.329168835756204987e-21
2.527756903605180923e+04 1.948710281693801648e-20 4.399725282418702586e-21
2.528822603124052694e+04 1.780155590711027434e-20 5.324308884710938882e-21
2.529888301215588581e+04 8.729601247259690326e-21 4.632675599332033620e-21
2.530953997875420464e+04 1.043624274228187123e-20 4.293562944894122767e-21
2.532019693099577125e+04 8.220811655568241657e-21 4.549052752105887063e-21
2.533085386883770116e+04 9.628445385955473640e-22 4.226395748399724226e-21
2.534151079223950001e+04 4.566779143122872282e-21 4.578244454482115581e-21
2.535216770116143016e+04 1.201593619205484230e-20 4.118717101632033089e-21
2.536282459555994865e+04 1.755948752664860517e-21 3.808398605212746429e-21
2.537348147539398269e+04 1.099859928549293069e-20 4.146645103272274550e-21
2.538413834062523165e+04 1.029966103195822668e-20 4.311683031493549419e-21
2.539479519120891200e+04 4.996538667435314955e-21 4.361264093626537400e-21
2.540545202710521698e+04 5.578083758244239746e-21 4.317907961950864948e-21
2.541610884827391783e+04 -9.333317097723149642e-22 4.302967748774135105e-21
2.542676565467408000e+04 8.880818750705704478e-21 4.072715276282570421e-21
2.543742244626280808e+04 1.109848949714780979e-20 4.157732521580459001e-21
2.544807922300175414e+04 1.232839249299539997e-20 4.216753976370085308e-21
2.545873598484796821e+04 1.073456696431776401e-20 4.290012478864894138e-21
2.546939273175827475e+04 6.431627658951266943e-21 4.502793247203833612e-21
2.548004946369677782e+04 1.381625165397230501e-20 4.699198328577184866e-21
2.549070618061874484e+04 4.340520357291923177e-21 4.310488004808876708e-21
2.550136288248478741e+04 4.433085516311229070e-21 4.422560954662806893e-21
2.551201956925325067e+04 1.493327226648121082e-20 5.306309558169447373e-21
2.552267624088596494e+04 2.258385550145117531e-20 5.379004294111137908e-21
2.553333289733794300e+04 2.407386378850436579e-20 5.240902755600740442e-21
2.554398953857046581e+04 5.751994947375100887e-21 4.435048120996452781e-21
2.555464616454308634e+04 5.134375529451922316e-21 4.696680050191043621e-21
2.556530277521547032e+04 1.300176894454744250e-20 4.989929752112240860e-21
2.557595937054655224e+04 5.254877567855474964e-22 4.698808454330593346e-21
2.558661595049336756e+04 -7.040705226544919941e-21 4.629705460128716065e-21
2.559727251501675710e+04 -4.122926998965671070e-22 4.161986927463281721e-21
2.560792906407357805e+04 -1.920550208894058206e-21 4.072884514370294538e-21
2.561858559762994992e+04 9.148058684367082964e-21 3.954187733443600308e-21
2.562924211564156576e+04 3.509628867690492475e-21 4.660908199749662338e-21
2.563989861806593399e+04 -5.932218491450908912e-22 4.461090437613330063e-21
2.565055510486352068e+04 -5.809302037191893946e-21 4.445529780974665006e-21
2.566121157599640719e+04 1.166482101203107134e-21 4.356582303875853441e-21
2.567186803141822384e+04 2.951570724352845720e-21 4.401756294289284523e-21
2.568252447109546847e+04 3.345111389673871542e-21 4.807124180457614367e-21
2.569318089498319023e+04 7.460946781725242286e-21 4.730329420043879947e-21
2.570383730304128403e+04 -4.244538437737749728e-21 4.551497220543891408e-21
2.571449369523065980e+04 2.947286950911403044e-21 4.209421490722700477e-21
2.572515007151033933e+04 1.436094732952891839e-20 4.461210227041102366e-21
2.573580643184134169e+04 7.022766934735835714e-21 4.339941381522425821e-21
2.574646277618081876e+04 2.176988182071149442e-21 4.638517917679481811e-21
2.575711910448739218e+04 -1.338872382673877415e-21 4.642563854229968983e-21
2.576777541672642110e+04 -4.981374888720320535e-22 4.367073315947519474e-21
2.577843171285454082e+04 8.812328020105736533e-21 4.361628975692550160e-21
2.578908799282701148e+04 1.643268422121480922e-20 4.248078872501366076e-21
2.579974425661151326e+04 8.229658159154630717e-21 4.027623456293656694e-21
2.581040050415886435e+04 1.216491677506197553e-20 3.947772343885630264e-21
2.582105673543876401e+04 9.655908778649420435e-21 4.579608767135365959e-21
2.583171295040510813e+04 2.250265229914925094e-20 4.345766338352897105e-21
2.584236914901837736e+04 1.134586306002100866e-20 4.065234909276474870e-21
2.585302533123913599e+04 5.543014390112756406e-21 4.381858957408811836e-21
2.586368149702927622e+04 1.305330332076006346e-20 4.267587305264868413e-21
2.587433764634412000e+04 1.631024424541916332e-20 4.473987218872669332e-21
2.588499377914657089e+04 1.067069746382784105e-20 4.279860981997671650e-21
2.589564989539438102e+04 1.133455432685969904e-20 4.318463440198801635e-21
2.590630599505236023e+04 -8.835148343569851104e-22 4.541514525951604835e-21
2.591696207807621613e+04 5.291578475161476013e-21 4.386080999503825831e-21
2.592761814442507966e+04 1.692927043373424205e-21 4.729986803198328876e-21
2.593827419406566332e+04 1.056529852923771101e-20 4.193703371541922466e-21
2.594921036951332644e+04 5.047879729690811301e-22 4.742707413589126725e-21
2.595986640917000113e+04 2.912052036953400258e-22 3.936595508557471888e-21
2.597052243184417239e+04 3.570916146306689272e-21 4.389384132008156150e-21
2.598117843764368081e+04 8.734920542469095543e-21 4.547827638428876078e-21
2.599183442652965095e+04 -7.983062327291946379e-21 4.693116538176822958e-21
2.600249039845775405e+04 1.089241307347774908e-20 4.527438670621794663e-21
2.601314635339494271e+04 8.463744772532262521e-21 4.345779350618557960e-21
2.602380229129420331e+04 2.419296855195864196e-20 4.721474992429043247e-21
2.603445821211817383e+04 2.079097217992604491e-20 4.570276098825082861e-21
2.604511411583369772e+04 3.851199576902437510e-21 4.376733443076070219e-21
2.605577000239561676e+04 2.452145318104893448e-21 3.986885665697366055e-21
2.606642587176334200e+04 2.852679878952534236e-21 4.060284265665969841e-21
2.607708172389645188e+04 4.646172924087054474e-22 4.028499515895635185e-21
2.608773755875903589e+04 2.152817316181640244e-20 4.202598575318468726e-21
2.609839337646003332e+04 7.987799315097986277e-21 3.850879666215531689e-21
2.610904918767356139e+04 1.273324739622979672e-22 4.285479452779097655e-21
2.611998547639685421e+04 3.771966346147608592e-21 4.073185942024836530e-21
2.613064126515081443e+04 -5.684600327039962187e-22 4.664745371110270150e-21
2.614129703642821551e+04 -4.335052152663711958e-21 4.831336956640646088e-21
2.615195279019534792e+04 -1.075050735196611785e-20 4.036149412591314149e-21
2.616260852640966186e+04 -5.323289295605611839e-21 4.283761262617872255e-21
2.617326424503597809e+04 4.618686337188259251e-21 4.320687690906922743e-21
2.618391994602859995e+04 -2.224579794238134451e-21 4.079811160473363685e-21
2.619457562935555325e+04 1.326235477128232785e-21 4.378305127874563617e-21
2.620523129496901674e+04 1.166599751325413318e-20 4.409212812244619387e-21
2.621588694283631048e+04 1.667465929786145321e-20 4.591899652397494138e-21
2.622654257291604881e+04 1.951485482435461397e-21 4.249186995124600638e-21
2.623719818516821761e+04 8.885417615993581805e-21 4.270824597875345668e-21
2.624785377955453441e+04 9.861878958735926013e-21 3.817839180943872181e-21
2.625850935603340986e+04 8.168343930384267293e-21 4.646697976170304780e-21
2.626916491456715812e+04 4.506030633453939579e-21 4.202286880232724353e-21
2.627982045511925753e+04 9.969253702626478709e-21 4.089794713192658279e-21
2.629047597764977036e+04 -1.668968944710752600e-21 4.643188248805010944e-21
2.630113148211599037e+04 1.100981013224655359e-20 4.450245445140425824e-21
2.631178696847935498e+04 8.113789130058042166e-22 4.680713661465950054e-21
2.632244243670354626e+04 -4.042113203496254370e-21 4.360255466860891892e-21
2.633309788674627634e+04 1.083508584781168044e-20 4.381791858134271404e-21
2.634375331857073252e+04 8.425314546989593669e-21 4.999709725945725719e-21
2.635440873214050953e+04 -4.600569539451014154e-21 4.148750601347026851e-21
2.636506412741371241e+04 4.456505690018786391e-22 4.240336368513429239e-21
2.637571950434780229e+04 6.395585944173059698e-21 3.936503356445623937e-21
2.638637486290441302e+04 1.068091298286314671e-20 4.818373353953062261e-21
2.639703020304954043e+04 -6.974947725904158991e-21 4.587429194558558037e-21
2.640768552474609896e+04 -7.679487843817475493e-21 4.887717782095891481e-21
2.641834082795035647e+04 1.296327158361987581e-21 4.435075265174209656e-21
2.642899611262261169e+04 -5.137029061353006901e-21 4.182044189643479586e-21
2.643965137872191190e+04 -5.028280908574681728e-21 4.787872289601472803e-21
2.645030662621618831e+04 -9.419090308789378536e-21 4.366558539567125121e-21
2.646096185505999529e+04 1.578442468916236941e-20 4.973051456664618303e-21
2.647161706522188251e+04 -1.185366029948982671e-20 4.768210188923943885e-21
2.648227225666055529e+04 2.281769899270444261e-21 5.014676560945576361e-21
2.649292742933622503e+04 2.158398234728086633e-21 5.011729702539074048e-21
2.650358258320593450e+04 9.210026091200738163e-21 5.434115539767327469e-21
2.651423771823241987e+04 1.078761151627592563e-20 4.529322267514691532e-21
2.652489283438360872e+04 1.029903199406196249e-20 4.394916509963572706e-21
2.653554793161649286e+04 8.172036466422145182e-21 4.362789797290310635e-21
2.654620300989409952e+04 1.756737029426953667e-20 4.713290752319432811e-21
2.655685806917461741e+04 4.664864586120652493e-21 4.367754541195245539e-21
2.656751310941309930e+04 1.419768356901514763e-20 4.485910324565222373e-21
2.657816813058633124e+04 1.241496513912302818e-20 4.346424816400821570e-21
2.658882313264869299e+04 1.226847661574201796e-20 5.451826243088137070e-21
2.659947811556299348e+04 1.054381612910336677e-20 4.662408829700464068e-21
2.661013307928672293e+04 1.611574880976350559e-20 4.658247681124094483e-21
2.662078802378004184e+04 2.459068124368420932e-20 5.225922595500545717e-21
2.663144294900976456e+04 1.335537539757228169e-20 5.353667278801126645e-21
2.664209785493741219e+04 2.779030474888536612e-21 4.639053040807835704e-21
2.665275274152517522e+04 -6.778762749385140297e-21 5.374247683032907901e-21
2.666340760872811006e+04 4.728282569455727352e-22 4.595945029028568418e-21
2.667406245650975325e+04 1.767315348466590888e-20 5.301367649510513344e-21
2.668471728483829793e+04 2.638328701637417683e-20 4.849392573623513546e-21
2.669537209366685420e+04 8.406511896920390829e-20 6.764751483207150015e-21
2.670602688296702763e+04 8.628415237384338059e-20 6.423981723466231072e-21
2.671668165269313613e+04 9.068908267685646171e-20 5.610185988429552274e-21
2.672733640280432155e+04 6.577405122432523487e-20 5.474691326763649661e-21
2.673799113327225132e+04 1.571083095552341222e-20 5.020839519310817228e-21
2.674864584404928974e+04 7.765814669617427671e-21 5.345494821385354035e-21
2.675930053509867867e+04 2.342286863360511650e-21 5.508746169478918996e-21
2.676995520638404560e+04 7.448402291811708392e-22 5.066560093991665110e-21
2.678060985787397294e+04 5.607865767250567233e-21 4.595361568622709276e-21
2.679126448952378996e+04 5.549325892307669177e-21 4.534679895080747808e-21
2.680191910128895688e+04 8.600226474323541260e-21 4.395286131950541825e-21
2.681257369314019525e+04 2.141824899392381846e-20 4.272893782792368022e-21
2.682322826504109980e+04 5.944043297441511580e-21 5.034029813755862924e-21
2.683388281694497346e+04 1.037958571259867004e-20 5.170178541076793825e-21
2.684453734881865967e+04 -1.199901990707115284e-20 4.952404459945391934e-21
2.685519186062384688e+04 7.466711873647264954e-21 5.072512137019829851e-21
2.686584635231981520e+04 1.726726257332123939e-20 5.004805084793579034e-21
2.687650082387559451e+04 5.090253381160508378e-21 4.995599548162656339e-21
2.688715527524902063e+04 7.921161020717919038e-21 5.137707286574340469e-21
2.689780970640124724e+04 -4.593538958630017688e-21 4.492329573766238057e-21
2.690846411729119791e+04 -1.333854350157636086e-20 4.074306761577529032e-21
2.691911850788921583e+04 -3.878437350050776625e-21 4.570195986098058842e-21
2.692977287815215095e+04 1.227742914410186567e-20 4.609955248334031629e-21
2.694042722804327059e+04 1.455906937642360094e-20 5.282835179692543124e-21
2.695108155752056700e+04 -2.010863685205360255e-21 5.000051294475997230e-21
2.696173586654724204e+04 2.565252610487893394e-21 4.768374811842325005e-21
2.697239015509467208e+04 1.132224318159705447e-20 5.424133274246376895e-21
2.698304442312112224e+04 6.112600888701888601e-21 4.854273753089591285e-21
2.699369867058371165e+04 5.478148664679486501e-21 4.871463255665770240e-21
2.700435289744110196e+04 1.701457568542700869e-20 4.791191638764545154e-21
2.701500710366838757e+04 3.029096378352367588e-20 5.160051029317935064e-21
2.702566128922093048e+04 1.361657199954860754e-20 4.452839372087640764e-21
2.703631545406121586e+04 1.721964584319672763e-20 5.181265045254094896e-21
2.704696959814574802e+04 -6.433519251115850612e-21 4.884332866425848641e-21
2.705762372144690744e+04 -4.522848526386212172e-21 4.983263700458878180e-21
2.706827782392267545e+04 -2.387093152392855068e-21 4.981940444260539267e-21
2.707893190554032481e+04 5.769263433801830912e-23 5.065347319905081059e-21
2.708958596625570135e+04 2.587218566372477041e-21 4.860637609985640866e-21
2.710024000602419983e+04 7.191370564581897100e-21 5.011768922529666569e-21
2.711089402482825608e+04 6.432280518588223025e-21 5.065110552911195892e-21
2.712154802261335135e+04 1.763139057511718422e-21 5.401888455141296515e-21
2.713220199935151322e+04 1.698402233733438279e-20 5.367648600780625609e-21
2.714285595499568080e+04 8.009446338006685178e-21 5.185178476320887381e-21
2.715350988946134385e+04 1.757048064748541190e-21 4.932429644120098208e-21
2.716416356873045515e+04 1.187131687826394482e-21 5.224827168056810467e-21
2.717481718699023259e+04 -1.160079177623921350e-20 5.515149329449764372e-21
2.718547078401432009e+04 -6.423369174864639815e-21 5.222174153874422134e-21
2.719612435976471897e+04 1.121489110015733528e-21 4.970321570421058357e-21
2.720677791420632639e+04 2.144739673139507258e-20 5.453451961213567424e-21
2.721743144729797496e+04 1.131948645068543370e-21 5.027952889326276918e-21
2.722808495900636990e+04 6.987528325433036117e-21 5.284286792818812411e-21
2.723873844928287872e+04 8.401833327515819933e-21 4.495414497228286112e-21
2.724939191811051569e+04 3.335821744150588375e-21 4.727115307724339768e-21
2.726004536543900031e+04 -1.942620935536873411e-21 5.142897274257131710e-21
2.727069879122784187e+04 -7.823813615481878642e-21 5.486486404218198651e-21
2.728135219544738356e+04 1.340900471388609248e-20 5.264627815237030170e-21
2.729200557805829158e+04 -8.766847959013410549e-21 4.770825520302955493e-21
2.730265893902256721e+04 -8.907264869593041049e-21 4.650891631939071773e-21
2.731331227830351054e+04 -6.791365100820776599e-21 4.889411339388339042e-21
2.732396559586210788e+04 -5.359188106862618545e-21 4.832183153243150542e-21
2.733461889166517358e+04 -1.024132161892900556e-20 5.220241834220621665e-21
2.734527216567538926e+04 1.649459146753112233e-20 6.131147474400790083e-21
2.735592541784971036e+04 1.416481151540006995e-20 5.348770099909528649e-21
2.736657864815761059e+04 3.634706683979472634e-21 5.148085187453520509e-21
2.737723185655891575e+04 -4.416946894713784051e-21 5.354537848722944818e-21
2.738788504301755165e+04 1.474886707199830502e-21 5.006402737816401486e-21
2.739853820749433362e+04 -6.357531906654397009e-21 5.159888403205050380e-21
2.740919134995592685e+04 -1.989448583121245674e-20 5.893707351395049838e-21
2.741984447036359052e+04 -3.080867887577300851e-22 5.464878978797848556e-21
2.743049756868069016e+04 9.885380722648278079e-21 5.837829406685352000e-21
2.744115064486991105e+04 1.027401173022279381e-20 5.699862623927212241e-21
2.745180369889403664e+04 1.977945927985929942e-20 5.700987069605845728e-21
2.746245673071906640e+04 -2.990911400688627286e-21 5.840889473794460024e-21
2.747310974029922727e+04 9.589137917993562452e-21 5.220100572347110552e-21
2.748376272760776192e+04 1.170583179483665541e-20 4.733698198379590363e-21
2.749441569260438700e+04 -1.384160485644661332e-21 4.996764941796579363e-21
2.750506863524781147e+04 -8.606407059333134562e-21 5.065984725686838379e-21
2.751572155551189644e+04 -5.371249753429623495e-21 5.052054412269823057e-21
2.752637445335097073e+04 4.804156043325908634e-21 5.681112141695388310e-21
2.753702732872874913e+04 2.969359576665955667e-21 4.796348231337493115e-21
2.754768018161512737e+04 9.721920269095325867e-21 4.997978768973939743e-21
2.755833301196583125e+04 2.628078262624926626e-21 5.528544515542985277e-21
2.756898581974503031e+04 3.957849954243737639e-22 5.724849588004268364e-21
2.757963860491833839e+04 -3.097489512828675840e-22 4.940292048770134693e-21
2.759029136745064898e+04 -1.438262083212793198e-21 5.170211257931771229e-21
2.760094410730566597e+04 -5.278690303899321796e-21 5.435304545356794256e-21
2.761159682443800193e+04 3.937128446419212220e-21 5.626789061396224169e-21
2.762224951882225287e+04 -5.922412017284263413e-21 6.086865244519438408e-21
2.763290219041664022e+04 -7.771110192119927673e-21 6.164993428964822398e-21
2.764355483918314349e+04 9.984609163710523402e-21 5.015579241582460984e-21
2.765449125581689441e+04 2.383607850239353982e-20 5.434816378980721331e-21
2.766514389232926624e+04 -7.113986114836914324e-21 6.032989519505984950e-21
2.767579649554476418e+04 1.057831621787032983e-20 5.663970801768286872e-21
2.768644907564350797e+04 1.301951987691261211e-20 5.539669180194176342e-21
2.769710163272941645e+04 8.567477440164033685e-21 5.643042835376636126e-21
2.770775416677008980e+04 5.589796218827666372e-21 5.663739966177802026e-21
2.771840667772693268e+04 1.035189978150135000e-20 6.262420510572335439e-21
2.772905916556168449e+04 2.128387669617450943e-20 6.202115638924950561e-21
2.773971163023990448e+04 -2.623695205414678682e-21 6.251973919742385830e-21
2.775036407172942563e+04 6.873839919018572837e-21 5.804536062136030704e-21
2.776101648998314340e+04 -5.111883586830124227e-21 5.716442792794669748e-21
2.777166888497588661e+04 -1.129958524006799916e-20 5.802326771709193213e-21
2.778232125666653883e+04 5.757590702467624200e-21 5.606791448543206010e-21
2.779297360501652292e+04 1.990030889217658681e-20 5.537419309899912760e-21
2.780362592999445042e+04 7.235008318031178038e-21 5.686098028332646126e-21
2.781427823155937949e+04 2.045569390913180185e-20 6.109510170755022724e-21
2.782493050967929230e+04 1.185015452173008109e-20 5.274492866022294263e-21
2.783558276431588820e+04 -2.189047447972333209e-22 5.186319526862224626e-21
2.784623499557293326e+04 4.969184312104999232e-21 5.575121765913018129e-21
2.785688721358919793e+04 -2.261239809671986694e-21 5.825879527644903149e-21
2.786782364798943672e+04 2.287976874524550647e-20 6.936067316482845118e-21
2.787847583128865517e+04 1.248391048930548179e-20 6.347760428048102525e-21
2.788912799091932175e+04 -9.159749960286840682e-21 6.137994522651389592e-21
2.789978012684745045e+04 4.346279991052401696e-21 6.049082749978045665e-21
2.791043223903876788e+04 1.597244510192343211e-20 6.339847622488126252e-21
2.792108432745317259e+04 -8.674569517274535506e-21 6.068984126712614886e-21
2.793173639205701329e+04 8.502409923627283740e-21 6.106966538901732226e-21
2.794238843281604568e+04 3.286017098400720578e-21 5.428565841364111884e-21
2.795304044968957533e+04 5.930404040687827776e-21 5.510761978313086501e-21
2.796369244264442386e+04 -1.304779420699283062e-20 5.644063871412128722e-21
2.797434441164699092e+04 1.215449379563450203e-20 6.007333501399860737e-21
2.798499635665323513e+04 2.037815887186046186e-20 5.842337280975733387e-21
2.799564827763990252e+04 1.974771800202194409e-20 5.757327014018272795e-21
2.800630017455681809e+04 -1.351915441776951524e-20 5.794491380243902958e-21
2.801695204738227767e+04 3.939876175314660487e-21 5.431415253336257754e-21
2.802760389606531680e+04 1.718223665961352079e-20 5.713513577321179203e-21
2.803825572058284888e+04 7.676095164259617526e-21 5.503503843275980263e-21
2.804890752088939553e+04 1.081748051538348306e-20 6.033022881702072923e-21
2.805955929696073144e+04 -7.461163041444661041e-21 6.444373480581880887e-21
2.807021104874640878e+04 -8.554434036070968353e-21 6.097065772555172747e-21
2.808086277622321359e+04 3.857181882747831921e-21 6.179551745116453666e-21
2.809151447934569296e+04 1.051621736090759514e-20 5.873085456861412253e-21
2.810216615808469578e+04 1.097938297423489191e-20 6.304970806753259312e-21
2.811281781240474083e+04 1.600733957230973388e-20 6.347449375938840524e-21
2.812346944226312553e+04 1.213989015596982482e-20 5.251803964688324750e-21
2.813412104763627576e+04 3.419540787230033143e-20 5.973141603009510302e-21
2.814477262847307065e+04 3.498581081072671944e-20 6.212995244606985135e-21
2.815542418474821534e+04 1.216961048858766292e-20 6.310085996006306158e-21
2.816607571642371840e+04 1.645177663604876407e-20 6.904849985607179185e-21
2.817672722346637238e+04 -8.662565396317778366e-21 6.625169662312756339e-21
2.818737870583473705e+04 -7.230493942098896688e-21 6.342239957928378711e-21
2.819803016349653626e+04 1.012185069096630539e-20 6.085549034718838409e-21
2.820868159641860620e+04 -1.450787882696061766e-22 6.555720780666950745e-21
2.821933300455539575e+04 -6.137387203168655326e-21 6.054973679531382462e-21
2.822998438788788553e+04 2.429613666648725427e-20 6.059647149131715939e-21
2.824063574636656995e+04 2.803383884554812052e-20 5.784589800251825608e-21
2.825128707996080630e+04 6.734121172183589469e-21 7.177103929547998426e-21
2.826193838863233032e+04 -6.251041989101159369e-21 6.474164495500455152e-21
2.827258967235019736e+04 -5.213856244675908646e-21 6.790650810748842520e-21
2.828324093107955923e+04 -8.051858051326834122e-21 5.897342492513629514e-21
2.829389216477753871e+04 -8.390198688161997275e-21 5.760571319959307007e-21
2.830454337341574137e+04 -2.215953375283222065e-20 5.989567127017496867e-21
2.831519455695852594e+04 -6.672035403143485183e-21 6.190130078878698041e-21
2.832584571536358271e+04 6.361371223730747375e-21 6.903291289872390245e-21
2.833649684860545312e+04 2.303251719443838200e-20 6.765847719088022015e-21
2.834714795663838595e+04 1.864765708769645192e-20 6.384240028124525519e-21
2.835779903943688259e+04 1.181301599987804066e-20 5.615923909221286137e-21
2.836845009695609042e+04 1.401482702316482870e-20 6.546153363374437745e-21
2.837910112916570142e+04 3.839769138867467394e-21 5.907676748756756923e-21
2.838975213603492739e+04 1.939243804163637674e-20 6.004211899574713498e-21
2.840040311751845366e+04 2.929712920619322516e-20 6.993875137657354554e-21
2.841105407359144374e+04 6.360344600099618400e-21 6.490699294070898723e-21
2.842170500421114775e+04 1.226786456997828907e-20 5.425240585811134342e-21
2.843235590934436914e+04 1.286287043521808824e-20 5.553454737128729543e-21
2.844300678895583042e+04 3.027695893328395205e-20 5.613880404979270062e-21
2.845365764300826049e+04 2.600865943402500967e-20 6.128485572914112749e-21
2.846430847147150780e+04 1.131334312821143329e-20 5.702009804232753913e-21
2.847495927430493248e+04 -5.113174638384020843e-21 6.227993269151443223e-21
2.848561005147830292e+04 1.102342331281857035e-20 6.217860875503173783e-21
2.849626080295699285e+04 3.052944941183986692e-21 6.114586502095691265e-21
2.850691152870078804e+04 4.673701535557310828e-21 6.417874109239163851e-21
2.851756222867424003e+04 2.022781615413356535e-20 6.165751514335323466e-21
2.852821290284455608e+04 -4.492456230577669857e-21 6.169024989828238883e-21
2.853886355117972562e+04 -1.955127497351130792e-21 6.299564525393041253e-21
2.854951417364215740e+04 -8.738283959652166533e-21 6.083190381873161129e-21
2.856016477019654849e+04 5.138792444371862814e-21 5.924329423511804534e-21
2.857081534080746860e+04 7.995934659699901947e-21 6.111962043332824161e-21
2.858146588543797770e+04 -8.490004112417114726e-22 6.007828507573687569e-21
2.859211640405817525e+04 2.846640710088473364e-20 7.209889046472697594e-21
2.860276689663038633e+04 2.496756965212547173e-21 6.816327914813265744e-21
2.861341736311646309e+04 1.184968658524729680e-20 6.974594908704661873e-21
2.862406780348476241e+04 1.165419361000275536e-20 6.053343449060320643e-21
2.863471821770543829e+04 2.139358966928427045e-20 6.382148924070882216e-21
2.864536860573335798e+04 1.282673249813835591e-20 5.677134606425887784e-21
2.865601896754300105e+04 -1.309199464998935987e-20 5.779330222181342166e-21
2.866666930309003510e+04 3.462074223857468476e-21 5.800892309743858915e-21
2.867731961234473420e+04 2.705177183989783851e-21 6.862421860606718680e-21
2.868796989527481128e+04 1.645806033825429565e-20 6.241579073668138861e-21
2.869862015183964104e+04 1.523524130247475962e-20 5.800150520824166655e-21
2.870927038200737297e+04 6.108660166347797748e-21 6.075785777798852561e-21
2.871992058574602925e+04 1.170196580152276683e-20 6.147280109714099323e-21
2.873057076301821508e+04 -4.708088080335673290e-21 6.170619891669183135e-21
2.874122091378614277e+04 2.081562984265869433e-20 6.320455991849238601e-21
2.875187103801761623e+04 -1.332187180410671336e-20 6.506319257495219051e-21
2.876252113568091954e+04 -1.007427418533605011e-20 6.562966033122094895e-21
2.877317120673872341e+04 5.395636039075588856e-21 5.436348620190307290e-21
2.878382125115615054e+04 2.964566257084602246e-21 6.228206837730562238e-21
2.879447126889538777e+04 1.030965223510068061e-20 6.504484897058074344e-21
2.880512125992502479e+04 5.465606728350690902e-21 6.312713468014322854e-21
2.881577122421299282e+04 -8.880724072003131948e-21 6.218326475422978769e-21
2.882642116171682210e+04 -3.246387591871459455e-21 5.477686325380483772e-21
2.883707107241418635e+04 4.095195171150821502e-21 5.371873620862348846e-21
2.884772095625542352e+04 2.213445963870224332e-20 6.383772208582024985e-21
2.885837081321909500e+04 6.335457844823222803e-21 6.781799311996062852e-21
2.886902064326015170e+04 1.183362632407014183e-20 6.581221565037377753e-21
2.887967044635930142e+04 7.129885861309511026e-21 5.957005481618671327e-21
2.889032022246366614e+04 7.485580068248476355e-21 5.846042348777242362e-21
2.890096997154697237e+04 2.372112220854590311e-20 6.141809289707186313e-21
2.891161969357730050e+04 1.324660685409674209e-20 6.452590269830960396e-21
2.892226938851481100e+04 7.993024216968230811e-21 5.836467952170454898e-21
2.893291905632433554e+04 2.009344019990614541e-21 4.956846079999162847e-21
2.894356869698004448e+04 -2.585397895216961447e-20 5.428744097562659736e-21
2.895421831044220744e+04 2.761256276940946402e-20 6.687727745679930055e-21
2.896486789667107223e+04 2.715660257666176869e-21 5.761543688393306001e-21
2.897551745564225348e+04 9.187534132480428707e-21 5.600104700394737722e-21
2.898616698731363067e+04 1.730408044990927278e-20 6.150120649256789601e-21
2.899681649165372801e+04 1.821832726402909514e-20 5.811960996066370511e-21
2.900746596862814840e+04 -7.238390065752243462e-22 5.882270357173924574e-21
2.901811541820508501e+04 1.863258583545185386e-20 6.530055434671453665e-21
2.902876484034427267e+04 -4.842557908379427927e-22 5.587488492839145020e-21
2.903941423501468671e+04 5.402537709180930543e-21 5.624672611750959388e-21
2.905006360218203190e+04 1.284256600084959849e-20 6.178683936241381904e-21
2.906071294181466146e+04 4.818667602770777719e-21 5.715051568208429367e-21
2.907136225386977458e+04 6.561194416179989767e-21 5.789845486712947522e-21
2.908201153832392811e+04 1.360674834917310385e-21 5.472657511222063339e-21
2.909266079513782825e+04 -6.981240385414234079e-21 5.547530437520841038e-21
2.910331002427186104e+04 -1.615795055743057318e-21 5.489834097353329575e-21
2.911395922569981849e+04 -3.811478324331913551e-21 5.086777405470150869e-21
2.912460839938404388e+04 -3.138099391858934762e-20 4.949194989874491994e-21
2.913525754529375627e+04 -2.010607029878227796e-20 5.203126731655562400e-21
2.914590666338669689e+04 -1.335196153848829726e-22 5.917520704176932469e-21
2.915655575363408570e+04 -2.482754565854728355e-21 5.281691911880258874e-21
2.916720481600685162e+04 8.861306595604050454e-21 5.463116949260343250e-21
2.917785385046524607e+04 9.071522098221392270e-21 6.389384359516601061e-21
2.918850285697021536e+04 2.744670163161446824e-21 6.527927849842595147e-21
2.919915183549304129e+04 2.450645643593183452e-21 5.902359219723764215e-21
2.920980078600505294e+04 -5.086807432461910422e-21 5.480650571967279678e-21
2.922044970846621436e+04 -8.122338174121492109e-21 5.967713937789578834e-21
2.923109860283997477e+04 3.694469187035841427e-21 6.526641567506740209e-21
2.924174746908984162e+04 -1.970253492176681067e-20 5.454489535384630223e-21
2.925239630719532215e+04 -5.758352639965526464e-21 6.704786988584291943e-21
2.926304511711423766e+04 7.346519323315335660e-21 6.678121174960731013e-21
2.927369389880642848e+04 2.152940654362581498e-21 5.713639507619472503e-21
2.928434265224399132e+04 1.130827359793580676e-20 6.076083236564615706e-21
2.929499137739840808e+04 3.068412687201442050e-20 6.255591362808815236e-21
2.930564007422752911e+04 2.593520476625478093e-21 5.614664059132902222e-21
2.931628874270008600e+04 6.687984371103313927e-21 5.322701973846692669e-21
2.932693738277876037e+04 -1.709987886275982598e-21 5.105424086221494753e-21
2.933758599443851563e+04 2.226452022414075072e-20 5.461111643350881868e-21
2.934823457763447004e+04 8.007742122107529117e-21 4.902642353137703963e-21
2.935888313234093948e+04 4.363693765658860878e-22 5.294080004337895074e-21
2.936953165852112943e+04 2.081695719171678285e-21 5.629955265501814644e-21
2.938018015614077012e+04 7.071278848764441641e-21 5.765507837667396091e-21
2.939082862516655950e+04 2.323336132093602040e-20 5.575189885265237710e-21
2.940147706555914556e+04 1.340339487496787984e-20 5.568003581444878919e-21
2.941212547730123333e+04 1.068876299895816613e-20 5.806399603342825914e-21
2.942277386033945004e+04 9.287499527843035085e-22 5.557814733808663875e-21
2.943342221465078910e+04 6.536752671608856742e-21 5.824566463431772162e-21
2.944407054019643329e+04 1.415206697103562433e-20 6.198302950471552948e-21
2.945471883695085489e+04 1.154225040893432240e-21 7.016962674782952203e-21
2.946536710486927404e+04 3.635487478981368559e-21 6.213131267227328934e-21
2.947601534392320900e+04 1.768780226641673105e-20 6.326782612666929952e-21
2.948666355408147137e+04 1.508551856772079573e-20 6.046988081652473827e-21
2.949731173531083550e+04 1.156498367617025907e-20 6.288555010957005427e-21
2.950795999255613060e+04 -1.180613935119015442e-20 6.254714123848279018e-21
2.951860846810389558e+04 1.709786583646701430e-23 5.542539561393050349e-21
2.952925691461578390e+04 -3.989604787315158733e-21 5.801320866231561101e-21
2.953990533205507745e+04 2.016613636679603127e-22 5.830254250309573788e-21
2.955055372039139183e+04 3.856302262555740216e-21 5.672863422116720055e-21
2.956120207959387699e+04 1.174814802137565282e-20 5.851278942515736949e-21
2.957185040962891435e+04 1.736529801538777699e-20 5.718409650351064490e-21
2.958249871045154941e+04 8.984714890525838398e-21 5.280956902490536323e-21
2.959314698204174420e+04 1.173915371626297106e-20 5.358664953877248741e-21
2.960379522435809849e+04 2.686354616700123835e-21 6.119234223332063457e-21
2.961444343737263262e+04 5.370623742452704795e-21 6.242517051053040964e-21
2.962509162104898132e+04 1.935810127388235984e-20 7.023419951395843268e-21
2.963573977535075392e+04 1.486345046186722076e-20 5.797536295831436155e-21
2.964638790024939590e+04 9.121324166073640271e-21 5.912647522733502245e-21
2.965703599570362712e+04 1.367996002665571472e-20 6.186706546669979540e-21
2.966768406169402078e+04 1.602576939881899134e-20 5.987549336758795458e-21
2.967833209817015086e+04 2.325087960788730118e-20 6.172022252634248623e-21
2.968898010511550456e+04 -6.503876409810090684e-21 6.213502436122941656e-21
2.969962808248192596e+04 1.399700748029992150e-20 6.195302355822303339e-21
2.971027603023917254e+04 -1.452960130485016464e-23 5.491995845269333413e-21
2.972092394836531457e+04 7.242225449339277789e-21 5.460069976210997880e-21
2.973157183680990056e+04 1.124941430359220214e-20 6.049637354915949250e-21
2.974221969555368923e+04 1.313092416628414390e-20 6.225316563697241582e-21
2.975286752455445094e+04 1.346758788056581558e-20 5.438627411332126674e-21
2.976351532378160482e+04 3.430253888618919191e-20 6.012533511563336439e-21
2.977416309320500295e+04 2.253152361636645297e-20 6.017967375778156767e-21
2.978481083278555889e+04 -5.652128704408401709e-21 5.247659990065575152e-21
2.979545854249849799e+04 9.636259327656078368e-21 5.338681184897629543e-21
2.980610622229616274e+04 -3.900077582235107981e-21 5.525851100195248115e-21
2.981675387215894443e+04 9.192251555019651724e-21 6.117095736371302848e-21
2.982740149204558475e+04 8.432908075075367787e-21 6.175433999646424714e-21
2.983804908192562652e+04 3.077816808922291945e-21 6.209014915629606972e-21
2.984869664176868901e+04 2.324880461165802428e-21 5.794758201911669268e-21
2.985934417152999958e+04 1.045263907465273004e-20 6.160391902954329977e-21
2.986999167119314006e+04 7.402598405447382833e-22 5.895746588776336989e-21
2.988063914071639010e+04 -1.014011237779420440e-20 5.540466922186713777e-21
2.989128658006678961e+04 2.144583132265839059e-20 5.985313330382551537e-21
2.990193398920534310e+04 1.577363222535339522e-20 5.694691273590646447e-21
2.991258136811039731e+04 2.008139244963616367e-20 6.399560578300701019e-21
2.992322871674005728e+04 1.480184181626375948e-20 5.452127351313296483e-21
2.993387603506345476e+04 3.073248198233378848e-21 5.463000903267279499e-21
2.994452332304803713e+04 2.874444039662977266e-21 5.412154314256569786e-21
2.995517058066064783e+04 -6.692616940449414573e-21 5.317205299087755943e-21
2.996581780786525997e+04 -1.424001377218509242e-21 5.480566380497366410e-21
2.997646500463451957e+04 -3.213145400482977846e-21 5.822270792733475523e-21
2.998711217093509185e+04 -9.993975258482776829e-21 5.557608587495078152e-21
2.999775930672501272e+04 -1.349428156406913037e-21 5.568642590724215104e-21
3.000840641198321828e+04 4.117894758664997152e-21 5.015501864031517766e-21
3.001905348667080398e+04 1.561938039731691658e-20 5.766580674587179678e-21
3.002970053074889802e+04 3.653295899570462372e-21 5.564061734401667207e-21
3.004034754419314777e+04 2.147424482376386933e-20 5.719737520748108552e-21
3.005099452696721710e+04 -1.189781301050044896e-20 5.607129806041335906e-21
3.006164147903536650e+04 -8.001761569832465297e-21 5.803782908220385226e-21
3.007228840037353075e+04 6.249112388646761457e-21 5.568989866292164165e-21
3.008293529093995312e+04 4.715038950186941471e-21 5.510120770120430503e-21
3.009358215070165534e+04 7.223383009523378282e-21 5.943644379284188326e-21
3.010422897963520518e+04 -6.302759908279268302e-21 5.939058039202924006e-21
3.011516479642335617e+04 -3.781705548259639452e-21 5.650161045690533256e-21
3.012581158624843738e+04 1.006744759176891139e-20 5.607601256038781944e-21
3.013645834500381170e+04 8.269975029456075615e-21 5.623023953910202023e-21
3.014710507279088051e+04 9.198346612370913644e-21 5.888944644763514685e-21
3.015775176957396980e+04 -1.089976612463553068e-20 5.428944882044004038e-21
3.016839843532861414e+04 -2.598758520560805814e-21 5.569679972861174792e-21
3.017904507001318416e+04 4.163188447983283940e-21 6.056299351419609928e-21
3.018969167359776475e+04 -9.419489978837888380e-21 5.829142818552308836e-21
3.020033824604649999e+04 8.310000591986346655e-21 5.904909883736501129e-21
3.021098478733247975e+04 1.119697166128494699e-20 6.108085373406304038e-21
3.022163129742003002e+04 7.805639997237212317e-21 5.830911289027193695e-21
3.023227777627347677e+04 1.612047517455626200e-20 6.309467272091852074e-21
3.024292422386542603e+04 1.580881496164826878e-20 5.856486609502968451e-21
3.025357064016045115e+04 2.113182844138206887e-21 5.728349882428162560e-21
3.026421702512275442e+04 3.899141676254095000e-21 5.905490135665813339e-21
3.027486337873106822e+04 9.389204540354164240e-21 5.597543079554238991e-21
3.028550970093279466e+04 4.771983106664785310e-21 6.117983073470997709e-21
3.029615599171220674e+04 3.065435027601766535e-20 6.861867061726079299e-21
3.030680225103351404e+04 2.560380888993957127e-20 7.647858553411985901e-21
3.031744847885271156e+04 -4.262104716258067042e-21 6.237794185435440917e-21
3.032809467515118376e+04 -3.856945938184334518e-21 6.282089773516039302e-21
3.033874083989068822e+04 6.474527381298764091e-21 5.397125941872623726e-21
3.034938697303292429e+04 5.714576124436002037e-21 5.657911935340758539e-21
3.036003307455941467e+04 5.198337215003285127e-21 5.356936307356492038e-21
3.037067914442314213e+04 1.258786234144117394e-20 5.295082018725373050e-21
3.038132518259706194e+04 1.192369151019878367e-20 5.705886413611515295e-21
3.039197118905434399e+04 -1.180483475726736994e-20 5.978972863205931271e-21
3.040261716375072137e+04 -6.632631360965527487e-21 5.295987227302017938e-21
3.041326310665387427e+04 1.130076910672885049e-20 5.557846254770288866e-21
3.042390901775415841e+04 2.577964044930628700e-20 5.999407567464793557e-21
3.043455489712578128e+04 2.679914149438155977e-20 6.095810214162904991e-21
3.044520075416330292e+04 1.479879611670457936e-20 6.432276718407154752e-21
3.045613629878680149e+04 -7.407577890521487650e-21 6.291931005581787707e-21
3.046678210474151274e+04 5.010174744650744673e-21 6.626906053134295633e-21
3.047742787871448309e+04 -5.392413390707157154e-21 5.441871490815275591e-21
3.048807362067924987e+04 -8.194140553390625071e-21 5.826901978875396878e-21
3.049871933058213472e+04 -1.067160395134855903e-20 5.922836093215926390e-21
3.050936500840570443e+04 -1.689667168254487613e-20 5.386128032044738581e-21
3.052001065412351454e+04 8.074790276260259582e-21 6.037806368823369495e-21
3.053065626766950299e+04 1.735332773581215284e-20 6.642717215132947767e-21
3.054130184906263821e+04 5.862870598947069126e-21 6.295647033212320896e-21
3.055194739823133932e+04 1.655940765023777248e-21 6.205301009064798355e-21
3.056259291514916185e+04 1.664653487178066736e-20 6.851205807346397194e-21
3.057323839980496632e+04 -1.446282175165828165e-20 6.034601026401169701e-21
3.058388385213889705e+04 5.864499404194874282e-21 5.605335295401077039e-21
3.059452927213376461e+04 1.111287514639146756e-20 5.703276360364751314e-21
3.060517465976284075e+04 2.364876535597120996e-20 6.085748009779799130e-21
3.061582001496648081e+04 2.234106867761996284e-20 6.521093609147101297e-21
3.062646533774301497e+04 1.326518521096669016e-20 5.698913390394779807e-21
3.063711062805388792e+04 1.543109320733882264e-21 6.343966843885585427e-21
3.064775588583922581e+04 -3.499937891669762940e-21 6.002434241317876463e-21
3.065840111110641737e+04 1.438314500998733267e-20 5.415785151743890460e-21
3.066904630380780873e+04 2.071010064300011171e-20 6.068687650356576138e-21
3.067969146388610898e+04 1.933260038206224140e-20 5.628392434183547601e-21
3.069033659135223570e+04 5.033416956074325787e-21 6.320265190405278465e-21
3.070098168614021779e+04 1.725122286548071187e-20 6.846189715610907686e-21
3.071162674823000634e+04 3.438272769448306066e-21 6.242452035236440617e-21
3.072227177760468112e+04 -1.678723248369747303e-21 6.759273749432692128e-21
3.073291677418577819e+04 -3.278652603346661782e-21 5.918961973149211168e-21
3.074356173800260876e+04 4.125255767387163907e-21 6.240350601841309218e-21
3.075420666898242780e+04 3.378410205356188127e-21 6.032747144277706857e-21
3.076485156709019793e+04 2.379010887549017799e-20 6.739700540044615948e-21
3.077549643232465314e+04 1.955604329737290795e-20 6.055139752796078219e-21
3.078614126461644628e+04 1.391108089389314419e-20 5.967374573429637989e-21
3.079678606396428222e+04 1.091542467528474821e-20 6.124118711513700113e-21
3.080743083032973664e+04 1.459244579384927879e-21 6.360311076329128834e-21
3.081807556364965785e+04 -2.146800834692762733e-21 6.327566023647203572e-21
3.082872026394112254e+04 -1.967870623345411569e-21 6.118012164393635978e-21
3.083936493114412951e+04 4.399972527514489132e-21 6.068992365457285272e-21
3.085000956521117041e+04 3.995722212322230102e-21 6.980298411071646877e-21
3.086065416615045979e+04 -6.009621913585862574e-21 6.560232598487490706e-21
3.087129873388009219e+04 1.394000808672512678e-20 6.945794259170075511e-21
3.088194326842702867e+04 4.878025546668603169e-21 5.640712755669624626e-21
3.089258776972492706e+04 9.322053024194255413e-21 5.353700227643731437e-21
3.090323223771972334e+04 4.825575190564828901e-21 5.434881828081381167e-21
3.091387667242887983e+04 -1.994101204311975699e-21 5.634228332079845904e-21
3.092452107377387802e+04 -1.074776201934664225e-21 5.471729099844919364e-21
3.093516544176324169e+04 -1.734945376406685021e-20 5.952880904542958628e-21
3.094580977634923329e+04 -4.374248898731357676e-21 6.095327456145628899e-21
3.095645407746851561e+04 1.195194898530553408e-20 5.958504422392849392e-21
3.096709834514846443e+04 6.445797270875210094e-21 6.233695395973478227e-21
3.097774257930693784e+04 6.587268260947029319e-21 6.732816546750140801e-21
3.098838677993669262e+04 1.519045679981641475e-20 6.783833868167989584e-21
3.099903094700574729e+04 -6.979247122800145473e-21 5.754804780464658647e-21
3.100967508045400609e+04 -8.593142849601507061e-21 6.282836527380061599e-21
3.102031918029974986e+04 1.306581980228954224e-20 5.877270990906626000e-21
3.103096324645119603e+04 -7.897876161960938566e-21 5.709971441070684629e-21
3.104160727893617150e+04 5.109609942860503063e-22 5.914813200606048952e-21
3.105225127769434766e+04 7.385193475203229087e-21 6.181241859188964155e-21
3.106289524267166053e+04 -6.545599524926705321e-21 5.343014924792531756e-21
3.107353917387685942e+04 -6.319005629153869258e-21 5.332182355202368750e-21
3.108418307124339117e+04 1.912811977342863530e-20 5.611626122009164864e-21
3.109482693476474742e+04 4.141620449785148235e-20 6.821326529616685159e-21
3.110547076440900491e+04 3.050508756951854039e-20 6.326560514478582157e-21
3.111611456011257178e+04 2.192328410780474295e-20 7.368979161936339814e-21
3.112675832188471031e+04 4.865076850722110286e-21 5.944562751421872768e-21
3.113740204964908844e+04 7.965411153111004370e-21 5.785254250109211784e-21
3.114804574343095737e+04 2.805504669191001543e-20 6.433534015645431115e-21
3.115868940315691725e+04 1.878662953030593994e-20 5.501536801940153569e-21
3.116933302879191979e+04 4.365797608983008335e-21 5.586771738033656284e-21
3.117997662033294910e+04 7.756974230810155184e-21 5.960640354180608251e-21
3.119062017770990497e+04 7.392163713623883889e-21 6.144225882002342705e-21
3.120126370093871810e+04 4.180311417481518071e-21 5.944803904701488817e-21
3.121190718994296549e+04 3.624136569052613642e-21 6.813159417170599863e-21
3.122255064471946025e+04 2.036214563979107638e-20 6.391605719921621284e-21
3.123319406523323414e+04 1.429600786554243202e-21 6.025892997508444695e-21
3.124383745142363114e+04 -6.406109060510744671e-22 5.501808575139884200e-21
3.125448080330649827e+04 1.097547774438770476e-20 6.164017820649472984e-21
3.126512412080883587e+04 1.847711312488281487e-20 6.547287965175136679e-21
3.127576740391802741e+04 2.397289161331394683e-20 6.362856834219611568e-21
3.128641065260554024e+04 1.208398355235196653e-21 6.679083653846197562e-21
3.129705386682032622e+04 -7.572978246379798200e-21 6.517075340116154506e-21
3.130769704656273097e+04 9.799740004639657413e-21 6.887606583600408045e-21
3.131834019175605499e+04 6.497374830486057709e-21 6.651468163950513290e-21
3.132898330241674557e+04 -1.274613586238633173e-20 7.289634711231935803e-21
3.133962637847428414e+04 1.164968980919641973e-20 5.973252586262837650e-21
3.135026941992589127e+04 5.206498020630274238e-21 5.716766807012958670e-21
3.136091242672397857e+04 -9.092925183105439103e-21 6.257811738903150499e-21
3.137155539883037272e+04 -6.533068077710061446e-21 5.815929140455213556e-21
3.138219833623917657e+04 2.337895790241687232e-21 6.685436805297852258e-21
3.139284123887998430e+04 2.350908875367192901e-20 6.588771866700100895e-21
3.140348410676957428e+04 1.928011312999826879e-21 6.878134555841422081e-21
3.141412693983099234e+04 1.051304640494758990e-20 6.560698393639800442e-21
3.142476973806495880e+04 2.428589517110598878e-20 6.028628443448638654e-21
3.143541250142021818e+04 -8.763564555082113718e-21 6.123253866791105950e-21
3.144605522986503638e+04 -1.300884632183332855e-20 6.655747901503405987e-21
3.145669792338749539e+04 -9.894229287170192637e-21 6.618868196869125745e-21
3.146734058192676093e+04 4.431656890513148697e-22 6.180622539256916015e-21
3.147798320549014898e+04 2.803716206285072296e-20 6.624947260782833375e-21
3.148862579400383038e+04 1.818039680310206901e-21 6.160323012982221823e-21
3.149926834746549866e+04 3.587054761515051435e-20 6.295770575195157354e-21
3.150991086583049400e+04 1.824308096977501002e-20 1.263942907309392885e-20
