9.795782905571308220e+03 -8.544695880609756022e-20 4.550948190218837912e-20
9.802131857066266093e+03 -7.944367246832730188e-20 3.732712678135407590e-20
9.808480779996098136e+03 3.374629719047935316e-20 3.871730623667132423e-20
9.814829674345230160e+03 1.167630119669164465e-19 4.000986363392766714e-20
9.821178540096017969e+03 5.453184063385377368e-20 3.492220422241891135e-20
9.827527377229784179e+03 1.762988477935684134e-19 3.503034214369330704e-20
9.833876185734052342e+03 8.353115756568084962e-20 3.655624420074105923e-20
9.840224965590150532e+03 4.302213878317955858e-20 3.591650071392166886e-20
9.846573716780412724e+03 1.995992830563552451e-20 3.142906405620123337e-20
9.852922439289275644e+03 -2.827460311182280149e-20 3.365154058054461880e-20
9.859271133100108273e+03 8.664390916475673867e-20 3.154418871130102672e-20
9.865619798197350974e+03 8.436399287592113262e-20 3.160764777336120998e-20
9.871968434561247705e+03 -6.904930285373052663e-21 3.083689843284632066e-20
9.878317042179347482e+03 4.331929244688381977e-20 3.082396763919776647e-20
9.884665621031906994e+03 1.414649196416972568e-19 2.908474592806588704e-20
9.891014171103330227e+03 9.189214519514020666e-20 3.061208729947155738e-20
9.897362692377007988e+03 8.385255468169344932e-20 3.406488483170244634e-20
9.903711184836280154e+03 1.160997178622683226e-19 3.286826808637805636e-20
9.910059648463464328e+03 1.549975751176608457e-19 3.118776726669417042e-20
9.916408083245105445e+03 4.136091570022270013e-20 2.987867089995799626e-20
9.922756489160379715e+03 9.567860908959728991e-20 3.031027464078809469e-20
9.929104866195795694e+03 3.674379523882818905e-20 3.080862005940660097e-20
9.935453214333674623e+03 5.699741206246182511e-20 2.861034586056525946e-20
9.941801533557370931e+03 6.106076036013071180e-20 2.714730642630484192e-20
9.948149823850253597e+03 7.084072166009910220e-20 3.051091034379753503e-20
9.954498085195682506e+03 2.673447090156305159e-20 2.974211646276516219e-20
9.960846317577008449e+03 6.062153982465884429e-20 3.145217571382923518e-20
9.967194520977594948e+03 5.815576996674000163e-20 3.293871145758942772e-20
9.973542695380794612e+03 5.164566809255754153e-20 3.112665747407457550e-20
9.979890840769960050e+03 9.601056791963387837e-21 3.216154714797276230e-20
9.986238957128442053e+03 8.788985167961188806e-20 3.005239848342026186e-20
9.992587044439584133e+03 1.336874804724934781e-19 3.174010907220433962e-20
9.998935102685669335e+03 -3.582897507844433622e-20 3.012436277428751378e-20
1.000528313185212028e+04 3.289884831819251877e-20 3.368980642840103904e-20
1.001163113192021774e+04 1.138160615808464481e-19 3.038407134744861292e-20
1.001797910287540981e+04 2.305922075277001040e-21 3.265537641385726360e-20
1.002432704469892997e+04 6.237819572297616261e-20 2.998361317671117669e-20
1.003067495737622812e+04 4.716666235751733324e-20 2.977479042234731024e-20
1.003702284088851229e+04 1.741084695727493361e-19 3.315121065598619186e-20
1.004337069522125421e+04 7.764823923433580747e-20 3.156915232003365025e-20
1.004971852035565280e+04 4.238393176062661184e-20 3.137366479230848919e-20
1.005606631627716160e+04 9.461739604758981020e-20 3.055574103374341424e-20
1.006241408296698864e+04 -1.970649787833488191e-20 3.129174965276752918e-20
1.006876182041058382e+04 7.468988841055789006e-20 3.137276071403909766e-20
1.007510952858913697e+04 3.165121746895734393e-20 3.198769873039384152e-20
1.008145720748810891e+04 1.303769286410647943e-19 3.361738503121427629e-20
1.008780485708758351e+04 1.086917691821383412e-19 2.949703143723308041e-20
1.009415247737300888e+04 3.518795860346625092e-20 3.123014420442234825e-20
1.010050006832986946e+04 5.803943090727801398e-20 2.936598456467220328e-20
1.010684762993934783e+04 -4.121101836441040918e-21 2.951253914669111041e-20
1.011319516218368335e+04 3.721936897018614366e-20 2.943206544778781661e-20
1.011954266504832231e+04 6.742219091223759861e-20 2.968359667483761791e-20
1.012589013851442905e+04 1.195982808188807451e-19 3.286508674885560152e-20
1.013223758256638575e+04 1.401946523492078092e-19 3.167524206165424294e-20
1.013858499718641724e+04 -9.619694537632806225e-21 3.153056971019980011e-20
1.014493238236103753e+04 5.134143565537150774e-20 3.139226443793094604e-20
1.015127973807141643e+04 1.166210899784864186e-19 2.898499327447642773e-20
1.015762706429867467e+04 5.534951941559099322e-20 3.155381203871746628e-20
1.016397436102935353e+04 2.196950484301087635e-22 2.867562935217971192e-20
1.017032162824561237e+04 8.931793372403608463e-20 3.101653754808548353e-20
1.017666886593075833e+04 4.429134733558585519e-20 3.093370689450349897e-20
1.018301607406810763e+04 3.759730764492168287e-20 2.718702682831608516e-20
1.018936325264094012e+04 5.644530970966807275e-20 3.019824435479821704e-20
1.019571040163145335e+04 9.830413717609334760e-20 3.160763066389771379e-20
1.020205752102401493e+04 6.535012426257018922e-20 2.868101456181851814e-20
1.020840461080406749e+04 5.771925589483352393e-20 2.709185568614822956e-20
1.021475167095270626e+04 5.721986469422403939e-20 2.621730275705018906e-20
1.022109870145105924e+04 -3.826114492853368773e-20 2.903554303176676428e-20
1.022744570228453813e+04 9.275000701487858694e-20 2.846438571873234421e-20
1.023379267343751599e+04 9.964784829821869511e-20 3.108385384181771896e-20
1.024013961489324356e+04 1.888470871848299913e-20 3.240634562651512688e-20
1.024648652663169014e+04 3.748470614709319236e-20 3.145173878748808551e-20
1.025283340863830017e+04 -1.073825717315240678e-20 3.119556178582716383e-20
1.025918026089526393e+04 7.400851565605642344e-20 3.293085953817347764e-20
1.026552708339019409e+04 1.153745511019252912e-19 3.173348992316284766e-20
1.027187387610089718e+04 1.003487148600822155e-19 3.152110504929818328e-20
1.027822063901498768e+04 9.689428176971608565e-20 3.141683097947770103e-20
1.028456737211134168e+04 -1.442105818095976692e-22 2.940345698019779060e-20
1.029091407537648774e+04 1.096536748604233859e-19 3.183739925608504504e-20
1.029726074879147200e+04 1.275432263789532609e-19 3.194134128918004185e-20
1.030360739234062567e+04 1.097854299780270227e-19 3.075028702798720367e-20
1.030995400600828543e+04 4.367273509482667269e-20 3.115115589799300554e-20
1.031630058977546469e+04 1.147244294380856749e-19 2.933185242601430724e-20
1.032264714362536506e+04 3.083480525941142544e-20 2.975008509757041491e-20
1.032899366754456423e+04 2.040179112122294890e-20 2.952585211920111719e-20
1.033534016151408105e+04 6.277613479464514540e-20 2.766302365397529687e-20
1.034168662551714442e+04 1.802082733928879566e-19 3.063024589150309147e-20
1.034803305953588097e+04 4.915127950781880767e-20 2.825408312483040780e-20
1.035437946355349050e+04 3.173979203076650626e-20 2.904539375889336833e-20
1.036072583755540290e+04 6.714173634498778775e-20 2.794917300563540002e-20
1.036707218152481619e+04 1.243401149037620128e-19 2.948411008756497187e-20
1.037341849544164688e+04 3.758383583641059462e-20 2.891241904434531818e-20
1.037976477929350040e+04 2.003570495484878285e-20 2.834729954198159860e-20
1.038611103306022778e+04 7.680754799627714463e-20 2.912711890046217545e-20
1.039245725672723893e+04 8.587534973359414004e-20 2.922384513033727678e-20
1.039880345027557269e+04 1.296634162104477603e-19 2.899620145293982710e-20
1.040514961368840341e+04 8.410899601163676814e-20 3.074459606219680210e-20
1.041149574695114097e+04 1.339716394852872337e-19 3.029438055587586977e-20
1.041784185004587198e+04 1.028120817155497941e-19 2.986208007507052494e-20
1.042418792295466119e+04 7.068212143097464702e-20 2.940808379375483153e-20
1.043053396566402625e+04 9.798354015451657716e-20 3.185792016007099278e-20
1.043687997815381641e+04 9.991979785289351256e-20 2.885912414871768885e-20
1.044322596040831377e+04 -1.802710522160223910e-20 2.809441289053888861e-20
1.044957191241066903e+04 2.267374181763502517e-20 2.677157091607514409e-20
1.045591783414289421e+04 5.046824388530022368e-20 2.774879571247828992e-20
1.046226372559044648e+04 2.395659841881317406e-20 2.905316073090090537e-20
1.046860958673316054e+04 1.838198199660863940e-20 2.818958348006328627e-20
1.047495541755974409e+04 6.768277501772274332e-20 2.926631642110485320e-20
1.048130121804890223e+04 1.053920538819574320e-20 2.848680133311802650e-20
1.048764698818492252e+04 4.860670902837116258e-20 3.277476811853141588e-20
1.049399272795093384e+04 -2.163236191118208864e-20 2.842944192694098033e-20
1.050033843732785681e+04 6.383945720817858995e-20 2.848861385092206307e-20
1.050668411630330047e+04 8.372055904966485777e-20 2.864235472372104617e-20
1.051302976485813997e+04 8.637711918829272332e-20 2.939859332991804574e-20
1.051937538297548963e+04 5.888703303231128311e-20 2.773335872906071808e-20
1.052572097063743058e+04 3.315805991320228285e-20 2.815458412734763085e-20
1.053206652782931815e+04 7.086189394130719814e-20 2.897319862057541191e-20
1.053841205453204020e+04 9.602366614433160225e-20 2.846567722422013397e-20
1.054475755072984430e+04 9.037409203270067801e-20 2.705829319417788231e-20
1.055110301640585203e+04 -6.400259086399236425e-22 2.745216784988686738e-20
1.055744845154430914e+04 4.013153109035366972e-20 2.911087015501320670e-20
1.056379385612831902e+04 9.136011256650617676e-20 2.839579556573755832e-20
1.057013923013538079e+04 1.534931656597931177e-20 2.919387796903905397e-20
1.057648457355525170e+04 2.938486972385636922e-20 2.850555317557244410e-20
1.058282988637000199e+04 1.119461094853458979e-19 2.832475146005415044e-20
1.058917516856160182e+04 8.904875473033614745e-20 2.753539543660685468e-20
1.059552042011203957e+04 7.490999554605378550e-20 2.780886071075134091e-20
1.060186564100664327e+04 1.577761313481559423e-20 2.949031547497877615e-20
1.060821083122512937e+04 8.969988790256182213e-20 3.010830216004668163e-20
1.061455599075283135e+04 1.025169656639867131e-19 2.814750180962082058e-20
1.062090111957510271e+04 4.728538874037892937e-20 2.820852377370383170e-20
1.062724621767162716e+04 9.211976161636085982e-20 2.803310381727092939e-20
1.063359128502765270e+04 9.199481768691272213e-20 2.787376693490127545e-20
1.063993632162180620e+04 6.219562131089508208e-20 2.899160758604369525e-20
1.064628132744281902e+04 4.409876324251337240e-20 2.750752211546613210e-20
1.065262630247263587e+04 9.678009902013782677e-20 2.549364606412668622e-20
1.065897124669204095e+04 8.372558708367456083e-20 2.616030644694822293e-20
1.066531616008636956e+04 3.985306795962318742e-20 2.693728379721222045e-20
1.067166104263411216e+04 6.600061650066494461e-20 2.649726102373191082e-20
1.067800589432402558e+04 9.320999063771430637e-20 2.848039921892188148e-20
1.068435071513686307e+04 5.707922617621388373e-20 2.902140080277690048e-20
1.069069550505558254e+04 6.028463024594629970e-20 2.612371112695992870e-20
1.069704026406445882e+04 2.893734693380480681e-20 2.650837721922826487e-20
1.070338484531469476e+04 1.436116434456470604e-19 2.726612605464633542e-20
1.070972909416408402e+04 7.006117152527534179e-20 2.736030253375209740e-20
1.071607331205701121e+04 1.338910991514810151e-19 2.535272573127838701e-20
1.072241749897763657e+04 1.518103417225347057e-20 2.690277511545825123e-20
1.072876165491012398e+04 7.857603302526549063e-20 2.515586245093091066e-20
1.073510577983179246e+04 7.576805602751101414e-20 2.723536730957902515e-20
1.074144987373357981e+04 9.250108964891613081e-20 2.742753844887323316e-20
1.074779393659625021e+04 4.634082869902239457e-20 2.506473911310808077e-20
1.075402032372178655e+04 5.083631124799132175e-20 2.877706498422807663e-20
1.076036431386534241e+04 8.813829818060738237e-20 2.704261907863531496e-20
1.076670827294402807e+04 1.027450211279997319e-19 2.517785512054145825e-20
1.077305220091558294e+04 4.703165078482788257e-20 2.553836609894497977e-20
1.077939609775961435e+04 6.930529311025321233e-20 2.537561826781607503e-20
1.078573996346127569e+04 4.328570272308878723e-20 2.710789199407319532e-20
1.079208379800249895e+04 8.200677083896420936e-20 2.837722371479790168e-20
1.079842760136960169e+04 2.109857073732487024e-20 2.791047887875199778e-20
1.080477137354449042e+04 -4.524961896595650909e-20 2.862895650445342119e-20
1.081111511450783473e+04 3.919308559040489138e-21 2.504451215538509094e-20
1.081745882423928197e+04 5.348276010799975114e-20 2.571891039312818791e-20
1.082380250273076126e+04 -1.104923078950052912e-20 2.644732178137721613e-20
1.083014614996190357e+04 7.591129610595425562e-20 2.890526361160399107e-20
1.083648976591329301e+04 6.970530382506869230e-20 3.393117679725365154e-20
1.084283335056347823e+04 1.409372924018155141e-19 3.071036020688903924e-20
1.084917690390769349e+04 1.354474264498414729e-19 2.673359934111051095e-20
1.085552042592114594e+04 1.051642066065612897e-19 2.494988779140033764e-20
1.086186391658777939e+04 9.844010424898828560e-20 2.505757250496464725e-20
1.086820737588500378e+04 5.668903657470421195e-20 2.611959253956151986e-20
1.087455080380916479e+04 4.477396751864906231e-20 2.351399980047298983e-20
1.088089420033202441e+04 2.195054777561418320e-20 2.493765369695536376e-20
1.088723756543862510e+04 1.286423779399011256e-19 2.536987372992264086e-20
1.089358089911196294e+04 7.015984810607857050e-20 2.449681075508136917e-20
1.089992420134167514e+04 -1.503534326120591857e-20 2.331930380859522621e-20
1.090626747210171379e+04 5.202457964913917244e-20 2.344855711769471972e-20
1.091261071137605541e+04 6.761418836825535736e-20 2.475518040035825304e-20
1.091895391915104483e+04 3.379548457464840840e-20 2.407519869894783430e-20
1.092529709541182274e+04 1.099677060899402273e-19 2.468113626376380102e-20
1.093164024013671769e+04 1.022908633003416737e-19 2.652832273643825746e-20
1.093798335330410555e+04 9.469088393720146270e-20 2.398745151208454390e-20
1.094432643490810733e+04 7.980582500700362785e-20 2.523928507170953507e-20
1.095066948492494339e+04 1.080152752543132828e-19 2.499552624850289788e-20
1.095701250333854841e+04 8.417649628875077969e-20 2.713129097814329667e-20
1.096335549012847514e+04 2.199272107588857406e-20 2.475487217926900486e-20
1.096969844528769681e+04 7.899155243148532444e-20 2.563338287198829491e-20
1.097604136878892314e+04 9.972422492824247276e-20 2.653169975212322227e-20
1.098238426061382597e+04 7.235027192757150676e-20 2.308053165852832670e-20
1.098872712075543495e+04 3.260277209066891394e-20 2.478325699664086611e-20
1.099506994918985947e+04 5.550622546847861911e-20 2.471627112001598678e-20
1.100141274589991372e+04 1.286712393394137127e-19 2.615693937833767569e-20
1.100775551086849555e+04 1.010217617822906834e-19 2.480398196710536844e-20
1.101409824408405439e+04 2.981056131197997620e-20 2.283452367026464555e-20
1.102044094552263596e+04 7.834868520632150044e-20 2.635622862422868983e-20
1.102678361516475888e+04 8.702648663786323675e-20 2.510729391429151662e-20
1.103312625300341642e+04 3.419190435450241593e-20 2.599870522977521820e-20
1.103946885901352834e+04 2.284928331192369962e-20 2.430613719059395458e-20
1.104581143317905116e+04 3.486290797849263034e-20 2.596341688750308179e-20
1.105215397548622786e+04 8.636874355062965271e-20 2.407258617840449637e-20
1.105849648591781261e+04 7.220752671189537363e-20 2.150365900995395505e-20
1.106483896444865968e+04 9.523095530535847282e-20 2.502544249054515660e-20
1.107118141106723306e+04 3.465659005206683175e-20 2.389766205211844769e-20
1.107752382576196214e+04 2.704968735977765427e-20 2.426423577370655378e-20
1.108386620850541112e+04 6.176444475179675021e-20 2.266945613861800740e-20
1.109020855928380661e+04 5.741828868307839831e-20 2.270255661606383708e-20
1.109655087808674216e+04 1.215599377728075697e-19 2.321341423047123733e-20
1.110289316488790064e+04 5.957217345612128149e-20 2.397759693682898965e-20
1.110923541967115307e+04 9.568230929832610746e-20 2.506659516103366118e-20
1.111557764242493249e+04 6.005456640296963471e-20 2.349124035291333190e-20
1.112191983312856246e+04 9.330239211253557103e-20 2.248688742646487605e-20
1.112826199176137015e+04 8.861470640211730296e-20 2.349000574771418475e-20
1.113460411831294732e+04 6.061761568615801480e-20 2.361908745838016401e-20
1.114094621276151520e+04 5.601440706726384798e-20 2.414970326580740017e-20
1.114728827508978975e+04 8.953441007341316217e-20 2.381930973634713562e-20
1.115363030528277159e+04 1.279271711884963578e-19 2.529780428889023802e-20
1.115997230332201616e+04 6.751453798042066026e-20 2.415894978543929090e-20
1.116631426918909528e+04 3.361407788068168751e-20 2.290130000878827271e-20
1.117265620286897502e+04 9.534038759167499512e-20 2.444902242427035719e-20
1.117899810434215760e+04 1.002279355753373088e-19 2.501616684995841181e-20
1.118533997359361456e+04 1.160297600353704976e-19 2.303359006196922715e-20
1.119168181060489951e+04 1.311883307486376352e-19 2.440041730617780823e-20
1.119802361535756427e+04 1.423953098047627120e-20 2.584221233872656838e-20
1.120436538783652577e+04 5.813642031134802341e-20 2.374918290014472451e-20
1.121070712802330127e+04 4.625428780090927540e-20 2.126581575344289048e-20
1.121704883589721248e+04 3.638391278344291668e-20 2.202309786892334969e-20
1.122339051145005760e+04 1.054428971312103883e-19 2.392849216742260885e-20
1.122973215465651083e+04 1.289500260601860870e-19 2.424796385256083347e-20
1.123607376549695255e+04 3.742339718673254510e-20 2.185104852858767932e-20
1.124241534396431780e+04 1.237745071216106253e-19 2.468598757949209798e-20
1.124875689003663319e+04 1.552507364568589670e-19 2.364001822854610466e-20
1.125509840368738878e+04 9.482202257412506075e-20 2.331395034731969387e-20
1.126143988491413984e+04 3.181700042322362564e-20 2.473976568950163980e-20
1.126778133369269926e+04 1.920784808905221647e-20 2.379775561442242712e-20
1.127412275000109003e+04 7.305899485790657552e-20 2.376217628916872659e-20
1.128046413383105028e+04 7.225331994531434941e-20 2.368231983550881145e-20
1.128680548515606642e+04 5.991921420702247072e-20 2.338145519536420589e-20
1.129314680396672338e+04 9.443232860453227692e-21 2.013819171298033463e-20
1.129948809024335242e+04 6.392371143647228423e-20 2.218079145754150379e-20
1.130582934396174642e+04 1.296832351251134989e-20 2.193219668861340427e-20
1.131217056511590818e+04 -2.214390375385285837e-21 2.307759572272717353e-20
1.131851175368045369e+04 6.794251882845149265e-20 2.115343936566871184e-20
1.132485290963792613e+04 1.022006020927481332e-19 2.336228520073527606e-20
1.133119403297774079e+04 3.086574649089591109e-20 2.330482117749894362e-20
1.133753512367449002e+04 2.695951132932850969e-20 2.300340796019351666e-20
1.134387618171648501e+04 3.079393686695322285e-20 2.356949786442573007e-20
1.135021720708285466e+04 9.684581001586245593e-20 2.287057017095072125e-20
1.135655819975502163e+04 7.041222483791352820e-20 2.341606653548620280e-20
1.136289915972239942e+04 8.943727092389617210e-20 2.348021131161776761e-20
1.136924008695832526e+04 5.837865608758175019e-20 2.351568358213867644e-20
1.137558098145221084e+04 8.314082878488110371e-20 2.357789650011007388e-20
1.138192184318549880e+04 8.492778783693135449e-21 2.118741082121053954e-20
1.138826267211597224e+04 3.826393185881922125e-20 2.196506197704358627e-20
1.139460346618623225e+04 7.289583635190714816e-20 2.148652447016667738e-20
1.140082550924769566e+04 5.054039917642610173e-20 2.227563317444341815e-20
1.140716622918552275e+04 6.371907123967265042e-20 2.056463236352456874e-20
1.141350691627163542e+04 7.015120609362976051e-20 2.193967300375513564e-20
1.141984757048971187e+04 6.334294230983955702e-20 2.252235516937972551e-20
1.142618819182698644e+04 4.942885118672706116e-20 2.009661115992824008e-20
1.143252878026121834e+04 6.058106313725421796e-20 2.029261097249239589e-20
1.143886933577606032e+04 1.709279414907921087e-20 1.968327505730885316e-20
1.144520985835148349e+04 1.578465346395248540e-20 2.155806009119235895e-20
1.145155034797365443e+04 3.099092210094192406e-20 2.135814583544759928e-20
1.145789080462504353e+04 7.562540522112832197e-20 2.166703009337970508e-20
1.146423122828454871e+04 1.095763907411558178e-19 2.238065733993806744e-20
1.147057161894174897e+04 8.280742232248128044e-20 2.228352880106479291e-20
1.147691197656839540e+04 6.713240997439611240e-20 2.120960522649103264e-20
1.148325230115748855e+04 8.328730860689679460e-20 2.077402490412817863e-20
1.148959259268328424e+04 4.891894794982051011e-20 2.199822361459219275e-20
1.149593285113296770e+04 4.329043507519470982e-20 2.279410670497854496e-20
1.150227307648897113e+04 3.844806221373951854e-20 2.150900336375790058e-20
1.150861326873012877e+04 3.866885444767687906e-20 2.086340421749863827e-20
1.151495342784478453e+04 5.492739237455695768e-20 2.097708911922161388e-20
1.152129355380692323e+04 3.234555205187156984e-20 2.081390458880640406e-20
1.152763364660859042e+04 6.399383328466139963e-20 2.135106324557103204e-20
1.153397370622263952e+04 5.010654217561373262e-20 1.998708643340835942e-20
1.154031373263980640e+04 1.824178120186862630e-20 1.990913935107414323e-20
1.154665372583890530e+04 6.376411557300550954e-20 2.117223835230001009e-20
1.155299368579985457e+04 7.227795185821471081e-20 2.078500759781164376e-20
1.155933361250738926e+04 5.943362345007097264e-20 2.155496293740501866e-20
1.156567350594515119e+04 -1.777968210090359503e-20 1.985384886294507429e-20
1.157201336609669670e+04 4.591084603737065304e-20 1.975091517435621658e-20
1.157835319293601424e+04 3.158472137989254646e-19 2.450089849308547242e-20
1.158469298645740128e+04 2.332390234548883484e-19 2.310495446147429546e-20
1.159103274663351840e+04 7.151126293048229896e-20 2.111399562109736163e-20
1.159737247345155083e+04 6.852569035217059955e-20 2.099120176531249821e-20
1.160371216689147514e+04 1.516704527605727219e-20 2.098846145017117508e-20
1.161005182693800816e+04 3.322098113815521662e-20 2.103201903765985791e-20
1.161639145357226698e+04 4.927064931933518394e-20 2.234139450045488459e-20
1.162273104677654374e+04 9.328554561379131240e-20 2.161820910389637748e-20
1.162907060653181907e+04 1.425512279172607845e-21 2.214417966645494695e-20
1.163541013282172025e+04 1.722942455166059242e-20 2.080331494235570918e-20
1.164174962562974542e+04 5.971687588601067662e-20 2.225608462439518053e-20
1.164808908493577110e+04 8.277653509215555131e-20 2.203253892916322340e-20
1.165442851072567828e+04 7.226817025415782494e-20 2.171650584144957755e-20
1.166076790297444131e+04 1.269355857916656441e-19 2.181678946362810817e-20
1.166710726167515895e+04 1.107384773151718366e-19 2.097409729607002906e-20
1.167344658679813801e+04 9.288393018195830645e-20 2.065171560047738283e-20
1.167978587833643905e+04 5.470469086230778928e-20 2.167313739654058252e-20
1.168612513626390682e+04 7.533247715956350658e-20 1.984010909848288551e-20
1.169246436056877064e+04 9.010903592884474827e-20 2.104494790256228567e-20
1.169880355122831679e+04 2.983132152076294047e-20 1.987366152623214621e-20
1.170514270823093830e+04 3.286363016432393981e-20 1.908995838631590711e-20
1.171148183155403603e+04 1.920704902513982212e-20 1.943366610122191642e-20
1.171782092117982029e+04 7.897278690132023441e-20 2.095732395912243465e-20
1.172415997709049952e+04 6.220699562461205440e-20 2.031044110549450201e-20
1.173049899927056686e+04 9.510993006866520760e-20 2.113296329763355132e-20
1.173683798770107569e+04 2.991113661561567253e-20 2.043230825226777513e-20
1.174317694236546231e+04 4.377532943976953260e-20 1.927895685920222945e-20
1.174951586324230084e+04 6.530275608814796156e-20 2.026466581497037620e-20
1.175585475031857277e+04 8.039178656353034957e-20 1.989568442013820323e-20
1.176219360357277947e+04 1.200080979895596338e-19 2.121260597486423002e-20
1.176853242298701662e+04 6.526334345853618724e-20 2.045148841510474967e-20
1.177487120854597561e+04 1.357489178792577143e-19 2.057199306868976387e-20
1.178120996023179396e+04 6.427304058857638357e-20 2.027070127209152619e-20
1.178754867802298395e+04 7.666735035388741401e-20 2.133877015511621736e-20
1.179388736190408599e+04 6.239034463984428208e-20 2.118908193126531710e-20
1.180022601185829262e+04 1.000528968459702755e-19 2.139302783765113590e-20
1.180656462786667362e+04 1.510380297802152000e-19 2.193367448007757823e-20
1.181290320991132648e+04 3.810416588671693766e-19 2.456229532207001142e-20
1.181924175797437420e+04 2.019378485219410214e-19 2.219359436133792195e-20
1.182558027203669553e+04 7.731285821894859384e-20 1.975912458355446951e-20
1.183191875208265810e+04 4.582429741211434958e-20 2.041968765426275200e-20
1.183825719809204747e+04 4.114454690793869418e-20 1.893185082656436662e-20
1.184459561005060823e+04 3.823286814622243562e-20 1.806584157327005304e-20
1.185093398793555752e+04 1.002868344356427370e-20 1.845133613980350556e-20
1.185727233173016612e+04 8.050049962683561451e-20 1.988147867634827824e-20
1.186361064142001305e+04 5.303808680347106577e-20 1.935607835423893466e-20
1.186994891698480751e+04 6.902389272023010845e-20 1.929679522380903145e-20
1.187628715840661607e+04 4.410284485934463713e-20 1.883014110346607570e-20
1.188262536566628660e+04 7.681933237948620445e-21 1.866077689104560878e-20
1.188896353874704619e+04 4.180471640246708958e-20 1.971941408226486148e-20
1.189530167763203463e+04 5.146732245250748098e-20 2.042193271644813112e-20
1.190163978230087923e+04 7.198057945756936051e-20 2.083968068946675761e-20
1.190797785273686713e+04 9.911866098880210666e-20 2.048965922100310658e-20
1.191431588892320542e+04 7.777139802888150518e-20 2.140678282712352622e-20
1.192065389083826267e+04 3.992165983625752053e-19 2.315413075737490410e-20
1.192699185846876935e+04 8.826815194538240587e-19 2.886955930173990705e-20
1.193332979179188078e+04 4.702801226882884625e-19 2.333793990276635163e-20
1.193966769079451296e+04 1.263294831346299349e-19 1.903331588862612260e-20
1.194600555545496354e+04 8.979982501898825563e-20 1.856450040101595134e-20
1.195234338575642323e+04 5.489498965631063411e-20 1.946256219402784547e-20
1.195868118168195178e+04 7.297927465653513634e-20 1.874819970138383706e-20
1.196501894321109830e+04 5.712986234307541516e-20 1.958801624991893669e-20
1.197135667032586571e+04 5.171015684741582132e-20 1.888369852564890742e-20
1.197769436301062342e+04 5.119967439505405458e-20 1.974989935530204847e-20
1.198403202124607196e+04 6.235323229032291804e-20 2.012888259443089487e-20
1.199036964501400689e+04 3.302855951698694653e-20 1.972103143742491324e-20
1.199670723429640384e+04 6.468193029085366369e-20 1.916023178751142233e-20
1.200304478907522389e+04 4.014418830489658277e-20 1.880578034918974792e-20
1.200938230933234991e+04 8.798538262383812387e-20 1.918149766282427870e-20
1.201571979504846422e+04 7.449180291893907748e-20 1.924954881352356079e-20
1.202205724620649926e+04 3.659258810821485351e-20 1.929513104805516632e-20
1.202839466278967848e+04 6.342181692969175330e-20 1.929694444156910644e-20
1.203473204477867330e+04 5.291344516205675385e-20 1.976110940680171844e-20
1.204106939215534840e+04 4.091582555749801754e-20 2.035535216352606611e-20
1.204740670490031334e+04 3.862033149472438007e-20 2.016512676329712716e-20
1.205374398299768836e+04 5.022496824704732254e-20 1.880225528991112723e-20
1.206008122642826675e+04 3.997583439556014245e-20 1.855218328276012338e-20
1.206641843517264533e+04 2.201219982530961286e-20 1.919181741168962506e-20
1.207275560921386750e+04 6.742295466262811647e-21 1.947125481672577249e-20
1.207909274853371062e+04 4.696424862734203232e-20 1.914622542459363095e-20
1.208542985311510893e+04 2.385245582897762307e-20 1.870521822103428488e-20
1.209176692293876658e+04 1.710817283506965529e-20 1.727936805776749363e-20
1.209810395798524587e+04 5.967496258104168402e-20 1.867927010364127066e-20
1.210444095823756834e+04 3.017193076407887469e-20 1.799180758577100285e-20
1.211077792367739858e+04 3.588560567851026226e-20 1.939029624002506861e-20
1.211711485428652668e+04 3.512665598265874182e-20 1.901237394359378198e-20
1.212345175004801058e+04 3.100045224818345852e-20 1.847168409962963047e-20
1.212978861094238164e+04 3.326827031959930889e-20 1.645384746840858851e-20
1.213612543695139539e+04 3.207039271215223519e-20 1.708647147518950150e-20
1.214246222805416255e+04 9.014213826642304269e-20 1.823760603116214803e-20
1.214879898423499799e+04 7.926534910886531043e-20 1.929882690397557301e-20
1.215513570547811469e+04 -5.526112470535714309e-22 1.878522934553217510e-20
1.216147239176153380e+04 6.462135505694932696e-20 1.980338542718126279e-20
1.216780904306815683e+04 5.263950613533248680e-20 1.947050505894629726e-20
1.217414565938079977e+04 6.745189105270088451e-20 1.948062884485307068e-20
1.218048224067761112e+04 8.376723906106673027e-20 1.905892248092162190e-20
1.218681878694519037e+04 8.826566679278980812e-20 2.005355698203408424e-20
1.219315529816029448e+04 4.871112745731750171e-20 2.099333989425216273e-20
1.219949177430695272e+04 9.549513019032213547e-20 1.923270535714863896e-20
1.220582821536807023e+04 6.428911698666567102e-20 1.918913427437546854e-20
1.221216462132414927e+04 1.024068087986909592e-19 1.919318076396826698e-20
1.221850099215560840e+04 8.236711341697694629e-20 2.007388468881584252e-20
1.222483732784653330e+04 6.894176574481851908e-20 1.989008388969663360e-20
1.223117362837715154e+04 5.025511473034593945e-20 2.028810161805732884e-20
1.223750989372802542e+04 7.062854714560161838e-20 1.900105599151703508e-20
1.224384612388447567e+04 5.969870373291374731e-20 1.950275159788435294e-20
1.225018231882315922e+04 1.501944098244877725e-20 1.972476577214766099e-20
1.225651847852928222e+04 3.245919613953300594e-20 1.918737121173431483e-20
1.226285460298321050e+04 2.978657386255332771e-20 1.812409737305059715e-20
1.226919069216536991e+04 4.120822632224816561e-20 1.827277170994677361e-20
1.227552674605980974e+04 5.986929537090390860e-20 1.951577022869795198e-20
1.228186276464561888e+04 6.167704859452688970e-20 1.786927812323464340e-20
1.228819874790664471e+04 4.223962881611558360e-20 1.880098204244966626e-20
1.229453469582213620e+04 7.026349108024195546e-20 1.922184638277102166e-20
1.230087060837488571e+04 7.999353961225281072e-20 1.970404986235290245e-20
1.230720648554766376e+04 4.357200309600242143e-20 1.853678248505670782e-20
1.231354232731815137e+04 7.120181312082882418e-20 1.985199731809650322e-20
1.231987813367409763e+04 2.992906785228955969e-20 2.032722049883831854e-20
1.232621390459089889e+04 4.082449821607586240e-20 1.930838382458393457e-20
1.233254964005252987e+04 2.689932790619316031e-20 1.871238493615053604e-20
1.233888534004168832e+04 6.381030534033108931e-20 1.943179116365191411e-20
1.234522100453724488e+04 6.896796805692165034e-20 1.817717060217959543e-20
1.235155663352084775e+04 3.800818042178212767e-20 1.848574825757033711e-20
1.235789222697642981e+04 4.649900754109532196e-20 1.914601378185999602e-20
1.236422778488546828e+04 8.667896682798384719e-20 1.829782257050774245e-20
1.237056330722674647e+04 6.023772665348561230e-20 1.970586427591486165e-20
1.237689879398184348e+04 4.396187797690887497e-20 1.893997863251583273e-20
1.238323424513471400e+04 1.357635389054803073e-20 1.857029339092186209e-20
1.238956966066677887e+04 1.823181804733698271e-20 1.813418798076464227e-20
1.239590504055687961e+04 6.838448734032038983e-20 1.831029802119835164e-20
1.240224038478640978e+04 7.759000615404006789e-20 1.895456486349831443e-20
1.240857569333936226e+04 4.933421746379657738e-20 1.934046236097393367e-20
1.241491096619464042e+04 7.368891414276687246e-20 1.842152342653943115e-20
1.242124620333608073e+04 5.143318544178666983e-20 1.964807108728376213e-20
1.242758140474493848e+04 5.480591425076422948e-20 1.728821008882786996e-20
1.243391657039899292e+04 8.498946840649677501e-20 1.904540426703399057e-20
1.244025170028210778e+04 1.339448339445342134e-20 1.913322634200538858e-20
1.244658679437561659e+04 8.368514214415730810e-20 1.970332968734803978e-20
1.245292185266318120e+04 4.975547899292073425e-20 1.781267081918390075e-20
1.245925687512130935e+04 5.785920901845384655e-20 1.759782202290966206e-20
1.246559186173509261e+04 5.606764403165583361e-20 1.895196958730795483e-20
1.247192681248459121e+04 9.863075484912348010e-20 1.873394787408231118e-20
1.247826172735096770e+04 5.842761471042284345e-20 1.842072726395952169e-20
1.248459660631436418e+04 7.075516331741234898e-20 1.926488441694778361e-20
1.249093144935610690e+04 4.213081871736210886e-20 1.888214072826559452e-20
1.249726625646250250e+04 4.492740097167209742e-20 1.967343857450633199e-20
1.250360102760845257e+04 5.408797595215728897e-20 1.871722784702833675e-20
1.250993576277773718e+04 4.759367611640799979e-20 1.981142678433744894e-20
1.251627046195170442e+04 5.249745632150889001e-20 1.977926948422439555e-20
1.252260512511285742e+04 7.295773597889520449e-20 1.986469940781277792e-20
1.252893975223859343e+04 3.388519469699292696e-20 1.847033884282128881e-20
1.253527434331510813e+04 6.621143391838154187e-20 1.774360037442492356e-20
1.254160889832124303e+04 4.827573038647466415e-20 1.849908388377662135e-20
1.254794341723695106e+04 4.063643230537363100e-20 1.935656407717559816e-20
1.255427790004300005e+04 5.122889713910084890e-20 1.848554069003973219e-20
1.256049165859614004e+04 5.835859564565895255e-20 1.839315320555861908e-20
1.256682605847038758e+04 9.648624437546448702e-20 1.990556365185896580e-20
1.257316042220091367e+04 1.142351664705119460e-19 2.039009706533599841e-20
1.257949474974762597e+04 5.549978481910541009e-20 1.860304005191788530e-20
1.258582904109169613e+04 3.996793641171701947e-20 1.798131348460695761e-20
1.259216329621436671e+04 6.923766728417315341e-20 1.811123359373684066e-20
1.259849751509679299e+04 8.751544260963542223e-20 2.006635971201977863e-20
1.260483169772000292e+04 -1.240306632589699566e-22 1.661162654443549442e-20
1.261116584406508809e+04 5.885325097714331328e-20 1.964521177077233425e-20
1.261749995411329292e+04 9.600448868800615425e-20 1.964076654335340160e-20
1.262383402784569807e+04 9.517864854267319881e-20 1.891342927214928629e-20
1.263016806524211097e+04 6.011765935881556492e-20 1.865227805388656661e-20
1.263650206628600972e+04 7.551171601210540522e-20 1.939664038701399836e-20
1.264283603095617036e+04 7.222499008308177173e-20 1.903635611236215795e-20
1.264916995923608010e+04 7.103621526474039323e-20 1.774993464690390797e-20
1.265550385110308707e+04 1.989753174480676470e-20 1.771068118751015714e-20
1.266183770654427644e+04 -1.347536965223479285e-21 1.781952542498215112e-20
1.266817152553473898e+04 7.607661468261583640e-20 1.760313351226703068e-20
1.267450530805914968e+04 5.310636932524295184e-20 1.866281227181597422e-20
1.268083905409722684e+04 6.492646889677205752e-20 1.723913641629676344e-20
1.268717276362869598e+04 2.471774835800215220e-20 1.854658163552035758e-20
1.269350643663592928e+04 5.889363920291266494e-20 1.740497480401170080e-20
1.269984007309994922e+04 8.123961075897575570e-20 1.952093576231442798e-20
1.270617367300284968e+04 5.248404897077608487e-20 1.878207076277625836e-20
1.271250723632314657e+04 5.600651040028009717e-20 1.787991594594336103e-20
1.271884076304436348e+04 3.706628123082988747e-20 1.731942950928837823e-20
1.272517425314503816e+04 1.005534889745162209e-19 1.710012777614344052e-20
1.273150770660963462e+04 8.786204865192567614e-20 1.776306974254622783e-20
1.273784112341176115e+04 8.280914260639253354e-20 1.879112936580492972e-20
1.274417450354103494e+04 6.447243433085532248e-20 1.935874867504927241e-20
1.275050784697228301e+04 3.114062803393610647e-20 1.759940027670448467e-20
1.275684115369115170e+04 6.920855232229868040e-20 1.798676980044304806e-20
1.276317442367248987e+04 4.362621268419615341e-20 1.985753836446146091e-20
1.276950765690585831e+04 3.790352253181663957e-20 1.970719554471888279e-20
1.277584085336478529e+04 5.596975919034669414e-20 1.761614077308291682e-20
1.278217401303241422e+04 6.475092415424219217e-20 1.807704834245836796e-20
1.278850713588847975e+04 4.258409740724891821e-20 1.776544735905754255e-20
1.279484022191639451e+04 8.279839372477528546e-20 1.841178944375171561e-20
1.280117327109696089e+04 1.054860319824247962e-19 1.838492468546492266e-20
1.280750628340721596e+04 7.420389945679433684e-20 1.776459544771348504e-20
1.281383925883174379e+04 7.174942487653306575e-20 1.886183592622779931e-20
1.282017219735020626e+04 5.267570604446060152e-20 1.651765937648709766e-20
1.282650509894213974e+04 7.815723941256252446e-20 1.739625055874037833e-20
1.283283796359071312e+04 5.948082631694183908e-20 1.780711311552400630e-20
1.283917079127559191e+04 4.784367995278773540e-20 1.897268106685521732e-20
1.284550358197756577e+04 5.652870500831469635e-20 1.939713927637652974e-20
1.285183633567490688e+04 8.249493233179568880e-20 1.855805011539222351e-20
1.285816905235443483e+04 7.478358029256857835e-20 1.848156976005849361e-20
1.286450173198968878e+04 2.053650702800679251e-20 1.818329773863843500e-20
1.287083437456876527e+04 6.974007675464236576e-20 1.806792056241568578e-20
1.287716698006619663e+04 1.185634756981342587e-20 1.716121220252399224e-20
1.288349954846753826e+04 6.151582798057842604e-21 1.875995530224772411e-20
1.288983207974749894e+04 1.973228923640757729e-20 1.863131563996562427e-20
1.289616457389291827e+04 7.363607506290972744e-20 1.829180815322639472e-20
1.290249703087946364e+04 7.447822994604130883e-20 1.818672658506548655e-20
1.290882945069279594e+04 7.941734202474014224e-20 1.749761229307142480e-20
1.291516183328863372e+04 3.690367184965716148e-20 1.743225962600016916e-20
1.292137288332945354e+04 7.853428842902561230e-20 1.710795482895494290e-20
1.292770518083181742e+04 6.535038308000476850e-20 1.944609464317393921e-20
1.293403744107941930e+04 4.367254763821939828e-20 1.787419630789540481e-20
1.294036966405418025e+04 4.512906167991596292e-20 1.636437297837568332e-20
1.294670184973658615e+04 7.076153746120987623e-20 1.765927809873385364e-20
1.295303399810728479e+04 6.184875794446363595e-20 1.776420447083667835e-20
1.295936610914697485e+04 7.461750817568205478e-20 1.873403211041200259e-20
1.296569818283626955e+04 8.195955114874658908e-20 1.789038338748800585e-20
1.297203021915553654e+04 3.918073284483731392e-20 1.782376471040535086e-20
1.297836221808553819e+04 5.253553984514199830e-20 1.873287202415337288e-20
1.298469417960814098e+04 5.179749294139945767e-20 1.720153621744247208e-20
1.299102610370000912e+04 3.269660991920998465e-20 1.815298990711504995e-20
1.299735799034412958e+04 5.232741056763133917e-20 1.869342638635962893e-20
1.300368983952249255e+04 5.845493380932302934e-20 1.837482863396924870e-20
1.301002165121434882e+04 9.470459924056055171e-20 1.913176549834541333e-20
1.301635342539879821e+04 8.888942385339974749e-21 1.858246540208713250e-20
1.302268516205894412e+04 9.376290036821862995e-20 1.750591944005969417e-20
1.302901686117410463e+04 3.224284359183163328e-20 1.871399303918444617e-20
1.303534852272476746e+04 1.723857534826087422e-20 1.871214052468058942e-20
1.304168014669117838e+04 3.653327708303010946e-21 1.828486761526430323e-20
1.304801173305261364e+04 6.875568729908881710e-20 1.805137856952588065e-20
1.305434328091026327e+04 4.321176451964595294e-20 1.857006813300788384e-20
1.306067479022505358e+04 3.331606407549215399e-20 1.831376315450669139e-20
1.306700626188135720e+04 3.056715676204988255e-20 1.797300920556034767e-20
1.307333769585461596e+04 6.039784042985306547e-20 1.810246628796951487e-20
1.307966909212396058e+04 1.135456362550299340e-20 1.747511844807455334e-20
1.308600045067348583e+04 1.981603529922491841e-20 1.744909256523351984e-20
1.309233177148239520e+04 4.103315275475736507e-20 1.836009088192459958e-20
1.309866305453245150e+04 6.723193446112645519e-20 1.863024564981530988e-20
1.310499429980140303e+04 1.187823587091789721e-19 1.712614260175817530e-20
1.311132550727202033e+04 2.518440715731766323e-20 1.629267503228353294e-20
1.311765667692230818e+04 2.841857942245326689e-20 1.749693914598667081e-20
1.312398780873516625e+04 6.787504114340878807e-20 1.803210893157843811e-20
1.313031890268691495e+04 5.796877900187031889e-20 1.775622794751290116e-20
1.313664995876182365e+04 4.825344494868916535e-20 1.849980303165944602e-20
1.314298097693898490e+04 2.078716640941965651e-20 1.753374581296956253e-20
1.314931195719740754e+04 5.873282524028708951e-20 1.707580825230817612e-20
1.315564289952233958e+04 1.973576306145743064e-20 1.786720065404593484e-20
1.316197380388782585e+04 5.048863399077638429e-20 1.734165716017235857e-20
1.316830467027544728e+04 6.034831034556576075e-20 1.744473464800294917e-20
1.317463549866918765e+04 9.055505322287613522e-20 1.816533042135745555e-20
1.318096628904416866e+04 8.965399679502128064e-20 1.796053884079492922e-20
1.318729704138461420e+04 9.079319786788562924e-20 1.821851852828214894e-20
1.319362775566816708e+04 1.603770292707943787e-20 1.714794227898009921e-20
1.319995843187869104e+04 5.293170587892925613e-20 1.763487886415599881e-20
1.320628906999146602e+04 6.418774464946971898e-20 1.718559965657692159e-20
1.321261966998927528e+04 7.451181600529274807e-20 1.722637827335800753e-20
1.321895023185475839e+04 7.356824562354927852e-20 1.663197073821549641e-20
1.322528075556295880e+04 5.445678707423772807e-20 1.717624955232992749e-20
1.323161124109802768e+04 8.319665371909290996e-20 1.807313007496211313e-20
1.323794168843878106e+04 7.612961684546720018e-20 1.847913031200810761e-20
1.324427209756391676e+04 5.905818761607722768e-20 1.762989382092971981e-20
1.325060246845635993e+04 3.602597104632446106e-20 1.709583440995509895e-20
1.325693280109364969e+04 6.928879079289162300e-20 1.866458417674154359e-20
1.326326309545702134e+04 3.521937915027601437e-20 1.740060712704394047e-20
1.326959335152797757e+04 5.995015080143135193e-20 1.701310771559313548e-20
1.327592356928409390e+04 2.207992408801195397e-20 1.813750294220616234e-20
1.328225374870667656e+04 4.572214729666553016e-20 1.863376431443907606e-20
1.328858388977570030e+04 6.001256492099686873e-20 1.728102022382507895e-20
1.329491399247269874e+04 6.366384149335242392e-20 1.658594293168106960e-20
1.330124405677512368e+04 3.066909116249055192e-20 1.563316077732879525e-20
1.330757408266540187e+04 6.578896284858925861e-21 1.515063022686203193e-20
1.331390407012113792e+04 9.737014843634669682e-21 1.589921819958927006e-20
1.332023401912369991e+04 1.232397633426734392e-20 1.591557284700563822e-20
1.332656392965296072e+04 1.336854196932219834e-20 1.675087779760372421e-20
1.333289380168892058e+04 2.966851753217672388e-21 1.710513496674487363e-20
1.333922363521169427e+04 2.678842342152425796e-20 1.869286978140157046e-20
1.334555343020122382e+04 8.953834587012103600e-20 1.833843009207753493e-20
1.335188318663728387e+04 5.537414882040742427e-20 1.706212593458754721e-20
1.335821290450006018e+04 4.966492480997113831e-20 1.638217160798457414e-20
1.336454258376818143e+04 4.870025953708638921e-20 1.734971363009524516e-20
1.337087222442399798e+04 7.149860529326967855e-20 1.778804575261620828e-20
1.337720182644625311e+04 8.803466980537353963e-20 1.798316946910932676e-20
1.338353138981493794e+04 2.660945267282380569e-20 1.771530668497387357e-20
1.338986091450982349e+04 6.177020344495145458e-20 1.789852358615169607e-20
1.339619040051077718e+04 6.745269497519793438e-20 1.790980082937200630e-20
1.340251984779650775e+04 3.399574090385126696e-20 1.829254587059648739e-20
1.340884925634947285e+04 3.089153984273864774e-20 1.776362066303623419e-20
1.341517862614802107e+04 3.960770235097367005e-20 1.697424850905328917e-20
1.342150795717091751e+04 1.932661666470725800e-20 1.686697238748332384e-20
1.342783724940060529e+04 3.701542655919390274e-20 1.616134763876913810e-20
1.343416650281409056e+04 5.044046193209281662e-20 1.772872226549279117e-20
1.344049571739395833e+04 7.033130677441910554e-20 1.750905965033955003e-20
1.344682489311745121e+04 2.563563071093860805e-20 1.776090582841498091e-20
1.345315402996682496e+04 7.765476780085869328e-21 1.728715480739974469e-20
1.345948312791795252e+04 5.351749660087920992e-20 1.759923181885368551e-20
1.346581218695465577e+04 6.798683695173610945e-20 1.647308915746464913e-20
1.347214120705661117e+04 6.398596006769671165e-20 1.863374304170395938e-20
1.347847018820214726e+04 4.587864259969197323e-20 1.725201774900872851e-20
1.348479913037118058e+04 3.915667936077231720e-20 1.667000656235783482e-20
1.349112803354212338e+04 6.234238536220292605e-20 1.772553400464246091e-20
1.349745689769705132e+04 7.373809436589146717e-20 1.799537477068300288e-20
1.350378572281330162e+04 5.026720411060528830e-20 1.727737149325397775e-20
1.351011450887056162e+04 4.385734251909357635e-20 1.718742207852791093e-20
1.351644325584961734e+04 4.250829171237726685e-20 1.650138377238113011e-20
1.352277196373159677e+04 6.717261100234170091e-20 1.787656401568706740e-20
1.352910063249621635e+04 1.655517379712876519e-20 1.706929319793933533e-20
1.353542926212034399e+04 5.591051181403620664e-20 1.790358111923025440e-20
1.354175785258627366e+04 7.500453367517127487e-20 1.807100817764700994e-20
1.354808640386979096e+04 -1.859986626884762514e-21 1.818775919986293932e-20
1.355441491595436673e+04 3.927998903105819790e-20 1.708621836820238803e-20
1.356074338881556650e+04 7.170155891633721143e-20 1.697914424083955302e-20
1.356707182243842180e+04 5.810738922236169414e-20 1.649693503998826464e-20
1.357340021679982601e+04 4.696096095480437751e-20 1.700670190886233458e-20
1.357972857188048692e+04 7.908530921569498052e-20 1.766490031174501057e-20
1.358605688765754894e+04 8.187697621327863001e-20 1.801011160794089168e-20
1.359238516411054479e+04 8.333568100765896162e-20 1.790595271082514140e-20
1.359871340122006222e+04 5.454688760803576823e-20 1.909757216758257674e-20
1.360504159896719648e+04 7.265522938390477490e-20 1.607179102530616211e-20
1.361136975733014697e+04 3.114651032930785787e-20 1.787393619890890108e-20
1.361769787628950326e+04 -8.499841909630980326e-21 1.843759762840234264e-20
1.362402595582096728e+04 7.874608271763589943e-20 1.937093304976506696e-20
1.363035399590404450e+04 6.738566907276066416e-20 1.803251263901377175e-20
1.363668199652331896e+04 4.155592524205648457e-20 1.785717716025980795e-20
1.364300995765699372e+04 4.881639841659685931e-20 1.795218007048107417e-20
1.364933787928460879e+04 4.085687218854381148e-20 1.815020956320471750e-20
1.365566576138147502e+04 4.488545667572089662e-20 1.737249705187132725e-20
1.366199360392834387e+04 5.797037340272523959e-20 1.712292317520291604e-20
1.366832140690870983e+04 4.728732440079191869e-21 1.532790178783940417e-20
1.367464917029923163e+04 7.144217929873996934e-20 1.764410374349959046e-20
1.368097689407523103e+04 3.563366067571470169e-20 1.742661728089808663e-20
1.368730457822552489e+04 3.352324561825609790e-20 1.771967780809149722e-20
1.369363222272013809e+04 2.392669105299604558e-20 1.718179264176657236e-20
1.369995982754488614e+04 5.880756979141540050e-20 1.753936445013439131e-20
1.370628739267397395e+04 1.220128731110179930e-20 1.744315731700628600e-20
1.371249225981554810e+04 5.023850885696927032e-20 1.733478761003813349e-20
1.371881973278394980e+04 5.528815851611184791e-20 1.779178708489908077e-20
1.372514716794426749e+04 2.894558889207066981e-21 1.791055180639512155e-20
1.373147456334199705e+04 2.796099782261169197e-20 1.786934273591956454e-20
1.373780191894621566e+04 1.963584540036731115e-20 1.781547251643304792e-20
1.374412923472998227e+04 3.632575257379205304e-20 1.873736511713588511e-20
1.375045651067753533e+04 6.185655647701944088e-20 1.766271027963415286e-20
1.375678374676161911e+04 3.990503766163466376e-21 1.674354112663115315e-20
1.376311094296808369e+04 5.995419186053593399e-20 1.601485820910568739e-20
1.376943809927476650e+04 6.133519498123181185e-20 1.697852939479857312e-20
1.377576521565560870e+04 5.653196026337948372e-20 1.726608471423580877e-20
1.378209229209770092e+04 2.298332915683868074e-20 1.750836931915139435e-20
1.378841932857371285e+04 4.240622061906670294e-20 1.770682681271498091e-20
1.379474632506398484e+04 4.424987186123456059e-20 1.926347492294372025e-20
1.380107328155302457e+04 8.297999248803642505e-20 1.895901482522442986e-20
1.380740019801345261e+04 4.187002118411569851e-20 1.787645303874613644e-20
1.381372707442556748e+04 6.046964497680552073e-20 1.976845801958518299e-20
1.382005391077514469e+04 3.984367274029502277e-20 1.864268449122881815e-20
1.382638070703344783e+04 5.966707246475090959e-20 1.729900341704553223e-20
1.383270746317814701e+04 2.717290380948560483e-20 1.831238134049310120e-20
1.383903417919754975e+04 4.602014881981315983e-20 1.892943480805456114e-20
1.384536085506165909e+04 7.369837533165550233e-20 1.911389123857125457e-20
1.385168749075456981e+04 5.747291721703770091e-20 1.872939585913620176e-20
1.385801408625677141e+04 2.913013073257153150e-20 1.685665817029477583e-20
1.386434064153949657e+04 9.228215186015476767e-20 1.989506696231490832e-20
1.387066715658942485e+04 6.554272717953262268e-20 1.775997647731463297e-20
1.387699363138700937e+04 8.626615875928775236e-20 1.797140294298810083e-20
1.388332006589955381e+04 6.636654628310362542e-21 2.020198210621268143e-20
1.388964646011884543e+04 7.061050446655756317e-20 1.721869473208666298e-20
1.389597281401888722e+04 7.848413043996781022e-20 1.837137051558296113e-20
1.390229912757467901e+04 3.490275787321186486e-20 1.993371801090755715e-20
1.390862540077411904e+04 4.252270381067220212e-20 1.876838250983893148e-20
1.391495163358725222e+04 7.794053904405384854e-20 1.808296194319426453e-20
1.392127782599810780e+04 5.531503166110374439e-20 1.601614948044789115e-20
1.392760397798417762e+04 8.163953812007383630e-20 1.621879127694887083e-20
1.393393008952197306e+04 8.075983543446084528e-21 1.798554597371779510e-20
1.394025616059680397e+04 1.093957420054596500e-19 1.851334790683262082e-20
1.394658219118223133e+04 7.510393374953371960e-20 1.796267448960952081e-20
1.395290818125727310e+04 4.022473084837754886e-20 1.720393149956024895e-20
1.395923413080200953e+04 -1.210361833580561388e-21 1.566530852463770046e-20
1.396556003979520028e+04 2.867558283850762853e-20 1.601020730681150765e-20
1.397188590821846628e+04 5.696339280052491583e-20 1.820027151916573800e-20
1.397821173604659998e+04 5.296253593578970090e-20 1.748857079819028878e-20
1.398453752325956884e+04 5.672706521245048115e-20 1.749077531641010076e-20
1.399086326981099592e+04 6.414256183889893854e-20 1.584486085113196342e-20
1.399706583106625840e+04 5.043981610215539563e-20 1.653252287467740880e-20
1.400339148552498227e+04 5.402480739264963732e-20 1.698911603410667344e-20
1.400971709927907250e+04 4.602269368740932756e-20 1.641079166377734704e-20
1.401604267231508311e+04 5.517816944182691470e-20 1.680728339493994218e-20
1.402236820460654963e+04 6.935896983371180626e-20 1.762670110599162224e-20
1.402869369613492563e+04 6.560003625341703271e-20 1.705903927718484841e-20
1.403501914687593126e+04 5.018695119986952230e-20 1.627399091611973927e-20
1.404134455680986866e+04 6.975362828954641597e-20 1.713677957381387961e-20
1.404766992591406597e+04 3.821554040588674161e-20 1.638708418114251763e-20
1.405399525417229779e+04 3.372358622767324268e-20 1.674888540077250028e-20
1.406032054155541482e+04 5.913548483425693972e-20 1.778894186728596938e-20
1.406664578804737539e+04 5.490447415831673839e-20 1.728735988253320893e-20
1.407297099362393419e+04 6.012359173418699966e-20 1.798835348342026442e-20
1.407929615826797453e+04 5.455263581275745418e-20 1.677092281029142520e-20
1.408562128195261357e+04 6.445045072788187418e-20 1.593597667458468098e-20
1.409194636466171323e+04 4.482450320776468445e-20 1.580366043184960762e-20
1.409827140636865806e+04 2.295117155260490368e-20 1.599144038221910351e-20
1.410459640705590755e+04 4.536069195212093985e-20 1.519377199172745018e-20
1.411092136670064428e+04 3.695858835765788800e-20 1.663420301512306173e-20
1.411724628528155517e+04 1.432176421783464163e-20 1.779952866268128473e-20
1.412357116277563000e+04 7.612352807192690108e-20 1.732146928674838496e-20
1.412989599916549560e+04 3.238644392517534819e-20 1.689459121789157261e-20
1.413622079442435825e+04 5.274922688182668206e-20 1.739339774218964297e-20
1.414254554853451009e+04 8.052915772805742168e-20 1.798658091457868456e-20
1.414887026147189317e+04 1.106851030202662605e-20 1.688473606549962759e-20
1.415519493321638038e+04 5.096078833802899279e-20 1.749260776374975048e-20
1.416151956374747533e+04 4.993991919782571592e-20 1.754476370410267840e-20
1.416784415304118556e+04 4.423574340576416678e-20 1.712436371835498928e-20
1.417416870107859722e+04 5.283759463544624283e-20 1.773645440252844766e-20
1.418049320783518306e+04 5.200347049164473440e-20 1.681622454477977680e-20
1.418681767329231479e+04 6.090922092516900510e-20 1.729428304967291238e-20
1.419314209742555977e+04 4.524093896374903607e-20 1.582606071781312260e-20
1.419946648021452165e+04 5.517181212884397076e-20 1.633874088621883933e-20
1.420579082163777093e+04 3.504653457724146317e-20 1.699258506490752797e-20
1.421211512167483306e+04 9.436479325685709165e-20 1.598567747404568921e-20
1.421843938029998753e+04 5.641917758558190762e-20 1.629369217246188558e-20
1.422476359749575931e+04 4.366858392723878444e-20 1.576618735568830785e-20
1.423108777323885988e+04 3.670384545837876150e-20 1.590246752257163589e-20
1.423741190750908027e+04 1.021090605834705111e-20 1.644356069593066026e-20
1.424373600028206965e+04 4.462499717441495760e-20 1.613436779285957081e-20
1.425006005153578189e+04 4.679984335542316960e-20 1.652927522874067778e-20
1.425638406125282563e+04 2.978847030865438613e-20 1.766311085797235554e-20
1.426270802940594695e+04 2.585508388775580239e-20 1.618875247299334470e-20
1.426903195597726699e+04 3.962729198264855799e-20 1.655450143475747745e-20
1.427535584094524347e+04 2.105704566182336434e-20 1.725561347617590847e-20
1.428167968428247150e+04 4.305707629433098825e-20 1.622572872769673796e-20
1.428800348597392440e+04 2.418281388314241270e-20 1.646416568489538848e-20
1.429432724599520952e+04 2.804773504510380671e-20 1.756541629488145255e-20
1.430065096432290375e+04 1.042584432139857941e-20 1.798584144315752811e-20
1.430697464093936105e+04 4.075634162246587692e-20 1.668299234796197209e-20
1.431329827581734753e+04 1.527862545195044012e-20 1.839945234993278470e-20
1.431962186893741273e+04 1.362675899165811699e-20 1.590834823203721718e-20
1.432594542027793432e+04 1.026853004368085264e-19 1.619095414149790239e-20
1.433226892981831952e+04 5.080976940014619350e-20 1.604168170042411829e-20
1.433859239753509974e+04 2.376168154515869566e-20 1.723512967661895892e-20
1.434491582340521018e+04 4.496305171003728297e-20 1.814824782278073538e-20
1.435123920740927679e+04 7.194824231602549913e-20 1.776968357291386517e-20
1.435756254952261588e+04 8.523265059768133130e-20 1.804044030881326122e-20
1.436388584972338322e+04 6.659403051310911971e-20 1.808881275147968859e-20
1.437020910799344529e+04 9.375663817298940240e-20 1.755099976051514451e-20
1.437653232430826210e+04 5.637361842916295491e-20 2.114862767872480932e-20
1.438285549864446693e+04 5.802343070911160597e-20 2.126883201898950688e-20
1.438917863098113594e+04 9.150759398520720818e-20 1.967177171746912397e-20
1.439550172129515340e+04 6.309168727927221636e-20 1.950526512617107782e-20
1.440182476956843129e+04 1.055097999696015274e-19 2.018727572811080830e-20
1.440814777577473069e+04 5.961944368808590457e-20 1.919932135750600702e-20
1.441447073989352066e+04 5.188692214351757707e-20 1.873002119017300495e-20
1.442079366190384644e+04 2.819171238189196690e-20 1.775635720536137624e-20
1.442711654177962009e+04 8.455745507699764579e-20 1.851637113591277197e-20
1.443343937950291001e+04 2.589119541576565858e-20 1.742477400884463489e-20
1.443976217504989472e+04 7.255785805497409608e-20 1.838620093797344303e-20
1.444608492839599967e+04 2.726729982177126773e-20 1.720198081170068662e-20
1.445240763952578891e+04 5.530186651322659148e-20 1.919060193754040512e-20
1.445873030841013679e+04 4.148065956468339044e-20 1.773857536665803268e-20
1.446505293503117900e+04 5.218054902773955104e-20 1.891091393365176565e-20
1.447137551936508862e+04 4.642035150851102656e-20 1.784552617860321791e-20
1.447769806138979220e+04 4.573603889121017280e-20 1.784991819199666486e-20
1.448402056108175020e+04 6.874738200765977145e-20 1.887248142664787147e-20
1.449034301841979322e+04 1.262022895272132301e-20 1.806300646161930972e-20
1.449666543338334304e+04 -1.548221291616297950e-21 1.615204009697051810e-20
1.450298780594862183e+04 5.435856268491678685e-20 1.800769705991940137e-20
1.450931013609326692e+04 1.872745671437491050e-20 1.811892832044110052e-20
1.451563242379104668e+04 3.149074643720938880e-20 1.711751970041430784e-20
1.452195466902901353e+04 5.408454844041198173e-20 1.698487169960555985e-20
1.452827687177813823e+04 8.041405580559311286e-20 1.850955226513513705e-20
1.453459903201334419e+04 8.673658911004524430e-21 1.757983608432144676e-20
1.454092114972168565e+04 6.807575650939272473e-20 1.711629087796905722e-20
1.454724322487279824e+04 2.642317204605451968e-20 1.784823660740777867e-20
1.455356525744549799e+04 7.599767039805458070e-20 1.823199020549583707e-20
1.455988724742015620e+04 9.116068238744101790e-20 1.879826509028165281e-20
1.456620919477450843e+04 9.504039669871693611e-20 1.876871051629753344e-20
1.457253109948307429e+04 1.827908613863981036e-20 1.866510623573850462e-20
1.457885296152506089e+04 1.470858006330131050e-20 1.750420124095076301e-20
1.458517478087931522e+04 6.154801163307480048e-20 1.869152784129883986e-20
1.459149655752047511e+04 4.778866029107394025e-20 1.837409386738642536e-20
1.459781829142629431e+04 7.037194297874160629e-20 1.756713702821704963e-20
1.460413998257678213e+04 3.603177627591474168e-20 1.848841848949647714e-20
1.461046163094819713e+04 3.641646492924391548e-20 1.833015161453434860e-20
1.461678323651667415e+04 5.199903545318765852e-20 1.821087898185536186e-20
1.462310479926358676e+04 4.342114049816847079e-20 1.694316300753989342e-20
1.462942631916250321e+04 5.156430244262852780e-20 1.924808084125892927e-20
1.463562353097461892e+04 2.462729128834333659e-20 1.750789477816483356e-20
1.464194495422172804e+04 3.754124081724239053e-21 1.761015405986964227e-20
1.464826633457463868e+04 3.878651036655075893e-20 1.532780690568555853e-20
1.465458767199214708e+04 1.951606532249309913e-20 1.768657423679794763e-20
1.466090896644517670e+04 3.558481978520960215e-21 1.867417854157724450e-20
1.466723021791752763e+04 5.285045209942585452e-20 1.780376765904884223e-20
1.467355142638269172e+04 7.506802417836340881e-20 1.929681364070660931e-20
1.467987259181934132e+04 6.780586779764232252e-20 1.898634143807659967e-20
1.468619371420466814e+04 8.138178553830427922e-20 1.885370735793977754e-20
1.469251479351885610e+04 3.549648119493808922e-20 1.927403061225443378e-20
1.469883582973362536e+04 5.931131793804490637e-20 1.918598167929011941e-20
1.470515682282897615e+04 5.840680834920734952e-20 1.798552453823666594e-20
1.471147777278228205e+04 4.513154470457713027e-20 1.927951002915347307e-20
1.471779867957061106e+04 1.611191298592788347e-20 1.740239094519092424e-20
1.472411954317272466e+04 7.375689678698388306e-20 1.824493309143768253e-20
1.473044036356165816e+04 2.412603460926104591e-20 2.057583075706081547e-20
1.473676114071867778e+04 6.334817534793302608e-20 1.759847857369631974e-20
1.474308187462109163e+04 7.862325574414078947e-20 1.830569394412632594e-20
1.474940256524183860e+04 4.637860935789245798e-20 1.683923198657755288e-20
1.475572321256362011e+04 5.172399728463732027e-20 1.652475083834505665e-20
1.476204381655813268e+04 4.788503542849036340e-20 1.742136708545240988e-20
1.476836437720783942e+04 6.754803351682629909e-20 1.896280852538998067e-20
1.477468489448462060e+04 7.371579766956817692e-20 1.907377937469444571e-20
1.478100536836939682e+04 1.277983294302074812e-20 1.767456488126624619e-20
1.478732579883812105e+04 2.705591373243097235e-20 1.949947816964023397e-20
1.479364618586640063e+04 4.376997573735055384e-20 1.932621764882199987e-20
1.479996652943395202e+04 9.242779440447513075e-21 1.805652662486021568e-20
1.480628682951529299e+04 2.993491879367942374e-20 1.761193656889053968e-20
1.481260708608993446e+04 5.850696317702083601e-20 1.914295751306965273e-20
1.481892729913374751e+04 3.336014047243678179e-20 1.650857437782355910e-20
1.482524746862361098e+04 4.382125479325135756e-21 1.630398480218500630e-20
1.483156759453646373e+04 3.018603302110203264e-20 1.753161243696396503e-20
1.483788767684806407e+04 6.551066887349694449e-20 1.856587284126868522e-20
1.484420771553652230e+04 6.586278384271354406e-20 1.868726740361230444e-20
1.485052771057899736e+04 3.756998810887141448e-20 1.889347661747513098e-20
1.485684766195364500e+04 7.113272226105204564e-20 1.898814572180350070e-20
1.486316756961541796e+04 3.230615160191151768e-20 1.677974904139374271e-20
1.486948743168035435e+04 5.439423391179193936e-20 1.709453616567814404e-20
1.487568257499345418e+04 9.248526562892347674e-20 1.857033815342044374e-20
1.488200234055616420e+04 4.605661343594223733e-20 1.777614303255225916e-20
1.488832206233448051e+04 2.243026504437048434e-20 1.563599847737980015e-20
1.489464174030406502e+04 3.419981390759144161e-20 1.788069506876616349e-20
1.490096137444308079e+04 7.854481115423990073e-20 1.744814836288296456e-20
1.490728096472683501e+04 8.424330638514776965e-20 1.755578656986567640e-20
1.491360051112813198e+04 4.048763719675521498e-20 1.658659017854858383e-20
1.491992001363185045e+04 7.282157797935611757e-20 1.781819686279474610e-20
1.492623947220943228e+04 3.006442920659874328e-20 1.565715185096683507e-20
1.493255888684029560e+04 7.558929295274069829e-20 1.804097991926128858e-20
1.493887825749694093e+04 5.120619200553070439e-20 1.681057754610532022e-20
1.494519758415907199e+04 2.645991556889514675e-20 1.646339153901743595e-20
1.495151686680587227e+04 7.234697182767730788e-20 1.596645793427903370e-20
1.495783610540874361e+04 4.387836518369137620e-20 1.771590455396895648e-20
1.496415529994837561e+04 3.761802920557413912e-20 1.654982930252809811e-20
1.497047445039868580e+04 2.699355922258537062e-20 1.659170938344479266e-20
1.497679355673920691e+04 5.507547761190693807e-20 1.802893300681795248e-20
1.498311261894492418e+04 -3.326807714906493200e-22 1.864068528218392078e-20
1.498943163698994067e+04 2.321551190168680145e-20 1.981726727709437413e-20
1.499575061085620837e+04 1.003949523216604420e-19 1.789403347077757048e-20
1.500206954051628600e+04 5.259101262747561634e-20 1.707188480826832317e-20
1.500838842594950438e+04 8.136752740723989356e-20 1.794767186885372473e-20
1.501470726713090517e+04 6.345083276406405375e-20 1.606720440835732490e-20
1.502102606403585378e+04 3.208027323591608551e-20 1.717039851310906047e-20
1.502734481664194936e+04 8.241435918727182790e-21 1.582831701485352687e-20
1.503366352492601800e+04 2.974416844732066154e-20 1.532602288334969455e-20
1.503998218886578070e+04 1.758756676469526184e-20 1.575184592945094126e-20
1.504630080843493852e+04 4.006453684496888819e-20 1.681924292460349608e-20
1.505261938361288594e+04 5.918247192952802531e-21 1.676746565554801910e-20
1.505893791437016080e+04 7.570557969750679591e-20 1.626176736336912666e-20
1.506525640069198562e+04 7.614095533248064308e-20 1.693773830987012002e-20
1.507157484254884912e+04 5.125852225058259946e-20 1.666242890054396957e-20
1.507789323991876518e+04 7.558720275696064374e-20 1.813397300372868896e-20
1.508421159277664810e+04 3.797154252026882834e-20 1.666244601517876521e-20
1.509052990110302198e+04 2.438175380605298072e-20 1.637223501333988445e-20
1.509684816486883028e+04 4.328796631369127020e-20 1.727142128800060315e-20
1.510316638405710728e+04 3.026236976172239708e-20 1.676400784472133251e-20
1.510948455863606432e+04 5.055590212517742071e-20 1.905399638917600121e-20
1.511580268858601994e+04 1.038921750399078698e-20 1.669209254364093017e-20
1.512212077388479520e+04 4.691448250200537043e-20 1.709776317578495952e-20
1.512843881450586741e+04 5.309971979590498099e-20 1.727997753677080759e-20
1.513475681042816541e+04 4.330458459916519602e-20 1.753953958342831696e-20
1.514107476162678904e+04 3.160679478572771790e-20 1.705082082438558939e-20
1.514739266807623244e+04 3.608197377538621436e-20 1.678106610675899498e-20
1.515371052975443126e+04 1.715603863852279229e-20 1.752356537757613161e-20
1.516002834663882459e+04 3.832303327127814434e-20 1.635770712935682041e-20
1.516634611870424123e+04 5.241867251454630995e-20 1.773551234266251430e-20
1.517266384592409486e+04 -6.432668541617241786e-21 1.647450827124127562e-20
1.517898152828000275e+04 1.791417132563900189e-20 1.896107200812556285e-20
1.518529916574415438e+04 5.257995417226220501e-20 1.732223399852435366e-20
1.519161675829376145e+04 3.602037050948995657e-20 1.577428778582394146e-20
1.519793430590664320e+04 5.674722289320606282e-21 1.615645240552010497e-20
1.520425180855589315e+04 4.052515640491385339e-20 1.786727565082943934e-20
1.521056926621905222e+04 2.148498061427054558e-20 1.773499147359251615e-20
1.521688667887226984e+04 1.008488409317902637e-20 1.628959254031240310e-20
1.522320404649279953e+04 5.114354748732950797e-20 1.753666502553957815e-20
1.522952136905414045e+04 4.232833269149765372e-20 1.748109312590987412e-20
1.523583864653339333e+04 5.090225831490533532e-20 1.726631892083010802e-20
1.524215587890542520e+04 4.568917530115860153e-20 1.513412385696440434e-20
1.524847306614890294e+04 4.940606129421607184e-20 1.658602783262240838e-20
1.525479020823843530e+04 5.609051820352442543e-20 1.629798542810647961e-20
1.526110730515002615e+04 1.152379896412159547e-20 1.611696106481678896e-20
1.526742435685660348e+04 5.048501991449487830e-20 1.539651194313779510e-20
1.527374136334148352e+04 2.526264625282730670e-20 1.596004050720789316e-20
1.528005832457452743e+04 2.890766084548781577e-20 1.625235313546307761e-20
1.528637524053338893e+04 4.782373715661377836e-20 1.706793476495922213e-20
1.529269211119228930e+04 5.878841995255505888e-20 1.641164482861655609e-20
1.529900893653006824e+04 6.475379924975267402e-20 1.655051624259504187e-20
1.530532571652113802e+04 6.767898440509052541e-20 1.642822868993291594e-20
1.531164245113979086e+04 3.159265058999538983e-20 1.668805329937041093e-20
1.531795914036349313e+04 3.112822702079283285e-20 1.793386503324596972e-20
1.532427578416914184e+04 4.972975490372873016e-20 1.615493957044523991e-20
1.533059238253144576e+04 5.096437435898677233e-20 1.682604095510463378e-20
1.533690893542301274e+04 2.838601082857981300e-20 1.789844981759551238e-20
1.534322544282554554e+04 1.518137814403016340e-20 1.679582647551930111e-20
1.534954190470893263e+04 6.457940599884742509e-20 1.640346499332176641e-20
1.535585832105462578e+04 1.663640498246987167e-20 1.660673635817032656e-20
1.536217469183413778e+04 2.528704844584328687e-20 1.662016170313509179e-20
1.536849101702582630e+04 6.232780750622174683e-20 1.624126065584237166e-20
1.537480729660134784e+04 7.033424233567035035e-20 1.723032012951044733e-20
1.538112353054172308e+04 1.471989490457335488e-20 1.749195646127294944e-20
1.538743971881865400e+04 4.185158992048965894e-20 1.673594193033015794e-20
1.539375586140894120e+04 2.486866875606496322e-20 1.647918334302482052e-20
1.540007195828979093e+04 6.810159570481973829e-20 1.727255079661198733e-20
1.540638794422205501e+04 2.848670154455632556e-20 1.698563097677800010e-20
1.541270387170009781e+04 5.421748038699804171e-20 1.764207839014159542e-20
1.541889410691517696e+04 2.364709358630731886e-20 1.710449838332847310e-20
1.542520993179342440e+04 5.529558829804059840e-20 1.684930807475378717e-20
1.543152571086026910e+04 6.661089754265722429e-20 1.724840939315391840e-20
1.543784144406871383e+04 5.937434152604559378e-20 1.693037657966094123e-20
1.544415713139864056e+04 6.704876059707009974e-20 1.886401977958263770e-20
1.545047277281973220e+04 2.024149227461299401e-20 1.644202696549807172e-20
1.545678836831047192e+04 2.655817796890900162e-20 1.664150287785268038e-20
1.546310391784884087e+04 2.485240114559669040e-20 1.607647939764502789e-20
1.546941942140212814e+04 5.468947153749212881e-20 1.702076298768175505e-20
1.547573487895538892e+04 6.453991144255413540e-20 1.664948872537910099e-20
1.548205029047852440e+04 1.409508783687465582e-20 1.529068675810052681e-20
1.548836565595111460e+04 5.929400817432349054e-20 1.585855198026368293e-20
1.549468097534279877e+04 5.640292146463206838e-20 1.614763233817857039e-20
1.550099624863190365e+04 3.341512836942422609e-20 1.681430706998493173e-20
1.550731147579355456e+04 1.353501585074775620e-20 1.774292338733785531e-20
1.551362665680194368e+04 2.876811440825951786e-20 1.739737909950302318e-20
1.551994179163771514e+04 7.196625457639505138e-20 1.740834005048117390e-20
1.552625688026938042e+04 5.904044920572075543e-20 1.844213006401795757e-20
1.553257192267479149e+04 5.940549561373099696e-20 1.988556012363153713e-20
1.553888691882793864e+04 4.615309568303673789e-20 1.721754214267389236e-20
1.554520186870688303e+04 -9.645155845301612144e-21 1.712880786781317739e-20
1.555151677228812696e+04 -5.938179168917212667e-21 1.751036097390176900e-20
1.555783162953862848e+04 2.428350777530450169e-20 1.945044695517519810e-20
1.556414644044177658e+04 5.209908832870115304e-20 1.773898488170184318e-20
1.557046120497156335e+04 4.724501535974003130e-20 1.658936531459304379e-20
1.557677592309594183e+04 2.030365084124157510e-20 1.638028911590889497e-20
1.558309059480147880e+04 9.017161675238362605e-20 1.713125455784209418e-20
1.558940522005750427e+04 1.014440778718677205e-19 1.817076521659091446e-20
1.559571979883784843e+04 1.022594111311972037e-19 1.924869086960504846e-20
1.560203433111606864e+04 3.169827499011232367e-20 1.829853614181326397e-20
1.560834881687434427e+04 4.737239102439683295e-21 1.848515239868289899e-20
1.561466325607933322e+04 2.079959523402532878e-20 1.841969866250455111e-20
1.562097764869389539e+04 1.013635131584106439e-19 1.888360816474748127e-20
1.562729199286870971e+04 4.129028575335791007e-19 2.179454249474495431e-20
1.563348027350616212e+04 9.398478160971146888e-19 2.718486995228596586e-20
1.563979451524395699e+04 2.984359915232574297e-19 2.087993002941682664e-20
1.564610871030513772e+04 9.198431619230731757e-20 2.216124610504706243e-20
1.565242285866918610e+04 4.511090423569027466e-20 1.722885191092902664e-20
1.565873696030645442e+04 6.690879558482116404e-20 1.647818367029113322e-20
1.566505101519507662e+04 5.951568984237822824e-20 1.745032781562897245e-20
1.567136502330668736e+04 4.081601321693357757e-20 1.764054225597761532e-20
1.567767898461801087e+04 9.248521821693994958e-20 1.747019519604802372e-20
1.568399289910212974e+04 5.468690691727561059e-20 1.855469066878184188e-20
1.569030676674000460e+04 3.534751712649668407e-20 1.831801411976981117e-20
1.569662058749752941e+04 3.873657054285539549e-20 1.694033341742611087e-20
1.570293436135696902e+04 7.764646754464836196e-21 1.815589117071995827e-20
1.570924808828719142e+04 1.671147024955453315e-20 1.792261143510274458e-20
1.571556176826742376e+04 5.532266350133087837e-20 1.726823837709045362e-20
1.572187540127243301e+04 3.539568379928595015e-20 1.712896940281080375e-20
1.572818898727110536e+04 6.538691521575027042e-20 1.770622446208644242e-20
1.573450252624701352e+04 5.945323432561853972e-20 1.663165826556298751e-20
1.574081601816745388e+04 4.591406534646024313e-20 1.624704268962716987e-20
1.574712946301171905e+04 2.878486386988919192e-20 1.638459398982003242e-20
1.575344286075275704e+04 2.092816909435053231e-20 1.662304741910588351e-20
1.575975621136413611e+04 4.272082243015086390e-20 1.698449265516428288e-20
1.576606951482301702e+04 5.903007523260324725e-20 1.659018358998419196e-20
1.577238277110154922e+04 2.605761783090915276e-20 1.610273295526942111e-20
1.577869598017543285e+04 6.287117515858842310e-20 1.788314364022702719e-20
1.578500914202106651e+04 1.940618536187681262e-20 1.744220645456922632e-20
1.579132225660984113e+04 5.366329763217858942e-20 1.668153782859499598e-20
1.579763532391947047e+04 5.925942515610390569e-21 1.658611986788372693e-20
1.580394834391997938e+04 6.328363541616506961e-20 1.734182278978656933e-20
1.581026131659184284e+04 6.755748059072214556e-20 1.913247981705401330e-20
1.581657424190660277e+04 3.115514001252545398e-20 1.655275306838499845e-20
1.582288711983733447e+04 1.366509116839736515e-20 1.733386353332598248e-20
1.582919995036000000e+04 -4.582839920837438579e-21 1.695731576083685305e-20
1.583551273344900437e+04 2.871821526335945776e-20 1.710967625174988549e-20
1.584182546907891810e+04 3.060220004163532490e-20 1.893438238563301303e-20
1.584813815722548679e+04 8.227559283454549062e-20 1.940450257359543343e-20
1.585445079786039605e+04 3.182099336255344307e-20 1.770207123065647388e-20
1.586076339095782168e+04 1.665956950565385847e-20 1.740062411456113662e-20
1.586707593649389310e+04 3.752446748912000898e-20 1.691834607921233078e-20
1.587338843444410304e+04 2.687175343323995685e-20 1.707399562902207594e-20
1.587970088478026264e+04 5.196825551498230321e-20 1.696392347618912074e-20
1.588601328748067499e+04 4.134624173572578915e-20 1.771676425549763908e-20
1.589232564251277654e+04 5.460396926602236195e-20 1.723251882204066763e-20
1.589863794985777167e+04 5.608247952032659050e-20 1.632497627075985185e-20
1.590495020948739329e+04 5.256247234361082588e-20 1.676948671481000195e-20
1.591126242137557529e+04 4.237866813118627306e-20 1.630060326143965826e-20
1.591757458549539479e+04 3.994934288952167205e-20 1.791555848406204970e-20
1.592388670182522947e+04 6.860744121335221381e-20 1.829592902303898204e-20
1.593019877033365083e+04 5.664442701099030805e-20 1.878793314776526434e-20
1.593651079099760500e+04 6.518287348003425700e-20 1.633935355433858286e-20
1.594282276379434370e+04 3.223977597604208155e-20 1.762900518395229406e-20
1.594913468869205462e+04 1.205002137236836857e-20 1.715434510334397391e-20
1.595544656566791673e+04 3.557395317096713984e-20 1.823936807774491876e-20
1.596175839469597122e+04 7.823139000258169873e-20 1.711306542552142931e-20
1.596807017575332611e+04 4.699530260899639345e-20 1.787769897702124932e-20
1.597438190880672482e+04 4.889394485793598305e-20 1.814595493507491463e-20
1.598069359383755182e+04 4.034584591369759793e-20 1.597316812814939155e-20
1.598700523081405117e+04 3.888988839748850858e-20 1.768032827796052678e-20
1.599331681971313083e+04 9.542994552526253181e-20 1.941645744921669841e-20
1.599962836051035993e+04 1.310071002977761866e-19 1.830490698823755661e-20
1.600593985318111663e+04 1.171876853912725887e-19 1.739395823763919303e-20
1.601225129769072555e+04 6.685832038870411174e-20 1.813367839181034402e-20
1.601856269402179532e+04 1.042306766392227298e-20 1.747393363173435730e-20
1.602487404214552225e+04 -1.942267180654283512e-20 1.595891761098348839e-20
1.603118534203566742e+04 9.368402779330955601e-20 1.792709458309648595e-20
1.603749659366193919e+04 7.572397033640541533e-20 1.845782307058982887e-20
1.604380779700829225e+04 4.668357725833053584e-20 1.779380772187181167e-20
1.605011895204005850e+04 2.854388424752554823e-20 1.568282973761001024e-20
1.605643005873523907e+04 1.739733738168609197e-20 1.730386373786887229e-20
1.606274111706649637e+04 2.983181855379602662e-20 1.777186169225930851e-20
1.606905212700590710e+04 5.071226238928622347e-20 1.905009327007549778e-20
1.607536308853199989e+04 1.233262933753884523e-20 1.746464911849753788e-20
1.608167400161236583e+04 2.962158639488108183e-20 1.574521907571527157e-20
1.608798486622553719e+04 5.609098384640762283e-20 1.765230946090265433e-20
1.609429568234346152e+04 5.357269940463339239e-20 1.888830647078364343e-20
1.610060644994024005e+04 7.493032386570345100e-20 1.790631546198047745e-20
1.610691716898770756e+04 2.979746127937465511e-20 1.607180040965072268e-20
1.611310094929020306e+04 2.593922364266199166e-20 1.785481438743457760e-20
1.611941156003586730e+04 7.488145430909779020e-20 1.640374854264986000e-20
1.612572212217475681e+04 4.994993500688187293e-20 1.628469791453773746e-20
1.613203263565815541e+04 7.751768012134281180e-20 1.846141035360304308e-20
1.613834310046268911e+04 4.864942336941388854e-20 1.832527736745075620e-20
1.614465351655470477e+04 5.662410021182523541e-20 1.829209832215929343e-20
1.615096388391937944e+04 5.208982273818182660e-20 1.956635007122934185e-20
1.615727420251876174e+04 2.214203429566412181e-20 1.702303751932194269e-20
1.616358447233798870e+04 2.333848513489891143e-20 1.691135575458375178e-20
1.616989469334189926e+04 2.775694819400067991e-20 1.838192278921907075e-20
1.617620486550988426e+04 5.315235512816027380e-20 1.891709258516920550e-20
1.618251498880956024e+04 1.059330496660458403e-19 1.778977457468728949e-20
1.618882506322034715e+04 6.920176905806537804e-20 1.840491472520900547e-20
1.619513508871262820e+04 4.096543205684717928e-20 1.788775841222235053e-20
1.620144506525578981e+04 6.296214044015592718e-20 1.837014949574537818e-20
1.620775499283166027e+04 5.206772777901019607e-20 1.681033508054354601e-20
1.621406487140819627e+04 6.481459608139723745e-20 1.686110852220434936e-20
1.622037470096271863e+04 2.748297254410125075e-20 1.740646189589546507e-20
1.622668448145175171e+04 5.830739854086391054e-20 1.960819397216178652e-20
1.623299421287566838e+04 6.676386705513263660e-20 1.830499039646865584e-20
1.623930389519240998e+04 8.248320227821997481e-20 1.860467407335003053e-20
1.624561352838069797e+04 6.103018202720826791e-20 1.800233407119583141e-20
1.625192311240834169e+04 2.810418685749350445e-20 1.820210532201374123e-20
1.625823264725272566e+04 8.753413542321128114e-21 1.750639906408451584e-20
1.626454213288447863e+04 3.897859555484723119e-20 1.849936164123472393e-20
1.627085156928101605e+04 3.316194408370820366e-20 1.660584175327619640e-20
1.627716095641273569e+04 3.681036334350781825e-20 1.927877345853064184e-20
1.628347029424131870e+04 4.146927082087980783e-20 1.834060060121668102e-20
1.628977958276163190e+04 4.202794711430435469e-20 1.697196509381908045e-20
1.629608882191630801e+04 3.371514543413951885e-21 1.634178845117705398e-20
1.630239800990372532e+04 2.067664032518686819e-20 1.823401907666165051e-20
1.630857991707612564e+04 5.511480258552448906e-20 1.673756056715132534e-20
1.631488899691172810e+04 4.367554349115538501e-20 1.772610960056612350e-20
1.632119802729224466e+04 3.535905266903445132e-20 1.560024614683265919e-20
1.632750700818313453e+04 5.491221481559711130e-20 1.699681092982624197e-20
1.633381593957996483e+04 6.809220052523488342e-20 1.663589419808453446e-20
1.634012482143776651e+04 4.191411272579889022e-20 1.725845990028663885e-20
1.634643365373279994e+04 3.248396090303605701e-20 1.679989621119830447e-20
1.635274243644227136e+04 7.930255279876252046e-20 1.706456619226912621e-20
1.635905116953652396e+04 3.006343617111302546e-20 1.657628120811715056e-20
1.636535985298375999e+04 3.193602084883253630e-20 1.696604917465415758e-20
1.637166848675878828e+04 5.722342045546079624e-20 1.664064282534560018e-20
1.637797707084608555e+04 3.581438535790382932e-20 1.656432181798649289e-20
1.638428560520560131e+04 1.574662724389695564e-20 1.813675130111366336e-20
1.639059408981726301e+04 7.631695039125727582e-21 1.889983258839843304e-20
1.639690252465143203e+04 3.027659353514856205e-20 1.836520244611634823e-20
1.640321090967165946e+04 2.419660306531843259e-20 1.703105188376685148e-20
1.640951924486605276e+04 4.246996920681607450e-20 1.670577426750191837e-20
1.641582753020264863e+04 3.698322861039356671e-20 1.713046219935001317e-20
1.642213576565459516e+04 3.767897662415391813e-20 1.810470678738542538e-20
1.642844395118995817e+04 1.965190708529532753e-20 1.737893145244513215e-20
1.643475208678324998e+04 2.881888635941899994e-20 1.818006215473393836e-20
1.644106017240555229e+04 3.549749972676095572e-20 1.862858785590111326e-20
1.644736820804020681e+04 8.707378889676011750e-20 1.821457453814997880e-20
1.645367619365087739e+04 3.580325127568372330e-20 1.948195879701850645e-20
1.645998412921335694e+04 3.358446125313586047e-20 1.679700460922670265e-20
1.646629201469433974e+04 -1.179260548426353657e-20 1.802962252689579495e-20
1.647259985007098658e+04 -2.434460780822686398e-20 1.719903737757976318e-20
1.647890763531447374e+04 9.924862179159347407e-21 1.803684588499493149e-20
1.648521537040336261e+04 -4.086559240386148192e-21 1.772916007281207228e-20
1.649152305530738158e+04 3.482591976780299364e-20 1.762519092107567587e-20
1.649783068999006355e+04 -8.635483070608255033e-21 1.690111975379405911e-20
1.650413827443461560e+04 -5.363304104189062823e-20 1.786258426799660511e-20
1.651044580861039140e+04 5.000070382467134685e-20 1.843577049278026311e-20
1.651675329249169590e+04 3.342204486275100645e-20 1.737294753207801174e-20
1.652306072605076406e+04 8.468856960981648108e-20 1.824732359413536883e-20
1.652936810924999736e+04 2.829329869197838912e-20 1.775302106820246136e-20
1.653567544208091203e+04 6.889161813578767984e-21 1.722754350299724138e-20
1.654198272450146032e+04 5.503288592139446048e-20 1.658685255231251141e-20
1.654828995648967611e+04 8.360258988153568657e-20 1.795849283550844708e-20
1.655459713801388352e+04 6.672832583550889017e-20 1.779542672582969116e-20
1.656090426904917331e+04 1.298612199522689463e-20 1.679662407975547878e-20
1.656721134957268077e+04 2.355069244905796592e-20 1.914705504790320683e-20
1.657351837955062365e+04 5.679348412325748288e-20 1.828632542658032486e-20
1.657982535895250476e+04 1.680069827941397010e-20 1.857008341915228378e-20
1.658613228775806783e+04 4.038549893643216328e-20 1.712627695497132633e-20
1.659243916593967151e+04 5.297237395217403532e-20 1.710097398743815208e-20
1.659874599346215109e+04 5.778850511199901494e-20 1.778495451082295547e-20
1.660505277029922945e+04 4.435565881836647545e-20 1.828551891748008960e-20
1.661135949643228378e+04 3.297414945803040410e-20 1.915633547584040180e-20
1.661766617182889240e+04 6.242257070966765293e-20 1.699191233610645877e-20
1.662397279645703020e+04 5.392595741727471220e-20 1.704981082390759371e-20
1.663027937028561064e+04 1.098859138633917968e-20 1.762148451471762833e-20
1.663658589330367613e+04 2.890175273234984456e-20 1.727289356976605031e-20
1.664289236546499887e+04 1.013761521355235292e-20 1.846668304248161382e-20
1.664919878675264408e+04 1.102951506941389340e-19 1.801862486050815935e-20
1.665550515713240020e+04 5.827388189168819389e-20 1.783271984713674281e-20
1.666181147658567352e+04 3.692093127456072199e-20 1.710791315033337634e-20
1.666811774507383961e+04 6.866625131644141862e-20 1.775669663051232604e-20
1.667442396257063592e+04 5.642579599654647439e-20 1.659739787481982349e-20
1.668073012905703217e+04 3.633934337197921007e-20 1.906409777078517749e-20
1.668703624449460767e+04 1.917600971813855124e-20 1.925786741467644923e-20
1.669334230886141449e+04 1.563474744319305325e-20 1.860555901516269931e-20
1.669964832213086629e+04 -1.094029951195277170e-20 1.809868277000855419e-20
1.670595428427061415e+04 4.695052933793003982e-20 1.669891647458813219e-20
1.671226019524786170e+04 5.220918642931273266e-20 1.841015545812686616e-20
1.671856605504690742e+04 3.850275405017747704e-20 1.873014779407773886e-20
1.672487186363328874e+04 4.359411917540252821e-20 1.650934671274014486e-20
1.673117762097625746e+04 6.061026785535180569e-20 1.805588331171288834e-20
1.673735530409806597e+04 2.627489250487265566e-20 1.717827224741924386e-20
1.674366094585521932e+04 5.915285280515648100e-20 1.954838477699463025e-20
1.674996653806112590e+04 3.423130450394101559e-20 2.138631507744536319e-20
1.675627207893393643e+04 2.836929521820006046e-20 1.854527752155019072e-20
1.676257756842143135e+04 3.356314754655976136e-20 1.702774271600879010e-20
1.676888300649814846e+04 1.834029529841557626e-20 1.797728214501209169e-20
1.677518839313897479e+04 6.600715001847758422e-20 1.858526807443999108e-20
1.678149372830962966e+04 5.619203901035573408e-20 1.847577743728392737e-20
1.678779901198497828e+04 2.828071375178344395e-20 1.923320687830107478e-20
1.679410424413944202e+04 4.833461460277581483e-20 1.839905669729639749e-20
1.680040942473908945e+04 6.755836404942959068e-20 1.859388547447467517e-20
1.680671455375834194e+04 8.619565436970973720e-21 1.903060127056869803e-20
1.681301963117189734e+04 1.402661652112347668e-20 1.800804162238594312e-20
1.681932465694549683e+04 5.450962838279961404e-20 1.782286971203299601e-20
1.682562963105070594e+04 6.532711711017920056e-20 1.757530094421519261e-20
1.683193455346661722e+04 4.516489237194743185e-20 1.732433708279398437e-20
1.683823942416022328e+04 -5.747991418060626461e-21 1.819817863111516300e-20
1.684454424309892420e+04 4.114241934221923607e-20 1.859213849360506388e-20
1.685084901026570515e+04 2.033663869598484456e-20 1.688506946081376278e-20
1.685715372561772892e+04 3.262125929824523729e-20 1.765647505712706304e-20
1.686345838913646367e+04 1.556192269817612430e-20 2.001284947885304265e-20
1.686976300078928762e+04 7.040526942327898420e-20 1.853577326919547865e-20
1.687606756055335063e+04 4.020635530445961871e-20 1.802416824812520462e-20
1.688237206839132341e+04 3.059087119890892430e-20 1.803202443024428010e-20
1.688867652427767825e+04 6.501407635187377430e-20 1.949231409926394250e-20
1.689498092819242811e+04 6.333984008293318117e-20 1.903916926642519129e-20
1.690128528009255024e+04 6.942203830753703333e-20 1.930942252652820163e-20
1.690758957995938181e+04 5.494688901035582135e-20 1.709266581570407813e-20
1.691389382773935358e+04 -1.113563595794209298e-20 1.812909593488683395e-20
1.692006967263352635e+04 4.467630396990410954e-20 1.652936290426034601e-20
1.692637380495525213e+04 7.294373648118411124e-20 1.892682235346823004e-20
1.693267788512810148e+04 2.611751316436862839e-20 1.932247498884189742e-20
1.693898191312011113e+04 5.306520058419042985e-20 1.897814072134517759e-20
1.694528588890130777e+04 7.604033803264870576e-20 1.911847280443943947e-20
1.695158981244558890e+04 5.069228255581149627e-20 1.809780401535994009e-20
1.695789368372303215e+04 5.401541291059067487e-20 1.734884556373385722e-20
1.696419750270149598e+04 5.380216003264949486e-20 1.747090293950334003e-20
1.697050126935690423e+04 7.615354045375765451e-21 1.936053243106763997e-20
1.697680498365729363e+04 1.345842467273667889e-20 1.843674199782425178e-20
1.698310864558136018e+04 5.618654588618880261e-20 1.791827882976633405e-20
1.698941225508973366e+04 4.244916496175651539e-20 1.777157884554200476e-20
1.699571581215630795e+04 6.350953323895493736e-20 1.736960789883602102e-20
1.700201931675246669e+04 1.858934254195042437e-20 1.716063516476618074e-20
1.700832276885651299e+04 4.434253586813696905e-20 1.655423440927074866e-20
1.701462616842763964e+04 3.089327600629769259e-20 1.735270560679684596e-20
1.702092951544730022e+04 2.282754242377915582e-20 1.735182054622821319e-20
1.702723280988203260e+04 5.933469760085202391e-20 1.800397722126826896e-20
1.703353605169826187e+04 3.918224931008542487e-20 1.754437929523395737e-20
1.703983924087443302e+04 2.032028801792810525e-20 1.650715483451787528e-20
1.704614237737714575e+04 1.524881693871916536e-21 1.763204095135909862e-20
1.705244546118459402e+04 -5.177468121659348508e-20 1.764390460675023867e-20
1.705874849225128855e+04 -3.033347381878335998e-20 1.766100878334308470e-20
1.706505147056610440e+04 3.617200348037032452e-20 1.873412440532302541e-20
1.707135439608788874e+04 4.133984508580871667e-20 1.819700183175896504e-20
1.707765726879656359e+04 2.005643628506465876e-20 1.792250085356759327e-20
1.708396008865375188e+04 4.917921574285256981e-20 1.875827876090525858e-20
1.709026285563957572e+04 -2.904129844420445860e-20 1.882324021887418642e-20
1.709656556971384634e+04 -1.309849133694700151e-20 2.016473714743423963e-20
1.710286823085986180e+04 -2.521935983802961971e-20 1.802383016855803252e-20
1.710917083903738239e+04 4.772788767215388011e-20 1.784022214433674673e-20
1.711547339422498408e+04 5.191311552844200487e-20 1.873059855225566769e-20
1.712177589638563222e+04 5.857275973323010788e-20 1.698367898318788628e-20
1.712807834550066764e+04 -1.853879633538721887e-20 1.662164786062453098e-20
1.713438074153021444e+04 4.006062313132144123e-20 1.913610154721167617e-20
1.714068308445381263e+04 4.526359625192638892e-20 1.897002125145318295e-20
1.714698537423017478e+04 3.197361074911737276e-20 1.959334551593435263e-20
1.715328761084489088e+04 5.742712703141234733e-20 2.037860294561698204e-20
1.715958979425653524e+04 2.966815383723937528e-20 1.818406984626197776e-20
1.716589192444321452e+04 4.982600644833265692e-20 1.609251671918424814e-20
1.717219400136779223e+04 7.553683924996186368e-20 1.712806552141026303e-20
1.717849602501166009e+04 5.494274903209938201e-20 1.784841213945651664e-20
1.718479799533278492e+04 5.076089801805287243e-20 1.825070782352634225e-20
1.719109991231116874e+04 3.226991570341602303e-20 1.669792178183693772e-20
1.719740177591239262e+04 3.483305817209609081e-20 1.660374882929647144e-20
1.720370358610709081e+04 2.383340917248481728e-20 1.704928644920295441e-20
1.721000534287174742e+04 3.910759524691043220e-20 1.817416094380052882e-20
1.721630704616902585e+04 1.819699626653229252e-20 1.900904490251328097e-20
1.722260869597412966e+04 2.162890831017683656e-20 1.759562779390243316e-20
1.722891029225092279e+04 8.986149395039532480e-21 1.895067210741710015e-20
1.723521183498236860e+04 1.275013160741172121e-20 1.975675569427931049e-20
1.724151332412323609e+04 -2.925691974793602455e-20 1.738771544070360492e-20
1.724781475965465143e+04 4.265640824931321739e-21 1.616110780013255285e-20
1.725411614154538984e+04 2.611061509652889289e-20 1.764708208624267589e-20
1.726041746976248032e+04 4.323902381133321517e-20 1.875938289426008862e-20
1.726671874428102819e+04 1.719700867166102300e-20 1.625456388536169734e-20
1.727301996506173236e+04 1.547480600033689415e-20 1.756158675824279175e-20
1.727932113208579540e+04 5.192595010999972924e-20 1.759103156227305919e-20
1.728562224531407264e+04 9.501635596008033371e-20 1.821790041052613009e-20
1.729192330472436151e+04 7.247602924392668260e-20 1.781522046664495858e-20
1.729822431028391293e+04 3.760463575979013329e-20 1.881322955775042753e-20
1.730452526196098916e+04 3.141900880338610780e-20 1.739224183820217036e-20
1.731082615972867279e+04 2.770942627681347284e-20 1.838062152923748074e-20
1.731699791100115908e+04 5.220904182134247508e-20 1.722465053829575895e-20
1.732329868949726006e+04 3.864636742792779111e-20 1.737728823822246885e-20
1.732959941400579555e+04 1.831147969004210518e-20 1.697465108990537543e-20
1.733590008448389199e+04 4.231079662064835772e-20 1.798458424494807180e-20
1.734220070089587171e+04 3.639654712025356376e-20 1.781767881280407511e-20
1.734850126322050346e+04 2.548589378655325826e-20 1.684126695972261572e-20
1.735480177142187677e+04 5.488614386471208988e-20 1.695835230031576946e-20
1.736110222547442027e+04 3.965299504771470810e-20 1.826911732567089051e-20
1.736740262534338399e+04 4.386331940340172595e-20 1.922209541505599737e-20
1.737370297099585514e+04 4.516282537395796987e-20 1.832227052797033141e-20
1.738000326240753566e+04 2.928384105061482123e-20 1.788938825771546829e-20
1.738630349954993653e+04 1.882656231715794430e-20 1.759620169767396600e-20
1.739260368239133822e+04 3.044965652623694949e-20 1.709392425996595379e-20
1.739890381089397852e+04 5.794795135810849754e-20 1.742127707664225587e-20
1.740520388503823415e+04 5.002095879753423600e-20 1.834284457675226599e-20
1.741150390478625559e+04 1.221302853548741279e-20 1.948580459210009843e-20
1.741780387010944105e+04 4.381254852787312475e-20 1.960380192418084958e-20
1.742410378098351794e+04 6.328758782135628415e-20 1.830612635631435287e-20
1.743040363737504595e+04 7.956824240454073160e-20 1.840321603448596012e-20
1.743670343924788176e+04 -1.040521298632378651e-20 1.980698746825993621e-20
1.744300318657450043e+04 2.749779106629844591e-20 1.738669345884399337e-20
1.744930287933066211e+04 1.920375543410863201e-20 1.765156252495611966e-20
1.745560251747559232e+04 2.313792457367818809e-20 1.782707288613472779e-20
1.746190210099216711e+04 5.694931496111093171e-20 1.896954775422642288e-20
1.746820162983973569e+04 4.610267073692643522e-20 1.675679059947664214e-20
1.747450110398908873e+04 5.338067545373215566e-20 1.815896512546242305e-20
1.748080052339086978e+04 3.378321943144203401e-20 1.639094576781934426e-20
1.748697048874064785e+04 6.880878515568366760e-20 1.701779415469535251e-20
1.749326978723768843e+04 3.382407694955899354e-20 1.677965219361522750e-20
1.749956903091503773e+04 2.155189736113940458e-20 1.688951445484811055e-20
1.750586821974506529e+04 5.403456106230261524e-20 1.853120829564848916e-20
1.751216735369106027e+04 5.113610838630398305e-20 1.866863579352996958e-20
1.751846643272412621e+04 4.422653070303134418e-20 1.668465241557806604e-20
1.752476545681643620e+04 5.828044896449649522e-20 1.765761952092990199e-20
1.753106442593615066e+04 6.253148803587278831e-20 1.611127488776773514e-20
1.753736334004934542e+04 4.800895698167562565e-20 1.667430779237629218e-20
1.754366219913466557e+04 6.151406859853959000e-20 1.699440375173205914e-20
1.754996100315228978e+04 5.313200299021508909e-20 1.687497827473669308e-20
1.755625975207117881e+04 6.839224919351364551e-20 1.811142815486246553e-20
1.756255844587023239e+04 3.254600893180528671e-20 1.764683520388487074e-20
1.756885708450923630e+04 5.654182574543254898e-20 1.749733062172977440e-20
1.757515566795742780e+04 5.698776415997839058e-20 1.739023589756847982e-20
1.758145419619037057e+04 1.170470562621625101e-19 1.958539489684566918e-20
1.758775266917228873e+04 8.176897503618636138e-20 1.827423395839829848e-20
1.759405108687266329e+04 5.488785635991750107e-20 1.621995325135365151e-20
1.760034944926824755e+04 4.596036470212644613e-20 1.847362211192850838e-20
1.760664775631572047e+04 5.179318790562038434e-20 1.779875999334215254e-20
1.761294600799369073e+04 7.053335661364787372e-20 1.890958034739961540e-20
1.761924420426628785e+04 6.428064222516246327e-20 1.904578629064958569e-20
1.762554234510592505e+04 5.098456089762408057e-20 1.747791651800734899e-20
1.763184043047693558e+04 2.147920571986002032e-20 1.608322959250004496e-20
1.763813846035286042e+04 3.446606551709994499e-21 1.741538344680550089e-20
1.764443643470448660e+04 3.995129992793470058e-20 1.812174400780691915e-20
1.765073435349123247e+04 4.818567752443316909e-20 1.848499083314534109e-20
1.765703221669308186e+04 6.263319009023167536e-20 1.718219701373575181e-20
1.766333002427434258e+04 4.040666486324443639e-20 1.741878580411226934e-20
1.766962777619904227e+04 3.170232997520105495e-20 1.776418820547266213e-20
1.767592547244257730e+04 4.635171754320157330e-20 1.908880797640288612e-20
1.768222311297517081e+04 4.199663091989866327e-20 1.694019508932249955e-20
1.768852069775796190e+04 9.445687016131594438e-20 1.921603426122255700e-20
1.769481822676925367e+04 4.768249250679243388e-20 1.925872683939677603e-20
1.770111569997285915e+04 6.930822476422962959e-20 1.825969096235271416e-20
1.770741311733788825e+04 1.077709173357036137e-20 1.716767168548138951e-20
1.771371047882830680e+04 4.377753870770689794e-20 1.777737854711783241e-20
1.772000778441592411e+04 7.776842789422622004e-20 1.809574666976437643e-20
1.772630503407742435e+04 3.269947747189493485e-20 1.751332377553196973e-20
1.773260222777348099e+04 3.191730434139268426e-20 1.685389035691612404e-20
1.773889936546984973e+04 5.977658525612346993e-20 1.786508400694139156e-20
1.774519644714961032e+04 1.998467064795634160e-20 1.646017321126848880e-20
1.775149348868867310e+04 1.350638307456647386e-20 1.729883682133421844e-20
1.775779064965546422e+04 4.617572227137587382e-20 1.734935873285985445e-20
1.776408775449807581e+04 3.932406053351527907e-20 1.824870491684234942e-20
1.777038480318044822e+04 2.329187844377744309e-20 1.976704017553257777e-20
1.777668179567281913e+04 5.888681827735340891e-20 2.046520046427058536e-20
1.778297873194343629e+04 4.836929232125281464e-20 1.930979347169821879e-20
1.778927561196887837e+04 6.392231501367339191e-20 1.766521124928289469e-20
1.779557243570976425e+04 2.378139843984120639e-20 1.796470894169865780e-20
1.780186920313128576e+04 2.754941265070498964e-20 1.838143397170055895e-20
1.780816591420837358e+04 3.402075386633622194e-20 1.973168178947035927e-20
1.781446256891081430e+04 9.054149353473686399e-20 1.931828526485037750e-20
1.782075916720239184e+04 4.018170527307576736e-20 1.865926461911581017e-20
1.782705570905161221e+04 7.002539648743165298e-20 1.873302416270772569e-20
1.783335219442965536e+04 7.076825745912031850e-20 1.714891157194375454e-20
1.783964862330358665e+04 3.627397715039952312e-20 1.867990805413799283e-20
1.784594499564006037e+04 1.683016213255540905e-20 1.785387057060138851e-20
1.785211121742653268e+04 4.828120875544162827e-20 1.861397848396419971e-20
1.785840746340857368e+04 7.430250245235929629e-20 1.904210097844721115e-20
1.786470365446627329e+04 2.562341630012969884e-20 1.822741591947232493e-20
1.787099978887942416e+04 3.128880625762760235e-20 1.868892690038692168e-20
1.787729586659519919e+04 1.245199442376774944e-20 1.796999271180378614e-20
1.788359188758459641e+04 4.398874065563121790e-21 1.686011807835753693e-20
1.788988785180975901e+04 7.095845983526579167e-20 1.775511837937389346e-20
1.789618375924506108e+04 3.854462690573412918e-20 1.663542480443823561e-20
1.790247960986150429e+04 4.709315339611126712e-20 1.645169828240901959e-20
1.790877540361816864e+04 4.143131705847800896e-20 1.749088590296864010e-20
1.791507114048915537e+04 2.530860916410888182e-20 1.693083575087736418e-20
1.792136682043941983e+04 -3.344370132823035824e-20 1.778314651224472144e-20
1.792766244344022198e+04 5.879530471178245691e-20 1.806840859570462424e-20
1.793395800945943120e+04 3.268987272152895036e-20 1.803189125355531376e-20
1.794025351845890327e+04 2.421064402610495516e-20 1.681379626066170870e-20
1.794654897041441654e+04 2.765183810390572959e-22 1.680228087166650973e-20
1.795284436529224331e+04 4.385553774792071567e-20 1.720857869387543665e-20
1.795913970305729163e+04 3.737818924216173311e-20 1.660555730213783715e-20
1.796543498367752181e+04 7.666481820310283135e-20 1.771361159814444405e-20
1.797173020712528159e+04 7.898773630575605204e-20 1.740932748721561083e-20
1.797802537336394744e+04 6.475571861920619314e-20 1.747608828359482521e-20
1.798432048235979528e+04 6.963871083984970576e-20 1.689842518859181103e-20
1.799061553408667532e+04 7.373924381217642431e-20 1.944263491620398745e-20
1.799691052850800043e+04 3.281586116608639565e-20 1.668127810420291670e-20
1.800320546557641865e+04 7.474557178394539477e-20 1.892463620714905019e-20
1.800950034356960896e+04 8.094140251462639439e-20 1.658092057970027952e-20
1.801566477347608452e+04 7.871233071868889297e-20 1.736154164292071684e-20
1.802195952686077726e+04 3.917846902370770320e-20 1.673519588853601832e-20
1.802825422278013866e+04 6.873259475293352920e-21 1.828629320769024144e-20
1.803454886119885123e+04 6.308945708134241615e-20 1.771547546911579914e-20
1.804084344208916809e+04 6.457005210441744058e-20 1.662891488546251447e-20
1.804713796541235934e+04 1.218309899572041154e-20 1.712659903991698622e-20
1.805343243113935023e+04 3.230782637150563043e-20 1.822317061057247755e-20
1.805972683924068406e+04 1.407918172314643643e-20 1.750684998931189947e-20
1.806602118967767092e+04 2.367333207735015383e-20 1.710037714781484612e-20
1.807231548242112331e+04 2.671930034886248167e-20 1.884656772929503779e-20
1.807860971744147173e+04 5.038217459973046644e-20 1.759739802799482490e-20
1.808490389470006266e+04 2.484257494411224209e-20 1.787709641420338823e-20
1.809119801416914925e+04 5.975086880147092498e-20 1.864880629828485965e-20
1.809749207581273731e+04 6.260150260160329451e-20 1.717998788576537828e-20
1.810378607960012232e+04 7.177270305880587335e-20 1.661770700926353420e-20
1.811008002549862431e+04 5.292655031727533135e-20 1.852242210631363424e-20
1.811637391347548692e+04 1.977535117477519044e-20 1.624592785937051330e-20
1.812266774349828484e+04 -1.830403049405647819e-20 1.971828244708004297e-20
1.812896151553421805e+04 1.313545232493513573e-20 1.656050083932208788e-20
1.813525522955376073e+04 5.988522547199100781e-20 1.715571146201560535e-20
1.814154888551798285e+04 4.984356187875448193e-20 1.814606132614935215e-20
1.814784248339716214e+04 5.364905586027013860e-20 1.789631045472954687e-20
1.815413602315859680e+04 1.734980078813430421e-21 1.641311147413517143e-20
1.816042950476965052e+04 2.272474051286100882e-20 1.760635480031139177e-20
1.816672292819729773e+04 4.530555949051211130e-20 1.747784568022005397e-20
1.817301629340886575e+04 9.162896523617084575e-20 1.926305341120876981e-20
1.817930960037157274e+04 6.543667230263615779e-20 1.623378144884862078e-20
1.818560284905231310e+04 1.687721464848725093e-20 1.768897166502436278e-20
1.819189603941520181e+04 6.652479023868375282e-21 1.663487102976983093e-20
1.819818917143378349e+04 5.072693668488975077e-20 1.719954579781193030e-20
1.820448224507164559e+04 3.744908293650992235e-20 1.651732221071576785e-20
1.821077526029448927e+04 1.643634207386809229e-20 1.690810088181683778e-20
1.821706821707255949e+04 5.477617623324619628e-20 1.731186909842252243e-20
1.822336111537097895e+04 -1.962630961196878347e-20 1.724036359262624841e-20
1.822965395515701675e+04 2.974995778455594288e-20 1.757837963005809760e-20
1.823594673639435496e+04 7.486017011950554369e-21 1.980113896797959309e-20
1.824223945905618166e+04 2.226315274746834536e-20 1.720981344178943226e-20
1.824853212310642630e+04 6.064956154283786843e-21 1.794541651739363925e-20
1.825482472850868362e+04 9.893953130174173876e-20 1.864896710339267396e-20
1.826111727523611989e+04 3.849966155526294083e-20 1.726182500415984359e-20
1.826740976325257725e+04 2.897142686992800749e-20 1.807725307027280382e-20
1.827370219252157767e+04 3.378063718614698126e-20 1.748462880509906302e-20
1.827999456301463579e+04 4.970849654178641945e-20 1.802959072727572824e-20
1.828628687469874785e+04 5.106936154555621702e-20 1.888289052693432288e-20
1.829257912753245910e+04 4.209005308074870726e-20 1.805475309069465522e-20
1.829887132149538957e+04 -3.907063954648376545e-21 1.781118093985797626e-20
1.830516345654632096e+04 2.103106931277513146e-20 1.818826926891270805e-20
1.831145553265183844e+04 6.033710793710756766e-20 1.769318963723624450e-20
1.831774754978342389e+04 2.625210981420165944e-20 1.867441662957250458e-20
1.832403950789978626e+04 2.386818177428444040e-20 1.652317763254017502e-20
1.833033140697712588e+04 4.972562122024202674e-20 1.761657346840349376e-20
1.833662324697392614e+04 6.494951539841556709e-20 1.992907931979434522e-20
1.834291502786015917e+04 3.511760979928463111e-20 1.782275527690083633e-20
1.834920674959965982e+04 4.818695232902167115e-20 1.767303120813733485e-20
1.835536736463870693e+04 7.092806835429866892e-20 1.971903847533565504e-20
1.836165895639705923e+04 8.395094568288407602e-20 1.939218512118562330e-20
1.836795048893153944e+04 7.397090544163053245e-20 1.876259928219042513e-20
1.837424196218487486e+04 3.372454114847371413e-20 1.924188409223793978e-20
1.838053337612361793e+04 -2.451761675831673816e-20 1.707150921914456477e-20
1.838682473071733693e+04 4.823057867138213956e-20 1.853551676588671207e-20
1.839311602593233329e+04 4.773712974312494911e-20 1.825282993897170820e-20
1.839940726173035728e+04 6.638452974452404073e-20 1.951910746775419722e-20
1.840569843808245787e+04 6.068073362668187935e-20 1.875756552575311136e-20
1.841198955495335031e+04 7.553682210759356550e-20 1.820691582315151192e-20
1.841828061231095853e+04 3.405067059503435163e-20 1.712978386047342672e-20
1.842457161011684730e+04 4.934344039108111052e-21 1.612807382973609343e-20
1.843086254834191641e+04 6.017874400608467821e-20 1.985171320587957313e-20
1.843715342695091385e+04 2.675919588865546456e-20 1.787337273121854016e-20
1.844344424590850394e+04 6.918305595055324218e-20 2.089151374733120276e-20
1.844973500518549190e+04 -7.081866611462687774e-21 1.734589748289422819e-20
1.845602570474022286e+04 1.825545846582320054e-20 1.644260223039317534e-20
1.846231634454522282e+04 5.829328207837981144e-20 1.734809929346674759e-20
1.846860692456811739e+04 6.632615962838814008e-20 1.785580578614504325e-20
1.847489744477024942e+04 -2.089488267705687535e-20 1.631902883990100377e-20
1.848118790511301268e+04 1.782171162718500498e-20 1.705061123083567962e-20
1.848747830557505222e+04 3.965311154254456350e-20 1.943948674416536818e-20
1.849376864611615383e+04 6.965146101083499274e-20 1.840601140182363184e-20
1.850005892668058368e+04 2.135526732737292349e-20 1.901198262092498064e-20
1.850634914556162767e+04 2.584564736848480620e-20 1.968796443734721688e-20
1.851250797054485884e+04 5.728935978704412418e-20 1.860449623188461028e-20
1.851879805945112093e+04 3.738666019325969506e-20 1.713178641790358990e-20
1.852508808826326640e+04 5.412100292667861073e-20 1.751784943959260948e-20
1.853137805695025236e+04 4.805107056192333055e-20 1.842768664966731178e-20
1.853766796547492049e+04 4.093696543965266548e-20 1.861429859079221212e-20
1.854395781380310291e+04 5.244556653418046192e-20 1.906842413774665890e-20
1.855024760190858433e+04 6.049474380771686603e-20 1.880875149793833856e-20
1.855653732974428203e+04 4.939503295654072542e-20 1.712490758505966632e-20
1.856282699728748412e+04 6.718975519381941896e-20 1.772316268320182971e-20
1.856911660449715055e+04 2.693386316610474284e-20 1.895577726793671205e-20
1.857540615134250766e+04 4.571301849396732137e-20 2.019866611526697973e-20
1.858169563778269730e+04 3.132627896721519953e-20 1.839096694792604795e-20
1.858798506378816819e+04 2.432794033014621354e-20 1.894587751282867919e-20
1.859427442932964186e+04 2.791816171640550478e-20 1.754685741740724404e-20
1.860056373435966452e+04 5.891906587978741598e-20 1.746092253829891443e-20
1.860685297886347689e+04 3.646773186840692323e-20 1.740404014966811516e-20
1.861314216278526510e+04 4.326216142981528071e-20 1.699203770107794028e-20
1.861943128610723215e+04 2.837680531668887329e-20 1.898404737677841632e-20
1.862572034878328122e+04 3.146300345130623071e-20 1.763611347854518712e-20
1.863200935078875773e+04 3.797605476254067597e-20 1.855042791465971395e-20
1.863829829207779767e+04 3.078146631061948744e-22 1.748123702684128886e-20
1.864458717262903519e+04 6.280546314694327144e-20 1.886150770114249905e-20
1.865087599239287738e+04 3.368780985033692382e-20 1.931084073722798066e-20
1.865716475134986467e+04 2.874180562932880792e-20 1.787333850196647484e-20
1.866345344945549732e+04 4.934676669074266040e-20 1.844079842886830006e-20
1.866974208668318897e+04 8.792653318783081186e-20 1.967241710851690537e-20
1.867603066298859267e+04 6.381750283260466919e-20 1.899087743511117283e-20
1.868231917833871921e+04 2.378461724941162136e-20 1.909475234985544958e-20
1.868860763270867028e+04 3.330064278766992182e-20 1.945103677159439942e-20
1.869489602605055916e+04 5.589415245424427021e-20 1.709165682948494570e-20
1.870118435834467891e+04 1.863665152662805932e-20 1.996608354899373911e-20
1.870747262954122925e+04 2.036898486306068544e-20 1.958226656061306334e-20
1.871376083961537370e+04 -4.571719185600985664e-21 1.843017667938921026e-20
1.872004898853077975e+04 2.272349651025894237e-20 1.872774637297063745e-20
1.872633707624430826e+04 -3.112925294342837720e-21 1.901654528601411209e-20
1.873262510273421867e+04 1.512167804946397542e-20 1.737756898686208175e-20
1.873891306795255878e+04 2.566656174728326594e-20 1.647455395971017681e-20
1.874520097187442661e+04 4.937280731507731136e-20 1.815439678965132975e-20
1.875148881446469022e+04 4.102408257766428581e-20 1.752029949452037446e-20
1.875777659568193121e+04 7.568075561444357154e-20 1.898860203485074271e-20
1.876406431549623449e+04 5.447426067164664564e-20 1.782085559891779406e-20
1.877035197386747677e+04 4.242491566286390341e-20 1.875324696468607764e-20
1.877663957076231964e+04 1.182117423817498420e-20 1.780994587709646815e-20
1.878292710615088799e+04 2.280143852523244891e-20 1.879051557130468206e-20
1.878921457999471022e+04 3.748726893305016163e-20 2.114383859187428074e-20
1.879550199226025870e+04 2.658517760336660989e-20 1.982795753433258183e-20
1.880178934290426332e+04 5.452713398570899271e-20 3.133130602577966964e-20
