1.699424006733575152e+04 1.749932207444096537e-19 9.582527369196498277e-21
1.700491757119606700e+04 1.804144781096158876e-19 8.328203262499828005e-21
1.701559509677668757e+04 1.568226649539584946e-19 8.372367126041559295e-21
1.702627264401517095e+04 1.715067923895178903e-19 8.941758823673667487e-21
1.703695021283601818e+04 1.560733824477363921e-19 9.143020218958543906e-21
1.704762780318834484e+04 1.409308153299587270e-19 8.537391429926302412e-21
1.705854401074590351e+04 1.512709670168638127e-19 8.629425409060531427e-21
1.706922166672544699e+04 1.460434869878686033e-19 8.904850879382433710e-21
1.707989934388867550e+04 1.583886264439097651e-19 8.747268787498489215e-21
1.709057704230951276e+04 1.473849893299841661e-19 8.739886565142154042e-21
1.710125476192315182e+04 1.491478911602467813e-19 9.186331687576380337e-21
1.711193250266120594e+04 1.594440861577642577e-19 9.416295605755307700e-21
1.712261026446238611e+04 1.731739748281924550e-19 8.785433993905687645e-21
1.713328804726205271e+04 1.540352008926645318e-19 8.702057666865587502e-21
1.714396585099389995e+04 1.766369756793421027e-19 8.685294440160905980e-21
1.715464367558971935e+04 1.761647255494990012e-19 8.916995659134475699e-21
1.716532152098749066e+04 1.723089617752505979e-19 9.108591289351401388e-21
1.717599938712168660e+04 1.677090530239839120e-19 8.798846670658288073e-21
1.718667727393506357e+04 1.462450873469987589e-19 8.147432308293533238e-21
1.719735518134832091e+04 1.171745107460263705e-19 8.458221441684548431e-21
1.720803310945493286e+04 1.377913947489752434e-19 8.115215629571783462e-21
1.721871107067357298e+04 1.153855369099929652e-19 8.211026857785033851e-21
1.722962798415799625e+04 1.312452198068840280e-19 8.404246420673673507e-21
1.724030599591463761e+04 1.662817792174009276e-19 8.292617291471802819e-21
1.725098402795337825e+04 1.523717915901988584e-19 9.352245493989327290e-21
1.726166208020728664e+04 1.506528912198761164e-19 9.275057063018378942e-21
1.727234015260985689e+04 1.918062608306641069e-19 9.468624657845523492e-21
1.728301824509597645e+04 1.406904425117664352e-19 8.704141288054655622e-21
1.729369635760546225e+04 1.609271966990969980e-19 8.459335746789161703e-21
1.730437449007261603e+04 1.665951293149060396e-19 8.997698505490034931e-21
1.731505264243113197e+04 1.284828938662699962e-19 8.483920977927096517e-21
1.732573081461796028e+04 1.573949548109382105e-19 8.624133555823133775e-21
1.733640900656816666e+04 1.505623395767214531e-19 8.339501557275024783e-21
1.734708721821675863e+04 1.659387583541110136e-19 8.605808058071219495e-21
1.735776544950019161e+04 1.453328296637566283e-19 8.814931357722152443e-21
1.736844370035917018e+04 1.674473195479553506e-19 8.936471808306154002e-21
1.737912197072048002e+04 1.563856197486085453e-19 7.991675690819434554e-21
1.738980026052792891e+04 1.621051177567631774e-19 8.151441742205253501e-21
1.740047856971555302e+04 1.454469547006710889e-19 7.660040739488936536e-21
1.741115689821695196e+04 1.464843315707636650e-19 8.480680326974456627e-21
1.742183524596999996e+04 1.561083748501339642e-19 8.349586272495826574e-21
1.743251361291070862e+04 1.545135646403218663e-19 8.218021395091586649e-21
1.744319199897351791e+04 1.518856235037149329e-19 7.862392346787661095e-21
1.745387040409743713e+04 1.703989859962224909e-19 8.184863603884294236e-21
1.746454882821805586e+04 1.663792463169908008e-19 8.630130074044472649e-21
1.747522727127060716e+04 1.424837933011591266e-19 7.695857926762537797e-21
1.748590573319073519e+04 1.480174908036294391e-19 7.910502657441310436e-21
1.749658421391790398e+04 1.440230985330048935e-19 8.577308850894836996e-21
1.750726271338399602e+04 1.429959883975545211e-19 8.088721035843895590e-21
1.751794123153034161e+04 1.514831676737057176e-19 8.297460021027831215e-21
1.752861976829189734e+04 1.565459007281910984e-19 8.032972644109989773e-21
1.753929832360342334e+04 1.403806582276280158e-19 7.645173865433694602e-21
1.754997689740364876e+04 1.418484040281944680e-19 7.913169137457379491e-21
1.756065548962758112e+04 1.544732806681144254e-19 7.693078866302290215e-21
1.757133410021402960e+04 1.774541212206057544e-19 8.048020064908737726e-21
1.758201272909581894e+04 1.620680744325386646e-19 7.930718108522527374e-21
1.759269137621693881e+04 1.678998892814777407e-19 8.076833572415547211e-21
1.760337004150453140e+04 1.730018739814898490e-19 7.980105238556905906e-21
1.761404872490564594e+04 1.654861786886204782e-19 8.104089653153556547e-21
1.762472742634767928e+04 1.625181991561661307e-19 7.993431211932039517e-21
1.763540614577382439e+04 1.679197934431815580e-19 8.076051241029970325e-21
1.764608488311982728e+04 1.714256154623391613e-19 7.836467701433927528e-21
1.765676363832208881e+04 1.841176764438389377e-19 8.168209747845767058e-21
1.766744241131634408e+04 1.760493749785987401e-19 7.946952164233285731e-21
1.767812120203970699e+04 1.798904438957546927e-19 7.719381477511327129e-21
1.768880001043604716e+04 1.691161892067441889e-19 7.425151152018721214e-21
1.769947883643474051e+04 1.768429028548240519e-19 7.341646388660393220e-21
1.771015767997652802e+04 1.540874268679557722e-19 7.263647955011610649e-21
1.772083654099545311e+04 1.734140362611133197e-19 7.638040892517540202e-21
1.773151541943386837e+04 1.644206488478519826e-19 7.508710489207428972e-21
1.774219431522550076e+04 1.564198308001175013e-19 7.605752082398182161e-21
1.775287322830175253e+04 1.764004348093295061e-19 7.754358557988221489e-21
1.776355211649498960e+04 1.801646925129069864e-19 7.744746200206044995e-21
1.777423100320255980e+04 1.752087138273483109e-19 7.760829572459738693e-21
1.778490990701057672e+04 1.774635156139774845e-19 7.776834457544005604e-21
1.779558882786140020e+04 1.854976486332162265e-19 7.774580738923865482e-21
1.780626776569286812e+04 1.894488110352433054e-19 8.030095357085786245e-21
1.781694672043871469e+04 1.842529752954777115e-19 8.271643329228930253e-21
1.782762569204139072e+04 1.852822356645472429e-19 8.034018501064186024e-21
1.783830468043593646e+04 1.743234645054389136e-19 8.019972723355407594e-21
1.784898368556462083e+04 1.843026107501271303e-19 8.095524335271786425e-21
1.785990294463084501e+04 1.813856757584399326e-19 7.424846931116266318e-21
1.787058200543765270e+04 1.819079876492296817e-19 7.883820685287987788e-21
1.788126108264493450e+04 1.710596362983950908e-19 7.850121949346792593e-21
1.789194017633228214e+04 1.888273318139605734e-19 7.970451180706721689e-21
1.790261928643263673e+04 1.803213872539866759e-19 7.805461363254806773e-21
1.791329841288386160e+04 1.788453579127726149e-19 7.480878792846426239e-21
1.792397755563316969e+04 1.847549443309345885e-19 7.461940993340162138e-21
1.793465671460710291e+04 1.855377118670525330e-19 7.251990747529089885e-21
1.794533588975107705e+04 1.715967966846214058e-19 7.219935068696856902e-21
1.795601508099907369e+04 1.817031747675736170e-19 7.800342529581078628e-21
1.796669428829315802e+04 1.638961377684250834e-19 7.490817019060969161e-21
1.797737351156929799e+04 1.827141095842075303e-19 7.717461857381482316e-21
1.798805275076539692e+04 1.740333392321516051e-19 7.551821483134528361e-21
1.799873200582454592e+04 1.624727713047591169e-19 7.526798147398548179e-21
1.800941127667635010e+04 1.673069848870198885e-19 7.517647533278909856e-21
1.802009056341251926e+04 1.449071340092211001e-19 7.177746495797764810e-21
1.803076987815378379e+04 1.354460309811450250e-19 7.231121246882872155e-21
1.804168979881576888e+04 1.564280842067289335e-19 7.286348301467240436e-21
1.805236915443780890e+04 1.394059767363524330e-19 6.981620321860012729e-21
1.806304852554493846e+04 1.308095722337513260e-19 6.689482464848260311e-21
1.807372791208103808e+04 1.371334334059961169e-19 6.941721986386874306e-21
1.808440731397673153e+04 1.513234406745060267e-19 7.493160822508478037e-21
1.809508673117477520e+04 1.662734007309374194e-19 7.020615730438564285e-21
1.810576616361433844e+04 1.560362334453515054e-19 7.056915214885897159e-21
1.811644561123752646e+04 1.866531575063409268e-19 7.401838703881310680e-21
1.812712507397780064e+04 1.773485045036377223e-19 7.275073511268795783e-21
1.813780455177177646e+04 1.689147651857318636e-19 7.380961790516038547e-21
1.814848404456716162e+04 1.762134955917346221e-19 7.410886725300128348e-21
1.815916355229755573e+04 1.818806425108345485e-19 7.450657459526916371e-21
1.816984307490338324e+04 1.700574341918672008e-19 7.507923577399878349e-21
1.818052261232244200e+04 1.704763550269729754e-19 7.622471336753924790e-21
1.819120216449745203e+04 1.678839006283897456e-19 7.132282452024814820e-21
1.820188173136538535e+04 1.377545021957802150e-19 6.950713006977341786e-21
1.821256131285983065e+04 1.397302968401453447e-19 6.780234936147218278e-21
1.822324090893053653e+04 1.642715410244896655e-19 7.116844535917013814e-21
1.823392051950855603e+04 1.650758069529872058e-19 7.358995757925772110e-21
1.824460014453917756e+04 1.577114295540020518e-19 7.068644571838984384e-21
1.825527978395786704e+04 1.730924786293407716e-19 7.026472402400029410e-21
1.826595943770568920e+04 1.772109810080206505e-19 7.243026733653279210e-21
1.827663910572110763e+04 1.628123813330846328e-19 7.012154059157171886e-21
1.828731878794557269e+04 1.871238385418462097e-19 6.712799079655566877e-21
1.829799848431612918e+04 1.722131426723096806e-19 6.992660121321754194e-21
1.830867819477488592e+04 1.639716900372677103e-19 7.203791933228756115e-21
1.831935791925970989e+04 1.931944109343856667e-19 7.458570394055641078e-21
1.833003765770968675e+04 2.013555492681641883e-19 7.438545499370175066e-21
1.834071741006880984e+04 1.780389441455446977e-19 7.212992035553014410e-21
1.835139717627309074e+04 1.690274168173379057e-19 7.719984183898070756e-21
1.836207695626029454e+04 1.414793091567238174e-19 7.161659878275873572e-21
1.837275674997795795e+04 1.763950503428323153e-19 7.009232837999643461e-21
1.838343655735688299e+04 1.442519255034494139e-19 6.853234205519569795e-21
1.839411637834437715e+04 1.543703643593857551e-19 6.514744395536697010e-21
1.840479621287570990e+04 1.451158640525739084e-19 6.676934561927371293e-21
1.841547606089392139e+04 1.631585221027969804e-19 6.895134548122453174e-21
1.842615592233675125e+04 1.752661096230292506e-19 6.764913567889213740e-21
1.843683579714709776e+04 1.788913608569439642e-19 6.886950200487460747e-21
1.844751568526202755e+04 1.531966407071375028e-19 6.269767527753680773e-21
1.845819558662231066e+04 1.696128225558132902e-19 6.696220137470263351e-21
1.846887550117375940e+04 1.578047159550589496e-19 6.413225666280924499e-21
1.847955542884739043e+04 1.797792985783173299e-19 6.794393490863680389e-21
1.849023536958746990e+04 1.784447489185105194e-19 6.809415487933264375e-21
1.850091532333939540e+04 1.739709140793526878e-19 6.682682828444222749e-21
1.851159529003475109e+04 1.827024644737288727e-19 6.592461586316296520e-21
1.852227526962118282e+04 1.895312250287013712e-19 6.787670795300060960e-21
1.853295526203497502e+04 1.858877412765051983e-19 7.261652375985663608e-21
1.854363526722007009e+04 1.856124977302324695e-19 6.961978635457885058e-21
1.855431528511415672e+04 1.791726169523858403e-19 6.978222121343935953e-21
1.856499531565784855e+04 1.936601725330371248e-19 6.980881710745098427e-21
1.857567535879319985e+04 1.699470565992342177e-19 6.479406565347320976e-21
1.858635541446362549e+04 1.635833689941645272e-19 6.357589808236534957e-21
1.859703548260232856e+04 1.798884081506335090e-19 6.863099411308850996e-21
1.860771556315519047e+04 1.956422459516524280e-19 7.109988266888830726e-21
1.861839565606457472e+04 1.682148853386993993e-19 6.797982943198439997e-21
1.862907576126776257e+04 1.868039498491423622e-19 6.599087945937066368e-21
1.863975587870794698e+04 1.901061913351396552e-19 6.863491310985467716e-21
1.865043600832329685e+04 1.922361792064525782e-19 6.972694949223347540e-21
1.866111615005834392e+04 1.997485569640315340e-19 6.885735877287604534e-21
1.867179630385363635e+04 1.938523043199919795e-19 7.102096783796436294e-21
1.868247646964679734e+04 1.813479225481685654e-19 6.763388094262351381e-21
1.869315664738151099e+04 1.912782176848799839e-19 6.679319562231665197e-21
1.870383683699930771e+04 1.750710983222962740e-19 7.006890585048636716e-21
1.871475900034073129e+04 1.737481070771462836e-19 6.726814432548720566e-21
1.872543923557116796e+04 1.974805176002025861e-19 6.826128538755106011e-21
1.873611948236939861e+04 2.010643233196249957e-19 6.916521347575843532e-21
1.874679974081264663e+04 1.893854760830297783e-19 7.098050336705130578e-21
1.875748001083963391e+04 1.914062339999477131e-19 6.749429439712991224e-21
1.876816029239182171e+04 2.058041324381465361e-19 6.975779603317021519e-21
1.877884058541054401e+04 2.065200690255214913e-19 6.895480268864161325e-21
1.878952088983700014e+04 1.920098208579017687e-19 7.263996044950740150e-21
1.880020120561531439e+04 1.999290189363259653e-19 7.042384528448948745e-21
1.881088153268424867e+04 2.105883207222387973e-19 7.282231321737474424e-21
1.882156187098585360e+04 1.884450851518798094e-19 7.256605024042650812e-21
1.883224222046429350e+04 1.931566241022808399e-19 7.174755551766330714e-21
1.884292258105737346e+04 2.073349069966603619e-19 7.088351688990769598e-21
1.885360295270983625e+04 1.837434040464291528e-19 7.368600890143727525e-21
1.886428333536173886e+04 2.105646492231336916e-19 7.397377418415385576e-21
1.887496372909545971e+04 2.128673000076694453e-19 6.904714857241963002e-21
1.888564414573173781e+04 2.223780351216551788e-19 6.353213237415469937e-21
1.889656688234218382e+04 2.139936330111722818e-19 5.814229254734192661e-21
1.890724733022894361e+04 1.969209790726312696e-19 5.832546039562084332e-21
1.891792778881866980e+04 2.159734680583077704e-19 6.924883260724301259e-21
1.892860825805472632e+04 2.081498455648583675e-19 7.087574368063694279e-21
1.893928873788351848e+04 2.055818858813970094e-19 6.949270308793903659e-21
1.894996922824082867e+04 2.001618840857147731e-19 6.638434459723302338e-21
1.896064972907113406e+04 2.049624739917882852e-19 6.805166002758263594e-21
1.897133024031677269e+04 2.159726094328156057e-19 6.834351672190318931e-21
1.898201076192019900e+04 1.975836222420002512e-19 6.726864975706254897e-21
1.899269129382483516e+04 1.866163807327583712e-19 6.558492575477408656e-21
1.900337183597028707e+04 1.784998210447969997e-19 6.492051993444037674e-21
1.901405238829961672e+04 1.820103181484548467e-19 6.316814353622255863e-21
1.902473295075499846e+04 1.907654066967335971e-19 6.571437647949012150e-21
1.903541352328204812e+04 2.012943429070236481e-19 6.573775284334036641e-21
1.904609410582062628e+04 2.035114376936829428e-19 6.662477477918726557e-21
1.905677469831135022e+04 1.983936681302507030e-19 6.747201172545693113e-21
1.906745530069903180e+04 2.017807871904022856e-19 6.623460173177001118e-21
1.907813591292664933e+04 1.950848553979921980e-19 6.558433239547194948e-21
1.908881653493664271e+04 1.940205195851301691e-19 6.651031064844079774e-21
1.909949716667013490e+04 1.816456276998301827e-19 6.683378622651199153e-21
1.911017780807223608e+04 2.062638653552500977e-19 6.767807867848044518e-21
1.912085845908251940e+04 2.149559659323627188e-19 6.672231090750947439e-21
1.913153911964614963e+04 2.087438915951620219e-19 6.606479595994542156e-21
1.914221978970587588e+04 2.275817539408038099e-19 6.805003026127597553e-21
1.915290046920270834e+04 2.213474973124619723e-19 6.685561086714074950e-21
1.916358115808128423e+04 2.104434409007251302e-19 6.436650810830025898e-21
1.917426185628335588e+04 2.181336898783032420e-19 6.693016824444924407e-21
1.918494256375408077e+04 2.194136820326842531e-19 6.801565392310217904e-21
1.919562328043474918e+04 2.063184883916961556e-19 6.435477881402391966e-21
1.920630400626710616e+04 1.977984440359458888e-19 6.722190840880811202e-21
1.921698474119635284e+04 2.133430589940850581e-19 6.766563954326929856e-21
1.922766548516428520e+04 2.127876924409074567e-19 6.643476981303189801e-21
1.923834623811604615e+04 2.153345416135916670e-19 6.684640980153871338e-21
1.924902699999151810e+04 2.078218625517495645e-19 6.667728645297706019e-21
1.925970777073757199e+04 2.023150502110281734e-19 6.524394128131883415e-21
1.927038855029550905e+04 2.099485660625725642e-19 6.631534709954137811e-21
1.928106933860832214e+04 2.109220808591778650e-19 6.602167069263363109e-21
1.929175013562015010e+04 2.275389016525741774e-19 6.675184806717422086e-21
1.930243094127568838e+04 2.228030610356907905e-19 6.684968578858274086e-21
1.931311175551530687e+04 2.100644595881718360e-19 6.556108862151321218e-21
1.932379257828481059e+04 2.159578629717068256e-19 6.472879742485316032e-21
1.933447340952754530e+04 2.065527947507343259e-19 6.471475374114050508e-21
1.934515424918550343e+04 2.147306024665515698e-19 6.458594675138085339e-21
1.935583509720281290e+04 2.191317582755685887e-19 6.654270429019412518e-21
1.936651595352500226e+04 2.275182841520475977e-19 6.531156937822426205e-21
1.937719681809494432e+04 2.228652307323084140e-19 6.638908914366091887e-21
1.938787769085440959e+04 2.233513628049222798e-19 6.665967390490846822e-21
1.939855857174839184e+04 2.246752375420996635e-19 6.704436619298071794e-21
1.940923946072133185e+04 2.220500284672334907e-19 6.490563981715432729e-21
1.941992035771590236e+04 2.296781048798915387e-19 6.543314675606362361e-21
1.943060126267711530e+04 2.233408261380246001e-19 6.357986882153400009e-21
1.944128217554904040e+04 2.186061088222819527e-19 6.582998278574363129e-21
1.945196309627382652e+04 2.155042166691326176e-19 6.501179751094870539e-21
1.946264402479709679e+04 2.099519524027190926e-19 6.572769612270860126e-21
1.947332496106173858e+04 2.175028442980082052e-19 6.709580975690388158e-21
1.948400590501295665e+04 2.178959423579813606e-19 6.590904042331309611e-21
1.949468685659405674e+04 2.008856585633841469e-19 6.538787620305120648e-21
1.950536781574836277e+04 2.119905118975956463e-19 6.745117271722164104e-21
1.951604878242441919e+04 2.064689501188482897e-19 6.569516276708815779e-21
1.952672975656069684e+04 2.094268184388458219e-19 6.678513934274281821e-21
1.953741073810448506e+04 2.095145945080401991e-19 6.653836116734764841e-21
1.954809172699919509e+04 1.875474379954929666e-19 6.163952821092676874e-21
1.955877272318850737e+04 1.916073386037690656e-19 6.063176595488936757e-21
1.956945372662087539e+04 1.973157440363467251e-19 6.391354977733004358e-21
1.958013473723524294e+04 2.027992300684326057e-19 6.120220009058093280e-21
1.959081575497904851e+04 2.044839075889040986e-19 6.424033176023260323e-21
1.960149677979570697e+04 2.002446563966461440e-19 6.245066730259413470e-21
1.961242154198083881e+04 2.073065267770396549e-19 6.309341648687331922e-21
1.962310261415679270e+04 2.024936510911053683e-19 6.335761840499654060e-21
1.963378368150515234e+04 2.296662774589547321e-19 6.684801232270786176e-21
1.964446475556203586e+04 2.015862897382243784e-19 6.425521911813562774e-21
1.965514583641182617e+04 2.032637687299769168e-19 6.521362335988085467e-21
1.966582692399701773e+04 2.046030833884383365e-19 6.547787608713847148e-21
1.967650801826544557e+04 2.219147839766904064e-19 6.692980964008141436e-21
1.968718911915895296e+04 2.241827142023391685e-19 6.493203889786419373e-21
1.969787022662421441e+04 2.264591515101138096e-19 7.086416247389570971e-21
1.970855134060405544e+04 2.065278779862460408e-19 6.369565439495800706e-21
1.971923246104669670e+04 2.337001946155535911e-19 6.741906888426375093e-21
1.972991358789446895e+04 2.076503107083934620e-19 6.534183363582273755e-21
1.974059472109280250e+04 2.001340051432781407e-19 6.367504545092280133e-21
1.975127586058759334e+04 2.009500904179188043e-19 6.362471655749287771e-21
1.976195700632273656e+04 1.876545433075252514e-19 6.169800606191619197e-21
1.977263815824517951e+04 1.945767424486796807e-19 6.322604711656389846e-21
1.978331931629711107e+04 2.159620025670469484e-19 6.145444708770021731e-21
1.979400048056225569e+04 2.047029017424117698e-19 6.153382016715721356e-21
1.980492577948380858e+04 2.085769274309799674e-19 6.319261906632601448e-21
1.981560697703355618e+04 2.126945608873158822e-19 6.386750739230383850e-21
1.982628818049329129e+04 2.025431823131707072e-19 6.172962820927137108e-21
1.983696938980415507e+04 2.165265472208043859e-19 6.184694887367484172e-21
1.984765060491325494e+04 2.026518758381525646e-19 6.545790593012497501e-21
1.985833182576645049e+04 2.105166187478084378e-19 6.492869409834387922e-21
1.986901305230947764e+04 2.000198876997456552e-19 6.384421259207482622e-21
1.987969428448872713e+04 2.171103960300119288e-19 6.502326352407350430e-21
1.989037552224648971e+04 2.176330622454187259e-19 6.145605470229529523e-21
1.990105676553154990e+04 2.232623509128351009e-19 5.504782885037957342e-21
1.991173801428855950e+04 2.183035017400987468e-19 6.328863505874493395e-21
1.992241926846290153e+04 2.065034226608857615e-19 6.373425494594987194e-21
1.993310052799926052e+04 2.317628670675865978e-19 6.264765437181771189e-21
1.994378179284449652e+04 2.141383427008431551e-19 6.152565049345432296e-21
1.995446306294425085e+04 2.210855547752772742e-19 6.263304841421655141e-21
1.996514433824545995e+04 2.153394484793897474e-19 6.220069800590804201e-21
1.997582561869197161e+04 2.062450435579993330e-19 5.947243148157898565e-21
1.998650690422970729e+04 1.989257734028516567e-19 5.893512240251350330e-21
1.999718819480580714e+04 2.043664194822870801e-19 6.028483051258419338e-21
2.000786949036615260e+04 2.201408147349109753e-19 6.382893189757863789e-21
2.001855079085635225e+04 2.109292889595100869e-19 6.356749036986643349e-21
2.002923209622132708e+04 2.019973928781939144e-19 5.981249105640295845e-21
2.003991340640868657e+04 2.011826738967283200e-19 5.908286953674203791e-21
2.005059472136499244e+04 2.196363101422878397e-19 6.122804477207193924e-21
2.006127604103537669e+04 2.173907915634260329e-19 5.983124413270276991e-21
2.007195736536476034e+04 2.080633605062844842e-19 6.243655314291605662e-21
2.008263869430220075e+04 2.128354852652970323e-19 6.112988066161759282e-21
2.009332002779076720e+04 2.061443691250205519e-19 5.901145864419083306e-21
2.010400136586141525e+04 2.213116161904586606e-19 6.154389426427606237e-21
2.011468303916531295e+04 2.173769285720127181e-19 6.139237903763207847e-21
2.012536479336333650e+04 2.477440159465815746e-19 6.398475896566641832e-21
2.013604655190202539e+04 2.165791980439181028e-19 6.036450326696790134e-21
2.014672831472558028e+04 2.170239221846389586e-19 6.242506143586763564e-21
2.015741008178105403e+04 2.290485577059941770e-19 6.619029765582169727e-21
2.016809185301253456e+04 2.155755834680298189e-19 6.290718077545539153e-21
2.017877362837022883e+04 2.029966209582487240e-19 6.050597726684529996e-21
2.018945540779886505e+04 2.079793433407595002e-19 6.143998089016434217e-21
2.020013719124521231e+04 2.044766092299734868e-19 6.037165432672357329e-21
2.021081897865581050e+04 2.233687903684434234e-19 6.204817257709618466e-21
2.022150076997696669e+04 2.191518594042735452e-19 6.166990110830245923e-21
2.023218256515674875e+04 2.218929626887649079e-19 6.327663135334933844e-21
2.024286436414108539e+04 2.181225127134026827e-19 6.029007618788442100e-21
2.025354616687653834e+04 2.113498502702900805e-19 6.296504692155356330e-21
2.026422797330953836e+04 2.000100238712606873e-19 6.117758833093546142e-21
2.027490978338907371e+04 2.015725770018896456e-19 6.009147459998147854e-21
2.028559159706024366e+04 2.066347716018065959e-19 5.845303040372565176e-21
2.029627341426964267e+04 1.970612473725894488e-19 6.021538618060419920e-21
2.030695523496514215e+04 2.195805613488859961e-19 5.872339927282524756e-21
2.031763705909411874e+04 1.961905232403189885e-19 5.517968801501834681e-21
2.032831888660360710e+04 1.950863696881386341e-19 5.850753295793770029e-21
2.033900071743845547e+04 1.990942160773033294e-19 5.903534042961180203e-21
2.034968255154980216e+04 1.947309172836634306e-19 5.741761022566889764e-21
2.036036438888073098e+04 1.993374542500532665e-19 5.971482815335698940e-21
2.037104622938112880e+04 2.055352599043061473e-19 5.725908532043095817e-21
2.038172807299686974e+04 1.778706602417781304e-19 5.810168138155341668e-21
2.039240991967649461e+04 1.813649656442859012e-19 5.708376826366756909e-21
2.040309176936612130e+04 1.665296401030719385e-19 5.726348880092981242e-21
2.041377362201426513e+04 1.946586203395624143e-19 5.890304870169821552e-21
2.042445547756679298e+04 1.808609995565256528e-19 5.753943102134564001e-21
2.043513733597274040e+04 1.888668762722279190e-19 5.637331780175819879e-21
2.044581919717810888e+04 1.909638335401971427e-19 5.656892208808752568e-21
2.045650106113147922e+04 1.775045399923637788e-19 5.127909821653455460e-21
2.046718292777977695e+04 2.006801061075195481e-19 5.874272141792433099e-21
2.047786479707101535e+04 1.991538071029010427e-19 5.743300204258436121e-21
2.048854666895256014e+04 1.941015594476986418e-19 5.712409757849370234e-21
2.049922854337294120e+04 1.976893025018342565e-19 5.969644492549041056e-21
2.050991042027746880e+04 1.990913628054287114e-19 5.907721994106677112e-21
2.052059229961653182e+04 2.194698886913667273e-19 5.989544325088356710e-21
2.053127418133644460e+04 2.187941274375022657e-19 6.063744605121159527e-21
2.054195606538545326e+04 2.273206104890826442e-19 6.516562641709983354e-21
2.055263795171082893e+04 2.364945430247601483e-19 6.303716890575554387e-21
2.056331984026138525e+04 2.206761912764920684e-19 6.343579855454935314e-21
2.057400173098424784e+04 2.201349991725131677e-19 6.296489291924468241e-21
2.058468362383172280e+04 2.278555297464313080e-19 6.456095190575219120e-21
2.059561118767925655e+04 2.123414506921636607e-19 6.223866616451314887e-21
2.060629310585500934e+04 2.090909074171172718e-19 6.250592641023089211e-21
2.061697502585764232e+04 2.120534156598725474e-19 6.150809123051368842e-21
2.062765694776840974e+04 1.983512823991049346e-19 6.372683174092084047e-21
2.063833887153657997e+04 2.039471680843965422e-19 6.207562282033072763e-21
2.064902079710916951e+04 2.208465208911185927e-19 6.029416309312333912e-21
2.065970272443518479e+04 2.088600188533660909e-19 5.859275315350555644e-21
2.067038465346160956e+04 2.069104218770025812e-19 6.186880771034495914e-21
2.068106658413822515e+04 2.035804567837538060e-19 6.126951711898981896e-21
2.069174851641256100e+04 2.114842632714207715e-19 6.105770090123823445e-21
2.070243045023301238e+04 1.975335612793052710e-19 6.147885580555585592e-21
2.071311238554785814e+04 2.237113538397656629e-19 6.059215603856040133e-21
2.072379432230567909e+04 2.197052963189763826e-19 6.082814659630895918e-21
2.073447626045536526e+04 2.156574603439082069e-19 6.025974950522994824e-21
2.074515819994439516e+04 2.204586318911954789e-19 5.845855107169335187e-21
2.075584014072203354e+04 2.385770525192686606e-19 5.729321256419514250e-21
2.076652208273640281e+04 2.271748169800715160e-19 5.399967073350056196e-21
2.077720402607569849e+04 2.010586925352902764e-19 5.441062317282318314e-21
2.078788598195021768e+04 2.044815413190596069e-19 5.570974005897007214e-21
2.079881398524768883e+04 2.051536646509470245e-19 6.131200588458862799e-21
2.080949595273208615e+04 2.200234420213073619e-19 6.418937275322710342e-21
2.082017792119305886e+04 2.204372343167687826e-19 5.840133192335456911e-21
2.083085989057886400e+04 2.094398687115402641e-19 5.866242970191571069e-21
2.084154186083844252e+04 2.074478285419945301e-19 5.645615162568756345e-21
2.085222383192088091e+04 2.135966285170075009e-19 6.255011027248136283e-21
2.086290580377485458e+04 2.185221765762661740e-19 6.448280359497279767e-21
2.087358777634935177e+04 2.175719473386126185e-19 5.796349245013567799e-21
2.088426974959290237e+04 2.136885265239913305e-19 5.698099853530120677e-21
2.089495172345542233e+04 2.054062563818011018e-19 5.488125738552020939e-21
2.090563369788491764e+04 1.983556613165867282e-19 5.577597249086640239e-21
2.091631567283146796e+04 1.948961754432456009e-19 5.652370394917095285e-21
2.092699764824288286e+04 2.043373799457600944e-19 5.716019329627444160e-21
2.093767962406979132e+04 1.897820496229858361e-19 5.657940478451390659e-21
2.094836160026007565e+04 2.108471753621152414e-19 5.673549841490152089e-21
2.095904357676389554e+04 2.039630559720557194e-19 5.637684919507340515e-21
2.096972555352969357e+04 1.990592606869800592e-19 5.544789406798102972e-21
2.098040753050737840e+04 2.098902072055599557e-19 5.630689701795535293e-21
2.099108950764592737e+04 1.985762913140453598e-19 5.539285574392702907e-21
2.100177148489476167e+04 1.965194714496001775e-19 5.506050814573534707e-21
2.101245346220337888e+04 1.891028647467756288e-19 5.535391395371760456e-21
2.102313543952092732e+04 1.905426046575486556e-19 5.363333784135327500e-21
2.103381741679727565e+04 1.868227617199738988e-19 5.318293121018341411e-21
2.104449939398133210e+04 1.860127411093031628e-19 5.476173805762150125e-21
2.105518137102338005e+04 1.938511238883781649e-19 5.387830367048120608e-21
2.106586334787208398e+04 1.962294783347399238e-19 5.564978567131343025e-21
2.107654532447801103e+04 2.164312499802695387e-19 5.666508821322886961e-21
2.108722730078972018e+04 1.993130568003009913e-19 5.445323089005785252e-21
2.109790927675812782e+04 1.882841189449483227e-19 5.472857966321468359e-21
2.110859125233151281e+04 1.927492270846610872e-19 5.406704498890928654e-21
2.111927322746100617e+04 2.098917573489814831e-19 5.456606744569622726e-21
2.112995520209503593e+04 1.970006944029128517e-19 5.418419881379778816e-21
2.114063717618475130e+04 1.808702540963667280e-19 5.162891147652040528e-21
2.115131914967881676e+04 1.855378477595261047e-19 5.366010251715402954e-21
2.116200112252791223e+04 1.951942397398039867e-19 5.278947341949274428e-21
2.117268309468153166e+04 2.070016563071380288e-19 5.469361640907591051e-21
2.118336506608987838e+04 1.941896268380322396e-19 5.441674990921298588e-21
2.119404703670267554e+04 1.934959023429385738e-19 5.400272941998977421e-21
2.120472900647022470e+04 2.069646195713002757e-19 5.715985743211765609e-21
2.121541097534223809e+04 2.012679730057870089e-19 5.400847482953650915e-21
2.122609294326898453e+04 2.240472189283111010e-19 5.380860374393249431e-21
2.123677491020087109e+04 2.216170800185125534e-19 5.496552711722104928e-21
2.124745687608741719e+04 2.127551638734792242e-19 5.611295509719952209e-21
2.125813884087944098e+04 2.033010620693375040e-19 5.437155781690114135e-21
2.126882080452642185e+04 2.006499977886155007e-19 5.305311620462460767e-21
2.127950276697972731e+04 2.104488027924153149e-19 5.306455181992860524e-21
2.129018472818848386e+04 1.946398284217027171e-19 6.472712396864049872e-21
2.130086668810394985e+04 1.970088888609670337e-19 6.384925925370249439e-21
2.131154864667579386e+04 1.946180869957375028e-19 5.318046774473576803e-21
2.132223060385505596e+04 1.973534966581053718e-19 5.449765182540709131e-21
2.133291255959127011e+04 1.899901850265511148e-19 5.301531892591998461e-21
2.134359451383602936e+04 1.857087690784870171e-19 5.092981140181720490e-21
2.135427646653844931e+04 1.852830085539035262e-19 5.281459790324857233e-21
2.136495841765071600e+04 1.847839827092919503e-19 5.069149782621911957e-21
2.137564036712187590e+04 1.980347518267078237e-19 5.557288072673666779e-21
2.138632231490412596e+04 1.917913230316877717e-19 5.570528852712800021e-21
2.139700426094650174e+04 1.905913593972852737e-19 5.473001928152294080e-21
2.140768620520062177e+04 1.885894276383821820e-19 5.303251492118476429e-21
2.141836814761654750e+04 1.955801899598955501e-19 5.408228235256746014e-21
2.142905008814622124e+04 1.956715250133895729e-19 5.496052751059183761e-21
2.143973202673863489e+04 1.892851662959171158e-19 5.499512903340494291e-21
2.145041396334656747e+04 1.993245929213523457e-19 5.542911213117913610e-21
2.146109589791870530e+04 1.858103095542487207e-19 5.423477513479666378e-21
2.147177783040852592e+04 1.886113189341146595e-19 5.406234321350003517e-21
2.148245976076463558e+04 2.091590459620476236e-19 5.463011700155287056e-21
2.149314168893926399e+04 1.978187351368747472e-19 5.492962214858652423e-21
2.150382361488267270e+04 2.051612120375110909e-19 5.583637017085250809e-21
2.151450553854626560e+04 2.007472352331933700e-19 5.548940015105082032e-21
2.152518745988129740e+04 1.935011688769212035e-19 5.449120896406017626e-21
2.153586937883861538e+04 2.076967360063276061e-19 5.641225900331543384e-21
2.154655129536879031e+04 2.113836831760463725e-19 5.755921513713170659e-21
2.155723320942433929e+04 1.930659801890922585e-19 5.401496399433657533e-21
2.156791512095512735e+04 2.020771298837573017e-19 5.531025072120156202e-21
2.157859702991307859e+04 1.975842124141141035e-19 5.340233975932337016e-21
2.158927893624908029e+04 1.899165874116753673e-19 5.282679189889766242e-21
2.159996083991507840e+04 1.997912705743216885e-19 5.504292204186240961e-21
2.161064274086145815e+04 1.878626059066402455e-19 5.683759969067459027e-21
2.162132463904018005e+04 2.049390984007750820e-19 5.593160816501653123e-21
2.163200653440166207e+04 2.046004015013762340e-19 5.522271547714496043e-21
2.164268842689934536e+04 2.003970053136465950e-19 5.499126474468972001e-21
2.165361800019758812e+04 1.914154725809848364e-19 5.369856708580297569e-21
2.166429991882034301e+04 1.879126310068693319e-19 5.342371969254982056e-21
2.167498182326927054e+04 1.830114289098818811e-19 5.364356984432262168e-21
2.168566372452238284e+04 1.787457447333133995e-19 5.434625415547487960e-21
2.169634562266511057e+04 1.631562297138214619e-19 5.198961509819840642e-21
2.170702751764706409e+04 1.684920165733215555e-19 5.244530927187065022e-21
2.171770940942193556e+04 1.836780942253397457e-19 5.371224719628949329e-21
2.172839129794086330e+04 1.735394488437847534e-19 5.444641952463655499e-21
2.173907318315467273e+04 1.773545510860820635e-19 5.288965227024205311e-21
2.174975506501564087e+04 1.866173383314857922e-19 5.521241242623126600e-21
2.176043694347579731e+04 1.837029083685881408e-19 5.440792848755314796e-21
2.177111881848717530e+04 1.832711326505072073e-19 5.375211328440870152e-21
2.178180069000143703e+04 1.873661917721963402e-19 5.616392151901968218e-21
2.179248255796989542e+04 1.914402913286687109e-19 5.689046674142467910e-21
2.180316442234546412e+04 1.938259905300901817e-19 5.542155613674298282e-21
2.181384628307914681e+04 2.125770899100050597e-19 5.544037333676090757e-21
2.182452814012387898e+04 2.068325191966461048e-19 5.619660037401839882e-21
2.183520999343036601e+04 2.041425038279860999e-19 5.709066566172622653e-21
2.184589184295285668e+04 2.074129011112020235e-19 5.474489785313301404e-21
2.185657368877412955e+04 2.009543772600418452e-19 5.210201378106380642e-21
2.186750363905794438e+04 2.099899185599632061e-19 5.506487855892791573e-21
2.187818549756852008e+04 2.061259346677539108e-19 5.488105006166009367e-21
2.188886735209754988e+04 2.010731463356367723e-19 5.555236034410210461e-21
2.189954920259931896e+04 2.036404639309377587e-19 5.661680370981938437e-21
2.191023104902497289e+04 2.013397496090093910e-19 5.581168382101321412e-21
2.192091289132706152e+04 1.969782011574203200e-19 5.363512898243102826e-21
2.193159472945711241e+04 1.941595431968279156e-19 5.088425344512584674e-21
2.194227656336885775e+04 2.030838867131613503e-19 5.272330044276464747e-21
2.195295839301327942e+04 1.976215749653663238e-19 5.584340230337205404e-21
2.196364021834474988e+04 2.062974534340649832e-19 5.418583101004850650e-21
2.197432203931282129e+04 2.135973770186605289e-19 5.417378179239635167e-21
2.198500385587232086e+04 2.049855915442939399e-19 5.373552101598075853e-21
2.199568566797564563e+04 2.150178604867521680e-19 5.417074561303592761e-21
2.200636747557490889e+04 2.059892286156772682e-19 5.337808384286346206e-21
2.201704927862217664e+04 2.146899092030185555e-19 5.492808615078499254e-21
2.202773107707161398e+04 2.125436115090113804e-19 5.631288793653225037e-21
2.203841287087278397e+04 2.188868273219633829e-19 5.878940220530751389e-21
2.204909465998309679e+04 2.186159666031052632e-19 5.728845152587976833e-21
2.205977644435066395e+04 2.135654921110611121e-19 5.693773266629178229e-21
2.207045822393109847e+04 2.081171396712151264e-19 5.379625342427471728e-21
2.208113999867669918e+04 1.894203361092437024e-19 5.501522171477454417e-21
2.209182176853897545e+04 1.836798007440136174e-19 4.990694601205195494e-21
2.210250353347282726e+04 1.688064264887490008e-19 4.978700304987272032e-21
2.211318529342898910e+04 1.938951071801077171e-19 5.263494394888905949e-21
2.212386704836209901e+04 2.119963636585768788e-19 5.227945107626126925e-21
2.213454879822445218e+04 2.065073634955851953e-19 5.173179010105351175e-21
2.214523054296924965e+04 2.173432858460967075e-19 5.469425453158647284e-21
2.215591228254920497e+04 2.125988985048715333e-19 5.353283542942242030e-21
2.216659401691844323e+04 2.178079710903131936e-19 5.388521989856228208e-21
2.217727574602825189e+04 2.206726184276006849e-19 5.536472254934204908e-21
2.218795746983241042e+04 2.254095311069615090e-19 5.535520777503747111e-21
2.219863918828456735e+04 2.075847946328020632e-19 5.522744189068301578e-21
2.220932090133818201e+04 2.084082768375190318e-19 5.355120448436132252e-21
2.222000260894610619e+04 2.114893661758211281e-19 5.152220759841756978e-21
2.223068431106081698e+04 2.135900583562153074e-19 5.376066608479275209e-21
2.224136600763623574e+04 2.061565023595779511e-19 5.380277099851065884e-21
2.225204769862638568e+04 2.046386516040805732e-19 5.118848416076885762e-21
2.226272938398262340e+04 2.274667870772764429e-19 5.488196264959481716e-21
2.227341106366162057e+04 2.264161516648994507e-19 5.529005229860680924e-21
2.228409273761368240e+04 2.244461316535310292e-19 5.237272624803738493e-21
2.229477440579450922e+04 2.179537153718456714e-19 5.351827339297913126e-21
2.230545606815482824e+04 2.197032903856001679e-19 5.235446600495266323e-21
2.231613772465072543e+04 2.257899301159100459e-19 5.435684519874659230e-21
2.232681937523542365e+04 2.194879422410248456e-19 5.399098968024310623e-21
2.233750101985986475e+04 2.027118472692020585e-19 5.321112553564013144e-21
2.234818265848118972e+04 2.081452581668238450e-19 5.255835452689340423e-21
2.235886429105215211e+04 2.117991922410660905e-19 5.083070632085619125e-21
2.236954591752538909e+04 2.019250194406442479e-19 5.159429304048779114e-21
2.238022753785475652e+04 2.173324179255577471e-19 5.302631028198245808e-21
2.239090915199471056e+04 2.083860275219625925e-19 5.395382375779136169e-21
2.240159075989744088e+04 2.142434789444293255e-19 5.328910289722020735e-21
2.241227236151995749e+04 2.043938669453431437e-19 5.296018106517640207e-21
2.242295395681272203e+04 2.123299709275244293e-19 5.292099354686152405e-21
2.243363554573085639e+04 2.049167793304441916e-19 5.293107890796183991e-21
2.244431712822923510e+04 2.109269689741286513e-19 5.264666129570411274e-21
2.245499870417857892e+04 2.180290996128011184e-19 5.305506117275501736e-21
2.246567971524215682e+04 2.187062757731574294e-19 5.274961410216557364e-21
2.247636066515643324e+04 2.093309547739777741e-19 5.258203694129380308e-21
2.248704160846460218e+04 2.177928865416180422e-19 5.300402945014317574e-21
2.249772254512572908e+04 2.236971544195242027e-19 5.337706735402495234e-21
2.250840347508990817e+04 2.176215302442827881e-19 5.253816283440729975e-21
2.251908439831430587e+04 2.228260233546897554e-19 5.219092522465993832e-21
2.252976531475106458e+04 2.150106220261042380e-19 4.993307376278321449e-21
2.254044622435379279e+04 2.126016237476146106e-19 5.136137844792980666e-21
2.255112712707910759e+04 2.036847787513759489e-19 5.124779366726931094e-21
2.256180802287866754e+04 2.117049215778670255e-19 5.225604130950914386e-21
2.257248891170959541e+04 2.160434568335620989e-19 5.216705550307308273e-21
2.258316979352484123e+04 2.192722797164799310e-19 5.255502103799061935e-21
2.259385066827845003e+04 2.207169885206790610e-19 5.557635382945820196e-21
2.260453153592454328e+04 2.100703125894127841e-19 5.505862436273335621e-21
2.261521239641666034e+04 2.210408732050762849e-19 5.247582355334144399e-21
2.262589324971297901e+04 2.254456974332098006e-19 5.400793743554090782e-21
2.263657409576483042e+04 2.086926696369458176e-19 5.322069671211441825e-21
2.264725493452671435e+04 2.074000069289624332e-19 5.490338704679987577e-21
2.265793576595552440e+04 1.929380227679441340e-19 5.570767861030936142e-21
2.266861659000373402e+04 2.010501269366488449e-19 5.403491132029300242e-21
2.267929740662608674e+04 2.016679032956260642e-19 5.400181699913379922e-21
2.268997821577817376e+04 2.083225823908585934e-19 5.188409754893246006e-21
2.270065901741260677e+04 2.060670145944969759e-19 5.102404787924269148e-21
2.271133981148711973e+04 2.152377423920546539e-19 5.311019255171234703e-21
2.272202059795435343e+04 2.073030190664168865e-19 5.398905699632241209e-21
2.273270137676917875e+04 2.058750721997382277e-19 5.287059513992525463e-21
2.274338214788752157e+04 2.171375166324861557e-19 5.375593675011170073e-21
2.275406291126367432e+04 2.260263547537070753e-19 5.317517574246509946e-21
2.276474366685333371e+04 2.199016602216274932e-19 5.279224644209238747e-21
2.277542441460933696e+04 2.079957732760242324e-19 5.105399587028548723e-21
2.278610515448616206e+04 2.183218593892545478e-19 5.343718958394484589e-21
2.279678588644359479e+04 2.150887914388607934e-19 5.311069930394504601e-21
2.280746661043012864e+04 2.059290460333722471e-19 5.337042398039613744e-21
2.281814732640656075e+04 2.127233424024659607e-19 5.320728998233862321e-21
2.282907792470956338e+04 2.030441804073776703e-19 5.145783729545003054e-21
2.283975864493829431e+04 2.109629233073061276e-19 5.229032148673622140e-21
2.285043935688945930e+04 2.130689212784807814e-19 5.327386324186358197e-21
2.286112006064284287e+04 2.135803130684209086e-19 5.433526810649291629e-21
2.287180075615716851e+04 2.207497413514514311e-19 5.269866737886491737e-21
2.288248144338436759e+04 2.156076771744506027e-19 4.983301900344787907e-21
2.289316212228173026e+04 2.130467314417815153e-19 4.470470011080709392e-21
2.290384279280461487e+04 2.209688938559039300e-19 4.407281102158287079e-21
2.291452345490704465e+04 2.232286003729673360e-19 4.453644660639772798e-21
2.292520410854462898e+04 2.147107558447367968e-19 5.365296332240084024e-21
2.293588475367363935e+04 2.035929076888098668e-19 5.304221267578118180e-21
2.294656539024920494e+04 2.080433696546864806e-19 5.282330810196270882e-21
2.295724601822641853e+04 2.005901164670312632e-19 5.261674365877692241e-21
2.296792663755969261e+04 2.036590548534062188e-19 5.100667330610663410e-21
2.297860724820687756e+04 2.095918855896352275e-19 5.195031442331331850e-21
2.298928785012177104e+04 2.086816192523034340e-19 5.058826573217352923e-21
2.299996844325993152e+04 2.097724691855656826e-19 5.240645656033694235e-21
2.301064902757866730e+04 2.156269067989061321e-19 5.149625421033486635e-21
2.302132960303080108e+04 2.097560935591170789e-19 5.116059096914753144e-21
2.303201016957399406e+04 2.184206269300466900e-19 5.182045307293609464e-21
2.304269072729531763e+04 2.222155535261676736e-19 5.230319053434430979e-21
2.305337128680637761e+04 2.241020777434213715e-19 5.437283802596365447e-21
2.306430215131299701e+04 2.161205150915992566e-19 5.323500634957537779e-21
2.307498270198292084e+04 2.036353058638487012e-19 5.170423313353883787e-21
2.308566324351675212e+04 2.062594991603510165e-19 5.184407784259439283e-21
2.309634377587359631e+04 2.098415626943299540e-19 5.087578879517318308e-21
2.310702429900599600e+04 2.198536366363842637e-19 5.159641396061368366e-21
2.311770481287291841e+04 2.173716159350744703e-19 5.291820794958643541e-21
2.312838531742869964e+04 2.063974682093068910e-19 5.120367947760535936e-21
2.313906581262935651e+04 2.194816200010466381e-19 5.221919514116416489e-21
2.314974629843005096e+04 2.206065295407118425e-19 5.098733872185170801e-21
2.316042677478832411e+04 2.089280519931148754e-19 5.226435990386159022e-21
2.317110724166010186e+04 2.076303757678956245e-19 5.137519272814989557e-21
2.318178769899902545e+04 2.064343240592933602e-19 5.143676833723230008e-21
2.319246814676461872e+04 2.142485249648114100e-19 5.162002721533611040e-21
2.320314858491000996e+04 2.092093615898431174e-19 5.220438002637162595e-21
2.321382901339390446e+04 1.999004287545337085e-19 5.104503421842261335e-21
2.322450943217147869e+04 2.030816359350196085e-19 4.970967077506841885e-21
2.323518984119841116e+04 2.077054697444388206e-19 5.097834474716013488e-21
2.324587024043068959e+04 2.140828331312556159e-19 5.079502024772865421e-21
2.325655062982565141e+04 2.079954231786442768e-19 5.000537510004721000e-21
2.326723100933965543e+04 2.202155536009221928e-19 5.054103106923093542e-21
2.327791137892699044e+04 2.229029405392048366e-19 5.154770991434088347e-21
2.328859173854797700e+04 2.224975394815795447e-19 5.268552032166018955e-21
2.329927208815432095e+04 2.115619013665114580e-19 5.119227977137095810e-21
2.330995242770555342e+04 2.055177530679724432e-19 5.146173473548389083e-21
2.332063275715652344e+04 2.146874973251960433e-19 5.249286446646507582e-21
2.333131307646379355e+04 2.098179924927506506e-19 5.144051379932001373e-21
2.334199338558737509e+04 2.123700945430877762e-19 5.194656749934360555e-21
2.335267368447818444e+04 2.133104274887740952e-19 5.288024579778920900e-21
2.336335397309684049e+04 2.077128592341870920e-19 5.250930433630581453e-21
2.337403425139753745e+04 2.067708484781667384e-19 5.210261182654635780e-21
2.338471451933766002e+04 2.149178138390774267e-19 5.031088355610117053e-21
2.339539477687715043e+04 2.003935130554381792e-19 5.117964173675060675e-21
2.340607502396661584e+04 2.102371526465190961e-19 4.974961588530286471e-21
2.341675526056758463e+04 1.979934623218590252e-19 5.049361833022432505e-21
2.342743548663360707e+04 2.021161930376381035e-19 5.022355192142640428e-21
2.343811570212295192e+04 2.139745655125377397e-19 5.178182119840231518e-21
2.344879590699512482e+04 2.057536150527410353e-19 5.052877290416971252e-21
2.345947610120134777e+04 2.105356421743442807e-19 5.032074860736391253e-21
2.347015628470321826e+04 2.130697778999178221e-19 5.079352220077667578e-21
2.348083645745509421e+04 2.065958491913482447e-19 4.992416622747811559e-21
2.349151661941247585e+04 2.085738497253416895e-19 4.989935536445711402e-21
2.350219677053683336e+04 1.873118101550471806e-19 4.842016998212225436e-21
2.351287691078133503e+04 1.867227925260761336e-19 4.697594338748411358e-21
2.352355704010730915e+04 1.973236105736959881e-19 4.916979729091818115e-21
2.353423715846705818e+04 2.106676228704345509e-19 5.064963473657866177e-21
2.354491726581739931e+04 2.265429348113100662e-19 5.166361163227713330e-21
2.355559736211960626e+04 2.150547038460175716e-19 4.977103431587271464e-21
2.356627744732887368e+04 2.040201183706586098e-19 4.839008880642966838e-21
2.357695752140228433e+04 1.958609646969865421e-19 4.816866733564286572e-21
2.358763758429395602e+04 2.148382992410085862e-19 5.051123446234279042e-21
2.359831763596719975e+04 2.112743870063928981e-19 4.951315743656670187e-21
2.360899767637407422e+04 1.950160027347840353e-19 4.885447444481040105e-21
2.361967770547565306e+04 2.112856755416907026e-19 5.004721070376851333e-21
2.363035772322728735e+04 2.003105947475692239e-19 4.888097152265672043e-21
2.364103772958505579e+04 2.101209742753896483e-19 4.883429257892646823e-21
2.365171772450942080e+04 2.255660544526688331e-19 5.119874872916263658e-21
2.366239770795419099e+04 1.999283072153205878e-19 4.793035360702970649e-21
2.367307767988051273e+04 1.952863875004074728e-19 4.698864637253100106e-21
2.368375764024358432e+04 2.181438781959301116e-19 4.932517549201900222e-21
2.369443758899867680e+04 2.110389871065304408e-19 4.947671536673998562e-21
2.370511752610878466e+04 2.113599747566019454e-19 4.877084079576188352e-21
2.371579745152814576e+04 2.017782082953009800e-19 4.923018624045295961e-21
2.372647736521387924e+04 2.097227531335819768e-19 5.018961047472310278e-21
2.373715726712517790e+04 2.095979141526521989e-19 5.083398984851052922e-21
2.374783715721780391e+04 2.017414338006312682e-19 5.021100464908014931e-21
2.375851703545050259e+04 2.095775044488947121e-19 4.949856722895494606e-21
2.376919690178204837e+04 2.005075695192174839e-19 4.633443738720218169e-21
2.377987675616954948e+04 2.046112616871798558e-19 4.779989153166250942e-21
2.379055659856809871e+04 2.077053793319383579e-19 4.919334500537350078e-21
2.380123642893659053e+04 2.171218849842483750e-19 4.890296349484722350e-21
2.381191624723787754e+04 2.184101634683850274e-19 4.905171665338328885e-21
2.382259605342130453e+04 2.242808581316970611e-19 4.964091967227511952e-21
2.383327584745233617e+04 2.068606671780860069e-19 4.764860971620097417e-21
2.384395562928356594e+04 2.034703278819867693e-19 4.934946583080970315e-21
2.385463539887679144e+04 2.176627998099948816e-19 4.931522693931834892e-21
2.386531515618643607e+04 2.134378786737149131e-19 4.800463729515875733e-21
2.387599490117346795e+04 2.056359650201180686e-19 4.935527271831899164e-21
2.388667463379487890e+04 2.100546583430255097e-19 5.051831584637348991e-21
2.389735435400628558e+04 2.169877178871336546e-19 5.006551756999966027e-21
2.390803406176820499e+04 2.038302472664621148e-19 4.997727501504449848e-21
2.391871375703797821e+04 2.068028991925258765e-19 5.026112268572537627e-21
2.392939343977540921e+04 2.093629077643382996e-19 4.990034169459927734e-21
2.394007310993608553e+04 2.086083327489137034e-19 5.025550157060166275e-21
2.395075276748018587e+04 1.977238131244782522e-19 5.021561807110213949e-21
2.396143241236542963e+04 2.087074249655110682e-19 5.113083086320180855e-21
2.397211204454487233e+04 2.043091874687474392e-19 4.955692470108312246e-21
2.398279166398588131e+04 2.055202756202158874e-19 5.060869515305832230e-21
2.399347127064263259e+04 2.179475153419949929e-19 5.185039710472630416e-21
2.400415086447256181e+04 2.164587743882058760e-19 5.020724283763486200e-21
2.401483044543196957e+04 2.107610380006967908e-19 5.101197874607478319e-21
2.402551001348448335e+04 2.109314176557893322e-19 5.036046448498971169e-21
2.403618956858422825e+04 2.149659265689733236e-19 5.058708009478600236e-21
2.404686911068999689e+04 2.101962895932369555e-19 5.063613067422545317e-21
2.405754863976533670e+04 2.306597524721270553e-19 5.255512841736726701e-21
2.406822815576061475e+04 2.074925839499404655e-19 5.033318729898267931e-21
2.407890765864282366e+04 2.113291073305417324e-19 5.035816861145336028e-21
2.408958714836297440e+04 2.172742787274782802e-19 5.226215029015224637e-21
2.410026662488163129e+04 2.308888630364531455e-19 5.146140168786535298e-21
2.411094608816092659e+04 2.038313253866822248e-19 5.009959854106300995e-21
2.412162553815433785e+04 1.986164327934491759e-19 5.159171682678191904e-21
2.413230497482926512e+04 2.101513979362443507e-19 5.012746463012931603e-21
2.414298439813372534e+04 2.143690253475983022e-19 5.142701919594630290e-21
2.415391614070270589e+04 2.182615323518629705e-19 5.118816245039230368e-21
2.416459555712689689e+04 2.293899573499752339e-19 5.232544524454338435e-21
2.417527495993443517e+04 2.067891319945275573e-19 5.075843767653646701e-21
2.418595434920629850e+04 2.103266899096105620e-19 5.082514827403768635e-21
2.419663372490079564e+04 2.041974957464832874e-19 5.637674460042186239e-21
2.420731308698364228e+04 2.204317979561269885e-19 5.664624888004018461e-21
2.421799243540372845e+04 2.226608933805939669e-19 4.980820260564906412e-21
2.422867177012799584e+04 2.120766087331698785e-19 5.066449245100993805e-21
2.423935109111101701e+04 2.040009840091913062e-19 4.925870800787618696e-21
2.425003039831244314e+04 2.101463905951426929e-19 5.232436578900926981e-21
2.426070969169370801e+04 2.042741150600782559e-19 4.952878554311068363e-21
2.427138897120851107e+04 2.066850900812994509e-19 4.949614873760674685e-21
2.428206823682065078e+04 2.187770811733480864e-19 5.172888299367594094e-21
2.429274748848818490e+04 2.133344330104998498e-19 4.933967604797417399e-21
2.430342672617067365e+04 2.046022301964055383e-19 5.089160763469837947e-21
2.431410594982507246e+04 2.144514395087685865e-19 4.992917575661114287e-21
2.432478515941326987e+04 2.166390574391896502e-19 5.040387302878406500e-21
2.433546435489098440e+04 2.136154043973060005e-19 4.973142152977203723e-21
2.434614353621814735e+04 2.088426982888822976e-19 5.016321427895256365e-21
2.435682270335772409e+04 2.019277179873706534e-19 4.886458819832384669e-21
2.436750185626337407e+04 2.126046052663558645e-19 5.023648098665422607e-21
2.437818099490224995e+04 2.164006624432224098e-19 4.963320119713494490e-21
2.438886011922188118e+04 2.211265819665303302e-19 5.209124945045205090e-21
2.439953922932110436e+04 2.197295622349768603e-19 5.156866773205220084e-21
2.441047113310665009e+04 2.294038235980352141e-19 5.024804231486013354e-21
2.442115023402059524e+04 2.198861782607682322e-19 5.191902435434483433e-21
2.443182932045844791e+04 2.248794676364627547e-19 5.311510367017890113e-21
2.444250839237361288e+04 2.114161886418041126e-19 5.126018188906823286e-21
2.445318744973465800e+04 2.226232433435003320e-19 5.137949936556598434e-21
2.446386649248934918e+04 2.289632923460601577e-19 5.216038771218318626e-21
2.447454552060825881e+04 2.192951626751079509e-19 5.223911214664728882e-21
2.448522453404336557e+04 2.178179848958007465e-19 4.940500360499123288e-21
2.449590353276210590e+04 2.178187630890008056e-19 4.955842070844015661e-21
2.450658251671225298e+04 2.011176466924354108e-19 4.922973047532203317e-21
2.451726148586593263e+04 2.198417281679318844e-19 4.887106937580391686e-21
2.452794044017653505e+04 2.191402055128032827e-19 4.824476194507007097e-21
2.453861937959955321e+04 2.075384669688444013e-19 4.776144141230990739e-21
2.454929830410826980e+04 2.143811386974087266e-19 4.870948707452173427e-21
2.455997721364117024e+04 2.187169401727005200e-19 5.047345618760516181e-21
2.457065610818468849e+04 2.131674183928299146e-19 4.909846403038639451e-21
2.458133498767383571e+04 2.073796377900605852e-19 4.992235726246489367e-21
2.459201385208404463e+04 2.078118802102231353e-19 5.007608386849749348e-21
2.460269270136705745e+04 2.098784974071289042e-19 4.968320645631744510e-21
2.461337153548686547e+04 1.975491599577272044e-19 4.978932108702781390e-21
2.462405035440423308e+04 2.170738487484662724e-19 5.282172121397722487e-21
2.463472915807203754e+04 2.104553734102217527e-19 4.980574806607930928e-21
2.464540794646178256e+04 2.062766093726355553e-19 4.758341765019142574e-21
2.465608671952021177e+04 2.030179882418987109e-19 4.706136333917047761e-21
2.466676547722268515e+04 1.933758865577805448e-19 4.805241331371301585e-21
2.467744421950971810e+04 1.933515258105937367e-19 4.770488167537936271e-21
2.468812294636143633e+04 1.817810788001410592e-19 4.676432186648520104e-21
2.469880165772102919e+04 1.741698551000687073e-19 4.643280404812439651e-21
2.470948035356164110e+04 1.668034076411761623e-19 4.594846723579675940e-21
2.472015903383825935e+04 1.690847309192568539e-19 4.537052323964831643e-21
2.473083769850475437e+04 1.620740261374619064e-19 4.347459339838379011e-21
2.474151634753292456e+04 1.650159855779898027e-19 4.344052825133309041e-21
2.475219498087373722e+04 1.642770163261452843e-19 4.343555426607545533e-21
2.476287359849603672e+04 1.630608046267356882e-19 4.413584442608088099e-21
2.477355220034633021e+04 1.920188187986261283e-19 4.574113660063086155e-21
2.478423078640233871e+04 2.050160118336954392e-19 4.685392719454225672e-21
2.479490935660823379e+04 2.012090856876216566e-19 4.880966602024252310e-21
2.480558791088424186e+04 2.072344448306428175e-19 4.731657352446188917e-21
2.481626629026387309e+04 2.064929583798709079e-19 4.687546301233326419e-21
2.482694465109458906e+04 2.060016991285030259e-19 4.701402033698534102e-21
2.483762299592500494e+04 2.227551022822173772e-19 4.859257445587522929e-21
2.484830132471105753e+04 2.111189879110575032e-19 4.898358517734591234e-21
2.485897963742326465e+04 2.080235457287709089e-19 4.831555833700889015e-21
2.486965793400706389e+04 2.111047544347603959e-19 4.675158818246255516e-21
2.488033621444107848e+04 1.905781200200416066e-19 4.549186558612393099e-21
2.489101447866803937e+04 1.863829622045899436e-19 4.399678347136440374e-21
2.490169272666645702e+04 2.141501683886429714e-19 4.821889845886018314e-21
2.491237095838028472e+04 2.098032465350054966e-19 4.820713613531596862e-21
2.492304917378373284e+04 2.137884709910915198e-19 4.784763498248626777e-21
2.493372737282903836e+04 2.122533388843673468e-19 4.863737379200758805e-21
2.494440555547939221e+04 2.251019005179270192e-19 4.925193501977999977e-21
2.495508372169572249e+04 2.069924371121688861e-19 4.767303146822107135e-21
2.496576187143581046e+04 2.106775793008285535e-19 4.930641722372856771e-21
2.497644000466891885e+04 1.980688381047437818e-19 4.743569144593811601e-21
2.498711812134058346e+04 2.196191455605527829e-19 4.872734573981326122e-21
2.499779622142793960e+04 2.117113303885880799e-19 4.647113355261752491e-21
2.500847430487745805e+04 1.942681274265224057e-19 4.785939074803267632e-21
2.501915237166674706e+04 1.965195396163662096e-19 4.673295435487270364e-21
2.502983042173730792e+04 2.173236206759521767e-19 4.867767874960615563e-21
2.504050845506981932e+04 2.059823148198705065e-19 4.715105434061509442e-21
2.505118647160741239e+04 1.881143679068316935e-19 4.450927530037475875e-21
2.506186447132645117e+04 1.901893369438163079e-19 4.398459416036473403e-21
2.507254245417303173e+04 2.095202254752189998e-19 4.683949112571215440e-21
2.508322042012084057e+04 2.083520220803851537e-19 4.691015201024824721e-21
2.509389836912557439e+04 2.132338243095750227e-19 4.749480549495480140e-21
2.510457630114283529e+04 2.223965067136046257e-19 4.777425323155848845e-21
2.511525421614624793e+04 2.104895059093788810e-19 4.718643266620616880e-21
2.512593211408022762e+04 2.006349610670160964e-19 4.638706988763777319e-21
2.513660999492549308e+04 2.037493169803490145e-19 4.688208740113162110e-21
2.514728785862079167e+04 2.104873176443186267e-19 4.742070144066697056e-21
2.515796570515163330e+04 2.109491372187838895e-19 4.732544549334585497e-21
2.516864353445759480e+04 2.158167816042503848e-19 4.701016822526920430e-21
2.517932134652079912e+04 2.107633946514488826e-19 4.729400053623963005e-21
2.518999914127573356e+04 2.085776476850838382e-19 4.796405228675605349e-21
2.520067691871696297e+04 2.033432696128554831e-19 4.610607488870777957e-21
2.521135467877372503e+04 2.047898690098120099e-19 4.688117625882486068e-21
2.522203242143180250e+04 2.077952179104198623e-19 4.885697252599329039e-21
2.523271014663032111e+04 1.912622710550187168e-19 4.691900761147413705e-21
2.524338785435429600e+04 2.025023626408109237e-19 4.799310016654839856e-21
2.525406554455380683e+04 2.084982327683091535e-19 4.859938561393298132e-21
2.526474321717978455e+04 2.121705482552925384e-19 4.879609217092236514e-21
2.527542087221362817e+04 1.945144036225880159e-19 4.551541782367770255e-21
2.528609850959731921e+04 1.992205338324692392e-19 4.749249774378620026e-21
2.529677612931182375e+04 1.995329398514711032e-19 4.646582370657333878e-21
2.530745373129667496e+04 2.088678827748745237e-19 4.783190650210088854e-21
2.531813131553806306e+04 2.179145541872746725e-19 4.691767525974766426e-21
2.532880888197261083e+04 2.141724882663090574e-19 4.816069993105011467e-21
2.533948643058856760e+04 2.093778062267394274e-19 4.686662114963864807e-21
2.535016396131953661e+04 2.067833119587028380e-19 4.730908098777082362e-21
2.536084147415685948e+04 2.193577388318220404e-19 4.752854674645960134e-21
2.537151896903009765e+04 2.129050914135306263e-19 4.658275790955421753e-21
2.538219644592981058e+04 2.176838669873164547e-19 4.654343359612034066e-21
2.539287390479437818e+04 2.155827605494212882e-19 4.547757049439856483e-21
2.540355134560457009e+04 2.047091073694667620e-19 4.536630775045112931e-21
2.541422876830803216e+04 2.123228424208053057e-19 4.823320068346591300e-21
2.542490617287800342e+04 2.177889082104112478e-19 4.756069057312318271e-21
2.543558355926049626e+04 2.127310854882148117e-19 4.721757078257640760e-21
2.544626092744233756e+04 2.119275134693411410e-19 4.766232737789590619e-21
2.545693827735549348e+04 2.058906688792516275e-19 4.662958333547287341e-21
2.546761560898953394e+04 2.157925074189472181e-19 4.874939949367954182e-21
2.547829292228791383e+04 2.224958980318863341e-19 4.949604186980424761e-21
2.548897021721988131e+04 2.088283499950971416e-19 4.916408930711050509e-21
2.549964749374193343e+04 2.090779050041027594e-19 4.803962112898697176e-21
2.551032475182459893e+04 2.099457640569657227e-19 4.818884062416120276e-21
2.552100199142681595e+04 2.076951404290731475e-19 4.803326502414226376e-21
2.553167921250095606e+04 2.168739937925312082e-19 4.712127763211089399e-21
2.554235641502810176e+04 2.042828285262522637e-19 4.760834097531796077e-21
2.555303359894833920e+04 2.066990998155927491e-19 4.834187153425176522e-21
2.556371076424568309e+04 2.014114106314336020e-19 4.752162845911966330e-21
2.557438791086127094e+04 1.972320541126937957e-19 4.785907458450347541e-21
2.558506503877956493e+04 2.120146418573690229e-19 5.060076580156585984e-21
2.559574214793603460e+04 2.220663036066781075e-19 4.855405010309150567e-21
2.560641923832055545e+04 2.148644819825706677e-19 4.954140484009187978e-21
2.561709630986895354e+04 2.105337793797196867e-19 4.713441356006097407e-21
2.562777336256978742e+04 2.058437969501434706e-19 4.671502265962628722e-21
2.563845039636199726e+04 2.032009474393043061e-19 4.961718793130475079e-21
2.564912741122840089e+04 2.211653181963940259e-19 5.069298808555118417e-21
2.565980440710841867e+04 1.992130410169156466e-19 4.841559881596286120e-21
2.567048138399033269e+04 2.007273724568782312e-19 4.782519298895524458e-21
2.568115834180992897e+04 2.020875360079810757e-19 5.040426513211083268e-21
2.569183528055596253e+04 2.051035944263540711e-19 5.039928298973382877e-21
2.570276731654297691e+04 2.031376158037602789e-19 4.854951086762063592e-21
2.571344424643478487e+04 2.050916297229372185e-19 5.013114619100788471e-21
2.572412114719590318e+04 1.914593009184114240e-19 4.912867461846449711e-21
2.573479802860714335e+04 1.956791968707403370e-19 4.968970664369094975e-21
2.574547489073074394e+04 2.098233195349261012e-19 5.139664406787876767e-21
2.575615173355197476e+04 1.987141202201929405e-19 4.927638370095736983e-21
2.576682855700474465e+04 2.058422174016369616e-19 5.016186004541329258e-21
2.577750536108464439e+04 1.986975610103275762e-19 4.987150237470181041e-21
2.578818214572277429e+04 2.005355732341747658e-19 5.052608169656379114e-21
2.579885891090943187e+04 2.120504905834997886e-19 4.770169334421105367e-21
2.580953565657983563e+04 1.975901287411741367e-19 4.718932447576869624e-21
2.582021238272779374e+04 2.007888636427148149e-19 4.763927267288074888e-21
2.583088908928506862e+04 1.926405675666805022e-19 4.671647988749934010e-21
2.584156577624161946e+04 1.955759536547421585e-19 5.122194209174178927e-21
2.585224244353637187e+04 1.904016668210413891e-19 5.244667146730176645e-21
2.586291909115187809e+04 1.919453004047197238e-19 5.004725529801071104e-21
2.587359571903817050e+04 1.841791298939384357e-19 4.432306135167576395e-21
2.588427232716142316e+04 1.973313020568340774e-19 4.581933276009477850e-21
2.589494891548111991e+04 2.032087235298806533e-19 4.684842509593385258e-21
2.590562548397298815e+04 1.981219657946408481e-19 4.520992071771565842e-21
2.591630203258631445e+04 2.052325157507564267e-19 4.661914288235967733e-21
2.592697856129098000e+04 2.100514908320485341e-19 4.533689063258103055e-21
2.593765507004364918e+04 2.030623185230824416e-19 4.522673644301813451e-21
2.594833155881514176e+04 2.063600859979238016e-19 4.589305069045160763e-21
2.595900802755818586e+04 2.040932646991970742e-19 4.409233572591220953e-21
2.596968447625109911e+04 2.038368570287899537e-19 4.692661846104694952e-21
2.598036090484130909e+04 2.071602640298434796e-19 4.726548876944150399e-21
2.599103731330265146e+04 2.066596347527466847e-19 4.550539802356707872e-21
2.600171370171182934e+04 2.031379765935052442e-19 4.554827417924228764e-21
2.601264575746829360e+04 2.048295190954477326e-19 4.547782793242646156e-21
2.602332212461471499e+04 2.215669332832011360e-19 4.727175654125936307e-21
2.603399847148235131e+04 2.021567137778819250e-19 4.573505516717483764e-21
2.604467479802316666e+04 2.125675150588430387e-19 4.462111713022868353e-21
2.605535110421545687e+04 1.960889738576511969e-19 4.281467945672307970e-21
2.606602739000269867e+04 1.892261437071643892e-19 4.363492408045473454e-21
2.607670365537334874e+04 1.953676317219374339e-19 4.467360976326048158e-21
2.608737990026238913e+04 1.969476082264886034e-19 4.714033225075287777e-21
2.609805612466123421e+04 2.005731337543567307e-19 4.625003005795279484e-21
2.610873232850568820e+04 1.936329219693570944e-19 4.477620884985922445e-21
2.611940851178630692e+04 1.984185786661925219e-19 4.609235326927995547e-21
2.613008467443875270e+04 2.050359426297136829e-19 4.534966389603587079e-21
2.614076081645458180e+04 1.966087120015377506e-19 4.619883206959181100e-21
2.615143693776912914e+04 1.955852558082395761e-19 4.585972212999897446e-21
2.616211303837092782e+04 1.930016164623808482e-19 4.480901722139229481e-21
2.617278911820311987e+04 1.903614146166302374e-19 4.433826121397452586e-21
2.618346517724545629e+04 1.931917210042534138e-19 4.446146168107493327e-21
2.619414121544890804e+04 1.925167654044660345e-19 4.516972440240697484e-21
2.620481723278483332e+04 1.947468587355160327e-19 4.455009207734681783e-21
2.621549322921440762e+04 1.844905122253098172e-19 4.467049621735264346e-21
2.622616920469820616e+04 1.977956118409582644e-19 4.543467402327133742e-21
2.623684515920720878e+04 1.930050981557080333e-19 4.564386980660633926e-21
2.624752109269587527e+04 1.820156386196779704e-19 4.348653700465380798e-21
2.625819700513686985e+04 1.868262048964614369e-19 4.593499336968402067e-21
2.626887289648421211e+04 1.919411266737620787e-19 4.688047228605232105e-21
2.627954876671153397e+04 1.955097089072789309e-19 4.674092372434319445e-21
2.629022461577057766e+04 1.891037833756116631e-19 4.651916590027074948e-21
2.630090044363860216e+04 1.997924996364172542e-19 4.643918645034116621e-21
2.631157625026820460e+04 1.903390038438652224e-19 4.604840799235754408e-21
2.632225203563266768e+04 1.980877682064492409e-19 4.596372578557740356e-21
2.633292779968314062e+04 1.984950140134630920e-19 4.580136907238141521e-21
2.634360354239821027e+04 1.924534784137172570e-19 4.682189932796955425e-21
2.635427926372994261e+04 1.985834738162681138e-19 4.784916895957209190e-21
2.636495496365138388e+04 2.050982250429497309e-19 4.661984561619288885e-21
2.637563064211185701e+04 1.929821651238517132e-19 4.571356048459121625e-21
2.638630629909492200e+04 1.963247193248870173e-19 4.515650873550185010e-21
2.639698193455002183e+04 2.015009986089080856e-19 4.623591886115698563e-21
2.640765754844754338e+04 2.031579484076144316e-19 4.604833851932978449e-21
2.641833314074980444e+04 1.966975244797095015e-19 4.444093291823870016e-21
2.642900871142080359e+04 2.019373251779311766e-19 4.502827758677447972e-21
2.643968426042147985e+04 2.076814470416935085e-19 4.552242693127806455e-21
2.645035978772099770e+04 2.000694559506703531e-19 4.458999866505247076e-21
2.646103529327880824e+04 2.025019282910436251e-19 4.517183983759635299e-21
2.647171077706359574e+04 2.096288327570123753e-19 4.658974310854269295e-21
2.648238623903661210e+04 2.049584320373231331e-19 4.576497532037717461e-21
2.649306167916011327e+04 1.994539670069442431e-19 4.623490880183126612e-21
2.650373709740555569e+04 1.777163480606960535e-19 4.470780825516861135e-21
2.651441249372410311e+04 1.916722583580845226e-19 4.482316262473003977e-21
2.652508786809030426e+04 2.086894013765427927e-19 4.528660502998365971e-21
2.653576322047092617e+04 2.004980568928082414e-19 4.600179392503673666e-21
2.654643855082000300e+04 1.988150368845852256e-19 4.482023741849558640e-21
2.655711385910650279e+04 2.135943093222395427e-19 4.570503206557587200e-21
2.656778914529763279e+04 2.062580387502270440e-19 4.509684314557055503e-21
2.657846440935274222e+04 2.039838047242224581e-19 4.475017860171400054e-21
2.658913965123773960e+04 1.919497525979874539e-19 4.365085252586109803e-21
2.659981487092020689e+04 1.990563940059008016e-19 4.473834293925934392e-21
2.661049006836201079e+04 2.027495761774014212e-19 4.428739137762347801e-21
2.662116524352215492e+04 2.036346287818903149e-19 4.651151810727771436e-21
2.663184039637488604e+04 2.098772663288753336e-19 4.614335685312103796e-21
2.664251552688007359e+04 1.902699127904546408e-19 4.412220292277402913e-21
2.665319063499964614e+04 1.869131887201719847e-19 4.536769152271172171e-21
2.666386572070218608e+04 1.919105733529104199e-19 4.390454451559111657e-21
2.667454078394544922e+04 1.981826357192616000e-19 4.494641388033014330e-21
2.668521582470646172e+04 1.699487028137375978e-19 4.431954594020424232e-21
2.669589084293677661e+04 1.928479620608681850e-19 4.619069221561515675e-21
2.670656583860840692e+04 1.905625290112313758e-19 4.805759105509514488e-21
2.671724081168130215e+04 1.869405546197787622e-19 4.682686922078609778e-21
2.672791576212254222e+04 2.022898646022905306e-19 4.485629998017133859e-21
2.673859068989588195e+04 1.957568343794011722e-19 4.510149851946790206e-21
2.674926559496922346e+04 2.065822323414381645e-19 4.520416380125100684e-21
2.675994047729964950e+04 2.001582627962542923e-19 4.463246458218752013e-21
2.677061533686410621e+04 1.917360860552546568e-19 4.285479480873876819e-21
2.678129017361445949e+04 1.963505547070143651e-19 4.436525361616296550e-21
2.679196498752344269e+04 2.055157975224702519e-19 4.579603340036258901e-21
2.680263977855072881e+04 2.052398025420768100e-19 4.560778275999507322e-21
2.681331454666035643e+04 1.781217420909055901e-19 4.418417444158899177e-21
2.682398929182520442e+04 2.015588639280308751e-19 4.599226230196532483e-21
2.683466401400258474e+04 1.986476895718973985e-19 4.524819523068030428e-21
2.684533871315960641e+04 1.967883864644941366e-19 4.651528858400556908e-21
2.685601338926322569e+04 1.904457778228070904e-19 4.673584039227702772e-21
2.686668804227377041e+04 1.904652028380567888e-19 4.635299090297977187e-21
2.687736267215608314e+04 1.970376497891615630e-19 4.444324618485369820e-21
2.688803727888481080e+04 2.057816560665865120e-19 4.539598928068718373e-21
2.689871186241217583e+04 2.061282626084618379e-19 4.630046675568415840e-21
2.690938642270854689e+04 2.090967987200346828e-19 4.749353478176278607e-21
2.692006095973627453e+04 2.023579267605382772e-19 4.644349263995981023e-21
2.693073547346724808e+04 1.872458387781087510e-19 4.600073218655762298e-21
2.694140996385949256e+04 2.068284697556901359e-19 4.696202279612396584e-21
2.695208443088315835e+04 2.027110993739483680e-19 4.506321065878151375e-21
2.696275887449525908e+04 2.070093179450487608e-19 4.571606034295602433e-21
2.697343329466829891e+04 1.921830140077588404e-19 4.523982764225542902e-21
2.698410769136528324e+04 1.957376333356285117e-19 4.671367458440497662e-21
2.699478206455128748e+04 1.870220187632600507e-19 4.397450458744221178e-21
2.700545641419609819e+04 1.674212577641899796e-19 4.293662125590826459e-21
2.701613074025464812e+04 1.982841617788343963e-19 4.629772599509326463e-21
2.702680504269232915e+04 1.951606810406925891e-19 4.705180564361283325e-21
2.703747932148737527e+04 2.028060860712550580e-19 4.819516805837282083e-21
2.704815357659113579e+04 1.891582068226256768e-19 4.860851274244781971e-21
2.705882780797994201e+04 1.950041327829148655e-19 4.825453379480082383e-21
2.706950201561122958e+04 1.888467675549041973e-19 4.786332263368223623e-21
2.708017619945531624e+04 1.946296090087812652e-19 4.853845587516634837e-21
2.709085035946911739e+04 1.981546401118790142e-19 4.818703101365962766e-21
2.710152449562903348e+04 1.891243965821737927e-19 4.907801488320396615e-21
2.711219860788718870e+04 2.044107858172491722e-19 4.724434287811883271e-21
2.712287269622436361e+04 1.875082410739566024e-19 4.666108800598172128e-21
2.713354676059527264e+04 1.970252730728521677e-19 4.782203632674809457e-21
2.714422080096570426e+04 2.035048662690782587e-19 4.814030021879067799e-21
2.715489481727743259e+04 1.857684774839142365e-19 4.653540538687807404e-21
2.716556845710616471e+04 1.972428961581379694e-19 4.983633096997254619e-21
2.717624205063415866e+04 2.020677384389063162e-19 5.057885931857067191e-21
2.718691562003112631e+04 2.114883906659918077e-19 5.054060833151659907e-21
2.719758916525452878e+04 2.137837657369271770e-19 4.937243463078765684e-21
2.720826268627714308e+04 1.928321772888867295e-19 4.696105552091934545e-21
2.721893618306241842e+04 1.994038372641779178e-19 4.749838950102515720e-21
2.722960965557595773e+04 1.960129700632524915e-19 4.828995395745170763e-21
2.724028310378320020e+04 1.964204437567599770e-19 4.826847404801221371e-21
2.725095652764911210e+04 1.919441471955542737e-19 4.651915355885646087e-21
2.726162992713992207e+04 1.971087939211853411e-19 4.807881538265757385e-21
2.727230330221858458e+04 1.850367081427616597e-19 4.903003661783256078e-21
2.728297665285855692e+04 1.891314427908242788e-19 5.252020065282164093e-21
2.729364997901165043e+04 2.010796573970720991e-19 5.032104098766384031e-21
2.730432328066021728e+04 1.977331454717347655e-19 4.867020535611495549e-21
2.731499655775648353e+04 1.986054288758367404e-19 4.814864552095387810e-21
2.732566981027396832e+04 1.919615864904505263e-19 4.759104066546691019e-21
2.733634303817815817e+04 1.814571856376888532e-19 4.845405795197206993e-21
2.734701624142714718e+04 1.935486539202980038e-19 5.014218860733675735e-21
2.735768941999481467e+04 1.899133548574518138e-19 5.069734268872905510e-21
2.736836257383843986e+04 1.994254218075482626e-19 4.978117126813465774e-21
2.737903570294005840e+04 1.911232226142218475e-19 4.875525455764745371e-21
2.738970880724685412e+04 2.045790024048220063e-19 5.062845522547759150e-21
2.740038188673279365e+04 1.968442558449631653e-19 5.142616173075751341e-21
2.741105494136608104e+04 1.977301982067809435e-19 5.000322714438356628e-21
2.742172797110987085e+04 2.008547565722654415e-19 5.017927240961323012e-21
2.743240097592769234e+04 1.977605548491325188e-19 5.065381871020592195e-21
2.744307395579088552e+04 2.082234897036260614e-19 5.112059364539207934e-21
2.745374691065950537e+04 2.034157602622593553e-19 5.095911185332503040e-21
2.746441984050505926e+04 1.853670913418387428e-19 5.036256386269891511e-21
2.747509274529109825e+04 2.100567768287124690e-19 5.150063108908750992e-21
2.748576562498358180e+04 2.012419850590686751e-19 4.981043951881864735e-21
2.749643847954532976e+04 1.870832622169724088e-19 4.984713228934181803e-21
2.750711130894800226e+04 1.884005874017149244e-19 5.113595515574104887e-21
2.751778411315517587e+04 1.853059165991890118e-19 5.270301455730805408e-21
2.752845689213013611e+04 1.808249152553590069e-19 5.148563268420911469e-21
2.753912964584130896e+04 1.886564419001625046e-19 5.086402656725886832e-21
2.754980237425766973e+04 1.910181405937878862e-19 5.278058088658722109e-21
2.756047507734284954e+04 2.120572285216695300e-19 5.361748134913551668e-21
2.757114775506022124e+04 2.072560438550118510e-19 5.277108063939244763e-21
2.758182040737830175e+04 2.093080500829818448e-19 5.262552244764380103e-21
2.759249303426611004e+04 2.071683076272870366e-19 5.469689191925501188e-21
2.760316563568736456e+04 2.101694504709505808e-19 5.540136632357578219e-21
2.761383821160829393e+04 2.142015829201830327e-19 5.397949642027619682e-21
2.762451076199475574e+04 2.253377641477832734e-19 5.665920554548498674e-21
2.763518328680740160e+04 2.186825074367159870e-19 5.438456467553411854e-21
2.764585578602120222e+04 2.137804082215054433e-19 5.171903591513148787e-21
2.765652825960248083e+04 2.184103485823182611e-19 5.463040714201511103e-21
2.766745928833952348e+04 2.028900710406277072e-19 5.306982830009044415e-21
2.767813173886394361e+04 1.995155810329953798e-19 5.288600353699288915e-21
2.768880415434442693e+04 2.083686963386247540e-19 5.309258537138843288e-21
2.769947654393118501e+04 1.998687873218315661e-19 5.122779597460890056e-21
2.771014890771982027e+04 2.033345160356201668e-19 5.331633268682228152e-21
2.772082124566016500e+04 1.988182320327143681e-19 5.364138176512081211e-21
2.773149355773252682e+04 1.889726429829229266e-19 5.282727073904100002e-21
2.774216584389538548e+04 1.953531046216343641e-19 5.116407605025369977e-21
2.775283810412048479e+04 1.960506815225186137e-19 5.158834489082494778e-21
2.776351033836838178e+04 2.042298550388898972e-19 5.514092863965037079e-21
2.777418254660866660e+04 1.992669268202180125e-19 5.156661163400967042e-21
2.778485472880805537e+04 1.857061728144815527e-19 5.168414487475226875e-21
2.779552688493842288e+04 1.990823631726583528e-19 5.290078486294728864e-21
2.780619901495223894e+04 2.010223132961146485e-19 5.165528312245041781e-21
2.781687111882989848e+04 1.995714727914916171e-19 5.137567499353683656e-21
2.782754319653009952e+04 2.042238563380767778e-19 5.274297239678121117e-21
2.783821524802478598e+04 2.031284470722536247e-19 5.337531994333053763e-21
2.784888727327211018e+04 1.992315235658887238e-19 5.345573969935062300e-21
2.785955927224953120e+04 1.990510453760348156e-19 5.271458210173508855e-21
2.787023124491320777e+04 1.892060859847466242e-19 5.111981023802483149e-21
2.788090319124067173e+04 1.968907964253183041e-19 5.270567861986932968e-21
2.789157511118754701e+04 2.118252033900358859e-19 5.303813375186717080e-21
2.790224700473111807e+04 2.012491658683474413e-19 5.056186608478488203e-21
2.791291887183043582e+04 1.839236516072603470e-19 4.714816968438387670e-21
2.792359071245767336e+04 1.931952899410418439e-19 4.853231489523143521e-21
2.793426252657676378e+04 1.938834239799385259e-19 5.162965930743405002e-21
2.794493431414843508e+04 1.979586336148196023e-19 5.246359327130216881e-21
2.795560607514826188e+04 2.012767643243541653e-19 5.257986892428784295e-21
2.796627780954309492e+04 2.013066805173637523e-19 5.176468320772583374e-21
2.797694951728876185e+04 1.977879315692734993e-19 5.144716805318545911e-21
2.798762119837106366e+04 2.026340395432998069e-19 5.211486233472878168e-21
2.799829285274036374e+04 2.040838048930330136e-19 5.165763229396034836e-21
2.800896448036650327e+04 1.974113234185676437e-19 5.166109258100764604e-21
2.801963608122477308e+04 1.871188220185184487e-19 5.221641179963900742e-21
2.803030765527363474e+04 1.986806209871449562e-19 5.294685591052160497e-21
2.804097920248509035e+04 1.890540858273254042e-19 4.914061450689392956e-21
2.805165072281548419e+04 1.983565750871392922e-19 5.516015363964835834e-21
2.806232221636286340e+04 1.918230450428839359e-19 5.242091650610747975e-21
2.807299369216769992e+04 1.903053719203400474e-19 5.155268919582566869e-21
2.808392444778899880e+04 1.892792855995769095e-19 5.078894662955575926e-21
2.809459587910344271e+04 1.886185606836322295e-19 5.187480824819603623e-21
2.810526728338079556e+04 1.953724430701644110e-19 5.286553638422622250e-21
2.811593866058815183e+04 2.095234932401370168e-19 5.194060999245943565e-21
2.812661001068665428e+04 1.983066053275078410e-19 4.983193534738440637e-21
2.813728133364578389e+04 2.004643846281154517e-19 5.149857247347274162e-21
2.814795262943323178e+04 1.940499017146359395e-19 5.076383619122295811e-21
2.815862389801319659e+04 2.040352580772655058e-19 5.083675387773418431e-21
2.816929513936160220e+04 2.061522277285368220e-19 5.331626267011629494e-21
2.817996635343345406e+04 2.141698277384374339e-19 5.288982143375495913e-21
2.819063754020489432e+04 2.040768982781288738e-19 5.299452633668688651e-21
2.820130869963748410e+04 2.086625107303494336e-19 5.345893026010593998e-21
2.821197983170429870e+04 2.099971178152014357e-19 5.037312971560033305e-21
2.822265093636956954e+04 1.937200272111440113e-19 5.119726138008237397e-21
2.823332201359705505e+04 1.925939753674761475e-19 5.225159401778719269e-21
2.824399306336048176e+04 2.018267403167679657e-19 5.282695446952512080e-21
2.825466408562714423e+04 2.011608772525611112e-19 5.382673868016240391e-21
2.826533508035842169e+04 1.960968192302538422e-19 4.977882536755440502e-21
2.827600604752423533e+04 1.909174785281350207e-19 4.910283759578578795e-21
2.828667698709193428e+04 1.915828157005455960e-19 5.190698697405340309e-21
2.829734789902323610e+04 2.057115259638858013e-19 5.346572785986927814e-21
2.830801878329733881e+04 1.937863597946108277e-19 5.104938855193824339e-21
2.831868963987569805e+04 1.929368502656079823e-19 5.210492369374581096e-21
2.832936046872216320e+04 1.945895072688100878e-19 5.331656159708643100e-21
2.834003126981060268e+04 1.938701950142161899e-19 4.892364887924945595e-21
2.835070204310550616e+04 1.862657695078296157e-19 4.963046878059230710e-21
2.836137278857433557e+04 1.909057383439405636e-19 5.273427794554867782e-21
2.837204350618138051e+04 2.029704476843257171e-19 5.134472796560899850e-21
2.838271419589680954e+04 1.936758185715953235e-19 5.049878965452038831e-21
2.839338485769452382e+04 1.941819298708728633e-19 5.101664367220166515e-21
2.840405549153009633e+04 1.941309028616083375e-19 5.111256711127116667e-21
2.841472609738001483e+04 2.040517070933343261e-19 5.256389499455316879e-21
2.842539667520549483e+04 2.059143678167388464e-19 5.496225008911551513e-21
2.843606722498314411e+04 1.866262198210759094e-19 5.061596745702876482e-21
2.844673774666879035e+04 1.895884285342452189e-19 5.211875733750463937e-21
2.845740824023303503e+04 1.960923942304188735e-19 4.986337002199493955e-21
2.846807870565851044e+04 2.028749456553848724e-19 5.001001572796259445e-21
2.847874914289131630e+04 1.918730565674213688e-19 5.157904652761469839e-21
2.848941955190844237e+04 1.973768123437857619e-19 4.976719457327240466e-21
2.850008993268068662e+04 2.012565322431009868e-19 5.102288139491382027e-21
2.851076028516969018e+04 1.971090276804818420e-19 5.113541474729703635e-21
2.852143060934615278e+04 2.003207066693372507e-19 5.097974641481201112e-21
2.853210090518021389e+04 2.061251712328795191e-19 5.387708789625584776e-21
2.854277117263412219e+04 1.846938124054597142e-19 5.059511454836025440e-21
2.855344141168166971e+04 1.954288363206494431e-19 5.126815635526855594e-21
2.856411162228453759e+04 1.987804372723503823e-19 5.224370959153787841e-21
2.857478180441647783e+04 1.954517698371177651e-19 4.870256662309709510e-21
2.858545195803877868e+04 2.089345432136293523e-19 5.042510928552409952e-21
2.859612208312276925e+04 2.166744092384517202e-19 5.194045628096369684e-21
2.860679217963626797e+04 1.979852460234098619e-19 5.204385091905004252e-21
2.861746224755016374e+04 1.971596521433836123e-19 4.997966585934976260e-21
2.862813228682604313e+04 1.931661884970656825e-19 5.007742342703236963e-21
2.863880229743451855e+04 1.897913474798144609e-19 5.169006374887337405e-21
2.864947227934696275e+04 2.016106158304138843e-19 5.089564974211019883e-21
2.866014223252821830e+04 1.979042463596950346e-19 5.108082543998355174e-21
2.867081215694313869e+04 1.900043555025148123e-19 4.981852201120954521e-21
2.868148205256251822e+04 1.873490524744253366e-19 4.995742315234719052e-21
2.869215191935712210e+04 1.993270948266810340e-19 5.157911184697621148e-21
2.870282175728921356e+04 1.969994533323384376e-19 5.150418027429602954e-21
2.871349156632977611e+04 2.048220664294427510e-19 5.127831069419098414e-21
2.872416134644990962e+04 1.909799322505442024e-19 4.929087288517204416e-21
2.873483109761129163e+04 1.954869617525812980e-19 4.957033776573811558e-21
2.874550081978477101e+04 1.997169558544889113e-19 5.210646633799097610e-21
2.875617051293876284e+04 1.936663245837288612e-19 5.153758742541532883e-21
2.876684017704135113e+04 1.784304961101655758e-19 5.094698053051205584e-21
2.877750981206366487e+04 1.890934356888143097e-19 5.184252723775750561e-21
2.878817941796748710e+04 2.005746510044028111e-19 4.960619978396960891e-21
2.879884899472367761e+04 2.078698661635590564e-19 4.908329578711284368e-21
2.880951854229461605e+04 2.008717965017358775e-19 4.977100316685681120e-21
2.882018806066696197e+04 1.870087571243762995e-19 4.767855904167727239e-21
2.883085754979032936e+04 2.050064808321834052e-19 5.106199054252470294e-21
2.884152700963585085e+04 1.972003011732769181e-19 5.149580438380264911e-21
2.885219644018060353e+04 1.937371494022040698e-19 4.962750899582531021e-21
2.886286584138394392e+04 2.094232134915174094e-19 5.240645906069755057e-21
2.887353521321719745e+04 1.999083235454954616e-19 4.831268842287729126e-21
2.888420455565166776e+04 1.962282766547303835e-19 4.889497425037357012e-21
2.889487386864935979e+04 1.997083028379271226e-19 5.108415287910321777e-21
2.890554315218115153e+04 2.020482982032257511e-19 4.788912303764412304e-21
2.891621240621262405e+04 1.891736935667806163e-19 4.780763369727319764e-21
2.892688163072146563e+04 1.928789328919458456e-19 5.189713023732218995e-21
2.893755082566347482e+04 2.024473082643441785e-19 5.350656855984071042e-21
2.894821999101945767e+04 1.896713492810128388e-19 4.949196837714992486e-21
2.895888912674487074e+04 2.012045412859926907e-19 4.998768518305180027e-21
2.896955823281760240e+04 2.045097399263810382e-19 5.117897608763822290e-21
2.898022730919994501e+04 2.083721157652391897e-19 4.961166134875906637e-21
2.899089635586965596e+04 2.069046246806749296e-19 5.264713709802225195e-21
2.900156537278883479e+04 1.989741827212851665e-19 4.975939419188005567e-21
2.901223435991627412e+04 1.948932686861493283e-19 4.958021595787734031e-21
2.902290331723908457e+04 1.895671003293704162e-19 4.831903383436602490e-21
2.903357224471031441e+04 2.047821809987131964e-19 4.716797189141467801e-21
2.904424114230783744e+04 2.005013615748523825e-19 5.019624480826320596e-21
2.905491000999381140e+04 1.889060055455051274e-19 4.987263686495320594e-21
2.906557884774615013e+04 1.969450775630406870e-19 4.878024117580676174e-21
2.907624765552653116e+04 1.945394249542994958e-19 4.915651799597084078e-21
2.908691643329764338e+04 1.871295003296558142e-19 4.872804590363610519e-21
2.909758518103748065e+04 1.916916244896213710e-19 4.856194465973401261e-21
2.910825389870824438e+04 2.054361375321191627e-19 4.907266200903085002e-21
2.911892258628164564e+04 1.930658957709872142e-19 4.899352713318360624e-21
2.912959124373226950e+04 1.867621204807756454e-19 4.943964164662476171e-21
2.914025987101926512e+04 1.834579195478979413e-19 4.844130129106321125e-21
2.915092846811143318e+04 1.888842489128760269e-19 5.079611201855404452e-21
2.916159703498053204e+04 1.788484463841105721e-19 4.952421365093028951e-21
2.917226557160156881e+04 1.874861476450645916e-19 4.755363189409010266e-21
2.918293407793358347e+04 1.865636453308821452e-19 4.757372133194787324e-21
2.919360255394474734e+04 1.878053788866111755e-19 4.893810134656530271e-21
2.920427099961059139e+04 1.870272441550922853e-19 4.927953047992599217e-21
2.921493941489340068e+04 1.908057480416527427e-19 4.837870226827253114e-21
2.922560779976824779e+04 1.903191068283706138e-19 4.912977125398706541e-21
2.923627615420063375e+04 1.834600334495189952e-19 4.992581213478671700e-21
2.924694447815906096e+04 1.990897917544871678e-19 5.006276195989851500e-21
2.925761277160578175e+04 1.857278286458455754e-19 4.892985187291074366e-21
2.926828103452263167e+04 1.894309365472982316e-19 4.771907850716912401e-21
2.927894926687196130e+04 1.928482887160168283e-19 4.892853316504222263e-21
2.928961746861936990e+04 2.012935079829162178e-19 5.152654738113510398e-21
2.930028563974320059e+04 2.028538064290171706e-19 4.912920170150507533e-21
2.931095378019907730e+04 1.920102493116128596e-19 4.993940618096165467e-21
2.932162188996248369e+04 1.941123506049948631e-19 5.065777567973599426e-21
2.933228996900235870e+04 1.999887669913905194e-19 4.853409687153216856e-21
2.934295801729078448e+04 1.944194597446459891e-19 4.894739353226670033e-21
2.935362603479336030e+04 1.976504177344384459e-19 4.888748388934755915e-21
2.936429402147575092e+04 1.888925787453744868e-19 4.949076867440566515e-21
2.937496197731279244e+04 1.883155669267215233e-19 4.789913355978117191e-21
2.938562990226420152e+04 1.946681198236677093e-19 4.886346034225118346e-21
2.939629779631177371e+04 1.884266668650860414e-19 4.899721224957593552e-21
2.940696565941478548e+04 1.880363200984571587e-19 4.971425950191322792e-21
2.941763349154860043e+04 2.006896953134006425e-19 4.979404082122337258e-21
2.942830129267561642e+04 1.928610301465261422e-19 4.966553041108757783e-21
2.943896906276450318e+04 1.987874262056994262e-19 5.028161661363580520e-21
2.944963680179758376e+04 1.924292169115854630e-19 4.856545673348617829e-21
2.946030450973088227e+04 1.895641629818278147e-19 4.888266456435401112e-21
2.947097218653342497e+04 2.016398387736901508e-19 4.869918106478506705e-21
2.948163983218069188e+04 2.013680870154046253e-19 4.844409458820911397e-21
2.949230744663185033e+04 1.949930831938315066e-19 5.241498044967991354e-21
2.950297502994542083e+04 1.866623789505451034e-19 5.151106510883873414e-21
2.951364287769727162e+04 1.967035308089271024e-19 5.276819150336812527e-21
2.952431077283910781e+04 2.013241265035391626e-19 5.375244535173948276e-21
2.953497863666441845e+04 2.065035315507999516e-19 5.166766298642223617e-21
2.954564646914232799e+04 1.930945092690209001e-19 5.067612092295468718e-21
2.955631427024505319e+04 1.924167840417551513e-19 4.904763161406599431e-21
2.956698203993495554e+04 2.035547131253591771e-19 4.995537968265512611e-21
2.957764977818154875e+04 1.811603002519529366e-19 4.601117285462192669e-21
2.958831748496375440e+04 1.882834490953893972e-19 4.737943957009392195e-21
2.959898516024094351e+04 1.892355844730890204e-19 4.511045226624136816e-21
2.960965280398556934e+04 1.863980405057349002e-19 4.428357852729263072e-21
2.962032041617003415e+04 1.854136409571715183e-19 4.624421358097453607e-21
2.963098799675659029e+04 1.776568017636269573e-19 4.832541765754250656e-21
2.964165554571818939e+04 1.840248821659291979e-19 4.778264549034497510e-21
2.965232306302074721e+04 1.828446465659786880e-19 4.985273074529667149e-21
2.966299054864337450e+04 1.826576353975460912e-19 4.897981439086747961e-21
2.967365800254876740e+04 1.846798027788360833e-19 4.755072047771457351e-21
2.968432542469956024e+04 1.937037379916075070e-19 4.843808875061742533e-21
2.969499281507453634e+04 1.821726793083773867e-19 4.679321295150290933e-21
2.970566017364003346e+04 1.881097828715192638e-19 4.913307531616439458e-21
2.971632750036873040e+04 1.735602172409090185e-19 4.604715237383132997e-21
2.972699479522001275e+04 1.833123528609189431e-19 4.792595189243855012e-21
2.973766205817312948e+04 1.670122655104033299e-19 4.583773719881422035e-21
2.974832928919413098e+04 1.774994637186781411e-19 4.921017213015456749e-21
2.975899648825209078e+04 1.818056662120710803e-19 4.664855174578980432e-21
2.976966365531313932e+04 1.850465437258862176e-19 4.749536041722771399e-21
2.978033079035681658e+04 1.873276484073930472e-19 4.852222379134829037e-21
2.979099789334254456e+04 1.744854972984460590e-19 5.027696504431827145e-21
2.980166496424306024e+04 1.840889346127429232e-19 4.803107558207765281e-21
2.981233200302775367e+04 1.850077693410474170e-19 4.728906710363856775e-21
2.982299900966270798e+04 1.838945450099016886e-19 4.854864146951212136e-21
2.983366598412700478e+04 1.838238802357283354e-19 4.750680715731692289e-21
2.984433292637717386e+04 1.875071581691642834e-19 4.919295520015407035e-21
2.985499983639266793e+04 1.646714391861119759e-19 4.502651506694498533e-21
2.986566671413964650e+04 1.779382349524828951e-19 4.568912362301939153e-21
2.987633355958762331e+04 1.801031338971866895e-19 4.627864839118974040e-21
2.988700037270271423e+04 1.760254388923719222e-19 4.515357741406022702e-21
2.989766715346091587e+04 1.678305885842424400e-19 4.611574325762213662e-21
2.990833390182512085e+04 1.751566375651214771e-19 4.535838631610976010e-21
2.991900061777508745e+04 1.738303455352968146e-19 4.589879257942456979e-21
2.992966730126699258e+04 1.689272954231945592e-19 4.878969742834119443e-21
2.994033395228380687e+04 1.750653092739841881e-19 4.733232795122973955e-21
2.995100057077833844e+04 1.751666379038442668e-19 4.646592653574298720e-21
2.996166715673696308e+04 1.781383274133544496e-19 4.797918977761344274e-21
2.997233371012220596e+04 1.733731666020177145e-19 4.531012598727211046e-21
2.998300023090060859e+04 1.757391221028653505e-19 4.700419791210025558e-21
2.999366671904861869e+04 1.757104099548290105e-19 4.323783492421808123e-21
3.000433317453250129e+04 1.724421207105112786e-19 4.803303647426884599e-21
3.001499959731852141e+04 1.767588057978097999e-19 4.742221174551022248e-21
3.002566598737973982e+04 1.864451264110415767e-19 4.682422817579871245e-21
3.003633234469255694e+04 1.652164034485777908e-19 4.532693229000468906e-21
3.004699866921276407e+04 1.723175241480459190e-19 4.764333918212138380e-21
3.005766496092061061e+04 1.806291013405031446e-19 4.638947271159003579e-21
3.006833121977905466e+04 1.659562089108355752e-19 4.637082540236038521e-21
3.007899744576119701e+04 1.707949938929847669e-19 4.454329647020153196e-21
3.008966363883674785e+04 1.668132401039627337e-19 4.703125211136843661e-21
3.010032979898228587e+04 1.799098540706857471e-19 4.573849551408548153e-21
3.011099592615395159e+04 1.821544929009029600e-19 4.657784065083338359e-21
3.012166202032793808e+04 1.754758515938421315e-19 4.700885199636168203e-21
3.013232808148123877e+04 1.666695264406519479e-19 4.692120301490059497e-21
3.014299410956662177e+04 1.692009931675736989e-19 4.536313794503729436e-21
3.015366010457093216e+04 1.887909554786304470e-19 4.594628520652653832e-21
3.016432606645374835e+04 1.815204395446686494e-19 4.508854956058087820e-21
3.017499199519172180e+04 1.815095919792503378e-19 4.756355329474894339e-21
3.018565789074787972e+04 1.670191647095387022e-19 4.529157366001593649e-21
3.019632375309854979e+04 1.760711609497703297e-19 4.767770733895895770e-21
3.020698958221050270e+04 1.810771522864355478e-19 4.658669737231382323e-21
3.021765537804682390e+04 1.720448441266723870e-19 4.553037718492341432e-21
3.022832114058763909e+04 1.760307984234299370e-19 4.592222522662367377e-21
3.023898686979943523e+04 1.828139528166671412e-19 4.758574770063015510e-21
3.024965256564870651e+04 1.846377797334750085e-19 4.790332365922108863e-21
3.026031822812592509e+04 1.717139663102036955e-19 4.717676136702612946e-21
3.027098385716309713e+04 1.767628042639091040e-19 4.804493012252038954e-21
3.028164945276454819e+04 1.815866176867093305e-19 4.847756127675464936e-21
3.029231501487635614e+04 1.833980012668757896e-19 4.798931782360713273e-21
3.030298054347878860e+04 1.836665926613034298e-19 4.737349138780882707e-21
3.031364603855213863e+04 1.819977172811904002e-19 4.518549893136078936e-21
3.032431150004920346e+04 1.856043871678367250e-19 4.709330214785419084e-21
3.033497692795033072e+04 1.845009301708155397e-19 4.610283398398091504e-21
3.034564232221509519e+04 1.810543249787015586e-19 4.620507936756773603e-21
3.035630768282018107e+04 1.897397300858882393e-19 4.657073249107032451e-21
3.036697300974631071e+04 1.962720225838330091e-19 4.795400882047833134e-21
3.037763830294277795e+04 1.834038116345905197e-19 4.852872727051693767e-21
3.038830356239349931e+04 1.838518079440137384e-19 4.964836894392376768e-21
3.039896878806851964e+04 1.860587754024381904e-19 4.849612228713162473e-21
3.040963397992408864e+04 1.823322614529297285e-19 4.820452315973409409e-21
3.042029913795799439e+04 1.767506934732140600e-19 4.745328230163983681e-21
3.043096426210896607e+04 1.784082533898913512e-19 4.653606543046242686e-21
3.044162935235750047e+04 1.895606387959377742e-19 4.837518317098318477e-21
3.045229440869476821e+04 1.898194123619057739e-19 4.832984780468288687e-21
3.046295943105615152e+04 1.786183317591180196e-19 4.809236352991124032e-21
3.047362441943612430e+04 1.898248065157290404e-19 4.712507096418867087e-21
3.048428937380485149e+04 1.903320992874941685e-19 4.757387697768183014e-21
3.049495429411159785e+04 1.889090219848983470e-19 4.955913405654418152e-21
3.050561918034397968e+04 1.841438201589292773e-19 4.740901603752925832e-21
3.051628403247890674e+04 1.916184589083969135e-19 4.768637713255563480e-21
3.052694885046574564e+04 1.868396119602872123e-19 4.840327599623453640e-21
3.053761363429232733e+04 1.748278027765990187e-19 4.708735520652697168e-21
3.054827838391835758e+04 1.795031022896706759e-19 4.830111959970934448e-21
3.055894309931408861e+04 1.849663817508587630e-19 5.063953827597850330e-21
3.056960778045672851e+04 1.768062215630631029e-19 4.821628368330324220e-21
3.058027242730954458e+04 1.792982804677727944e-19 4.663528417086201620e-21
3.059093703984980675e+04 1.915413985896088172e-19 4.470288913887557924e-21
3.060160161804407471e+04 1.849993066291422517e-19 4.411315614415124739e-21
3.061226616186268802e+04 1.862720130499110623e-19 4.168896120233803278e-21
3.062293067127258473e+04 1.980103177334100119e-19 4.891629455319774841e-21
3.063359514625460361e+04 1.902902436384567113e-19 4.799716330241284504e-21
3.064425958676850132e+04 1.893768871492092967e-19 4.852912568713860781e-21
3.065492399278111770e+04 1.859048742193203607e-19 4.800376531727392082e-21
3.066558836428034556e+04 1.894343586613415173e-19 4.673999417800403509e-21
3.067625270122246729e+04 1.828840124742670919e-19 4.956284517761319503e-21
3.068691700357774243e+04 1.907548559540335574e-19 4.942903627085091211e-21
3.069758127132342634e+04 1.910322453652459151e-19 4.993857194014234722e-21
3.070824550442662076e+04 1.951114768254448755e-19 5.079750783560191252e-21
3.071890970285064031e+04 1.865855814332129045e-19 4.753320638414125623e-21
3.072957386657648749e+04 1.927810210617093214e-19 4.914717643539302007e-21
3.074023799558163955e+04 1.897955288879454911e-19 4.978593951437255565e-21
3.075090208981530304e+04 1.865060462407467215e-19 4.804625528212248614e-21
3.076156614925849499e+04 1.895339966328032187e-19 4.799505616655540617e-21
3.077223017388874723e+04 1.905046821858983515e-19 4.811259138899643272e-21
3.078289416365866055e+04 1.838219639443234979e-19 5.036710373340947488e-21
3.079382210236577157e+04 2.010012677453118029e-19 4.977011523153468232e-21
3.080448604916176191e+04 1.941846349077166568e-19 4.955092002501590884e-21
3.081514995261460354e+04 1.932102953988475366e-19 4.879992229118901186e-21
3.082581382098243921e+04 1.897763801427255998e-19 5.019813094696047252e-21
3.083647765436526606e+04 1.973650535092148889e-19 4.985784869623787390e-21
3.084714145271978487e+04 1.885497129449870919e-19 4.867721218004669960e-21
3.085780521600277280e+04 1.884379056852311817e-19 4.950647043658354152e-21
3.086846894420883473e+04 1.838201930162352116e-19 4.718189148095976151e-21
3.087913263730493782e+04 1.831193598467439469e-19 4.769990779048939248e-21
3.088979629523745098e+04 1.981408999786388990e-19 5.167568922825894987e-21
3.090045991799765034e+04 1.864108780615704614e-19 5.145206463917158754e-21
3.091112350555986632e+04 1.934611919968056764e-19 4.944253367961758924e-21
3.092178705789105516e+04 1.957325926907406951e-19 4.856199093714175986e-21
3.093245057494798675e+04 1.913422061230944457e-19 4.748069259931683934e-21
3.094311405671511602e+04 1.939504208875638706e-19 5.036960810160494332e-21
3.095377750316986203e+04 1.912663215503535376e-19 4.790325160131994320e-21
3.096444091425524311e+04 1.875803770560198355e-19 4.981139675548679972e-21
3.097510428996244082e+04 1.936554684006745652e-19 4.823541008259214477e-21
3.098576763026569461e+04 1.877551289362358179e-19 4.946174290846248908e-21
3.099643093512532141e+04 1.907966977648187521e-19 4.843718364972327092e-21
3.100709420451884216e+04 1.864365867973460277e-19 4.702081358717768885e-21
3.101775743841009535e+04 1.828807819681474730e-19 4.794989741749531420e-21
3.102842063677657643e+04 1.943674959986635876e-19 4.861350014751260343e-21
3.103908379958204023e+04 1.865314743941797682e-19 4.787210644312338891e-21
3.104974692679716463e+04 1.923667367979223029e-19 4.919490011360742672e-21
3.106041001839968521e+04 1.858772843530000924e-19 4.972510275379728033e-21
3.107107307436029441e+04 1.804999888397675266e-19 4.941532261536752310e-21
3.108173609464253241e+04 1.865293601079539951e-19 4.862552602068127733e-21
3.109239907921729900e+04 1.796826528904872137e-19 5.022277737503301295e-21
3.110306202807262162e+04 1.882437581751206543e-19 4.888515599595143579e-21
3.111372494114809888e+04 1.853934780889158179e-19 4.694408748524887982e-21
3.112438781843860852e+04 1.822831747563543625e-19 4.843472045249110866e-21
3.113505065990478033e+04 1.915009026247533027e-19 4.908952837928061392e-21
3.114571346552771865e+04 1.997613608216007225e-19 5.072372154433786645e-21
3.115637623526778043e+04 1.993804555446448144e-19 5.115400165911437348e-21
3.116703896909909963e+04 1.967612567007813633e-19 4.726790340058862689e-21
3.117770166698922549e+04 1.859643870641084420e-19 4.902837887428455583e-21
3.118836432892604353e+04 1.873840704078103236e-19 4.805858154762771643e-21
3.119902695484908327e+04 1.901998692033850879e-19 4.910324610266441366e-21
3.120968954475360806e+04 1.952683316044852238e-19 4.749883853204398369e-21
3.122035209860712348e+04 1.996545506633519422e-19 4.973989095819330834e-21
3.123101461636989188e+04 1.940825108089339787e-19 4.841199893849429013e-21
3.124167709802324316e+04 2.062803707651910045e-19 5.020572362433230322e-21
3.125233954353457375e+04 2.040189078280928389e-19 4.890892882787461562e-21
3.126300195287124006e+04 1.981945484451141920e-19 5.008898320084548929e-21
3.127366432601109409e+04 1.931075507198234613e-19 4.986846132438498871e-21
3.128432666291807618e+04 1.935521457420273311e-19 5.005936109648701229e-21
3.129498896356998375e+04 1.974677761240267529e-19 4.892315854067496999e-21
3.130565122793434421e+04 2.100461826841487861e-19 5.302849971706745377e-21
3.131631345598887856e+04 1.962588024008954392e-19 5.063661681678574315e-21
3.132697564768355005e+04 1.974318318711123424e-19 5.086727655869813908e-21
3.133763780301035149e+04 1.957686243003889091e-19 4.914511619644320553e-21
3.134829992193323051e+04 1.889471975920126249e-19 4.948949170166079930e-21
3.135896200441614201e+04 2.014576973374747254e-19 5.061768117328950674e-21
3.136962405044758998e+04 1.940355024800391916e-19 5.168585685658236573e-21
3.138028605998108833e+04 1.939849341018760849e-19 4.924937805155799584e-21
3.139094803300499188e+04 1.950517858125590661e-19 4.908231008836075239e-21
3.140160996946561863e+04 1.883130389674903068e-19 5.038137464099683617e-21
3.141227186935149803e+04 1.839709578367851236e-19 4.717655355452061050e-21
3.142293373263384274e+04 1.864816087577232056e-19 4.575172633233055988e-21
3.143359555928347982e+04 1.867385999016583794e-19 4.894187571286529735e-21
3.144425734925736469e+04 1.878835947027505332e-19 4.892632769829498572e-21
3.145491910254413961e+04 1.984479678779303712e-19 4.829966347995689594e-21
3.146558081910439796e+04 2.003148123499198828e-19 4.945110850325330381e-21
3.147624249891612635e+04 1.932865741855629183e-19 5.130686162267270779e-21
3.148690414194334880e+04 1.891509423242616245e-19 4.622714434892607016e-21
3.149756574816409557e+04 1.855755718201498066e-19 4.666179593473962735e-21
3.150822731753890912e+04 1.936025863602836810e-19 8.101636882772813263e-21
