9.796791784130566157e+03 8.741905489311481152e-20 1.465294063528236050e-20
9.803181223150764708e+03 9.325425698087936335e-20 1.199192139610294662e-20
9.809570676132358130e+03 9.242465426564778740e-20 1.226259171609903169e-20
9.815960143031845291e+03 4.892218628165822181e-20 1.062304627585815657e-20
9.822349623808284377e+03 6.758255629348124498e-20 1.126082172064130525e-20
9.828739118418889120e+03 8.907820415935782004e-20 1.237137639485395904e-20
9.835128626822401202e+03 7.351458184154635550e-20 1.075170949656578558e-20
9.841518148976245357e+03 3.351278660377190284e-20 1.075589572737519023e-20
9.847907684839203284e+03 7.837379697784825750e-20 1.098367131083694490e-20
9.854297234368601494e+03 6.167698683233073649e-20 1.078940297984982203e-20
9.860686797524382200e+03 8.139745846896145972e-20 1.049863099794848805e-20
9.867076374262469471e+03 6.817329904557466341e-20 1.043330955805859906e-20
9.873465964543092923e+03 7.834913477905038592e-20 1.016501859226637004e-20
9.879855568323297121e+03 8.507683860387640343e-20 1.111106265704948274e-20
9.886245185561954713e+03 7.661792071876981637e-20 1.105719296737382343e-20
9.892634816217218031e+03 5.901709186912925034e-20 9.859145315825640844e-21
9.899024460247919706e+03 5.030823867971447060e-20 1.024235190151952631e-20
9.905414117611666370e+03 6.146316849006117378e-20 1.055695843653145731e-20
9.911803788267443451e+03 6.384593614452925158e-20 9.995252246745671240e-21
9.918193472173703412e+03 6.134323533552748631e-20 1.074338647070121137e-20
9.924583169288782301e+03 8.024010583132914778e-20 1.054294091325134055e-20
9.930972879571727390e+03 5.824735964294361620e-20 9.659240808860441259e-21
9.937362602980210795e+03 7.038273518062560064e-20 1.000034898022143850e-20
9.943752339473414395e+03 6.466127371312808071e-20 9.873187119190655260e-21
9.950142089009919800e+03 8.251051331093041297e-20 1.000497674744005594e-20
9.956531851548221312e+03 7.883667016876508549e-20 1.032333522652416023e-20
9.962921627047055154e+03 6.351543209678336723e-20 1.065248123158941924e-20
9.969311415465170285e+03 7.234049968930642748e-20 9.900727736566914276e-21
9.975701216762185140e+03 4.273708007947307451e-20 1.003587061746881418e-20
9.982091030895104268e+03 5.825367898066519033e-20 9.607414829703220028e-21
9.988480857824035411e+03 6.510333868199977844e-20 9.081670066176297327e-21
9.994870697506930810e+03 7.804491050884347869e-20 1.009597922563935591e-20
1.000126054990337252e+04 8.893389042575733124e-20 1.017686341759004434e-20
1.000765041497266247e+04 4.069661747711592169e-20 9.199301158480814648e-21
1.001404029267196347e+04 8.195753144783293905e-20 1.006232881223220280e-20
1.002043018296269838e+04 6.126826297189040462e-20 1.020494098522584896e-20
1.002693372655430358e+04 5.741696958941093412e-20 9.353955981350988230e-21
1.003332365217338884e+04 6.949718331090301006e-20 9.937122388189087837e-21
1.003971358931653231e+04 7.153665824652600809e-20 1.047384449680889636e-20
1.004610353887429119e+04 5.870153026988620799e-20 9.662369892420729900e-21
1.005249350081376906e+04 3.487528044097110279e-20 1.010368930224433461e-20
1.005888347509434607e+04 3.335984461125186612e-20 9.634840943352072878e-21
1.006527346167621909e+04 5.392258363878436686e-20 9.793569837548096165e-21
1.007166346051680193e+04 6.608642854229669550e-20 1.015661788654250801e-20
1.007805347157651340e+04 6.773437602911761508e-20 1.001698218340627236e-20
1.008444349481439167e+04 6.241172868570463978e-20 1.017893618112130524e-20
1.009083353018907655e+04 6.453824591081138219e-20 9.535268542902974571e-21
1.009722357766112691e+04 7.291867026026181331e-20 9.770520365848145922e-21
1.010361363718833854e+04 6.705885246125522528e-20 1.044825928650376901e-20
1.011000370873172506e+04 7.307933539658204811e-20 9.725123561033059758e-21
1.011639379224958248e+04 6.730558268479470282e-20 9.716072341259489195e-21
1.012278388770180209e+04 4.935788792786235766e-20 1.060695937326765919e-20
1.012917399504758396e+04 5.747984793488265569e-20 9.927233622771105385e-21
1.013556411424612998e+04 4.261778856589579825e-20 9.534614885613688443e-21
1.014195424525799717e+04 3.320504290855962205e-20 9.021729183483409528e-21
1.014834438804204365e+04 3.028028810812606548e-20 9.421641198130918297e-21
1.015473454255809338e+04 4.470953271922758902e-20 1.044675751322817287e-20
1.016112470876573389e+04 5.823428506979840528e-20 1.032437946923310073e-20
1.016751488662384509e+04 7.033645136724569428e-20 9.984944382892990953e-21
1.017390507609359702e+04 7.922406700425976831e-20 9.200674500631374788e-21
1.018029527713355492e+04 8.872663731712420187e-20 9.434732194507723217e-21
1.018668548970389020e+04 6.709926104955289400e-20 9.416306160562126763e-21
1.019307571376397209e+04 5.632524149269952135e-20 9.126498582497060934e-21
1.019946594927379192e+04 5.277609136891615360e-20 9.356071437832588698e-21
1.020585619619392673e+04 6.238126687564771118e-20 9.251829455517265273e-21
1.021224645448302726e+04 7.280698048094236637e-20 9.292358413336272221e-21
1.021863672410163963e+04 8.606535868523014508e-20 8.929348782528315924e-21
1.022502700500989522e+04 5.415769488110274539e-20 8.679389950635671844e-21
1.023141729716691771e+04 6.551131900977074279e-20 8.969613073299332915e-21
1.023780760053385166e+04 4.887465925384073796e-20 9.213527652237396565e-21
1.024419791506945330e+04 6.500929231700927468e-20 9.000715804239877823e-21
1.025058824073424694e+04 7.190089353629958673e-20 9.606576271157880481e-21
1.025697857748890601e+04 7.812921530063891468e-20 9.541950013038982057e-21
1.026336892529270881e+04 5.776499440876982356e-20 9.040578294800213410e-21
1.026975928410635970e+04 4.254605360998662324e-20 9.171628172683753525e-21
1.027614965388910605e+04 5.102979546958720768e-20 8.788093162466019371e-21
1.028254003460212152e+04 4.509249267931754834e-20 8.802981387126909090e-21
1.028893042621408313e+04 4.273512712578875258e-20 8.876246358093536348e-21
1.029543485911571770e+04 6.948494237300274571e-20 9.478497857787577352e-21
1.030182528156544868e+04 4.533366772942937048e-20 9.336566073574585743e-21
1.030821571478262013e+04 5.934743688004454253e-20 9.402252846141652697e-21
1.031460615872736707e+04 2.494191163441855861e-20 9.301162496020035991e-21
1.032099661336097961e+04 4.813280638334591521e-20 9.139819311009102503e-21
1.032738707864296157e+04 8.241088427927696545e-20 9.414282413923321184e-21
1.033377755453438658e+04 5.411845990382589392e-20 8.683379725922541545e-21
1.034016804099528781e+04 5.430697704911052502e-20 8.872042928647105932e-21
1.034655853798644785e+04 6.178439002921142326e-20 9.737853194626901053e-21
1.035294904546805628e+04 7.857646277920480837e-20 9.225656373104895278e-21
1.035933956340089935e+04 7.764316174696530216e-20 1.065257576732504208e-20
1.036573009174524850e+04 3.797162022223418532e-20 9.011189052277147292e-21
1.037212063046204639e+04 5.791131979166778674e-20 8.497381334637545391e-21
1.037851117951191736e+04 6.486742009193956251e-20 9.056498507315734475e-21
1.038490173885497461e+04 6.203405590913172187e-20 8.691050021360393396e-21
1.039129230845266284e+04 6.594775316830161236e-20 8.927362279635893196e-21
1.039768288826522439e+04 6.108572546353498406e-20 8.489109084918919070e-21
1.040407347825356192e+04 4.503367743747900808e-20 8.598720994237155985e-21
1.041046407837843617e+04 3.346202886612682454e-20 8.734305276941854621e-21
1.041685468860032415e+04 4.038315965049345277e-20 8.948542818702712248e-21
1.042324530888086701e+04 5.881294360229059352e-20 8.446305633059526888e-21
1.042963593918001970e+04 7.418762319597327844e-20 9.048795758462042156e-21
1.043602657945902138e+04 4.824234433710031076e-20 8.325832407583815588e-21
1.044241722967893838e+04 6.668341753537086399e-20 9.031539454683200022e-21
1.044880788980059515e+04 5.448790331965791302e-20 8.703621086075962204e-21
1.045519855978487794e+04 4.252230366485514842e-20 8.137497537216363711e-21
1.046158923959310778e+04 7.662753697435725007e-20 8.907082624302804777e-21
1.046797992918609270e+04 7.584379941673730245e-20 8.592631826886601865e-21
1.047437062852436793e+04 6.143468888813642655e-20 8.749730382069855322e-21
1.048076133757022581e+04 6.461939085193717307e-20 8.494369695986720770e-21
1.048715205628355761e+04 4.168694723314250196e-20 8.511776382109108085e-21
1.049354278462659022e+04 8.732539623933080223e-20 8.800763181488723675e-21
1.049993352255992249e+04 6.667806091431909965e-20 8.619328170798994122e-21
1.050632427004432793e+04 6.321369096760969932e-20 8.621762037297263006e-21
1.051271502704225895e+04 6.166360524829262376e-20 8.342168736463501391e-21
1.051910579351395245e+04 5.184708964313878175e-20 8.189560642360136163e-21
1.052549656942113143e+04 4.908078829148204196e-20 8.213381395396347015e-21
1.053188735472482222e+04 6.657205878111672360e-20 8.594108927130826408e-21
1.053827814938673509e+04 4.759522660290795272e-20 7.926980906813942677e-21
1.054466895336803645e+04 5.852384271048685136e-20 8.073696613799032554e-21
1.055105976663020556e+04 5.884625356473327777e-20 8.089952402439885377e-21
1.055745058913468893e+04 4.848386840338009140e-20 8.155277069622944241e-21
1.056384142084297127e+04 6.614225980627106068e-20 8.324373728247747994e-21
1.057023226171647184e+04 7.371429101326185876e-20 8.421975217045497128e-21
1.057662311171690453e+04 4.348528804807440967e-20 8.196702343109287452e-21
1.058301397080568495e+04 4.656570565760674827e-20 7.710552195644410267e-21
1.058951926062117127e+04 4.980808145888494491e-20 8.047130094475721494e-21
1.059591014772828021e+04 5.485934800088717886e-20 8.143697359231171383e-21
1.060230104289066003e+04 5.210417428263903407e-20 8.464425684909783987e-21
1.060869194697625062e+04 5.505851583623423232e-20 8.551604570472244556e-21
1.061508285995518236e+04 5.607336624859298482e-20 7.615174101484891591e-21
1.062147378178914005e+04 6.877680049614910315e-20 7.261163505333842678e-21
1.062786471244022869e+04 6.899553814479869343e-20 7.503379385195203040e-21
1.063425565186992389e+04 6.418457232487332197e-20 8.213677903027272488e-21
1.064064660003996505e+04 4.759276701026279072e-20 7.365222043084863189e-21
1.064703755691240804e+04 6.023036843609484450e-20 7.829180976536946605e-21
1.065342852244927235e+04 5.939591413407895025e-20 7.954097911518493330e-21
1.065981949661189901e+04 6.137350381808470012e-20 8.040770092558608746e-21
1.066621047936278956e+04 4.978244482174209464e-20 7.710372696346027594e-21
1.067260147066366699e+04 5.763108332517051443e-20 8.257261920939039545e-21
1.067899247047658901e+04 5.452825503079544988e-20 8.223892583893543541e-21
1.068538347876344596e+04 5.979393227410248266e-20 8.395511623565514557e-21
1.069177449548639015e+04 5.275006476549936105e-20 7.524523406500635839e-21
1.069816552022983160e+04 5.739761432134488670e-20 7.740837477143619590e-21
1.070455651234509787e+04 6.097037854634353988e-20 8.046702603884101464e-21
1.071094748619100392e+04 8.059290568350464292e-20 8.129225007277369491e-21
1.071733846808478484e+04 4.432543332197901821e-20 8.023565757973959824e-21
1.072372945822508882e+04 7.157017441836243155e-20 8.502843754294203661e-21
1.073012045657404633e+04 6.768131134609162398e-20 7.847026348261145722e-21
1.073651146309390242e+04 5.482771504943993915e-20 8.056783315617639313e-21
1.074290247774714953e+04 5.253831499072286288e-20 8.232057306541639272e-21
1.074929350049585082e+04 5.650579534714909486e-20 7.809654457242286907e-21
1.075568453130233502e+04 4.436327303165038954e-20 8.144120308289711201e-21
1.076207557012946381e+04 7.340374922594159183e-20 7.824395283336406066e-21
1.076846661693884016e+04 4.074023714783826923e-20 7.865393180931793455e-21
1.077485767169337851e+04 5.149590464169089597e-20 7.754322319453695623e-21
1.078124873435533118e+04 4.544027466599190242e-20 7.873668120711921143e-21
1.078763980488735433e+04 2.938032661071599782e-20 7.871308630037790406e-21
1.079403088325197496e+04 5.268612700752141970e-20 7.807854796190240364e-21
1.080042196941133261e+04 4.195195405362461792e-20 7.521989060638381597e-21
1.080681306332876920e+04 3.989890215887149321e-20 7.921714701455956313e-21
1.081320416496588223e+04 5.498654315943625117e-20 7.753867453760976768e-21
1.081959527428618458e+04 4.282407938315677466e-20 7.943501427914414068e-21
1.082598639125170484e+04 4.568406259808869443e-20 7.879958096210362928e-21
1.083237751582547389e+04 4.850341439414351497e-20 8.154973868408577693e-21
1.083876864796997324e+04 6.544551058677635805e-20 8.854895194670502113e-21
1.084515978764826104e+04 4.183932395426592751e-20 8.016985279683963473e-21
1.085155093482286065e+04 5.569751272589965740e-20 7.435048310075239249e-21
1.085794208945630089e+04 4.877187410038902007e-20 7.944242110189322539e-21
1.086433325152015823e+04 5.092197537284579780e-20 7.663360385420065422e-21
1.087083923680437329e+04 6.895950219205454527e-20 7.610602824576792818e-21
1.087723042248616548e+04 6.028092213840558736e-20 7.636158052835665966e-21
1.088362161547545111e+04 7.029789998287767214e-20 7.865490984458452726e-21
1.089001281573537744e+04 6.312342789921798742e-20 7.261541776855408915e-21
1.089640402322831869e+04 5.072190877098535432e-20 7.905526389369559474e-21
1.090279523791790780e+04 6.261724447192891607e-20 8.028675463086581464e-21
1.090918645976650441e+04 5.948451726649512991e-20 7.718505863204622193e-21
1.091557768873764326e+04 4.335599612605865291e-20 7.707404895058883829e-21
1.092196892479426788e+04 4.979666469106912804e-20 7.517523344364796200e-21
1.092836016789925816e+04 7.481766250809536187e-20 7.440858183930208529e-21
1.093475141801605969e+04 5.440827863993290517e-20 6.906919576670708919e-21
1.094114267510768514e+04 5.165176652503909729e-20 7.523149819047932626e-21
1.094753393913743457e+04 4.856268132349573378e-20 7.678932266321491504e-21
1.095392521006831157e+04 3.768167199612071482e-20 7.428354982925244713e-21
1.096031648786385995e+04 5.181841095205294614e-20 7.929324854321369496e-21
1.096670777248708509e+04 5.907097772059108337e-20 7.933946864209446004e-21
1.097309906390146170e+04 4.503851072694906794e-20 7.454263775522935809e-21
1.097949036207017889e+04 4.587786979154009451e-20 7.318008375053142835e-21
1.098588166695665859e+04 6.826476366688518281e-20 7.920783047960613905e-21
1.099227297852419360e+04 5.173400079452116084e-20 8.347374297283294441e-21
1.099866429673643324e+04 7.969493065857633245e-20 7.601060944837774511e-21
1.100505562155642474e+04 6.134345929057443987e-20 7.555116593083034686e-21
1.101144695294794838e+04 5.362854945541982532e-20 7.193075668618425940e-21
1.101783829087438426e+04 6.169294072327480853e-20 7.207012089387253550e-21
1.102422963529941626e+04 6.778960457235858876e-20 7.557199786162964415e-21
1.103062098618651908e+04 7.445882293443600847e-20 7.557008258073424241e-21
1.103701234349913830e+04 5.967928909727547734e-20 7.381741767108239183e-21
1.104340370720092506e+04 4.769683102420141869e-20 6.992580204307597964e-21
1.104979507725561598e+04 4.708350270236197017e-20 7.258888704116896843e-21
1.105618645362684219e+04 5.145130737552011622e-20 6.916891338174625338e-21
1.106257783627804201e+04 3.142140840734290869e-20 7.277799848776618174e-21
1.106896922517358689e+04 6.066744452463042792e-20 7.478497741474518386e-21
1.107536062027629487e+04 5.414997756010855541e-20 7.663373504354646470e-21
1.108175202155067018e+04 5.408224081078676856e-20 7.843447249829088768e-21
1.108814342896045127e+04 4.678727889038167463e-20 7.609805916136536491e-21
1.109453484246899097e+04 5.208856910248842548e-20 7.375021489697043711e-21
1.110092626204080625e+04 4.748516882128805996e-20 7.381121405485058753e-21
1.110731768763916261e+04 4.747796745232377515e-20 6.855697996757103978e-21
1.111370911922845153e+04 6.095776976423067808e-20 7.361482415443821287e-21
1.112010055677227683e+04 4.227021758856181423e-20 6.784491117988938558e-21
1.112649200023461162e+04 2.647535629659348591e-20 6.602983564270381916e-21
1.113288344957974186e+04 3.618550947272583982e-20 6.740738793463776036e-21
1.113927490477155879e+04 4.719326009412673938e-20 6.621353257673849796e-21
1.114566636577398094e+04 4.857908298000898685e-20 7.308131715537724147e-21
1.115205783255115421e+04 5.981650541454665905e-20 6.788836872577018046e-21
1.115844930506739547e+04 5.676208870651507426e-20 6.829897381141110510e-21
1.116484078328655778e+04 6.810292831028035230e-20 7.355523560978718932e-21
1.117123226717295256e+04 5.630750413410237139e-20 7.005618917123148999e-21
1.117762375669055837e+04 6.931199306438905724e-20 7.052412118242966878e-21
1.118413047160196038e+04 3.115089000796030028e-20 6.909208419528865432e-21
1.119052198190550553e+04 2.064738722065472751e-20 6.776492624630381319e-21
1.119691349684672787e+04 3.906991038723349126e-20 6.847449971754081081e-21
1.120330501726490365e+04 5.680686041620361868e-20 6.711666910117561215e-21
1.120969654313292995e+04 5.459258822828157103e-20 6.829343993682315950e-21
1.121608807441489444e+04 5.030987494903049540e-20 7.105469368902524738e-21
1.122247961107537412e+04 5.246241031073246198e-20 7.362016363646086539e-21
1.122887115307857493e+04 5.488613085994214611e-20 7.260185135201054389e-21
1.123526270038924122e+04 3.569761957032702714e-20 7.069389781383331269e-21
1.124165425297134789e+04 3.877694320524107964e-20 6.746035258501549124e-21
1.124804581078987212e+04 5.450844669703973168e-20 7.348483102166092260e-21
1.125443737380895436e+04 1.736055979224608270e-20 7.191920068011421759e-21
1.126082894199361544e+04 3.575911922641935909e-20 6.967228428281551365e-21
1.126722051530787212e+04 4.087253943520012534e-20 6.991970812446306569e-21
1.127361209371676523e+04 5.080392249971805538e-20 6.884588750095514661e-21
1.128000367718470807e+04 4.330330296445751743e-20 7.059236575008239397e-21
1.128639526567636312e+04 4.854926328296027848e-20 7.079468386734205738e-21
1.129278685915663664e+04 5.424844545224871079e-20 6.994554906505507981e-21
1.129917845758996191e+04 4.150071337366695721e-20 7.043953386165408876e-21
1.130557006094115968e+04 4.843974174863636529e-20 7.156465800283982433e-21
1.131196166917503251e+04 4.643021513986186783e-20 6.540961139005857139e-21
1.131835328225645935e+04 5.051033758907521225e-20 6.986418478325472856e-21
1.132474490015007359e+04 4.604241777405709805e-20 7.212261518486904464e-21
1.133113652282092335e+04 4.335270646839136168e-20 6.552482030435331636e-21
1.133752815023369112e+04 5.270338989075421686e-20 6.932085499648464791e-21
1.134391978235346505e+04 5.010615530152692230e-20 6.750016655166969144e-21
1.135031141914500040e+04 5.134050255189927491e-20 6.679161042900517966e-21
1.135670306057334710e+04 3.076560738197151981e-20 6.632375282493874473e-21
1.136309470660355328e+04 3.522425300637555463e-20 6.738934966801587698e-21
1.136948635720042148e+04 6.274495376559301690e-20 6.870658908189918740e-21
1.137587801232927086e+04 5.805935316259053371e-20 6.986868232648484222e-21
1.138226967195496945e+04 5.583792341935425427e-20 6.788380463391480423e-21
1.138866133604265633e+04 4.107616121922688595e-20 6.270605945391253861e-21
1.139505300455754696e+04 6.254999663475663917e-20 6.814961594291172352e-21
1.140144467746464943e+04 5.445187208564116143e-20 6.517859706513355866e-21
1.140783635472923925e+04 5.749120748155580540e-20 6.597865732867788012e-21
1.141422803631638089e+04 4.889504673702658039e-20 6.913807485230004325e-21
1.142061972219148265e+04 4.014792614256020955e-20 6.266189242065606361e-21
1.142701141231981637e+04 5.095013618120126742e-20 6.503716158143015153e-21
1.143340310666637379e+04 6.111250643406323959e-20 7.060365239701951398e-21
1.143979480519671415e+04 3.297696680830479147e-20 6.765941466089860038e-21
1.144618650787620390e+04 4.110398468620698436e-20 6.275828897424595156e-21
1.145257821467006033e+04 4.372282629053434256e-20 6.333723682764477697e-21
1.145896992554371536e+04 4.358273025450616637e-20 6.668712220356106724e-21
1.146536164046270642e+04 4.731598919283433317e-20 6.500614731232054975e-21
1.147175335940031982e+04 6.436752224026352236e-20 6.773014942943500121e-21
1.147814508318374101e+04 5.208913181290934038e-20 6.223671563801456350e-21
1.148465243726845074e+04 5.894928575056226221e-20 6.566441201745276266e-21
1.149104417661888510e+04 6.456555577380135936e-20 6.845422306294175948e-21
1.149743591983919214e+04 4.946727520799943918e-20 6.630165996190054265e-21
1.150382766689475284e+04 4.706526139809620942e-20 6.284413925990718212e-21
1.151021941775120104e+04 4.125943130584109121e-20 6.422411771333656765e-21
1.151661117237439430e+04 4.362153666103550541e-20 6.508454887937488444e-21
1.152300293072946442e+04 3.513496786790096309e-20 6.591894267554982964e-21
1.152939469278272918e+04 3.870523834284484812e-20 6.083982504048880314e-21
1.153578645849950590e+04 4.991136872389917311e-20 6.287458209613928009e-21
1.154217822784569398e+04 4.136607403137246135e-20 6.264687696004391021e-21
1.154857000078688179e+04 4.662995144009353411e-20 6.720087769121476743e-21
1.155496177728914154e+04 6.257093410282551312e-20 6.609358964486193536e-21
1.156135355731799064e+04 3.860957931252266798e-20 6.376799708603195414e-21
1.156774534083965955e+04 4.651745987223066527e-20 6.503005151675786090e-21
1.157413712781951290e+04 4.940425654962433653e-20 6.651634197394738694e-21
1.158052891822402307e+04 4.558132376664695771e-20 6.262307201854039853e-21
1.158692071201862200e+04 5.078332474931941403e-20 6.185294470269358261e-21
1.159331250916968202e+04 4.984174010904863244e-20 5.650791007802153192e-21
1.159970430964272964e+04 4.448527139931043987e-20 5.226097645148195968e-21
1.160609611340432457e+04 4.656597442095030472e-20 5.290821628102482241e-21
1.161248792041992238e+04 6.267525591611536649e-20 6.320836129869403173e-21
1.161887973065601727e+04 5.031040269627456225e-20 6.337757680092232332e-21
1.162527154407846683e+04 3.936878446147351883e-20 6.426282347946691404e-21
1.163166336065365977e+04 5.715946140564331363e-20 6.557786745040249542e-21
1.163805518034730449e+04 4.404719019562655334e-20 6.377277664769585699e-21
1.164444700312586610e+04 5.960151643038685151e-20 6.289695296272118709e-21
1.165083882895548595e+04 5.213371317912632815e-20 6.037063665373177687e-21
1.165723065780249090e+04 4.215779903001158983e-20 6.348540050014267225e-21
1.166362248963296952e+04 3.907888179887669412e-20 6.007522587504305583e-21
1.167001432441323959e+04 4.553198871248332633e-20 6.222550503532556384e-21
1.167640616210951521e+04 2.587456386397536272e-20 6.227371936305133207e-21
1.168279800268835061e+04 4.259812513725930022e-20 6.104054916783641325e-21
1.168918984611589804e+04 5.446018108441399432e-20 6.239180901226215053e-21
1.169558169235867172e+04 3.766268778140565008e-20 5.874411222714932653e-21
1.170197354138284209e+04 4.767161131543838391e-20 6.307166805620213906e-21
1.170836539315527079e+04 3.087833841569764866e-20 6.059287716910513078e-21
1.171475724764191000e+04 2.600829822146158598e-20 6.189777408356393714e-21
1.172114910480963226e+04 4.782015451649758074e-20 5.600378837250331728e-21
1.172754096462482448e+04 5.257485107255407518e-20 5.121764261935021112e-21
1.173393282705385172e+04 5.258989381698477814e-20 5.384782728529925044e-21
1.174032469206358837e+04 5.324576733227318467e-20 6.039250333047736143e-21
1.174671655962046862e+04 2.922445113824609180e-20 6.183833924048130357e-21
1.175310842969103214e+04 4.468794871180419257e-20 6.083150604829466094e-21
1.175950030224208058e+04 4.125149989007500173e-20 5.926356834602493797e-21
1.176589217724013361e+04 3.139553742089653802e-20 5.591924309047629447e-21
1.177228405465198739e+04 4.895112776007891620e-20 5.893994793847802560e-21
1.177867593444435806e+04 3.542035487740592255e-20 6.236172979457176451e-21
1.178506781658403452e+04 3.485992468491244784e-20 6.083930489809251564e-21
1.179145970103763648e+04 3.801593167264944627e-20 6.323961495022764882e-21
1.179785158777211109e+04 4.505208271155141987e-20 5.881461495075671737e-21
1.180424347675416902e+04 3.466234365816459371e-20 6.107186291989255418e-21
1.181063536795075561e+04 2.899482990060288173e-20 5.971826956612677445e-21
1.181702726132872522e+04 3.116045523274950290e-20 6.064189158513466814e-21
1.182353520800918341e+04 5.048004351992264245e-20 5.713402904272322652e-21
1.182992711494374089e+04 4.610125402852653126e-20 5.945939205115427876e-21
1.183631902310804435e+04 3.405773200043826158e-20 5.595996436391749011e-21
1.184271093331070369e+04 3.325901842749333648e-20 6.115619933961815814e-21
1.184910284552665871e+04 4.169737299316735958e-20 6.457316836426609055e-21
1.185549475972283290e+04 4.528506599868443554e-20 6.804924283008761726e-21
1.186188667586643896e+04 3.337726951513045989e-20 6.018272768593321100e-21
1.186827859392438586e+04 5.651756268175274773e-20 6.404474979402294285e-21
1.187467051386392995e+04 4.466437871507462811e-20 5.899899690796375444e-21
1.188106243565207296e+04 3.446498992924592620e-20 6.235608798711457831e-21
1.188745435925619495e+04 5.455907818920453712e-20 6.522873434011790509e-21
1.189384628464326306e+04 5.536588240765993804e-20 6.577193895157351176e-21
1.190023821178066282e+04 3.830654880549241352e-20 6.334285486535423728e-21
1.190663014063547962e+04 3.074868225630092242e-20 5.898080811045333688e-21
1.191302207117519174e+04 5.453742140887052884e-20 5.745752602271052515e-21
1.191941400336689549e+04 4.952498003839206912e-20 5.656142368650257081e-21
1.192580593717808733e+04 4.923973962650423623e-20 6.094533088404099735e-21
1.193219787257590178e+04 5.749963700699654180e-20 6.063045126265366268e-21
1.193858980952794263e+04 4.647655487566274916e-20 5.769882592878942162e-21
1.194498174800142806e+04 4.982890544304293650e-20 6.069585010845546766e-21
1.195137368796393275e+04 4.400804239623399520e-20 6.250006081923182050e-21
1.195776562938279130e+04 3.869775560885464903e-20 6.324488285140723174e-21
1.196415757222554930e+04 5.078191285442166642e-20 5.997066122864654690e-21
1.197054951645963411e+04 5.282133771737430613e-20 6.576898018009168812e-21
1.197694146205273501e+04 2.686882639493515307e-20 6.117273963023211505e-21
1.198333340897216840e+04 3.264403554512629893e-20 6.019340097521613223e-21
1.198972535718576910e+04 3.550301095540236735e-20 6.097439964066671337e-21
1.199611730666090079e+04 4.026659436241555756e-20 5.657978611586679514e-21
1.200250925736543286e+04 5.070415979717933352e-20 5.956900101732803601e-21
1.200890120926681084e+04 5.132224571556508837e-20 6.077179976576524010e-21
1.201529316233286045e+04 5.559419134246503496e-20 5.910826402202918195e-21
1.202168511653120731e+04 3.420405618722487212e-20 5.972561491767961660e-21
1.202807707182967897e+04 2.546075698438367280e-20 5.838211221300895294e-21
1.203446902819588468e+04 3.551295609193956306e-20 5.863247365961239837e-21
1.204086098559781203e+04 4.883828750663554068e-20 5.567693273437718391e-21
1.204725294400304847e+04 3.368034940515806331e-20 5.901917597872184596e-21
1.205364490337963070e+04 4.183884739621847686e-20 6.035164531329302588e-21
1.206003686369530078e+04 5.107692265033863711e-20 6.224327014337942023e-21
1.206642882491798264e+04 4.346297825673838782e-20 5.794442204120938891e-21
1.207282078701559658e+04 3.307884635108124731e-20 6.382227696493153664e-21
1.207921274995605199e+04 3.066895657803913856e-20 5.742237978804588196e-21
1.208560471370737469e+04 4.453094335604503103e-20 6.017496289060715763e-21
1.209199667823746859e+04 3.761963716054445397e-20 5.840532322136519156e-21
1.209838864351444681e+04 3.235295591659387776e-20 5.861736375657957065e-21
1.210478060950624786e+04 2.600478553615984221e-20 5.455564213067369269e-21
1.211117257618103577e+04 4.811398613052418639e-20 6.138856056014924242e-21
1.211756454350678723e+04 5.759309227653243618e-20 6.014303850333406079e-21
1.212395651145177362e+04 2.120301927881288237e-20 6.334891031478980757e-21
1.213034847999184785e+04 2.356775881563622049e-20 5.839696357926175513e-21
1.213674044992272320e+04 2.648208701562658072e-20 5.827956285676821458e-21
1.214324888893352727e+04 3.687079933398848732e-20 5.886607947650332165e-21
1.214964086732796204e+04 4.500242837738278575e-20 5.991716949419399838e-21
1.215603284617953796e+04 3.684782200113911356e-20 5.980788695043605383e-21
1.216242482545674102e+04 2.984253848344847556e-20 5.611922778975110085e-21
1.216881680512768617e+04 1.934971246944642296e-20 5.583200333013063298e-21
1.217520878516085577e+04 3.015370441023614973e-20 5.755007674715918188e-21
1.218160076552447936e+04 3.321671499806001088e-20 5.692101942569601715e-21
1.218799274618698655e+04 2.672935928338760096e-20 5.748625762751688352e-21
1.219438472711675968e+04 2.770295686949647598e-20 5.256842952523757616e-21
1.220077670828220107e+04 2.527401585213128150e-20 5.573118125218124918e-21
1.220716868965182221e+04 4.419447340234354328e-20 5.786363367628316876e-21
1.221356067119398540e+04 3.675059038455437155e-20 5.600290437574988889e-21
1.221995265287734765e+04 4.396303398126646649e-20 5.501799988296145433e-21
1.222634463467022033e+04 3.486487030528109355e-20 5.531500227262394267e-21
1.223273661654141506e+04 3.098932556540489239e-20 5.615544408294802773e-21
1.223912859845920138e+04 4.864880055762060612e-20 5.551591168297941221e-21
1.224552058039252006e+04 4.517373512376334375e-20 5.686359787473200144e-21
1.225191256230959880e+04 3.767641060463992656e-20 5.171616603196132684e-21
1.225830454417952205e+04 3.564276437670663751e-20 5.320500713412458288e-21
1.226469652597051754e+04 3.435648577573305848e-20 5.385342956328732628e-21
1.227108850765170610e+04 3.875806863904327619e-20 5.196091138065353934e-21
1.227748048919144094e+04 5.078107993902970748e-20 5.586980480020602741e-21
1.228387247055879379e+04 3.969338577819535576e-20 5.471105645422159753e-21
1.229026445172226522e+04 4.114226508690502797e-20 5.768074318288713075e-21
1.229665643265087419e+04 6.064415872830770858e-20 5.598393710797947732e-21
1.230304841331328134e+04 3.723623476501179791e-20 5.651229467869412643e-21
1.230944039367843652e+04 5.324421893253124226e-20 5.548799787364664232e-21
1.231583237371517862e+04 3.495610540112193019e-20 5.511191603769930554e-21
1.232222435339239019e+04 3.455044095986272880e-20 5.651045832920971114e-21
1.232861633267905927e+04 3.348149231852264534e-20 5.356746731688097995e-21
1.233500831154400657e+04 4.519740243589659381e-20 5.645536361287639672e-21
1.234140028995637840e+04 4.606761582656779743e-20 5.698952671738387205e-21
1.234779226788496999e+04 5.135524749203319863e-20 5.709394473131067070e-21
1.235418424529907315e+04 2.562029267266583383e-20 5.375363062437254949e-21
1.236057622216737218e+04 3.323234510697435381e-20 5.424252367159870281e-21
1.236696819845937353e+04 3.358220735258975373e-20 5.595376230577711675e-21
1.237336017414370872e+04 3.875325308838162149e-20 5.653566919052787920e-21
1.237975214918994789e+04 3.002190320179687431e-20 5.132362183148418009e-21
1.238614412356686262e+04 2.906964942843464168e-20 5.318597003570786809e-21
1.239253609724390117e+04 3.919154501411524532e-20 5.455954964331105851e-21
1.239892807019007341e+04 3.769480950633252476e-20 5.732821897095240682e-21
1.240532004237474757e+04 2.346002046826110186e-20 5.300028224258258057e-21
1.241171201376708450e+04 4.068873814389524017e-20 5.437356392788061660e-21
1.241810398433633054e+04 4.968600246602614475e-20 5.608419571458209061e-21
1.242449595405189757e+04 4.453392085437690969e-20 5.590571202991494265e-21
1.243088792288294098e+04 3.442846738560417204e-20 5.295027133992775374e-21
1.243727989079899271e+04 3.698285817478822479e-20 4.966766437083080083e-21
1.244367185776921178e+04 4.338022790277457145e-20 5.003823271316372395e-21
1.245006382376325746e+04 4.173287849570523170e-20 4.918174245992317494e-21
1.245645578875020692e+04 2.788964784002724282e-20 5.434869039282822225e-21
1.246284775269987767e+04 3.310418187405831321e-20 5.619356116028079283e-21
1.246923971558138146e+04 3.659823753749653342e-20 5.428605718310058768e-21
1.247563167736452306e+04 4.470195347004574574e-20 5.620118371749716934e-21
1.248202363801855063e+04 6.345853097243619201e-20 5.772077450116532333e-21
1.248841559751322711e+04 4.365495834458362447e-20 5.354434980657456732e-21
1.249480755581801532e+04 4.407131541429281813e-20 5.504658706814166975e-21
1.250119951290247627e+04 3.615019336376957019e-20 5.347640563395242845e-21
1.250770837834753002e+04 3.990293608774979802e-20 5.468372514367041009e-21
1.251410034185080440e+04 3.390660180308238697e-20 5.725266452502422269e-21
1.252049230322499352e+04 4.101351691069860711e-20 5.542910210019590201e-21
1.252688426324707143e+04 3.833339625208927444e-20 5.725207678004346890e-21
1.253327622189449175e+04 3.955257715459894627e-20 5.476455579028152419e-21
1.253966817913687191e+04 3.303630451286585204e-20 5.133208177889229923e-21
1.254606013494401486e+04 3.867350994647337696e-20 5.605869067720907719e-21
1.255245208928573084e+04 4.770196499119025740e-20 5.571165133558872311e-21
1.255884404213178459e+04 4.601462721850592133e-20 5.491744694028878334e-21
1.256523599345212097e+04 3.734040563831301711e-20 5.415033091732999931e-21
1.257162794321643742e+04 3.404228997276898479e-20 5.671542359802331261e-21
1.257801989139476245e+04 3.138990058916463972e-20 6.062544156473413623e-21
1.258441183795686629e+04 3.206535082763611909e-20 5.386327073643276211e-21
1.259080378287285021e+04 3.625478659523260081e-20 4.933541758250828718e-21
1.259719572611250078e+04 4.225497291341496389e-20 5.565209784227060689e-21
1.260358766764603024e+04 3.752777842350356083e-20 5.580722595922238496e-21
1.260997960744315606e+04 4.388513890173206734e-20 5.651846491839696001e-21
1.261637154547412501e+04 4.030765304072837808e-20 5.544741153823834155e-21
1.262276348170890378e+04 3.540501541737020775e-20 5.186971977339390420e-21
1.262915541611756635e+04 2.422664053031657470e-20 5.318167847185208164e-21
1.263554734867029947e+04 2.954020555803780507e-20 4.939989467187779817e-21
1.264193927933706254e+04 2.941728770722366853e-20 4.959044927321394493e-21
1.264833120808819331e+04 2.566864421206086449e-20 4.827981429944197603e-21
1.265472313489376575e+04 2.618872035338267586e-20 5.379014527102629310e-21
1.266111505972395935e+04 4.953311577838367690e-20 5.163559532576989670e-21
1.266750698254908639e+04 2.462214885797455728e-20 5.474146172906880266e-21
1.267389890333940457e+04 3.342538927424310334e-20 6.926449057473236705e-21
1.268029082206496605e+04 4.308907011530429354e-20 5.826100342540690594e-21
1.268668273869632139e+04 3.250919519788596739e-20 5.425465477149232047e-21
1.269307465320367919e+04 3.607905584459978244e-20 5.613587057989222845e-21
1.269946656555742084e+04 4.200931907043971238e-20 5.550265513811296533e-21
1.270585847572795137e+04 4.239571253145864438e-20 5.389682619045558518e-21
1.271225038368548667e+04 5.241633108886422282e-20 5.342648925657415946e-21
1.271864228940068824e+04 4.965949708047480636e-20 5.596636735473392577e-21
1.272503419284374650e+04 2.412683806896329011e-20 5.054002835531829852e-21
1.273142609398538298e+04 3.473866417630211820e-20 4.897083403539583520e-21
1.273781799279578081e+04 3.184426993321069729e-20 4.951987172301043559e-21
1.274420988924577978e+04 3.032821055659788608e-20 5.333142147858124276e-21
1.275060178330566669e+04 4.607707266646653367e-20 5.310087533563219911e-21
1.275699367494614125e+04 3.272804414522254074e-20 5.010412035217551270e-21
1.276338556413773767e+04 3.610323608173130971e-20 5.263443264769814629e-21
1.276977745085103015e+04 3.975936767000444737e-20 5.344206060962644587e-21
1.277616933505667475e+04 4.350860075500263644e-20 4.947992121806265030e-21
1.278256121672534755e+04 3.987880040996836857e-20 5.407874710153646968e-21
1.278895309582780465e+04 3.844976530992188206e-20 5.720124340149836079e-21
1.279534497233452566e+04 4.112966689203653103e-20 5.305479137130385380e-21
1.280173684621653956e+04 3.508869199740214672e-20 5.364323331079215248e-21
1.280812871744418044e+04 3.827567143714342395e-20 5.341747683069582397e-21
1.281452058598872281e+04 4.265191407328314932e-20 5.121098185077204718e-21
1.282091245182055900e+04 3.438929302930180465e-20 5.066259598540287609e-21
1.282730431491061972e+04 3.762549833859218194e-20 5.184738315105660711e-21
1.283369617522993030e+04 3.470901048259673672e-20 5.399668027721770829e-21
1.284008803275672472e+04 4.090830494080696075e-20 5.408508760585294192e-21
1.284647988825485663e+04 3.300134085646640307e-20 5.058065052159495373e-21
1.285298908469589151e+04 3.377743084402816718e-20 5.265606911006850676e-21
1.285938094162085326e+04 4.053645298861771160e-20 5.416149682151963061e-21
1.286577279562718468e+04 5.248201041272360878e-20 5.494407798250583871e-21
1.287216464668513436e+04 5.406290049911912912e-20 5.565448900636019796e-21
1.287855649476637336e+04 3.142828325493980708e-20 5.147504312258358025e-21
1.288494833984145043e+04 1.919418188169515191e-20 4.907213996735416968e-21
1.289134018188160007e+04 3.099891464165569869e-20 5.065218948067521891e-21
1.289773202085807316e+04 3.979505600437622808e-20 5.037790000173583212e-21
1.290412385674174766e+04 3.340739682089240075e-20 4.855108943880908802e-21
1.291051568950387446e+04 3.870598275379019817e-20 5.368049454939319704e-21
1.291690751911558073e+04 3.293619167772073621e-20 5.244314681984768282e-21
1.292329934554789179e+04 2.045856228875163416e-20 4.930134024853827690e-21
1.292969116877229681e+04 4.430074521515061071e-20 5.294138995808612403e-21
1.293608298875987020e+04 2.925330118820092076e-20 5.355314254620639281e-21
1.294247480548165186e+04 3.895970778423821788e-20 5.387553433522065411e-21
1.294886661890936921e+04 3.676932122140318910e-20 5.199808981002989931e-21
1.295525842901387477e+04 5.307179245089177625e-20 5.228933044304121397e-21
1.296165023576681051e+04 4.245985120517352091e-20 5.373803390574621038e-21
1.296804203913937090e+04 3.373309268278071747e-20 5.231392551115323108e-21
1.297443383910262128e+04 5.098875808090180529e-20 5.168271859536427671e-21
1.298082563562875657e+04 3.395330257940975872e-20 5.206511537884259240e-21
1.298721742868817637e+04 2.681661568018438906e-20 5.089339887136626505e-21
1.299360921825321202e+04 4.162348927552713978e-20 5.392520554861677452e-21
1.300000100429480335e+04 3.826308208872935416e-20 5.204625298721337110e-21
1.300639278678436494e+04 3.454062390742265704e-20 4.958845595314605438e-21
1.301278456569399168e+04 2.981904494630418787e-20 5.099070507154549978e-21
1.301917634099434508e+04 2.797324050252496790e-20 5.230646329367518076e-21
1.302556811265768192e+04 3.661171989806089505e-20 5.078999501369990084e-21
1.303195988065538586e+04 3.535626225059854578e-20 5.167056175348381518e-21
1.303835164495882054e+04 3.014106421470113581e-20 5.281547211857257611e-21
1.304474340553938600e+04 3.779075036523757852e-20 5.278870380590788601e-21
1.305113515442091557e+04 3.618044918451561739e-20 4.806642243774823000e-21
1.305752680113494898e+04 3.474497024359136324e-20 4.535120201147180299e-21
1.306391844404191943e+04 4.273389845759863701e-20 4.951052355801303612e-21
1.307031008311300138e+04 2.890687658109387753e-20 5.198534759082185560e-21
1.307670171832031519e+04 1.481937787752008870e-20 5.008440707800035004e-21
1.308309334963563742e+04 2.357211760603309798e-20 5.258997038267888534e-21
1.308948497703051180e+04 3.669648168011462702e-20 5.542610909465418474e-21
1.309587660047720783e+04 4.410308771016532375e-20 5.560766190008427675e-21
1.310226821994701459e+04 4.073435018421547010e-20 5.222663418567714250e-21
1.310865983541196692e+04 3.179265493503928835e-20 4.978420031466592829e-21
1.311505144684424158e+04 2.300005671505449327e-20 5.372087078025137126e-21
1.312144305421511308e+04 3.039301409875633022e-20 5.210943886944922064e-21
1.312783465749725292e+04 2.837443807457395988e-20 5.139442139300495463e-21
1.313422625666192471e+04 4.390245249985893968e-20 5.044913479536794839e-21
1.314061785168131610e+04 4.127984002900514169e-20 5.226813474007091718e-21
1.314700944252803129e+04 3.098803768668245462e-20 5.013537046619523081e-21
1.315340102917302102e+04 4.412316422536862687e-20 5.034209769043516003e-21
1.315979261158917325e+04 3.779046402118135418e-20 5.245299122823392281e-21
1.316618418974787346e+04 2.597608928364892827e-20 5.062465366515170016e-21
1.317257576362166765e+04 3.356504303979825293e-20 5.041174410855745772e-21
1.317896733318289080e+04 3.708946635962300293e-20 5.601642889570475516e-21
1.318535889840282653e+04 3.034601411319479458e-20 5.054236058500464318e-21
1.319175045925421364e+04 2.652205157281561523e-20 5.036870411832736388e-21
1.319814201570935256e+04 3.048969103683326918e-20 5.011360034068567721e-21
1.320453356773997075e+04 3.773364679998090898e-20 5.384633729293125907e-21
1.321092511531871969e+04 2.833295465427902169e-20 5.040455084947731482e-21
1.321731665841754148e+04 3.167106003609544070e-20 4.957730144671103557e-21
1.322370819700865468e+04 3.680423846748431524e-20 4.935603462222329661e-21
1.323009973106492544e+04 2.866720743564417469e-20 4.991216435127980430e-21
1.323649126055788111e+04 4.109596784200482817e-20 5.070046811927463039e-21
1.324288278545998219e+04 3.764622194771978365e-20 5.024720385843480683e-21
1.324927430574438768e+04 3.036593927560467026e-20 5.062187296376345007e-21
1.325578363340521355e+04 4.209495900452588836e-20 5.514529625822414435e-21
1.326217515296376405e+04 3.616761620076593102e-20 5.350420281258728074e-21
1.326856666704312374e+04 2.834022483836158723e-20 4.872460654969108059e-21
1.327495817638361586e+04 1.791532755500802030e-20 4.654048662031474391e-21
1.328134968096608645e+04 3.027277295680057656e-20 4.794229227780456415e-21
1.328774118076167906e+04 1.248913941948609368e-20 4.519230400326635707e-21
1.329413267574362544e+04 3.395514566527122475e-20 4.728979658840188513e-21
1.330052416588443521e+04 4.454816599886420945e-20 4.798245990768292959e-21
1.330691565115641606e+04 2.548791398869199692e-20 5.026807443148031236e-21
1.331330713153291799e+04 3.280865814949104156e-20 5.144955167943666446e-21
1.331969860698517368e+04 3.704616038420005793e-20 5.043312530683677741e-21
1.332609007748659133e+04 3.495048344527856771e-20 4.722229239496004080e-21
1.333248154301045179e+04 2.729213275842289478e-20 5.020014689628008315e-21
1.333887300352818056e+04 3.343857915920928558e-20 4.962733050726746133e-21
1.334526445901341867e+04 2.717956868775225361e-20 5.003945335384772632e-21
1.335165590943836105e+04 3.041218228715107027e-20 5.008998497155709975e-21
1.335804735477579561e+04 3.042202202333510740e-20 4.828075903439448390e-21
1.336443879499922696e+04 3.480831528291512460e-20 4.769231353969192929e-21
1.337083023008011878e+04 2.773666006519696815e-20 4.826852358318260494e-21
1.337722165999186655e+04 2.818051855221046235e-20 4.811976280654397771e-21
1.338361308470814402e+04 2.287683102313108611e-20 4.947066446566364277e-21
1.339000450420050402e+04 2.693700753599621502e-20 5.120338672075309324e-21
1.339639591844259667e+04 3.965700017028442370e-20 4.532372019305968846e-21
1.340278732740697160e+04 3.285802481310986139e-20 5.043832771709151068e-21
1.340917873106654588e+04 4.053969062586795830e-20 4.834787743872837525e-21
1.341557012939485867e+04 3.146363100457310531e-20 4.864454306065626162e-21
1.342196152236392300e+04 3.773104079919786159e-20 5.224057773525227425e-21
1.342835290994701245e+04 3.806807723702179318e-20 5.045353016364819591e-21
1.343474429211798997e+04 2.222972606609075756e-20 4.786381826930658296e-21
1.344113566884866668e+04 2.735913275804043717e-20 5.043864007821327205e-21
1.344752704011273454e+04 2.675920809781287282e-20 5.018063802755407713e-21
1.345391840588344712e+04 3.616742992439807752e-20 5.017951356138652746e-21
1.346030976613304665e+04 4.309845269905675465e-20 5.108375968694143112e-21
1.346670112083602726e+04 3.002058020265963634e-20 4.949135694565417903e-21
1.347309246996394359e+04 3.725386887951306427e-20 5.255482770250010536e-21
1.347948381349073861e+04 3.193397855135807409e-20 5.338411172095721874e-21
1.348587515139016614e+04 3.509503929028595775e-20 5.312400477345653965e-21
1.349226648363436470e+04 2.262922869996892836e-20 5.192675421237156263e-21
1.349865781019689530e+04 3.255546535614322394e-20 5.066604779468273603e-21
1.350504913105194100e+04 3.256953257081830338e-20 5.379987021652826226e-21
1.351144044617101463e+04 2.656363219548979741e-20 4.628059428051796858e-21
1.351783175552936154e+04 4.098461631562410488e-20 4.908068701572194145e-21
1.352422305909841634e+04 3.508526021331333633e-20 5.192716986503632895e-21
1.353061435685257129e+04 2.839892982179199228e-20 4.979343453303454752e-21
1.353700564876551289e+04 1.816933990638027806e-20 4.831072385234735145e-21
1.354339693480965252e+04 4.024357314801129557e-20 5.167576562420654654e-21
1.354978821495874217e+04 2.637758324778560823e-20 5.133868280499069159e-21
1.355617948918708498e+04 4.691667411506502749e-20 5.251325563907316149e-21
1.356257075746649753e+04 4.117787471755317080e-20 5.275976351287402292e-21
1.356896201977192140e+04 1.776196538652445658e-20 5.115949756610965624e-21
1.357535327607598083e+04 1.663917218370964391e-20 5.065188206682418224e-21
1.358174452635231864e+04 3.722109405127231952e-20 5.048412447695493305e-21
1.358813577057494331e+04 2.979230145805645456e-20 4.379374776978778742e-21
1.359452700871692105e+04 3.012683475268149555e-20 4.959784213169623805e-21
1.360091824075173099e+04 3.241088076808668872e-20 5.096166645466500959e-21
1.360730946665379997e+04 3.479551827972650952e-20 5.061030848029492152e-21
1.361370068639537385e+04 3.782224259618766263e-20 5.262084867297333038e-21
1.362009189995847919e+04 3.221786033300546761e-20 5.019964874017863195e-21
1.362648310806284280e+04 3.408181513451015928e-20 5.108044395722813432e-21
1.363299257768005918e+04 2.888928911977973381e-20 4.838508673742950878e-21
1.363938378018057847e+04 3.243427061249285994e-20 4.846542630595103258e-21
1.364577497638745990e+04 1.785755900696070615e-20 5.026396171161020320e-21
1.365216616627391340e+04 8.821233484936871059e-21 4.599884847048119363e-21
1.365855734981453497e+04 3.245030857329143577e-20 4.931929495938545332e-21
1.366494852698249633e+04 2.225294283536868778e-20 4.783016475756136514e-21
1.367133969775144942e+04 2.744439357975052268e-20 4.750838753150151079e-21
1.367773086209643043e+04 2.846912868064726624e-20 4.643082474818457210e-21
1.368412201998961064e+04 2.670677662187206877e-20 4.748409918319741441e-21
1.369051317140589344e+04 3.112034094500915655e-20 4.764801679290327113e-21
1.369690431631962019e+04 3.805378234320130928e-20 5.436176110501647299e-21
1.370329545470318953e+04 2.743211687537123835e-20 4.889670707653778273e-21
1.370968658653192324e+04 1.899220983181466400e-20 4.886837585335605733e-21
1.371607771177955874e+04 3.595198233091234165e-20 4.601757330525206572e-21
1.372246883041928413e+04 4.463674852441241547e-20 4.895849198565616467e-21
1.372885994242593188e+04 2.098992590223378645e-20 5.194024536412603691e-21
1.373525104777333217e+04 2.593875260559389991e-20 5.119781750925728161e-21
1.374164214643532614e+04 1.499483101244818360e-20 4.738282429340400637e-21
1.374803323838677352e+04 1.911197076240520106e-20 4.838464409978873853e-21
1.375442432360004932e+04 1.838802867075466946e-20 4.973186187100796973e-21
1.376081540205072633e+04 2.153982801979169803e-20 4.684147588969048313e-21
1.376720647371316954e+04 4.022001026153311158e-20 4.933521577967531149e-21
1.377359753856013413e+04 3.103355618809631613e-20 4.756738988904739449e-21
1.377998859656691639e+04 3.705696821721675328e-20 4.902278598590752457e-21
1.378637964770773760e+04 3.244170797590150700e-20 4.923216590489753530e-21
1.379277069195600961e+04 3.218886082320696549e-20 4.980581850366887773e-21
1.379916172928636661e+04 2.946353501475716037e-20 4.836958529675679509e-21
1.380555275967365196e+04 1.373621908089220135e-20 4.625833666567184157e-21
1.381194378309142849e+04 2.609498583052542722e-20 4.780617377853956151e-21
1.381833479951426489e+04 2.079972943839815698e-20 5.033135556196793020e-21
1.382472580891647340e+04 1.832793548896847039e-20 5.038853564353483885e-21
1.383111681127199154e+04 2.432586732375935598e-20 4.375389341287779946e-21
1.383750780655615563e+04 2.807930063800897244e-20 4.723694748864976330e-21
1.384389879474255576e+04 2.772169587570443014e-20 4.847927974817018793e-21
1.385028977580541505e+04 3.438007500312021447e-20 4.649561355646595820e-21
1.385668074972056820e+04 2.786258394846875280e-20 4.368770520714943769e-21
1.386307171646077950e+04 1.801834828620787845e-20 4.698503558054839176e-21
1.386946267600098508e+04 3.165265748444582129e-20 5.073883205525783058e-21
1.387585362831698149e+04 2.505874098148203119e-20 5.116030224208178576e-21
1.388224457338136199e+04 2.656329017858938481e-20 4.966049201774467710e-21
1.388863551116958297e+04 2.366398957196223885e-20 4.929528638959062644e-21
1.389502644165679885e+04 2.381776650666333657e-20 4.851607542868591351e-21
1.390141736481624139e+04 3.370738270573972698e-20 5.028258685210964839e-21
1.390780828062351429e+04 3.109685816138263807e-20 4.828059753076410540e-21
1.391419918905345730e+04 2.051152350276841681e-20 4.897754661464879563e-21
1.392059009007937129e+04 3.167898679529351052e-20 4.805914600039548028e-21
1.392698098367743478e+04 4.343608908204340687e-20 4.917893979082641089e-21
1.393337186982138883e+04 3.238268007509100980e-20 4.737769261075196287e-21
1.393976274848589856e+04 2.045848950377926012e-20 4.715353942628424587e-21
1.394615361964660224e+04 2.362783444375931738e-20 4.632696587500609265e-21
1.395254448327739192e+04 2.613618810756968378e-20 4.564457964339916338e-21
1.395893533935316918e+04 3.599262637832702602e-20 4.916508580786910357e-21
1.396532618784920487e+04 3.447443402457918705e-20 5.005623777266291659e-21
1.397171702873981849e+04 2.928542676100598054e-20 4.794527264036791105e-21
1.397810786199972245e+04 3.259242240932747908e-20 5.185690691494291063e-21
1.398449868760453137e+04 4.162013238935341672e-20 5.316892696540918496e-21
1.399088950552831739e+04 3.353350428164946091e-20 5.119362423407612006e-21
1.399728031574618944e+04 3.981095191612122488e-20 5.438506523551543845e-21
1.400367111823344931e+04 2.954751684968191858e-20 5.012343518689596973e-21
1.401006191296474390e+04 2.774150538055525387e-20 5.131880372325665348e-21
1.401645269991451823e+04 2.972233477439361609e-20 4.992513635314902318e-21
1.402284347905882714e+04 2.262646820241603019e-20 4.827744133650445723e-21
1.402923425037209745e+04 1.758031188112730815e-20 4.854846445699445989e-21
1.403562501382885603e+04 3.543144483126140640e-20 4.979065644084368193e-21
1.404201576940504128e+04 2.646889361062794142e-20 5.043015083281220250e-21
1.404840651707547659e+04 1.496695929363148877e-20 4.787420578758683605e-21
1.405479725681469245e+04 3.368560121877249276e-20 4.936981842064521510e-21
1.406118798859829076e+04 3.114953961702410874e-20 5.011672162709908145e-21
1.406757871240133682e+04 2.673321551642340094e-20 4.885471127869217173e-21
1.407396942819877404e+04 2.090405219939183542e-20 4.860388350257277748e-21
1.408036013596589873e+04 2.803106944960994194e-20 5.086917275434502782e-21
1.408686961340774906e+04 2.800028414356257410e-20 4.996510981407055922e-21
1.409326031325440454e+04 2.567062296049112069e-20 5.088364405969374735e-21
1.409965100427083598e+04 2.834726005062380712e-20 4.914489277063013076e-21
1.410604168714828120e+04 3.000237719291424487e-20 4.960735064846214969e-21
1.411243236186903596e+04 3.233845627067760965e-20 5.022069461238818526e-21
1.411882302840894408e+04 3.160419498667091924e-20 5.003854109442374093e-21
1.412521368674253245e+04 2.797466331025344582e-20 5.130778943027042676e-21
1.413160433684540658e+04 3.021853217035436456e-20 4.525640871662338593e-21
1.413799497869351580e+04 3.331230763298462803e-20 5.066213651235100935e-21
1.414438561226106140e+04 8.926031498636597851e-21 5.108352379680331765e-21
1.415077623752444197e+04 1.365313520526161764e-20 4.742447417385750099e-21
1.415716685445848088e+04 1.602634835639095668e-20 4.537947753945884037e-21
1.416355746303881642e+04 3.030491787540621948e-20 4.979592137387742944e-21
1.416994806324107412e+04 2.168152099786749828e-20 5.611156591418158573e-21
1.417633865504034657e+04 2.649425702779778507e-20 5.507208924231436534e-21
1.418272923841237753e+04 3.768607636015363977e-20 4.654244196621367318e-21
1.418911981333275980e+04 1.308988065134497480e-20 4.790217892059908761e-21
1.419551037977667329e+04 2.864239132890955732e-20 5.054060920221543604e-21
1.420190093771997999e+04 1.827930330576306339e-20 4.696902121369514168e-21
1.420829148713794712e+04 1.683181420857994633e-20 4.409491640987156624e-21
1.421468202800663494e+04 2.588107006888784139e-20 4.403571520296431777e-21
1.422107256030147801e+04 2.823399168260346772e-20 4.616753221523379904e-21
1.422746308399779991e+04 2.343277185635317997e-20 4.648823317906804083e-21
1.423385359907179372e+04 2.496081452577722190e-20 4.652352418851140537e-21
1.424024410549839376e+04 2.011389718703046638e-20 4.944159750261762681e-21
1.424663460325379856e+04 2.358995190924458095e-20 4.958021368051127549e-21
1.425302509231369368e+04 3.036982907081486732e-20 5.222286652444329773e-21
1.425941557265387928e+04 3.530433328989187624e-20 4.886626975186298963e-21
1.426580604424961530e+04 2.643979888897854741e-20 4.551722732291994481e-21
1.427219650707743313e+04 1.911764398798210218e-20 4.988525070322140251e-21
1.427858696111266909e+04 1.523098787242991512e-20 4.573389143746533316e-21
1.428497740633086505e+04 2.343658142811954185e-20 4.587723825883584214e-21
1.429136784270855060e+04 1.829161076004557395e-20 4.707786155864305973e-21
1.429775827022099475e+04 2.210068453067487938e-20 4.747226572182601008e-21
1.430414868884430507e+04 2.440404037946765735e-20 4.577716311704503188e-21
1.431053909855454003e+04 2.898887040951437039e-20 4.751862189035690557e-21
1.431692949932719603e+04 4.495617775444856057e-20 5.276907863261248314e-21
1.432331989113848431e+04 3.178705273573457483e-20 5.162917853110802731e-21
1.432971027396414320e+04 2.290271245080729545e-20 4.669245061826086078e-21
1.433610064778055494e+04 2.262071408853254438e-20 4.465776244006337183e-21
1.434249101256355243e+04 2.569632759813228625e-20 4.728268762194635990e-21
1.434888136828868664e+04 2.248384280789004816e-20 4.462010649327785198e-21
1.435527171493246533e+04 1.380530110211906576e-20 4.626662798939239111e-21
1.436166205247091784e+04 1.803793683326484037e-20 4.713178013966093729e-21
1.436805238088011720e+04 2.376442146570624732e-20 4.621053747035387683e-21
1.437444270013574715e+04 2.573493244507257541e-20 4.603302436293977430e-21
1.438083301021444458e+04 1.501722205671709769e-20 4.704961369287499952e-21
1.438722331109237712e+04 2.440805896183628535e-20 5.126387313026992956e-21
1.439361360274499384e+04 2.990165209539046960e-20 4.542095554342439277e-21
1.440000388514893348e+04 2.532525029798006102e-20 4.497376460427110422e-21
1.440639415828062738e+04 3.764219748006018313e-20 4.615602237021022523e-21
1.441278442211607035e+04 3.870005133089785355e-20 4.780974715772559438e-21
1.441917467663111711e+04 3.144707115480670770e-20 4.680909626881671819e-21
1.442556492180243185e+04 1.935987807315237323e-20 4.843249997192718771e-21
1.443195515760627677e+04 2.824807540229925810e-20 5.205662325110386358e-21
1.443834538401897407e+04 1.465912171279557100e-20 4.760835343697268256e-21
1.444473560101648036e+04 2.143828829271206798e-20 4.879767744486873256e-21
1.445112580857528337e+04 2.444168895208406018e-20 4.736888199704824351e-21
1.445751600667172897e+04 1.799923368761510006e-20 4.798800290299754393e-21
1.446390619528238312e+04 6.081932575203969868e-21 5.015333943775735614e-21
1.447029637438372265e+04 2.484034170219189336e-20 4.809869678878210764e-21
1.447668654395170233e+04 2.414308191934657815e-20 4.796147094224712004e-21
1.448307670396296089e+04 3.575271726355974373e-20 5.367786888004162047e-21
1.448946685439398789e+04 1.390094906132579041e-20 5.014325514064596053e-21
1.449585699522791583e+04 1.976817797767292986e-20 4.624247584985430336e-21
1.450224712713517874e+04 1.897632791087153037e-20 4.717612740660798284e-21
1.450875651535046563e+04 2.098224002090533066e-20 4.638890194770451290e-21
1.451514663455518530e+04 2.302294415317338971e-20 4.758371769039114670e-21
1.452153674405982565e+04 2.257746957940151250e-20 4.855707213318409182e-21
1.452792684384108361e+04 2.655970377826388988e-20 4.964823349983018787e-21
1.453431693387512860e+04 1.931612356152762793e-20 5.018658204767203624e-21
1.454070701413904681e+04 2.670852812315676238e-20 4.904084405668871207e-21
1.454709708460938782e+04 3.125791619669920466e-20 4.826929810504585539e-21
1.455348714526249569e+04 1.950484565168133782e-20 4.656535440185517926e-21
1.455987719607526560e+04 1.957469165599901002e-20 4.636286137472397592e-21
1.456626723702424897e+04 1.685935130283030155e-20 4.792727948558082211e-21
1.457265726808615909e+04 2.045265968177048120e-20 4.983770016120747447e-21
1.457904728923804032e+04 3.013608937808028118e-20 4.589773313797279054e-21
1.458543730045605662e+04 2.659338216256076387e-20 4.497905594441242944e-21
1.459182730171741787e+04 1.854324208921675243e-20 4.664969793813233795e-21
1.459821729299847721e+04 3.770635897340914516e-20 4.871501386541944023e-21
1.460460727427649181e+04 2.356242431787670192e-20 4.839734334563297172e-21
1.461099724552772386e+04 1.840194486398361282e-20 4.812162818231395300e-21
1.461738720672961063e+04 2.328162993972398777e-20 4.887262534312555659e-21
1.462377715785874170e+04 1.720569516422558401e-20 4.598174238288535334e-21
1.463016709889166486e+04 2.550032368629389210e-20 4.597798957834765297e-21
1.463655702980601200e+04 2.596319483159282713e-20 4.797017242088681727e-21
1.464294695057789249e+04 2.808238007340818768e-20 4.845937687713125986e-21
1.464933686118464902e+04 2.850329773441063072e-20 5.270924178744620818e-21
1.465572676160327319e+04 2.771646047691218408e-20 4.996299373587125146e-21
1.466211665181075296e+04 2.962147852557072824e-20 4.723523706597752831e-21
1.466850653178349603e+04 2.557908382809599123e-20 5.374533166205471476e-21
1.467489640149904517e+04 2.500700990093437883e-20 5.074578403601800354e-21
1.468128626093443381e+04 2.469856863198956131e-20 4.894122450766549349e-21
1.468767611006634615e+04 1.831550254074821779e-20 4.461815912648634720e-21
1.469406594887235224e+04 2.222809669826788600e-20 4.502489691781062265e-21
1.470045577732917627e+04 2.522859535973898522e-20 4.793673571238413862e-21
1.470684559541394447e+04 1.748780671027845372e-20 4.601303754569690392e-21
1.471323540310373937e+04 2.336610764022195848e-20 4.472931564051321396e-21
1.471962520037567447e+04 2.958125934880271612e-20 4.537435654990336501e-21
1.472601498720733798e+04 2.780605456394300694e-20 4.715300928157669036e-21
1.473240476357511579e+04 2.205104145176976020e-20 4.805374967903006672e-21
1.473879452945689081e+04 1.627972396030871909e-20 4.348306682240809309e-21
1.474518428482961281e+04 2.273883073802990346e-20 4.665764061022746312e-21
1.475157402967080634e+04 3.567056013838662129e-20 4.887758027715279305e-21
1.475796376395674815e+04 3.222696957959824796e-20 4.645158343593970487e-21
1.476435348766593597e+04 2.332858821743311599e-20 4.735406763312679152e-21
1.477074320077482662e+04 2.287866438966048497e-20 4.691940623289828718e-21
1.477713290326105744e+04 1.965155252857743227e-20 4.914992317812532616e-21
1.478352259510171098e+04 2.094942355522832403e-20 4.682481645685437758e-21
1.478991227627438820e+04 2.203580656145044076e-20 4.254474486570906479e-21
1.479630194675641906e+04 2.533937851317389354e-20 4.859194706649982906e-21
1.480269160652494247e+04 2.245051599254364910e-20 4.680397542654840547e-21
1.480908125555781589e+04 2.510818382563694348e-20 4.739777045156846673e-21
1.481547089383184539e+04 1.673781951278846470e-20 4.985664225555986738e-21
1.482186052132479199e+04 1.495514733626602822e-20 4.284983244533645739e-21
1.482825013801439309e+04 1.966929967528396998e-20 4.756054166326728315e-21
1.483463974387768758e+04 1.694054141266428274e-20 4.408880852290892683e-21
1.484102933889211818e+04 1.965781899558241688e-20 4.597607893146084083e-21
1.484741892303565510e+04 1.505150877616019504e-20 4.665179286204139666e-21
1.485380849628504075e+04 1.103560959706070956e-20 4.786882033077658969e-21
1.486019805861869645e+04 2.466409719247808546e-20 4.824206526193203389e-21
1.486658761001390121e+04 9.961067268865502784e-21 4.683244281432409364e-21
1.487297715044801225e+04 2.172269922722839777e-20 4.758136328449229111e-21
1.487936667989856505e+04 3.180556148180508186e-20 4.928992774036424304e-21
1.488575619834364625e+04 3.246090040584391094e-20 4.871108391748040715e-21
1.489214570576032020e+04 2.272043367004751579e-20 4.669530390677342360e-21
1.489853520212631156e+04 2.335515015033830365e-20 4.858954353215873702e-21
1.490492468741997982e+04 2.816378789079349464e-20 4.720140075023336484e-21
1.491131416161846755e+04 3.414691927259690092e-20 4.582611287823575113e-21
1.491770362469932479e+04 2.362224488111120248e-20 4.730932234234968995e-21
1.492409307664041262e+04 2.574212936684120474e-20 4.569793556106660620e-21
1.493048251742008688e+04 2.283629442071868042e-20 4.747796973835833780e-21
1.493687194701516273e+04 2.292142687731909845e-20 4.693601645420080524e-21
1.494326136540395419e+04 2.803259096683678137e-20 4.664503103557921585e-21
1.494965077256429504e+04 5.698586998123646660e-21 4.446778421230636234e-21
1.495604016847342609e+04 1.636718822186896400e-20 4.487860208241422336e-21
1.496242955311010337e+04 1.040590316597124441e-20 4.242953092708445228e-21
1.496881892645148582e+04 2.747670535799824305e-20 4.576375148907847450e-21
1.497520828847556731e+04 2.319247211877924712e-20 4.716368538577494730e-21
1.498159763916063821e+04 1.954726695967698445e-20 4.547938512322561994e-21
1.498798697848409392e+04 2.293926639762880836e-20 4.157933670817365582e-21
1.499437630642396471e+04 1.986500541654365467e-20 4.290843276369452333e-21
1.500076562295858639e+04 3.856485147075452315e-20 4.764974387899914769e-21
1.500715492806547081e+04 2.022863172981666991e-20 4.368027009475961471e-21
1.501354422172281920e+04 1.981949912997892024e-20 4.469896455921090739e-21
1.501993350390825981e+04 2.660919110999516643e-20 4.587304302777958750e-21
1.502632277460040314e+04 2.523852397047711136e-20 4.396492424783647677e-21
1.503271203377697202e+04 1.871721872526942522e-20 4.323414416977654311e-21
1.503922112052706689e+04 1.903152995854429176e-20 4.494549671184442381e-21
1.504561036375626827e+04 2.346560609394014554e-20 4.635145672994090519e-21
1.505199959539544579e+04 3.038668007902036737e-20 4.420576429012991404e-21
1.505838881542939998e+04 1.963015725559764936e-20 4.201963560129868544e-21
1.506477802383580820e+04 2.599965563380969689e-20 4.376083852055485277e-21
1.507116722059345739e+04 2.079958717272990468e-20 4.296820671068475542e-21
1.507755640567992305e+04 2.167572385473728176e-20 4.576666240612971007e-21
1.508394557907350463e+04 1.974209034381566416e-20 4.636030123099848923e-21
1.509033474075289269e+04 1.380504028304115936e-20 4.350708869790209730e-21
1.509672389069569181e+04 1.836558465882186681e-20 4.273332403590885525e-21
1.510311302888021964e+04 3.130854212447623053e-20 4.687658840403069580e-21
1.510950215528547778e+04 2.124559699617969729e-20 4.565063321221603024e-21
1.511589126988850330e+04 3.153611702377529385e-20 4.650626663891500655e-21
1.512228037266843239e+04 2.564142627990070997e-20 4.328413617899143365e-21
1.512866946360338807e+04 8.207708607155346013e-21 4.413938335220416975e-21
1.513505854267181712e+04 2.116389655231513061e-20 4.436852041468172213e-21
1.514144760985169705e+04 1.998489035049812530e-20 4.431249802403105190e-21
1.514783666512164200e+04 2.314593278760978997e-20 4.566317958900690738e-21
1.515422570845972587e+04 2.118101628290648221e-20 4.532439854216590597e-21
1.516061473984476470e+04 1.020554708067690833e-20 4.231304065621203890e-21
1.516700375925527624e+04 2.005616418966859209e-20 4.560306155931864280e-21
1.517339276666895785e+04 2.299895278114557383e-20 4.706792459305726470e-21
1.517978176206485296e+04 2.386587853624646622e-20 4.843095494182863996e-21
1.518617074542155387e+04 2.918035376776399383e-20 5.404656150901039065e-21
1.519255971671682892e+04 2.279325091155951735e-20 5.329829991788440959e-21
1.519894867592956689e+04 1.637719453480279736e-20 4.766122716115314460e-21
1.520533762303879121e+04 2.735375685469070042e-20 5.038596274771606662e-21
1.521172655802235204e+04 2.420269444169372386e-20 4.644408156849326904e-21
1.521811548085877621e+04 2.554316914691315472e-20 4.375783421213683614e-21
1.522450439152690342e+04 2.248436889589954954e-20 4.503254501693667731e-21
1.523089329000591533e+04 2.377995793849165625e-20 4.373019055056289219e-21
1.523728217627314552e+04 2.251619542575579054e-20 4.660141603235465926e-21
1.524367105030805578e+04 1.708035453385950287e-20 4.329277939627492594e-21
1.525005991208892920e+04 1.893132773381559148e-20 4.618177706506031732e-21
1.525644876159494925e+04 1.788508406015893280e-20 4.644104140453907567e-21
1.526283759880397520e+04 2.057937706509471785e-20 4.459399677718239307e-21
1.526922642369563255e+04 1.317404733427761664e-20 4.570906039311608312e-21
1.527561523624766596e+04 2.413553598211059850e-20 4.590513531818517006e-21
1.528200403643923164e+04 2.976380932269616968e-20 4.854385047036285994e-21
1.528839282424958947e+04 2.439558580478802921e-20 4.397161943381405983e-21
1.529478159965659142e+04 2.574274353742466881e-20 4.627740947765212148e-21
1.530117036263960472e+04 2.085369661597677268e-20 4.593012956178759406e-21
1.530755911317728533e+04 1.972216679567899278e-20 4.370377685483391571e-21
1.531394785124803275e+04 1.126979913560801416e-20 4.447452279289258508e-21
1.532033657683163256e+04 1.624245574125633930e-20 4.331403002087845006e-21
1.532672528990594765e+04 2.655787961578936707e-20 4.424072629321625272e-21
1.533311399045071266e+04 2.794534110701862715e-20 4.695600539010407018e-21
1.533950267844390146e+04 2.930929723943805094e-20 4.568998725656521684e-21
1.534589135386522503e+04 1.858059002803128891e-20 4.440041197332525477e-21
1.535228001669288460e+04 1.184564409856188285e-20 4.667297020204434895e-21
1.535866866690611278e+04 2.808123049072798716e-20 4.690694770322193838e-21
1.536505730448386203e+04 1.665220248382708939e-20 4.737842381170244847e-21
1.537144592940539769e+04 2.825567836195960164e-20 4.529352098028656584e-21
1.537783454164944305e+04 1.465471685205042656e-20 4.296598685073037070e-21
1.538422314119494877e+04 9.977093250818447547e-21 4.578298326276945418e-21
1.539061172802077635e+04 2.638839282132195509e-20 4.450278188168073462e-21
1.539700030085450817e+04 1.959841060134773977e-20 4.606406851047509833e-21
1.540338873031320327e+04 2.520460943932872402e-20 4.728348949393449133e-21
1.540977697827567499e+04 1.982644655519878318e-20 4.732666781351353288e-21
1.541616521182791985e+04 2.030853306761523785e-20 4.441667183458726300e-21
1.542255343255736807e+04 1.982477493976178216e-20 4.308062753075202997e-21
1.542894164044379431e+04 1.628127412376726651e-20 4.204585923831233158e-21
1.543532983546622017e+04 3.733559609132284940e-21 4.416323653758867352e-21
1.544171801760373637e+04 2.169639847530872719e-20 4.692577733259965874e-21
1.544810618683527355e+04 1.903245697618492787e-20 4.486521383169663194e-21
1.545449434314027530e+04 1.692720580150617990e-20 4.600957675509639932e-21
1.546088248649798152e+04 7.592666911031634738e-21 4.054836810550795107e-21
1.546727061688755020e+04 1.520744826069786807e-20 4.699945067157653804e-21
1.547365873428863051e+04 2.231423698783119385e-20 4.251303836577284951e-21
1.548004683867975473e+04 1.703937894697086710e-20 4.548695680991170788e-21
1.548643493004069751e+04 1.302221932789141215e-20 4.299734795788172449e-21
1.549282300835034766e+04 2.533226394363341402e-20 4.816986932175568193e-21
1.549921107358872723e+04 3.041347503624913399e-20 4.477761389309733136e-21
1.550559912573383372e+04 1.682312000081321646e-20 4.508069451013667322e-21
1.551198716477253220e+04 1.114354960803930934e-20 4.469161540381719969e-21
1.551837519131703812e+04 1.765853547926919129e-20 4.225142265796764061e-21
1.552488357368700053e+04 9.608991391162477085e-21 4.621008389322076508e-21
1.553127158023964694e+04 1.353226201840126512e-20 4.170385107588476221e-21
1.553765957359518325e+04 1.906415218495672170e-20 4.226802536653129697e-21
1.554404755373285843e+04 2.671085446555611729e-20 4.713746011797799921e-21
1.555043552063146490e+04 1.937860355018040263e-20 4.231796300885557946e-21
1.555682347427074092e+04 1.285156834484260017e-20 5.052400269624400163e-21
1.556321141463063032e+04 3.005976799677991356e-20 4.800755478917028694e-21
1.556959934168943983e+04 3.189208145272594191e-20 4.593144749022909181e-21
1.557598725542817010e+04 8.020193081539169017e-21 4.608526445224063643e-21
1.558237515582525884e+04 8.863516125149744159e-21 4.424304749968226463e-21
1.558876304286094637e+04 1.672669008146771048e-20 4.538351565110396896e-21
1.559515091651432704e+04 2.638254981383839563e-20 4.623937904970833648e-21
1.560153877676478442e+04 1.763519005094713146e-20 4.582013848790346610e-21
1.560792662359269525e+04 1.151036084084635990e-20 4.651034661196038133e-21
1.561431445697708114e+04 9.226211139018263327e-21 4.792842702623268694e-21
1.562070227689770218e+04 2.455860392153811504e-20 4.603740273427990196e-21
1.562709008333406746e+04 1.943100532549290123e-20 5.044569217219419570e-21
1.563347787626606259e+04 7.773337934076755335e-21 4.548634549164594252e-21
1.563986565567354592e+04 4.706591064705625588e-21 4.427774262305674430e-21
1.564625342153556267e+04 1.080385808697055790e-20 4.142117012995517454e-21
1.565264117383220400e+04 1.854115740874920352e-20 4.478941080843792379e-21
1.565902891254301176e+04 1.218041798022724505e-20 4.503129716657312809e-21
1.566541663764830992e+04 1.645578277633643045e-20 4.643844055850919006e-21
1.567180434912731471e+04 1.882782489542478932e-20 4.793555465534672423e-21
1.567819204695952430e+04 2.061390638687394910e-20 4.685341475502996840e-21
1.568457973112562104e+04 1.320312425485290821e-20 4.378453366097185197e-21
1.569096740160428271e+04 1.012379291930391539e-20 4.183982452563817512e-21
1.569735505837618257e+04 2.087140076448002455e-20 4.569754287752102546e-21
1.570374270142121350e+04 2.212131628789904603e-20 4.449799847421558759e-21
1.571013033071867721e+04 2.774587007417925634e-20 4.710654638312822627e-21
1.571651794624833383e+04 2.380514555881918466e-20 4.851590882249467901e-21
1.572290554799071469e+04 2.235610613061954465e-20 4.560778465767346097e-21
1.572929313592549261e+04 1.541838668756521003e-20 4.157943069983082538e-21
1.573568071003213663e+04 2.211061550733770916e-20 4.615294356895358047e-21
1.574206827029164560e+04 1.783757779518133460e-20 4.633138278623284807e-21
1.574845581668265368e+04 1.500623161542557386e-20 4.450589157842585106e-21
1.575484334918597233e+04 1.013794877086685726e-20 4.744152915190886476e-21
1.576123086778076868e+04 2.059541904687045106e-20 4.692621912939521391e-21
1.576761837244836897e+04 1.901776720704437214e-20 4.786420655953943742e-21
1.577400586316809859e+04 2.422798321807397038e-20 4.892731125796034470e-21
1.578039333991935018e+04 2.857987080911685866e-20 4.821132214536885224e-21
1.578678080268272424e+04 1.304768802892154747e-20 4.508836736063421142e-21
1.579316825143858659e+04 2.391813133927496845e-20 4.757603663652205405e-21
1.579955568616720666e+04 1.814374627563635504e-20 4.713725248650346272e-21
1.580594310684733682e+04 2.217667483822625622e-20 4.857118195163188563e-21
1.581233051346023603e+04 2.231656161828247723e-20 4.754671930963680562e-21
1.581871790598556072e+04 3.006131591984815214e-20 4.930289383653369868e-21
1.582510528440398048e+04 2.865604376093735853e-20 4.723078590644988368e-21
1.583149264869455692e+04 3.047944796399491834e-20 4.662101108977702383e-21
1.583787999883892189e+04 3.582328046842739160e-20 5.043176654324838828e-21
1.584426733481614428e+04 2.576981086053512619e-20 5.327314096415997171e-21
1.585065465660706650e+04 2.235042409685933929e-20 5.577968288974372791e-21
1.585704196419124128e+04 2.937710494669798166e-20 5.127583564083671192e-21
1.586342925754960379e+04 6.443933676114789603e-21 4.411358964722187729e-21
1.586981653666161401e+04 2.527518607693908618e-20 4.525559295328174814e-21
1.587620380150860910e+04 1.378966019857894193e-20 4.431611520205029819e-21
1.588259105207011271e+04 1.276072265022774535e-20 4.572293001889864385e-21
1.588897828832665800e+04 9.132309881338634474e-21 4.779098215265900229e-21
1.589536551025791960e+04 1.046149371556044419e-20 4.537524068976100924e-21
1.590175271784522374e+04 1.399612858668572393e-20 4.714790531587894426e-21
1.590813991106855428e+04 2.075686467687345950e-20 4.973121118926108907e-21
1.591452708990825158e+04 3.422756683461490254e-20 4.710467218570725718e-21
1.592091425434445227e+04 2.726210490422823598e-20 4.518736843022183509e-21
1.592730140435779140e+04 2.057340444637196517e-20 4.530602647463327815e-21
1.593368853992821460e+04 2.670470271357077080e-20 5.069836047165981645e-21
1.594007566103696263e+04 1.615155461622974350e-20 4.964711847731648825e-21
1.594646276766394294e+04 1.778582668116127537e-20 4.831173430043125363e-21
1.595284985978954683e+04 1.778496299743094731e-20 4.743478527306787886e-21
1.595923693739446571e+04 2.899084619074612904e-20 4.725917865476439994e-21
1.596562400045900722e+04 2.286273978313088767e-20 4.500935289304854318e-21
1.597201104896398465e+04 1.985641017696290731e-20 4.305315906878593997e-21
1.597839808289002031e+04 2.629699363866611934e-20 4.514448698228808790e-21
1.598478510221667602e+04 2.532528812593286629e-20 4.592546852433357814e-21
1.599117210692543085e+04 1.457432684234198026e-20 4.703307736438000693e-21
1.599755909699638505e+04 1.742838822614432932e-20 4.577227050603394668e-21
1.600394607241058475e+04 1.721315500419169957e-20 4.633493652396487696e-21
1.601033303314830664e+04 1.289048934597683996e-20 4.320311621405775337e-21
1.601671997918982015e+04 1.081053924839355054e-20 4.470170935374437309e-21
1.602310691051615868e+04 2.199936116822826638e-20 4.923700812321610093e-21
1.602949382710772625e+04 1.336219474144052409e-20 4.478352356250634152e-21
1.603588072894572542e+04 1.497178629986217172e-20 5.049378976885739073e-21
1.604226761601015824e+04 2.983253184224544129e-20 4.884352942338513452e-21
1.604865448828227636e+04 2.263710813696709307e-20 4.709132171625743115e-21
1.605504134574254749e+04 3.100786738921321071e-20 4.827988437950716830e-21
1.606142818837101004e+04 1.101607785105047057e-20 4.653093396810342634e-21
1.606781501614948502e+04 1.329428570590183073e-20 4.577572812994451294e-21
1.607420182905781985e+04 1.494193803566244906e-20 4.311500364613406993e-21
1.608058862707794287e+04 1.653912812407007408e-20 4.284080265679762033e-21
1.608697541018919947e+04 1.899975982805580538e-20 4.616431956987749329e-21
1.609336217837381082e+04 1.479683245047148088e-20 4.684011462089485299e-21
1.609974893161070213e+04 2.452202423894563396e-20 4.375224126584736229e-21
1.610613566988202911e+04 1.472578589965863073e-20 4.461327261016207696e-21
1.611252239316873056e+04 3.211831469204667254e-20 4.506807937843125184e-21
1.611890910145114503e+04 2.433252151407827491e-20 4.995934866370798505e-21
1.612529579471059515e+04 1.608298534503662295e-20 4.957090775503504775e-21
1.613168247292739397e+04 1.068754099394027992e-20 4.588838981863700098e-21
1.613806913608237301e+04 7.761372823857030844e-21 4.555354507261680823e-21
1.614445578415754972e+04 2.262958388420876767e-20 4.703892590319880407e-21
1.615084241713241863e+04 2.648971168681662082e-20 4.706449326013636373e-21
1.615722903498895721e+04 1.530088663139771986e-20 4.890761612816395414e-21
1.616361563770730754e+04 2.167487378652694079e-20 4.793002645243949399e-21
1.617012326138379831e+04 2.175848091273113380e-20 4.938870818693826036e-21
1.617650984056024936e+04 1.522607244194047392e-20 4.759239513676363221e-21
1.618289640453370157e+04 2.084954004820788406e-20 4.974850721575012948e-21
1.618928295329099274e+04 1.927046967161757865e-20 4.623475318739720671e-21
1.619566948681453323e+04 8.973115462890843827e-21 4.602266303375987147e-21
1.620205600508361567e+04 1.526592352390947823e-20 4.713719492936523466e-21
1.620844250808056131e+04 2.652971544261366933e-20 4.653555392899156857e-21
1.621482899578601246e+04 1.106468848537599329e-20 4.526732633361077159e-21
1.622121546818129900e+04 6.650468045762074902e-21 4.624911257429170940e-21
1.622760192524735612e+04 6.809687578978011315e-21 4.434245174114043226e-21
1.623398836696494254e+04 1.891106302147400865e-20 4.915844042858297596e-21
1.624037479331524264e+04 2.587805406060607128e-20 5.199010403616504639e-21
1.624676120427988462e+04 1.113116328832476572e-20 4.725644052465274006e-21
1.625314759984006014e+04 2.822521003279494172e-20 5.309334333140244468e-21
1.625953397997593311e+04 2.632478032721295045e-20 4.914647137954853600e-21
1.626592034467009216e+04 3.461314078236495492e-20 4.838985673217677255e-21
1.627230669390286857e+04 2.096890765787123491e-20 4.665246424694182002e-21
1.627869302765550674e+04 8.385483427073183902e-21 4.354907722683300695e-21
1.628507934590960940e+04 1.388264572155493612e-21 4.494358853240649959e-21
1.629146564864619904e+04 1.772258074474698456e-20 4.745718847278087871e-21
1.629785193584637273e+04 2.033131460428821953e-20 4.691784937756327145e-21
1.630423820749211154e+04 3.295189562834751316e-20 4.569958526652528872e-21
1.631062446356393593e+04 2.627089917874091588e-20 4.648739590578409768e-21
1.631701070404291750e+04 3.192467307044062172e-20 4.644243877885306849e-21
1.632339692891160121e+04 1.658057903123562210e-20 4.376081377858584949e-21
1.632978313814993635e+04 1.651235226927853909e-20 4.622614095863063599e-21
1.633616933174060068e+04 2.098797620838687823e-20 4.777856370751486239e-21
1.634255550966401097e+04 2.564677495177512512e-20 4.577905456819971161e-21
1.634894167190185726e+04 1.561897109903175464e-20 4.543662091445381049e-21
1.635532781843506746e+04 2.477878804511077120e-20 4.680335795528211956e-21
1.636171394924613014e+04 2.270407437890632121e-20 5.044345860422859109e-21
1.636810006431578404e+04 1.492860021709603606e-20 4.444240440004227518e-21
1.637448616362481880e+04 1.823161986528469119e-20 4.523827700337168893e-21
1.638087224715585762e+04 1.994439117431478021e-20 4.645557495644786042e-21
1.638725831488959011e+04 1.587841444204125152e-20 4.578097610002197191e-21
1.639364436680795916e+04 3.018869612638794688e-20 4.070944808686885053e-21
1.640003040289207274e+04 1.302396069403644371e-20 4.158190827676037636e-21
1.640641642312434851e+04 7.932975065733312329e-21 3.786252996613362724e-21
1.641280242748461751e+04 2.123429687789635467e-20 4.456765283481608576e-21
1.641918841595558115e+04 2.081865456808382341e-20 4.771320070386147067e-21
1.642557438851883853e+04 1.129060566320539344e-20 4.502820016331375188e-21
1.643196034515551946e+04 9.481419177256515418e-21 4.691698249179612391e-21
1.643834628584756138e+04 2.101129845802312517e-20 4.918650545494693041e-21
1.644473221057589035e+04 1.746316141589189100e-20 4.540117391943795763e-21
1.645111811932330602e+04 1.915109888809369720e-20 4.288753162292477573e-21
1.645750401207007963e+04 3.127622930744487606e-20 4.569267296481694678e-21
1.646388988879910903e+04 2.787164474272101953e-20 3.963139832347679105e-21
1.647027574949071641e+04 3.197659396286952250e-20 4.860736904917795122e-21
1.647666159412818888e+04 2.259860072680210710e-20 4.769373551000921400e-21
1.648304742269140843e+04 2.029151976785812132e-20 4.891185583465498557e-21
1.648943323516356031e+04 2.263324469860369363e-20 4.546039919343135042e-21
1.649581903152500308e+04 7.315081288145291121e-21 4.510369873709875553e-21
1.650220481175839814e+04 2.480947076673534294e-20 5.096100081495546711e-21
1.650859057584553375e+04 1.998599500020809845e-20 4.658675666997760999e-21
1.651497632376735419e+04 2.238847614940196749e-20 4.786587262954933236e-21
1.652136205550681552e+04 1.122020162736842421e-20 4.899122412159363267e-21
1.652774777104428722e+04 3.333170344529265869e-20 4.907330534387968085e-21
1.653413347036278356e+04 9.511227596361386061e-21 4.532119711096829781e-21
1.654051915344335066e+04 1.109563969855486401e-20 4.596481676078808867e-21
1.654690482026825703e+04 1.633540701790627855e-20 4.975204334914095867e-21
1.655329047081861063e+04 2.072656076331604607e-20 4.885254082441995609e-21
1.655967610507750942e+04 2.171649395141137935e-20 4.663859064417100237e-21
1.656606172302513005e+04 2.900855473277656098e-20 4.805132281843993513e-21
1.657244732464518893e+04 2.110689921831123319e-20 4.819504205957888849e-21
1.657883290991788817e+04 2.382799659893830874e-20 4.919767530972031156e-21
1.658521847882617294e+04 2.212502415592641302e-20 4.556383697771187939e-21
1.659160403135191882e+04 2.691984184882103453e-20 4.938683942120309152e-21
1.659798956747630291e+04 2.328291248180462858e-20 4.960261235021824245e-21
1.660437508718241588e+04 1.434951056811584335e-20 4.501573719748201161e-21
1.661076059045087459e+04 2.426165223649948183e-20 4.931365363042911274e-21
1.661714607726507165e+04 2.066701215546168670e-20 5.102529915836653950e-21
1.662353154760522739e+04 2.722041156140061803e-20 4.527322797678308358e-21
1.662991700145479626e+04 4.017375214354305581e-20 5.194282092699417256e-21
1.663630243879556656e+04 6.321240449242932801e-20 5.421995847538297143e-21
1.664268785960936293e+04 6.423621877261132186e-20 5.589027450565590623e-21
1.664907326387766443e+04 6.806647710068934390e-20 5.312125526365676910e-21
1.665545865158324887e+04 4.842297368833214752e-20 5.011362933394639111e-21
1.666184402270768624e+04 3.726639356890758245e-20 5.015527520795544814e-21
1.666822937723406721e+04 2.151374521000927602e-20 5.162250728842373248e-21
1.667461471514301957e+04 1.334126693343473542e-20 4.994291207748473246e-21
1.668100003641780859e+04 1.780161347622873006e-20 4.727242084080054794e-21
1.668738534103955317e+04 2.996824985089645288e-20 5.270736294885167101e-21
1.669377062899096563e+04 1.139921838714386282e-20 4.750424835405687603e-21
1.670015590025485653e+04 5.805877948363384599e-21 4.896187940341283114e-21
1.670654115481168628e+04 1.476330086563746411e-20 4.841883305665101448e-21
1.671292639264550235e+04 3.025653535186897350e-21 4.638475678470281401e-21
1.671931161373688519e+04 2.211924150427825156e-20 4.739223037300250069e-21
1.672569681806898734e+04 2.541378251143636703e-20 4.773232991114083976e-21
1.673208200562347338e+04 1.553525224414464572e-20 4.434070861475608930e-21
1.673846717638283735e+04 1.437743528000658972e-20 4.664098629658919389e-21
1.674485233032974793e+04 1.514036883377350789e-20 4.934687830883005284e-21
1.675123746744605887e+04 1.866773459896016620e-20 5.095521645999081730e-21
1.675762258771304187e+04 2.515969251712604051e-20 4.949373506905596111e-21
1.676400769111483896e+04 1.559520785173058127e-20 4.888702099777099657e-21
1.677039277763781865e+04 1.015697737781125896e-20 4.322015867380964349e-21
1.677689951978478348e+04 1.440182974876764857e-20 4.324726964569799901e-21
1.678328457909666031e+04 2.648516615852727709e-20 4.866285301691800002e-21
1.678966962146975129e+04 1.287408285529069377e-20 5.094604559286321693e-21
1.679605464688604479e+04 1.836871971461725671e-20 4.591736409266057632e-21
1.680243965532934089e+04 1.371699178605831531e-20 4.735544596962812899e-21
1.680882464678066026e+04 1.298667848853773797e-20 4.973222759338140118e-21
1.681520962122238416e+04 9.513978654642437876e-21 4.836925666864945369e-21
1.682159457863786884e+04 9.766455710410378387e-21 4.796200206736855800e-21
1.682797951900883709e+04 1.356272990605936043e-20 5.041225536795537516e-21
1.683436444231765927e+04 1.770525533727834859e-20 4.757478889217506516e-21
1.684074934854727326e+04 1.753587818811397729e-20 4.866908047734510453e-21
1.684713423767986751e+04 1.992054887966519317e-20 4.907459219533832014e-21
1.685351910969777964e+04 1.978093439963652782e-20 4.847468036341741655e-21
1.685990396458301257e+04 1.248158455622205742e-20 4.673086180262645222e-21
1.686628880231962103e+04 2.323215606895044664e-20 4.759793616444025044e-21
1.687267362288814184e+04 3.249562712710445018e-20 4.915925233878386871e-21
1.687905842627253878e+04 2.826848553942828521e-20 5.178212448046688075e-21
1.688544321245464380e+04 7.716894148996898980e-21 5.034220190539804772e-21
1.689182798141672538e+04 9.773954516315702453e-21 5.042759385477327473e-21
1.689821273314229620e+04 2.837898108551140415e-20 4.638096369505520789e-21
1.690459746761293718e+04 1.652542579401194976e-20 4.958252095995427201e-21
1.691098218481232834e+04 1.818567016397661624e-20 4.636356843253775227e-21
1.691736688472161768e+04 2.971560395779871216e-20 5.216213947637391489e-21
1.692375156732471078e+04 1.969754430356080246e-20 4.845577658255713447e-21
1.693013623260324675e+04 2.060356196478245041e-20 4.667166638883672341e-21
1.693652088054130945e+04 1.686453504274445766e-20 4.621781355018732097e-21
1.694290551111938112e+04 1.399888229358271911e-20 4.588783848882907947e-21
1.694929012432177478e+04 7.168805765891834504e-21 4.570755821001747864e-21
1.695567472013067891e+04 2.219128264383405949e-20 4.828249522488621910e-21
1.696205929852827467e+04 1.851360934061929245e-20 5.261844301659293511e-21
1.696844385949813659e+04 1.561234598256363825e-20 5.112039087235002433e-21
1.697482840302194381e+04 1.752182236847281531e-20 4.537496365040195441e-21
1.698121292908376563e+04 2.429404993707221656e-20 4.634241892307391540e-21
1.698759743766508836e+04 2.486564568697020560e-20 5.046407575689916607e-21
1.699398192874916276e+04 2.648188616894155558e-20 5.087371154475303260e-21
1.700036640231856654e+04 2.481903566262035954e-20 5.293339428676278265e-21
1.700675085835617210e+04 1.227589255639905408e-20 5.061472894051548008e-21
1.701313529684480454e+04 1.626201983663612088e-20 4.890474306596169072e-21
1.701951971776724895e+04 1.205745147314446003e-20 4.994565005260950473e-21
1.702590412110654142e+04 1.565119487887506666e-20 5.380093835386048991e-21
1.703228850684457575e+04 1.665440250548533408e-20 5.156730943364165325e-21
1.703867287496535937e+04 2.268280752827292983e-20 4.913867605113516526e-21
1.704505722545123353e+04 2.302638060299671643e-20 4.997549644256916932e-21
1.705144155828455405e+04 1.187254853381125050e-20 4.845773230546116865e-21
1.705782587344908097e+04 1.124050156977816879e-20 4.872408622687195309e-21
1.706421017092667898e+04 2.258636743049594415e-20 5.210494541263648400e-21
1.707059445070133006e+04 1.694588872355788968e-20 4.723935820591620771e-21
1.707697871275494617e+04 1.704313850676259197e-20 4.602185840447332200e-21
1.708336295707142926e+04 2.279657356058574704e-20 5.173996614666324366e-21
1.708974718363258580e+04 1.392884765761910573e-20 5.033231163689995837e-21
1.709613139242239413e+04 2.176995744728860819e-20 4.573332507945701762e-21
1.710251558342290082e+04 2.063705145482960035e-20 4.868064001665746812e-21
1.710889975661803328e+04 1.391422550790131044e-20 4.838988751130734288e-21
1.711528391198979443e+04 2.149255028715244606e-20 4.794637007253314213e-21
1.712166804952195889e+04 2.094732530581040002e-20 4.945002936229549321e-21
1.712805216919671147e+04 3.178943630299572712e-20 5.033338752131979826e-21
1.713443627099806326e+04 9.438201106337655896e-21 4.872537868803669521e-21
1.714082035490804992e+04 9.905481142361993830e-21 4.777605351957623887e-21
1.714720442091017321e+04 1.754475365950136821e-20 4.632134068463668977e-21
1.715358846898781849e+04 2.272852868843891981e-20 4.752287594772608618e-21
1.715997249912323605e+04 1.734480568726070707e-20 4.868348319644791358e-21
1.716635651130047336e+04 2.502712634832179808e-20 4.944964339165713252e-21
1.717274050550163520e+04 1.615480573630070480e-20 4.784427991249988326e-21
1.717912448171049982e+04 1.831306575146059876e-20 4.860143097911499026e-21
1.718550843990958310e+04 2.025701378951945436e-20 4.585801167145672307e-21
1.719189238008240864e+04 2.780149272952101424e-20 4.401303569998030298e-21
1.719827630221258005e+04 2.374544875439394606e-20 4.550989054110576759e-21
1.720466020628226397e+04 2.185896145903614239e-20 4.714759931403588963e-21
1.721104409227551514e+04 1.736481306917291235e-20 4.945634758079166680e-21
1.721742796017448563e+04 1.849569669532545324e-20 4.427704132011581464e-21
1.722381180996295006e+04 1.624184700689654710e-20 4.717200949330082458e-21
1.723019564162410461e+04 1.585708166729054251e-20 4.771579719722044629e-21
1.723657945514164021e+04 1.329269833930012592e-20 4.949766632961566238e-21
1.724296325049770167e+04 1.769822833755295054e-20 5.084242597665537644e-21
1.724934702767646377e+04 2.196569699765774476e-20 4.651803745890983437e-21
1.725573078666006768e+04 2.880061405973192498e-20 4.851361356445843940e-21
1.726211452743297195e+04 2.497365814081674327e-20 5.175152666052713950e-21
1.726849824997793985e+04 5.059471499377224982e-20 5.314198284414771459e-21
1.727488195427817482e+04 7.420058715185925449e-20 5.404268120473254230e-21
1.728126564031643284e+04 2.961630325674263389e-20 5.138780117759171870e-21
1.728764930807735800e+04 9.374003341473905675e-21 4.803098901729594879e-21
1.729403295754302235e+04 1.038905840751382396e-20 4.735399434922904869e-21
1.730041658869772436e+04 2.163542505287161324e-20 4.831956551472773943e-21
1.730680020152373254e+04 1.649896572085112300e-20 5.072838270154931337e-21
1.731318379600485059e+04 1.874696367487515537e-20 5.067110880842318732e-21
1.731956737212503867e+04 2.279700988808897986e-20 4.752218419523401124e-21
1.732595092986619784e+04 2.248888872186786156e-20 4.982529702752839139e-21
1.733233446921314317e+04 9.424501016944520159e-21 5.272683106460871174e-21
1.733871799014897624e+04 3.313590837360323543e-20 4.746418309299240218e-21
1.734510149265679865e+04 2.586963365980274732e-20 4.924252453431932937e-21
1.735148497671965015e+04 1.551296421771978414e-20 4.730380009578575454e-21
1.735786844232218937e+04 3.544448927256377997e-20 5.197689378452723684e-21
1.736425188944659385e+04 4.555192796180039580e-20 5.406621454582952868e-21
1.737063531807676918e+04 2.312659789151496936e-20 4.789374501155100132e-21
1.737701872819609343e+04 1.886014088132624084e-20 4.687322397471313602e-21
1.738340211978817388e+04 2.091483785295419676e-20 4.910802910127413354e-21
1.738978549283671964e+04 1.537001068118785645e-20 4.514745230486322857e-21
1.739616884732498147e+04 3.358564713895783128e-20 5.034181876033176489e-21
1.740255218323643203e+04 1.464482399068643840e-20 5.016370348494517894e-21
1.740893550055373635e+04 1.672318943484370051e-20 4.592384128271012531e-21
1.741531879926179681e+04 1.867019633924409374e-20 4.627597899406065365e-21
1.742170207934365681e+04 2.448622552519804920e-20 4.670319966412430794e-21
1.742808534078310913e+04 1.768690018780590857e-20 4.741305716039387122e-21
1.743446858356273151e+04 2.423732205693283582e-20 4.996371680537419437e-21
1.744085180766763369e+04 1.242623820222582387e-20 4.765062770407387934e-21
1.744723501308011328e+04 1.261073409573461221e-20 4.692035066747758499e-21
1.745361819978472704e+04 2.057214960061974111e-20 4.994177161234271231e-21
1.746000136776411819e+04 6.345930791979008983e-21 4.829247227217485137e-21
1.746638451700237783e+04 1.424748369869307477e-20 4.407668752711753437e-21
1.747276764748276400e+04 2.216575415681914202e-20 4.723099294131157232e-21
1.747915075918900402e+04 3.236781657670459386e-20 5.428354064341067938e-21
1.748553385210552005e+04 -1.186018826094954273e-21 4.191945522965867432e-21
1.749191692621598486e+04 2.408336126719565177e-20 4.906685735295906466e-21
1.749829998150307438e+04 2.333843799102550317e-20 5.015480899515076367e-21
1.750468301795089792e+04 2.476284694208527588e-20 5.054792590477209338e-21
1.751106603554336471e+04 1.923371758302093071e-20 5.133065550216912467e-21
1.751744903426378733e+04 2.313000406599771070e-20 5.335930354339950964e-21
1.752383201409540561e+04 2.591100092998119565e-20 5.320200033026648334e-21
1.753021497502339844e+04 4.054601057781194919e-20 5.310766810412901989e-21
1.753659791703124574e+04 2.370853417538282829e-20 5.248296142254335421e-21
1.754298084010158709e+04 1.932835889582256978e-20 5.001246517120795537e-21
1.754936374421881919e+04 1.805020435270994130e-20 4.458565184328100475e-21
1.755574662936672394e+04 2.246365340221829279e-20 5.027120568621804622e-21
1.756212949552907594e+04 1.861440162681832525e-20 5.231452752641835305e-21
1.756851234268893677e+04 1.662298063859608873e-20 5.156668378361042673e-21
1.757489517083143801e+04 2.047530812498292714e-20 4.824049240612209781e-21
1.758127797993975764e+04 3.114577616901783348e-21 5.080081812887715436e-21
1.758766076999824872e+04 1.255099714953273995e-20 4.787864504769629948e-21
1.759404354098978001e+04 1.636703993769179873e-20 5.026960353555281557e-21
1.760042629289842444e+04 1.318599577211889418e-20 5.047577521265771478e-21
1.760680902570776016e+04 1.460826462041100874e-20 4.914965251315385333e-21
1.761319173940279143e+04 1.765019322272047933e-20 5.204922679152338777e-21
1.761957443396730014e+04 3.315761183079953426e-20 5.067702962138787564e-21
1.762595710938417687e+04 1.375619933456389533e-20 4.673406165524372905e-21
1.763233976563830947e+04 1.011627345084436353e-20 4.544604654068705249e-21
1.763872240271165356e+04 1.858512911656301759e-20 4.969824312517300699e-21
1.764510502059018108e+04 2.676711770861645179e-20 4.988785882513065619e-21
1.765148761925697545e+04 1.007130496538175520e-20 4.920979681371524181e-21
1.765787019869726646e+04 2.059326797766996857e-20 4.508656855099944437e-21
1.766437530502691516e+04 8.623424819403594475e-21 4.516183238562337149e-21
1.767075785235734293e+04 1.784875919014993481e-20 4.882045403583788551e-21
1.767714038040747982e+04 2.117885326635316758e-20 5.332989371713660749e-21
1.768352288916374528e+04 1.308483874218706504e-20 5.198267365583647998e-21
1.768990537861181292e+04 2.088209427588104684e-20 4.749220527970554385e-21
1.769628784873423501e+04 1.852027727347253802e-20 4.612828796541677155e-21
1.770267029951531367e+04 3.502311815896667045e-20 4.887085533487900992e-21
1.770905273093909636e+04 3.443540732605238742e-20 4.984912732665188015e-21
1.771543514299004164e+04 4.188926366023505550e-20 5.059836782519567529e-21
1.772181753565246981e+04 3.080214021305458830e-20 5.659404343733549412e-21
1.772819990890992995e+04 3.150705236179992921e-20 5.425612338738616286e-21
1.773458226274556364e+04 1.769054589489514154e-20 5.086102157355089174e-21
1.774096459714491357e+04 3.189062017037672008e-21 4.874325031383269138e-21
1.774734691285225927e+04 1.152798373617179089e-20 4.910768790977436965e-21
1.775372928568622592e+04 1.458144267446079647e-20 4.652614413331342075e-21
1.776011171162033133e+04 2.287669636580178550e-20 4.844656427552238900e-21
1.776649411874340876e+04 2.775105286057111528e-20 4.837661109592834755e-21
1.777287650634937745e+04 2.028353953894723069e-20 4.987093106453171309e-21
1.777925887442192470e+04 2.539576565728786086e-20 5.469414668471176468e-21
1.778564122294564368e+04 1.785925315399016759e-20 5.079825968877907936e-21
1.779202355190394883e+04 1.412607168487705686e-20 4.913405529168796968e-21
1.779840586128035648e+04 1.636511336376678311e-20 4.858278833150449731e-21
1.780478815106111870e+04 2.154206595970213710e-20 5.038241665563946496e-21
1.781117042122862040e+04 2.414497901353642700e-20 5.268158293458401720e-21
1.781755267176870257e+04 1.408122648632195399e-20 4.601814171393879658e-21
1.782393490266341905e+04 1.807888363867765008e-20 5.091602253041066573e-21
1.783031711389864722e+04 1.575383748193992777e-20 4.817662074251834101e-21
1.783669930545816896e+04 2.229248599732931286e-20 5.199230120548119927e-21
1.784308147732666839e+04 2.178356393570238558e-20 5.546240148658094635e-21
1.784946362948703245e+04 1.546430468923618915e-20 4.980419700759565723e-21
1.785584576192494933e+04 2.070421883637924282e-20 5.037150232779334314e-21
1.786222787462465931e+04 3.290319916036049234e-20 4.876615053556772582e-21
1.786860996756926397e+04 3.366503815064567399e-20 4.753221388329063205e-21
1.787499204074375666e+04 1.645532593587277364e-20 4.604428306973246630e-21
1.788137409413269052e+04 1.389364377592819392e-20 4.702279041668088356e-21
1.788775612772018212e+04 -2.511276001425796487e-21 4.864576416194358558e-21
1.789413814149078826e+04 8.350338409417531744e-21 4.799633781760261723e-21
1.790052013542761051e+04 2.302476623280270253e-20 4.707984491290869362e-21
1.790690210951715198e+04 1.523859994891586151e-20 4.990018444234802862e-21
1.791328406374187398e+04 1.911347469245111282e-20 4.805326629048014336e-21
1.791966599808707178e+04 1.845983269518614096e-20 5.060221665025477209e-21
1.792604791253715666e+04 1.782397499602199027e-20 5.048193995731794983e-21
1.793242980707605602e+04 2.105231622897218534e-20 5.191777632319916139e-21
1.793881168168832301e+04 -8.935905396732534222e-21 4.342265011690765111e-21
1.794519353635793232e+04 1.838600351940716837e-20 4.950110236914226218e-21
1.795157537107071767e+04 2.285993833924207378e-20 4.521523766975268397e-21
1.795795718580966422e+04 1.440810094067824751e-20 4.430929564816696516e-21
1.796433898055947429e+04 2.355078822564839864e-20 4.765188785212158193e-21
1.797072075530483926e+04 2.038079435300777201e-20 4.924068361594655237e-21
1.797710251003041412e+04 9.788535261163568332e-21 4.760131017459290426e-21
1.798348424472018087e+04 2.191111527555629749e-20 4.993728293558418018e-21
1.798986595935887453e+04 1.444053771120464608e-20 4.584607604980934606e-21
1.799624765393165944e+04 1.450645083035342818e-20 4.428550762067914627e-21
1.800262932842140071e+04 7.223508506647026732e-21 4.388028902880315475e-21
1.800901098281380109e+04 2.278847521149116942e-20 4.327355072573965248e-21
1.801539261709358107e+04 2.324792025159646625e-20 4.921008134215088966e-21
1.802177423124405323e+04 2.023376474909640530e-20 5.021362933313012663e-21
1.802815582525073478e+04 8.633256721784788895e-21 4.617726412559566384e-21
1.803453739909835349e+04 9.262877885026846820e-21 4.615793318243263872e-21
1.804091895277128424e+04 1.990097713965164205e-20 4.489068154524485584e-21
1.804730048625288691e+04 2.003604524764706754e-20 4.244637494121140336e-21
1.805368199952867872e+04 3.360544920347098882e-21 4.306441691683629911e-21
1.806006349258413320e+04 1.801278317490456449e-20 5.192200493330631678e-21
1.806644496540175896e+04 1.147136761390463001e-20 4.742999281955870617e-21
1.807282641796800817e+04 1.772092957143790302e-20 4.637055038273466319e-21
1.807920785026705198e+04 2.210847353735067865e-20 4.757030670987031926e-21
1.808558926228255950e+04 3.134955852661147865e-20 5.524567235825971665e-21
1.809197065400010979e+04 9.184260716681345537e-21 4.768704848785932974e-21
1.809835202540357204e+04 1.623797044894121362e-20 4.920362408076783280e-21
1.810473337647930384e+04 1.167996708713494590e-20 5.153751992843959968e-21
1.811111470720979560e+04 9.189640453076503886e-22 4.962511016092268155e-21
1.811749601758112476e+04 1.006281619148023575e-20 4.569341931896854903e-21
1.812387730757753161e+04 3.062739841038670634e-21 4.813565357683071628e-21
1.813025857718322368e+04 9.456113038089996578e-21 4.673146399251846343e-21
1.813663982638428570e+04 1.192885856343331346e-20 4.776200474528611952e-21
1.814302105516325901e+04 8.560554096301928405e-21 4.915349096153169324e-21
1.814940226350680314e+04 9.967249063734042105e-21 5.285945114343232574e-21
1.815578345139910016e+04 1.715887207675323521e-20 5.074333834978376173e-21
1.816216461882373551e+04 2.159074152642731262e-20 5.144077510990639277e-21
1.816854576576712498e+04 8.717653168523366568e-21 4.560322856851574364e-21
1.817492689221258843e+04 1.996873751342550754e-20 5.163500058493372948e-21
1.818130799814648708e+04 1.650848931297086073e-20 4.406279220463993838e-21
1.818768908355221356e+04 6.922285524943785294e-21 4.452069048866124984e-21
1.819407014841521959e+04 9.934026313857593004e-21 4.515283895818558952e-21
1.820045119271980366e+04 2.042107565314915714e-20 4.320490487693889142e-21
1.820683221645056619e+04 1.765082236579556945e-20 4.960233208967622008e-21
1.821321321959397392e+04 2.143236256702898770e-20 5.119965325137359109e-21
1.821959420213243720e+04 2.454091748641620231e-20 5.008985148715266902e-21
1.822597516405240458e+04 1.700598709941877111e-20 5.099097030972569008e-21
1.823235610533827639e+04 1.676033048319585427e-20 5.003451373806006544e-21
1.823873702597435840e+04 1.079652343012946352e-20 5.965931223191696987e-21
1.824511792594721919e+04 2.139406152617168699e-21 5.627051469372027471e-21
1.825149880523933825e+04 1.737863128544054811e-20 4.378161060101502669e-21
1.825787966383771709e+04 1.772334332702153365e-20 4.649802256538346834e-21
1.826426050172551550e+04 1.751828637371969205e-20 5.304817732580891331e-21
1.827064131888834891e+04 5.000439095696145778e-21 4.547027104758401700e-21
1.827702211531160356e+04 7.260985118819468986e-21 5.261901503480284425e-21
1.828340289097893401e+04 1.147855603728840752e-20 4.768278992741917185e-21
1.828978364587698161e+04 2.138906357580746597e-20 4.346084034984401345e-21
1.829616437998898255e+04 1.737927241228803131e-20 4.486085181034319499e-21
1.830254509330058499e+04 2.550799761652449984e-20 4.967214642966143955e-21
1.830892578579714609e+04 3.256656240599189926e-20 5.299255452526731714e-21
1.831530645746245864e+04 4.197841027552874513e-20 5.151766868344513321e-21
1.832168710828265466e+04 2.982360053797265273e-20 4.723277430142230470e-21
1.832806773824244010e+04 1.967296493258214710e-20 4.735612877042919401e-21
1.833444834732609888e+04 1.411444863778138319e-20 5.017442996424298414e-21
1.834082893551957022e+04 8.714010518252031569e-21 4.990268575729162990e-21
1.834720950280665784e+04 1.925359814806274314e-20 5.236027619896970204e-21
1.835359004917347556e+04 2.843480397209263338e-20 5.002511810011178764e-21
1.835997057460484211e+04 3.132423156987251494e-20 4.805824761085050622e-21
1.836635107908457576e+04 1.999333666348390496e-20 4.680589027211932425e-21
1.837273156260004907e+04 -1.505971925564697410e-21 4.899553317304401816e-21
1.837911202513370881e+04 1.638220966943666545e-20 5.360964785900479508e-21
1.838549246667226907e+04 2.944045436707897208e-20 5.250966429756837239e-21
1.839187288720030119e+04 7.528120583454142990e-21 4.969249929891944424e-21
1.839825328670231829e+04 1.442858469039343010e-20 4.958571145361174703e-21
1.840463366516463429e+04 3.314941820733443059e-20 4.928361241388827380e-21
1.841101402257110749e+04 3.196405838402317370e-20 4.933457140132060777e-21
1.841739435890703680e+04 2.856385091620362090e-20 5.342924993102988600e-21
1.842377467415826686e+04 2.835930438842540616e-20 5.125923295320018777e-21
1.843015496830919801e+04 1.413410322618530618e-20 4.609217707371445980e-21
1.843653524134515828e+04 2.279650085888927176e-20 4.797638378519022603e-21
1.844291549325169763e+04 1.473730412194328488e-20 5.379969160008032941e-21
1.844929572401252517e+04 1.099333157749783892e-20 4.821054048955937881e-21
1.845567593361471518e+04 1.764078612500000721e-20 4.942777584431054221e-21
1.846205612204213685e+04 1.273715980849895137e-20 4.954464300990607957e-21
1.846843628927976533e+04 1.300303103825635913e-20 4.784369983694253338e-21
1.847481643531395093e+04 2.093969027952445489e-20 5.280757050450826512e-21
1.848119656012819542e+04 1.198120331034045619e-20 5.030888890807186509e-21
1.848757666370930383e+04 1.242907597715907344e-20 4.504042411724144148e-21
1.849395674604173837e+04 1.660467365342600393e-20 4.801462812521961385e-21
1.850033680711023408e+04 2.749127499274500150e-20 5.102221820174123030e-21
1.850671684690091934e+04 2.228305095218590217e-20 4.829160940130277594e-21
1.851309686539828908e+04 1.245063215543484336e-20 4.735060162569036262e-21
1.851947686258783142e+04 1.315693327622137106e-20 5.068954515782156801e-21
1.852585683845523818e+04 2.559419678792500055e-20 4.996098359689220279e-21
1.853223679298453499e+04 9.593143677104907241e-21 4.491930633082400094e-21
1.853861672616162105e+04 1.619437720911697190e-20 4.997385955543383993e-21
1.854499663797228277e+04 1.211847868486362095e-20 4.474206625395680296e-21
1.855137652840081500e+04 2.647714405629712107e-20 5.142757681377325991e-21
1.855775639743338616e+04 1.934434270055083091e-20 4.693371192209640795e-21
1.856413624505484404e+04 1.610044607917273990e-20 4.786343866206686932e-21
1.857051607124998554e+04 1.734846969427952709e-20 4.678226656254385946e-21
1.857689587600505183e+04 1.581979317037441213e-20 5.019865507892431112e-21
1.858327565930435958e+04 1.005267471164558196e-20 4.965706874413205429e-21
1.858965542113415358e+04 1.237798805791963229e-20 4.853777462496568187e-21
1.859603516147881965e+04 1.137856704047394376e-20 4.457489357297804919e-21
1.860241488032411871e+04 1.811756749891159319e-20 4.705097952010435150e-21
1.860879457765994084e+04 1.613676802336399080e-20 5.079538512911519437e-21
1.861529773932689204e+04 2.040911398908716971e-20 4.826921328406502477e-21
1.862167739977445308e+04 1.605869976418322100e-20 5.050973978355606595e-21
1.862805703866422482e+04 1.671932978570794596e-20 4.414559791497755017e-21
1.863443665597964355e+04 2.777432793023309229e-20 5.012335894665947053e-21
1.864081625170658299e+04 1.366504649852900224e-20 5.012957291414975993e-21
1.864719582583017473e+04 1.947145249209193782e-20 4.149474200946364236e-21
1.865357537833617607e+04 1.694365781656951788e-20 4.883646153089731319e-21
1.865995490920983138e+04 1.708009055571862359e-20 4.673993154186109046e-21
1.866633441843679611e+04 1.660604586742440300e-20 4.754517925765677552e-21
1.867271390600123777e+04 2.157106432673171709e-20 4.921386680631170785e-21
1.867909337189055441e+04 1.200739242366810751e-20 5.228524796545489471e-21
1.868547281608892081e+04 2.101105711845709642e-20 5.213794335037496008e-21
1.869185223858151949e+04 2.178633363001475223e-20 5.088838731584671977e-21
1.869823163935478442e+04 2.505883703127866868e-20 5.887595454471400803e-21
1.870461101839379626e+04 1.568847084401503161e-20 4.955804275460037660e-21
1.871099037568336644e+04 1.872643159025807503e-20 5.180775496976800491e-21
1.871736971120944872e+04 1.506971515337397432e-20 4.916624349884259327e-21
1.872374902495826609e+04 1.618065263746509109e-20 5.317382742583627185e-21
1.873012831691306565e+04 1.224548501745521876e-20 4.893094384362014998e-21
1.873650758706253328e+04 1.353129020976155075e-20 4.342857537166048918e-21
1.874288683538895566e+04 2.029145483043663026e-20 4.794131610723335692e-21
1.874926606188028745e+04 1.806732288885010993e-20 5.006930755605970799e-21
1.875564526652021232e+04 1.600510384928368586e-20 4.823600002333051068e-21
1.876202444929506601e+04 2.360354525129155339e-20 5.074581272922866487e-21
1.876840361019137708e+04 1.426351783597961495e-20 5.165756577000747466e-21
1.877478274919268006e+04 6.859397746386645904e-21 5.091483443597507761e-21
1.878116186628600553e+04 1.003177395261471858e-20 5.021592751988611361e-21
1.878754096145664516e+04 1.901900440632964968e-20 4.896187835374804494e-21
1.879392003468915573e+04 1.796098873207985877e-20 4.833855767380588370e-21
1.880029908597008398e+04 1.169858338772883595e-20 5.462584993311745839e-21
