1.699754753834854637e+04 7.543105474764157959e-21 3.989007822216036342e-21
1.700825832777839969e+04 1.000478240684017905e-20 3.156792999482981900e-21
1.701896913981922262e+04 7.337527184906747653e-21 3.222051937287333684e-21
1.702967997439877945e+04 -3.557120736198569511e-21 3.167410583963528135e-21
1.704039083145418044e+04 8.345590058826714595e-21 3.366694048859903753e-21
1.705110171091236043e+04 -4.276224553121891984e-21 3.128514938833878507e-21
1.706181261270865070e+04 5.300505989306469365e-21 3.215720793138636240e-21
1.707252353677160136e+04 6.715454292923696158e-21 3.381587987040383477e-21
1.708323448303533223e+04 -2.068731353388110009e-21 2.970418110615671825e-21
1.709394545142806965e+04 2.641993191667038361e-21 3.549325167628360354e-21
1.710465644187859652e+04 -1.593248379314198884e-21 3.505704728273867504e-21
1.711536745432463431e+04 4.255936075192795816e-21 3.208606256693413999e-21
1.712607848874063347e+04 -1.366868268945865190e-21 3.473626835652640735e-21
1.713699011314634481e+04 1.023482652165022917e-20 3.674634619270127515e-21
1.714770120781498917e+04 1.511080355336432290e-20 3.473057028574901788e-21
1.715841232420182860e+04 7.371638543350879318e-21 3.557884629294357347e-21
1.716912346223189888e+04 3.602891491326409568e-21 3.477687307065154787e-21
1.717983462183616939e+04 8.289676620906949254e-21 3.506766617746118279e-21
1.719054580294914194e+04 5.803031250196248433e-21 3.755992227708306792e-21
1.720125700550316105e+04 4.027074331701741984e-21 3.445746400515621819e-21
1.721196822943276857e+04 1.909895103840643619e-21 3.190668868527843382e-21
1.722267947466425176e+04 5.701072313368301311e-21 3.565773272815703042e-21
1.723339074113142851e+04 3.028379953109338482e-21 3.037132887938848435e-21
1.724410202876925905e+04 1.371388668286212003e-20 3.680234082702398133e-21
1.725481333750649355e+04 1.746153270655964315e-20 3.993516609277195087e-21
1.726552466727443607e+04 1.362356780867723553e-20 3.607234493670905110e-21
1.727623601800696269e+04 2.958492214530682527e-21 3.715537360601604504e-21
1.728694738963931377e+04 9.285860773542702496e-22 3.446789240208925493e-21
1.729765878210117444e+04 8.461722197588894398e-21 3.499905421296944382e-21
1.730837019532068007e+04 7.195145034355639233e-21 3.677980859496320978e-21
1.731908162923725467e+04 8.179022451532770684e-21 3.278761243284932662e-21
1.732979308377945563e+04 1.153504807484194438e-21 3.070470495681303696e-21
1.734050455888112629e+04 1.675853082683692887e-20 3.842285284349721578e-21
1.735121605447170441e+04 1.834492853997177693e-20 3.240981091993739191e-21
1.736192757048933345e+04 9.026064376640751387e-21 3.317949887290693850e-21
1.737263910686034069e+04 5.587956999338744633e-21 3.125029625462377614e-21
1.738335066352475769e+04 1.007345445516471063e-20 3.529477318272397076e-21
1.739406224040892630e+04 7.232178805734581342e-21 3.406965367441145268e-21
1.740477383744748295e+04 2.410982283583857062e-21 3.981044217069685027e-21
1.741548545457397267e+04 9.219858281779160759e-21 4.046505947698385823e-21
1.742619709172038711e+04 1.025788601073874046e-20 3.613428410770995449e-21
1.743690874882160279e+04 1.713133140063816220e-20 3.844258348176694550e-21
1.744762042580758862e+04 1.250611642301586246e-20 3.940090105666623231e-21
1.745833212261253720e+04 1.581655575130384335e-20 3.811445105878159930e-21
1.746904383917163796e+04 2.366636046621195750e-22 3.382551585756960806e-21
1.747975557541639500e+04 1.405015102009104612e-21 3.733456912877995327e-21
1.749046733127926200e+04 6.484908876237014620e-21 3.358551153117141420e-21
1.750117910669179400e+04 5.734198412195386878e-21 3.096777166961927737e-21
1.751189090159309853e+04 -1.038211151525369309e-21 3.316378162510757336e-21
1.752260271590996490e+04 1.121259507082502325e-21 3.380906660887438048e-21
1.753331454958007453e+04 3.998356777662924034e-21 3.352043680139592011e-21
1.754402640253618665e+04 -1.676198789192822571e-21 3.666279998312479594e-21
1.755473827470875767e+04 6.795757800077981230e-21 3.668635645339733948e-21
1.756545016603447220e+04 4.579853907121773321e-21 3.166508707960681759e-21
1.757616207644565657e+04 5.417831067121456014e-21 3.242504987504411813e-21
1.758687400587758748e+04 1.743219308731848891e-21 3.546854746498784364e-21
1.759758595426133979e+04 2.885173372898128454e-21 3.400474128866129456e-21
1.760829792153212111e+04 8.814343579679494198e-22 3.400600338956600005e-21
1.761900990762299261e+04 4.634866079576616234e-21 3.338185780813356247e-21
1.762992319124036294e+04 4.739906789650647498e-21 3.978551897185989876e-21
1.764063523632104261e+04 -4.947773335149611541e-21 3.367705560231142251e-21
1.765134729492171391e+04 3.920503751808487434e-21 3.541661195434342256e-21
1.766205937202152563e+04 -2.686942850344235528e-23 3.629740273345115068e-21
1.767277146760644246e+04 -5.405970091153534776e-21 3.490673520135032175e-21
1.768348358160913267e+04 -1.836990752856154147e-21 3.224025594857025740e-21
1.769419571396518222e+04 1.043701339682430667e-20 3.200226520640237800e-21
1.770490786460782329e+04 8.597533420713918646e-21 3.587372525562816154e-21
1.771562003347019345e+04 4.629596029437686190e-21 3.486782922633169292e-21
1.772633222048832613e+04 6.795810586307158240e-21 3.632568364119286723e-21
1.773704442559517702e+04 9.155753495111462615e-21 3.533352030155120911e-21
1.774775664922924989e+04 2.653583506547524742e-21 3.501774424357654814e-21
1.775846894347152920e+04 1.194190028370636515e-21 3.507413501007814292e-21
1.776918131473724134e+04 -3.558547907503755977e-22 3.351269404601203084e-21
1.777989370438872720e+04 1.619058496057424699e-21 3.484557860205889830e-21
1.779060611180334672e+04 1.756995239477061682e-21 3.282892113058324408e-21
1.780131853691420474e+04 9.298371379506401543e-22 3.537474589080329327e-21
1.781203097965563211e+04 1.083762795501674172e-21 3.027613313652687742e-21
1.782274343996484822e+04 -1.667746474380816679e-21 3.107894335841237232e-21
1.783345591777294612e+04 -4.013173613765493503e-21 3.156712562557654154e-21
1.784416841301747263e+04 1.886532449386107186e-21 3.509037761416716598e-21
1.785488092563123064e+04 6.194971630928582297e-21 3.523972245975645622e-21
1.786559345555162145e+04 -2.217684660300088405e-21 2.993006751442376891e-21
1.787630600270986906e+04 1.150518595654739195e-20 2.935244313301502988e-21
1.788701856704401871e+04 1.380841426746733578e-20 2.869879238004444627e-21
1.789773114848754267e+04 5.996211996506928841e-21 3.199784036510305909e-21
1.790844374697780950e+04 5.189637853563166095e-22 3.463866351875117796e-21
1.791915636244743291e+04 3.572570754464922707e-21 3.150312276881393767e-21
1.792986899483128582e+04 -2.283770041408873310e-21 3.278950169331118373e-21
1.794058164406704964e+04 4.283784665779604965e-21 3.183123558562541254e-21
1.795129431008628671e+04 4.139814238804291880e-21 3.656264679843712453e-21
1.796200699282863570e+04 1.558184046824623949e-20 3.409585648244427853e-21
1.797271969222438202e+04 7.833442279140085983e-21 3.492154528450220822e-21
1.798343240821460859e+04 9.220661055163165428e-21 3.253195072345442175e-21
1.799414514072959355e+04 1.893313199869882681e-21 3.506942343820874228e-21
1.800485788970939757e+04 1.834857571080554670e-21 3.133998638574041034e-21
1.801557065508553933e+04 1.395650778609449954e-21 3.397681636816983946e-21
1.802628343679522368e+04 7.373836400811740927e-21 3.141430378549380787e-21
1.803699623482321113e+04 9.404036173263563215e-21 3.387765795335734600e-21
1.804770905409430998e+04 -3.406321936941028573e-21 3.326178885928323302e-21
1.805862381718264078e+04 -3.303012278939767296e-22 3.791192266877642772e-21
1.806933667976889046e+04 7.076797341647488727e-21 3.739699140829144051e-21
1.808004955836123918e+04 2.981134516351025016e-21 3.442216847725252249e-21
1.809076245289714643e+04 3.966321908629413103e-21 3.150026461279073670e-21
1.810147536331177253e+04 -3.693140551355454532e-21 3.250698456467350572e-21
1.811218828954051423e+04 6.023883636950840865e-21 3.506133336074680170e-21
1.812290123152227170e+04 1.474217323895194836e-20 3.609918501144705178e-21
1.813361418918673007e+04 -3.049413987723262297e-22 3.714450019423291804e-21
1.814432716247667122e+04 2.433416907371834991e-21 3.373909272079350133e-21
1.815504015132365021e+04 1.940299599243844956e-21 3.391995601578436370e-21
1.816575315566711288e+04 7.582143396860231865e-21 3.322063280868813104e-21
1.817646617544030596e+04 4.062553855779890488e-21 3.200313647557788248e-21
1.818717921058332286e+04 -2.089623799014223750e-21 3.508155196781962376e-21
1.819789226102682369e+04 3.051208010955048686e-21 3.575641112166326692e-21
1.820860532671507826e+04 7.204666845114907946e-21 3.686931253172845744e-21
1.821931840757558894e+04 1.028342429912759627e-20 3.630089885615112875e-21
1.823003150355256730e+04 1.231910858459857079e-20 3.532820400752078797e-21
1.824074461457613870e+04 2.199641901241551384e-20 3.912284694385782662e-21
1.825145774058896131e+04 1.085208984599595378e-20 3.664582931185923969e-21
1.826217088152337965e+04 9.389060773834292564e-21 3.261447295450949142e-21
1.827288403731748986e+04 5.893958927403390329e-21 3.150694475791888054e-21
1.828359720790819847e+04 4.869450837494775112e-21 3.499803688756195308e-21
1.829431039323064397e+04 1.003867833773858790e-20 3.713222342082021711e-21
1.830502359322405755e+04 2.758360932181853965e-21 3.524209275288355780e-21
1.831573680782414158e+04 -2.428265728228328644e-21 3.023399873300444179e-21
1.832645003696765343e+04 1.815887489686109933e-20 3.706408061192250530e-21
1.833716328059098305e+04 9.519208789079075877e-21 3.512300390234122080e-21
1.834787653863336163e+04 1.469867297135756629e-20 3.401299951241993425e-21
1.835858981102771577e+04 8.654345446087885690e-21 3.637658201510625976e-21
1.836930309771633256e+04 -6.935416185582530934e-22 3.609709982462494960e-21
1.838001639863190940e+04 -4.363213806325474831e-21 3.288852553517284992e-21
1.839072971371487438e+04 -4.586891768470513475e-21 3.470162782596285260e-21
1.840144304289897627e+04 4.276329363643755641e-21 3.398549552317923842e-21
1.841215638612567636e+04 4.846394924527618527e-21 3.476771787299818823e-21
1.842286974332831232e+04 6.958436841098235538e-22 3.309978760920354097e-21
1.843358311444737046e+04 4.109188120193835535e-21 3.249634728253078676e-21
1.844429649941773459e+04 9.402576362342623221e-21 3.525468693807093389e-21
1.845500989818011294e+04 1.729832981509465000e-20 3.784857411153524751e-21
1.846572331066811603e+04 -3.588953449953321567e-21 3.562881222286334690e-21
1.847643673682199005e+04 1.028564146287912237e-20 3.505416857528412699e-21
1.848715017657783028e+04 9.986194540416750247e-21 3.173391381788263295e-21
1.849786362987453322e+04 1.205317735561961120e-20 3.716695141314543250e-21
1.850857709664865979e+04 9.438861843424470997e-21 3.780557742930151888e-21
1.851929057684000509e+04 6.423237302875734336e-21 3.249158319199749898e-21
1.853000407038324920e+04 7.060957285529830079e-21 3.659233047105657671e-21
1.854071757721866743e+04 4.745983335435638600e-21 3.419807029416292259e-21
1.855143109728280615e+04 4.391775235199057711e-21 3.453231960546187128e-21
1.856214463051429630e+04 3.839640620813404907e-23 3.128468039789563549e-21
1.857285817685150687e+04 -4.903425150015319056e-21 3.127691327718347845e-21
1.858377441557489510e+04 3.970019799730212907e-21 2.991207213845373817e-21
1.859448800390176257e+04 1.208902012017089982e-20 3.226343734471100717e-21
1.860520160509773268e+04 6.175956625709521423e-21 3.252690041283115585e-21
1.861591521914499754e+04 8.664462642894778741e-21 3.134276731810457726e-21
1.862662884598326491e+04 5.729794969035027719e-21 3.305226222520170796e-21
1.863734248555012528e+04 4.607771696423360280e-21 3.001329458855003929e-21
1.864805613778452971e+04 1.256092495514067068e-20 3.244416724767518017e-21
1.865876980262378856e+04 7.745818139389341099e-21 3.211058211185372635e-21
1.866948348000676197e+04 5.684240060593366265e-21 3.231915036445957932e-21
1.868019716987280844e+04 6.523375645513745677e-21 3.188427674867761500e-21
1.869091087215776861e+04 -4.082180328060266940e-21 2.677496929269077470e-21
1.870162458680286727e+04 -3.816501361588758520e-21 2.989565568618718440e-21
1.871233831374560395e+04 1.056199932653879824e-20 3.645227933397535563e-21
1.872305205292487153e+04 6.967063640030021457e-21 3.353235280460376102e-21
1.873376580427906447e+04 1.258625806502405501e-20 3.241646094969657576e-21
1.874447956774710838e+04 1.179720979430362267e-20 3.436113226547786625e-21
1.875519334326767421e+04 7.916757187691021826e-21 3.244776572959053472e-21
1.876590713077947294e+04 -6.104414387451543445e-21 3.057612421284465557e-21
1.877662093022119370e+04 -6.613737328347232554e-21 2.893694453046067385e-21
1.878733474153264615e+04 1.288065385486880175e-20 3.347991722891451857e-21
1.879804856465150078e+04 1.412102744319596535e-20 3.636740607567222936e-21
1.880876239951800380e+04 2.533328860507215292e-21 3.315169254154708073e-21
1.881947624606993850e+04 7.854219562974799064e-21 3.626004306552963222e-21
1.883019010424763110e+04 2.637141195971817097e-21 3.239397855021457553e-21
1.884090397398889763e+04 3.062241460257892455e-21 2.951741099112232103e-21
1.885161785523398066e+04 3.517357271228529495e-21 3.120512895846775629e-21
1.886233174792161299e+04 8.012023086959412034e-21 3.346118690866718713e-21
1.887304565199129138e+04 -2.698892971397244810e-21 3.491705619740819434e-21
1.888375956738205787e+04 9.851551698225476134e-21 3.507029744513475047e-21
1.889447349403354747e+04 7.932366503041446717e-21 3.223019203038131219e-21
1.890518743188416556e+04 8.683533848798536965e-21 3.227087181178503202e-21
1.891590138087580272e+04 1.301171808494680248e-20 3.212523332338392365e-21
1.892661534094479794e+04 7.833465083394179428e-21 3.701296126970365170e-21
1.893732931203378394e+04 6.400137546114526764e-21 3.667790214823554963e-21
1.894804329407933619e+04 3.105452773607716429e-21 4.060131720308928016e-21
1.895875728702323249e+04 6.777970844425153036e-21 3.657719202921589941e-21
1.896947129080457671e+04 6.989979097250674784e-21 3.785165256665025858e-21
1.898018530536287653e+04 6.946398727817345872e-21 3.696099906497638515e-21
1.899089933063813805e+04 8.765799355901703640e-21 3.422483391372388648e-21
1.900161336656993808e+04 2.069925111830297724e-21 3.389058530533216888e-21
1.901232741314488885e+04 1.198882822443068424e-20 3.413828672365558090e-21
1.902324479805677765e+04 8.107106748165614154e-21 3.703599756553106425e-21
1.903395888130641106e+04 1.130572922838199904e-20 3.847377936094046822e-21
1.904467297496753599e+04 5.521896765295213016e-21 3.272260946855905967e-21
1.905538707897961285e+04 5.793781544725079990e-21 3.787121947674794399e-21
1.906610119328240035e+04 -3.302113267873194607e-21 3.823259042434360774e-21
1.907681531781829108e+04 -1.791427003889410266e-21 3.984217659256757768e-21
1.908752945252399877e+04 4.209270581226715517e-21 3.708522289258324709e-21
1.909824359734335667e+04 4.852984782255342292e-21 3.677707997650037168e-21
1.910895775221355507e+04 3.198396502892923059e-21 3.174262547631306803e-21
1.911967191707747770e+04 6.516100045966335252e-21 3.721198623291897440e-21
1.913038609187306429e+04 1.002043914693016548e-20 3.465250826748147614e-21
1.914110027654164514e+04 7.320459652972333780e-21 3.741555790528399510e-21
1.915181447102491802e+04 1.122084532282217536e-21 3.714137644811922133e-21
1.916252867526192495e+04 1.948593069777091077e-21 3.729882540107879680e-21
1.917324288919405444e+04 -2.742908181003367169e-21 3.333301508661380350e-21
1.918395711276112706e+04 3.903543903923167394e-21 3.353244025964287668e-21
1.919467134590440401e+04 9.091601480813765653e-22 3.487383060743371329e-21
1.920538558856346208e+04 -4.132435914442357541e-21 3.338829925378406505e-21
1.921609984068122867e+04 1.677777779854277249e-21 3.296487923253834121e-21
1.922681410219578902e+04 2.303995761654379056e-21 3.422406872420194191e-21
1.923752837304982677e+04 8.258989704936676946e-23 3.599183366285605387e-21
1.924824265318311154e+04 3.673122827823209960e-21 3.393298996294571539e-21
1.925895694253809415e+04 9.287956818146486049e-21 3.601937545919699838e-21
1.926967124105369294e+04 7.954211126362749703e-21 3.320533075071720772e-21
1.928038554867154744e+04 9.080778664424854133e-21 3.436500183882925561e-21
1.929109986533461779e+04 -7.674872107367286949e-22 3.182669545989398647e-21
1.930181419098013794e+04 6.710147416041316361e-21 3.084667603423748937e-21
1.931252852555426216e+04 6.882053329450094153e-21 3.620516215373612677e-21
1.932324286899324579e+04 1.032777727073889062e-22 3.556890701664488363e-21
1.933395722124125678e+04 -3.383395886550781203e-21 3.438102697546979982e-21
1.934467158223798106e+04 -6.916580935978171177e-21 3.447057008190944127e-21
1.935538595192672074e+04 2.161085106759272699e-21 3.610966827468165701e-21
1.936610033024578661e+04 6.278935623535435517e-21 3.621586308603197468e-21
1.937681471714005238e+04 4.670009394508431565e-21 3.116546623060796344e-21
1.938752911254819264e+04 5.649401502152592783e-21 3.480149803199597959e-21
1.939824351641314934e+04 8.670289288042008410e-21 3.490233110560481862e-21
1.940895792867627461e+04 1.131045314898199973e-20 3.230089277893865871e-21
1.941967234927859317e+04 1.206686915668385909e-20 3.408005700761684778e-21
1.943038677816128256e+04 1.177260371708784878e-20 3.369363799362338041e-21
1.944110121526743751e+04 6.525032567894052191e-21 3.746447149680980173e-21
1.945181566053848292e+04 1.168701956874246004e-20 3.789183637685415749e-21
1.946253011391535256e+04 9.019648460770362240e-21 3.710065566189269620e-21
1.947324457534003159e+04 -4.233985790150938213e-21 3.216276658306007089e-21
1.948395904475484349e+04 -1.753397261395084564e-21 2.855802592444692842e-21
1.949467352210159152e+04 6.912096129694138764e-21 3.313436602594513153e-21
1.950538800732183881e+04 1.722477590241043636e-20 3.511429690514342575e-21
1.951610250035728677e+04 1.322356351856806258e-20 3.461425073926275918e-21
1.952681700115140120e+04 3.920608317371678062e-21 3.350357955962945891e-21
1.953753150964414453e+04 1.644492696045713347e-20 3.899847304239117345e-21
1.954824602577927362e+04 1.058334172756832065e-20 3.457040105544707060e-21
1.955896054949772224e+04 9.279216845783922426e-21 3.480416789402030024e-21
1.956967508074349462e+04 4.950221676452837898e-21 3.811534358057045121e-21
1.958038961945639676e+04 1.691603256150849052e-21 3.348324304954009493e-21
1.959130826826384146e+04 1.785610705329556962e-21 3.410300027296160263e-21
1.960202284199184942e+04 3.908036387399842724e-21 3.559856804952722869e-21
1.961273741823949604e+04 1.393656812060733228e-20 3.315524943194409508e-21
1.962345200167383518e+04 3.708302871915142153e-21 3.103570646516258211e-21
1.963416659228347999e+04 9.304597257991437294e-21 3.139256241258161244e-21
1.964488119001123050e+04 1.917094205029331577e-21 3.462007162024111316e-21
1.965559579479935928e+04 -1.869916936791031485e-21 3.083940787902811530e-21
1.966631040659021892e+04 1.181799542128981252e-20 3.627953986829111532e-21
1.967702502532669314e+04 1.131173052353975825e-21 3.412303785169236220e-21
1.968773965095121093e+04 6.628182216974060623e-21 3.474231001042790211e-21
1.969845428340672515e+04 2.276840939310312906e-21 3.682233086803451505e-21
1.970916892263488626e+04 -4.925403394087412141e-21 3.265281490460989522e-21
1.971988356858096813e+04 -5.373537854697850269e-21 3.677131870660521131e-21
1.973059822118536977e+04 7.468833729558140892e-21 3.559929531581164753e-21
1.974131288039209176e+04 -2.455073104739204767e-21 3.487276237960294786e-21
1.975202754614385776e+04 1.676060133384286943e-21 3.250568216076652005e-21
1.976274221838431549e+04 6.593963935771430274e-21 3.402559712739174496e-21
1.977345689705582481e+04 -2.030313792975136276e-21 3.618111314741522578e-21
1.978417158210127673e+04 9.788904899318521475e-21 3.385054185995229313e-21
1.979488627346436988e+04 1.065141848418213353e-20 3.163488918713096946e-21
1.980560097108806804e+04 1.145640618484549931e-21 3.212899820913089054e-21
1.981631567491542228e+04 -8.241322139298307842e-22 3.408703314988019540e-21
1.982703038488976017e+04 -2.083570016259666817e-21 3.153153045994907837e-21
1.983774510095394362e+04 2.069656075093470022e-21 3.263251676255700183e-21
1.984845982305128928e+04 8.710789824757608119e-21 3.333625700409284769e-21
1.985917455112646348e+04 4.887589684830697744e-21 3.235168432805122680e-21
1.986988928512152415e+04 9.943815685475150733e-21 3.245272759382293479e-21
1.988060402498093754e+04 -1.341534640460631185e-21 3.112565538909812386e-21
1.989131877064759828e+04 1.166452781703562824e-20 3.194355913279923314e-21
1.990203352206527052e+04 -1.350839193942776442e-21 3.092981481230005046e-21
1.991274827917733637e+04 2.389186868183612702e-21 3.523985904530061848e-21
1.992346304192763273e+04 3.909538543800207233e-21 3.642247759082707193e-21
1.993417781025929071e+04 8.725180794548937483e-21 3.566011809388374887e-21
1.994489258411694755e+04 -2.477801618395307481e-21 3.549004768404521020e-21
1.995560736344309771e+04 1.025564293632084018e-21 3.386302387695507801e-21
1.996632214818318971e+04 6.790443162885177856e-21 3.530938220447251071e-21
1.997703693827980896e+04 -5.990380443817832625e-22 3.621584614737867262e-21
1.998775173367812022e+04 -4.891812118434249514e-21 3.371508359229374020e-21
1.999846653432042876e+04 1.624022531467135882e-21 3.343767231066618880e-21
2.000918134015165560e+04 5.560514811821335935e-21 3.470358902247799267e-21
2.001989615111593230e+04 5.525393559976998446e-21 3.254363361573150241e-21
2.003061096715689564e+04 9.052941769489549691e-21 3.516012264631821995e-21
2.004132578821908101e+04 1.062866990693450019e-20 3.321031970181791719e-21
2.005204061429151261e+04 3.402215965070952847e-21 3.278953420410680873e-21
2.006296022716984226e+04 2.276230588067183675e-21 3.467590437926853342e-21
2.007367507817774094e+04 8.447651722222893804e-21 3.588203142461640976e-21
2.008438993397814556e+04 8.134786630086322288e-21 3.733904816032844570e-21
2.009510479451796709e+04 8.885124370859011925e-21 3.540090890001254803e-21
2.010581969557113553e+04 4.094870348255005166e-21 3.330124079924672931e-21
2.011653472454029907e+04 4.024819010161244515e-21 3.279002207169465777e-21
2.012724975808080853e+04 2.726042952382757043e-21 3.588311800581661772e-21
2.013796479613611518e+04 6.482911765114692497e-21 3.315689695527112735e-21
2.014867983865111819e+04 4.193141196928226216e-22 3.588213443051571686e-21
2.015939488557160075e+04 1.478816244267033254e-20 3.707234149749572549e-21
2.017010993684007190e+04 8.245818499508321125e-21 3.361986539022579344e-21
2.018082499240301695e+04 1.612624905891145871e-20 3.626916667339891181e-21
2.019154005220335966e+04 6.493941323184480009e-21 3.499344542336066225e-21
2.020225511618819655e+04 1.024834006357139146e-20 3.444955437632482150e-21
2.021297018430001117e+04 6.513665695568976039e-21 3.132299516109239327e-21
2.022368525648537616e+04 6.108992395225734695e-21 3.646949203395630922e-21
2.023440033268776824e+04 1.377075037399906060e-20 3.560022497553745724e-21
2.024511541285321437e+04 4.609176018329320232e-21 3.595290532145399476e-21
2.025583049692586792e+04 2.578691920187793126e-21 3.687856386878710740e-21
2.026654558485181769e+04 2.780553534092565810e-21 4.046523883958880337e-21
2.027726067657503154e+04 7.851509824873396014e-21 4.011861616503495427e-21
2.028797577204117260e+04 2.158574598502406399e-22 3.315830364408496840e-21
2.029869087119484539e+04 1.095552109184352350e-20 3.447451889613692112e-21
2.030940597398249156e+04 3.958433713005627411e-21 3.453728097173478502e-21
2.032012108034758785e+04 6.731269266647275141e-21 3.735368467586840133e-21
2.033083619023642677e+04 1.359943399157033583e-20 3.970704497745553435e-21
2.034155130359426403e+04 -1.916039556720796524e-21 3.753960611615672998e-21
2.035226642036697376e+04 6.967358530836913119e-21 3.313550103495791501e-21
2.036298154049846562e+04 1.380254893493408274e-20 3.849967467968477014e-21
2.037369666393543957e+04 1.032055678314310643e-20 3.640474824139987757e-21
2.038441179062261290e+04 -5.179304166638766286e-22 3.258412691578530257e-21
2.039512692050646001e+04 6.044346902527016951e-21 3.507276361954183874e-21
2.040584205353136713e+04 3.160718170504610564e-21 3.922549046990640602e-21
2.041655718964411426e+04 2.106849196555970990e-20 4.192327358105093711e-21
2.042727232878937139e+04 4.620146068120478621e-20 4.290450403534263794e-21
2.043798747091341284e+04 4.835226881874328317e-20 4.303091632401753677e-21
2.044870261596140699e+04 1.297117104308130371e-20 3.911421107199759577e-21
2.045941776387989376e+04 -3.501442374146010258e-22 3.515035961857330939e-21
2.047013291461409244e+04 1.110184175166380858e-20 3.369184514569283199e-21
2.048084806811046656e+04 -2.768072149785463804e-21 3.539516546199955171e-21
2.049156322431391891e+04 -8.309341148542784407e-22 3.800955778544575024e-21
2.050227838317159694e+04 7.675222651356976508e-21 3.607575192320595812e-21
2.051299354462827614e+04 4.847345241965446100e-21 3.715496826377453452e-21
2.052370870863103482e+04 9.550362876087487600e-21 3.711197284503030907e-21
2.053442387512521964e+04 -1.412537653556136188e-21 3.377798292888399484e-21
2.054513904405749781e+04 1.388183157489535123e-21 3.570525994427313030e-21
2.055585421537328875e+04 -7.202111621177073836e-23 3.220505161140205206e-21
2.056656938901985632e+04 3.978499375531368258e-21 3.147708831085244240e-21
2.057728456494221246e+04 4.342325137292670453e-21 3.161491870661296408e-21
2.058799974308782475e+04 3.250032567225638255e-21 4.069966832603644818e-21
2.059871492340187979e+04 -2.937880440871989767e-21 3.365594568510122977e-21
2.060943010583168507e+04 5.345172271579427155e-21 3.331143323514020054e-21
2.062014529032300197e+04 5.358570859609474804e-21 3.622940304021295195e-21
2.063086047682291246e+04 -3.385077363073670572e-22 3.648422919318015071e-21
2.064157566527701783e+04 6.208529582566136506e-21 3.237856045735741065e-21
2.065229085563269473e+04 8.164860452317683417e-21 3.455333930834862195e-21
2.066300604783583549e+04 4.550593962427147472e-21 3.379169797387618961e-21
2.067392683533137460e+04 7.146080854291004989e-21 3.347520830725721937e-21
2.068464205066453360e+04 -1.264898670993664225e-21 2.982980789464041517e-21
2.069535726306890137e+04 -6.095189953190990126e-22 3.352568759957932623e-21
2.070607247705766713e+04 4.735598166147854742e-21 3.632630696951553827e-21
2.071678769262263086e+04 4.352241296800142795e-21 3.274409323687357072e-21
2.072750290971127106e+04 7.015406667299141523e-21 3.704490472236082138e-21
2.073821812826982205e+04 8.442152856620966835e-22 3.093919623350905559e-21
2.074893334824589328e+04 6.952709385594621067e-21 3.675066944895665262e-21
2.075964856958573364e+04 -3.859874521784823092e-21 3.663785809116504023e-21
2.077036379223682161e+04 4.225643271908793587e-21 3.413042092284642325e-21
2.078107901614579896e+04 2.439639796333990092e-21 3.480861255956797501e-21
2.079179424126006052e+04 -1.906417844302389127e-21 3.149813021266477511e-21
2.080250946752655364e+04 -3.331110071721094266e-21 3.131957860600532313e-21
2.081322469489248761e+04 1.169068497637068334e-20 3.590623522109304961e-21
2.082393992330502442e+04 1.531670254962852257e-20 3.187562610892527516e-21
2.083465515271144250e+04 7.661363608498910449e-20 4.530861991880108953e-21
2.084537038305893657e+04 8.819096850359460340e-20 4.802447678254759891e-21
2.085608561429498877e+04 4.989838136555916913e-20 4.045790794712932289e-21
2.086680084636665197e+04 6.426927144451865739e-21 3.297940785425103035e-21
2.087751607922172116e+04 3.841828108056382108e-21 3.446137009279357949e-21
2.088823131280729649e+04 4.224588998547450875e-21 3.870775355264891170e-21
2.089894654707114751e+04 6.166973837488475668e-21 3.818436608711286957e-21
2.090966178196051624e+04 1.162444790328300174e-20 3.374629910700184973e-21
2.092037701742320496e+04 2.049810215502536061e-21 3.186874316234231708e-21
2.093109225340671401e+04 5.988215960280065605e-21 3.134621683838780182e-21
2.094180748985868559e+04 5.250318151323340843e-21 3.216446410606258077e-21
2.095252272672681647e+04 2.220207138051507993e-21 3.171475546373583565e-21
2.096323796395883983e+04 2.158507782126664888e-22 3.447868831782660450e-21
2.097395320150252519e+04 -7.373685282656756435e-22 3.144183734668238220e-21
2.098466843930568211e+04 6.927323547110344897e-21 3.276279320598287472e-21
2.099538367731619292e+04 1.381871588513895734e-20 3.281413251218644890e-21
2.100609891548186715e+04 4.077689383708134193e-21 3.007908221427981655e-21
2.101681415375077995e+04 7.290411144847614026e-21 3.427326005320238848e-21
2.102752939207070085e+04 4.572079109836048958e-20 4.004033406788078236e-21
2.103824463038988688e+04 2.535877314318774789e-19 6.513370259691329550e-21
2.104895986865616578e+04 2.713756485440369452e-19 6.340823931841114021e-21
2.105967510681783824e+04 8.605613833152903093e-20 4.976168681191397279e-21
2.107039034482284114e+04 1.363730888229329822e-20 3.473630883781373400e-21
2.108110558261958067e+04 5.811518429622323700e-21 3.546915227244945995e-21
2.109182082015598280e+04 7.222463721942372710e-21 3.257992482286273234e-21
2.110253605738065744e+04 9.513873496080563425e-21 3.326725455695590345e-21
2.111325129424153056e+04 5.697542170921363805e-21 2.918790686103814238e-21
2.112396653068731393e+04 7.653480997209120082e-21 2.950753203289188153e-21
2.113468176666606814e+04 6.410300070393128249e-21 3.363268238286450531e-21
2.114539700212642856e+04 -1.994560893489643820e-22 3.198902947561673421e-21
2.115611223701672498e+04 4.321260058631688230e-21 3.685368534856760777e-21
2.116682747133018347e+04 2.531794026420273131e-21 3.369673590599792259e-21
2.117774900004491792e+04 2.829070895582538380e-21 3.748770025288773656e-21
2.118846424763305913e+04 6.488894826700504042e-21 3.575294301371275853e-21
2.119917949444110491e+04 1.242439316324603184e-20 3.766303782284119271e-21
2.120989474041690482e+04 1.209587831409614204e-20 3.421469440942044203e-21
2.122060998551009834e+04 6.098776413905435830e-21 3.073615529540891428e-21
2.123132522966868419e+04 3.611191690224478249e-21 3.347580624591311238e-21
2.124204047284214539e+04 3.935160590820725973e-21 3.563723468224761459e-21
2.125275571497858255e+04 1.261238650952457380e-20 3.772979114276144782e-21
2.126347095602755871e+04 -5.962473690302850196e-22 3.464065760554215381e-21
2.127418619593738549e+04 -8.201453848866152336e-21 3.354746870735396249e-21
2.128490143465748770e+04 5.387668809187618512e-22 3.598854050098592252e-21
2.129561667213650435e+04 -2.522706312659934440e-21 3.291825242378833299e-21
2.130633190832370019e+04 7.544967260833133022e-21 3.720162509333941915e-21
2.131704714316802711e+04 1.168484954942736074e-20 3.148246700470164408e-21
2.132776237661857158e+04 4.721309335159658116e-21 3.275921197920085526e-21
2.133847760862463110e+04 5.343798504821139982e-21 3.773533628487809240e-21
2.134919283913503750e+04 -4.316712597564998444e-21 3.359452472076239961e-21
2.135990806809990318e+04 2.056734977217949784e-20 3.476899447352757143e-21
2.137062329546707042e+04 5.692648088457356901e-21 3.141973005565716750e-21
2.138133852118737923e+04 1.395738221962037532e-20 3.659393927343161036e-21
2.139205374520877376e+04 1.325005305424704890e-20 3.788173733333033892e-21
2.140276896748167928e+04 6.318321607488688259e-21 3.428225715893337937e-21
2.141348418795498583e+04 2.721084350433814179e-21 3.470246914126479945e-21
2.142419940657854022e+04 1.005323703056320950e-20 3.708759914649793751e-21
2.143491462330124705e+04 3.396751420784234155e-21 3.322584757672916740e-21
2.144562983807351702e+04 -2.937215513237931990e-22 3.497759429119333365e-21
2.145634505084433113e+04 6.526907826133453085e-21 3.484804792140565325e-21
2.146706026156325606e+04 1.104012173324027020e-20 3.604720674252189915e-21
2.147777547018028417e+04 1.876927042287985871e-21 3.489816458953772387e-21
2.148849067664491668e+04 4.259748733724106228e-21 3.655743404567513622e-21
2.149920588090712045e+04 8.719146331723333623e-21 3.545565615199654496e-21
2.150992108291633122e+04 1.715089311365746533e-20 3.711568820020563680e-21
2.152063628262313796e+04 2.362944980114605530e-22 3.632335638057155200e-21
2.153135147997592503e+04 -8.881914449180277283e-22 4.008857291300049154e-21
2.154206667492637280e+04 3.964022900564125197e-21 3.650626271357726327e-21
2.155278186742280013e+04 1.230153662972337762e-20 3.814076630985989512e-21
2.156349705741647267e+04 9.634427159070187351e-21 3.482731361148153424e-21
2.157421224485663697e+04 1.323181783603890027e-20 3.337819000731579826e-21
2.158492742969380924e+04 1.020079981020946547e-20 3.496403040098869386e-21
2.159564261187778175e+04 3.610177600333526151e-21 3.568363973493365581e-21
2.160635779135905614e+04 1.001094432167129078e-20 3.623941986113932556e-21
2.161707296808720639e+04 1.206832271983730070e-20 3.886974628906643601e-21
2.162778814201293062e+04 1.114148231254713958e-20 3.637239548516325783e-21
2.163850331308650857e+04 1.960421401335931557e-21 3.199780438470945719e-21
2.164921848125808901e+04 2.110874192530142536e-20 3.778921893967948082e-21
2.165993364647799899e+04 8.848755891673615440e-21 3.622177071845328327e-21
2.167064880869631452e+04 1.950468525234474764e-21 3.871703485548149683e-21
2.168136396786422847e+04 5.094450908008286132e-21 5.189857905939440548e-21
2.169207912393159495e+04 2.320259937422709447e-20 8.304390833827283197e-21
2.170279427684912298e+04 1.879427193936141379e-20 8.107499872376743510e-21
2.171350942656708503e+04 4.517033548809007494e-21 3.610604791103224536e-21
2.172422457303635383e+04 3.978162421097650874e-21 3.370784215132162835e-21
2.173493971620721277e+04 1.261537342530160084e-20 3.527993111047458948e-21
2.174565485603091292e+04 5.449031220672524207e-21 3.976839096181629751e-21
2.175636999245769766e+04 2.932522935157180240e-21 3.481506457553869319e-21
2.176708512543810502e+04 1.121510706770640386e-20 4.094967915265142068e-21
2.177780025492334244e+04 8.106272458912931695e-21 3.865017916816700876e-21
2.178851538086372602e+04 3.604727306101640840e-21 3.581930563495355697e-21
2.179923050321085248e+04 6.029723515891015599e-21 3.706270632598134040e-21
2.180994562191483419e+04 5.773612625616591686e-21 3.431022759015738888e-21
2.182066073692715145e+04 6.910345339591668964e-21 3.334174744381782916e-21
2.183137584819865879e+04 1.974737119814425056e-21 3.626749614239189012e-21
2.184209095567979966e+04 -5.118712226951652131e-21 3.612671514253926607e-21
2.185301322099483150e+04 -1.200594100752176837e-22 3.565574136191496828e-21
2.186372833967879342e+04 4.489843543089940365e-21 3.568552671051735835e-21
2.187444344996042128e+04 1.655094581351494927e-20 3.864180069737409290e-21
2.188515855620766160e+04 2.509207208549432059e-22 3.519923394466740265e-21
2.189587365841679639e+04 -2.034214697865924212e-22 3.532899244639761221e-21
2.190658875653791983e+04 1.126301270971115271e-20 3.902432985246824723e-21
2.191730385052266138e+04 4.415810987050658578e-21 3.540240687852494327e-21
2.192801894032278506e+04 1.743284434659449658e-20 3.615424612325707776e-21
2.193873402588918179e+04 5.646013265774505125e-21 3.355435146150930784e-21
2.194944910717344828e+04 7.946367508798606074e-21 3.843564966037500474e-21
2.196016418412623898e+04 5.147002876054212765e-21 3.656214644186427243e-21
2.197087925670058758e+04 -6.356495217959025161e-21 2.966205093446988784e-21
2.198159432484651552e+04 -1.028913181030237377e-21 3.284818053328509433e-21
2.199230938851635437e+04 9.087891512403681884e-21 3.539526270690559483e-21
2.200302444766128610e+04 1.319165285643857981e-20 3.781707247090944662e-21
2.201373950223331849e+04 6.416454160452216688e-21 3.940320829542686269e-21
2.202445455218370989e+04 1.826545150171430311e-21 3.802115955926336652e-21
2.203516959746458815e+04 1.544417110490627378e-20 3.656914375693482788e-21
2.204588463802724436e+04 9.236186791273366449e-21 4.264601598726678574e-21
2.205659967382389732e+04 6.331438730136834232e-21 3.696685435240326040e-21
2.206731470480554344e+04 6.001927274197550296e-21 3.949510603576386786e-21
2.207802973092558750e+04 1.084877127075198806e-20 3.656840613986243013e-21
2.208874475213421465e+04 8.860377278497368116e-21 3.909991083134523461e-21
2.209945976838452043e+04 5.738302079215589057e-21 3.968240809335166614e-21
2.211017477962763587e+04 7.659404513952247763e-21 3.549716052706315839e-21
2.212088978581605988e+04 9.947928967866161027e-21 3.664091586289720263e-21
2.213160478690231685e+04 1.812903219511359665e-20 4.356932231437036303e-21
2.214231978283700664e+04 1.742363061479597544e-20 3.921186173180373569e-21
2.215303477357373777e+04 1.487742045972205433e-20 3.962517528282839917e-21
2.216374975906373220e+04 1.405160768321172628e-20 3.480767354518039965e-21
2.217446473925992541e+04 1.462544901540188590e-20 4.029035573500197027e-21
2.218517971411407780e+04 1.348032601557533261e-20 3.736954932878543351e-21
2.219589468357828082e+04 2.959266682992042015e-21 3.677884954347239520e-21
2.220660964760499701e+04 1.519758095101363366e-20 3.794247884179197272e-21
2.221732460614676529e+04 -6.545282488453082033e-21 3.679111199105620870e-21
2.222803955915615734e+04 -2.035463597993936934e-21 3.553013901938523339e-21
2.223875450658535920e+04 5.585871464700609035e-21 3.471814440923721094e-21
2.224946944838677882e+04 1.192769550112634550e-20 3.480606414242430079e-21
2.226018438451247130e+04 6.550370491399043418e-21 3.365222340106868250e-21
2.227089931491547395e+04 -3.822586906063391508e-22 3.207101638165083198e-21
2.228161423954862403e+04 -6.624217404100096924e-21 3.277844424755652534e-21
2.229232915836391112e+04 3.797614268753927562e-21 3.394885516338589808e-21
2.230304407131456901e+04 3.283168240367907791e-21 3.267086708229891957e-21
2.231375897835229262e+04 -3.236172386844227992e-22 3.877355287929169961e-21
2.232447387943123977e+04 1.084749556428632588e-20 3.517025165670935273e-21
2.233518877450336367e+04 2.504633544197626063e-21 3.775144951369080821e-21
2.234590366352162528e+04 4.153225195072645623e-21 3.899907587334430638e-21
2.235661854643829065e+04 4.086961397441335959e-21 3.764037680115656967e-21
2.236733342320679367e+04 1.030573684503733279e-20 3.556117558133560739e-21
2.237804829378027716e+04 6.613031109240573822e-21 3.441532523476668497e-21
2.238876315815492126e+04 4.981859297313708444e-21 3.660820330589356128e-21
2.239968591237170403e+04 1.914660750979107979e-20 4.017253281087990578e-21
2.241040077827587447e+04 1.581712944769832660e-20 3.657697827484141212e-21
2.242111563779272183e+04 -2.291741676131402184e-21 3.408992247725813865e-21
2.243183049087480322e+04 2.210966678831572953e-21 3.427340956117527965e-21
2.244254533747597816e+04 7.708104433932096412e-21 3.824563032507977511e-21
2.245326017737747679e+04 2.963513477825267464e-21 3.785963825712293924e-21
2.246397452107707068e+04 3.270229242492589963e-21 3.626244251244268541e-21
2.247468885062025583e+04 1.313553803453614269e-20 3.678892481373914260e-21
2.248540317349676479e+04 2.910770194539692020e-21 3.427899138546273663e-21
2.249611748965799052e+04 1.168432013070455657e-20 3.931190690428217341e-21
2.250683179905910583e+04 4.030651997093034645e-21 3.685642699500901306e-21
2.251754610165278791e+04 -2.357027243756448749e-25 3.178816841030333705e-21
2.252826039739210319e+04 5.434892989802842081e-21 3.620662115701165950e-21
2.253897468623108944e+04 1.879719134512175704e-20 4.063146126840176212e-21
2.254968896812293679e+04 8.923986645296662769e-21 3.684803285098650373e-21
2.256040324302136651e+04 8.779735193470371113e-21 3.267977784718952120e-21
2.257111751087924858e+04 2.158720965038347051e-21 3.265817803389442056e-21
2.258183177165172674e+04 9.155185778885411876e-22 3.422350432807204623e-21
2.259254602529159820e+04 6.469580915474025394e-21 3.635173767418507018e-21
2.260326027175228228e+04 6.620616678370891429e-21 3.722470625877041297e-21
2.261397451098750753e+04 9.762894367480317209e-21 3.703582886075493773e-21
2.262468874295219211e+04 4.004443507889056857e-21 3.309111275490143461e-21
2.263540296759850753e+04 1.275867813600913590e-20 3.711212675545790971e-21
2.264611718488130646e+04 1.080495797492748788e-20 3.585277754062397386e-21
2.265683139475426287e+04 1.226078051611113017e-20 4.086135636844224214e-21
2.266754559717119992e+04 2.535964523230308727e-21 3.608076744716300000e-21
2.267825979208648641e+04 9.781354326807755227e-22 3.498125085729401971e-21
2.268897397945341072e+04 5.567808895805976777e-21 4.162954937749591703e-21
2.269968815922726571e+04 1.176581415862431615e-20 3.753413195249968690e-21
2.271040233136058305e+04 7.422362820447995160e-21 3.829453371115354266e-21
2.272111649580874655e+04 4.223350659225097069e-21 3.467577747744948891e-21
2.273183065252489541e+04 -2.916776839816473366e-21 2.916816848585338558e-21
2.274254480146288552e+04 -3.924010040016343554e-22 3.555146074417828084e-21
2.275325894257904656e+04 1.094847276468175043e-20 3.807673703777288012e-21
2.276397307582537178e+04 6.343245933055986818e-21 3.583836426402640506e-21
2.277468720115835094e+04 3.182597147611998634e-21 3.583255167124921367e-21
2.278540131853097046e+04 -4.075881783682546268e-21 3.647310593174833052e-21
2.279611542789536543e+04 -1.545023958162628768e-22 3.659193443552576535e-21
2.280682952921009928e+04 1.325698056704296356e-20 3.586648281305124659e-21
2.281754362242730349e+04 -2.591171443390018960e-21 3.185602462575213489e-21
2.282825770750160154e+04 -3.127042660050147816e-21 3.598332394099042270e-21
2.283897178438812625e+04 -2.373730424968952983e-21 3.415293807505150145e-21
2.284968585304052976e+04 6.907165246240917730e-21 3.697191310374859999e-21
2.286039991341405039e+04 6.717274443335852001e-21 3.386044981462876538e-21
2.287111396546343531e+04 2.222953442904935250e-21 3.261871305589876579e-21
2.288182800914280961e+04 7.000755477314703941e-21 3.677750488636211928e-21
2.289254204440681497e+04 8.495459460854961170e-21 3.680564668542155080e-21
2.290325607121063877e+04 6.797656540801057596e-21 3.805918083701313021e-21
2.291397008950947929e+04 1.082852604195881838e-20 3.737292157297639570e-21
2.292468409925677406e+04 -3.105978665921708596e-21 3.557090927976610114e-21
2.293539810040844168e+04 1.380913692360502213e-21 3.267442666547816266e-21
2.294611209291859268e+04 1.049234597184951036e-20 3.525763453867838753e-21
2.295682607674283645e+04 8.381386901363348418e-21 3.689563928604472936e-21
2.296754005183576373e+04 5.536791697092752934e-21 3.364463382867443133e-21
2.297825401815294754e+04 1.438456269165971367e-20 3.698001283098961586e-21
2.298896797564797453e+04 1.134285883395658700e-20 3.784101908975786616e-21
2.299968192427756367e+04 1.235583642816028176e-21 4.007791636953233692e-21
2.301039586399514519e+04 1.309542215620382814e-20 4.048668362285977838e-21
2.302110979475778731e+04 -6.415048529628084295e-21 3.573443299648224482e-21
2.303182371651837457e+04 5.769643040035853741e-21 3.798854731294466622e-21
2.304253762923474278e+04 1.249817717251217716e-20 3.677400864887031431e-21
2.305325153285972556e+04 5.374220896228623829e-21 4.031939063237271068e-21
2.306396542735047478e+04 2.730357441538646728e-21 3.404797689417729461e-21
2.307467931266054075e+04 4.958942419893192501e-21 3.660637961209669797e-21
2.308539318874615128e+04 8.218983640409614817e-21 3.918085874990785313e-21
2.309610705556277389e+04 9.457056549761573223e-22 3.782399276906152409e-21
2.310682091306595612e+04 -4.137258931702797754e-21 4.018869093104791897e-21
2.311753476120990308e+04 2.386167576530271012e-21 3.449519945205240009e-21
2.312824859995264342e+04 1.332494803435158976e-20 3.939902846415094288e-21
2.313896242924630860e+04 1.087695723833128313e-21 3.333273566483827832e-21
2.314988506694886382e+04 1.338065656519499521e-20 3.778831273618202987e-21
2.316059889541760276e+04 2.326952954086666291e-20 3.678079838543478580e-21
2.317131271003622896e+04 9.752292015173235349e-21 3.303267896350646072e-21
2.318202651498442356e+04 2.604870984786809216e-21 3.366790725575508225e-21
2.319274031025857403e+04 2.575519160485853768e-21 3.042346564324019440e-21
2.320345409581519561e+04 1.667520263182848761e-21 3.300118482399148252e-21
2.321416787161051252e+04 -1.100985140925810878e-21 3.473988840304337720e-21
2.322488163759915187e+04 -3.222673418873818167e-21 3.374147204461126928e-21
2.323559539373753432e+04 1.625601209313594849e-20 3.850732354909420977e-21
2.324630913998150572e+04 7.964795458340667600e-21 3.790091678692754949e-21
2.325702287628710837e+04 1.170124231404476790e-20 3.760379442416075120e-21
2.326773660261078840e+04 1.192802611370087716e-20 3.697265453478247469e-21
2.327845031890729661e+04 1.722753662916558799e-20 3.470357808200087654e-21
2.328916402513325374e+04 4.941513206164725599e-21 3.868624438738102467e-21
2.329987772124466574e+04 1.577956493772569168e-20 3.593535605748123642e-21
2.331059140719777497e+04 1.032638798330310682e-20 4.064169363950838213e-21
2.332130508294852552e+04 2.718553567905744908e-21 3.861928342303932701e-21
2.333201874845315615e+04 8.093568380204617726e-21 3.905615963039208362e-21
2.334273240366784012e+04 -5.180974098282926394e-21 3.544971477709320754e-21
2.335344604854872159e+04 7.676606634565081969e-21 3.583048708972356691e-21
2.336415968305222486e+04 6.742166673799326172e-21 3.552094321551837151e-21
2.337487330713449410e+04 2.433479160357445361e-21 3.542278683312168155e-21
2.338558692075189902e+04 4.914846462615926170e-21 3.717345737842783190e-21
2.339630052386083116e+04 1.009522426952374580e-20 3.919419064851938183e-21
2.340701411641759114e+04 8.484578591520097791e-21 3.623876804956451112e-21
2.341772769837879241e+04 1.042885033221025550e-20 3.472294610595135596e-21
2.342844126970072466e+04 1.245792108516578301e-20 4.321090832177891512e-21
2.343915483033992859e+04 1.366976664448009552e-20 4.317993893355602290e-21
2.344986838025300312e+04 7.039264117546024044e-21 3.998412791263295153e-21
2.346058191939641983e+04 5.109311304386903511e-21 3.997730972624297237e-21
2.347129544772695590e+04 1.144296904380740037e-20 4.279086201031222126e-21
2.348200896520106471e+04 9.865129223000523311e-21 3.671779556609071376e-21
2.349272247177542522e+04 4.355835996845311091e-21 3.408022076979809153e-21
2.350343596740689827e+04 9.166610948522663011e-21 3.812975011322850893e-21
2.351414945205281401e+04 2.666542214842010373e-21 3.513258275210168752e-21
2.352486292566864358e+04 7.992398650000322508e-21 3.908118986905314445e-21
2.353557638821104047e+04 3.795425917343938391e-21 3.533068294885195083e-21
2.354628983963829523e+04 2.209427677005147748e-21 3.393506979879657520e-21
2.355700327990675214e+04 3.786906225227499211e-21 3.674361001105358699e-21
2.356771670897315562e+04 1.134763875634736704e-20 3.717338771758527997e-21
2.357843012679455205e+04 1.359606533658678210e-20 4.244888829714044188e-21
2.358914353332859537e+04 7.778107143644802818e-21 3.861041044406583987e-21
2.359985692853008732e+04 2.786763122431083684e-21 4.132387690530271527e-21
2.361057031235839531e+04 1.073849790783018420e-20 3.906766965381697816e-21
2.362128368476976175e+04 4.349699243877396685e-21 3.411766466518196034e-21
2.363199704572133851e+04 2.087864060350608519e-21 3.688786581668713545e-21
2.364271039517105964e+04 9.120141060497246387e-21 3.570971769487273383e-21
2.365342373307380694e+04 -1.374641742324319051e-22 3.080858927462794993e-21
2.366413705938919520e+04 1.373614833321946898e-21 3.494671127828252791e-21
2.367485037407357595e+04 3.870362450565012422e-21 3.393260584490486078e-21
2.368556367708421385e+04 8.638535438473640044e-21 3.813234531308638808e-21
2.369627696837862823e+04 1.265959870667277063e-20 4.406044215623589058e-21
2.370699024791401098e+04 3.270515759784784150e-21 3.644648136164037703e-21
2.371770351564789598e+04 1.089681136542244718e-20 3.381229819994859155e-21
2.372841677153834462e+04 1.281367492408088729e-22 3.108950116164943325e-21
2.373913001558333781e+04 1.047999564187852143e-20 3.520294478954242900e-21
2.374984325187353897e+04 4.989838506939321236e-21 3.799974825414900657e-21
2.376076607544002400e+04 1.452824573575718387e-20 3.369358909986380260e-21
2.377147929718954765e+04 7.240309658613754990e-21 4.241410565725272378e-21
2.378219250688045577e+04 -2.343015414846838887e-22 3.917591762702311308e-21
2.379290570446759739e+04 -6.110829342808224598e-21 3.657139628671971399e-21
2.380361888990948501e+04 1.193884906256144106e-20 4.084873991144580554e-21
2.381433206316333599e+04 9.906074594770671236e-21 3.943191725214442406e-21
2.382504522418872511e+04 5.101493517724308660e-21 4.034882958344676092e-21
2.383575837294070152e+04 2.538256808618905097e-21 3.491611710386610949e-21
2.384647150938020422e+04 8.623630025597819214e-21 3.808646085410572648e-21
2.385718463346147837e+04 5.324656548095423282e-21 3.712358590683081285e-21
2.386789774514621968e+04 -3.017492628116815385e-21 3.557779853872166694e-21
2.387861084438858597e+04 7.331390135213599314e-21 3.959746320187656190e-21
2.388932393114998922e+04 3.449791507857343079e-21 3.923104760288563440e-21
2.390003700538536214e+04 7.628682315033987951e-21 3.491840223453567259e-21
2.391075006705449414e+04 8.583877853103852227e-22 3.615264294101218257e-21
2.392146311611527199e+04 1.123159098451967825e-20 3.771065415476628520e-21
2.393217615252558608e+04 1.667072795011759666e-20 3.707521685043501044e-21
2.394288917624325768e+04 -1.679845195373837347e-21 3.701294820537655728e-21
2.395360218722691934e+04 7.870054809748837000e-21 3.898434951679055275e-21
2.396431518543343918e+04 2.564086016891656112e-21 4.186922274596884523e-21
2.397502817082291949e+04 6.759908222879621744e-21 4.398759925589463313e-21
2.398574114335302147e+04 -5.278547630441049490e-21 3.892087832934148728e-21
2.399645410298045317e+04 -3.445459399703649206e-21 3.724926716460660231e-21
2.400716704966679026e+04 2.654390129119759891e-21 3.808998125337009556e-21
2.401787998336585224e+04 4.127093926350077714e-21 3.222999076891122329e-21
2.402859290404091735e+04 4.026891490720734444e-21 3.822200647389506751e-21
2.403930581164657269e+04 9.615631539812904841e-21 3.305696978738599295e-21
2.405001870614426662e+04 8.062972444453737935e-21 3.745105052865117093e-21
2.406073158748830974e+04 -1.673441480675415822e-21 3.707839929076803401e-21
2.407144445564271518e+04 2.514202496872157776e-21 3.410351723618284762e-21
2.408215731056096774e+04 -8.150428438641456199e-21 3.883530951266763618e-21
2.409287015220401736e+04 -2.079878799182232177e-21 3.553774435946932517e-21
2.410358298053123872e+04 1.562558240931757109e-20 3.545348737927936509e-21
2.411429579550001290e+04 1.059491084481481020e-20 3.965782223448930283e-21
2.412500859706955453e+04 2.443443249894654911e-21 3.523629775779119863e-21
2.413572138519728469e+04 -1.046996380536099017e-20 3.351286283851782102e-21
2.414643415984377862e+04 -3.989984238551777597e-21 3.626366331006130747e-21
2.415714692096724320e+04 7.177130679798118612e-21 3.988092428775393006e-21
2.416785966852593992e+04 3.164607685824383872e-21 3.799870112538774534e-21
2.417857240247910158e+04 7.179059414521906991e-21 4.216502267943212738e-21
2.418928512278567723e+04 -4.526733794632172784e-21 3.962787835902128232e-21
2.419999782940400473e+04 5.036548037075867486e-22 3.699912063291801414e-21
2.421071052229276393e+04 -9.005705440289646362e-22 3.622072799694908297e-21
2.422142320141154050e+04 6.618916785178573638e-21 3.378790683509379489e-21
2.423213586672098245e+04 1.553634827316363333e-21 3.823845061409221460e-21
2.424284851817783056e+04 1.014507478027201780e-20 3.935902673119429386e-21
2.425356115574071373e+04 1.197034594728901678e-21 4.028804727718644852e-21
2.426427377937075289e+04 7.415763186634539521e-21 3.569982873760600999e-21
2.427498638902546372e+04 -1.062024578328788923e-21 3.470661774082730242e-21
2.428569898466528321e+04 -5.443574751109658597e-22 4.003500044739356598e-21
2.429641156624900032e+04 1.778838347840448204e-21 3.716834236241924630e-21
2.430712413373486197e+04 1.224004556276010118e-20 4.098841614164315849e-21
2.431783668708448022e+04 2.728169472487724333e-21 3.803189244567379424e-21
2.432854922625305699e+04 -8.789126048284875279e-22 4.053091574030917916e-21
2.433926175120431435e+04 1.184832530765698581e-20 3.841856128600562722e-21
2.434997426189560429e+04 7.199192118712950997e-21 3.552073510419735871e-21
2.436068675828482083e+04 1.027429815682873298e-20 3.435982963024995899e-21
2.437139924033571515e+04 7.235455225631842298e-21 4.002537165126093396e-21
2.438211170800222317e+04 1.057830503439832718e-20 3.928003577454292665e-21
2.439282416124881638e+04 6.397082831372867034e-21 4.001286970817979458e-21
2.440353660003257755e+04 -1.242049489832134020e-21 3.759369839118303359e-21
2.441424902431348528e+04 2.825403342015087915e-21 3.891769206154189204e-21
2.442496143405026305e+04 1.056806375273298469e-20 3.946416874591817301e-21
2.443567382920478849e+04 4.405790864145916381e-21 3.947536441719134864e-21
2.444638620973352226e+04 1.034214210647043625e-20 3.704338277226982484e-21
2.445709857559786178e+04 8.486403889579010020e-21 3.304870353465971653e-21
2.446781092675916807e+04 3.041413860606139645e-21 3.634273645447688550e-21
2.447852326317283951e+04 6.858421598712830318e-21 3.739104884678810294e-21
2.448923558480314750e+04 1.948028787352359430e-20 3.963111881210490589e-21
2.449994789160798246e+04 7.308719228193607423e-21 3.747991772833392488e-21
2.451066018354550761e+04 3.940787833914552091e-21 3.696466658023372165e-21
2.452137246057817174e+04 8.086401931333896010e-22 4.029871657924000292e-21
2.453208472266604440e+04 3.434897942365079426e-21 4.089429273491859500e-21
2.454279696976833293e+04 1.326555987374478785e-20 3.742586299540334770e-21
2.455350920184442293e+04 5.950164028633839304e-21 4.059868178501555728e-21
2.456422141885280871e+04 6.205106989216910851e-21 3.806618833216348604e-21
2.457493362075759433e+04 3.473390965763903655e-21 3.759774197521834133e-21
2.458564580751619724e+04 1.901635153494350218e-21 4.097257342059397174e-21
2.459635797908938184e+04 1.417618377294375322e-20 4.353609684935176718e-21
2.460707013543712310e+04 1.066538874892752246e-20 3.789165015587033460e-21
2.461799291609036663e+04 1.403436691025033568e-20 4.099440469757019453e-21
2.462870505525161934e+04 5.339243849965279096e-21 3.562224185805379230e-21
2.463941717902464734e+04 2.303833432757522964e-21 3.617037804728903272e-21
2.465012928740917778e+04 1.776085229297569611e-20 3.555443620730489405e-21
2.466084138036446529e+04 4.197097477111150198e-21 4.006904000225668170e-21
2.467155345785290046e+04 -1.597867757050558685e-21 3.568991964378452289e-21
2.468226551983082027e+04 7.996752395040509295e-21 3.368473013621034264e-21
2.469297756626458431e+04 2.026513019755361505e-20 3.877097957116351039e-21
2.470368959711166099e+04 1.980115919102086008e-20 3.749345468958985647e-21
2.471440161233244726e+04 2.082634892971866738e-20 3.736976915252233687e-21
2.472511361188748924e+04 1.688059982756101729e-21 3.560435023874740943e-21
2.473582559573617982e+04 -1.098704974399837272e-21 3.980458193347066229e-21
2.474653756383907967e+04 -4.818026310441235232e-21 3.602147085290373061e-21
2.475724951615992541e+04 -6.315351544574736654e-21 3.828364760125107606e-21
2.476796145265614905e+04 8.851159719681537585e-21 3.630882790590606290e-21
2.477867337329041766e+04 1.911545319148575589e-21 3.464978685934662571e-21
2.478938527802255703e+04 3.125478072989322385e-21 3.515700064217113645e-21
2.480009716846623269e+04 -1.310774221107889778e-21 4.153816696580945349e-21
2.481080920784061891e+04 -2.005748645090085581e-21 4.290390698037256009e-21
2.482152130358575960e+04 9.640809474611290906e-21 4.314210635711358602e-21
2.483223338396924373e+04 1.516689671836420660e-20 4.000110118782420825e-21
2.484294544825312187e+04 3.979243864559200266e-21 4.046983759712212659e-21
2.485365749639739806e+04 3.700982115357246439e-21 3.772885286339332217e-21
2.486436952836484852e+04 8.982266903833705468e-21 3.927910500885882787e-21
2.487508154411326177e+04 1.178398695688180687e-20 4.324895903259909566e-21
2.488579354360789148e+04 1.094121001398564630e-20 3.982174143342498821e-21
2.489650552680648980e+04 9.757678676412465361e-21 4.090532133546142624e-21
2.490721749367104712e+04 1.953309616085346651e-20 3.893514119751189085e-21
2.491792944416276077e+04 1.950035778736395380e-21 3.941024928054821760e-21
2.492864137824362842e+04 1.288809157521131531e-20 3.660822021756587881e-21
2.493935329587265005e+04 1.224694051960165042e-20 3.527845799144382176e-21
2.495006519701209254e+04 -4.702395843699481263e-21 3.960133134817942684e-21
2.496077708162407362e+04 -2.078342237071300314e-21 3.949772479962148921e-21
2.497148894966770968e+04 4.018069289326324816e-21 4.002030792374271734e-21
2.498220080110531126e+04 1.012454129624565222e-21 3.916165681985074649e-21
2.499291263589914161e+04 1.393545137269295552e-20 3.791662628768445264e-21
2.500362445400732395e+04 3.482848021466627556e-21 3.884603630789290554e-21
2.501433625539542481e+04 -1.729553780876843919e-20 3.959428945581694864e-21
2.502504804002159290e+04 1.841146296757243852e-20 4.760523031249071691e-21
2.503575980784933927e+04 -1.357257742398583288e-21 4.145884372597370362e-21
2.504647155883683081e+04 8.233684152120222699e-21 4.123365916348863569e-21
2.505718329294871728e+04 -1.995402040772179392e-21 3.842927604801583437e-21
2.506789501014548296e+04 2.240081155438468812e-21 4.401069109923179129e-21
2.507860671038962028e+04 7.186530668740788902e-21 4.405800957336476272e-21
2.508931839363940526e+04 2.665158589294586155e-21 3.722101757470995222e-21
2.510003005986082644e+04 7.041719307912833075e-21 3.709950179651312728e-21
2.511074170901320031e+04 1.392506022896581801e-20 4.151624203971822956e-21
2.512145334105707298e+04 8.232228585223183713e-21 3.995287740123123299e-21
2.513216495595523156e+04 1.249939977578620642e-20 4.229052402602284676e-21
2.514287655366821127e+04 6.812646898383047758e-21 3.729797216490550187e-21
2.515358813416101111e+04 7.604761599763838792e-21 3.943922216641498625e-21
2.516429969739216176e+04 -1.346133836547601967e-21 3.863902148094272475e-21
2.517501124332443214e+04 -4.194586245055533288e-22 3.954000885574960331e-21
2.518572277192074762e+04 2.088944289999480841e-20 4.117963458852143057e-21
2.519643428313970071e+04 1.279048785237287683e-20 4.086454217850810628e-21
2.520714577694637046e+04 5.953583981068744292e-23 3.792969257482080209e-21
2.521785725330266359e+04 7.813905844999607665e-21 3.798896574334035734e-21
2.522856871216724903e+04 -2.827702208937903202e-21 4.254200964301162749e-21
2.523928015350421629e+04 4.400172850407297122e-21 3.838370829710026390e-21
2.524999157727781858e+04 1.282159726608340866e-20 4.002582285901590292e-21
2.526070298344790353e+04 9.370095948699523861e-21 3.984105798270400647e-21
2.527141437197524647e+04 7.019813005058498898e-21 3.720182058401479915e-21
2.528212574282084825e+04 2.944809141570410246e-21 3.972995775072027093e-21
2.529283709599321446e+04 1.042463156784438716e-20 4.577842171401751899e-21
2.530375992223053254e+04 1.122804783047983957e-20 4.492752191144900986e-21
2.531447125291986958e+04 -7.780938656948613050e-21 3.497284599366613405e-21
2.532518256577441934e+04 4.044394621232514152e-22 3.373899418519124549e-21
2.533589386075923903e+04 9.955057157590196271e-21 3.515391650639691270e-21
2.534660513783282659e+04 7.290353691733057178e-21 4.098023784008232602e-21
2.535731639695729973e+04 2.072603472862482208e-21 4.379643850219964728e-21
2.536802763810009856e+04 9.693268606399655020e-21 4.412883170421786034e-21
2.537873886121626492e+04 1.777947461941016233e-21 3.997243233241777562e-21
2.538945006627147814e+04 -6.216801037970465094e-21 3.868701481321701173e-21
2.540016125323097003e+04 8.377514321004892794e-21 3.884840203216282140e-21
2.541087242205343864e+04 1.228714197347275343e-20 3.844724147273322354e-21
2.542158357270222405e+04 5.471382974717777936e-21 3.665753781529946389e-21
2.543229470513907290e+04 3.677673218265224632e-21 3.763635297046819959e-21
2.544300581933001740e+04 1.771621241101677194e-20 4.133777008334646767e-21
2.545371691523358095e+04 7.930065504993615269e-21 4.091085391561596729e-21
2.546442799281286716e+04 1.331506198656913218e-20 4.025200374609575037e-21
2.547513905203284230e+04 1.708607969136577871e-20 4.400131116030158727e-21
2.548585009285561682e+04 2.623302186456242952e-21 3.230023032204356448e-21
2.549656111523961590e+04 6.113198746468274820e-21 3.286533278041687922e-21
2.550727211915354928e+04 1.009734298253431475e-20 3.778979411916406467e-21
2.551798310455715546e+04 6.295901864039004605e-21 3.491049273292745397e-21
2.552869407141497504e+04 6.998558411574362316e-21 4.018035631244108017e-21
2.553940501968616809e+04 4.031669131808745801e-21 4.118746664709786199e-21
2.555011594933542438e+04 -2.067579222420614719e-21 3.752685220978802665e-21
2.556082686032849597e+04 3.158891391863724632e-21 3.682192763053938277e-21
2.557153775262468844e+04 -4.854217392375902915e-21 4.022921449217176696e-21
2.558224862618642874e+04 4.824117285981290042e-21 3.935700649261251896e-21
2.559295948097815563e+04 3.688656133671816964e-21 3.798069868677638462e-21
2.560367031696425329e+04 4.581295315587672067e-21 4.231716211257516267e-21
2.561438113410732331e+04 9.229999401038848466e-22 3.774173448001909826e-21
2.562509193236556530e+04 -5.806780374555987977e-21 4.042513986906906520e-21
2.563580271171094500e+04 -4.618095168549061668e-22 4.013999100946130308e-21
2.564651347209880987e+04 7.775619221322199922e-21 3.790664428325256813e-21
2.565722421349347132e+04 1.242735163200618149e-20 3.789224590531377932e-21
2.566793493585961551e+04 5.000754474850953193e-21 4.146243281176830643e-21
2.567864563916021871e+04 8.299429708767894168e-21 4.662030911440169403e-21
2.568935632336075287e+04 8.742066732738802315e-21 3.741252973564235800e-21
2.570006698841985053e+04 1.131808278706668465e-20 4.158983290826501138e-21
2.571077763430442792e+04 7.892111102196309614e-21 3.971758647015580344e-21
2.572148826097482015e+04 1.301870838481353919e-20 4.515044721682146584e-21
2.573219886839863830e+04 -1.943420484438958054e-21 3.853154471551886698e-21
2.574290945653417657e+04 1.134609044530649049e-20 3.645635937192909096e-21
2.575362002534799467e+04 7.319720821281415264e-21 3.568738739863028025e-21
2.576433057480151547e+04 1.343205722990486299e-20 4.281571163566256993e-21
2.577504110485818092e+04 3.629392337863486200e-21 4.153877756707053416e-21
2.578575161548604592e+04 -5.018181312704921502e-21 3.494440297184308358e-21
2.579646210664514729e+04 -1.799963918021363784e-21 3.630322526872680127e-21
2.580717257829527080e+04 1.085490483409089416e-20 3.823885802167955647e-21
2.581788303040597748e+04 9.209539405086275164e-21 3.932446530114681567e-21
2.582859346293839917e+04 9.008178230283741444e-21 3.892041097424155714e-21
2.583930387585636709e+04 3.179341085101190798e-21 3.670166902336222419e-21
2.585001426912198440e+04 2.219487857809325819e-21 3.690084358876925560e-21
2.586072464270134151e+04 7.212192370594875810e-21 3.855289585712098254e-21
2.587143499655590131e+04 -6.785312957597592697e-21 3.518379579999837440e-21
2.588214533065057185e+04 7.873995181325182817e-21 4.142411362401514549e-21
2.589285564495128347e+04 2.147778072482161647e-21 4.187953937073761736e-21
2.590356593941577739e+04 3.128529983766248962e-21 3.718586601649386230e-21
2.591427621401436772e+04 2.274759670287548998e-20 4.012891527125699564e-21
2.592498646870644006e+04 -3.024780510963499730e-21 3.876865863756121422e-21
2.593569670346021667e+04 1.273325136654919225e-20 4.486485594911072606e-21
2.594640691823442467e+04 2.235431378043446962e-20 3.832085544269337504e-21
2.595711711299388116e+04 3.253006237549324087e-21 3.357605987672181675e-21
2.596782728770661561e+04 1.782971238138891345e-21 3.845771556340245348e-21
2.597853744233550970e+04 6.934568770831680309e-21 3.816930739767216892e-21
2.598924757684034921e+04 1.057136680926371581e-20 3.889509031137387099e-21
2.599995769118769385e+04 3.917422756121253448e-21 3.951863636778793922e-21
2.601066778534323385e+04 7.447962457339018087e-21 3.645282067955291781e-21
2.602137785926832294e+04 2.707523616311453956e-21 4.019905357395641880e-21
2.603208791292929891e+04 8.200071587058119140e-21 4.559250553462623146e-21
2.604279794628811942e+04 1.316691168952302424e-20 3.975486692949150828e-21
2.605350795931029643e+04 3.423099066829458559e-21 4.088332311955252699e-21
2.606421795196083258e+04 8.430954337215001341e-22 4.236081261324559734e-21
2.607492792420169280e+04 1.249145039127085817e-20 4.252188705211287391e-21
2.608563787599985881e+04 1.114215390992237155e-20 3.887664301930750850e-21
2.609634780731661158e+04 -3.700853689762136853e-21 3.968660607436246703e-21
2.610705771811899103e+04 -1.113946520468711573e-21 3.822834128392983337e-21
2.611776760836888934e+04 -2.988784344926239574e-22 3.777974033520066822e-21
2.612847747803186940e+04 7.590908930828679312e-21 3.632271409304707366e-21
2.613918732707336676e+04 6.038116789743725860e-21 4.311552502383063339e-21
2.614989715545548461e+04 -1.141313000572844021e-21 3.667824659956404398e-21
2.616060696314269444e+04 -6.337685879654203721e-22 3.943152215010863683e-21
2.617131675010299659e+04 -2.855648988564337137e-21 3.873360392758534962e-21
2.618202651629726461e+04 2.659134441354960831e-21 4.170087328467525441e-21
2.619273626169279305e+04 2.105522370580018899e-22 3.698779960685355486e-21
2.620344598624972423e+04 -3.143581543932462052e-21 3.670686637171046638e-21
2.621415568993815032e+04 6.240883164380747746e-21 4.453243140896323638e-21
2.622486537272019268e+04 1.111582631322491029e-20 4.249376484765886192e-21
2.623557503455899132e+04 9.416903117090262058e-21 3.762061335868833655e-21
2.624628467542022918e+04 1.486317677742241701e-20 4.110156713154557624e-21
2.625699429526905078e+04 1.650418025738458732e-20 4.157741332891687127e-21
2.626770389407016046e+04 -1.892260356089684457e-21 3.441164060033375770e-21
2.627841347178917567e+04 1.600475020057124626e-20 4.093240496433477210e-21
2.628912302838851974e+04 4.554473587377149237e-21 4.005779919375841733e-21
2.629983256383442495e+04 9.906738210887255598e-21 4.202135631624333223e-21
2.631054207809150830e+04 1.186070996553350991e-20 3.857305123491491000e-21
2.632146423804116785e+04 1.071890368333014410e-20 4.123469855602559032e-21
2.633217372643045746e+04 1.121313720134370374e-20 4.291318893046436090e-21
2.634288318971649642e+04 1.415012273102730436e-20 4.305516048176827718e-21
2.635359263163126161e+04 1.741000802746498606e-20 3.830480462833083111e-21
2.636430205217974071e+04 1.170472898984917364e-20 4.060126814277819222e-21
2.637501145132428792e+04 5.334111890387944251e-21 4.247394817628408728e-21
2.638572082903113187e+04 -2.953318338622694339e-21 3.696325564468635340e-21
2.639643018526540982e+04 5.662522322648314632e-21 4.472622085753780661e-21
2.640713951999208803e+04 4.151558044736858851e-21 4.398146737724735337e-21
2.641784883317778076e+04 -3.446407460043396904e-21 4.170655067745123467e-21
2.642855812478334337e+04 1.638584781622347937e-20 4.210760995707202855e-21
2.643926739477804585e+04 1.154441082656092321e-20 4.378954191101282326e-21
2.644997664312721463e+04 -1.071653939281099450e-21 3.971223988885644299e-21
2.646068586979173415e+04 5.904254157030465037e-21 4.195204643854970332e-21
2.647139507473968843e+04 3.794680739455753680e-21 3.965554337848000602e-21
2.648210425794042385e+04 9.602771296811038339e-21 3.641240227136701066e-21
2.649281341935103410e+04 9.494146838571615735e-21 3.800864526802227109e-21
2.650352255894360133e+04 8.088446580780798174e-21 3.668172128997592675e-21
2.651423167667793314e+04 8.001391239293195153e-21 4.118407824794670629e-21
2.652494077252504576e+04 1.248723834990108857e-20 4.406731404840795256e-21
2.653564984644464857e+04 9.489231582778390481e-22 4.207818188450282161e-21
2.654635889840637537e+04 -3.607987962244732123e-21 3.701163846078401884e-21
2.655706792837429020e+04 1.219998716269072893e-20 3.970484372795408806e-21
2.656777693631526563e+04 -3.590296757057594237e-21 3.834465489310388902e-21
2.657848592219056445e+04 1.361906749829940630e-20 4.075407541353951797e-21
2.658919488596979863e+04 1.417022119428703686e-21 3.975620510156294411e-21
2.659990382761736691e+04 -1.082697213385723171e-20 4.018241970009479146e-21
2.661061274709859572e+04 3.733577134284371147e-22 4.140478709985694771e-21
2.662132164437921529e+04 3.981201751899942155e-21 3.872460958551357419e-21
2.663203051942478851e+04 1.164991988942336485e-20 4.297000064275562029e-21
2.664273937220101288e+04 9.127959220058130374e-22 4.386470446713393755e-21
2.665344820267212708e+04 7.545890088643564187e-21 4.202390104534523667e-21
2.666415701080658982e+04 6.990653859103554935e-21 4.519254212383680375e-21
2.667486579657030597e+04 1.403392948973629312e-20 4.409173926067183380e-21
2.668557455992458927e+04 4.558046367499592917e-21 4.528279482642169718e-21
2.669628330083813853e+04 9.640150696862433070e-21 4.273996861374580079e-21
2.670699201927820104e+04 1.378831641763359911e-20 4.216977009760536084e-21
2.671770071521207865e+04 1.588776739444465220e-20 4.629651494309981077e-21
2.672840938859841845e+04 1.023330225758800139e-20 4.550709675135361367e-21
2.673911803940872414e+04 3.472552222292728375e-21 3.993911602587074904e-21
2.674982666760626671e+04 -1.987766663952664414e-21 4.214862349456159806e-21
2.676053527315969041e+04 7.436954087381702107e-21 3.632679045001457825e-21
2.677124385603503470e+04 -2.126325588473415574e-21 3.726085198758178866e-21
2.678195241619246008e+04 3.910032828073761093e-21 4.016009981565387524e-21
2.679266095360671534e+04 -1.861441033512280477e-21 3.716267341620550789e-21
2.680336946823654216e+04 1.379458308929660353e-21 3.789866185644870408e-21
2.681407796005092678e+04 1.106435075807320434e-20 3.691009482987074817e-21
2.682478642901890635e+04 3.622537021689103976e-21 4.183318659296157679e-21
2.683549487510221661e+04 -7.217477271125526910e-21 3.748133270361930424e-21
2.684620329826699162e+04 1.468889997907908887e-21 4.130552588537632108e-21
2.685691169848075879e+04 8.351557947292139001e-21 4.982445958996143533e-21
2.686762007571283903e+04 2.729456671032853272e-20 5.151041734987283788e-21
2.687832842992342921e+04 8.849505183071458644e-21 4.480739233157100076e-21
2.688903676108179934e+04 -2.029582181758867282e-21 4.347683110526793047e-21
2.689974506915706661e+04 1.190890912717932201e-20 4.197206107408569366e-21
2.691045335410981716e+04 7.761074209049957350e-21 4.366793998087978186e-21
2.692116161590913543e+04 7.792183434547172276e-21 4.342074187793614781e-21
2.693186985452285808e+04 2.986885271380822325e-21 4.361635579092439294e-21
2.694257806991457983e+04 6.197652366289478641e-21 4.289661179411892277e-21
2.695328626205494584e+04 1.495489887314038590e-20 3.870383522832490854e-21
2.696399443090460045e+04 2.011518899396186797e-20 4.485968079841647820e-21
2.697470257643278455e+04 1.901683114217544552e-20 4.358469337403224219e-21
2.698541069860915013e+04 1.379224102305266833e-20 4.986500024643601477e-21
2.699611879739259166e+04 6.295618521151590020e-21 4.948037179833847900e-21
2.700682687275715580e+04 1.158666545427512221e-21 4.826196789624268735e-21
2.701753492466640091e+04 5.804301750875305951e-21 4.584843599704689099e-21
2.702824295308547880e+04 1.971809445232081700e-20 5.092185158439812307e-21
2.703895095798387047e+04 6.148092670781143512e-21 4.773513508935063076e-21
2.704965893932670588e+04 6.247133958734573895e-21 5.088363549145565267e-21
2.706036689707777623e+04 3.618012458553796554e-21 4.801269586510667263e-21
2.707107483121109908e+04 1.500158987279745526e-21 4.829950236604380571e-21
2.708178274168603457e+04 -1.712449640298366738e-22 5.022356523866388057e-21
2.709249062847355526e+04 1.430451588293685722e-21 4.904539590129952105e-21
2.710319849153775067e+04 6.511998344256599211e-21 4.059666423811099754e-21
2.711390633084809815e+04 1.195802905879129877e-20 4.845642529116210244e-21
2.712461414636857808e+04 8.305481842508551341e-21 4.569631183210631184e-21
2.713532193810675744e+04 4.192856323000794547e-21 3.923034092229100449e-21
2.714624335040990263e+04 1.402241700571611743e-20 4.026882492193663145e-21
2.715695095336211671e+04 1.082766636786785160e-20 4.473301113187490421e-21
2.716765823856231509e+04 -3.373595493208714994e-21 4.829744903879652010e-21
2.717836549979717893e+04 2.499578829643240700e-21 4.554962878705715445e-21
2.718907273704342515e+04 3.896609935794993402e-20 4.749465357082210907e-21
2.719977995026954159e+04 1.226418251427439615e-20 5.218243709507648222e-21
2.721048713944377232e+04 -5.747793613757534168e-21 4.140625083206724553e-21
2.722119430453182940e+04 9.693617705822253312e-21 4.750816844079849108e-21
2.723190144549775141e+04 1.150029757995603221e-21 4.983278426147604320e-21
2.724260856231487924e+04 4.343101248466014961e-21 4.761839895939189335e-21
2.725331565494516326e+04 1.903159097663595112e-21 5.304257163385557012e-21
2.726402272335932139e+04 -1.578278869357925774e-22 5.146272275315379740e-21
2.727472976752138493e+04 4.907970797580539084e-22 4.970104749094875851e-21
2.728543678740001633e+04 5.830181730889719801e-21 4.705010692170803569e-21
2.729614378296370342e+04 1.094981713666986883e-20 4.377074206505382832e-21
2.730685075417689222e+04 1.985451649425443440e-20 5.523406284110619966e-21
2.731755770100844893e+04 2.085851355982159977e-20 5.204939546275702185e-21
2.732826462342702143e+04 1.550490948153293028e-20 4.414630294364131722e-21
2.733897152139663740e+04 1.740295109325074022e-20 4.452922640312016855e-21
2.734967839488650861e+04 2.373046286049669984e-21 4.623194574880478044e-21
2.736038524386400240e+04 1.040089233600868789e-20 4.843496469705684871e-21
2.737109206829782124e+04 1.209794016479759797e-20 5.045981707252868883e-21
2.738179886815059217e+04 -3.798388659737053198e-21 4.187566819890384068e-21
2.739250564339637276e+04 1.292151921796416458e-20 5.305208644424060243e-21
2.740321239399781916e+04 1.462857118563578423e-20 4.414844812306971635e-21
2.741391911992369205e+04 -4.533757538295144577e-21 4.491635497145970811e-21
2.742462582114162797e+04 5.328069292570597597e-21 4.471533524707461763e-21
2.743533249762090418e+04 7.711485468374661077e-21 4.980501774996309118e-21
2.744603914932427870e+04 -1.396092209984615592e-21 4.581354349067531678e-21
2.745674577622377547e+04 1.964670842678614718e-20 4.880786263619935562e-21
2.746745237828721292e+04 3.085270603633567867e-21 4.781465854838522683e-21
2.747815895547750188e+04 -3.427762236690754480e-21 4.576994573859479471e-21
2.748886550776873628e+04 4.748470861277762096e-21 4.595579544979634340e-21
2.749957203512333945e+04 8.650737431161055916e-21 5.313234554981807212e-21
2.751027853750932627e+04 1.729061788638819601e-20 5.027065253898648657e-21
2.752098501489932823e+04 9.076178309277394944e-21 5.344024464067434400e-21
2.753169146725462997e+04 -4.645097567328682156e-22 5.216635712076768159e-21
2.754239789454740458e+04 5.861861642724924517e-21 4.785834511997925176e-21
2.755310429674580882e+04 2.579449843482789177e-20 5.065622442898026338e-21
2.756381067381285902e+04 2.964024577152637883e-20 4.942606053285090535e-21
2.757451702572124486e+04 1.563142319291879421e-19 7.664161009614112416e-21
2.758522335243836278e+04 2.526805509497203637e-19 9.307232586207914926e-21
2.759592965392928818e+04 1.311780416281215511e-19 7.179251153549195158e-21
2.760663593016355298e+04 2.948635394198890669e-20 5.018588803055954286e-21
2.761734218110745496e+04 2.561854302788460827e-20 4.874982101177232705e-21
2.762804840673502986e+04 5.801177760748412836e-21 5.289462610719180525e-21
2.763875460700653275e+04 6.586015723082141164e-21 4.634456922814284542e-21
2.764946078188831234e+04 6.716759843492888204e-21 4.781345609685196961e-21
2.766016693135985406e+04 4.814238967915000480e-21 4.599024359342633150e-21
2.767087305538219516e+04 8.595870337786219234e-21 4.828885850132175292e-21
2.768157915392058567e+04 1.525007949711822804e-20 5.506233608938273107e-21
2.769228522694639105e+04 -1.068779181609245941e-20 5.216163055086063563e-21
2.770299127443102407e+04 -5.719293745118970773e-21 5.171392122499020372e-21
2.771369729633557654e+04 -1.202454682461980108e-21 4.843331133499450194e-21
2.772440329263523745e+04 -6.955472574133299963e-21 5.039900426631593895e-21
2.773510926329162612e+04 1.523378607815272466e-20 5.668157529632994364e-21
2.774581520827953500e+04 1.201418510488658750e-20 5.225855530314806562e-21
2.775652112756181668e+04 1.309759682201840953e-20 5.618316516990841129e-21
2.776722702110712999e+04 -3.385910655468044805e-22 4.533785345740133105e-21
2.777793288888542884e+04 7.672120929744994201e-21 5.178359961608896953e-21
2.778863873086666354e+04 -5.890223018759230585e-21 5.038218771047574961e-21
2.779934454701544746e+04 3.551639711871438289e-21 4.639233704898894209e-21
2.781005033730544528e+04 3.713411780733183513e-21 4.968962508294753042e-21
2.782075610170012078e+04 1.126174356883803272e-20 5.100727220246091222e-21
2.783146184016951520e+04 -9.397348988509067337e-21 4.492501158453634985e-21
2.784216755267999906e+04 -1.648968214919061402e-20 4.919973180319641068e-21
2.785287323920363997e+04 3.758680502875772649e-21 5.666356429222149280e-21
2.786357889970732140e+04 1.158030766257315300e-20 5.936413483643453378e-21
2.787428453415782860e+04 -3.620584159504035291e-21 4.691238531283655678e-21
2.788499014252674897e+04 1.400975709908518875e-21 4.673102715732886368e-21
2.789569572477937618e+04 4.814978013126934879e-21 5.535175229639131324e-21
2.790640128088779238e+04 1.136895604237589688e-21 5.183453758185694749e-21
2.791710681081890652e+04 3.006955583938428360e-21 5.784554424515296501e-21
2.792781231453937653e+04 4.673518968734659233e-21 6.245624843825003042e-21
2.793851779202121179e+04 1.756795794331433635e-20 6.173464186887368385e-21
2.794922324322991335e+04 2.279511983296057545e-20 5.445928449632099659e-21
2.795992866813919318e+04 4.946829494564099223e-21 4.903473269279676132e-21
2.797063406670915720e+04 1.657153500088297429e-21 4.848104728843035423e-21
2.798133943891680246e+04 1.533287454148773582e-20 5.082009954172546389e-21
2.799204478472612755e+04 2.458464958195550366e-20 5.428813726300397348e-21
2.800275010410923642e+04 1.170147963398670286e-20 5.365606926139139099e-21
2.801345539703484974e+04 -3.310767914226919899e-22 5.061366702122937861e-21
2.802416066346468506e+04 1.899387074942848865e-20 5.851483028999952029e-21
2.803486590337812959e+04 2.278241616296227547e-22 4.720146350692860036e-21
2.804557111673383406e+04 2.226922828413729372e-20 5.452298137358176577e-21
2.805627630350914842e+04 1.790859046605810246e-20 5.554891500795037415e-21
2.806698146366745277e+04 1.358699595227973453e-20 5.200184865032244041e-21
2.807768659718145864e+04 1.922375244063354201e-20 5.720413721170368873e-21
2.808839170402014497e+04 1.264815949615292397e-21 5.008195580243225162e-21
2.809909678414394148e+04 1.428660013159539631e-20 5.251211018389092926e-21
2.810980183753172969e+04 1.175866808029647298e-21 5.504192625199945357e-21
2.812050686415270684e+04 -9.332908853402257527e-21 6.015670773399112410e-21
2.813121186397090787e+04 1.126752428211334154e-20 5.694039907595126068e-21
2.814191683695193933e+04 2.114166363097265389e-20 5.432905359678547357e-21
2.815262178307498107e+04 1.276131682986117055e-20 5.775701314112049198e-21
2.816332670230390067e+04 1.826878007105604524e-21 4.987324048009939929e-21
2.817403159460634197e+04 2.528181422963300417e-21 4.555158258371300688e-21
2.818473645995317565e+04 5.301371064433723955e-21 5.364302466091630764e-21
2.819544129831350074e+04 5.677611543407537530e-21 5.254946829433514769e-21
2.820614610965960310e+04 8.218500456248556923e-21 5.464712277485710488e-21
2.821685089395246905e+04 1.066071966015931219e-20 5.644639163690843062e-21
2.822755565116818252e+04 5.412212224232082712e-21 5.418911245548245882e-21
2.823826038127773791e+04 9.953151675594450043e-21 4.908736124101902549e-21
2.824896508424316562e+04 -5.695236333031480880e-21 5.040971446623883735e-21
2.825966976003571108e+04 -7.030976587150724940e-21 5.022124495327962731e-21
2.827037440862824587e+04 8.886457099201466013e-21 5.495895708514403673e-21
2.828107902999008729e+04 1.404205507598766763e-20 4.845300482806541207e-21
2.829178362408869725e+04 1.409467705061161969e-21 4.946093701576855929e-21
2.830248819089162862e+04 -1.491821172250834126e-21 5.824717057767891900e-21
2.831319273037027961e+04 2.288642686168179619e-20 5.161068300067054764e-21
2.832389724249406572e+04 3.061986557974260718e-23 5.159865887125997796e-21
2.833460172723239884e+04 -9.341142679934546398e-22 5.298170450135193636e-21
2.834530618455434524e+04 1.793798417062623745e-21 5.474954336029574398e-21
2.835601061442982245e+04 -1.097150598571279023e-20 4.775793849583890687e-21
2.836671501683006500e+04 6.756179784737487602e-21 4.864775754714213111e-21
2.837741939172110870e+04 1.758794074225427079e-21 5.487166515528753143e-21
2.838812373907224173e+04 -6.162819441099167640e-21 5.177495527884143441e-21
2.839882805885835478e+04 8.188895435656863359e-21 5.950222374175024813e-21
2.840953235104575288e+04 1.044107561718016330e-20 5.014106489257150522e-21
2.842023661560049732e+04 1.272023961804414751e-20 5.072052435722491336e-21
2.843094085249743148e+04 7.520911006957041686e-21 5.414200450733969177e-21
2.844164506170591631e+04 -9.670385991726434063e-21 5.756091435133152207e-21
2.845256432941290041e+04 5.246861456462896841e-21 5.442324905528155684e-21
2.846326849885271076e+04 -1.217243737968923735e-20 5.609115470435074785e-21
2.847397263698984898e+04 1.117873337407834744e-20 5.929866826570937068e-21
2.848467674727686608e+04 2.020120471670701892e-20 6.393362185463600275e-21
2.849538082972659686e+04 1.701858025954917555e-20 6.165973025695683531e-21
2.850608488429510544e+04 2.055305148066313007e-21 5.260242206583228332e-21
2.851678891096073858e+04 -8.452345781786332022e-21 5.473555981766668275e-21
2.852749290969169670e+04 1.166489698622436793e-20 5.616021279620756675e-21
2.853819688045600196e+04 -2.748519701179598057e-21 5.936235246049964310e-21
2.854890082322878152e+04 -1.135401602436873036e-20 6.402673879805791814e-21
2.855960473797291706e+04 1.264373894645510728e-20 5.610656961978352174e-21
2.857030862466365943e+04 5.225416210274070307e-21 5.979521689631958521e-21
2.858101248326908899e+04 1.195038268015264074e-20 5.705871299666643756e-21
2.859171631375918878e+04 4.197769937968044936e-21 5.718597134335375128e-21
2.860242011610218105e+04 1.038043128796721943e-20 6.019198760114606487e-21
2.861312389027157769e+04 9.666219398873014981e-21 5.740240780688889190e-21
2.862382763623744904e+04 1.581204212744727299e-20 5.509391969323179800e-21
2.863453135396617654e+04 1.990893141592858772e-20 5.975126993556059568e-21
2.864523504342798697e+04 6.474681731089364046e-21 6.073654467277476504e-21
2.865593870459625759e+04 1.807870969735760327e-21 5.014532701839484420e-21
2.866664233743957084e+04 4.797783887682163414e-21 5.683493766742677225e-21
2.867734594192965596e+04 -8.611551351326246070e-22 5.078318957925807786e-21
2.868804951803141012e+04 3.577159836343171861e-21 5.528928408511706325e-21
2.869875306571851979e+04 -1.851449373105841033e-21 5.421273791303732773e-21
2.870945658496459873e+04 -3.818701066513246224e-21 5.863860308083964909e-21
2.872016007573302340e+04 3.847561334648369362e-21 5.592046994964301479e-21
2.873086353799901917e+04 8.133982795693793519e-21 5.678382396713808698e-21
2.874156697172780696e+04 1.475166582481216200e-20 6.281615846917072352e-21
2.875227037689818098e+04 -7.608579272765889465e-21 6.055490120407463045e-21
2.876297375347016714e+04 1.046478387794712601e-20 5.429835529194343297e-21
2.877367710142621581e+04 4.955247393023414818e-21 5.679802919578963226e-21
2.878438042072429016e+04 3.481083806733258026e-21 5.402270631652904686e-21
2.879508371134012850e+04 -2.210862387075165024e-21 5.105177420260476991e-21
2.880578697324570385e+04 6.052152735932877529e-21 4.767062943623211629e-21
2.881649020640983872e+04 7.606299441307688403e-21 4.920062127249811753e-21
2.882719341080282538e+04 8.247006841754640765e-21 5.181374294490659650e-21
2.883789658639329718e+04 2.159346238192671877e-20 5.594903928495234634e-21
2.884859973315353636e+04 1.499759789831102929e-20 5.584597608560877243e-21
2.885930285105743678e+04 7.855940236782340573e-21 5.021397939947972622e-21
2.887000594006859319e+04 2.489099969491855251e-20 5.878878552598125131e-21
2.888070900016085216e+04 8.782292422474014533e-21 5.216549538891860659e-21
2.889141203130485155e+04 3.822794034166695597e-21 5.447901746014642466e-21
2.890211503347288090e+04 -4.209336419661707964e-22 5.461963048557567061e-21
2.891281800663374452e+04 -6.024803181255314557e-21 5.228221924103242819e-21
2.892352095075808393e+04 9.975183102299211241e-21 5.865716537746721159e-21
2.893422386581456885e+04 -7.966641943457676187e-21 4.939828224830461396e-21
2.894492675177572164e+04 -6.003698118911498926e-22 5.517064914873895036e-21
2.895562960861215470e+04 6.205862003538697971e-21 5.659462768806152658e-21
2.896633243629811113e+04 6.518700399486082304e-23 5.955770040611066546e-21
2.897703523479721844e+04 -9.715287774672075287e-21 5.432851662414459978e-21
2.898773800408352690e+04 2.382355484340363194e-21 6.170977051967055630e-21
2.899844074412798363e+04 2.250597745476798814e-21 5.670139534932445113e-21
2.900914345490298001e+04 1.334756263526774293e-20 5.769096128046741053e-21
2.901984613637582152e+04 1.146202675172182878e-20 6.549614251170618636e-21
2.903054878852264665e+04 1.390259978246855894e-21 5.274282402105571080e-21
2.904125141130694465e+04 6.044827267408913645e-21 5.362972183066316631e-21
2.905195400470149616e+04 5.620256256000192544e-21 5.542451048068552151e-21
2.906265656868236692e+04 5.836941654887698815e-21 5.668333187950979251e-21
2.907335910321700430e+04 2.828426532888098794e-21 5.050293578860076903e-21
2.908406160827444910e+04 1.969418096495620735e-20 6.634182133809492283e-21
2.909476408382723457e+04 1.781200856056258110e-20 7.737535542331628018e-21
2.910546652984471075e+04 7.787087474613291934e-21 5.574849698955943207e-21
2.911616894630301977e+04 -6.695218502858431540e-21 5.881809713365062097e-21
2.912687133316970721e+04 -4.559754851983217552e-21 4.835136206970819061e-21
2.913757369041385755e+04 1.768031292577463789e-20 5.546154825253242612e-21
2.914827601800636694e+04 1.175318246661319718e-20 5.982611788471020764e-21
2.915897831592203147e+04 8.098724864434970243e-21 5.365341867905090281e-21
2.916968058412996834e+04 4.153116858108493762e-21 6.127149784875042357e-21
2.918038282260493725e+04 1.547495025092385142e-20 6.145177873038342339e-21
2.919108503131079851e+04 2.518217123151928431e-21 5.097009943863130862e-21
2.920178721022205718e+04 1.022596755267452349e-20 4.470281011933916933e-21
2.921248935930823427e+04 1.356462088656874380e-20 5.123543207067645014e-21
2.922319147854573021e+04 6.242668788217717630e-22 4.621433269200152282e-21
2.923389356790041347e+04 -2.617688454200397188e-21 5.435414888644890133e-21
2.924459562734524297e+04 9.586108541712765571e-21 5.211411225864727299e-21
2.925529765685126767e+04 1.413685925056015299e-20 5.704170237566751849e-21
2.926599965638986032e+04 1.433487734256368806e-20 5.602995903155108902e-21
2.927670162593210989e+04 1.071238690652426522e-20 5.504936770647534962e-21
2.928740356545117174e+04 -6.744752172641596343e-21 5.425780920312275271e-21
2.929810547491109901e+04 -6.666806615051656105e-21 4.981409873235035440e-21
2.930880735429388733e+04 8.191263515455007587e-21 5.854559778520827122e-21
2.931950920356557617e+04 -8.323328818480875506e-21 5.995914814984797464e-21
2.933021102269188850e+04 1.426044571828615587e-20 6.165896808248743455e-21
2.934091281165697728e+04 -6.048654754355392487e-21 5.796576733466022067e-21
2.935161457041952599e+04 5.109602885537420983e-21 5.569951212197822302e-21
2.936231629895800143e+04 -9.788014608021870597e-21 5.127867095392762716e-21
2.937301799724216471e+04 1.793558776853448717e-20 6.527296444670102975e-21
2.938371966524331583e+04 9.251820169202054382e-21 5.731486378963399252e-21
2.939442130293293303e+04 -5.722098044548523384e-21 5.998954983867131095e-21
2.940512291028252002e+04 2.296413600839413041e-20 5.772323660544463281e-21
2.941582448726345319e+04 -2.144806034057896102e-22 5.233878291112667885e-21
2.942652603384726171e+04 1.555430779962254776e-20 6.023908062590214965e-21
2.943722755000547477e+04 6.092852287431644508e-21 5.734119587042820686e-21
2.944792903570952330e+04 1.773806392050861679e-20 5.321865238934591127e-21
2.945863049092926303e+04 1.692192465089258652e-21 5.860930762300538528e-21
2.946933191564169101e+04 7.260224291838930696e-21 6.251511662258454214e-21
2.948003330981099498e+04 1.303015329923874410e-21 5.740351602020960228e-21
2.949073467341438300e+04 -4.607936925225333646e-21 5.150021051055405082e-21
2.950143600674256595e+04 -1.073055239879962925e-21 5.114654745323206427e-21
2.951213734049142295e+04 3.190895449510237341e-21 5.709836298822873391e-21
2.952283864974079916e+04 1.230451675483939946e-20 4.965353812366796396e-21
2.953353992837045735e+04 8.168702114766531117e-21 5.352717684015210593e-21
2.954424117629033935e+04 7.873290200605111051e-21 5.741505436414613919e-21
2.955494239347202893e+04 1.039819360862955251e-20 5.704844624598263071e-21
2.956564357992348232e+04 6.479596731557804856e-22 5.020033925765783085e-21
2.957656108706073428e+04 1.873229126072025533e-21 4.519445356453610957e-21
2.958726222372759003e+04 4.140506435297186471e-22 4.597101329918905445e-21
2.959796332954062746e+04 -1.175386834930756041e-20 5.713673425603751323e-21
2.960866440447179048e+04 8.980399963145659992e-21 5.648015989084538954e-21
2.961936544849658821e+04 -9.776950754939736402e-21 5.297160833616616223e-21
2.963006646158133663e+04 9.749158145316393990e-21 5.514375175432467021e-21
2.964076744369983862e+04 2.946746642084905673e-21 5.167330736487618954e-21
2.965146839482200085e+04 -9.219727887023358425e-21 5.517209966326857510e-21
2.966216931491975629e+04 1.781386219137120777e-20 5.946712472623792421e-21
2.967287020397045126e+04 1.265743247289588295e-20 5.861104265654585637e-21
2.968357106194435983e+04 9.937705071174443290e-21 5.188891275740504453e-21
2.969427188880964241e+04 1.060683130975718710e-20 5.320706257284594133e-21
2.970497268454016012e+04 3.396014154912267391e-21 5.515288343388680010e-21
2.971567344910595784e+04 3.006410118881244656e-21 5.244523093598840866e-21
2.972637418247698588e+04 1.573632168624901240e-21 5.370040487093590730e-21
2.973707488463480695e+04 1.756306653854131495e-20 5.742024743067047453e-21
2.974777555554397622e+04 1.748865047236703787e-21 4.994752588282856179e-21
2.975847619518233842e+04 1.437048782323842646e-20 5.375862766521870452e-21
2.976917680351615854e+04 5.468927640465920135e-21 5.434875499240901072e-21
2.977987738051942506e+04 2.266463626569618498e-21 5.082412652446277011e-21
2.979057792616011284e+04 -1.407920389773789288e-21 5.182533119302311635e-21
2.980127844041444405e+04 9.450143849055729594e-21 5.620794979764180939e-21
2.981197892325848079e+04 1.282973243579860005e-21 5.458795508659924634e-21
2.982267937466051808e+04 1.537180708392846076e-21 5.245864345949429697e-21
2.983337979459464259e+04 6.236492660729222694e-21 5.295792963519443512e-21
2.984408018302521305e+04 1.293582205305647655e-20 6.087128536737173664e-21
2.985478053993592766e+04 -1.606725532714089900e-21 4.829820662992518525e-21
2.986548086528756903e+04 -1.447190518772342280e-20 4.877954643584285157e-21
2.987618115905628656e+04 1.032423874880340384e-20 5.178127704090869959e-21
2.988688142122213321e+04 2.692060302046262679e-21 5.160796721804353614e-21
2.989758165175154500e+04 3.794595120102808291e-21 5.356390553443858240e-21
2.990828185061857585e+04 1.710293857883715129e-20 5.663604010113641426e-21
2.991898201778775910e+04 1.005192481047214527e-20 5.478608010425421871e-21
2.992968215324330595e+04 3.588324223218345894e-21 5.503661724641522129e-21
2.994038225694580979e+04 1.321907894583141330e-20 5.950710631534926986e-21
2.995108232887351551e+04 1.209773410090189530e-21 5.176654660116664627e-21
2.996178236899878539e+04 1.398428445086375206e-20 6.045032901990565376e-21
2.997248237729769971e+04 -3.959427295837262040e-21 5.897192503287513139e-21
2.998318235374088908e+04 1.527304754690392640e-20 5.367898808442975218e-21
2.999388229829300690e+04 1.362299928554322663e-20 5.969029227968905525e-21
3.000458221093828615e+04 1.430864418583991158e-21 5.453231950813090333e-21
3.001528209163738575e+04 1.134423691268515245e-22 5.181796948465814042e-21
3.002598194036868153e+04 5.822874319840951379e-21 4.728352597355715483e-21
3.003668175710632931e+04 -3.002448364681495909e-21 5.713367665516876984e-21
3.004738154181922437e+04 -7.576951141966582475e-21 5.675690601516197646e-21
3.005808129448975160e+04 -9.283793779003710272e-21 5.122584173868484745e-21
3.006878101507665269e+04 5.555837058332859823e-21 5.524933244176962433e-21
3.007948070356039170e+04 1.163734194878509129e-20 5.728864607417710335e-21
3.009018035990955468e+04 5.794335140170367368e-21 5.469931226322225599e-21
3.010087998409647844e+04 2.053286045159192341e-21 5.701087861340530708e-21
3.011157957609606456e+04 1.954984763579242422e-20 5.928880525190124037e-21
3.012227913588290539e+04 2.113560376081536044e-20 5.653428098127625990e-21
3.013297866342568523e+04 7.102073804163332823e-21 5.667682797879823325e-21
3.014367815870301274e+04 8.301265358171121768e-21 5.876079553277189206e-21
3.015437762168159679e+04 4.581628585070358076e-21 5.749633115606406337e-21
3.016507705233784509e+04 2.548188024649713891e-21 5.325914489131129968e-21
3.017577645064278113e+04 9.356491867535626963e-21 5.298629859478345789e-21
3.018647581656515104e+04 -6.816017221985308767e-21 6.191873092022599574e-21
3.019717515008167175e+04 -3.698032311456029588e-21 5.975789900329371000e-21
3.020787445116508025e+04 -7.771435793251601423e-21 5.663721302029991665e-21
3.021857371978816809e+04 1.641126209958830718e-20 5.638162619153569412e-21
3.022927295592345399e+04 2.849370884186519383e-20 6.214749877943806152e-21
3.023997215955001957e+04 2.184934385027776307e-20 5.802012439116504119e-21
3.025067133063071742e+04 1.263607399866851055e-20 5.601651025650094885e-21
3.026137046914437815e+04 1.286381698821118935e-20 5.655086652766485499e-21
3.027206957505987521e+04 1.223471127219430172e-20 6.328466451940350708e-21
3.028276864835004744e+04 -1.150815148411546902e-20 5.021113586629083332e-21
3.029346768898951632e+04 6.526276681759555359e-21 5.015682320715755263e-21
3.030416669695347446e+04 -6.288900973183494983e-21 6.633916254270739184e-21
3.031486567221085352e+04 4.835175704397043519e-21 5.925563438099515201e-21
3.032556461473459422e+04 -4.270486455073285713e-22 4.926193588650512480e-21
3.033626352450364357e+04 -3.059903382467837480e-21 5.438271844005115246e-21
3.034696240149098958e+04 1.255212824239924867e-20 5.688898685315701707e-21
3.035766124565936116e+04 2.211886316845114160e-21 6.226304843629750289e-21
3.036836005699393354e+04 -7.937671741209470582e-21 6.427315339334430110e-21
3.037905883545579491e+04 8.756302083523484251e-21 6.848200603274825434e-21
3.038975758102398322e+04 1.254286661010775575e-20 5.372846880499020938e-21
3.040045629367153742e+04 -3.963681851110748085e-21 5.232845626697703886e-21
3.041115497337152192e+04 -1.745645662513433229e-21 5.803782511953708125e-21
3.042185362009687742e+04 2.076809702288855673e-22 6.319845880622471884e-21
3.043255223382071199e+04 1.222287535871816228e-21 5.613945579530348370e-21
3.044325081451626829e+04 1.153633453270037840e-20 6.311604525034527598e-21
3.045394936216275528e+04 1.406449590750288548e-20 6.065713977072984999e-21
3.046464787672521561e+04 1.336192346581323257e-20 5.516979244683769559e-21
3.047534635817681919e+04 2.054123934694973618e-20 6.190786370064293231e-21
3.048604480649069956e+04 2.778917852944489984e-21 5.744003598339143016e-21
3.049674322164184923e+04 -3.532951079945010201e-21 6.758084966438197714e-21
3.050744160360373644e+04 -1.621215311104137533e-20 5.285828898689295959e-21
3.051813995234957838e+04 7.449693966412328652e-21 6.416766266126522038e-21
3.052883826785259953e+04 1.214538141704464579e-20 6.085250037947669508e-21
3.053953655008404166e+04 2.427999881902639248e-20 5.892304133485735799e-21
3.055023479902120380e+04 1.995969614607630475e-20 5.854540114972455523e-21
3.056093301463518219e+04 1.808521461753020631e-20 6.517619458621976310e-21
3.057163119690137319e+04 3.548673318942796555e-21 6.014207631425351500e-21
3.058232934578913773e+04 1.173365330119187813e-20 6.360284480043492279e-21
3.059302746128198487e+04 3.235571286887180133e-21 5.271726106663822184e-21
3.060372554334102097e+04 1.248211982920277422e-20 5.589865824039196968e-21
3.061442359193963784e+04 1.459007285896204453e-20 5.994954228522796248e-21
3.062512160705317365e+04 -1.440794641500765124e-20 5.823410677821360905e-21
3.063581958865889465e+04 -5.197807180473125410e-21 6.022232687481892054e-21
3.064651753672841369e+04 8.503221478218343190e-21 5.759516986929230073e-21
3.065721545123309988e+04 4.218654662043444243e-21 5.360690416514865836e-21
3.066791333215048871e+04 -4.344539240102298018e-21 5.469084444415382486e-21
3.067861117944990838e+04 -5.710312927273466539e-21 5.349018021714723854e-21
3.068930899310894893e+04 -8.698948954481971235e-21 5.349784294137864130e-21
3.070000677309687308e+04 2.570045315674856997e-20 5.696058255047445388e-21
3.071070451939121267e+04 1.228401015674626492e-20 5.741090855682563065e-21
3.072140223197384694e+04 1.433564155639846037e-21 5.603311282719941535e-21
3.073209991079985775e+04 7.127600669406774794e-21 5.299571884764694493e-21
3.074279755585300882e+04 5.338813143648241340e-21 6.088347435509694827e-21
3.075349516709867385e+04 2.800370462626575040e-21 5.314065618862204709e-21
3.076419274451656020e+04 5.592859909953278167e-21 5.865117068219830501e-21
3.077489028808210423e+04 1.961468207218374204e-20 5.438833571902671369e-21
3.078558779776491428e+04 1.370378282007176906e-20 5.659792447833269619e-21
3.079628527354278049e+04 9.133407260830548237e-21 5.438564232165836688e-21
3.080698271538524932e+04 -3.808717773910897027e-21 5.585026312844752564e-21
3.081768012327004544e+04 -1.068506278781045581e-20 5.106947528870828381e-21
3.082837749716671533e+04 2.270883030612192202e-21 5.927176222884807885e-21
3.083907483705305640e+04 3.221395007424151434e-21 5.860794627401159475e-21
3.084977214290045958e+04 4.120556387760402899e-21 4.879191342437432089e-21
3.086046941468071600e+04 -3.620285532078875168e-21 5.134338763510211059e-21
3.087116665236969493e+04 5.199195687030418569e-21 5.131375280134597295e-21
3.088186385594523017e+04 2.743139579477213164e-21 6.767880991245728905e-21
3.089256102537485276e+04 -6.242338617131274635e-22 6.116408536291035500e-21
3.090325816064062019e+04 1.365352707604743901e-20 5.475002287376192976e-21
3.091395526170801895e+04 1.563022106036914712e-20 5.110861846295661575e-21
3.092465232854853821e+04 1.404633289345386369e-21 5.502447148637084561e-21
3.093534936113819640e+04 1.036447505612597560e-20 5.567709837388219598e-21
3.094604635945502014e+04 5.051027734359284358e-21 9.083402331842691389e-21
3.095674332346868687e+04 -3.177415336980850954e-20 1.316623652325981892e-20
3.096744025315717226e+04 -7.938729210310376763e-21 5.142402196765035701e-21
3.097813714849021198e+04 7.293583224936941504e-21 5.678678425089797456e-21
3.098883400944579262e+04 2.119797877627684932e-21 5.409510673831826877e-21
3.099953083599348611e+04 -1.045366643169645948e-20 5.496718449213375498e-21
3.101022762810934364e+04 1.735338437903151231e-20 5.276309376203424771e-21
3.102092438576946006e+04 2.274846310535719813e-20 6.095818800406315596e-21
3.103162110894568104e+04 1.137406345827334087e-20 6.122781390129675008e-21
3.104231779760984136e+04 -2.938961183037134813e-21 5.818008981416567593e-21
3.105301445173799948e+04 8.940937568972195912e-21 5.791607388600451069e-21
3.106371107130410383e+04 -7.010443550329369629e-21 5.235764319839316564e-21
3.107440765628203008e+04 -9.728339473909823822e-21 5.644237106010525835e-21
3.108510420664783669e+04 3.051357947181127654e-21 6.664360511881078499e-21
3.109580072237356944e+04 9.743445904156402193e-21 5.029180463411899045e-21
3.110649720343118315e+04 -1.109455255751207835e-21 5.375301520042122281e-21
3.111719364979888269e+04 4.550156084461893435e-21 5.865019020097320081e-21
3.112789006144863015e+04 -1.231722447349150136e-20 6.105960732921190470e-21
3.113858643836286137e+04 8.564424168486323167e-21 5.538690992547880038e-21
3.114928278050100562e+04 8.249114903123409446e-21 5.995611692703843643e-21
3.115997908783896855e+04 2.446240644208044151e-20 5.844615903484122907e-21
3.117067536035740704e+04 5.747790805671993662e-21 6.045551107181715636e-21
3.118137159802624956e+04 3.328813832102567314e-21 6.381582886667867161e-21
3.119206780082171099e+04 -1.658747819973803747e-20 5.678805809951869980e-21
3.120276396871793986e+04 -4.044912782168662309e-21 5.648969788896322446e-21
3.121346010168908469e+04 7.115628012477452092e-21 5.973832270214625016e-21
3.122415619971144042e+04 2.255020867069612334e-21 4.819527799747332383e-21
3.123485226275487366e+04 5.807497228032686555e-22 6.046011633722826084e-21
3.124554829079772389e+04 5.968942921860547299e-21 5.742004093778302378e-21
3.125624428381017060e+04 9.376932546304695309e-21 6.866878628815104039e-21
3.126694024176853782e+04 3.584445615639215258e-21 5.395098791629898167e-21
3.127763616464916413e+04 1.542283242638500555e-20 5.246319814900028722e-21
3.128833205242207259e+04 -1.229494466299376675e-21 5.556294356567552104e-21
3.129902790506365636e+04 3.115712771834060258e-20 5.953482423481805427e-21
3.130972372254816946e+04 1.876166946431621600e-20 6.937446043236643149e-21
3.132041950484973859e+04 8.805254116917142028e-21 5.992316590543445177e-21
3.133111525194277419e+04 3.995538524393477277e-21 5.876364991543379165e-21
3.134181096380378585e+04 5.298130664636661632e-21 6.087104303580018424e-21
3.135250664040286574e+04 1.045754620562348560e-21 6.249836980192368542e-21
3.136320228171646158e+04 7.734437251438263180e-21 6.014528284370629947e-21
3.137389788771892927e+04 1.327140034738511147e-20 5.987398269409485361e-21
3.138459345838463196e+04 1.001475484649519886e-20 5.718229306682489073e-21
3.139528899368798011e+04 -5.008662209092068160e-21 5.908169785314564305e-21
3.140598449360311861e+04 -1.772825193807917780e-20 5.864292879793558242e-21
3.141667995810465800e+04 -1.533282778511711085e-20 4.910704781786238161e-21
3.142737538716918061e+04 -4.327663898769846412e-21 6.860519072492972647e-21
3.143807078076684775e+04 4.273256319726785686e-21 6.231226037185045727e-21
3.144876613887424537e+04 -8.202291432686182072e-21 6.057742376215722762e-21
3.145946146146582032e+04 -6.769262597898004201e-21 5.904771000176954230e-21
3.147015674851604126e+04 1.108864099876208044e-20 5.824244271564965214e-21
3.148085199999938777e+04 6.280231718478475499e-21 6.067173702230922437e-21
3.149154721589016845e+04 1.686819593925669408e-20 5.646742076240884104e-21
3.150224239616304112e+04 1.324709868094766239e-20 7.138341482377489698e-21
