1.699199403098824405e+04 1.302282125050585087e-19 1.687144157109870509e-20
1.700262987772664201e+04 1.185472440655370958e-19 1.043668098987910756e-20
1.701326567546991646e+04 1.133607935513580406e-19 1.015106725469544161e-20
1.702390142419946278e+04 1.043375673156508348e-19 9.323857663929005741e-21
1.703453712388316126e+04 1.047593039695310416e-19 9.726379452143037645e-21
1.704517277449427638e+04 1.464832072928429930e-19 9.554268954679312666e-21
1.705580837599776714e+04 1.184039365431683304e-19 9.633682240229200029e-21
1.706644392836688712e+04 1.214104371901027714e-19 9.118783382781812522e-21
1.707707943157488990e+04 1.013103554016224929e-19 9.267588301263127428e-21
1.708771488558671263e+04 1.052373087274142025e-19 8.822333916629008459e-21
1.709835029037281856e+04 1.149626023943590118e-19 8.578853316886341880e-21
1.710898564591478498e+04 1.035083308932421064e-19 9.088863008979246753e-21
1.711962095216921080e+04 1.019240542558665325e-19 9.204592837878626667e-21
1.713025620911210353e+04 1.012043557564882906e-19 9.501022302415635465e-21
1.714089141671655671e+04 1.164951413136855416e-19 9.142103312793194668e-21
1.715152657494762025e+04 1.260660241498787216e-19 9.360843474404754297e-21
1.716216168378409566e+04 1.131459013209224999e-19 9.137002316297256327e-21
1.717279674318252364e+04 1.027812963049768336e-19 8.894742924336533473e-21
1.718343175313283427e+04 1.078191288934736334e-19 9.183800596367791019e-21
1.719406671358319727e+04 8.968058458279483172e-20 9.241862039368361174e-21
1.720470162452075238e+04 1.089798445779388435e-19 9.478872433977327245e-21
1.721533648591594101e+04 1.099898062968292322e-19 8.868635699805972766e-21
1.722597129771690379e+04 5.915997448729296511e-20 9.189000193232457380e-21
1.723660605993030185e+04 9.862811950801107186e-20 1.070154198613418598e-20
1.724724077249856782e+04 1.031336644862184788e-19 9.271708445651541421e-21
1.725787543539495528e+04 1.078890753940233528e-19 9.498415620974685243e-21
1.726851004860668763e+04 1.229751915914753722e-19 9.628649777764172018e-21
1.727914461208742432e+04 7.138228010641335560e-20 9.639025483228923341e-21
1.728977912580758129e+04 7.567412357360056597e-20 1.012333482802461425e-20
1.730041358975432377e+04 1.012775771758539814e-19 9.741183503721518028e-21
1.731104800388126023e+04 7.171302902466136611e-20 9.070696782966412107e-21
1.732168236817280558e+04 1.271393325396381829e-19 1.070719283523947176e-20
1.733231668257691126e+04 1.151712789677963494e-19 1.223801303740895956e-20
1.734295094708921170e+04 1.150855993419596902e-19 1.018708234026221617e-20
1.735358516166313711e+04 9.281223867212740179e-20 9.030136919353748788e-21
1.736421932626911803e+04 7.956399459999580112e-20 8.937147318003672659e-21
1.737485344089725550e+04 1.000458758567221690e-19 8.688259713954988619e-21
1.738548750549543911e+04 1.086439574795536632e-19 8.813734427443973559e-21
1.739612152004808740e+04 1.050843655251723987e-19 9.552849779023014466e-21
1.740675548450869246e+04 1.088273037754261818e-19 9.161754049821651419e-21
1.741738939886728258e+04 1.084474799080985619e-19 1.032955412646959110e-20
1.742802326308860211e+04 1.190174073187902034e-19 9.473546871752687309e-21
1.743865707713736629e+04 9.693045756123753118e-20 9.582118176124333995e-21
1.744929084098385283e+04 1.428200509843338133e-19 1.033346172529008153e-20
1.745992455460679048e+04 1.132808227628280159e-19 9.578311166189449335e-21
1.747055821797099634e+04 1.075346112181379213e-19 9.471825463948361882e-21
1.748119183103550677e+04 1.019305366952265310e-19 9.194330052125381546e-21
1.749182539379042646e+04 1.096441610654656590e-19 8.936531472464877328e-21
1.750245890620040518e+04 1.026004576250353983e-19 8.200272866167713888e-21
1.751309236823011815e+04 9.347255855364199511e-20 8.587012883406518448e-21
1.752372577984987583e+04 7.044316296060859541e-20 9.368558664319598233e-21
1.753435914103846153e+04 9.733982565624654465e-20 9.450982346607737480e-21
1.754499245176332988e+04 1.077821907325401220e-19 9.322275137919563809e-21
1.755562571198898513e+04 1.093004636829179475e-19 8.853978785569785951e-21
1.756625892168302380e+04 9.659136570942579935e-20 8.664102366674573784e-21
1.757689208082141704e+04 1.069616928218081756e-19 8.385639990783973871e-21
1.758752518938863432e+04 1.024569930321134110e-19 8.507717786139574398e-21
1.759815824732089459e+04 9.103091129894094714e-20 8.813670597592183611e-21
1.760879125462821321e+04 1.090779992805292090e-19 9.364237807733752333e-21
1.761942421124107204e+04 9.708214346661014811e-20 8.982057125053118364e-21
1.763005711716954465e+04 1.041731456926734472e-19 8.194351037405700895e-21
1.764068997234401104e+04 8.794468829701540120e-20 8.576893540499100096e-21
1.765132277677447928e+04 9.206731743598456875e-20 9.818095261473394704e-21
1.766195553039148217e+04 9.131608221081930314e-20 9.041063605639999832e-21
1.767258823321083401e+04 9.953569590260564168e-20 8.331548138745523201e-21
1.768322088514577990e+04 1.091020609547028240e-19 8.536773253009162789e-21
1.769385348622926176e+04 1.291602999817962263e-19 7.824634063604637310e-21
1.770448603637447377e+04 1.233516902482858739e-19 8.479634736163598555e-21
1.771511853559727024e+04 1.015970082135487491e-19 8.575588777010037506e-21
1.772575098383363002e+04 1.079455984147628446e-19 9.148872015451493057e-21
1.773638338108625976e+04 1.130458196719059004e-19 8.533925615884206777e-21
1.774701578431500093e+04 1.045263751704897767e-19 8.927172310212823011e-21
1.775764831394203065e+04 1.000441989428057993e-19 8.321407884115786221e-21
1.776828079246954439e+04 1.126073015549920536e-19 7.588139389847666387e-21
1.777891321988109485e+04 1.012559896768464724e-19 8.962885231309025443e-21
1.778954559612967205e+04 9.947247075415359935e-20 8.336103965886751941e-21
1.780017792121412276e+04 9.577869469525293759e-20 8.089290589332939392e-21
1.781081019505874065e+04 9.011400808299970592e-20 8.260362834622823374e-21
1.782144241767944186e+04 9.389212545422030206e-20 8.596186221214073202e-21
1.783207458900627898e+04 1.031901689294368965e-19 8.270540177577305492e-21
1.784270670905540101e+04 1.058532703052645110e-19 8.523337892108264541e-21
1.785333877775965448e+04 9.666627810433135509e-20 8.580728368497682824e-21
1.786397079509777177e+04 9.300580016772276842e-20 7.513021955848019747e-21
1.787460276105139201e+04 1.115925455326427907e-19 8.042656604665130583e-21
1.788523467556764081e+04 1.216500547233609635e-19 8.037668582168170742e-21
1.789586653864251639e+04 1.019475635647012348e-19 7.702970279592265403e-21
1.790649835022300249e+04 1.122671755275854718e-19 8.764217602424153345e-21
1.791713011030517373e+04 8.425007380198855636e-20 8.276682891279818571e-21
1.792776181883041136e+04 1.099415507725795647e-19 8.457279119977721638e-21
1.793839347580342292e+04 1.054460495080729337e-19 8.042933454891868920e-21
1.794902508115680030e+04 1.261188433248766702e-19 8.105254746611656261e-21
1.795965663488659993e+04 7.109897560690670038e-20 7.676943476141393795e-21
1.797028813695134522e+04 8.208411138948057896e-20 8.254488312206726507e-21
1.798091958732113926e+04 1.128073835823725681e-19 8.891771969458760190e-21
1.799155098597450706e+04 1.044381762789640567e-19 7.638476512225086367e-21
1.800218233287012845e+04 8.877415680349066017e-20 7.607571464854879469e-21
1.801281362799256385e+04 9.163967150560907593e-20 7.598883948806893262e-21
1.802344487129739719e+04 9.846519491539059376e-20 7.985388007570921045e-21
1.803407606275756189e+04 1.134820531861429710e-19 8.655439309379816590e-21
1.804470720235758563e+04 9.349197238923205412e-20 7.589726647088129590e-21
1.805533829003561914e+04 9.196456196090306657e-20 8.020642191989482310e-21
1.806596932580800785e+04 1.004000911813928797e-19 8.417711586647771861e-21
1.807660030960119911e+04 1.236865245471708408e-19 8.373415567217220106e-21
1.808723124140688742e+04 1.211022781263465186e-19 8.545426150130406615e-21
1.809765256580529240e+04 9.920901548890869772e-20 8.404460873098548649e-21
1.810828337331685907e+04 9.969189032518418850e-20 7.616451638743308452e-21
1.811891412865382881e+04 1.121214111903232588e-19 8.730224712567664548e-21
1.812954483187631922e+04 9.346551596928400906e-20 7.571992678106442347e-21
1.814017548295698725e+04 9.407557289374730449e-20 8.013794831268848829e-21
1.815080608187122562e+04 9.071463921335541822e-20 8.097203177386867104e-21
1.816143662856951414e+04 1.058835594128223229e-19 8.049813272034299721e-21
1.817206712304719986e+04 8.475245062922041770e-20 7.988930052086661021e-21
1.818269756526296260e+04 1.034659380915044352e-19 8.088664047616865908e-21
1.819332795517544946e+04 8.529454853663603961e-20 7.241789500883944648e-21
1.820395829278002202e+04 1.022002320584694514e-19 8.071271187263091860e-21
1.821458857802682905e+04 9.392795285024861886e-20 8.291772972677210112e-21
1.822521881088565351e+04 1.156229666101675524e-19 8.380075300266422602e-21
1.823584899134635998e+04 8.951911389997208912e-20 7.680406534106497660e-21
1.824647911935347292e+04 1.055358424445843801e-19 8.586298773230034027e-21
1.825710919489101798e+04 9.224938909462616775e-20 7.740362703663526476e-21
1.826773921793455520e+04 1.130316107192648396e-19 7.898014533101734010e-21
1.827836918843124295e+04 9.853870068088127029e-20 7.676770512834870719e-21
1.828899910636802088e+04 1.048931003301067343e-19 7.553702351371118335e-21
1.829962897172324665e+04 9.452662573719209025e-20 7.872885348851431108e-21
1.831025878444977934e+04 7.199352703165345678e-20 7.551512864925105409e-21
1.832088854451470615e+04 7.706896867409779101e-20 7.807151593453209502e-21
1.833151825191066018e+04 1.149929800078598621e-19 7.535376819545886201e-21
1.834214790658756101e+04 1.711387661130163438e-19 8.777463079714865549e-21
1.835277750851240125e+04 1.180042089910116400e-19 7.506927390664218996e-21
1.836340705767777035e+04 7.268606096305780335e-20 7.001656874225332865e-21
1.837403655403340963e+04 8.856980775764981690e-20 6.990403424989037636e-21
1.838466599754650451e+04 7.424103671381106585e-20 7.404045025223188695e-21
1.839529538820975722e+04 8.212646012354143795e-20 7.303611567952868274e-21
1.840592472597870801e+04 9.776566663758639874e-20 7.655449587299876350e-21
1.841655401081442687e+04 9.927039492985302895e-20 8.075454673682420784e-21
1.842718324269252480e+04 9.927940191354247063e-20 7.632232231308038149e-21
1.843781242159700196e+04 9.986658181207658868e-20 7.184078188634769912e-21
1.844844154748049186e+04 8.304958646476256118e-20 7.218609184556952602e-21
1.845907062031574242e+04 1.077712989916698382e-19 7.913776179773100146e-21
1.846969964008395254e+04 8.956714544183827384e-20 7.044768249053956752e-21
1.848032860674057520e+04 8.850134994786392958e-20 7.241907088991313470e-21
1.849095752025535330e+04 1.116339918161730049e-19 7.962500009620576306e-21
1.850158638061523743e+04 9.985776149597562604e-20 7.439280822897936632e-21
1.851221518777266829e+04 9.315645942361389427e-20 7.352860243840561967e-21
1.852284394170602900e+04 8.362407383915605320e-20 6.920220289800034832e-21
1.853347264238223579e+04 9.574048533064744953e-20 7.511663648647985307e-21
1.854410128976532360e+04 9.504621353688907698e-20 7.665317162285476006e-21
1.855472988383933625e+04 9.971459106916716023e-20 7.324319548556561456e-21
1.856535842456538739e+04 1.139977126577681219e-19 7.239472440662197436e-21
1.857598691190720638e+04 1.102322872870670046e-19 7.131787543995623380e-21
1.858661534584020774e+04 9.571386678481021512e-20 7.003617840974099548e-21
1.859724372633435632e+04 8.037428272473184987e-20 7.316018709999542846e-21
1.860787205336507395e+04 9.851056927859042461e-20 7.364936744979755144e-21
1.861850032689621366e+04 8.652175484859622842e-20 7.137352938874336895e-21
1.862912854689160304e+04 8.348917931912402277e-20 7.287959737540880427e-21
1.863975671332666752e+04 9.164541668654716662e-20 7.385197528586942856e-21
1.865038482617666887e+04 8.760939533844467591e-20 7.343961589663383503e-21
1.866101288539995949e+04 8.651877178702911288e-20 7.102627081173650172e-21
1.867164089097761826e+04 9.309528504934265778e-20 7.590926678796429622e-21
1.868226884286783024e+04 8.657189729140886449e-20 7.170914218790007960e-21
1.869289674105168524e+04 9.157232995874126221e-20 6.690864907869871436e-21
1.870352458549300354e+04 7.748683359014423585e-20 6.752089166206513758e-21
1.871415237615540536e+04 8.046394523778151707e-20 7.003278348754860269e-21
1.872478011302021332e+04 9.405293420056195480e-20 7.013060003122541732e-21
1.873540779605132411e+04 8.948979045962927301e-20 7.116353807976456995e-21
1.874603542521537747e+04 9.229176957200753895e-20 7.095243518196551932e-21
1.875666300048764606e+04 1.034471538936806570e-19 7.474113201343912345e-21
1.876729052182908345e+04 8.377989044049723175e-20 6.646028337590972018e-21
1.877791798922061207e+04 7.674714269051355445e-20 6.265458405903186869e-21
1.878854540262617957e+04 9.131393801397312328e-20 6.997079688652816170e-21
1.879917276201533969e+04 8.094363045649245120e-20 6.936099859101266615e-21
1.880980006735758434e+04 9.993941080306474446e-20 6.950567655891192031e-21
1.882042731861949142e+04 1.049356408429156729e-19 7.146870786395766272e-21
1.883105451577355052e+04 9.436481885056294488e-20 6.987083323574944262e-21
1.884168165879489243e+04 9.147031421576918749e-20 7.119164381560814836e-21
1.885230874764733016e+04 7.641815932878759280e-20 7.835265931328890949e-21
1.886293578229745253e+04 8.230413162644851208e-20 7.292045073491967852e-21
1.887356276271762908e+04 1.016359737044549675e-19 6.788875624686031205e-21
1.888418968887735173e+04 1.085669002421494536e-19 7.351403505644323042e-21
1.889481656074608691e+04 1.076977168677640081e-19 7.118763521005975741e-21
1.890544337829591313e+04 1.122005903609707285e-19 7.083719642630110279e-21
1.891607014148483722e+04 8.792882325799694502e-20 7.462392878661630490e-21
1.892669685040116383e+04 1.097601481731556921e-19 6.989586134033531921e-21
1.893732351509317959e+04 7.495817057257430251e-20 7.002952738088533291e-21
1.894773892318143044e+04 9.957358310817463794e-20 7.124495660015948032e-21
1.895836544832617801e+04 5.893050883778551490e-20 7.467465340948927218e-21
1.896899191895631157e+04 8.762381414879845758e-20 6.448726339219753897e-21
1.897961833505951654e+04 7.478813491559415268e-20 6.923526786085226808e-21
1.899024469659915121e+04 9.122577682403800392e-20 6.752624553473318777e-21
1.900087100353854476e+04 9.893574679743001496e-20 6.441868483882149334e-21
1.901149725584705084e+04 9.593865075275315594e-20 6.799111932367973579e-21
1.902212345349989482e+04 9.416174354805296805e-20 7.021168448819027046e-21
1.903274959646344723e+04 8.861729358159413100e-20 7.059316138718536929e-21
1.904337568470417682e+04 1.029729704602444888e-19 7.287919636230704122e-21
1.905400171819743264e+04 1.106551736766619317e-19 6.907617503129888096e-21
1.906462769691251742e+04 8.696309281942289523e-20 6.930572169998649401e-21
1.907525362080969353e+04 9.580060049059093436e-20 6.314302030556086889e-21
1.908587948986098490e+04 1.110167763631159830e-19 6.910219947787374639e-21
1.909650530405109384e+04 9.821481376876474357e-20 6.979841633443789688e-21
1.910713106332511961e+04 9.762281912652898325e-20 6.833973571422834552e-21
1.911775676767654295e+04 8.127879491023589504e-20 7.397869965991748796e-21
1.912838241705644396e+04 8.665286336103349382e-20 7.437579827126505515e-21
1.913900801144609795e+04 1.180495697617511064e-19 6.886063349957097146e-21
1.914963355079649045e+04 9.341695954903739569e-20 7.165627701071313261e-21
1.916025903510132048e+04 8.625312583179579546e-20 6.835225538813240974e-21
1.917088446431160628e+04 9.094598401470957702e-20 6.684478911631929931e-21
1.918150983840263143e+04 1.134558544454441369e-19 6.685229762691575756e-21
1.919213515734968678e+04 1.095927910003092696e-19 6.831373708103256088e-21
1.920276042110953131e+04 9.067040808737174204e-20 7.022595834069697773e-21
1.921338562965769233e+04 9.250851259986191916e-20 7.719493692974936831e-21
1.922401078296339620e+04 8.672163288157531607e-20 6.889028943159715677e-21
1.923463588100190464e+04 9.311262244189700555e-20 6.970001388311778128e-21
1.924526092373016945e+04 8.298772403296721278e-20 6.601430650603835122e-21
1.925588591112940776e+04 9.237870986149194692e-20 7.333440916377258381e-21
1.926651084315044500e+04 1.102858120495431091e-19 7.252366895350438438e-21
1.927713571978702021e+04 1.030319207143003951e-19 7.086331193184209279e-21
1.928776054098992972e+04 8.010287083906967007e-20 6.995001929973477540e-21
1.929838530674048525e+04 8.521655543770244246e-20 6.691015186163172086e-21
1.930901001700164852e+04 8.802572322809248433e-20 6.498278310404008763e-21
1.931963467173618483e+04 8.856392373077331891e-20 6.838977248062827780e-21
1.933025927092569691e+04 9.191566593172982250e-20 6.962584991207196568e-21
1.934088381453316470e+04 1.016546841950704783e-19 6.729753995479110616e-21
1.935150830252761443e+04 9.708783204089702878e-20 6.866360378607732190e-21
1.936213273487198967e+04 9.459643250548460395e-20 6.428384014888658247e-21
1.937275711154732562e+04 7.908043145661585176e-20 6.841259461177336141e-21
1.938338143251676593e+04 8.297109751892715784e-20 6.761518584218682317e-21
1.939400569774942414e+04 1.125465583995786516e-19 6.473428929541982661e-21
1.940462990721427559e+04 9.928219889553490347e-20 7.063476933863467747e-21
1.941525406086806106e+04 7.743607973418094003e-20 6.037727725020716008e-21
1.942587815870410486e+04 9.013913056446617320e-20 6.589195921182424037e-21
1.943650220067926784e+04 9.814557868071685433e-20 6.587729405893747087e-21
1.944712618676265265e+04 7.983702395174908474e-20 6.406651824862561889e-21
1.945775011692318367e+04 8.186976329622297737e-20 6.637229967499244437e-21
1.946837399112985804e+04 9.338282036774008061e-20 6.456579893308036261e-21
1.947899780935141098e+04 9.141638887037022519e-20 6.512962847492228059e-21
1.948962157155068053e+04 9.896664843496396775e-20 6.548697034253038547e-21
1.950024527770909845e+04 7.028594749212972164e-20 6.854692680573379672e-21
1.951086892778939364e+04 9.298295111527846339e-20 6.209317798532296109e-21
1.952149252176047230e+04 8.753154220921008449e-20 6.821241955243918043e-21
1.953211605959108056e+04 8.365400125234950576e-20 6.606051487009350364e-21
1.954273954125010641e+04 9.374361509840372308e-20 6.496531785599469775e-21
1.955336296671279706e+04 8.156604922670277741e-20 6.015138921364758785e-21
1.956398633593566410e+04 8.066557068522123714e-20 6.202953215808005580e-21
1.957460964889372190e+04 9.250340102004953352e-20 6.135805591784978767e-21
1.958523290555566564e+04 8.011774517937540588e-20 6.481193134414494959e-21
1.959585610589034695e+04 8.353479621179680354e-20 6.230369068218759886e-21
1.960647924986676662e+04 9.575418282817571714e-20 6.074703178676496391e-21
1.961710233745993901e+04 1.068335597431201945e-19 6.394166790424743493e-21
1.962772536862626657e+04 1.072509204998151985e-19 6.440274421173021849e-21
1.963834834334057814e+04 1.079568946555023646e-19 6.469376295660982417e-21
1.964897126157168896e+04 9.554403985645481275e-20 6.483009230414734194e-21
1.965959412329475526e+04 8.529376148088757396e-20 6.166881644785333994e-21
1.967021692846611404e+04 8.706959540185573395e-20 6.267832075987239582e-21
1.968083967706072144e+04 9.204338240444824227e-20 6.327557988622557034e-21
1.969146236905333717e+04 7.763710310844440306e-20 6.182463175187048720e-21
1.970208500440657008e+04 7.393643966675465252e-20 6.116721103811564332e-21
1.971270758308309087e+04 8.949755789532059789e-20 5.543651379949195276e-21
1.972333010505781203e+04 7.789668058954822341e-20 5.950841684360793879e-21
1.973395257029939239e+04 7.743212265607643469e-20 6.410486178015056511e-21
1.974457497878875438e+04 8.370815031166656111e-20 5.872934910571557115e-21
1.975519733046988767e+04 8.514405179226713643e-20 5.846755722469326738e-21
1.976581962533643309e+04 8.140494771686511493e-20 5.951204460833239640e-21
1.977644186333215112e+04 9.308528142493350140e-20 5.736674791483981571e-21
1.978706404443811698e+04 9.141939629215177398e-20 6.287172294390647159e-21
1.979768616862262934e+04 8.719460628711616136e-20 6.093562222968336059e-21
1.980830823586093902e+04 6.688859402129600260e-20 5.919899652245237129e-21
1.981893024611544024e+04 8.728732011872222187e-20 5.956834030313775792e-21
1.982955219934845081e+04 8.539455900794345155e-20 6.356733979027266575e-21
1.984017409554722690e+04 8.370067800342205798e-20 5.901132598252854549e-21
1.985079593465519429e+04 7.874879706781255025e-20 5.850941013006006187e-21
1.986141771665997658e+04 7.409743654154535462e-20 5.887444497311670270e-21
1.987203944152386612e+04 7.435543308133443303e-20 6.010268403896019305e-21
1.988266110921540530e+04 6.832812630196606196e-20 5.886032642527673028e-21
1.989328271969667185e+04 8.951713025924542882e-20 5.975443026767302565e-21
1.990390427294877372e+04 7.308001818055879100e-20 5.711894120793382508e-21
1.991452576893415971e+04 7.217258973175437276e-20 6.158913631974417549e-21
1.992514720762131037e+04 6.466086492353152460e-20 5.916009148270296937e-21
1.993576858898497812e+04 8.620715312416040798e-20 6.062519866333527626e-21
1.994638991297452594e+04 9.009712764641617288e-20 6.156569109769629990e-21
1.995701117957756287e+04 8.124202903763479181e-20 5.795835926680403225e-21
1.996763238875630850e+04 8.614759719894678832e-20 5.904535271343237503e-21
1.997825354048547160e+04 7.738456655038512742e-20 5.838890595569411771e-21
1.998887463472083255e+04 8.114091603829901511e-20 5.741949420560948055e-21
1.999949567143696549e+04 7.475318581207890818e-20 6.045034121158428330e-21
2.001011665060255837e+04 7.051985962161405337e-20 5.760276439573697506e-21
2.002073757218601531e+04 7.818348255427143298e-20 5.585369721817552939e-21
2.003135843615572230e+04 9.438893418506539003e-20 5.813967310191907126e-21
2.004197924248605705e+04 9.399519691806870044e-20 5.675355740603930174e-21
2.005259999112676815e+04 1.013760766949671266e-19 5.792913592049987761e-21
2.006322068207145639e+04 9.328332987173609574e-20 5.746296044578250870e-21
2.007384131527586942e+04 6.728736585039342818e-20 5.644725806956073864e-21
2.008446189070638138e+04 8.078429801568648590e-20 5.950756058965345605e-21
2.009508242915996379e+04 7.906807653085414567e-20 5.877195476683928089e-21
2.010570333710841442e+04 7.033703474651991585e-20 5.632335888410934469e-21
2.011632418718257031e+04 8.732417321858139645e-20 5.410184598621436071e-21
2.012694497936332482e+04 6.638978619307413174e-20 5.348334342514352085e-21
2.013756571358709698e+04 7.206132630241125877e-20 5.633616822592005169e-21
2.014818638985395592e+04 7.199253454640810879e-20 5.916951273618626296e-21
2.015880700811962379e+04 9.166637220641318907e-20 6.070508318418643947e-21
2.016942756834598185e+04 7.289491618487642764e-20 5.620490431336779697e-21
2.018004807052010437e+04 7.800892992370452194e-20 5.974992951359584623e-21
2.019066851457847952e+04 7.258051204883500218e-20 5.988669290605977958e-21
2.020128890052121642e+04 7.599071479318912311e-20 5.880569180459301798e-21
2.021190922830383352e+04 7.999661907446449163e-20 6.058972819818497774e-21
2.022252949788814658e+04 7.908823584439161344e-20 5.578639335006723536e-21
2.023314970926099704e+04 7.641538646124907581e-20 5.985900080285398302e-21
2.024376986235922959e+04 7.803468369020111267e-20 6.025205125492553939e-21
2.025438995718268416e+04 6.862801364524262428e-20 5.560109570178678597e-21
2.026500999368679913e+04 7.842741343272879708e-20 6.045329609549477501e-21
2.027562997183946572e+04 5.554442134292472379e-20 5.552723724706828802e-21
2.028624989161523990e+04 7.997030147045640053e-20 5.693863717246358470e-21
2.029686975296334640e+04 6.210640834407481636e-20 6.213312624585428851e-21
2.030748955586454031e+04 7.247707790258226628e-20 5.577527172245263606e-21
2.031810930029947122e+04 8.404569279371169554e-20 5.691475521573642092e-21
2.032872898621064451e+04 7.411770641521081398e-20 5.716280893812536947e-21
2.033934861358548005e+04 7.841631988804987652e-20 5.562821477965280233e-21
2.034996818239200365e+04 9.409833753417073439e-20 6.286843070318703364e-21
2.036058769258548637e+04 8.076640466617758151e-20 6.245756612965063602e-21
2.037120714413356473e+04 6.907157703466751828e-20 5.516311270094621145e-21
2.038182653702375683e+04 6.839908589439348348e-20 5.489733645118593762e-21
2.039244587119856806e+04 9.482744370180812679e-20 5.964015936630572715e-21
2.040306514665142822e+04 6.974055092257252571e-20 5.756679750825997829e-21
2.041368436333088175e+04 8.140467986596333358e-20 6.225735883454000745e-21
2.042430352121151373e+04 7.493888220822477776e-20 5.632845420525497749e-21
2.043492262026134267e+04 8.691539090993173528e-20 5.938525749841236136e-21
2.044554166045463717e+04 6.733476152408065170e-20 5.814291571293007003e-21
2.045616064174633357e+04 7.148539016356372074e-20 5.669540622560157991e-21
2.046677956411079867e+04 8.336883945387362881e-20 6.501444358623149617e-21
2.047739842751608376e+04 7.322122141666149085e-20 5.900851478673609346e-21
2.048801723193644648e+04 7.129765692894600928e-20 5.748100642569641762e-21
2.049863597732679409e+04 6.345639406587471780e-20 5.443574746546018824e-21
2.050925466366130786e+04 5.653716226331817209e-20 5.862448720258340591e-21
2.051987329091448919e+04 7.086767757511554592e-20 5.716446082307857000e-21
2.053049185904134356e+04 1.631961221769655711e-19 6.741755021890762594e-21
2.054111036801593218e+04 2.980162280622677829e-19 7.804466692526640784e-21
2.055172881781232354e+04 2.160500394043760045e-19 6.891014853044345535e-21
2.056234720838580324e+04 8.044667927915256744e-20 5.390056695097592301e-21
2.057296553971694811e+04 6.828143680941108107e-20 5.389336091021871352e-21
2.058358381176058901e+04 7.915837452042220595e-20 5.752258124153409283e-21
2.059420202449706267e+04 9.728653962700381647e-20 6.043434456175227011e-21
2.060482017788165467e+04 7.185352399514537496e-20 5.419399020347150970e-21
2.061543827189487638e+04 7.082857871587167430e-20 5.408795546509325906e-21
2.062605630649795057e+04 8.812997136568266951e-20 5.788416202165155455e-21
2.063667428165187448e+04 8.243569093453342569e-20 5.722402684688166910e-21
2.064729219733755963e+04 7.790736492738885525e-20 5.947985123578387367e-21
2.065791005351622152e+04 7.459228601607989659e-20 5.654571503846802498e-21
2.066852785014905385e+04 8.221638931105520315e-20 5.321860987822786442e-21
2.067914558722263246e+04 7.068268483225186868e-20 5.346801947075985473e-21
2.068976326467930994e+04 7.722011178220109979e-20 5.620967339771972312e-21
2.070038088251238878e+04 7.343168011333840490e-20 5.430600047683456910e-21
2.071099844066369769e+04 7.732024096491054988e-20 5.903123543396962258e-21
2.072161593912621174e+04 7.841248150052129367e-20 5.499927513764262537e-21
2.073223337784221440e+04 6.002710009253433481e-20 4.953880774212197019e-21
2.074285075679852889e+04 8.850616167440374505e-20 5.063307124483149235e-21
2.075346807595622522e+04 7.439865819013257862e-20 5.411307540038451281e-21
2.076408533528249973e+04 7.010556574592433608e-20 4.975752458183827911e-21
2.077470253474532728e+04 5.486006478390982757e-20 5.222594066783922964e-21
2.078531967430570512e+04 6.682325639247323660e-20 5.096512954246708508e-21
2.079593675395041646e+04 6.766412554428245986e-20 5.400011944211405141e-21
2.080655377362732906e+04 7.182646406097947724e-20 5.605027969144148652e-21
2.081717073331072970e+04 7.463093948010447598e-20 5.537462434925908884e-21
2.082778763296160469e+04 7.746292916076465072e-20 5.530606071932592352e-21
2.083840447256666448e+04 6.335602809995731387e-20 5.129654501192497649e-21
2.084902125208021243e+04 6.353863322329767080e-20 5.356216042979361121e-21
2.085963797146355137e+04 7.537488577425347992e-20 5.216447560482782722e-21
2.087025463069052421e+04 7.333291424381487211e-20 5.305150308455308538e-21
2.088087122972894940e+04 8.682888962939176308e-20 5.721784923531923650e-21
2.089127280487838289e+04 7.909157523092004332e-20 5.542543930563861087e-21
2.090188926310048191e+04 7.762497460448570021e-20 5.379608846536176532e-21
2.091250566092920417e+04 7.673589884238549082e-20 5.292949478788647496e-21
2.092312199843112830e+04 8.209110228309126667e-20 5.997247485812265227e-21
2.093373827558613266e+04 9.401063771345959821e-20 6.138549444152287888e-21
2.094435449234925545e+04 1.793687907174342390e-19 6.384411958456743694e-21
2.095497064870017857e+04 3.014398583018609133e-19 7.665877033624498284e-21
2.096558674459337271e+04 1.994023137924374688e-19 6.915988933605122054e-21
2.097620278000264807e+04 8.979347614227387326e-20 5.776513209897879176e-21
2.098681875490168750e+04 7.763557903074106840e-20 5.169554277721795042e-21
2.099743466925134271e+04 6.458868031196435914e-20 5.232107772407312683e-21
2.100805052301217802e+04 6.014073816799307782e-20 5.237714382854115139e-21
2.101866631616440282e+04 7.128829247685068782e-20 5.440167065826851261e-21
2.102928204866896704e+04 6.198720271533262484e-20 5.339126245335534829e-21
2.103989772049288877e+04 7.657504203771948546e-20 5.341991994460411354e-21
2.105051333160295326e+04 7.103305703960286665e-20 5.369113278897387174e-21
2.106112888195426058e+04 7.635193247670147985e-20 5.200172216197148545e-21
2.107174437154542829e+04 7.515334267918033462e-20 5.202401659351843068e-21
2.108235980031817962e+04 7.104061039256862272e-20 5.023033412031475717e-21
2.109297516823947808e+04 6.261651737260199791e-20 5.205082430848344554e-21
2.110359047528935480e+04 7.874555938289408697e-20 4.975751596004718959e-21
2.111420572142862875e+04 7.521579506196524891e-20 4.949955785334813938e-21
2.112482090662398332e+04 7.936085647835716856e-20 5.459720142318729150e-21
2.113543603084269489e+04 1.333558257276887278e-19 6.249511975157704870e-21
2.114605109405185067e+04 3.381291379313355017e-19 8.118120922059654657e-21
2.115666609621215321e+04 7.625514667836462727e-19 1.071623679418751758e-20
2.116728103730300791e+04 5.278065785233254395e-19 9.195972854383005182e-21
2.117789591729178574e+04 1.733695333868303950e-19 6.670104765574385074e-21
2.118851073613275003e+04 9.361113960948821172e-20 5.412097037606582405e-21
2.119912549379905249e+04 7.224596965837429241e-20 5.273970974958725925e-21
2.120974019026382666e+04 7.272032579694391254e-20 5.056520029343467271e-21
2.122035482548165601e+04 8.247168692308705691e-20 5.242348387421479593e-21
2.123096939942565950e+04 8.294669838515524482e-20 5.334711884168249078e-21
2.124158391205635780e+04 7.791270754956794236e-20 4.990790182585855459e-21
2.125219836336600565e+04 7.614929879420234048e-20 5.524607655787672272e-21
2.126281275328373158e+04 9.922552970204422059e-20 5.639242235415248125e-21
2.127342708180785121e+04 9.642646201280881945e-20 5.429230672151445071e-21
2.128404134888599583e+04 7.534094092231397187e-20 5.479207089618183511e-21
2.129465555449161184e+04 6.441758212306651975e-20 5.252656642865336602e-21
2.130526969859160818e+04 7.228039798201686260e-20 5.061844345141193800e-21
2.131588378115278101e+04 6.522510490914948556e-20 5.118766160639101038e-21
2.132649780216060390e+04 7.373409495358068688e-20 5.082171668224735057e-21
2.133711176153151609e+04 7.220872085038943589e-20 5.336854025453435898e-21
2.134772565928918993e+04 7.335111173018069643e-20 5.114670907405764968e-21
2.135833949536223008e+04 7.813069164010580440e-20 4.987090128709314310e-21
2.136895326984118583e+04 7.137333918480427218e-20 4.961489845770826446e-21
2.137956699242248214e+04 7.266753829770318052e-20 5.108726025300701594e-21
2.138996470755066548e+04 7.467038200018976875e-20 5.324086116979743041e-21
2.140057827611977700e+04 6.793251150994964519e-20 4.887995586155165712e-21
2.141119178284982263e+04 6.991206545474698200e-20 5.036718780679019991e-21
2.142180522770084644e+04 7.675099438847551976e-20 5.003024865069346039e-21
2.143241861065228659e+04 5.797654827524022995e-20 5.054382785587695002e-21
2.144303193166449637e+04 6.503292759775270221e-20 5.059205021662783046e-21
2.145364519069099697e+04 6.251161058510674883e-20 5.475767312796417833e-21
2.146425838773116993e+04 7.279856166226097986e-20 5.413268973260563368e-21
2.147487152273163156e+04 8.134178013649757478e-20 5.016592964592921889e-21
2.148548459563954020e+04 6.746838718325526689e-20 4.910044839457308352e-21
2.149609760646754876e+04 8.005441282660677386e-20 5.240934706724784381e-21
2.150671055513570172e+04 7.424781893720709094e-20 5.676450451574508810e-21
2.151732344163056769e+04 7.686401922553860390e-20 5.064307554264407902e-21
2.152793626592533838e+04 7.100466401941785778e-20 4.993623588409810450e-21
2.153854902798636977e+04 6.526612689145298135e-20 4.913411926853185927e-21
2.154916172776012536e+04 6.791810433796135165e-20 5.123647309043490240e-21
2.155977436523984215e+04 8.591295026246330725e-20 5.191071463916996881e-21
2.157038694037212917e+04 7.483854204409197419e-20 5.000918791919059349e-21
2.158099945312962518e+04 8.134902349539391112e-20 5.130984607535715299e-21
2.159161190347245065e+04 6.924839104409611738e-20 4.892464603017144456e-21
2.160222429139354790e+04 7.362788345665246509e-20 5.044776541585432691e-21
2.161283661682601814e+04 7.253645693471480608e-20 5.347959102352326707e-21
2.162344887974272206e+04 6.960848821887056382e-20 5.174946546118120477e-21
2.163406108013683479e+04 7.914896189384872193e-20 4.875017173292789128e-21
2.164467321793490555e+04 7.327127676095534825e-20 4.972062572916595219e-21
2.165528529312270985e+04 7.682131179886955435e-20 4.886285782551876459e-21
2.166589730568685263e+04 7.197277997990929658e-20 4.916488194409337863e-21
2.167650925556048605e+04 5.453151153282861683e-20 4.714907281445355381e-21
2.168712114271627070e+04 7.349792115900877265e-20 5.364149866539806533e-21
2.169773296715365359e+04 6.867588200048146754e-20 5.197653423930154530e-21
2.170834472878604720e+04 6.432086158582472436e-20 5.255853579699225414e-21
2.171895642759949260e+04 6.612030612022871381e-20 5.074828874589405758e-21
2.172956806360628980e+04 6.461565056990791277e-20 4.946567709831162929e-21
2.174017963670007521e+04 6.933619565953621934e-20 4.792072325389700634e-21
2.175079114690012284e+04 7.526922364434683428e-20 4.679897413448457529e-21
2.176140259413903550e+04 7.430795513601596883e-20 5.017773305471088943e-21
2.177201397838980120e+04 6.303485765645689977e-20 4.796887583457146338e-21
2.178262529964531495e+04 6.428464233502520826e-20 4.646090909934230281e-21
2.179323655783821960e+04 6.854542810079442953e-20 5.089445392103553708e-21
2.180384775294114297e+04 7.829209170200343132e-20 5.020205104044808602e-21
2.181445888495380132e+04 6.837981564745128116e-20 5.289613781779158346e-21
2.182506995380225999e+04 5.640816095447985739e-20 5.027945652455917203e-21
2.183568095945207097e+04 6.665853334332548956e-20 5.141574683871600537e-21
2.184629190190980444e+04 5.658038812494758754e-20 4.885525538034450183e-21
2.185690278108810162e+04 8.554731803905822506e-20 5.012682352355622826e-21
2.186751359699263048e+04 6.128133085753484352e-20 5.164631608340428214e-21
2.187812434958291851e+04 7.820310742588084272e-20 4.727117613824357011e-21
2.188873503879172131e+04 7.051748457017684994e-20 4.774707426128232691e-21
2.189934566465149328e+04 6.271380862691248401e-20 4.834734517230970701e-21
2.190995622706136783e+04 6.880613215304820203e-20 4.729032162722566336e-21
2.192056672601426908e+04 5.581976581043663905e-20 4.414234701760640481e-21
2.193117716149605258e+04 6.249682719865279419e-20 4.861069349275468358e-21
2.194178753342545679e+04 5.738233491430489959e-20 4.630317559980961167e-21
2.195239784181560390e+04 6.350551065012079638e-20 4.702185350235532830e-21
2.196300808660557595e+04 6.618380601218124670e-20 4.684433418096360402e-21
2.197361826775411464e+04 6.959416973222910154e-20 5.079903193752154122e-21
2.198422838527423301e+04 5.922777287992081821e-20 4.716388972596334335e-21
2.199483843907157279e+04 7.519257317150244627e-20 5.004723470687424928e-21
2.200544842914507535e+04 6.053695821651384088e-20 4.572906051921398522e-21
2.201605835546062735e+04 5.117082743788810234e-20 4.230112619578481313e-21
2.202666821795740907e+04 6.808962671542172809e-20 5.066513534402007615e-21
2.203727801666127561e+04 6.404164063683613565e-20 4.492616315530473117e-21
2.204788775146405169e+04 5.172800561068034632e-20 4.967663171709214058e-21
2.205849742237203827e+04 6.183368652005528515e-20 4.841295015257362750e-21
2.206910702935084191e+04 7.415141883702900371e-20 5.224411309882658344e-21
2.207971657233887527e+04 5.787500189660920914e-20 4.792239485548126874e-21
2.209032605135599806e+04 7.055628358918786470e-20 4.625697879113416740e-21
2.210093546631411300e+04 6.854024474844314573e-20 4.859613479225553961e-21
2.211154481720522745e+04 7.060384004115887227e-20 5.017644333678049203e-21
2.212215410397524465e+04 6.173663605916230076e-20 4.680644337889991524e-21
2.213276332660319167e+04 6.715436340383337941e-20 5.007515365789287116e-21
2.214337248508120683e+04 6.020071516659726619e-20 5.099842949571558880e-21
2.215398157932799222e+04 7.453430039045962506e-20 4.611789756001829481e-21
2.216459060934956869e+04 6.454534189384296907e-20 4.628158737203129509e-21
2.217519957505064667e+04 6.854127937729050152e-20 4.724633197453717795e-21
2.218580847646404436e+04 6.006066859673986018e-20 4.638684013528646971e-21
2.219641731353532305e+04 5.700500001796055360e-20 4.488286130655524581e-21
2.220702608620279352e+04 5.483260694294196870e-20 4.432032403821990235e-21
2.221763479447896316e+04 5.941044866835568854e-20 4.534625369492047577e-21
2.222824343828239216e+04 5.797907205635991593e-20 4.542283602100303719e-21
2.223885201761212738e+04 6.117634455763500536e-20 4.567010177564179439e-21
2.224946053239950925e+04 7.366973812986842877e-20 4.888660671866219340e-21
2.226006898265085329e+04 6.520068136667319459e-20 4.575418924835903761e-21
2.227067736829773276e+04 6.846345476466340272e-20 4.675255963742121895e-21
2.228128568931849804e+04 8.541605432292173109e-20 4.901673794912627788e-21
2.229189394569933211e+04 7.417050499164211880e-20 4.654306776375708769e-21
2.230250213736495061e+04 6.880064516292174056e-20 4.584559496848693350e-21
2.231311026432070139e+04 7.753095410148983169e-20 4.811720173854928070e-21
2.232371832648505006e+04 5.347381921971344465e-20 4.816086515470183314e-21
2.233432632387734702e+04 6.967839620846172806e-20 4.606934367161305604e-21
2.234493425640828718e+04 7.120090314420211783e-20 4.887135452522825334e-21
2.235554212409085085e+04 6.833970448780633844e-20 4.707533959872498677e-21
2.236614992686324695e+04 6.630579696956477018e-20 4.555497345702693257e-21
2.237675766468346774e+04 5.092142257654934746e-20 4.287499675918755721e-21
2.238736533756441713e+04 6.901792010936239346e-20 4.626534738238799618e-21
2.239797294540362054e+04 5.876151540702156355e-20 4.325509561978139714e-21
2.240858048823359786e+04 6.724540737566440163e-20 4.639503452806182507e-21
2.241918796595193999e+04 6.432535869793532969e-20 4.724887603325885205e-21
2.242979537859844640e+04 6.754411722164275232e-20 5.056048876173758275e-21
2.244040272604295751e+04 6.923257118451811719e-20 4.749517845652906260e-21
2.245100999853751273e+04 5.523117244127270737e-20 4.795790788874383951e-21
2.246161719870381421e+04 6.455571475118579549e-20 4.669106446899793318e-21
2.247222433365181860e+04 6.153599882986131793e-20 4.446425747354936542e-21
2.248283140328551963e+04 6.575787538166562904e-20 4.478171645666614172e-21
2.249343840761768661e+04 6.002395377200175650e-20 4.633802361954596792e-21
2.250404534657222393e+04 6.136184627504205467e-20 4.689017074070488615e-21
2.251465222013454331e+04 6.229035956182019778e-20 4.407459369516560010e-21
2.252525902829027473e+04 5.419623325256204845e-20 4.380620798136902167e-21
2.253586577097679401e+04 5.456639398047759838e-20 4.267663043828479204e-21
2.254647244816588500e+04 6.303302038713532646e-20 4.160563125355992794e-21
2.255707905981588556e+04 5.941482431319613706e-20 4.474186813388864678e-21
2.256768560591181085e+04 6.290345799895486354e-20 4.723580353620417695e-21
2.257829208638449199e+04 5.807112300293849724e-20 4.726000135152353964e-21
2.258889850123990254e+04 6.158561371786937895e-20 4.503257935715248283e-21
2.259950485040167769e+04 5.963608824224272807e-20 4.384319448668293413e-21
2.261011113388238300e+04 6.751597769234083385e-20 4.625146189638679210e-21
2.262071735159250602e+04 5.850562969482799269e-20 4.375102599258740051e-21
2.263132350355108065e+04 6.435821887510642480e-20 4.487729981507048762e-21
2.264192958966831793e+04 6.496244753148345765e-20 4.777407276938116397e-21
2.265253560996383385e+04 6.419776740935820070e-20 4.591401407438629937e-21
2.266314156434050892e+04 5.641319346595298048e-20 4.747203129631554978e-21
2.267374745283147786e+04 5.853119061882948337e-20 4.663643337608998612e-21
2.268435327534698808e+04 6.043213577110288397e-20 4.409588106844262110e-21
2.269495903188549710e+04 6.925819807556343636e-20 4.303997752810002957e-21
2.270556472239129289e+04 5.704877755141279956e-20 4.471427394672888802e-21
2.271617034683617385e+04 7.348314355572489295e-20 4.498676582414863556e-21
2.272655733649069953e+04 7.001245686901717662e-20 4.692061976721998755e-21
2.273716281785718093e+04 8.105517121510769079e-20 5.002699908303539330e-21
2.274776822339621503e+04 5.957660122582873230e-20 4.403291638738000323e-21
2.275837356260222441e+04 6.324894054711121144e-20 4.566324242328429610e-21
2.276897883560173432e+04 7.231036344241065729e-20 4.680776839022278463e-21
2.277958404229352163e+04 8.270148089313542252e-20 4.639224009239820771e-21
2.279018918270735594e+04 6.660453286850524160e-20 4.688337894463318288e-21
2.280079425674230879e+04 6.253412411835433046e-20 4.475830979368347730e-21
2.281139926442203796e+04 6.315624868672839676e-20 4.383391815919221733e-21
2.282200420565795866e+04 5.060599216581677960e-20 4.201043712874760140e-21
2.283260908046763507e+04 6.278917288428899630e-20 4.578257371022652979e-21
2.284321388876270066e+04 5.429020599590998200e-20 4.101512499914840220e-21
2.285381863055984286e+04 6.123977858091457797e-20 4.318586432927877027e-21
2.286442330577125904e+04 6.566367731095852025e-20 4.810655075267664275e-21
2.287502791442064336e+04 7.206780799535509149e-20 5.126324790441258576e-21
2.288563245641901813e+04 8.054764812253380840e-20 4.705262208800296149e-21
2.289623693175747758e+04 5.598491443405590929e-20 4.374302259427325501e-21
2.290684134039363198e+04 6.114870858491684417e-20 4.776703122146240908e-21
2.291744568229150536e+04 6.892307793094587518e-20 4.647438212659147296e-21
2.292804995741556922e+04 6.134366222638517466e-20 4.674090612394550934e-21
2.293865416571678361e+04 6.844606019866464286e-20 4.707860388590985592e-21
2.294925830720566955e+04 6.421393324011978888e-20 4.888249716890667208e-21
2.295986238177365158e+04 6.001814876560614898e-20 4.625792366371399774e-21
2.297046638945085942e+04 5.665448625675452048e-20 4.348508753347792269e-21
2.298107033016191053e+04 5.157993115969147589e-20 4.560755308228994805e-21
2.299167420388446408e+04 6.682040852185187442e-20 4.873319171274499397e-21
2.300227801060217826e+04 5.630101474139902679e-20 4.483768380519407453e-21
2.301288175023947042e+04 5.577698078011818766e-20 4.535806750322935596e-21
2.302348542279357207e+04 6.975498404570945995e-20 4.567452421331796503e-21
2.303408902819505602e+04 7.919523582464917491e-20 4.444781153257734931e-21
2.304469256645487985e+04 6.131025785817453644e-20 4.498489274219836428e-21
2.305529603748388035e+04 5.728043867563654983e-20 4.425181567124140917e-21
2.306589944129216383e+04 6.652560924368576013e-20 4.774194756355894953e-21
2.307650277781770637e+04 5.972695275524937070e-20 4.679980214695625068e-21
2.308710604703082936e+04 6.383926585087961747e-20 4.484349612772400877e-21
2.309770924900548926e+04 7.253498075018914890e-20 4.261549420385237385e-21
2.310831239317030122e+04 7.165645645647131735e-20 4.459777628637155471e-21
2.311869612774518100e+04 6.056104946909791122e-20 4.435942927626980189e-21
2.312929910668061711e+04 6.278999001645683228e-20 4.498739091329363161e-21
2.313990201812216401e+04 6.821480516782919898e-20 4.648419801852015999e-21
2.315050486205390916e+04 6.647786805276214948e-20 4.659046836213416635e-21
2.316110763838471394e+04 6.585662375874871841e-20 4.388641931706843330e-21
2.317171034714077177e+04 5.687694838073100049e-20 4.417917976459425273e-21
2.318231298823679390e+04 6.357260920203080282e-20 4.549695353763397753e-21
2.319291556166491137e+04 5.665007580869262710e-20 4.277583558566189969e-21
2.320351806739559106e+04 6.918043776996302000e-20 4.556158171946127370e-21
2.321412050536456445e+04 6.182963322961063234e-20 4.327874225269024540e-21
2.322472287555679941e+04 5.913944765952582636e-20 4.189601147951441963e-21
2.323532517791476857e+04 5.843810172635440948e-20 4.347931754464326003e-21
2.324592741242310149e+04 6.155840468452350272e-20 4.193063083000800950e-21
2.325652957905961375e+04 6.229243971045618800e-20 4.131313851002822268e-21
2.326713167773872919e+04 5.424529488787374435e-20 4.228680720367430556e-21
2.327773370847317346e+04 6.614435982313167733e-20 4.329202330316426546e-21
2.328833567119177314e+04 6.329411194710776978e-20 4.230100157894636610e-21
2.329893756586453674e+04 5.803249004375461519e-20 4.300964679441949727e-21
2.330953939249044925e+04 5.504499147419493860e-20 4.488458296408293626e-21
2.332014115098401817e+04 5.364970229067121709e-20 4.427199759808558378e-21
2.333074284133643960e+04 5.675463209357738242e-20 4.489880652527639104e-21
2.334134446350466169e+04 7.093061417962706319e-20 4.445785347842499746e-21
2.335194601745176260e+04 5.400231491831392390e-20 4.604258833150258138e-21
2.336254750314133344e+04 5.562053544722981167e-20 4.724996408749875389e-21
2.337314892053704170e+04 6.077380069495186879e-20 4.488296122337294838e-21
2.338375026959472962e+04 6.445894914062735164e-20 4.414413843816914573e-21
2.339435155030628084e+04 5.239514386985655679e-20 4.577683381713780902e-21
2.340495276259304228e+04 5.583683129574071965e-20 4.797628235317648757e-21
2.341555390643895225e+04 5.185070735795536474e-20 4.464000387120181921e-21
2.342615498183583622e+04 5.688567262918608979e-20 4.484012180695767444e-21
2.343675598867671579e+04 5.251141625940909247e-20 4.595924927239372937e-21
2.344735692699487481e+04 5.972078480153310348e-20 4.412120730089126212e-21
2.345795779671889250e+04 6.287019552343108874e-20 4.543589384467326519e-21
2.346855859781847175e+04 6.298407883660787688e-20 4.473278343865112338e-21
2.347915933026431230e+04 6.916430522497405495e-20 4.679442984245461912e-21
2.348975999399856300e+04 5.805995398367407733e-20 4.265004150808170832e-21
2.350036058901204524e+04 6.759884928285414739e-20 4.546935652900145270e-21
2.351096111525444212e+04 7.400901239001957030e-20 4.407814558062057208e-21
2.352156157268153402e+04 7.215127022523954798e-20 4.691311865672684581e-21
2.353216196126350042e+04 5.754967038903015448e-20 4.167112979202687405e-21
2.354276228097778585e+04 6.521198393080698147e-20 4.154496590307665528e-21
2.355336253175885940e+04 6.297135828024270686e-20 4.561857391755838488e-21
2.356396271357725709e+04 6.175929291714009581e-20 4.877610487921126809e-21
2.357456282643109807e+04 6.100567558706754208e-20 5.140007916855081132e-21
2.358516287023387122e+04 6.988001315669822653e-20 4.638842603209924727e-21
2.359576284496311928e+04 6.356687580752277956e-20 4.803885881765242779e-21
2.360636275061662673e+04 5.730925723662209682e-20 4.309740884861414592e-21
2.361696258710823531e+04 5.276619172207442002e-20 4.346064394113082212e-21
2.362756235442223988e+04 6.305020698752889849e-20 4.445798118787716692e-21
2.363816205253502631e+04 6.069843031196616242e-20 3.997834400231089266e-21
2.364876168137490458e+04 5.683168838623531526e-20 4.370661148774822253e-21
2.365936124093975013e+04 6.459435087072497348e-20 4.417573461014442049e-21
2.366996073118518325e+04 5.702786638071446462e-20 4.205327684960033925e-21
2.368056015204628784e+04 6.815391992009810962e-20 4.480681904686452719e-21
2.369115950352064101e+04 5.318694734532129140e-20 3.918712601806470588e-21
2.370175878556430325e+04 6.256431067404572943e-20 4.203852240130378573e-21
2.371235799811898323e+04 5.672795608765601933e-20 4.206978988739224842e-21
2.372295714116105228e+04 5.666651760527068862e-20 3.986922931103262618e-21
2.373355621466793309e+04 5.456029008661545251e-20 4.388931752052505336e-21
2.374415521858081411e+04 6.736087374704328657e-20 4.403216176936033258e-21
2.375475415287657233e+04 6.464842191583033239e-20 4.353148873955846342e-21
2.376535301749696373e+04 5.149347955131707450e-20 4.144748096659718207e-21
2.377595181242524268e+04 6.053124375225485826e-20 4.324609975496735597e-21
2.378655053761754243e+04 5.569633669637497310e-20 4.248897428433334318e-21
2.379714919303628267e+04 6.030041828165516221e-20 4.403140990803044098e-21
2.380774777865800934e+04 6.105703376702405146e-20 4.303674042404560500e-21
2.381834629441740981e+04 6.115250592330990097e-20 4.309053927467832315e-21
2.382894474028359036e+04 5.310052480771425463e-20 4.508547529889335862e-21
2.383954311624068941e+04 5.579765272658453203e-20 4.102679978643281857e-21
2.385014142222996088e+04 6.126601349652157269e-20 4.531236157444066483e-21
2.386073965822062019e+04 6.358508497727290909e-20 4.252565780097099609e-21
2.387133782418269402e+04 7.018795611140052701e-20 4.356100233599462207e-21
2.388193592007114057e+04 5.970816602645885798e-20 4.330669519553528327e-21
2.389253394584147100e+04 6.452209921878843078e-20 4.206203241772438227e-21
2.390313190146333363e+04 6.009440033741331434e-20 4.337021615266160485e-21
2.391372978690569653e+04 6.521435370226419783e-20 4.379058880629595208e-21
2.392432760211020286e+04 6.261256002368450252e-20 4.309893869406284128e-21
2.393492534707429513e+04 6.213447807701328311e-20 4.326350625605214343e-21
2.394552302172490090e+04 5.692989687936464827e-20 4.181697991194937082e-21
2.395612062603873346e+04 6.115730989639959902e-20 4.259939148088927472e-21
2.396671815999171667e+04 5.667567617063641077e-20 4.273938488828777519e-21
2.397731562351827961e+04 5.488761819227967528e-20 3.846613109907815561e-21
2.398791301660871977e+04 5.465424591013882074e-20 4.141078538307599160e-21
2.399851033918975736e+04 5.093899334775275145e-20 3.957589878388886089e-21
2.400910759127365600e+04 6.267982210364384984e-20 3.911109423483854726e-21
2.401970477277212194e+04 5.389547064127787168e-20 4.126291278110664137e-21
2.403030188366930815e+04 4.743259518854137521e-20 4.192477768971866751e-21
2.404089892392696856e+04 5.020269179550296663e-20 4.250160217137011009e-21
2.405149589352150724e+04 5.285618910915941865e-20 4.001138294429620438e-21
2.406209279239391253e+04 4.931501337154377284e-20 3.848807539755232036e-21
2.407268962051271228e+04 5.184341169069327287e-20 3.915113668464580553e-21
2.408328637783350132e+04 6.470188316289294592e-20 4.117933081647727379e-21
2.409388306433929756e+04 7.056162600708138390e-20 3.744782110276085542e-21
2.410447967997073647e+04 6.239000056082151524e-20 4.139900907614607579e-21
2.411507622469721537e+04 5.326197520942659821e-20 3.940039337398954334e-21
2.412567269847291027e+04 4.447185118984039010e-20 4.067072864457568058e-21
2.413626910128897362e+04 6.771004897519090531e-20 4.327047332182910326e-21
2.414686543306404928e+04 6.477670686817823648e-20 4.071016057865658989e-21
2.415746169379584899e+04 4.635818978510458546e-20 3.980208734765206316e-21
2.416805788342499363e+04 5.279471724125687289e-20 3.934727922013346249e-21
2.417865400191994559e+04 5.169961070780612541e-20 4.155136747270898559e-21
2.418925004924311725e+04 6.207088249180655805e-20 4.352784020940162136e-21
2.419962454256524870e+04 5.883043871139841201e-20 4.144069379375579707e-21
2.421022042674031036e+04 5.890575131602363580e-20 3.940364484362623111e-21
2.422081623950893118e+04 6.629726990647731921e-20 4.141991244622712996e-21
2.423141198095094296e+04 7.864150465932437025e-20 4.257486544512634368e-21
2.424200765103562662e+04 5.189009266650495622e-20 4.200074150499921672e-21
2.425260324972391027e+04 6.115807080404572691e-20 4.211659057797744438e-21
2.426319877695701507e+04 4.800046526783987039e-20 4.397676016477569968e-21
2.427379423271031555e+04 6.028231512463724630e-20 4.139732330108692440e-21
2.428438961695223770e+04 5.612712050819827957e-20 3.891402240200289051e-21
2.429498492962410455e+04 6.002749238629200284e-20 3.767044654487286703e-21
2.430558017072155781e+04 5.270400762183978216e-20 4.106439171530118663e-21
2.431617534017893195e+04 6.087555291892184699e-20 4.380239936121167947e-21
2.432677043795726058e+04 6.358570411601551888e-20 4.163434893369944308e-21
2.433736546403206376e+04 5.812804829592117358e-20 4.009739436671460467e-21
2.434796041835130382e+04 4.297544109576146426e-20 3.609263809860438236e-21
2.435855530089679814e+04 6.368409063781881784e-20 4.421258433906923603e-21
2.436915011161655639e+04 5.793740721743541178e-20 4.374003808565975157e-21
2.437974485045735491e+04 5.115598028069500228e-20 4.014404229677123525e-21
2.439033951739487384e+04 5.157822979695711625e-20 4.061198080213730500e-21
2.440093411239081615e+04 5.666386267587070100e-20 4.111266380233530035e-21
2.441152863542707928e+04 5.886700780422934079e-20 4.331853064454202058e-21
2.442212308643043798e+04 5.298007428109854303e-20 4.285203544516199961e-21
2.443271746536843784e+04 5.615389764305056065e-20 4.171005487145126361e-21
2.444331177221702819e+04 5.024151238556755754e-20 4.007680038295972185e-21
2.445390600693023225e+04 5.325691353161686850e-20 4.563299354834244898e-21
2.446450016946932737e+04 5.989986426290607711e-20 4.341193919357545569e-21
2.447509425980275046e+04 5.992740856098074115e-20 4.307747407692476175e-21
2.448568827788413546e+04 5.860974041410567526e-20 4.512839006470419721e-21
2.449628222366807677e+04 5.315362086327739680e-20 4.325937781244732790e-21
2.450687609711531331e+04 6.412258568381862337e-20 4.273251762166061559e-21
2.451746989832071995e+04 5.840016717820504661e-20 4.425681640699101610e-21
2.452784149849007736e+04 6.501349229804328786e-20 3.951606996432338114e-21
2.453843513387099665e+04 5.273626451290273713e-20 3.736988382126277367e-21
2.454902869677274430e+04 5.271148226308015495e-20 4.237286607203582470e-21
2.455962218714143819e+04 5.705460408254962132e-20 3.992210546259923283e-21
2.457021560495315134e+04 6.498988062890409641e-20 4.039336849915679357e-21
2.458080895015377610e+04 7.008681188336236093e-20 4.184491994406206298e-21
2.459140222271918901e+04 6.119969070793724243e-20 3.968685614015783400e-21
2.460199542259567170e+04 5.467880102517741899e-20 4.093063219787527654e-21
2.461258854975130089e+04 6.027178015457576265e-20 4.105992078886365648e-21
2.462318160416178216e+04 6.151147822861851805e-20 4.356054026172689849e-21
2.463377458575117271e+04 6.534699918185203066e-20 4.153503915137485386e-21
2.464436749452444928e+04 5.390563430129852780e-20 4.000959589155606305e-21
2.465496033040560360e+04 5.932581527544019709e-20 3.865588565304928126e-21
2.466555309338484949e+04 6.119352611414580238e-20 3.861984578987740928e-21
2.467614578338652427e+04 6.831689886248679986e-20 4.053852191357537627e-21
2.468673840041483345e+04 5.080335906150082332e-20 4.050071482383889761e-21
2.469733094439451088e+04 5.208904360488729766e-20 3.656183119962517668e-21
2.470792341531478814e+04 5.634417064918833139e-20 3.983116849079978459e-21
2.471851581310789334e+04 5.400412315693108655e-20 4.553660911327451594e-21
2.472910813776298164e+04 4.907858691353049791e-20 3.830700793345974588e-21
2.473970038921201922e+04 5.997237205858585098e-20 4.063900628382958404e-21
2.475029256744452869e+04 5.089198732596322074e-20 4.141573416448993227e-21
2.476088467238466910e+04 5.559657636773216827e-20 3.978130394615681645e-21
2.477147670403692246e+04 5.492342139172905304e-20 4.269384370767555524e-21
2.478206866233224355e+04 5.673569467728821698e-20 4.337746650685780810e-21
2.479266054723368507e+04 6.094486835571409813e-20 4.204488660338253042e-21
2.480325229570162264e+04 5.685100097844634618e-20 3.970416419430863800e-21
2.481384395181755099e+04 6.780079549899233609e-20 4.087770466067452240e-21
2.482443553443492783e+04 8.185825937523318630e-20 4.199185749428480441e-21
2.483502704349969645e+04 8.078691318744505792e-20 4.213265927231393962e-21
2.484561847898692940e+04 6.322507163204277059e-20 4.101644243090414544e-21
2.485620984082749783e+04 5.462383580385438710e-20 4.099181313042912944e-21
2.486680112902608744e+04 5.426103831730968753e-20 3.973990052513037937e-21
2.487739234351308914e+04 4.819429080910733614e-20 3.898201987463539981e-21
2.488798348427143719e+04 5.096884929280418681e-20 3.771614792686306372e-21
2.489857455123166437e+04 5.248682618912795995e-20 4.201297783532338019e-21
2.490916554436895240e+04 4.972214773142346961e-20 4.155893838029759492e-21
2.491975646365807552e+04 4.947180210841404470e-20 4.117303456622902502e-21
2.493034730902985757e+04 4.838924458347371013e-20 4.000806627448818796e-21
2.494093808045942205e+04 5.261565916429139153e-20 3.924931788812272750e-21
2.495152877791374704e+04 5.333938988396715059e-20 4.175375843913523071e-21
2.496211940134629549e+04 5.167968031989104067e-20 4.238164471044975572e-21
2.497270995070914432e+04 5.715610727503292478e-20 3.946919097778756571e-21
2.498330042597767169e+04 5.966878779581405171e-20 3.777209741665857796e-21
2.499389082710418006e+04 5.684095816505911441e-20 4.051992399288336422e-21
2.500448115404159034e+04 4.012882283263187667e-20 4.018478360927240740e-21
2.501507140676458584e+04 4.909386884267829093e-20 4.026717728343741616e-21
2.502566158522565092e+04 6.089665203228691494e-20 4.159902856388119646e-21
2.503625168938508432e+04 4.839780312937342560e-20 3.733691153757406794e-21
2.504684171920233712e+04 4.783552591771389559e-20 3.973584432271540073e-21
2.505743167463794816e+04 5.396874447388133126e-20 3.995520126806058453e-21
2.506802155564375062e+04 5.727242877360669008e-20 3.621423028571071874e-21
2.507861136220970002e+04 5.377906092941867166e-20 3.814326666270678760e-21
2.508920109425104965e+04 5.567993920741633185e-20 3.853873188800544907e-21
2.509979075175731487e+04 5.790282334495176418e-20 4.302587202785398008e-21
2.511038033468084541e+04 5.799820879593840733e-20 4.260823341307014925e-21
2.512096984298868847e+04 5.159384503078956300e-20 3.940142554700281171e-21
2.513155927661876922e+04 4.524160871784605409e-20 3.846137262967888976e-21
2.514214863555985357e+04 4.885740250447235673e-20 3.694750732040458194e-21
2.515273791975012864e+04 5.020531622950576390e-20 4.038590987830777541e-21
2.516332712916326636e+04 5.071348989696566902e-20 4.351600311132365101e-21
2.517391626374490806e+04 4.961746949933559639e-20 4.194258805746526342e-21
2.518450532345410465e+04 5.173250608089684030e-20 3.848168615772808315e-21
2.519509430826563039e+04 5.858809709190939560e-20 3.946781488804178822e-21
2.520568321813882721e+04 6.880637532290124829e-20 3.989980611589306683e-21
2.521627205302595030e+04 6.167012006475726978e-20 3.893992289980466175e-21
2.522686081288661444e+04 5.213840555912030568e-20 3.611262387857288418e-21
2.523744949767270737e+04 4.702429074427714546e-20 3.721561189859131390e-21
2.524803810735883599e+04 5.263420174309839720e-20 3.793045698269086805e-21
2.525862664188920826e+04 4.694707728444726734e-20 3.754516014006286247e-21
2.526921510123865664e+04 5.420480887157457222e-20 3.672113795686620033e-21
2.527980348535842131e+04 4.809569590232589471e-20 3.904338547215226009e-21
2.529039179419387074e+04 5.922059323475140047e-20 4.193269461050573375e-21
2.530098002774074848e+04 5.739312808869117955e-20 4.158676219896338419e-21
2.531156818592923446e+04 4.351230032937949430e-20 3.704630551082815313e-21
2.532215626871832865e+04 4.250522168480466951e-20 3.752171134442597501e-21
2.533274427608228871e+04 5.429256125008624039e-20 3.940177701757929030e-21
2.534333220797295871e+04 4.552536552242988381e-20 3.958366722236859094e-21
2.535392006434945506e+04 4.492569287812456475e-20 3.729863536315866494e-21
2.536450784517864304e+04 5.723486191023260867e-20 3.939812760831354163e-21
2.537509555039707993e+04 5.350389381300616414e-20 3.972650513656546599e-21
2.538568317999411738e+04 5.571414486445341181e-20 3.989308977798533397e-21
2.539627073389857105e+04 4.914201977077255332e-20 3.993437707512380038e-21
2.540685821209996357e+04 5.559190640510851884e-20 3.762886934333759888e-21
2.541744561452690687e+04 4.735550308166151583e-20 3.600716461447609291e-21
2.542803294116890538e+04 5.711504080701991677e-20 3.926198369277528329e-21
2.543862019196232723e+04 5.765721807992217493e-20 4.029032797235124592e-21
2.544898336453944648e+04 4.577947178626274866e-20 3.939807627962100254e-21
2.545957045193302474e+04 4.884224505668394276e-20 3.629912157152224537e-21
2.547015745406398491e+04 6.111011885611647362e-20 3.953763541311175318e-21
2.548074438008711877e+04 5.030869169732620726e-20 3.848495397074170768e-21
2.549133123006968526e+04 3.889584900195226382e-20 3.883153235713571010e-21
2.550191800396325925e+04 5.997452293652022652e-20 3.920333565627668681e-21
2.551250470171932102e+04 4.747502183792617894e-20 4.064487769276504017e-21
2.552309132330410648e+04 5.337694769561308443e-20 3.839626773026463379e-21
2.553367786867635732e+04 4.012049439906569160e-20 3.846313134859334473e-21
2.554426433780955631e+04 4.557538384284616110e-20 3.659052680865885217e-21
2.555485073063306481e+04 4.975528685355901610e-20 3.634921839048895560e-21
2.556543704712054387e+04 5.005459180861535524e-20 4.312340770514500998e-21
2.557602328723739993e+04 4.938530648939659223e-20 3.816557469805022773e-21
2.558660945092849579e+04 4.818319468436712069e-20 3.967041906191756697e-21
2.559719553815900144e+04 5.991628581042480092e-20 4.127186899246395644e-21
2.560778154888847348e+04 5.109693254932385816e-20 3.934878712164411073e-21
2.561836748309644827e+04 5.374693609569552343e-20 3.922102966174538121e-21
2.562895334069862656e+04 4.826103842930289239e-20 4.184036644575149973e-21
2.563953912168188617e+04 6.837701423961691100e-20 4.388891474729164440e-21
2.565012482599797659e+04 5.412158094232728227e-20 3.988303951707615007e-21
2.566071045359802883e+04 5.595392936645108854e-20 3.944023390270781528e-21
2.567129600446232871e+04 5.648890997813110453e-20 3.799096479217682946e-21
2.568188147852758630e+04 4.881028134073841517e-20 3.778439791994080468e-21
2.569246687575930264e+04 5.428156124574497919e-20 3.885348053697539406e-21
2.570305219611606663e+04 4.928752115332176577e-20 3.853198676844388308e-21
2.571363743955596146e+04 5.584520929142348435e-20 3.855982057673048390e-21
2.572422260603037284e+04 5.449732072916309886e-20 4.030061116334836945e-21
2.573480769560482440e+04 5.736209680832248475e-20 4.167516635361593511e-21
2.574539271740041295e+04 5.735632557349024360e-20 4.194661963541867957e-21
2.575575304102046721e+04 5.602886526169462321e-20 3.865202752435350271e-21
2.576633787822011436e+04 4.529103792292279056e-20 3.764691890239615047e-21
2.577692263824341353e+04 5.777829272114316922e-20 3.969353271741981038e-21
2.578750732106408395e+04 5.067206802156945054e-20 3.897831756106358552e-21
2.579809192662473652e+04 5.046640824309812638e-20 3.670043722017932995e-21
2.580867645489912684e+04 6.539560108159023441e-20 3.814930903653880823e-21
2.581926090582968391e+04 5.727812363621541359e-20 3.850671472337515612e-21
2.582984527937520033e+04 5.589961088947760548e-20 3.771329982931026242e-21
2.584042957552311054e+04 5.319033383706955005e-20 3.769120225951069973e-21
2.585101379419455770e+04 5.021449380429188355e-20 3.692631199959803102e-21
2.586159793536186407e+04 4.752542183116378168e-20 3.771229539483366865e-21
2.587218199898375678e+04 5.709618933969153328e-20 4.037434196631780851e-21
2.588276598502503111e+04 4.671485985596591125e-20 3.319043721892972845e-21
2.589334989343672714e+04 4.630163051852147251e-20 3.668365487204195321e-21
2.590393372418372746e+04 4.607566495318418510e-20 3.723563828589897136e-21
2.591451747720177445e+04 5.044841200315664481e-20 3.703777803332972996e-21
2.592510115246337591e+04 5.529928492076659392e-20 3.783502872818235776e-21
2.593568474993431300e+04 6.053759329917040012e-20 3.947533842600804558e-21
2.594626826955690558e+04 5.039579024394520694e-20 3.559685426980299498e-21
2.595685171131194875e+04 5.245747291026891806e-20 3.640866171314521066e-21
2.596743507512665747e+04 5.700043617251668017e-20 3.690076401648856681e-21
2.597801836098170679e+04 5.255319569444732506e-20 3.813072662852895107e-21
2.598860156883454692e+04 4.483348053528955165e-20 3.471848752145284005e-21
2.599918469862036000e+04 4.213288102940087784e-20 3.520827208218669694e-21
2.600976775031934812e+04 5.675273090536860133e-20 4.018828318164576321e-21
2.602035072388165645e+04 5.720984464263241225e-20 3.753644815941057277e-21
2.603093361926480793e+04 4.920086470624441846e-20 3.578605575156114344e-21
2.604151643643400530e+04 4.144366232681702405e-20 3.698333833090935668e-21
2.605209917532400141e+04 4.837934175630587041e-20 3.611559224508549294e-21
2.606268183591507841e+04 4.571247915645464683e-20 3.777874654149764742e-21
2.607326441816474471e+04 5.485179801364003704e-20 3.859547903185173728e-21
2.608384692202282167e+04 5.397266479932173765e-20 3.608349801487360312e-21
2.609442934743164369e+04 4.378543811457310348e-20 3.492361726383762213e-21
2.610501169438646320e+04 4.249045492762123136e-20 3.741026305773915085e-21
2.611559396280682267e+04 3.991772380169501996e-20 3.788818476996903182e-21
2.612617615265752465e+04 4.933764572445870186e-20 3.802047429735141580e-21
2.613675826391884402e+04 3.953302213113913797e-20 3.715075535659091534e-21
2.614734029652513345e+04 4.047149611429119524e-20 3.455090946267597436e-21
2.615792225044902443e+04 4.530082807727891481e-20 4.032131085213391334e-21
2.616850412563239297e+04 5.245541728717223290e-20 3.789036317760475133e-21
2.617908592204785236e+04 5.548545270017117527e-20 3.901937818786962180e-21
2.618966763963717676e+04 5.234690842647716630e-20 3.597296667999145433e-21
2.620024927837296855e+04 4.435729472636225006e-20 3.503443470251020112e-21
2.621083083820455067e+04 4.747887382794790920e-20 3.825772964961679184e-21
2.622141231908159898e+04 4.108977979831180100e-20 3.303778220515152131e-21
2.623199372097627565e+04 5.221620515131991315e-20 3.773152002656332183e-21
2.624257504383818377e+04 5.762292171158940879e-20 3.555531062012252633e-21
2.625315628761655535e+04 5.575833517034764354e-20 3.674308089891121544e-21
2.626373745229145425e+04 4.820893833574893304e-20 3.752880337211237154e-21
2.627431853778919685e+04 3.996138115750716612e-20 3.323268839864278541e-21
2.628489954408972335e+04 5.734338096343774198e-20 3.661089960646791356e-21
2.629548047114225119e+04 3.898755681621319434e-20 3.486500965556779483e-21
2.630606131891141195e+04 4.673877942681425856e-20 3.631359099609830744e-21
2.631664208733105988e+04 4.720391572512014787e-20 3.760921599423416402e-21
2.632722277638101514e+04 5.782482960178553672e-20 3.688679740601757129e-21
2.633780338601043331e+04 4.393483650382881490e-20 3.380881036429612145e-21
2.634838391618376045e+04 4.004905578168032221e-20 3.459814398631319649e-21
2.635896436684246873e+04 4.243667561462833900e-20 3.463586068496195280e-21
2.636954473794324804e+04 4.804827682224191558e-20 3.633152993604392561e-21
2.638012502946584937e+04 4.678160029187591958e-20 3.886591088921286196e-21
2.639070524135153028e+04 5.300145359377814623e-20 3.610619265873069147e-21
2.640128537354941363e+04 4.191023466639007071e-20 3.505166161025107994e-21
2.641186542602364716e+04 5.009948527862813691e-20 3.528786880915451352e-21
2.642244539873098984e+04 3.964561809337546270e-20 3.326378110661294432e-21
2.643302529163546933e+04 4.370085615455346496e-20 3.447015447690712278e-21
2.644360510467855784e+04 3.968518057029407047e-20 3.718181146645812707e-21
2.645418483782412659e+04 3.975934521144471897e-20 3.915753956878330391e-21
2.646476449103670166e+04 4.849045193462347638e-20 3.786012567813966814e-21
2.647534406425700217e+04 4.947851485622235358e-20 3.604436708155617363e-21
2.648592355744956149e+04 4.868693521474331252e-20 3.845340247824687444e-21
2.649650297057798161e+04 4.659608367415853765e-20 3.660839737142954006e-21
2.650708230359151639e+04 4.449946661954450810e-20 3.639924896505167402e-21
2.651766155643823367e+04 4.286622828527798574e-20 3.704631928401791294e-21
2.652824072909816095e+04 5.058047823923732194e-20 3.918555723703922150e-21
2.653881982149613032e+04 4.898608589689457724e-20 3.612828512910604591e-21
2.654939883361994725e+04 5.127838054833490711e-20 3.544872387530736889e-21
2.655997776538656035e+04 5.411311506233298453e-20 3.719797296561165233e-21
2.657033034202217095e+04 4.897042364921322107e-20 3.883504712040895971e-21
2.658090909193691914e+04 4.730702454915698456e-20 3.792283974509935080e-21
2.659148776127390011e+04 4.943315978037631403e-20 3.626903539343234975e-21
2.660206635009997990e+04 5.015261125936932690e-20 3.553605640459369445e-21
2.661264485837893153e+04 4.922062002639066751e-20 3.777841778801869142e-21
2.662322328604417999e+04 6.218047275364980253e-20 3.991486831048666433e-21
2.663380163307431212e+04 6.132234974329350799e-20 4.122495783468555839e-21
2.664437989941065825e+04 5.000970806729007715e-20 3.957727656074589177e-21
2.665495808504628440e+04 4.516542305946944981e-20 3.965672466220097730e-21
2.666553618987003210e+04 4.390242508370370705e-20 3.799328520342396744e-21
2.667611421389723910e+04 5.593349187130861956e-20 3.842130204732453003e-21
2.668669215704710587e+04 5.285162644317687237e-20 3.718678753201048117e-21
2.669727001931222549e+04 4.136762441923881912e-20 3.689345871577846105e-21
2.670784780059674085e+04 3.324717788243599726e-20 3.510299587717685810e-21
2.671842550091569501e+04 5.285352005957100021e-20 3.794608926482047365e-21
2.672900312018062687e+04 5.688139488016499855e-20 3.863737226662421688e-21
2.673958065836165770e+04 5.200284396828048926e-20 3.616511614218320484e-21
2.675015811543001109e+04 5.645579621031413308e-20 3.752775100552354268e-21
2.676073549130342508e+04 4.795163187296501306e-20 3.927440825075019848e-21
2.677131278597548589e+04 4.933350841821666130e-20 3.950226811937485769e-21
2.678188999937904373e+04 4.447538933423471942e-20 3.806881742011155200e-21
2.679246713148526760e+04 4.754354507899691115e-20 3.987151578627569786e-21
2.680304418224891560e+04 4.504468666071752909e-20 3.701782534361933244e-21
2.681362115158884262e+04 5.704943808465344766e-20 4.083840418189762723e-21
2.682419803962972219e+04 5.017687595454669431e-20 3.968185681049107059e-21
2.683477485525751035e+04 4.850953287013280642e-20 4.012658384465463159e-21
2.684512474493523041e+04 4.080055935343426268e-20 3.943319662637853038e-21
2.685570136705031473e+04 5.003206816704974645e-20 3.645301916344931228e-21
2.686627790754704984e+04 4.054679404000510670e-20 4.264724782877763438e-21
2.687685436638056126e+04 5.192671448655818114e-20 3.973334198825186434e-21
2.688743074349882227e+04 7.046924108715433888e-20 4.548290530904391287e-21
2.689800703888005228e+04 5.594346465735274452e-20 4.191000332469593612e-21
2.690858325245680680e+04 4.130771061246682987e-20 3.807401643173622006e-21
2.691915938417580765e+04 4.551939114805954667e-20 3.827632711662587522e-21
2.692973543404768861e+04 4.839223021222395063e-20 3.782505501589244208e-21
2.694031140195677654e+04 4.210151391261364267e-20 3.781240384541809476e-21
2.695088728789006200e+04 4.070076388718590928e-20 3.902966486539843493e-21
2.696146309182567347e+04 4.929914670436088523e-20 4.054929111352165568e-21
2.697203881368007205e+04 4.891430571945416259e-20 3.931481833882929546e-21
2.698261445340810315e+04 5.684197290396026697e-20 4.128183795174061176e-21
2.699319001101970207e+04 4.557655526145341405e-20 3.931633294083493646e-21
2.700376548640735928e+04 3.785766036545952936e-20 3.768404752253770652e-21
2.701434087953384369e+04 4.312685887461022059e-20 3.710884905236374844e-21
2.702491619040909427e+04 4.929610960447829351e-20 3.476728530737821686e-21
2.703549141892515763e+04 5.388464402007386220e-20 4.308460036995711431e-21
2.704606656505313367e+04 4.557413518822655996e-20 3.940759068277062323e-21
2.705664162878638308e+04 4.445297771184413265e-20 3.997236043516128309e-21
2.706721661001792017e+04 5.117797235860395579e-20 3.802505703880952279e-21
2.707779150875670166e+04 5.959213878435224528e-20 3.698803957954644991e-21
2.708836632491899218e+04 5.820652009868844394e-20 3.905330863301393841e-21
2.709894105847478568e+04 5.001217649601026409e-20 3.782809465734851459e-21
2.710951570939488738e+04 4.927107291628207454e-20 4.189406817289655482e-21
2.712009027760244135e+04 5.166680698470438632e-20 4.096173114075959335e-21
2.713066476306791446e+04 4.628641900680167891e-20 3.977243800097735837e-21
2.714123916566452317e+04 3.862128905130806637e-20 3.908589284494555977e-21
2.715181291172708734e+04 3.770134471769769798e-20 3.830646053557941434e-21
2.716238621156497175e+04 5.031898925989279561e-20 3.980755601442858373e-21
2.717295942850889696e+04 4.607709474197327672e-20 4.035033543002702200e-21
2.718353256250631239e+04 4.050418464322950899e-20 3.928584242518656004e-21
2.719410561351888464e+04 4.103582787988536108e-20 3.857501382574714682e-21
2.720467858147818333e+04 4.896173921450150147e-20 3.808624810155910787e-21
2.721525146635394776e+04 5.055579120560207357e-20 4.056468352770360213e-21
2.722582426812463746e+04 4.009384707326326739e-20 4.104432629157319757e-21
2.723639698670509097e+04 4.236163364249637953e-20 4.166902687022010803e-21
2.724696962206548415e+04 4.499185415315317033e-20 4.071886326908772930e-21
2.725754217415245512e+04 5.318264702346704351e-20 3.916703856624829793e-21
2.726811464293583776e+04 4.784227861942023882e-20 3.933284624808753344e-21
2.727868702837835372e+04 2.941633405950745152e-20 3.909113984726964304e-21
2.728925933040198652e+04 3.629508442877379823e-20 4.058116262888451376e-21
2.729983154897753411e+04 4.302347527966805375e-20 4.605296037727840693e-21
2.731040368405858317e+04 3.783589831007572997e-20 3.853648819996394127e-21
2.732097573559193552e+04 5.256438701902402400e-20 4.277385931646829999e-21
2.733154770357103916e+04 5.592199607918892923e-20 4.275667248284953485e-21
2.734211958789471828e+04 3.990738798487121069e-20 4.232238060077272273e-21
2.735269138854883931e+04 4.524691743172014693e-20 4.093410719250403654e-21
2.736326310547137109e+04 4.431818414111748663e-20 3.748122576537595491e-21
2.737383473863266772e+04 4.377812690800433322e-20 4.230690281740657324e-21
2.738440628797026511e+04 3.499458239486009382e-20 3.707693508271989497e-21
2.739497775345473565e+04 4.464454390444405653e-20 4.106033381951364351e-21
2.740554913503940770e+04 3.301034088625520069e-20 4.061463368134246928e-21
2.741612043266282853e+04 3.688605793904272655e-20 3.999510534482159095e-21
2.742669164627061400e+04 4.710957534405207178e-20 4.233410047663261303e-21
2.743726277584063791e+04 4.794984911204026991e-20 4.100293916731984885e-21
2.744783382132683982e+04 4.611015485575523675e-20 4.042354588388743437e-21
2.745840478268276638e+04 4.641028486305187000e-20 4.374530525108022235e-21
2.746897565983875757e+04 4.114262609363551038e-20 3.974401733268162167e-21
2.747954645278779208e+04 3.894270756616111346e-20 4.234011798030801280e-21
2.749011716144438833e+04 4.753937317547442070e-20 4.028725979971527782e-21
2.750068778576965269e+04 3.067369527648467688e-20 4.157139215194140900e-21
2.751125832572563741e+04 4.378971089311409278e-20 4.171956207414425056e-21
2.752182878128979064e+04 3.875461265234583732e-20 3.959726524382376402e-21
2.753239915236770321e+04 4.407474251519839454e-20 4.272991201423543883e-21
2.754296943895321965e+04 3.965278792682261658e-20 4.068893398197319781e-21
2.755353964097537391e+04 5.036225401110635157e-20 4.170064776841264892e-21
2.756410975839646198e+04 4.695462583288880617e-20 4.435632250245785593e-21
2.757445145909320854e+04 3.050202526835111700e-20 3.959871849112398307e-21
2.758502139503827129e+04 4.209482812321189883e-20 4.200622731448474753e-21
2.759559123711397842e+04 4.689464914177751540e-20 4.326205925351122551e-21
2.760616099429214955e+04 3.598673778715472081e-20 4.021468702238301401e-21
2.761673066664987346e+04 4.520251819729926315e-20 4.563282586189868854e-21
2.762730025412453688e+04 5.011521104449983193e-20 4.311330645970029500e-21
2.763786975666974831e+04 3.989601072940127169e-20 4.459736956484176873e-21
2.764843917423043968e+04 4.547320083862796079e-20 4.261043397365662166e-21
2.765900850676808477e+04 5.515639722223419191e-20 4.756823593881764924e-21
2.766957775423586281e+04 7.047901238162864338e-20 4.724382455015239294e-21
2.768014691659472737e+04 6.980395207303649516e-20 4.863778115813744469e-21
2.769071599379023974e+04 4.789093423264603869e-20 4.616352039466003730e-21
2.770128498576728452e+04 4.899284370382939107e-20 4.248258207005668505e-21
2.771185389250292428e+04 1.179594521627661578e-19 5.624313978847799308e-21
2.772242271392628754e+04 3.788105255306017819e-19 7.837209024866204565e-21
2.773299144999840428e+04 7.409524145378710119e-19 1.056597397722759466e-20
2.774356010066442832e+04 5.158509052123377619e-19 8.998699560851516582e-21
2.775412866589301848e+04 1.795733768617717430e-19 5.915252407988576476e-21
2.776469714563743764e+04 6.522672925423663596e-20 4.616885763254072964e-21
2.777526553983423582e+04 4.750150974141589233e-20 4.417221039332642172e-21
2.778583384843686508e+04 5.160575966380183567e-20 4.662260823607592222e-21
2.779640207141360588e+04 5.342042723749632938e-20 4.556962325093888004e-21
2.780697020872528446e+04 9.151726254344690956e-20 4.895560336851257775e-21
2.781753826037903491e+04 1.708550484538529152e-19 5.980563521779258616e-21
2.782810623540857705e+04 1.563670223367397691e-19 6.023798718828899455e-21
2.783844524869914312e+04 8.881665168585713417e-20 4.626661353094565290e-21
2.784901302139994368e+04 6.330071767316394351e-20 5.117227099303676812e-21
2.785958070818171109e+04 5.588218123491060910e-20 4.703278383872849550e-21
2.787014830898064247e+04 5.075781049652834980e-20 4.490871160483767078e-21
2.788071582378194216e+04 4.411207270792076114e-20 4.447830886929790353e-21
2.789128325253032381e+04 3.626357951091167383e-20 4.387946546313469050e-21
2.790185059514514069e+04 3.931600302926277532e-20 4.387036864836629573e-21
2.791241785162850283e+04 4.593874940267958050e-20 4.861989359228590711e-21
2.792298502189159262e+04 4.917914713813435956e-20 4.502139772165036316e-21
2.793355210590345087e+04 4.490068685727480046e-20 4.160705952977045037e-21
2.794411910361653281e+04 4.286048601595048125e-20 4.433976387724277921e-21
2.795468601499111173e+04 4.583041043759760972e-20 4.203471592130123189e-21
2.796525283998005762e+04 4.740383737485192494e-20 4.308258379927039238e-21
2.797581957851869083e+04 5.047682318501381568e-20 4.476019180242750227e-21
2.798638623055987773e+04 3.695341733835202002e-20 4.104175199663950608e-21
2.799695279607198972e+04 4.673349512669974264e-20 4.484527332358134930e-21
2.800751927499905651e+04 4.897206602003202622e-20 4.063490030253457140e-21
2.801808566729362065e+04 4.711986761387873717e-20 3.906474700366004555e-21
2.802865197290722062e+04 4.666788761343764676e-20 4.097050684218210350e-21
2.803921819179266822e+04 5.119725142788941088e-20 4.832393688802804285e-21
2.804978432390162197e+04 4.059306799716269939e-20 4.208257468336675316e-21
2.806035036918636615e+04 2.541742631293730060e-20 4.613010962164844771e-21
2.807091632759907225e+04 3.878013594614996334e-20 4.912490073126638118e-21
2.808148219909134423e+04 3.911084144642893994e-20 4.469693735736960942e-21
2.809204798360748464e+04 3.591288882285700846e-20 4.096540939364803246e-21
2.810261368113189383e+04 3.972989148520723531e-20 4.491507591020872532e-21
2.811317929158388142e+04 5.472708584290236954e-20 4.629149489912591773e-21
2.812374481490704784e+04 4.560043872350730308e-20 4.049956504692706126e-21
2.813431025107776441e+04 4.830033379246029899e-20 4.496785419623764204e-21
2.814487560004831175e+04 4.260149840549010081e-20 3.970626419561807602e-21
2.815544086175341727e+04 4.597873290118674241e-20 4.349108631370386239e-21
2.816600603616187072e+04 4.888697109292048608e-20 4.496064236579124874e-21
2.817657112320866145e+04 3.754623019696956048e-20 4.319621235920191951e-21
2.818713612286195348e+04 4.339736010804363115e-20 4.340153765891130226e-21
2.819770103504897634e+04 5.323939836318532485e-20 4.134399837304576889e-21
2.820826585976216666e+04 5.518278268442656292e-20 4.184659165277780354e-21
2.821883059690399386e+04 5.663118415470103656e-20 4.141365417113189486e-21
2.822939524647554572e+04 4.675636774525507402e-20 4.366969123228291335e-21
2.823995980839512413e+04 4.489547222163820228e-20 4.097020915930239079e-21
2.825052428262292597e+04 3.358035171811405681e-20 4.258469541729420665e-21
2.826108866910977304e+04 3.707663507695946218e-20 4.072936165863901139e-21
2.827165296779946220e+04 3.766304291952095983e-20 4.195649508434463197e-21
2.828221717865140454e+04 4.619133558767854833e-20 4.163601487866060257e-21
2.829278130162531306e+04 5.006590019922945743e-20 4.234446091669057910e-21
2.830334533666456991e+04 5.422843688046856636e-20 4.285588810269946442e-21
2.831390928372818962e+04 4.070160676285489669e-20 3.900521441480677518e-21
2.832447314275145254e+04 5.369784192353736240e-20 4.436044116674591675e-21
2.833503691370201341e+04 4.760557582827917185e-20 4.463069424143570620e-21
2.834560059651434494e+04 4.246425528900183297e-20 4.191267647383946722e-21
2.835616419114838573e+04 4.007315175775554073e-20 4.274897429182606971e-21
2.836672769755465561e+04 6.028704912151190903e-20 4.545192593426248285e-21
2.837729111567654763e+04 9.082077158107489212e-20 5.091017850666248780e-21
2.838785444548164742e+04 1.007840351539063478e-19 4.916734399850466681e-21
2.839841768691254765e+04 6.671958188724974991e-20 4.573136032531574795e-21
2.840898083992071042e+04 5.635296005326567559e-20 4.467680343485602546e-21
2.841954390446493198e+04 4.114739269091680419e-20 4.180989517178591295e-21
2.843010688048833617e+04 6.929962629392077417e-20 4.404937781985572321e-21
2.844066976793333379e+04 8.130637267942519486e-20 4.702790765275197113e-21
2.845123256676740493e+04 7.381557398979179363e-20 4.972072397097464423e-21
2.846179527693348791e+04 7.349568358512375100e-20 4.793351765705372549e-21
2.847235789837352058e+04 4.988990113280838680e-20 4.616055636381104553e-21
2.848292043104709956e+04 3.976086227415562977e-20 4.529528432042491880e-21
2.849348287491349765e+04 4.664424305311798466e-20 4.012738175316385894e-21
2.850381496168233934e+04 3.811640374656434593e-20 4.307388701365402131e-21
2.851437721552521907e+04 4.949431483286832720e-20 4.413458419782936811e-21
2.852493937119995826e+04 5.510789650584675303e-20 4.599053587307576861e-21
2.853550143775695688e+04 3.845118200231643550e-20 4.490777756656909906e-21
2.854606341527437689e+04 4.097940160108509392e-20 4.462297369078956214e-21
2.855662530365351267e+04 3.287526735184182818e-20 4.359737316122029900e-21
2.856718710288568764e+04 4.320672920553008999e-20 4.314166625788825744e-21
2.857774881288917459e+04 4.182406230710935758e-20 4.398559766869913555e-21
2.858831043364658399e+04 5.286469321776093286e-20 4.268162264223825417e-21
2.859887196508451234e+04 5.093339379202336673e-20 4.659652927823848199e-21
2.860943340716087187e+04 4.262586519533649892e-20 4.155305956131010766e-21
2.861999475981829528e+04 3.784803505074689653e-20 4.106157938966520531e-21
2.863055602302373154e+04 4.949431151810173037e-20 4.587261448953787402e-21
2.864111719672710024e+04 4.988661771646832785e-20 4.057356521939759826e-21
2.865167828086280861e+04 5.155243128593780061e-20 4.692914841686831649e-21
2.866223927539689976e+04 5.650860668856027942e-20 4.175552638434989820e-21
2.867280018024719539e+04 4.171592847263770847e-20 4.001798534944337228e-21
2.868336099542145530e+04 4.343816578304014293e-20 4.451714084901043596e-21
2.869392172082043180e+04 5.058781989843520350e-20 4.938456683858934946e-21
2.870448235641887368e+04 4.247942920639294371e-20 4.417630783237905306e-21
2.871504290215070432e+04 3.339533911620985702e-20 4.220441504589728019e-21
2.872560335798190135e+04 4.060994783813782627e-20 4.306919519068666250e-21
2.873616372396244697e+04 3.771292984556492940e-20 4.173856038931125690e-21
2.874649324489581704e+04 3.858952706756971040e-20 4.489651222835612555e-21
2.875705340911387611e+04 3.667565952796556673e-20 4.188247407791616765e-21
2.876761348322164122e+04 4.666779407463623551e-20 3.758792041888664452e-21
2.877817346716855536e+04 3.887789132553747485e-20 3.823898822130272781e-21
2.878873336089622535e+04 4.554803229508741912e-20 4.055473786813636326e-21
2.879929316437174930e+04 4.425278028285794141e-20 4.090120312203421991e-21
2.880985287752728982e+04 5.141936374354983791e-20 4.783648391923418260e-21
2.882041250033888355e+04 4.039034968009845852e-20 4.170274405930532199e-21
2.883097203273040941e+04 4.047156348079887937e-20 4.264459904051032819e-21
2.884153147465993970e+04 3.378763139793501551e-20 4.516346927366080346e-21
2.885209082606903758e+04 4.223568386713188758e-20 4.115442283446352654e-21
2.886265008694120843e+04 4.307807877278656037e-20 3.650200171462442714e-21
2.887320925717482896e+04 3.818244258267749977e-20 4.332794614029366522e-21
2.888376833675403032e+04 3.737349488007436575e-20 4.583565626659836927e-21
2.889432732561056764e+04 4.366570826749483596e-20 3.961142262758703456e-21
2.890488622372893951e+04 3.982280236888738287e-20 4.425266193942372785e-21
2.891544503101554801e+04 4.056671158323624095e-20 4.254732389598044098e-21
2.892600374743669090e+04 4.334809630008285761e-20 4.006487632884334687e-21
2.893656237294230596e+04 4.473068081371382990e-20 4.203937879995854608e-21
2.894712090749004346e+04 3.777952642537866052e-20 3.800325896734866678e-21
2.895767935101209150e+04 3.492338497285421437e-20 3.960296449969789761e-21
2.896823770346666788e+04 4.106407735307698953e-20 3.971039285387004833e-21
2.897879596481120461e+04 4.273704327706494353e-20 3.885919183291973438e-21
2.898935413497810077e+04 3.535166524708393974e-20 4.044324865656479209e-21
2.899991221394252716e+04 3.324470915368902691e-20 4.104313549678725468e-21
2.901047020161864202e+04 3.978855490169105842e-20 4.066371327879947789e-21
2.902102809798208546e+04 4.449798020831315776e-20 4.084540159118468307e-21
2.903158590295583053e+04 4.774452644765688022e-20 4.031498932923379707e-21
2.904214361653203741e+04 4.139141401858346366e-20 4.339651646645500074e-21
2.905270123862559194e+04 4.198071660045508234e-20 3.946475759904118280e-21
2.906325876918510039e+04 3.853546380682549406e-20 3.929184855756990312e-21
2.907381620817703515e+04 4.212258231396324792e-20 4.316089995694352235e-21
2.908437355554193709e+04 4.011653984771665835e-20 4.198580333686022504e-21
2.909493081122823060e+04 4.393137256289345031e-20 4.152621056950723354e-21
2.910548797519389700e+04 4.257278854636259035e-20 4.391214827436999460e-21
2.911604504735312003e+04 4.536878982340535247e-20 3.989492488880798828e-21
2.912660202771504555e+04 4.035030567192977349e-20 3.836463021789396091e-21
2.913715891616816225e+04 5.022423373516703712e-20 4.171031309025985658e-21
2.914771571269586275e+04 4.330383585640140530e-20 3.674189530675138479e-21
2.915827241724661508e+04 3.669812213365615538e-20 4.170456924362690813e-21
2.916882902975213801e+04 4.092412617149631112e-20 3.981954963675589261e-21
2.917938555016080500e+04 3.886352593295318432e-20 3.682457735137066138e-21
2.918994197844736846e+04 3.331023160173522413e-20 3.539121822666914343e-21
2.920049831454329978e+04 3.703140395049402134e-20 4.085871530275430726e-21
2.921105455837930640e+04 4.068965309133688343e-20 3.510150971863411428e-21
2.922161070994778129e+04 4.239228469468393859e-20 4.098081790526679777e-21
2.923216676914500931e+04 3.863656425772808933e-20 4.073649909917771876e-21
2.924272273596264858e+04 3.527506294625763368e-20 4.144240595271126362e-21
2.925327861033203226e+04 3.204054920208098713e-20 3.471635540687622336e-21
2.926383439220167929e+04 3.355435451802559314e-20 4.126765916913793956e-21
2.927439008150182053e+04 2.896483849735537244e-20 3.980010527588761447e-21
2.928494567822519457e+04 3.693345634471914946e-20 4.037292582302617670e-21
2.929550118227616622e+04 3.338099439133641152e-20 4.273406656084469756e-21
2.930605659362891311e+04 4.857229458411759903e-20 4.529962294752004295e-21
2.931661191223216520e+04 3.869074480587306338e-20 3.657257045236433569e-21
2.932716713801638616e+04 2.956819086291224980e-20 4.197510512920738907e-21
2.933772227092947287e+04 3.587983755382470258e-20 4.301675913779371834e-21
2.934827731092876638e+04 4.290305597405378629e-20 3.860600288157730649e-21
2.935883225797097111e+04 4.338848780734566399e-20 3.492239625335794772e-21
2.936915502082218518e+04 4.649767828297236116e-20 3.918096647695525514e-21
2.937970976939558022e+04 4.304475850645866498e-20 4.166850177290491204e-21
2.939026441561955289e+04 3.866584826562901420e-20 3.892865171992128661e-21
2.940081896855414016e+04 3.232266642340359832e-20 4.238875517064613376e-21
2.941137342826075837e+04 3.949075900328033373e-20 4.134665640905727621e-21
2.942192779468727167e+04 4.405045840002564797e-20 3.920622443327747707e-21
2.943248206778972235e+04 4.177878313434371653e-20 4.325177101605557021e-21
2.944303624749086521e+04 4.386493862984147682e-20 4.680761482318379862e-21
2.945359033377220840e+04 4.346648401801326999e-20 4.225090807185691391e-21
2.946414432655610653e+04 4.956699585814643197e-20 4.119500021920213954e-21
2.947469822580751134e+04 2.496666958036215055e-20 3.933978502919617510e-21
2.948525203139571022e+04 5.330031037877911408e-20 4.066353800926665223e-21
2.949580573564213046e+04 4.829558268890072734e-20 3.990118780421416293e-21
2.950635920502983208e+04 4.005690191411142365e-20 4.239689884535903950e-21
2.951691257909154592e+04 3.973667474856269278e-20 4.376594330411646680e-21
2.952746585935414259e+04 4.034452170049704718e-20 4.074455464262625038e-21
2.953801904578248286e+04 5.103977863038001062e-20 4.293121119887949011e-21
2.954857213828928434e+04 3.734224802367837942e-20 3.884577426674291131e-21
2.955912513683937868e+04 4.252858929550063472e-20 3.834680439791993288e-21
2.956967804139756117e+04 4.370027936717035295e-20 3.977348939164507806e-21
2.958023085198233093e+04 4.663147600291620875e-20 3.845043629228131193e-21
2.959078357768967544e+04 4.822356360594345703e-20 3.931571384083125796e-21
2.960110363368412800e+04 4.109862234237797480e-20 4.179987542844248800e-21
2.961165613991272403e+04 5.305570415229445695e-20 4.217355995292303739e-21
2.962220855185731489e+04 3.610576447602195164e-20 4.296503017004666369e-21
2.963276086947440490e+04 5.412436909655214084e-20 4.612860932185327796e-21
2.964331309271092687e+04 2.949539908348738704e-20 4.243921215230484124e-21
2.965386522152289399e+04 4.177827287219817130e-20 4.289064929096155440e-21
2.966441725584877713e+04 4.124446493026345026e-20 4.040894497275943822e-21
2.967496919560855531e+04 3.020764071298635515e-20 3.761171147818760066e-21
2.968552104080288700e+04 4.510621623178964638e-20 3.871850576512234852e-21
2.969607279134329656e+04 4.232675997915116905e-20 3.817061485884983074e-21
2.970662444719441191e+04 2.883766620416116203e-20 3.835301429081843127e-21
2.971717600828515424e+04 3.744116210130564213e-20 4.128173018560841755e-21
2.972772747458068261e+04 3.690628612959390929e-20 3.732953015420072405e-21
2.973827884601866754e+04 3.852919581012211727e-20 3.486601392577305163e-21
2.974883012252785556e+04 3.342644924462528297e-20 4.116071491393148210e-21
2.975938130409129008e+04 4.321421357941710656e-20 4.077052849405370449e-21
2.976993239063759756e+04 3.370427004916125578e-20 3.967586441904918971e-21
2.978048338211332157e+04 3.159875475314763878e-20 3.981014689185734747e-21
2.979103427844748512e+04 4.020565290908628572e-20 3.750646718375869639e-21
2.980158507962261501e+04 3.927171046719308609e-20 3.716816744725101536e-21
2.981213578556710127e+04 3.403329675713611883e-20 4.049493645421122928e-21
2.982268639622788396e+04 3.074399660350463584e-20 3.628186457431538567e-21
2.983323691153337495e+04 3.929501634795424087e-20 3.752306840845556974e-21
2.984378733146585728e+04 3.418868931229239351e-20 3.630025870966648633e-21
2.985433765595420482e+04 4.098095219660621738e-20 4.133038691511382385e-21
2.986488788494480104e+04 3.828098880629220291e-20 4.050264146840026779e-21
2.987543801838362560e+04 4.515918364950713511e-20 3.804984729700354445e-21
2.988598805621751671e+04 4.270659137299383659e-20 4.026836454781960975e-21
2.989653799839285057e+04 3.561315953522814707e-20 3.856900382669198650e-21
2.990708784485538490e+04 4.200200877721088068e-20 3.762059512924144946e-21
2.991763759555189245e+04 4.462724350934473977e-20 3.976489783365262368e-21
2.992818725043773156e+04 3.911292373127633181e-20 3.973700016617657667e-21
2.993873680944955413e+04 3.653181062928946962e-20 3.803891473645131288e-21
2.994928627252480874e+04 3.915256008885487107e-20 3.641556757001646132e-21
2.995983563961879554e+04 3.960940698505322388e-20 4.149872624785012225e-21
2.997038491067724681e+04 4.553907173458438314e-20 3.976686744450747483e-21
2.998093408567371080e+04 4.477798736194964278e-20 3.819124360570632331e-21
2.999148316449978665e+04 3.798977294148982787e-20 3.827204502071330839e-21
3.000203214712846966e+04 2.879028271629247630e-20 3.828392316282254575e-21
3.001258103351488171e+04 3.126248799843483355e-20 4.050989669333681095e-21
3.002312982358694717e+04 3.579918430029962467e-20 3.926822135177584020e-21
3.003367851729948234e+04 4.240052001530715189e-20 3.779886460857962233e-21
3.004422711460728533e+04 3.432468129282997596e-20 3.721431612932024695e-21
3.005477561543829142e+04 2.892193176006829790e-20 3.844637081166008191e-21
3.006532401976559413e+04 3.165658641435890826e-20 3.695248805187910264e-21
3.007587232750715702e+04 4.193199130588067583e-20 3.752929064330089894e-21
3.008642053860909436e+04 4.432266750931821801e-20 4.037280766630003337e-21
3.009696865303543382e+04 3.578445737444221930e-20 3.962996342914802412e-21
3.010751667071295014e+04 3.433229385089402485e-20 3.663309650947888821e-21
3.011806459161523162e+04 3.401039585488254515e-20 3.641580023793234987e-21
3.012861241565119781e+04 3.976188387131993425e-20 3.945949192079948516e-21
3.013916014280269883e+04 4.818788664204874115e-20 3.931626276549108589e-21
3.014970777298793109e+04 5.491647701127906617e-20 3.926769488853060380e-21
3.016025530616167453e+04 4.229486605030639329e-20 3.839117575536597600e-21
3.017080274227015616e+04 3.200375008941498901e-20 3.724925126549373603e-21
3.018111627369563575e+04 3.915592866069057030e-20 4.288102458933797370e-21
3.019166349373059711e+04 3.997347676321246875e-20 4.011056492183241365e-21
3.020221061641488996e+04 4.084364989722145213e-20 3.491973291133607772e-21
3.021275764181200793e+04 4.024241073405545679e-20 3.792429322895620347e-21
3.022330456987622892e+04 4.525737804058081218e-20 4.015392120553425440e-21
3.023385140053506620e+04 5.038890976351235283e-20 3.683432091595979879e-21
3.024439813374229561e+04 3.955839614953158954e-20 4.033651453121776109e-21
3.025494476945217684e+04 3.769055424464896085e-20 3.882268390908260187e-21
3.026549130760111439e+04 3.430219483078558453e-20 3.841075495858186371e-21
3.027603774813381824e+04 4.054810527825812497e-20 4.297742775579156740e-21
3.028658409098614720e+04 3.837430794316269015e-20 4.394483394654645556e-21
3.029713033611260471e+04 4.113427894912238854e-20 4.131830305295970545e-21
3.030767648347590148e+04 4.595207020987095197e-20 4.049288672717165460e-21
3.031822253298505893e+04 3.569644613652155650e-20 4.343080198582312747e-21
3.032876848462065391e+04 3.250555321157410571e-20 4.059038433191756020e-21
3.033931433829219532e+04 4.853495407030272196e-20 4.304497060024124705e-21
3.034986009397964153e+04 4.467011032569755150e-20 4.116758425961482226e-21
3.036040575159239597e+04 3.809454084438856723e-20 3.756699777678768882e-21
3.037095131111091541e+04 4.137511918932049592e-20 3.773889417710253908e-21
3.038149677255192728e+04 3.836937222610712672e-20 4.023812084819132195e-21
3.039204214509836311e+04 4.645312325236484221e-20 3.953582917910855476e-21
3.040235313268991376e+04 3.743495133189670783e-20 3.995404986976609838e-21
3.041289827724736097e+04 3.675176061057526534e-20 3.791191208981504217e-21
3.042344332343215137e+04 2.901106655348198363e-20 3.956662566946849286e-21
3.043398827116086613e+04 3.192090692653765653e-20 3.989929746073727412e-21
3.044453312038756121e+04 2.866549863456018703e-20 3.783954749095409215e-21
3.045507787105664102e+04 3.731926445038756874e-20 3.939139554797396392e-21
3.046562252312148121e+04 4.025255309498698013e-20 3.867773445741197491e-21
3.047616707651758043e+04 4.243109130078849034e-20 3.728092295920885402e-21
3.048671153117992071e+04 3.647104006230492140e-20 3.935969125747260806e-21
3.049725588707116549e+04 3.588953840542261799e-20 4.220829349411162565e-21
3.050780014411706361e+04 3.260281662640507638e-20 3.668373294832670578e-21
3.051834430227139455e+04 3.966723274664721110e-20 3.972683430888535956e-21
3.052888836148760674e+04 3.154782463440416758e-20 3.892798809758782145e-21
3.053943232170962438e+04 2.489922716714069009e-20 3.548049392631567855e-21
3.054997618285378121e+04 3.641750657366407411e-20 3.627565861422617702e-21
3.056051994489234494e+04 3.677015517876811009e-20 4.012660145367730055e-21
3.057106360775961730e+04 4.584209327460192511e-20 3.967182850179575258e-21
3.058160717139043118e+04 3.418952720676637976e-20 3.749877163572495246e-21
3.059215063574775195e+04 3.841746491768844365e-20 3.915404966125792057e-21
3.060269400076597231e+04 3.513189760170563360e-20 3.753629569774668769e-21
3.061323726639820961e+04 3.669405044879328272e-20 3.909608881432139061e-21
3.062378043255097145e+04 2.282930142668849443e-20 3.396431363226836877e-21
3.063432349923411311e+04 3.898396441954674566e-20 4.043202927372141184e-21
3.064486646632504926e+04 2.893014854308101388e-20 3.697273838835118784e-21
3.065540933381498326e+04 3.950981422761787655e-20 3.999961353227784555e-21
3.066595210162886724e+04 4.097693172796223259e-20 3.847680230362514832e-21
3.067649476969141688e+04 2.548979567155274576e-20 3.480648834873615855e-21
3.068703733797432869e+04 3.291639992608314213e-20 3.638219918057581564e-21
3.069757980643111659e+04 4.273118522266543028e-20 4.321070661651813954e-21
3.070812217497695383e+04 3.471540520165701703e-20 4.204400188010195765e-21
3.071866444354558553e+04 2.355823988978248955e-20 3.660921586735052580e-21
3.072920661209960599e+04 3.792825967524097094e-20 3.947763741242047477e-21
3.073974868060163863e+04 4.345464457927817245e-20 3.921634363428693766e-21
3.075029064898567594e+04 3.654917553730337434e-20 3.648798451705084784e-21
3.076083251717562962e+04 4.110530424086539514e-20 3.511121633859763011e-21
3.077137428510580867e+04 3.803247018156744018e-20 3.392238749164271823e-21
3.078191595275760483e+04 4.821483881298799135e-20 3.967195186780809960e-21
3.079245752006458497e+04 4.206696901298673618e-20 3.748996966134422089e-21
3.080299898695090087e+04 4.363252525134614424e-20 3.841299130786588902e-21
3.081354035335050139e+04 3.677417078861067595e-20 3.924329826141365033e-21
3.082408161924468004e+04 3.082360648066693631e-20 4.313874376170988280e-21
3.083462278456671265e+04 4.317137542592628752e-20 3.560895073815913676e-21
3.084516384924085287e+04 4.889306312924638837e-20 4.254712296327706959e-21
3.085570481320074759e+04 3.334396645010569121e-20 3.643863871796653973e-21
3.086624567644669878e+04 3.064662714017327923e-20 4.255514670721498751e-21
3.087678643888311854e+04 3.514292882630881194e-20 3.908567810338056479e-21
3.088732710042466715e+04 2.981136783518163578e-20 3.743059071704306470e-21
3.089786766103339687e+04 3.799012915685474456e-20 3.984884885751823638e-21
3.090840812069989624e+04 3.275395016428666823e-20 3.634088213062804533e-21
3.091894847932860284e+04 4.271934834808968750e-20 3.717180346263242179e-21
3.092948873682437261e+04 4.268755540822395949e-20 3.951822142709011386e-21
3.093979344303882317e+04 3.856125873696686921e-20 3.956811276387470325e-21
3.095033348567779103e+04 4.493716398695878708e-20 3.883828206558236530e-21
3.096087341759392075e+04 3.745301859060629491e-20 4.005490915716177496e-21
3.097141324806918055e+04 4.025410929378320735e-20 4.034697107659927970e-21
3.098195297719859809e+04 5.255817046390477335e-20 4.015549146929779143e-21
3.099249260489629523e+04 3.626710357166808749e-20 3.968791866225751789e-21
3.100303213105790564e+04 3.397967420613773513e-20 4.057635736250499527e-21
3.101357155566379515e+04 2.864690884368631022e-20 4.200075530138460595e-21
3.102411087870280244e+04 3.662436714972955478e-20 3.809028457760701243e-21
3.103465010001468545e+04 3.546049778180376981e-20 3.797588183935563858e-21
3.104518921960732769e+04 4.573887197192901838e-20 4.239536772383433207e-21
3.105572823747011353e+04 2.870235166979218835e-20 3.771553113474000445e-21
3.106626715344228796e+04 4.041852089872225523e-20 3.716760523283087090e-21
3.107680596750321274e+04 4.040064182224370241e-20 3.897632945772129960e-21
3.108734467965145450e+04 4.055750391111504947e-20 3.855005414874525013e-21
3.109788328973605530e+04 3.693061569696347356e-20 3.849650423531839831e-21
3.110842179776440753e+04 3.936353563461332912e-20 4.060566208727936196e-21
3.111896020368787867e+04 4.574663736593314392e-20 3.791892899828077330e-21
3.112949850737378802e+04 4.947821617803522319e-20 3.627377779271210432e-21
3.114003670895314644e+04 3.894750046321881197e-20 3.675949945121958961e-21
3.115033892571329125e+04 3.651310299292785952e-20 3.736562097947940149e-21
3.116087690040721282e+04 3.686996847718378705e-20 3.937097261300291728e-21
3.117141477263727938e+04 4.265100473865332740e-20 4.063882889909528135e-21
3.118195254242331066e+04 3.447858737699122978e-20 4.203180699147678388e-21
3.119249020965852833e+04 3.380126671758791029e-20 4.075613246147790072e-21
3.120302777426489411e+04 3.834352136887608168e-20 3.921255846450803983e-21
3.121356523627223214e+04 3.045625464274637874e-20 3.905755262929033253e-21
3.122410259551515628e+04 2.378083150356697677e-20 3.564638277331188646e-21
3.123463985197438524e+04 3.966496876641271795e-20 3.907095204236161876e-21
3.124517700568876535e+04 3.306196093918286612e-20 3.880036804247617825e-21
3.125571405640516241e+04 4.393970728565529671e-20 3.993370049087444522e-21
3.126625100419204318e+04 3.999904784194479778e-20 3.436212397628942766e-21
3.127678784905952125e+04 2.879681260434553268e-20 3.703723269073593968e-21
3.128732459076290252e+04 2.597012008525320934e-20 3.728134820119462503e-21
3.129786122939082270e+04 2.749555461851022988e-20 3.989331895064650721e-21
3.130839776483584865e+04 3.655669457889970348e-20 4.047569285893360695e-21
3.131893419700019876e+04 2.483271405011310838e-20 3.625822786757520212e-21
3.132947052593267654e+04 3.807985934497310220e-20 3.841025098672332305e-21
3.134000675144753768e+04 3.704990633801570243e-20 3.718053582814036148e-21
3.135054287353513791e+04 3.193390422251813895e-20 3.683436585791810048e-21
3.136107889222515587e+04 3.019569044621301952e-20 3.599091594040174334e-21
3.137161480730127732e+04 3.711779863000205521e-20 3.877743865489513173e-21
3.138215061886230978e+04 4.381755488253020255e-20 3.602687038778022245e-21
3.139268632670192528e+04 3.458482836765532557e-20 3.866322354837556829e-21
3.140322193082022568e+04 2.639682792142392304e-20 3.404809242629254270e-21
3.141375743124663495e+04 3.156173147941697992e-20 3.558073976653540357e-21
3.142429282775499814e+04 3.752938871245718768e-20 3.934851798508250171e-21
3.143482812047367406e+04 4.488512641835952290e-20 3.985468136861772008e-21
3.144536330915623330e+04 3.528348018492827211e-20 3.682253291072710926e-21
3.145589839388147448e+04 3.411280115183335791e-20 3.445138633549093286e-21
3.146643337453121421e+04 4.225203103436432678e-20 4.081580786300854621e-21
3.147696825101678769e+04 3.342825017823207962e-20 4.367768409796490365e-21
3.148750302339766131e+04 2.584367934168541934e-20 3.481177341310190844e-21
3.149803769146599734e+04 3.065073278768387158e-20 3.872096434598755985e-21
3.150857225530120195e+04 2.283871486817071302e-20 6.257166380255072636e-21
