1.699425771880817047e+04 8.293836784434375880e-20 2.470576252999309034e-20
1.700493237059430612e+04 6.291563801985033355e-20 1.409234470298595160e-20
1.701560697220448492e+04 7.696497871609087089e-20 1.370749512711789485e-20
1.702628152361725006e+04 2.116806027189502693e-20 1.238095658887274538e-20
1.703695602480909292e+04 1.409806949831860370e-20 1.459121921610231541e-20
1.704763047575871315e+04 5.580661616994830534e-20 1.232168104089094435e-20
1.705830487644421737e+04 4.284879804757729488e-20 1.269555722476837814e-20
1.706897922684184232e+04 4.949042066915809072e-20 1.351621863454309767e-20
1.707965352693089881e+04 1.036588233820852322e-19 1.296262697724230547e-20
1.709032777668641211e+04 5.570207136563036353e-20 1.200133225870367846e-20
1.710100197608908275e+04 1.761365738434720579e-20 1.168498145937145461e-20
1.711167612511554762e+04 7.710157395514988591e-20 1.360242581930091238e-20
1.712235022374366963e+04 6.792214285095142309e-20 1.252981532970923853e-20
1.713302427194986740e+04 6.886460833747561556e-20 1.254827353815018839e-20
1.714369826971278962e+04 3.050626521762419261e-20 1.202610768995918656e-20
1.715437221701002636e+04 4.565916305626531299e-20 1.212352806178695506e-20
1.716504611381902578e+04 1.020124616299275096e-19 1.243734014301355751e-20
1.717571996011642841e+04 3.087935642869365161e-20 1.145102855238942355e-20
1.718639375588124312e+04 5.012306094649824906e-20 1.232803274054686414e-20
1.719706750109167115e+04 6.736169193090055764e-20 1.202603323201913275e-20
1.720774119572352720e+04 3.379773838080874506e-20 1.263721310470111702e-20
1.721841483975558731e+04 6.505760461531694229e-20 1.374641228847321320e-20
1.722908843316525235e+04 5.904565783572379691e-20 1.317515750951299347e-20
1.723976197592871904e+04 6.796733182491553107e-20 1.329221527922071280e-20
1.725043546802533820e+04 5.190909899497112251e-20 1.305796339364186147e-20
1.726110890943189588e+04 2.412119341936377770e-20 1.275101143753463207e-20
1.727178230012634231e+04 5.042377004888322001e-20 1.107314378117721910e-20
1.728245564008679139e+04 3.414355128014606752e-20 1.300295279517302218e-20
1.729312892928942165e+04 3.520005418953556026e-20 1.256993526690973755e-20
1.730380216771220876e+04 3.267201725170177977e-20 1.198385106271776730e-20
1.731447535533229893e+04 4.762480902173859155e-20 1.257216195729330582e-20
1.732514849212818444e+04 4.815416200097743044e-20 1.269537811674120075e-20
1.733582157807799376e+04 5.610194993809104735e-20 1.115789848299755857e-20
1.734649461315747612e+04 5.815039557280895780e-20 1.331356593302640363e-20
1.735716759734552033e+04 5.989369607733519280e-20 1.268767352601631420e-20
1.736784053061711529e+04 3.397911678030594886e-20 1.248476960379790690e-20
1.737851341295322345e+04 6.267340842065867483e-20 1.274103898245733101e-20
1.738918624432999422e+04 2.962561205714226238e-20 1.161232422619272805e-20
1.739985902472432645e+04 4.522008199803364498e-20 1.166657664477135753e-20
1.741053175411461416e+04 2.187369999422637324e-20 1.207383548876016328e-20
1.742120443247590447e+04 5.844857992072259799e-20 1.140732736009539860e-20
1.743187705978944359e+04 2.469959620071281066e-20 1.278903420592729846e-20
1.744254963603025681e+04 3.287994216049336480e-20 1.148108076957937789e-20
1.745322216117634889e+04 3.749583252833098349e-20 1.138758436875588847e-20
1.746389463520534628e+04 6.697546491496221496e-20 1.285767048333361227e-20
1.747456705809339110e+04 3.641187187731830445e-20 1.126516137082454845e-20
1.748523942981978689e+04 7.174296374173852770e-20 1.063175221121987950e-20
1.749591175036212007e+04 6.215004280518388939e-20 1.151584995461398222e-20
1.750658401969596889e+04 3.796741352753717655e-20 1.279820000986036686e-20
1.751725623779965099e+04 3.086326159777303222e-20 1.177964926247820888e-20
1.752792840465036352e+04 1.676195553657985893e-20 1.170295646023288557e-20
1.753860052022588570e+04 3.590070236311067227e-20 1.279344979599271244e-20
1.754927258450398585e+04 7.033454103786850677e-20 1.229148922172073949e-20
1.755994459746040229e+04 3.813561620621715955e-20 1.087543213420342437e-20
1.757061655907416207e+04 1.057489106627763324e-19 1.360988649708002882e-20
1.758128846932225861e+04 1.439886878627866767e-19 1.394935445854492274e-20
1.759196032818187814e+04 7.496493265862394242e-20 1.255785528720808657e-20
1.760263213563018508e+04 8.047640810849131558e-20 1.278457975367526203e-20
1.761330389164434382e+04 5.844103146928640693e-20 1.140264607621764700e-20
1.762397559620242464e+04 6.348734467560060036e-20 1.187561876239346158e-20
1.763464724928193027e+04 4.835925855892500545e-20 1.091808396466891641e-20
1.764531885085815156e+04 7.652538533653358570e-20 1.227433393278508287e-20
1.765599040091114148e+04 4.918762458898230225e-20 1.112579873324531205e-20
1.766666189941678385e+04 5.979811894399435913e-20 1.110496961001263526e-20
1.767733334635239225e+04 4.004947784500880087e-20 1.164289357269393805e-20
1.768800474169472000e+04 2.435683334742493961e-20 1.156501744987340733e-20
1.769867608542281960e+04 3.386642097115787922e-20 1.195608251543398396e-20
1.770934737751274588e+04 3.626847268771971666e-20 1.129437689632200705e-20
1.772001861794175784e+04 6.300276711604963756e-20 9.743479064889955635e-21
1.773068980668659788e+04 2.210292367501547270e-20 1.126204492546772774e-20
1.774136094373486048e+04 3.628716188396472545e-20 9.956678185759811093e-21
1.775203206593903087e+04 1.907417723541357969e-21 1.065498282448957664e-20
1.776270333169628793e+04 2.228828367847082875e-20 1.103002499107116556e-20
1.777337454568399335e+04 4.141546715558680845e-20 1.065425022458978972e-20
1.778404570787123157e+04 1.936166447380214726e-20 1.177993214348888452e-20
1.779471681823450490e+04 3.685622626730254729e-20 1.036441630869997071e-20
1.780538787675173808e+04 2.509127424313154989e-20 1.105717322586623465e-20
1.781605888340028105e+04 3.004514229115479539e-20 1.134237010815160695e-20
1.782672983815646148e+04 4.385731926751893453e-20 1.115923038710202379e-20
1.783740074099782578e+04 2.902281395652911497e-20 1.179508310580007762e-20
1.784807159190273160e+04 2.187907875405540176e-20 1.100989564033663627e-20
1.785874239084643705e+04 5.562568018109527153e-20 1.054000215436405777e-20
1.786941313780645214e+04 4.520182687539861557e-20 1.072994214221941819e-20
1.788008383276180757e+04 4.030264412949854468e-20 1.018204847691312018e-20
1.789075447568747768e+04 3.151066024459500690e-20 9.369875072649844640e-21
1.790142506656092155e+04 2.100275583779929309e-20 1.092355696160080405e-20
1.791209560536111530e+04 3.138131436479896607e-20 1.006637563849272372e-20
1.792276609206299690e+04 6.910049428723162365e-20 1.058327319335045068e-20
1.793343652664400724e+04 1.486288312838740469e-19 1.250970147352671635e-20
1.794410690908308970e+04 7.900274939169559696e-20 1.163790100545057417e-20
1.795477723935485483e+04 6.955177074860925958e-20 1.065303137257422011e-20
1.796544751743762026e+04 4.823043783389281068e-20 1.039555951468354556e-20
1.797611774330937624e+04 4.358139097557072627e-20 1.067175605735201453e-20
1.798678791694504253e+04 2.866492378203455934e-20 1.029023828036536549e-20
1.799745803832299498e+04 2.738786732597778924e-20 9.591219122009062012e-21
1.800812810742111469e+04 2.870704367230598522e-20 1.006931277687669418e-20
1.801879812421397583e+04 1.745968521910497374e-20 1.136673285751214633e-20
1.802946808868091830e+04 3.485798940208393882e-20 1.030303356639564563e-20
1.804013800079814973e+04 5.351276226627441705e-20 1.033866809127005282e-20
1.805080786054235796e+04 3.563538163789416677e-20 1.008543087272303592e-20
1.806147766789099842e+04 2.257900008515040976e-20 1.024025879428371529e-20
1.807214742282091538e+04 1.270313644485757356e-20 9.792315931390211047e-21
1.808281712530914228e+04 2.513584883791907894e-20 9.775751634521493337e-21
1.809348677533265800e+04 9.811865709236256390e-20 1.176749594991234566e-20
1.810415637286827769e+04 2.926772012067685492e-19 1.298086394290209171e-20
1.811482591789345679e+04 2.610366279305754400e-19 1.443685339535568886e-20
1.812549541038450479e+04 1.143396322594243042e-19 1.166980224806969777e-20
1.813616485031853517e+04 2.385904473294693517e-20 1.023159840513517322e-20
1.814683423767359636e+04 1.980002598615937917e-20 9.813889718443411346e-21
1.815750357242467726e+04 3.874583516712174796e-20 1.036658956645710227e-20
1.816817285454980083e+04 3.274844733084111118e-20 1.001672752391763730e-20
1.817884208402592412e+04 4.420777688039218751e-20 9.890813869264268090e-21
1.818951126082980409e+04 4.072896889914862937e-20 9.755008400316232481e-21
1.820018038493802669e+04 8.256217240349454450e-20 9.613719862522086500e-21
1.821084945632792005e+04 5.218474461288979821e-20 1.055133107876605379e-20
1.822151847497653580e+04 4.107095218826267176e-20 1.088560326355472916e-20
1.823218744086013248e+04 4.427477344005834271e-20 1.090582885143267377e-20
1.824285635395554709e+04 3.066620902977998878e-20 1.034072995529294500e-20
1.825352521424051884e+04 1.735542368900203043e-20 9.475695616859348575e-21
1.826419402169097521e+04 1.785192706526081185e-20 1.032755658086882598e-20
1.827486277628423704e+04 3.481966780592054717e-20 1.015998110092268826e-20
1.828553147799652288e+04 3.154904579510194049e-20 1.002566373311495399e-20
1.829620012680603031e+04 4.479571778319593553e-20 1.044297441150398854e-20
1.830686872268770094e+04 2.555583082879652015e-20 1.003591015501521153e-20
1.831753726561927760e+04 5.485075488857045013e-20 9.803305293818801994e-21
1.832820575557799020e+04 5.923295880400234757e-20 1.060388829552366429e-20
1.833887419254014821e+04 6.368470286018631880e-20 1.065283167181541744e-20
1.834954257648215207e+04 3.860816862021390967e-20 9.023713247774842599e-21
1.836021090738096609e+04 4.037449617826759742e-20 1.084513276939166568e-20
1.837087918521426036e+04 5.152288054450017903e-20 1.004456022099391102e-20
1.838154740995742031e+04 4.725984262307392599e-20 1.024846131237765425e-20
1.839221558158791595e+04 5.737096850275220406e-20 1.015993881124205390e-20
1.840288370008172205e+04 2.942212486063081088e-20 9.512011282855165386e-21
1.841355176541703622e+04 1.309180649025842950e-20 1.002432325094947731e-20
1.842421977756938213e+04 6.425954511885754787e-20 1.016598383958401051e-20
1.843488773651538941e+04 3.081690857909833241e-20 9.927833019850891930e-21
1.844555564223189140e+04 2.217799194654529834e-20 9.056993182302742797e-21
1.845622349469663823e+04 4.060448287434811127e-20 9.229542151026005035e-21
1.846689129388467336e+04 5.235747692376228752e-20 1.007722469666289896e-20
1.847755903977351409e+04 3.362860791846656514e-20 9.099199548196340722e-21
1.848822673233952082e+04 5.721494045514807644e-21 8.603534144201467474e-21
1.849889437155991618e+04 2.769521736311156785e-20 9.280984433689478532e-21
1.850956195741057672e+04 4.486036251536437238e-20 9.510471961678042749e-21
1.852022948986824485e+04 1.331928100985583660e-20 9.119798363289087593e-21
1.853089696890963023e+04 4.262343598770451456e-20 8.798915875225642735e-21
1.854156439451209735e+04 5.328563534909778290e-20 9.015725555020656863e-21
1.855223176665064602e+04 6.171103395938868554e-20 8.904337305799610631e-21
1.856289908530286993e+04 6.542921687623258425e-20 1.016725463791330580e-20
1.857356635044516588e+04 6.354502623358014083e-20 9.495219534391810241e-21
1.858423356205425807e+04 3.349182068261696695e-20 7.629101055797592862e-21
1.859490072010664517e+04 5.543180679397964003e-20 9.209660306591857059e-21
1.860556782457844383e+04 6.106152030101080401e-20 9.458559020177343534e-21
1.861623487544626187e+04 3.178909242652459541e-20 9.029208960575235678e-21
1.862690187268736918e+04 8.231455930651388653e-20 9.759754282958554411e-21
1.863756881627729308e+04 3.715612990478151633e-20 1.045913790524330225e-20
1.864823570619323073e+04 2.224178047381915505e-20 7.742836340103746352e-21
1.865875582587724784e+04 4.171104692211325958e-20 8.312968926479804346e-21
1.866942259872605428e+04 5.284191181415297280e-20 9.490627849264840045e-21
1.868008931783225853e+04 2.435457683124864224e-20 8.822560243299277206e-21
1.869075598316939067e+04 2.713117441172860534e-20 8.502599496613502106e-21
1.870142259471457146e+04 2.393282794548646221e-20 9.086792488817369771e-21
1.871208915244384843e+04 5.990984194715866943e-20 8.967898714917205721e-21
1.872275565633430961e+04 3.630773310716921214e-20 8.253674277974313992e-21
1.873342210636210075e+04 5.319815323104129260e-20 9.150388606997557811e-21
1.874408850250317482e+04 5.477277620397080078e-20 8.440735076033204567e-21
1.875475484473404867e+04 3.047201800882055406e-20 9.270683997071597170e-21
1.876542113303111910e+04 5.571749628556083245e-20 8.916889969663605773e-21
1.877608736737166328e+04 3.347776223066991682e-20 8.182003444621781099e-21
1.878675354773056461e+04 3.693856463207048712e-20 8.748334708827056584e-21
1.879741967408472192e+04 5.507705142150163946e-20 9.185444153541992684e-21
1.880808574641085579e+04 3.948247945610118689e-20 8.633779737985024338e-21
1.881875176468490099e+04 4.349996823854676673e-20 9.139432129281425985e-21
1.882941772888352716e+04 5.842351566469758501e-20 9.005152356707515009e-21
1.884008363898277457e+04 4.088841397735218393e-20 8.633479911564867831e-21
1.885074949495867986e+04 4.898021624796715390e-20 8.490114198851421725e-21
1.886141529678748702e+04 3.515008374577083846e-20 7.912047862492485381e-21
1.887208104444602213e+04 4.229107648735354147e-20 8.597258038991790646e-21
1.888274673791080568e+04 5.422463393099212609e-20 9.404105338312711695e-21
1.889341237715702300e+04 5.046679388669099798e-20 8.928168636957209678e-21
1.890407796216131464e+04 2.688778978584754755e-20 8.047733343338115865e-21
1.891474349290010650e+04 3.214789362856378300e-20 8.773046657104860649e-21
1.892540896934939155e+04 4.763872763347855197e-20 8.647808137577583992e-21
1.893607439148586491e+04 4.019795100750370082e-20 1.011743546950990474e-20
1.894673975928533036e+04 6.469829041479464545e-20 9.390868809403638848e-21
1.895740507272334435e+04 5.748534597464000560e-20 8.578509401407148218e-21
1.896807033177721314e+04 3.753357191174987827e-20 8.611235008126659984e-21
1.897873553642210391e+04 3.841455326747095135e-20 1.005815355555425811e-20
1.898940068663523562e+04 2.529217260775121747e-20 8.276424980372575332e-21
1.900006578239213195e+04 1.202518594667266595e-20 8.035562827466829864e-21
1.901073082366854578e+04 3.307853460223473336e-20 8.704473746581786664e-21
1.902139581044104489e+04 4.788263575011021278e-20 7.691997976462187508e-21
1.903206074268553493e+04 3.546289171149431095e-20 9.048904692057739180e-21
1.904272562037822354e+04 1.564041955056689762e-20 8.620058441505324528e-21
1.905339044349554388e+04 5.378100343953303868e-20 9.309268885078977807e-21
1.906405521201292868e+04 3.608716051624975812e-20 8.926316982269432351e-21
1.907471992590641457e+04 5.275051861824433560e-20 9.249959467317546220e-21
1.908538458515232924e+04 3.147453230073453276e-20 8.998775856943198065e-21
1.909604918972664382e+04 3.498621634383741328e-20 7.822943680573859214e-21
1.910671373960591882e+04 3.716683326375060482e-20 8.562458922302335410e-21
1.911737823476565609e+04 4.702063484080543862e-20 8.952196560229463737e-21
1.912804267518137931e+04 2.202571702270977004e-20 9.283162588329091228e-21
1.913870706082952165e+04 5.967813151961039107e-20 9.050464271899108577e-21
1.914937139168629801e+04 5.970383359883850275e-20 8.816494587254089134e-21
1.916003566772697741e+04 7.882313422094683373e-20 9.166343086588726124e-21
1.917069988892839319e+04 2.670155524165691489e-20 8.895040005310873632e-21
1.918136405526630915e+04 6.807781660071722546e-20 7.975379360075936520e-21
1.919202816671592882e+04 4.410709528536357437e-20 7.915911903590117434e-21
1.920269222325387091e+04 5.444164965153917710e-20 8.404742747947676207e-21
1.921335622485554632e+04 5.984340613874442558e-20 8.351876589389545242e-21
1.922402017149707171e+04 3.168816428053151324e-20 8.462887980135537917e-21
1.923468406315434913e+04 1.991969745882699174e-20 8.300033578644909520e-21
1.924534789980341156e+04 6.448058812529950882e-20 8.209879189220589286e-21
1.925601168141972084e+04 5.877746445769211412e-20 9.651144067009434172e-21
1.926667540797955735e+04 2.700896335355836374e-20 8.499505878256179012e-21
1.927733907945830288e+04 2.750408275777482167e-20 8.535403173895718746e-21
1.928800269583196132e+04 3.323808772463553881e-20 8.973514561207621861e-21
1.929866625707634739e+04 4.354354412031740353e-20 9.019803403156397664e-21
1.930932976316726854e+04 3.103858138957758920e-20 8.821960615778868758e-21
1.931999321408068135e+04 3.398980180806110771e-20 8.667531937823427051e-21
1.933065660979195673e+04 3.661793984830027130e-20 9.677767272993401597e-21
1.934131995027729863e+04 4.481014462046384918e-20 7.618371702399237480e-21
1.935198323551199064e+04 2.723955937875197059e-21 7.637576427061744988e-21
1.936264646547194934e+04 3.634269773585688562e-20 8.209185927250496753e-21
1.937330964013292760e+04 4.322263143682436700e-20 8.591783810231844019e-21
1.938397275947039088e+04 5.224609287254767186e-20 9.987077344334429601e-21
1.939463582346068142e+04 7.343806314729085928e-20 8.681440358912472094e-21
1.940529883207885723e+04 4.842552037149139972e-20 8.681645427810709555e-21
1.941596178530080579e+04 5.853906277910750175e-20 7.590191241346175843e-21
1.942662468310217082e+04 3.208280799992322066e-20 8.096831137907964931e-21
1.943728752545854513e+04 4.174246580729126760e-20 8.495886688457339994e-21
1.944795031234562703e+04 2.904271911307867750e-20 8.038745995847964870e-21
1.945861304373896564e+04 3.189156368158650876e-20 8.428324896180205719e-21
1.946927571961400463e+04 7.561000492221070546e-20 8.609327914864830894e-21
1.947993833994676243e+04 4.464770325066803986e-20 7.953232094355244067e-21
1.949060090471239528e+04 5.819599767109859410e-20 8.581838099940411695e-21
1.950126341388707442e+04 3.748789683375562876e-20 9.255007854920063906e-21
1.951192586744552318e+04 2.735174109066426657e-20 8.667201839887694889e-21
1.952258826536411652e+04 4.676788490228299833e-20 7.526154379459123539e-21
1.953325060761773420e+04 6.038771165140450611e-20 8.320664437301431054e-21
1.954391289418214001e+04 3.905790453499371473e-20 7.986164764246465117e-21
1.955457512503262842e+04 5.326665880289434170e-20 7.848824061598512609e-21
1.956523730014490138e+04 3.063271016513818426e-20 7.531363633052890328e-21
1.957589941949436979e+04 2.222221902480651226e-20 7.825259768739679153e-21
1.958656148305677561e+04 4.082228728250808978e-20 7.763597949331702677e-21
1.959722349080751155e+04 4.258519543932695169e-20 7.680683773214950526e-21
1.960788544272143190e+04 4.396044808755963834e-20 8.582685081091890671e-21
1.961854733877439139e+04 4.757372787491141116e-20 7.564375487560654041e-21
1.962920917894199010e+04 4.928168591865945953e-20 8.707519928643599922e-21
1.963987096319939883e+04 3.116295715495705933e-20 8.230082161223080376e-21
1.965053269152201028e+04 2.681414925895352108e-20 8.174212008833180831e-21
1.966119436388499525e+04 3.399128795034609736e-20 8.512260894336854010e-21
1.967185598026371372e+04 5.503172639034841607e-20 7.868530145674026217e-21
1.968251754063393309e+04 4.854200473052951159e-20 7.879986290887236152e-21
1.969317904497097697e+04 6.560498943062522728e-20 8.172739374198524265e-21
1.970384049324976149e+04 4.191729100439576353e-20 8.352517156457867640e-21
1.971450188544596676e+04 3.742382525937620621e-20 7.792918959685186447e-21
1.972516322153451256e+04 4.369152827348159030e-20 6.569271042739403698e-21
1.973582450149083888e+04 2.531289541640406287e-20 8.347147236471663118e-21
1.974648572529026205e+04 4.778228741213981742e-20 8.108266665146778520e-21
1.975714689290841125e+04 3.852112181977699623e-20 7.677367625288262371e-21
1.976780800431957323e+04 5.499102905702999163e-20 8.132670651918681352e-21
1.977846905950004657e+04 4.230930392983874205e-20 7.898001863760483748e-21
1.978913005842398707e+04 6.342928271767048149e-20 7.878036541654187829e-21
1.979979100106726764e+04 6.183520340282009735e-20 7.843606921644636612e-21
1.981045188740495723e+04 5.460383598245762076e-20 7.973170347729153896e-21
1.982111271741221208e+04 3.993963833697407487e-20 6.604409200600995759e-21
1.983177349106419206e+04 2.769335165433305271e-20 6.856120789230640576e-21
1.984243420833580967e+04 3.392298562475167710e-20 7.574435162070071819e-21
1.985309486920261043e+04 3.004479278729573044e-20 7.407691244277597058e-21
1.986375547363947408e+04 4.430767474989353260e-20 8.344636174565863408e-21
1.987441602162173149e+04 4.754947301660969899e-20 7.914178214428465975e-21
1.988507651312410962e+04 5.990183440424111693e-21 8.018976370187469729e-21
1.989573694812169560e+04 9.782135706849584832e-22 7.956347930753631335e-21
1.990639732658984212e+04 3.148908031823763766e-20 8.382005259145183009e-21
1.991705764850247215e+04 1.776956121564151178e-20 8.404024415923939248e-21
1.992771791369554558e+04 2.332407104864175420e-20 8.155602473801179733e-21
1.993823024728478413e+04 5.527233083149469945e-20 7.552581655490252278e-21
1.994889038971202535e+04 5.116012689089153614e-20 7.898132040740890952e-21
1.995955047548477887e+04 4.764867621128652931e-20 8.044754876442588169e-21
1.997021050457718957e+04 4.951652225523765899e-20 7.688892227036326034e-21
1.998087047696470108e+04 3.699964135882511127e-20 7.902172538531520579e-21
1.999153039262258244e+04 5.403221871418770253e-20 7.721351173193839409e-21
2.000219025152510585e+04 3.234508018366060456e-20 7.428852958115083482e-21
2.001285005364769677e+04 2.754233330404051369e-20 7.069407093014394540e-21
2.002350979896505305e+04 6.096912901959377923e-20 7.846733011601791240e-21
2.003416948745180707e+04 3.787098512059069795e-20 7.420494442976269189e-21
2.004482911908327878e+04 5.787808024697089239e-20 7.862718624248785362e-21
2.005548869383401325e+04 5.569281732708940100e-20 8.142113861517848630e-21
2.006614821167917034e+04 5.168843289640898104e-20 7.492913246257465002e-21
2.007680767259342247e+04 5.223402677159169167e-20 7.880661821109791964e-21
2.008746707655138380e+04 4.227416859722727556e-20 7.922611378449048219e-21
2.009812642355093703e+04 6.522503182072922051e-20 7.674736712871435824e-21
2.010878613890902852e+04 3.179941222417377735e-20 7.662353966859073524e-21
2.011944589652927607e+04 3.729242873407856321e-20 7.940839464277459083e-21
2.013010559709169684e+04 2.399844482223530639e-20 7.564339254670202798e-21
2.014076524056345079e+04 3.001902373363410826e-20 7.403862173964067811e-21
2.015142482691922487e+04 3.986099357082141009e-20 7.141141614847492432e-21
2.016208435613370966e+04 4.429367065654759914e-20 8.823548501618216915e-21
2.017274382818183949e+04 4.055098109970840576e-20 8.351408073644339128e-21
2.018340324303797024e+04 5.167341821490638845e-20 7.695797270325350444e-21
2.019406260067691255e+04 5.490451806734546866e-20 7.815792991670629102e-21
2.020472190107333518e+04 4.934934023413839364e-20 8.067765113282994844e-21
2.021538114420179045e+04 3.136164755017740131e-20 8.525463245627262443e-21
2.022604033003694713e+04 3.945915172169554365e-20 7.578626420067702402e-21
2.023669945855360493e+04 3.388443036365641153e-20 8.305974390307103682e-21
2.024735852972604334e+04 3.372715964858114882e-20 7.858049618129786775e-21
2.025801754352900389e+04 3.139037533653007672e-20 7.203469855376789721e-21
2.026867649993702435e+04 5.185098542914309483e-20 7.739517188555278743e-21
2.027933539892440604e+04 4.436096108707311533e-20 7.076639927194528426e-21
2.028999424046608692e+04 1.784744191477870849e-20 7.089514654729636067e-21
2.030065302453662662e+04 5.153218287538274402e-20 8.147817309883070033e-21
2.031131175111018456e+04 4.528943503377737058e-20 8.227827152315164615e-21
2.032197042016124760e+04 4.204210767079547280e-20 7.364861088652280175e-21
2.033262903166455362e+04 3.294113222313288884e-20 6.919614597076135662e-21
2.034328758559439666e+04 4.965180241390648725e-20 8.081249086540220904e-21
2.035394608192527448e+04 4.181619353915024183e-20 7.366905360472677261e-21
2.036460452063162666e+04 3.873494428713147243e-20 8.455160970661182882e-21
2.037526290168770356e+04 3.871528333243580804e-20 8.564154723232515893e-21
2.038592122506823580e+04 4.139316113768861962e-20 7.840948525234803713e-21
2.039657949074729186e+04 2.893344755419427482e-20 6.678407813869481211e-21
2.040723769869936586e+04 4.571391906574466882e-20 8.590141502037606110e-21
2.041789584889882826e+04 4.622337949211284234e-20 7.709664657535610989e-21
2.042855394132000583e+04 4.275634876002164790e-20 7.573373282934487923e-21
2.043921197593705801e+04 3.910951167713034174e-20 7.432101312945199977e-21
2.044986995272439890e+04 4.000306937501028173e-20 7.684702869533224614e-21
2.046052787165659902e+04 3.271742089924009539e-20 7.381778729479723834e-21
2.047118573270741035e+04 3.683949949713160239e-20 8.013227072230880059e-21
2.048184353585153076e+04 5.146638572579074888e-20 7.796604028338682216e-21
2.049250128106290867e+04 4.643904615358280620e-20 7.752297403135997536e-21
2.050315896831590726e+04 4.140160949598631012e-20 7.949253457086253125e-21
2.051381659758463866e+04 4.206999153217093947e-20 7.651588257899913493e-21
2.052447416884338963e+04 4.238372043407867668e-20 7.108711755639839129e-21
2.053513168206653791e+04 5.289500329207443176e-20 8.455939522539889666e-21
2.054578913722791913e+04 3.496368010389879617e-20 7.660697867305253864e-21
2.055644653430198741e+04 3.559643092435401524e-20 7.762799045365856751e-21
2.056710387326263299e+04 2.766777336351812656e-20 7.671735285517620475e-21
2.057776115408357873e+04 3.107424868686452919e-20 7.250320110236271891e-21
2.058841837673985356e+04 1.025335087322430803e-20 6.702718910657801437e-21
2.059907554120496206e+04 4.599718561005428035e-20 7.563047085674234761e-21
2.060973264745327469e+04 4.844917412082765094e-20 7.411866346708185646e-21
2.062038969545847795e+04 3.527462040194009496e-20 6.653546225933096569e-21
2.063104668519488405e+04 3.544604724624770402e-20 7.015974686661935754e-21
2.064170361663616131e+04 3.675995703513462507e-20 7.013850559321455884e-21
2.065236048975688755e+04 5.247466820638323977e-20 7.882559133458004108e-21
2.066301730453064374e+04 5.366879698926549118e-20 7.585568051708296462e-21
2.067367406093151658e+04 5.036367789478985643e-20 7.494705972863305756e-21
2.068433075893349451e+04 5.533272291587303463e-20 7.591358357740407302e-21
2.069498739851007122e+04 2.868797734193846498e-20 7.321093501628652881e-21
2.070564397963604642e+04 2.281613355899447981e-20 6.647166306223820283e-21
2.071630050228459368e+04 3.878468023922622308e-20 6.788513804412285013e-21
2.072695696643006522e+04 3.322574710637486363e-20 6.578610887071255141e-21
2.073761337204617303e+04 3.669138048755869083e-20 6.862533232215510732e-21
2.074826971910649081e+04 2.912698267164347601e-20 7.490093124081718590e-21
2.075892600758530170e+04 4.033487194781046330e-20 7.275636179549399031e-21
2.076958223745628129e+04 4.068480877320110897e-20 6.555739446804725212e-21
2.078023840869326523e+04 4.500284620338237135e-20 6.806133955288515741e-21
2.079089452126976903e+04 4.825435726630746823e-20 7.152419382731443673e-21
2.080155057515994122e+04 4.300987455431015864e-20 7.216405219951620864e-21
2.081220657033744646e+04 4.105580130298932042e-20 7.185472400908408988e-21
2.082286250677601492e+04 3.544839113861809623e-20 7.203355022807065017e-21
2.083351838444938767e+04 3.247272050171678053e-20 6.225794531621203216e-21
2.084417420333106202e+04 3.137784886282004343e-20 7.525678351436534112e-21
2.085482996339487727e+04 3.425719545027911598e-20 7.012018847420127580e-21
2.086548566461472365e+04 3.559416894300420434e-20 6.956064394593836886e-21
2.087614130696399661e+04 4.765245154036184921e-20 6.816887132855376767e-21
2.088679689041660458e+04 3.389594792301284058e-20 6.665009432363990576e-21
2.089745241494584843e+04 4.638667201647678572e-20 7.112073908282798618e-21
2.090810788052558564e+04 4.870952774660540196e-20 8.077442064911637308e-21
2.091876328712938266e+04 3.552192743239380489e-20 6.595717542342614149e-21
2.092941863473080230e+04 3.849572673272952324e-20 6.042627993244283404e-21
2.094007392330325820e+04 2.134995933462354593e-20 6.729652420470070671e-21
2.095072915282054964e+04 3.118674781826916504e-20 6.483748785535865623e-21
2.096138432325572649e+04 2.499202829724345393e-20 6.897579975788039276e-21
2.097203943458282811e+04 2.838511937896950872e-20 7.363145075909454161e-21
2.098269448677532637e+04 2.931121081840295530e-20 6.629615099972781477e-21
2.099334947980659854e+04 2.974601170054003509e-20 6.538064863644506758e-21
2.100400441364973813e+04 2.286301628741481902e-20 6.555557916760209775e-21
2.101465928827872995e+04 3.774854573559942459e-20 6.978841329504490812e-21
2.102531410366666023e+04 1.451296400320572258e-20 6.056506101332805759e-21
2.103596885978709543e+04 3.931432176595373378e-20 6.361024322133392204e-21
2.104662355661356560e+04 3.134254633658492115e-20 5.950697342655768547e-21
2.105727819411896053e+04 3.555851147710881001e-20 6.459147330474215400e-21
2.106793277227703220e+04 3.216443088721081868e-20 6.737749870819037466e-21
2.107858729106121973e+04 4.974760794883596842e-20 7.000056482643502069e-21
2.108924175044442381e+04 4.110201438547182607e-20 6.694783868460159746e-21
2.109989615040037825e+04 3.614480998713077881e-20 6.339251912217089252e-21
2.111055049090226385e+04 4.625825912944861062e-20 7.235780447164835009e-21
2.112120477192299950e+04 4.033066135918728354e-20 7.048822875880409846e-21
2.113185899343640267e+04 2.804087910873473658e-20 7.490238800669009889e-21
2.114251315541508666e+04 2.619116199961964630e-20 6.400075176452642653e-21
2.115316725783305083e+04 3.229691347157645741e-20 6.700401912940965544e-21
2.116382130066286845e+04 3.970046059959263370e-20 6.826394666667721267e-21
2.117447528387776038e+04 2.737440584673407389e-20 6.326871290229748207e-21
2.118512920745138035e+04 3.836072971342571697e-20 6.379613908484713926e-21
2.119578307135618525e+04 4.198892924872403319e-20 6.453183672228373963e-21
2.120643687556612349e+04 4.717159023214647091e-20 6.105340816775988895e-21
2.121709062005363739e+04 3.439454021230359916e-20 5.920939832182778654e-21
2.122774430479194052e+04 3.098248577212400581e-20 6.561382294535608911e-21
2.123839792975439923e+04 4.477464060212434654e-20 6.716198291482357288e-21
2.124905149491393968e+04 4.493972783676796267e-20 6.836960608168624297e-21
2.125970500024348439e+04 5.268872875701106527e-20 6.986193547812585600e-21
2.127035844571604321e+04 4.375937617347030601e-20 6.782369807797030548e-21
2.128101183130489153e+04 4.411601975915072406e-20 6.847904694299422207e-21
2.129166515698277362e+04 2.828342555715134659e-20 6.545041458343562099e-21
2.130231842272293579e+04 2.337495931253861939e-20 6.687510922072555000e-21
2.131297162849813685e+04 5.048352087816975834e-20 7.451782427797098639e-21
2.132362477428113925e+04 2.777640928408186848e-20 6.114884030412186333e-21
2.133427786004521477e+04 2.719726756618203259e-20 6.485649676211695814e-21
2.134493088576301670e+04 1.475817991214136167e-20 6.490580185867439233e-21
2.135558385140758037e+04 3.956709008575693363e-20 6.529351672771285736e-21
2.136623675695178099e+04 2.481004983968958769e-20 5.810217139758207802e-21
2.137688960236824641e+04 3.842719218641624148e-20 6.988659935340115889e-21
2.138754238763012108e+04 2.286062160126419188e-20 6.735348501139584449e-21
2.139819511270986186e+04 3.061351252310142933e-20 6.269733487813445929e-21
2.140884777758073687e+04 4.212042563542211985e-20 6.680131849831983472e-21
2.141950038221491195e+04 3.571061642463036022e-20 6.740273758811586073e-21
2.143015292658585895e+04 2.947652211802779094e-20 6.335337047962455373e-21
2.144080541066574006e+04 5.266820049270669584e-20 5.958556788668399357e-21
2.145145783442750690e+04 3.916715857214437583e-20 7.213013147444689118e-21
2.146211019784385644e+04 4.978678108302006780e-20 6.916991417418508135e-21
2.147276250088734741e+04 3.924787999816574132e-20 6.436131970667676057e-21
2.148341474353069134e+04 2.803279155759511441e-20 6.596031807930282822e-21
2.149406692574685803e+04 2.866490266128984961e-20 6.931090353955890889e-21
2.150471904750814429e+04 5.190076379775007272e-20 6.929799978458857241e-21
2.151537110878718158e+04 3.501982049494723968e-20 6.611851480365706429e-21
2.152602310955659050e+04 2.906738770494899937e-20 6.973578067458613738e-21
2.153667504978888974e+04 3.860042246839529414e-20 6.816509175364706151e-21
2.154732692945700182e+04 3.147279323796290720e-20 6.697892108075199823e-21
2.155797874853309258e+04 5.139424546299827289e-20 6.225650086739638995e-21
2.156863050698955340e+04 3.346001353250545725e-20 6.134619385115869359e-21
2.157928220479925221e+04 4.004543663344278959e-20 7.231635515518514562e-21
2.158993384193443489e+04 4.588462502257906289e-20 6.426837052637661747e-21
2.160058541836793302e+04 3.876843784220024479e-20 7.259605098895951802e-21
2.161123693407177416e+04 5.017334361370551348e-20 7.188464967023659282e-21
2.162188838901846611e+04 3.737523322591014959e-20 7.346945838235343211e-21
2.163253978318039663e+04 4.641381372672292904e-20 7.537725361044516459e-21
2.164319111653006621e+04 4.503413303080414445e-20 6.339606986442130906e-21
2.165384238904008453e+04 2.811402604666545163e-20 6.893521914334537642e-21
2.166449360068220631e+04 2.985896307649854601e-20 7.170849323060166623e-21
2.167514475142920128e+04 3.336358918740905188e-20 6.848571153302287916e-21
2.168579584125331166e+04 4.373207563669602044e-20 6.613168268300972894e-21
2.169644687012673239e+04 4.337583177812556162e-20 7.150356678636097749e-21
2.170709783802188394e+04 4.590656583070564641e-20 7.216697651675303049e-21
2.171774874491075025e+04 3.761396197246605554e-20 7.336802688369279428e-21
2.172839959076580271e+04 2.292160363433638446e-20 6.902013930029815322e-21
2.173905037555925446e+04 1.668706769480146835e-20 7.171651355490024129e-21
2.174970109926341320e+04 1.729951497093566714e-20 6.734708131868781990e-21
2.176035176185008095e+04 5.669616814343695319e-20 6.732591787874279491e-21
2.177100236329166364e+04 1.578041825796346339e-20 6.854740177038684496e-21
2.178150329411814892e+04 3.491622149385337880e-20 6.837598079070040001e-21
2.179215376340736111e+04 3.700066756171912609e-20 6.819189779577460450e-21
2.180280417146767650e+04 2.843784249143520487e-20 7.079259029899016849e-21
2.181345451827035504e+04 1.927975692698384130e-20 7.024072561743845873e-21
2.182410480378792272e+04 3.489129533592759191e-20 7.683822153203870813e-21
2.183475502799215974e+04 8.672743031967317490e-21 6.015625921754361432e-21
2.184540519085499909e+04 2.713941735895613343e-20 6.400351853806327813e-21
2.185605529234852293e+04 3.354844227374284812e-20 6.476098085048558444e-21
2.186670533244477701e+04 3.095791387522932363e-20 6.229282028171935740e-21
2.187735531111571981e+04 3.497457591659769716e-20 6.676546313423372356e-21
2.188800522833314972e+04 9.161003488752128599e-21 6.022830140607641222e-21
2.189865508406930167e+04 2.620337664657227276e-20 6.292197445966485493e-21
2.190930487829570484e+04 3.068576033135290357e-20 6.044022161066385808e-21
2.191995461098469968e+04 3.380585147557954840e-20 5.606591810627226592e-21
2.193060428210757163e+04 1.846357753392655631e-20 6.077202743054733138e-21
2.194125389163689761e+04 2.733681599836567632e-20 6.420233380993991111e-21
2.195190343954378841e+04 2.809357132341336066e-20 6.714310945903676790e-21
2.196255292580051537e+04 4.144514518914383208e-20 6.902668826705677134e-21
2.197320235037863313e+04 4.406724685888530843e-20 6.748027617433829335e-21
2.198385171325010378e+04 4.029808358239923058e-20 6.910838116854324504e-21
2.199450101438663478e+04 1.502861707873365691e-20 6.392700535105460880e-21
2.200515025375976256e+04 3.766270562047167276e-20 6.316806144776635246e-21
2.201579943134135829e+04 3.798510542135634739e-20 6.427418161401598725e-21
2.202644854710326763e+04 3.476693222751839728e-20 6.036072002850104188e-21
2.203709760101688153e+04 2.806381011352772027e-20 6.008782286555407981e-21
2.204774659305388559e+04 2.661302786147190648e-20 5.910539225845298981e-21
2.205839552318611823e+04 3.145533242945160382e-20 6.424231132573662062e-21
2.206904439138493035e+04 4.527962365757850343e-20 6.299364271976421166e-21
2.207969319762195664e+04 5.339145781308867279e-20 6.582014409146317607e-21
2.209034194186904642e+04 3.576099317260143383e-20 5.971073824772087633e-21
2.210099062409760518e+04 3.486691067019335263e-20 6.321436801329400917e-21
2.211163924427920938e+04 2.522091367457972364e-20 5.747868159922165231e-21
2.212228780238509717e+04 4.448120871381373610e-20 6.167679099232532171e-21
2.213293629838691777e+04 4.451275639884236335e-20 6.357973184433780247e-21
2.214358473225632406e+04 3.713443713419904526e-20 7.426199650190045854e-21
2.215423310396443048e+04 4.631691253888209010e-20 6.729519304093026931e-21
2.216488141348294084e+04 3.604378067679413299e-20 6.766094509356705974e-21
2.217552966078325699e+04 3.793757677733047882e-20 6.549274269665628484e-21
2.218617784583680623e+04 5.465887875615616602e-20 6.056246764760249263e-21
2.219682596861461207e+04 3.149659131389277242e-20 7.221206285228955447e-21
2.220747402908842560e+04 2.289025306514512962e-20 6.417677136726264442e-21
2.221812202722919392e+04 3.892995154869481296e-20 5.791417279991939720e-21
2.222876996300857354e+04 4.648093700132892458e-20 6.681070382883827096e-21
2.223941783639778077e+04 3.103040699696868858e-20 6.389345516070992236e-21
2.225006564736806104e+04 4.918311406850888744e-20 6.363891700406381669e-21
2.226071339589046329e+04 4.656459145542815403e-20 6.421958510034227672e-21
2.227136108193657492e+04 2.828507892439441481e-20 6.143037217617263305e-21
2.228200870547727027e+04 3.776739562399818076e-20 6.593891820288265630e-21
2.229265626648402758e+04 4.641224457365294999e-20 6.052814741990139647e-21
2.230330376492768846e+04 2.473241475895284547e-20 5.773567714509632381e-21
2.231395120077975298e+04 3.440516857454614554e-20 6.343052356234999040e-21
2.232459857401112458e+04 4.159699722948460517e-20 5.900444103975820766e-21
2.233524588459292136e+04 4.037493810100022624e-20 6.174804921543345621e-21
2.234589313249618135e+04 4.610126545102616575e-20 6.577779470243619482e-21
2.235654031769210269e+04 4.985209580965217235e-20 6.411414858859209258e-21
2.236718744015173797e+04 3.450487695790213806e-20 6.434416094846588507e-21
2.237783449984600156e+04 1.944073203938795228e-20 6.480022471322213241e-21
2.238848149674595334e+04 3.746131146360122667e-20 5.924437676728804399e-21
2.239912843082244217e+04 3.459588295800462006e-20 6.478227964391421084e-21
2.240977530204665891e+04 3.502729857350505574e-20 6.390269041092859617e-21
2.242042211038942332e+04 3.890539963140347664e-20 6.374399046121592563e-21
2.243106885582156247e+04 3.514368202827198365e-20 6.127914674493858749e-21
2.244171553820769259e+04 3.034561416694545451e-20 5.745228348630448515e-21
2.245236214222810668e+04 3.996618551017187282e-20 5.699591781333339238e-21
2.246300862855820378e+04 2.432139465313703033e-20 5.404369467935386526e-21
2.247365505147218937e+04 2.356793635243888214e-20 6.579080092529567590e-21
2.248430141133104553e+04 9.547824665785113011e-21 5.899744032202402766e-21
2.249494770810581394e+04 2.333020984596836751e-20 6.196507373078647810e-21
2.250559394176705973e+04 1.832508001052491061e-20 5.786792167871898435e-21
2.251624011228567542e+04 3.559161399773522016e-20 5.993634182986520227e-21
2.252688621963220430e+04 1.756400122830913492e-20 5.852320329020662012e-21
2.253753226377752799e+04 1.853659966868040023e-20 5.867093392988813983e-21
2.254817824469235347e+04 1.572370942130860469e-20 6.590939876532080317e-21
2.255882416234672201e+04 3.163894609741726438e-20 6.460772084811658243e-21
2.256931968243849042e+04 3.202353562210107573e-20 6.230362334055500923e-21
2.257996546364386813e+04 2.794886011678880421e-20 5.892629284179480994e-21
2.259061118150019684e+04 2.432206065196306713e-20 6.417310643069051532e-21
2.260125683597792886e+04 3.076787819678682289e-20 6.140270716130589810e-21
2.261190242704799311e+04 2.249647249380288417e-20 6.092739572489618683e-21
2.262254795468071825e+04 3.115829327842736041e-20 6.119943663147345221e-21
2.263319341884657115e+04 2.539569176417208579e-20 6.269427587232718321e-21
2.264383881951600779e+04 4.634170563384221506e-20 5.863741471556108961e-21
2.265448415665984430e+04 3.291100967436165540e-20 6.406878968422318702e-21
2.266512943024805281e+04 2.837633027659953246e-20 6.090340740597108686e-21
2.267577464025151494e+04 2.878378579576210449e-20 6.103427794912440619e-21
2.268641978664014823e+04 2.034822973544397513e-20 5.991602059333928217e-21
2.269706486938472517e+04 4.266848729981695205e-20 5.913587655353965204e-21
2.270770988845552347e+04 2.721860084751424165e-20 5.304502967366092393e-21
2.271835484382277355e+04 4.075065659303429492e-20 6.004412269912053351e-21
2.272899973545675675e+04 3.363336795535887854e-20 5.092455188070715506e-21
2.273964456332806367e+04 4.982118497522965660e-20 6.263897430967323616e-21
2.275028932740668461e+04 3.113116628049435977e-20 5.355779221385664449e-21
2.276093402766301733e+04 4.098118464820296061e-20 5.424078645734413362e-21
2.277157866406708854e+04 3.533306803418654304e-20 5.888334044237457656e-21
2.278222323658938694e+04 4.937418254077761612e-20 6.426310137654569312e-21
2.279286774520001563e+04 3.494217480512590947e-20 6.211384405053306741e-21
2.280351218986884487e+04 2.884798302826695447e-20 6.703856507896872588e-21
2.281415657056649434e+04 3.129098379064362856e-20 5.896301303656214008e-21
2.282480088726269605e+04 3.581136716207315923e-20 5.105085958390525020e-21
2.283544513992796419e+04 5.396569744690618217e-20 5.849748037692277849e-21
2.284608932853186343e+04 2.689731815144021252e-20 5.362848469075968501e-21
2.285673345304480972e+04 3.022317233916685324e-20 5.808329271463343021e-21
2.286737751343678974e+04 4.541296472527259641e-20 5.992384786573578045e-21
2.287802150967765192e+04 2.631580253095604181e-20 6.384162857367927492e-21
2.288866544173751026e+04 2.082541268143777774e-20 5.680506767870908460e-21
2.289930930958634781e+04 2.949409708308312830e-20 5.672154710373483922e-21
2.290995311319407119e+04 1.831195674936137836e-20 5.483984362968215717e-21
2.292059685253060161e+04 2.432803918261519905e-20 6.198579250409014111e-21
2.293124052756581659e+04 3.230645632342145008e-20 7.188375100634365050e-21
2.294188413826960459e+04 4.099861659435792358e-20 7.564623107700867563e-21
2.295252768461194137e+04 2.957637401481959803e-20 5.535903517439883184e-21
2.296317116656241342e+04 1.897783445833440523e-20 5.378653534404631965e-21
2.297381458409096740e+04 4.307377227646264284e-20 5.624367188590005523e-21
2.298445793716749176e+04 2.677220282104403395e-20 5.534899370246210192e-21
2.299510122576171125e+04 1.709258517053786442e-20 5.512826536874976777e-21
2.300574444984313232e+04 4.052546266569862990e-20 5.909591480448755403e-21
2.301638760938168707e+04 5.749019793935983654e-20 6.227874163740740891e-21
2.302703070434714391e+04 2.751627321352989740e-20 5.587907906269725675e-21
2.303767373470902385e+04 2.405455135156491857e-20 5.621252185513075155e-21
2.304831670043695703e+04 2.818598419924219969e-20 5.260054557427665135e-21
2.305895960150073370e+04 3.858236540999175162e-20 6.330149406958488903e-21
2.306960243786988212e+04 3.384652483370967628e-20 6.351167801026780648e-21
2.308024520951399973e+04 2.886491526316315798e-20 6.133448853943350508e-21
2.309088791640250565e+04 2.724986996435055412e-20 5.939025177322778903e-21
2.310153055850501551e+04 4.743450782128691315e-20 6.020925592186223051e-21
2.311217313579135225e+04 3.385115189186315442e-20 5.861900426253303753e-21
2.312281564823050940e+04 3.257454639658566737e-20 5.589307473359308721e-21
2.313345809579222259e+04 3.856006267697591394e-20 5.303060492785124229e-21
2.314410047844599467e+04 2.067919954709377306e-20 5.635089270352659843e-21
2.315474279616120839e+04 2.351414366528914959e-20 5.580455335915091097e-21
2.316538504890714466e+04 3.942602256469982419e-20 5.302828088388391987e-21
2.317602723665325539e+04 2.533120168887959188e-20 5.479975870274730376e-21
2.318666935936891605e+04 2.678137946656200704e-20 5.420964730650438743e-21
2.319731141702354580e+04 1.771224697935329913e-20 5.603194286600288512e-21
2.320795340958616362e+04 3.917165930744208772e-20 5.896516562966744132e-21
2.321859533702632325e+04 3.654256322929491873e-20 6.054171000373839617e-21
2.322923719931334927e+04 2.834224411598866658e-20 5.919000514129489535e-21
2.323987899641621334e+04 3.472433255307330794e-20 5.566676507567092168e-21
2.325052072830431280e+04 2.692624408104355011e-20 6.086129342184403417e-21
2.326116239494672845e+04 2.544052992516830060e-20 6.158534952674699092e-21
2.327180399631284308e+04 3.970875687235279335e-20 5.900011733569098611e-21
2.328244553237159926e+04 2.921863845875977574e-20 5.361689486232792454e-21
2.329308700309206324e+04 1.530939009308283844e-20 5.400407493984411935e-21
2.330372840844365783e+04 2.728158476645572235e-20 5.610137912196092216e-21
2.331436974839519462e+04 3.693571614607486966e-20 5.875379476530315170e-21
2.332501102291572533e+04 4.657539964440385830e-20 5.254229577406924690e-21
2.333565223197437081e+04 3.999789775832458537e-20 5.643015469757413277e-21
2.334629337554017184e+04 4.230135413017540885e-20 5.911568479906692054e-21
2.335693445358206372e+04 2.666395586087247719e-20 4.898236749796304302e-21
2.336757546606894903e+04 2.663046504558896932e-20 5.910414505918899067e-21
2.337821641296981397e+04 1.810485279726717587e-20 5.826367251420711210e-21
2.338885729425371028e+04 3.425902963868563410e-20 5.464427985880877221e-21
2.339949810988923855e+04 2.828978534791615673e-20 5.260571645824102444e-21
2.341013885984549051e+04 4.334628263249692896e-20 6.053515769178602340e-21
2.342077954409123413e+04 4.025312010204501832e-20 5.818858691770832325e-21
2.343142016259541560e+04 2.364664744876770601e-20 5.662626838826180690e-21
2.344206071532654823e+04 1.494053485723329280e-20 5.839373766573002281e-21
2.345270120225362189e+04 3.637455713374607998e-20 6.195596649054348158e-21
2.346334162334537177e+04 5.039980093574897379e-20 6.098662374230768514e-21
2.347398197857050400e+04 3.761303486723363805e-20 5.496197961978821383e-21
2.348462226789758643e+04 3.082549609845738076e-20 5.214284127213628707e-21
2.349526249129553980e+04 2.462317634590043527e-20 5.056576481166620221e-21
2.350590264873288470e+04 4.676278507835098352e-20 6.170468238411832830e-21
2.351654274017818898e+04 4.221194107352163722e-20 5.201026285047507530e-21
2.352718276560006416e+04 2.512812390766708813e-20 4.916872192843624973e-21
2.353782272496728547e+04 3.949382767533792408e-20 5.310571308902581671e-21
2.354846261824824614e+04 4.493814796711058313e-20 5.872423494062108274e-21
2.355910244541139400e+04 4.384459569330029413e-20 5.102789231659015530e-21
2.356974220642549699e+04 4.812958911540820019e-20 6.002329049428359846e-21
2.358038190125891197e+04 1.547513929159738585e-20 5.476762149320289825e-21
2.359102152987999580e+04 2.399311148669066811e-20 5.017599885525570206e-21
2.360166109225728724e+04 3.142133011786704902e-20 5.066621937076888017e-21
2.361230058835925229e+04 2.455289622762221919e-20 5.613914487191847332e-21
2.362294001815426964e+04 2.984104244508506919e-20 5.698859145660650940e-21
2.363357938161048151e+04 2.133273324047962371e-20 5.878216384377490225e-21
2.364421867869652851e+04 1.922408178344829479e-20 5.441700594587305414e-21
2.365485790938065475e+04 4.272991299437638239e-20 4.957203501879209433e-21
2.366549707363094058e+04 2.033333756252277894e-20 5.687044621593295894e-21
2.367613617141592476e+04 3.099999714637717225e-20 5.512509640731217584e-21
2.368677520270372770e+04 4.208719590571390267e-20 5.842664497976704813e-21
2.369741416746259711e+04 2.330838479913158826e-20 5.473735569614062385e-21
2.370805306566062063e+04 4.330345671294007728e-20 5.869064052859726646e-21
2.371869189726611876e+04 7.797600192512681347e-20 5.985130104926756662e-21
2.372933066224725553e+04 2.342486504522953837e-19 8.157000933112357818e-21
2.373996936057195126e+04 2.605384853389162326e-19 8.712110745271509264e-21
2.375060799220846457e+04 1.108027795993984580e-19 7.132283088939887843e-21
2.376124655712488675e+04 3.673357731888596290e-20 6.305762939013359088e-21
2.377188505528923633e+04 2.275222855240780771e-20 5.235389040063697305e-21
2.378252348666939724e+04 3.944657168306195940e-20 5.742277138968515726e-21
2.379316185123354808e+04 2.992824649267849063e-20 5.695946884638081881e-21
2.380380014894967462e+04 3.736851449080353429e-20 5.956013464611807617e-21
2.381443837978551892e+04 4.711471751329086804e-20 6.022541930867561395e-21
2.382507654370916498e+04 3.493980091379841550e-20 5.486794663070774986e-21
2.383571464068856949e+04 3.553296337510639101e-20 5.329280827146524165e-21
2.384635267069149631e+04 2.578838729668658647e-20 5.959561601000435974e-21
2.385699063368577117e+04 3.280404726349720810e-20 5.598753139862981739e-21
2.386762852963933619e+04 3.199809298179423081e-20 5.387472583559767904e-21
2.387826635851998435e+04 2.942091456060977798e-20 4.858665813037847643e-21
2.388890412029530853e+04 1.613039372118227914e-20 5.472427665198254166e-21
2.389939019569686207e+04 2.481845210925884464e-20 5.811424700146989839e-21
2.391002781318364578e+04 3.249707815601521960e-20 5.609848767249183356e-21
2.392066536346725843e+04 2.526666380406380060e-20 5.555757947856124863e-21
2.393130284651536203e+04 4.236096270799808424e-20 5.883527252944283701e-21
2.394194026229556766e+04 1.927269626437745527e-20 6.287712109775989905e-21
2.395257761077545365e+04 2.576470299968268999e-20 5.820251742188813156e-21
2.396321489192267472e+04 2.600499985226816024e-20 4.866926210075185307e-21
2.397385210570483468e+04 2.477941508586726672e-20 6.002417883428960528e-21
2.398448925208942092e+04 3.160487326362165681e-20 5.815340113123907113e-21
2.399512633104393535e+04 4.179334036102801143e-20 5.712280539001150314e-21
2.400576334253596360e+04 2.744785887931973919e-20 5.301639042355020038e-21
2.401640028653294939e+04 2.935204216563137628e-20 5.630102384455442704e-21
2.402703716300230371e+04 2.460445870624867017e-20 5.054098875425121158e-21
2.403767397191145210e+04 2.870369180212660259e-20 5.957128630317006061e-21
2.404831071322788193e+04 3.716334982508027664e-20 5.205540814177754651e-21
2.405894738691885505e+04 3.515356314849921461e-20 5.834315307874508998e-21
2.406958399295174604e+04 9.606832706106831974e-21 5.377663904893325123e-21
2.408022053129395135e+04 2.734575885982740216e-20 6.003500732822533565e-21
2.409085700191267824e+04 3.879911248340953032e-20 5.671143243930261678e-21
2.410149340477519945e+04 3.604999930291829230e-20 5.529358890584621971e-21
2.411212973984883865e+04 3.119233126964397712e-20 5.509699934174355143e-21
2.412276600710076673e+04 9.271721641875635123e-21 5.793160753466617418e-21
2.413340220649816183e+04 3.394277881888197076e-20 5.425093640871967107e-21
2.414403833800821303e+04 3.428234265915642341e-20 5.551731522964740752e-21
2.415467440159810576e+04 2.089209896742588235e-20 5.164275482414900690e-21
2.416531039723489084e+04 2.853362069678147894e-20 5.182752845215470373e-21
2.417594632488564457e+04 1.681331132491288303e-20 5.159715598504487808e-21
2.418658218451755602e+04 3.627436495270338868e-20 5.354603572784865747e-21
2.419721797609753412e+04 3.854717191528278105e-20 5.102090800625259887e-21
2.420785369959263699e+04 4.240640215175131174e-21 5.067637284399062824e-21
2.421848935496989361e+04 2.313042651534871193e-20 5.279677507163664064e-21
2.422912494219624568e+04 2.240766006206530125e-20 5.311328678822549787e-21
2.423976046123860942e+04 2.257125393553847962e-20 5.515206704914880095e-21
2.425039591206389741e+04 3.492993402168358961e-20 5.317015377866163760e-21
2.426103129463904770e+04 4.283301665115891676e-20 5.128698862831712971e-21
2.427166660893087101e+04 3.152359632188645024e-20 5.391043002535120227e-21
2.428230185490617077e+04 6.597522397584626216e-20 5.820760102314724423e-21
2.429293703253189233e+04 4.912805668672532021e-20 6.301664655170254209e-21
2.430357214177467540e+04 4.753860303778333521e-20 5.907475720445676844e-21
2.431420718260130161e+04 3.392522476798141209e-20 5.598719371914421872e-21
2.432484215497858168e+04 2.548768939287713996e-20 5.169194139293843619e-21
2.433547705887316624e+04 5.902788960570993730e-20 5.877174408051440806e-21
2.434611189425169141e+04 4.923529270571841458e-20 5.275172023717079286e-21
2.435674666108088422e+04 3.705286514346436257e-20 5.083739164657110939e-21
2.436738135932738078e+04 3.081107777008114548e-20 5.274892699065022320e-21
2.437801598895767893e+04 2.803751541303867070e-20 5.492761209410390533e-21
2.438865054993842932e+04 2.409555103323477890e-20 5.001876882612060424e-21
2.439928504223622076e+04 3.685435086328885439e-20 5.164954450463673291e-21
2.440991946581747470e+04 4.795805584986000895e-20 5.391247287560136310e-21
2.442055382064871083e+04 3.573025284552980048e-20 5.740149401867949389e-21
2.443118810669650702e+04 3.020845464001167720e-20 5.306397182111802892e-21
2.444182232392716105e+04 2.382790412550064583e-20 5.469883437335286237e-21
2.445245647230714167e+04 3.985670376917865063e-20 5.548033327036082759e-21
2.446309055180290670e+04 3.442510153656028541e-20 5.462771793936826247e-21
2.447372456238071027e+04 2.850188495055169079e-20 5.519317948153836269e-21
2.448435850400695563e+04 1.792245107846029956e-20 5.352724048337158992e-21
2.449499237664794782e+04 3.189118248669972126e-20 5.364629560239984342e-21
2.450562618026994460e+04 2.383271972879100548e-20 4.846127677552318226e-21
2.451625991483933103e+04 2.064702216397857658e-20 5.184174601777520543e-21
2.452674137004006479e+04 2.952035530580045340e-20 5.367544176591049286e-21
2.453737495634602965e+04 1.605393583394544059e-20 5.201944458806609188e-21
2.454800847349654578e+04 2.885565767317780895e-20 5.099719654036796070e-21
2.455864192145778725e+04 3.607508296296009231e-20 5.432140077614360680e-21
2.456927530019592450e+04 1.714315257760784329e-20 5.303354079289518126e-21
2.457990860967687331e+04 3.292309497916702256e-20 5.089005294428227843e-21
2.459054184986689870e+04 2.224053623340442667e-20 5.551056816453741176e-21
2.460117502073204741e+04 2.132831535844367372e-20 4.844403364808177174e-21
2.461180812223806424e+04 1.777313998134194301e-20 4.866109911639554425e-21
2.462244115435119966e+04 2.952851106514547564e-20 5.393425174165937553e-21
2.463307411703748949e+04 3.782136541455703688e-20 4.997513708033618541e-21
2.464370701026252209e+04 3.310307656343147495e-20 5.023281083493431797e-21
2.465433983399248245e+04 2.399456922297389753e-20 4.450047407178804683e-21
2.466497258819324634e+04 2.438945954683554951e-20 4.969483256523541480e-21
2.467560527283048941e+04 3.530773675559271454e-20 5.252553694851761102e-21
2.468623788787018930e+04 2.113239870435550135e-20 5.168420858563712714e-21
2.469687043327818901e+04 1.639355903488192129e-20 5.272996719799559425e-21
2.470750290902008783e+04 2.753777728112742728e-20 5.142189720737417712e-21
2.471813531506173240e+04 2.354978599188622955e-20 5.381692909458205334e-21
2.472876765136889662e+04 2.893029935054193681e-20 5.149718081352164522e-21
2.473939991790719432e+04 2.006087750705979889e-20 5.177425929785658936e-21
2.475003211464227934e+04 2.212679014198188265e-20 4.965595814366321729e-21
2.476066424153988555e+04 1.952840079601985530e-20 5.211217953125605297e-21
2.477129629856555039e+04 2.989901872504193956e-20 5.193631605123125710e-21
2.478192828568472760e+04 3.862744579838410691e-20 5.283895724409102876e-21
2.479256020287629144e+04 2.953473073180129722e-20 5.064808463207197531e-21
2.480319217585221486e+04 2.767563624583178736e-20 4.794688042567371032e-21
2.481382436864503325e+04 1.801322655527137055e-20 4.593303220352560656e-21
2.482445649138543013e+04 2.845352285803994541e-20 5.003922120256313967e-21
2.483508854403885925e+04 1.839317956212008415e-20 4.804799628043203759e-21
2.484572052657050881e+04 2.514335607894423614e-20 5.422386211304602409e-21
2.485635243894601808e+04 3.246449350190749763e-20 5.201941476453718961e-21
2.486698428113061891e+04 2.877125404335045021e-20 5.177099823822276759e-21
2.487761605308959406e+04 3.263262559718248350e-20 5.456164633428592342e-21
2.488824775478837182e+04 3.053531888402154780e-20 5.130055153923033558e-21
2.489887938619223132e+04 1.053409344651691514e-20 5.329160326247813093e-21
2.490951094726615702e+04 3.861911012923319559e-20 5.255673871943005651e-21
2.492014243797569725e+04 2.316921295420272952e-20 4.920681282000284049e-21
2.493077385828607657e+04 1.010299919873774368e-20 5.322016439314377983e-21
2.494140520816204298e+04 1.966177482567913028e-20 5.307392911360754977e-21
2.495203648756914481e+04 3.172074449786376952e-20 5.662736138050445982e-21
2.496266769647240653e+04 1.792866097185703753e-20 5.281608320822483726e-21
2.497329883483672165e+04 1.975826874269568272e-20 5.001285168545568352e-21
2.498392990262736203e+04 1.521217588602047588e-20 5.363872396310939431e-21
2.499456089980933757e+04 3.853818379965955489e-20 5.313068802938892333e-21
2.500519182634746539e+04 3.548906974872470230e-20 5.220260079774568698e-21
2.501582268220690457e+04 3.784619330634305678e-20 4.842610008487764763e-21
2.502645346735264320e+04 3.151116117494201694e-20 5.349290346650493995e-21
2.503708418174934195e+04 3.070921328324804282e-20 5.071109324450753686e-21
2.504771482536210533e+04 3.293931135733819063e-20 5.092978544230860335e-21
2.505834539815577591e+04 2.677548956208202133e-20 5.186226907970665468e-21
2.506897590009508349e+04 3.687457182771701951e-20 5.290027390161278941e-21
2.507960633114493612e+04 2.026942400329505200e-20 5.146565567783559204e-21
2.509023669127011090e+04 3.777228646710230384e-20 4.703608466117623452e-21
2.510086698043521756e+04 2.187394037495202845e-20 4.668972293267525213e-21
2.511149719860509504e+04 1.990054431067590846e-20 4.599044718899311024e-21
2.512212734574451315e+04 1.306203824653231656e-20 5.121716709117365722e-21
2.513275742181795431e+04 2.133755600331030765e-20 5.060176539172123075e-21
2.514338742679015559e+04 2.644125555262384225e-20 5.062104772579059030e-21
2.515401736062579221e+04 1.748178736819174472e-20 4.334750864214701739e-21
2.516464722328925200e+04 1.230473300021096212e-20 4.707594077823717281e-21
2.517527701474523928e+04 3.177957389175457745e-20 5.071568219969251854e-21
2.518590673495836381e+04 1.599080763518292380e-20 4.933233862420293395e-21
2.519653638389284606e+04 3.682208824970649408e-20 4.984651291064383639e-21
2.520716596151340491e+04 3.633671707521770484e-20 4.677272943596406292e-21
2.521779546778433723e+04 3.815043449630328197e-20 4.791787821839150084e-21
2.522842490267011090e+04 2.513860520734524686e-20 5.435451466883173693e-21
2.523905426613507734e+04 1.804878299705515888e-20 4.812056652997481709e-21
2.524968355814367533e+04 2.231355487700513003e-20 4.767953234702552909e-21
2.526031277866011806e+04 1.023290493190276698e-20 4.965376653205651939e-21
2.527094192764868785e+04 2.237597653215233768e-20 4.728965803298584363e-21
2.528157100507388532e+04 2.851960818200946396e-20 5.377088406855750100e-21
2.529220001089963262e+04 2.011721379323141293e-20 4.930828132719090627e-21
2.530282894509035759e+04 2.385189915591380074e-20 4.965297997070849977e-21
2.531345780761020796e+04 2.814629614022213051e-20 4.469636660682856923e-21
2.532408659842322595e+04 2.934253229682783851e-20 5.145724459717755338e-21
2.533471531749359565e+04 2.546555368192006120e-20 4.421232542219352219e-21
2.534534396478559211e+04 1.900845834844205438e-20 4.987904059172381433e-21
2.535597254026295559e+04 2.341057040169916350e-20 5.150410360191375714e-21
2.536660104388997206e+04 1.604629831701378043e-20 5.221600719633882458e-21
2.537722947563068374e+04 3.150887252488841075e-20 5.817368297868206789e-21
2.538785783544877995e+04 3.298497240880828995e-20 5.221012748218281561e-21
2.539848612330853575e+04 3.840813593614658444e-20 4.650882545425763822e-21
2.540911433917375689e+04 3.603068722443270967e-20 5.001342698885306527e-21
2.541974248300818726e+04 1.249306576379701691e-20 4.718511432075443521e-21
2.543037055477589092e+04 7.559872974837015605e-21 5.159882709542711790e-21
2.544099855444073910e+04 2.815580632244601853e-20 5.096197659612997066e-21
2.545162648196630107e+04 2.957799129654343245e-20 4.420847771473665368e-21
2.546225433731655357e+04 2.208562660925139867e-20 4.772715734588997776e-21
2.547288212045531691e+04 1.587176294057671373e-20 4.638270793874451637e-21
2.548350983134601483e+04 2.787416224373087148e-20 5.333918191895445255e-21
2.549413746995258407e+04 2.680945009065510171e-20 4.580142962285112787e-21
2.550476503623867757e+04 2.452818231714084262e-20 5.074800274718289177e-21
2.551539253016777729e+04 2.653059411221116778e-20 4.978480876222823111e-21
2.552601995170361261e+04 3.068090877769978634e-20 4.868498653213957572e-21
2.553664730080982554e+04 2.883075289092802204e-20 4.903413286987482595e-21
2.554727457744975982e+04 2.440378141300058957e-20 4.303738942869168198e-21
2.555790178158714480e+04 3.154192793514270221e-20 4.394604118106899691e-21
2.556852891318532056e+04 2.647194275943413300e-20 4.669167805038520180e-21
2.557915597220773634e+04 3.702626286188322009e-20 4.439896561676270379e-21
2.558978295861797960e+04 2.317120372945471585e-20 5.328437892258921706e-21
2.560040987237929221e+04 2.644304373607545878e-20 4.910384198648234534e-21
2.561088341663482788e+04 2.708232631093961590e-20 4.782078774029585846e-21
2.562151017477996720e+04 1.624303548530310304e-20 4.833709943210644116e-21
2.563213686016454812e+04 2.290259619109649336e-20 4.884206542978590184e-21
2.564276347275202716e+04 3.750372647818936269e-20 4.926171800950124106e-21
2.565339001250563160e+04 2.741796245317196022e-20 4.590143586378061831e-21
2.566401647938854512e+04 2.112709933199377161e-20 4.611253768531303558e-21
2.567464287336420603e+04 2.054263668683273135e-20 4.699104477551935180e-21
2.568526919439547055e+04 2.205873783442116756e-20 4.388796468336484283e-21
2.569589544244557692e+04 3.855986130592687134e-20 4.653885412519485394e-21
2.570652161747777427e+04 2.163643779981165424e-20 4.747587518678796107e-21
2.571714771945495158e+04 2.981594940703444035e-20 5.119829810351641229e-21
2.572777374834014699e+04 2.798314301877786953e-20 4.236586020515534196e-21
2.573839970409654416e+04 2.043935662688936111e-20 4.776052768313810132e-21
2.574902558668702113e+04 2.354492513098171585e-20 4.694092079684604911e-21
2.575965139607439414e+04 2.335321390330548351e-20 4.468243845900343441e-21
2.577027713222190869e+04 2.015534417416005328e-20 5.053705683531533800e-21
2.578090279509221364e+04 1.630254573218935634e-20 4.343350431489970466e-21
2.579152838464824890e+04 2.271972883657637395e-20 4.763326119726503895e-21
2.580215390085287436e+04 3.121220525979089739e-20 4.761989846254582219e-21
2.581277934366889531e+04 2.556662839251644227e-20 4.715245547310279096e-21
2.582340471305902975e+04 2.719701966381086607e-20 4.509164792436801619e-21
2.583403000898603932e+04 2.660854783566501731e-20 4.901005918407700751e-21
2.584465523141271478e+04 1.176022629103729621e-20 4.695374146861987588e-21
2.585528038030166499e+04 1.559266467890044250e-20 4.714148413381590781e-21
2.586590545561563340e+04 3.445712734990284478e-20 4.634255763155208067e-21
2.587653045731713792e+04 1.322178897894384925e-20 4.301729409219623234e-21
2.588715538536881286e+04 2.955374463081665440e-20 4.471839009460172091e-21
2.589778023973329618e+04 3.089308215605178061e-20 5.009043424176627658e-21
2.590840502037300757e+04 3.171996375791084430e-20 5.022101513723306592e-21
2.591902972725050131e+04 2.804956828031926053e-20 5.034100429156615579e-21
2.592965436032830621e+04 2.384909165499393007e-20 4.188891673836172428e-21
2.594027891956882377e+04 3.191461833819309944e-20 4.809113875783445401e-21
2.595090340493445910e+04 2.992934125760811785e-20 4.797863918402996361e-21
2.596152781638759552e+04 3.311276332730985136e-20 4.935289855188767413e-21
2.597215215389068544e+04 3.241206608641625461e-20 5.056054782757694136e-21
2.598277641740591571e+04 1.542112207751797501e-20 5.249381392434328937e-21
2.599340060689563325e+04 1.462217996624218470e-20 4.984495220184536200e-21
2.600402472232218497e+04 2.386007269804593471e-20 4.919451852411688151e-21
2.601464876364764859e+04 2.790137163542739448e-20 4.497774389057889568e-21
2.602527273083431646e+04 1.390879801149504052e-20 4.493894078831626027e-21
2.603589662384433177e+04 2.271622427813966331e-20 4.758528467231920190e-21
2.604652044263989956e+04 1.271809829601762245e-20 4.642055223457094110e-21
2.605714418718309753e+04 1.542171935510839109e-20 4.488002043696075599e-21
2.606776785743594519e+04 2.172695696606165040e-20 4.923038870050118564e-21
2.607839145336062575e+04 1.828844182284846305e-20 4.537436061589478044e-21
2.608901497491904956e+04 2.708509859982988110e-20 4.278147653665181044e-21
2.609963842207326525e+04 3.696079827348819776e-20 5.151511206730863417e-21
2.611026179478517952e+04 2.492195910949553444e-20 5.634687391329517874e-21
2.612088509301677186e+04 3.624267833095862723e-20 4.972084248673617615e-21
2.613150831673014181e+04 9.267461320569373434e-21 4.425262651605075548e-21
2.614213146591143959e+04 1.015873849945225755e-20 4.809062727861514330e-21
2.615260072098216551e+04 1.206550932597482663e-20 5.031671483294832491e-21
2.616322371062135062e+04 2.223593944363390735e-20 4.716290110352739021e-21
2.617384662558793207e+04 1.607793124076200680e-20 4.739857944117194330e-21
2.618446946584331090e+04 2.073743786178882266e-20 5.052667197726661870e-21
2.619509223134942295e+04 2.564800452895629402e-20 4.572495851972853932e-21
2.620571492206793482e+04 2.459511779658768746e-20 4.075332680642700947e-21
2.621633753796029850e+04 3.563664409675746589e-20 4.394202589884653790e-21
2.622696007898832977e+04 2.133009780918065878e-20 4.275007433465410732e-21
2.623758254511362611e+04 2.739201741190566690e-20 4.574096496272306585e-21
2.624820493629754492e+04 2.277785289446294103e-20 4.337562753654043485e-21
2.625882725250185467e+04 1.506935282339880434e-20 4.660710439523773645e-21
2.626944949368794551e+04 3.096461073349089788e-20 4.065366912392148332e-21
2.628007165981719299e+04 1.491234940783170027e-20 4.287953538617955609e-21
2.629069375085130741e+04 2.346878661816470459e-20 4.379083917125266779e-21
2.630131576675130418e+04 2.356133683521991179e-20 4.277518992797791207e-21
2.631193770747881717e+04 1.351708068065714100e-20 4.047652028476659999e-21
2.632255957299516012e+04 1.722324586128487682e-20 4.473385016549433338e-21
2.633318136326148669e+04 2.879382798669068008e-20 4.414772584252389240e-21
2.634380307823925614e+04 2.790609858808308673e-20 4.130259708461053437e-21
2.635442471788967305e+04 3.959866144152810601e-20 4.918260175214345016e-21
2.636504628217382560e+04 2.517993864135314309e-20 4.748097176496895975e-21
2.637566777105308938e+04 2.898898224189267071e-20 4.528639322232084883e-21
2.638628918448844706e+04 2.863772190977443077e-20 4.658107106736462313e-21
2.639691052244109960e+04 2.583330905059718794e-20 4.316453025906258095e-21
2.640753178487227342e+04 2.284285433963765490e-20 4.464757189004253716e-21
2.641815297174276202e+04 2.269189672333791471e-20 4.097474106069986538e-21
2.642877408301380638e+04 3.307065900852992704e-20 4.157688108137230144e-21
2.643939511864625456e+04 3.004287453022344065e-20 4.638366202460527280e-21
2.645001607860103832e+04 3.205973963555659349e-20 4.334008695017206421e-21
2.646063696283932950e+04 3.264700843732262566e-20 4.322264965688515778e-21
2.647125777132179064e+04 2.706028566159032805e-20 4.062524037788517536e-21
2.648187850400934985e+04 2.637049490095379459e-20 4.676099999366772957e-21
2.649249916086298981e+04 2.753411741469088920e-20 4.522287938874513710e-21
2.650311974184328938e+04 2.412041036848842703e-20 4.320292849053199160e-21
2.651374024691125669e+04 3.152754174178345984e-20 4.356459567092108782e-21
2.652436067602755793e+04 1.259546449009001649e-20 4.223081443870875848e-21
2.653498102915265190e+04 2.927930584067239729e-20 4.810345468246351889e-21
2.654560130624757585e+04 3.878698709698659195e-20 4.565496552308737139e-21
2.655622150727269036e+04 2.639966823357251768e-20 4.028568595805686115e-21
2.656684163218881804e+04 2.457999109166263899e-20 4.786839035832792598e-21
2.657746168095655230e+04 2.581005877228065994e-20 4.291196519511518216e-21
2.658808165353625373e+04 3.251734338664351486e-20 4.810023584708521836e-21
2.659870154988866852e+04 3.339491377732569807e-20 4.587438015289338746e-21
2.660932136997410635e+04 2.385687618652042248e-20 4.569314294905998938e-21
2.661994111375299690e+04 1.686941399697943105e-20 4.470850620376787492e-21
2.663056078118604637e+04 1.407985732911517598e-20 4.470897597720523867e-21
2.664118037223337888e+04 2.812434878895542989e-20 4.918453293929611330e-21
2.665179988685540593e+04 2.862333783171278438e-20 4.420607758653046427e-21
2.666241932501258270e+04 2.132123905613644034e-20 4.114567845253328710e-21
2.667303868666494600e+04 1.782015312903897947e-20 4.536689711771044391e-21
2.668365797177303466e+04 2.220342682204426928e-20 4.179351882407712432e-21
2.669427718029695097e+04 2.494668948928336364e-20 4.558852276028101926e-21
2.670489631219686635e+04 2.224311081931871082e-20 4.735905340399097392e-21
2.671551536743318866e+04 1.939156482599937189e-20 4.903487696539726185e-21
2.672613434596557272e+04 1.370320074461091698e-20 4.789851851995955180e-21
2.673675324775455738e+04 -1.197313107293688403e-22 4.003183940666679521e-21
2.674737207276020126e+04 3.263487318578103979e-20 5.053761427575627037e-21
2.675799082094225378e+04 2.620508631935338361e-20 4.523206293989782079e-21
2.676860949226099547e+04 1.928548665486604005e-20 4.786989451056533756e-21
2.677922808667612117e+04 1.633245403301468503e-20 4.448564905493213596e-21
2.678984660414789687e+04 2.040444806841734990e-20 4.960716646539769698e-21
2.680046504463600286e+04 2.050383390816800192e-20 4.152645670240678687e-21
2.681108340810038499e+04 1.382834021640942965e-20 4.440327468828933661e-21
2.682170169450088360e+04 1.952251478930980254e-20 4.696470309380187187e-21
2.683231990379747367e+04 2.333868711328277286e-20 5.007720198308466960e-21
2.684293803594962810e+04 1.571606811997564998e-20 4.794436322360731523e-21
2.685355609091742008e+04 1.533266551191819539e-20 4.664766618728679904e-21
2.686417406866016609e+04 2.247908383451342694e-20 5.034217091669761362e-21
2.687479196913796477e+04 3.138766907070874950e-20 4.651781429049927525e-21
2.688540979231023448e+04 6.476821914777255104e-21 4.963542235637390344e-21
2.689602753813659729e+04 1.249593783340638266e-20 4.589686215113181120e-21
2.690664520657687535e+04 2.794853187491302702e-20 5.205775800105582296e-21
2.691726279759011959e+04 2.067792356664951341e-20 5.158279184763161561e-21
2.692788031113637771e+04 3.101935772353841656e-20 5.155080551304144365e-21
2.693849774717495166e+04 1.723285111274266957e-20 4.895599988165725370e-21
2.694911510566512516e+04 2.975064720910326958e-20 4.904312574994274187e-21
2.695973238656659305e+04 2.745076810542380458e-20 4.805639354612368355e-21
2.697034958983852630e+04 2.111252377590949021e-20 4.912622499396075857e-21
2.698096671544043056e+04 2.793188249576884218e-20 4.717199339601029365e-21
2.699158376333157867e+04 2.728363266720309758e-20 4.405917294139821800e-21
2.700220073347117432e+04 2.968599122801783473e-21 4.823928987974216995e-21
2.701281762581864677e+04 2.353264204420627759e-20 4.813364893350911175e-21
2.702343444033302876e+04 2.922288949511989340e-20 4.745986100724468399e-21
2.703405117697380047e+04 3.262257834882679584e-20 5.272027871775347796e-21
2.704466783569980544e+04 1.845941455534001487e-20 4.576353018293849488e-21
2.705528441647020372e+04 3.066147547924857632e-20 5.525463326320691230e-21
2.706590091924438821e+04 1.584794844442909413e-20 4.582196274903766536e-21
2.707636257477304389e+04 3.066408882083534959e-20 5.286425986328795560e-21
2.708697891101317873e+04 1.782260893094638392e-20 5.325181194556079715e-21
2.709759516910698585e+04 3.019811023411365328e-20 4.812827620540860040e-21
2.710821134903826169e+04 2.786561928528374782e-20 4.863343241838552079e-21
2.711882745076653009e+04 2.257315080007700533e-20 4.777262934562847131e-21
2.712944347425032538e+04 2.604601067486241500e-20 4.666680487353238758e-21
2.714005941924719809e+04 3.223683674739381572e-20 5.147155164474011256e-21
2.715067525579214271e+04 2.502952323130661563e-20 5.682605108348875131e-21
2.716129062842815256e+04 1.597244748803358181e-20 5.159817261299685860e-21
2.717190591980213867e+04 1.540018883784970789e-20 4.839702481654736516e-21
2.718252113273490977e+04 1.056551473139694427e-20 5.358322563716416135e-21
2.719313626718529122e+04 1.710443543459263144e-20 5.469110593900462715e-21
2.720375132311205380e+04 3.017250350976705924e-20 5.237499450785066069e-21
2.721436630047350991e+04 2.373994782718523328e-20 5.259728971307741110e-21
2.722498119922869591e+04 2.530586390758825219e-20 5.525266479073505850e-21
2.723559601933582235e+04 1.057190736897693770e-20 5.053293762037661956e-21
2.724621076075360543e+04 2.199912116643669140e-20 4.940854300529627375e-21
2.725682542344051399e+04 2.334914525663455446e-20 5.026639656988424131e-21
2.726744000735492227e+04 3.892313787768587228e-20 4.909913560058943772e-21
2.727805451245546647e+04 3.126261816368653504e-20 5.280405476089807999e-21
2.728866893870019703e+04 2.141563976110576608e-20 5.055834267296974461e-21
2.729928328604798298e+04 2.024542522131511712e-20 5.242855350518949622e-21
2.730989755445663832e+04 1.761310484509553415e-20 5.962630282972113333e-21
2.732051174388483560e+04 1.482732814589906887e-20 5.005058765766068544e-21
2.733112585429062892e+04 3.114356826333095018e-20 5.084261660806458053e-21
2.734173988563227977e+04 3.336105366784111663e-20 4.628762749354995075e-21
2.735235383786819511e+04 1.861650698805845431e-20 4.975942072716488404e-21
2.736296771095620352e+04 2.542518044078021416e-20 5.194993520533198766e-21
2.737358150485472652e+04 2.607359661578863162e-20 5.365630033900092375e-21
2.738419521952159266e+04 1.990064648457764591e-20 5.546560293979844131e-21
2.739480885491517984e+04 2.016979078449667400e-20 5.084835149527010361e-21
2.740542241099324019e+04 -5.350981207040109710e-21 4.887965645079040168e-21
2.741603588771395516e+04 5.371437377607072248e-21 5.140064452378816941e-21
2.742664928503496412e+04 1.796751914278942419e-20 5.391304041719598211e-21
2.743726260291475046e+04 2.422950603944865916e-20 6.054007026310356780e-21
2.744787584131066615e+04 2.977613469506196433e-20 5.378829494084504557e-21
2.745848900018104541e+04 2.007021499307434740e-20 5.701556398713609611e-21
2.746910207948317111e+04 2.047767472272694352e-20 5.451429876275260182e-21
2.747971507917539566e+04 3.157723611326495283e-20 5.608163770429155187e-21
2.749032799921510014e+04 1.580391121949868595e-20 4.947522911406963510e-21
2.750094083956005488e+04 2.073889523911101793e-20 5.203786257738230654e-21
2.751155360016807390e+04 2.446334959563479898e-20 5.274328031138020990e-21
2.752216628099671652e+04 4.304413130742960925e-21 4.992433157647605045e-21
2.753277888200380403e+04 2.876752240103341718e-20 5.643058619719810910e-21
2.754339140314677206e+04 3.728613757969315623e-20 4.933983929602106144e-21
2.755400384442413633e+04 1.481744049302893877e-20 5.602018017550103688e-21
2.756446096033181311e+04 2.292636658313309972e-20 5.373202408787580599e-21
2.757507323110023935e+04 2.948947398340246045e-20 5.499404030205160918e-21
2.758568542183247700e+04 2.949339449919175567e-20 5.085977264647466077e-21
2.759629753248623456e+04 2.867429663652472910e-20 5.579325738093882583e-21
2.760690956301885672e+04 2.008362740489266182e-20 5.290863584438041565e-21
2.761752151338751355e+04 2.325397698867530423e-20 5.322299588731879344e-21
2.762813338354968073e+04 2.132339719716958495e-20 5.129204734114589415e-21
2.763874517346252105e+04 2.068603306690143875e-20 5.740875183949757952e-21
2.764935688308329918e+04 2.969134502008733875e-20 5.032993529293198862e-21
2.765996851236938892e+04 1.754218870299443072e-20 4.916150655063000172e-21
2.767058006127761837e+04 2.012126709243825554e-20 4.733055345272654096e-21
2.768119152976563055e+04 1.561872390878753625e-20 4.929369546379287324e-21
2.769180291778985702e+04 2.950974021845419265e-20 5.530779014489845109e-21
2.770241422530792261e+04 3.201653739852123382e-20 5.192296018271798766e-21
2.771302545227689552e+04 3.202854018763345292e-20 5.333437324439663481e-21
2.772363659865330192e+04 1.246815159234189610e-20 5.579273411919490711e-21
2.773424766439457744e+04 1.389970288364530464e-20 5.979812494869081700e-21
2.774485864945723006e+04 1.701395359973415378e-20 5.145303035084696645e-21
2.775546955379846986e+04 1.830032914490850847e-20 4.817633898102947857e-21
2.776608037737519408e+04 1.855803152661532267e-20 5.003933722734680286e-21
2.777669112014383791e+04 2.379064055918257921e-21 5.034699339926438709e-21
2.778730178206166238e+04 1.231747154265285172e-20 5.327958594452492500e-21
2.779791236308516091e+04 1.858967760237814355e-20 5.608310230165676943e-21
2.780852286317122343e+04 2.268883954488727549e-20 5.723649029172132375e-21
2.781913328227632519e+04 2.228253413783536907e-20 5.225327278449546707e-21
2.782974362035707964e+04 2.469551182402837429e-20 5.245441995224574184e-21
2.784035387737054771e+04 1.650282803811266729e-20 4.952644340220520893e-21
2.785096405327286629e+04 1.687776120619463881e-20 5.073252300210514105e-21
2.786157414802077619e+04 7.200827349696344844e-21 5.004664206309586209e-21
2.787218416157073807e+04 2.522931215023890648e-20 5.422553059006021034e-21
2.788279409387918713e+04 2.251531386714512040e-20 5.935226845781698451e-21
2.789340394490285325e+04 1.613857786489876484e-20 5.915354146764802856e-21
2.790401371459754955e+04 1.032168112555969200e-20 5.469580410705619782e-21
2.791462340292025692e+04 2.001599407170356244e-20 5.916997305306736257e-21
2.792523300982707224e+04 3.318409195821837885e-20 5.488742945762937787e-21
2.793584253527415422e+04 2.972595078462168365e-20 5.106890878654958127e-21
2.794645197921802901e+04 3.812707033910347435e-20 5.614196479028567308e-21
2.795706134161484442e+04 2.846712008563461650e-20 5.733468013773573095e-21
2.796767062242081738e+04 1.137795560889011974e-20 5.451701938628500383e-21
2.797827982159198291e+04 2.592508731042458029e-20 5.014775497972474701e-21
2.798888893908468526e+04 3.654937598215045015e-20 4.972413906873705589e-21
2.799949797485481758e+04 2.094882402300444139e-20 4.725993579731761235e-21
2.801010692885843309e+04 7.599097328517405990e-21 4.888242712550102215e-21
2.802071580105165776e+04 3.377338586765925386e-20 5.804172459024536199e-21
2.803132459139046478e+04 1.927196543972442021e-20 5.079589351368538315e-21
2.804193329983094372e+04 2.230093436617649829e-20 5.494780116966003916e-21
2.805254192632854756e+04 2.953288477076776131e-20 5.361822473347536916e-21
2.806315047083959507e+04 1.127393261405075458e-20 5.142004379517788552e-21
2.807375893331995394e+04 3.395719378190643931e-20 5.102774501679208387e-21
2.808436731372519716e+04 1.780046486646492017e-20 5.275242269076436815e-21
2.809497561201112330e+04 2.564754549401295332e-20 5.162278278779592540e-21
2.810558382813342541e+04 3.635137981102658388e-20 5.417809348641431861e-21
2.811619196204810578e+04 3.609151244389932293e-20 4.752040846524632300e-21
2.812680001371061007e+04 2.436576805772513533e-20 5.219507740075632041e-21
2.813740798307684963e+04 1.890348751066755000e-20 5.158900842703509898e-21
2.814801587010180447e+04 1.571133736114144505e-20 5.124675464997366298e-21
2.815862367474141502e+04 1.296973176631020149e-20 5.068333230583027104e-21
2.816923139695145801e+04 2.336821645039073375e-20 5.010109999288886582e-21
2.817983903668684798e+04 2.627762846479312100e-20 5.109583030070893275e-21
2.819044659390373272e+04 2.517880550566870652e-20 5.485533552189980503e-21
2.820105406855693946e+04 2.836338618663585397e-20 5.716267839992691877e-21
2.821166146060208121e+04 3.590202532254078989e-20 6.048795635676030351e-21
2.822226876999432716e+04 2.165502299199553100e-20 5.927228035883381791e-21
2.823287599668927214e+04 1.117491491497830506e-20 5.115736912030085475e-21
2.824348314064220540e+04 3.516441280832388595e-20 5.397995044466510057e-21
2.825409020180816151e+04 1.833641987414751146e-20 5.094940813131170988e-21
2.826469718014253885e+04 3.157880535024055556e-20 5.360910065133362314e-21
2.827530407560007370e+04 1.868089828005907927e-20 5.342742301000452344e-21
2.828591088813622264e+04 3.287525775529498411e-20 5.446551251823184381e-21
2.829651761770621670e+04 1.531440543834864694e-20 5.879513587190455961e-21
2.830712426426487218e+04 3.690769911097030208e-20 5.585410682041059103e-21
2.831773082776743468e+04 2.051912775060392174e-20 5.195135104395236571e-21
2.832833730816870957e+04 2.286741658661718282e-20 5.244089435721472269e-21
2.833894370542378965e+04 2.600751051545675291e-20 5.282856764338448102e-21
2.834955001948723293e+04 2.003258352867718770e-20 5.733038978109221741e-21
2.836015625031449963e+04 2.605537211856007355e-20 5.047139849381249918e-21
2.837076239785999132e+04 2.477516490931342054e-21 5.348629864153173001e-21
2.838136846207841154e+04 2.036406600638857697e-20 5.593087201030197289e-21
2.839181832188511908e+04 1.756140780515032131e-20 5.183722258220532076e-21
2.840242420863158623e+04 2.853818199676531487e-20 5.099795285173353374e-21
2.841303001191261501e+04 2.392697882512007922e-20 5.887341129759211472e-21
2.842363573168383300e+04 3.715775714039245661e-20 5.290918434567661313e-21
2.843424136789953263e+04 2.214650503932337707e-20 5.129588216560336428e-21
2.844484692051461752e+04 3.086474645822476722e-20 4.602150836997267544e-21
2.845545238948334008e+04 9.059462353273295451e-21 4.637257485560969541e-21
2.846605777476047297e+04 2.370115957243195412e-20 5.784307008300806676e-21
2.847666307630041774e+04 1.889383395271472734e-20 5.700106931216952433e-21
2.848726829405740500e+04 2.982849701020496129e-20 5.487226245633204574e-21
2.849787342798619284e+04 2.944485970299611561e-20 5.927513538907227527e-21
2.850847847804094272e+04 2.867350714279424510e-20 5.514063194930477126e-21
2.851908344417592889e+04 3.471508963794263686e-20 5.581085977006734671e-21
2.852968832634565479e+04 2.687623673365057225e-20 5.875513317121907544e-21
2.854029312450414727e+04 2.125506312887748318e-20 5.120041709426372706e-21
2.855089783860587704e+04 2.513765624678029641e-20 5.683736386111857427e-21
2.856150246860488187e+04 1.679406879869093701e-20 5.472413282072622877e-21
2.857210701445537416e+04 1.202801168232108797e-20 5.558770593515951135e-21
2.858271147611124979e+04 5.535113408892922562e-21 5.091917882743938018e-21
2.859331585352695765e+04 1.871911342382215381e-20 5.426611051246947180e-21
2.860392014665630631e+04 2.673439148402919378e-20 4.833049719610352896e-21
2.861452435545338813e+04 2.000674238506398471e-20 5.186796168117918972e-21
2.862512847987222267e+04 9.842229516766188653e-21 5.599469175218348275e-21
2.863573251986640025e+04 3.158632919633909820e-20 5.407905952801763537e-21
2.864633647539031153e+04 3.464400863711297302e-20 5.365126944171222260e-21
2.865694034639727761e+04 2.603348691464615662e-20 5.117261251231961465e-21
2.866754413284169641e+04 1.177540018248084933e-20 4.688691574712176868e-21
2.867814783467688903e+04 2.057374343354510391e-20 4.481654067987402406e-21
2.868875145185695510e+04 2.117643741607663487e-20 5.560971525313463761e-21
2.869935498433538669e+04 2.629753458906595755e-20 5.732390812045038565e-21
2.870995843206578138e+04 1.674776740638210492e-20 5.265607706264105528e-21
2.872056179500199141e+04 1.993773763717974151e-20 5.091097836175047229e-21
2.873116507309740336e+04 1.912776338737265529e-20 4.805963775900493841e-21
2.874176826630564392e+04 1.650901779675292641e-20 4.774053956430430335e-21
2.875237137458044162e+04 2.165206292520076823e-20 5.016525387081761393e-21
2.876297439787499025e+04 1.894549770227918359e-20 5.413176113917263039e-21
2.877357733614296376e+04 1.062084508075465271e-20 5.380055104987866548e-21
2.878418018933759231e+04 2.900539294434452133e-20 5.721065252575392887e-21
2.879478295741260445e+04 1.452814071322971779e-20 5.325835769453744441e-21
2.880538564032081922e+04 1.782628617706625192e-20 5.662000439334106097e-21
2.881598823801671097e+04 2.329229774530372104e-20 5.948512535496093047e-21
2.882643418972703876e+04 2.009066584420474042e-20 5.663790370772111249e-21
2.883703660608853170e+04 2.080999442648244936e-20 5.351774826247090132e-21
2.884763893709422337e+04 1.761062061137925127e-20 5.036733220083567491e-21
2.885824118269742030e+04 7.259608351092778613e-21 4.891520341634558367e-21
2.886884334285142540e+04 1.609561759509023150e-20 5.406661035929796930e-21
2.887944541750903227e+04 3.012139664830009968e-20 4.650000193591230404e-21
2.889004740662334370e+04 1.475674591972075633e-20 5.012771995739611769e-21
2.890064931014766626e+04 3.140353869724619516e-20 5.594201826980108999e-21
2.891125112803460433e+04 3.021099732863226422e-20 5.359269498591762885e-21
2.892185286023703884e+04 3.148911156792246804e-20 5.385345345279514638e-21
2.893245450670847276e+04 1.860043635058161882e-20 4.954355506798454634e-21
2.894305606740073563e+04 1.960429091270033993e-20 4.924822983073463834e-21
2.895365754226778154e+04 8.538661976593802240e-21 4.810702395296994426e-21
2.896425893126162191e+04 6.809624813643025473e-21 4.878779156307572201e-21
2.897486023433521405e+04 1.471468574173922781e-20 4.821567896200633982e-21
2.898546145144104230e+04 2.340126204404101343e-20 4.707721377958313137e-21
2.899606258253218402e+04 3.089153992357909372e-20 4.797814655608281198e-21
2.900666362756101444e+04 1.626610071612040292e-20 4.920617091025529853e-21
2.901726458648025437e+04 2.571310658438507421e-20 5.357501630371855756e-21
2.902786545924225720e+04 2.022141725229977919e-20 4.750441617840013948e-21
2.903846624579980198e+04 1.919265152240506880e-20 5.382835058098927056e-21
2.904906694610503837e+04 3.101423494134337933e-20 5.254709050084410432e-21
2.905966756011079633e+04 2.468499492484813613e-20 5.043191207890243217e-21
2.907026808776920734e+04 2.568012808619654738e-20 4.956874683285856751e-21
2.908086852903243198e+04 1.741550526254746349e-20 5.596098201347062883e-21
2.909146888385346756e+04 2.571068929249909747e-20 5.176353709464260727e-21
2.910206915218399445e+04 1.664187569186081099e-20 5.112737179678974060e-21
2.911266933397645698e+04 1.661376954534415187e-20 5.413821144208104683e-21
2.912326942918343047e+04 1.670338859705437754e-20 4.699783281300901659e-21
2.913386943775639884e+04 2.725647058526333520e-20 5.237116274122438497e-21
2.914446935964777731e+04 1.483600690048002389e-20 4.853371963645786973e-21
2.915506919480979923e+04 6.225616473870199981e-21 5.089064247207774686e-21
2.916566894319453058e+04 1.672624765353784978e-20 5.166517263243098933e-21
2.917626860475386638e+04 3.111615102907893176e-20 5.041370242287020501e-21
2.918686817943983624e+04 1.419572087717050028e-20 5.426677978751139166e-21
2.919746766720442611e+04 1.266215083905808862e-20 4.660351773279765989e-21
2.920806706799945459e+04 1.832845845519694914e-20 4.875330132944945230e-21
2.921866638177711502e+04 1.617545821352610475e-20 5.444678357063482202e-21
2.922926560848885129e+04 1.691474722153481760e-20 4.767621930858635633e-21
2.923986474808652929e+04 3.523632867017873358e-20 5.228960179133129194e-21
2.925046380052180757e+04 1.290734380279177988e-20 4.727881891825055534e-21
2.926106276574689764e+04 2.813352891191486724e-20 5.077037914922697181e-21
2.927166164371257037e+04 1.518482214120617590e-20 5.390845867305772107e-21
2.928226043437176486e+04 2.525130466053908394e-20 5.521231072795040773e-21
2.929285913767463717e+04 1.641134684775138923e-20 4.798078827553407622e-21
2.930345775357396633e+04 2.336259003558299586e-20 4.733252116299627201e-21
2.931405628202047956e+04 -3.511953873837565887e-21 4.520124850195201657e-21
2.932465472296624648e+04 8.363802353325989628e-21 4.862229609297962312e-21
2.933525307636199068e+04 9.472394470997915768e-21 5.080231238996717687e-21
2.934585134216018196e+04 2.144104952253771626e-20 5.202139508519316979e-21
2.935644952031138746e+04 2.319293411402965063e-20 4.686692356736758149e-21
2.936704761076670911e+04 1.671485684462623701e-20 5.259238408475122655e-21
2.937764561347851486e+04 3.440732090821452468e-20 4.749703310744357652e-21
2.938824352839716812e+04 2.452386336552263058e-20 4.835310832415827036e-21
2.939884135547420738e+04 1.860536463634238006e-20 5.402389720430772718e-21
2.940943909466085097e+04 1.564309247993936842e-20 5.339384446583327036e-21
2.942003674590785522e+04 3.315964157219840001e-20 4.999021920994866908e-21
2.943063430916666766e+04 2.014761926759451815e-20 4.833384854273686515e-21
2.944123178438845207e+04 3.007445836366789451e-20 5.206930906350110601e-21
2.945182917152389564e+04 1.553873567507511285e-20 4.791495285094356063e-21
2.946242647052432949e+04 7.918271656994800873e-21 4.844975109174179056e-21
2.947302368134037897e+04 1.450430438776753063e-20 4.846733955255477136e-21
2.948362080392306962e+04 1.344975750792976027e-20 5.312978551307692555e-21
2.949421783822927682e+04 1.327183769064701796e-20 5.408106363039274141e-21
2.950481484718720458e+04 2.116058198169735608e-20 5.308835508253335232e-21
2.951541184007445190e+04 1.214414182847582917e-20 5.006242091143563463e-21
2.952600874452830612e+04 2.779914591689377797e-20 5.870292371722638402e-21
2.953660556049962179e+04 1.156372080149719536e-20 5.497653644609819846e-21
2.954720228793889328e+04 1.676944924078225806e-20 5.100292686584872382e-21
2.955779892679632758e+04 4.676094568479821364e-21 5.174123257668969368e-21
2.956839547702314303e+04 2.349877376484235684e-20 5.695962127440716380e-21
2.957883455664587746e+04 2.464801222748282244e-20 4.931540483121522427e-21
2.958943091866309624e+04 2.266198421670031173e-20 5.155326320382908081e-21
2.960002719177628751e+04 1.266809405215175136e-20 5.402135874459309597e-21
2.961062337605759603e+04 1.121902591363277034e-20 4.926792275680291055e-21
2.962121947145849845e+04 2.459684230614176919e-20 5.546993719829458288e-21
2.963181547792878337e+04 2.873835616932893749e-20 6.184260521284335239e-21
2.964241139541998928e+04 2.537254211534267374e-20 5.463740832094156349e-21
2.965300722388094800e+04 1.449840770929296118e-20 5.324913165212175007e-21
2.966360296326251773e+04 2.564274100334983508e-20 5.383806180810110813e-21
2.967419861351514191e+04 2.504707906537409489e-20 5.059473299049010098e-21
2.968479417458922035e+04 2.035046066236279684e-20 5.440725704348758495e-21
2.969538964643373038e+04 1.253227726440553537e-20 5.457230957055553739e-21
2.970598502899948653e+04 2.910908966997924647e-20 5.876700039078623121e-21
2.971658032223669579e+04 1.236655478819636420e-20 4.994691112178275079e-21
2.972717552609567429e+04 1.893144783766651115e-20 4.838656396233656508e-21
2.973777064052518836e+04 1.069591042215965225e-20 4.654807375157294822e-21
2.974836566547591792e+04 1.449708953168290163e-20 4.763427262657765745e-21
2.975896060089791354e+04 1.733347601917831676e-20 4.881398432407255979e-21
2.976955544674132761e+04 1.432829588050446465e-20 4.798662228548581576e-21
2.978015020295477370e+04 3.338333346583667437e-20 4.978189970548317163e-21
2.979074486948943741e+04 3.208364705859454018e-20 5.279504776745614585e-21
2.980133944629364123e+04 9.140447951690700975e-21 5.242980529048189631e-21
2.981193393331829066e+04 3.589504370884773792e-20 5.330656696994013390e-21
2.982252833051228299e+04 2.039772544681306801e-20 4.929194054193708391e-21
2.983312263782575610e+04 2.063617409575019325e-20 4.791870644039203877e-21
2.984371685520753454e+04 1.818608787858380530e-20 4.764735746757100374e-21
2.985431098260791259e+04 2.990769793944606784e-21 4.270246845444827898e-21
2.986490501997679894e+04 3.905116984617211657e-20 5.160186496171713350e-21
2.987549896726208317e+04 2.690374338735897055e-20 4.356961865074071416e-21
2.988609282441473988e+04 2.261739917517772742e-20 4.666779098997745688e-21
2.989668659138305884e+04 2.702543219507696067e-20 4.756459683793066136e-21
2.990728026811678137e+04 2.694923556287505459e-20 4.972030597066844250e-21
2.991787385456574339e+04 2.305663160511625538e-20 4.922091762084822061e-21
2.992846735067820191e+04 1.183560009093662493e-20 5.025044537650550145e-21
2.993906075640437120e+04 2.093667053859247598e-20 4.676223042486705457e-21
2.994965407169244645e+04 8.477197152787980061e-21 4.492207200278831973e-21
2.996024729649208894e+04 1.501571374915617237e-20 4.533609674597418334e-21
2.997084043075385125e+04 2.454884588474808733e-20 4.980969539610530807e-21
2.998143347455871481e+04 1.146415354562223910e-20 4.888234416950588838e-21
2.999186861802211206e+04 1.086949823460917727e-20 4.176546316464584770e-21
3.000246146934966600e+04 2.514392564685765112e-20 5.046604866602437707e-21
3.001305422993170941e+04 2.551690052152214847e-20 4.694511355387000047e-21
3.002364689971674670e+04 2.456141606271720050e-20 4.519544734849535425e-21
3.003423947865451919e+04 9.689254694692364039e-21 4.817340863714167930e-21
3.004483196669272365e+04 1.328109400490345564e-20 4.797953955170632547e-21
3.005542436378079947e+04 1.882480144210823557e-20 4.588880398049095360e-21
3.006601666986756391e+04 1.508088487592228155e-20 4.495517963610383931e-21
3.007660888490161597e+04 9.184819575064660992e-21 4.782292719793107077e-21
3.008720100883149644e+04 1.768227526124861783e-20 4.506060520880788079e-21
3.009779304160618631e+04 2.787963175622871117e-20 4.949221007702763492e-21
3.010838498317366248e+04 1.553054137405110217e-20 4.561493963791271176e-21
3.011897683348257488e+04 3.869396817288281699e-21 4.885555365619883025e-21
3.012956859248205001e+04 1.463180246151016252e-20 4.586769799510735236e-21
3.014016026011968279e+04 1.698665539577175438e-20 4.784009528474779818e-21
3.015075183634477435e+04 1.177109873587338925e-20 4.572547356022679165e-21
3.016134332110481409e+04 1.232675894669172631e-20 5.375150830827771419e-21
3.017193471434927051e+04 1.190382325187027541e-20 4.392426643113025623e-21
3.018252601602507275e+04 1.839189652724402670e-20 5.164496149600342262e-21
3.019311722608134733e+04 2.284827571661384827e-20 5.419928253543323306e-21
3.020370834446622393e+04 2.027398777891221678e-20 5.398449811048879582e-21
3.021429937112795596e+04 3.515045670480368463e-21 4.973066556071327796e-21
3.022489030601434570e+04 1.836934307766277752e-20 4.679679918855007979e-21
3.023548114907383933e+04 6.032322726464393448e-21 4.411173953226376748e-21
3.024607190025439559e+04 2.324816054026843587e-20 4.640303512651461360e-21
3.025666255950415143e+04 2.043221095250320040e-20 4.468502641926591644e-21
3.026725312677017791e+04 1.642397820697785319e-20 4.324069827104386225e-21
3.027784360200158335e+04 1.717236748101819522e-20 4.205146297632242483e-21
3.028843398514560249e+04 1.615788614036559973e-20 5.326605765310362415e-21
3.029902427615073611e+04 1.777599773946894131e-20 4.889458559473286121e-21
3.030961447496365872e+04 7.499121959782673808e-21 4.651921608747584262e-21
3.032020458153327854e+04 2.430243438657608283e-20 4.884868922238854024e-21
3.033079459580698312e+04 1.104688167007908318e-20 5.045266295156748788e-21
3.034138451773229099e+04 6.124631805980026985e-21 4.355524109005363668e-21
3.035197434725729181e+04 -3.697667215547135922e-21 4.496374269393803631e-21
3.036256408432862372e+04 6.287646170178298658e-21 4.742063954777035622e-21
3.037315372889458376e+04 1.006872309143981535e-20 4.061486016854667703e-21
3.038374328090303970e+04 1.011902666302317636e-20 4.423784040220266117e-21
3.039433274030086613e+04 1.036984788384802548e-20 4.305553533222925154e-21
3.040492210703612727e+04 1.332424636339772210e-20 4.826721043738584545e-21
3.041551138105482823e+04 1.407476060722536392e-20 4.820303980939029119e-21
3.042610056230600821e+04 4.081249479037643578e-21 4.035246706421917339e-21
3.043668965073613435e+04 3.850251326858278830e-21 4.350485022124036931e-21
3.044727864629279065e+04 2.719027409719418848e-20 4.398277631006649144e-21
3.045786754892266617e+04 2.753024556866860848e-20 4.555501383578581382e-21
3.046845635857380330e+04 2.355422746996828109e-20 4.702027636466126244e-21
3.047904507519306935e+04 7.546972230958504379e-21 4.592720061524364091e-21
3.048963369872704425e+04 1.811462047798459952e-20 4.626844934628148551e-21
3.050022222912340294e+04 1.576364791630328440e-20 4.802953543809588156e-21
3.051081066632881266e+04 1.198098484038258976e-20 4.379270848625712099e-21
3.052139901029094108e+04 1.626452087800312045e-20 4.757485768214756796e-21
3.053198726095637903e+04 2.832892118998516586e-20 5.067774252147725454e-21
3.054257541827157183e+04 1.044269615067625779e-20 4.791963200856840983e-21
3.055316348218357234e+04 2.144652058446739348e-20 4.365518484607986494e-21
3.056375145263989907e+04 1.268911579062909941e-20 4.647472270516995277e-21
3.057433932958634978e+04 2.072825931469269141e-20 4.382238357804182084e-21
3.058492711297071219e+04 9.499626176141216938e-21 4.341131198308617639e-21
3.059551480273894049e+04 1.688731825433231253e-20 4.710460858127066835e-21
3.060610239883818940e+04 3.181288148347698046e-20 4.788308049521247111e-21
3.061668990121486058e+04 1.307325266928073876e-20 5.060491668553625945e-21
3.062727730981551576e+04 1.484530742406698601e-20 4.395816639283943719e-21
3.063786462458670212e+04 1.803109217955049280e-20 4.506889522593356060e-21
3.064845184547439567e+04 1.695727164217948052e-20 4.160188337842587448e-21
3.065903897242585299e+04 2.394685149548202237e-20 4.531915201128344294e-21
3.066962600538757033e+04 2.445050479849523684e-20 4.332796586610282147e-21
3.068005436467073741e+04 1.483305753614102425e-20 4.868817919922402426e-21
3.069064119833094082e+04 2.280528352072715635e-20 4.411495159469560695e-21
3.070122793783524685e+04 1.544541356126366999e-20 4.919076474769221811e-21
3.071181458313302937e+04 1.252285460027402948e-20 4.802765341440573744e-21
3.072240113416989334e+04 2.493805495420645939e-20 4.680416917700414119e-21
3.073298759089207306e+04 1.830157873695132365e-20 4.216566036094227303e-21
3.074357395324563913e+04 8.657388034781543037e-21 4.110138326071587281e-21
3.075416022117674584e+04 7.663524275557785069e-21 4.392884059511539684e-21
3.076474639463136555e+04 2.899432139587365891e-20 4.588036042330764847e-21
3.077533247355557978e+04 2.650039579034689734e-20 4.352489777910183638e-21
3.078591845789530271e+04 1.665733961879611009e-20 4.106087964643132859e-21
3.079650434759709242e+04 7.232803429111772343e-21 4.312982843692630252e-21
3.080709014260562253e+04 1.268815710293836543e-20 4.636073324049752247e-21
3.081767584286732381e+04 1.656938650429274289e-20 4.530547067979025444e-21
3.082826144832803038e+04 1.442112656868395617e-20 4.632749475059130395e-21
3.083884695893345997e+04 1.797862582399560974e-20 4.243186537678313445e-21
3.084943237462937395e+04 3.247607160708238311e-20 4.485971342420801097e-21
3.086001769536195934e+04 4.171578425181404849e-20 4.998178668943809167e-21
3.087060292107577698e+04 2.741927483807975618e-20 5.224523698366459263e-21
3.088118805171691565e+04 8.249372917665735934e-21 4.273056223023267987e-21
3.089177308723100577e+04 2.867600717522442175e-21 4.802855543126834647e-21
3.090235802756436169e+04 -6.523480488959464864e-22 4.779501045705820215e-21
3.091294287266014362e+04 1.257927794968661119e-20 4.741265302477177820e-21
3.092352762246640486e+04 1.693927313298783452e-20 4.661941977573984020e-21
3.093411227692678585e+04 1.159489639950129531e-20 4.343996080026832060e-21
3.094469683598748452e+04 2.913359118726836463e-20 4.340230381879289475e-21
3.095528129959323269e+04 1.962912706073387402e-20 4.355572222621274409e-21
3.096586566769014098e+04 2.134958318177644557e-20 4.320095807394150789e-21
3.097644994022229366e+04 1.245228852365154338e-20 4.492134292153653814e-21
3.098703411713598689e+04 1.097631849969819616e-20 4.437522295360973280e-21
3.099761819837522125e+04 1.096602914377540150e-20 4.400371823178976387e-21
3.100820218388592184e+04 8.015676576613289147e-21 4.289751563761122791e-21
3.101878607361258037e+04 1.436750263716002094e-20 4.294466505606936960e-21
3.102936986750110736e+04 2.655857269231124246e-21 4.329329460938644004e-21
3.103995356549745702e+04 1.635985162469687586e-20 5.049386624312000207e-21
3.105053716771039763e+04 2.335541768840508805e-20 4.992562728063563142e-21
3.106096169062671834e+04 5.873112450949468465e-21 4.456695986278590664e-21
3.107154508936218554e+04 1.100768617078399285e-20 4.275435567229763138e-21
3.108212839198143047e+04 9.754664667714780464e-21 4.321110572126877845e-21
3.109271159842785346e+04 1.004915956215047905e-20 4.101723739857446299e-21
3.110329470864754330e+04 1.085734524925376807e-20 4.273214581465550646e-21
3.111387772258471159e+04 2.527073188281919192e-20 4.650030048466790383e-21
3.112446064018320976e+04 3.177291684807078806e-20 4.249734637261133541e-21
3.113504346138897017e+04 1.235380058643149765e-20 4.811648043469708201e-21
3.114562618614619350e+04 4.164542143194651696e-21 4.529905661965764679e-21
3.115620881439807636e+04 1.405774007994565046e-20 4.581715835455136886e-21
3.116679134609073299e+04 7.892414034251403913e-21 3.824166849137287948e-21
3.117737378116750187e+04 1.359238405750757454e-20 4.105761851760394463e-21
3.118795611957356596e+04 2.073766267233275011e-20 4.916299951483597163e-21
3.119853836125271846e+04 9.344172742550051765e-21 4.046868294915156252e-21
3.120912050614982945e+04 2.192018959615310784e-20 4.125545395587126447e-21
3.121970255420785179e+04 1.455963352852470169e-20 4.284767806510642846e-21
3.123028450537228491e+04 1.967248012269757386e-20 4.333802594014017553e-21
3.124086635958700572e+04 1.687682980479041175e-20 4.630264340774337982e-21
3.125144811679504346e+04 1.935783560173073813e-20 4.219758526528737121e-21
3.126202977694226502e+04 1.021499535010158585e-20 4.305006464923183545e-21
3.127261133997152501e+04 1.082404055611899053e-20 4.565618314907881334e-21
3.128319280582705323e+04 7.371673212595258863e-21 4.444819020159474597e-21
3.129377417445281753e+04 1.897631000982690939e-20 4.292145987885023055e-21
3.130435544579274938e+04 1.842889635665407027e-20 4.442811703126804498e-21
3.131493661979129683e+04 2.101454955597652041e-20 4.503222463003781537e-21
3.132551769639073973e+04 1.716171075155017091e-20 4.535822421096096449e-21
3.133609867553600270e+04 1.647662728872212604e-20 4.197005506642238421e-21
3.134667955717073346e+04 9.376102972446632792e-21 4.466812456353623519e-21
3.135726034123897625e+04 1.746496536155338157e-20 4.412133470947388078e-21
3.136784102768303637e+04 2.173500092524314670e-20 4.763145626200792884e-21
3.137842161644752196e+04 1.234517096480790969e-20 4.473780545777183724e-21
3.138900210747664096e+04 1.985925948840184336e-20 4.577508659778706207e-21
3.139958250071233488e+04 1.931644549187356780e-20 4.395612490192184062e-21
3.141016279609922640e+04 1.527123582907378399e-20 4.274442633368212448e-21
3.142074299358034477e+04 1.805595052970790751e-20 4.255885071331057284e-21
3.143132309309841003e+04 2.978842654438601346e-20 5.077438710447915117e-21
3.144190309459816490e+04 2.187494294675873574e-20 4.642712606264179820e-21
3.145248299802248948e+04 7.409397075455495975e-21 4.912943536405258780e-21
3.146306280331375456e+04 1.287172408790903283e-20 4.587441026012783249e-21
3.147364251041636089e+04 1.244631287593230495e-20 4.456589266431375714e-21
3.148422211927235912e+04 2.001951790041610629e-20 4.145771342740441806e-21
3.149480162982556431e+04 5.845343352967445754e-21 4.119122786217496979e-21
3.150538104201908936e+04 2.003632051722863239e-20 5.272698213932774173e-21
