1.010516400621624598e+04 6.421200144616056302e-19 4.850560653566764181e-20
1.011150352151920742e+04 5.823560492136368323e-19 2.937644808023473476e-20
1.011784300892928513e+04 5.620416898784743127e-19 2.608740156780883661e-20
1.012418246842820372e+04 5.665292547796425514e-19 2.659096399339296362e-20
1.013052189999858638e+04 5.594827634011342308e-19 2.728414586554948448e-20
1.013686130362184304e+04 4.948323350319601460e-19 2.702461087273043024e-20
1.014320067928090793e+04 5.651808338605375585e-19 2.630099952249140826e-20
1.014954002695713825e+04 5.995323608263283604e-19 2.728059862682009275e-20
1.015587934663323722e+04 6.141224704912244321e-19 2.688692447643272681e-20
1.016221863829078393e+04 6.780720613376312136e-19 2.654810041648870222e-20
1.016855790191274173e+04 6.441934534188552636e-19 2.626318347535643230e-20
1.017489713748018585e+04 6.464322696452256009e-19 2.711415354837790826e-20
1.018123634497606145e+04 5.885832931203372065e-19 2.660584313550908579e-20
1.018757552438208040e+04 6.129756447694824173e-19 2.712784501670867371e-20
1.019391467568055850e+04 6.308786694367913117e-19 2.622032465916642313e-20
1.020025379885309121e+04 6.603645823548478584e-19 2.763466914215664977e-20
1.020659289388273282e+04 5.630897100502988163e-19 2.811878275602320360e-20
1.021293196075076776e+04 6.688640467110742435e-19 2.737698388492199850e-20
1.021927099943972098e+04 6.203279864671012718e-19 2.654496007954390359e-20
1.022561000993149537e+04 6.164721666350567611e-19 2.639237378739452060e-20
1.023194899220862681e+04 5.591087543183267067e-19 2.647635686820156330e-20
1.023828794625248884e+04 6.519078230971436273e-19 2.657812012685532375e-20
1.024462687204581925e+04 6.213654227077868676e-19 2.732202954219354170e-20
1.025096576957051730e+04 6.575900550176802257e-19 2.634319331240376217e-20
1.025730463880869138e+04 6.924682960735253330e-19 2.694322779184766481e-20
1.026364347974238808e+04 5.701928908709888113e-19 2.652945215140140643e-20
1.026998229235355939e+04 5.686419656247797814e-19 2.550523373941445854e-20
1.027632107662484123e+04 6.176943799306121028e-19 2.573658203791801138e-20
1.028265983253781087e+04 6.194478620179405330e-19 2.555109243304364048e-20
1.028899856007488415e+04 7.650104221515552241e-19 2.705964470056130541e-20
1.029533725921795849e+04 7.628007586774371365e-19 2.854738574127700628e-20
1.030167592994934057e+04 6.460801770509171783e-19 2.684052759711165416e-20
1.030801457225091872e+04 6.545719814479800915e-19 2.705523869972753749e-20
1.031435318610490503e+04 6.183175896575994018e-19 2.509009283308633887e-20
1.032069177149360257e+04 6.600719708656675718e-19 2.590561122262764452e-20
1.032703032839868683e+04 7.129563772412257619e-19 2.592034341282709068e-20
1.033336885680257365e+04 7.669029388230860894e-19 2.592462155604068890e-20
1.033970735668713496e+04 7.043100551160296397e-19 2.457871129755832698e-20
1.034604582803446647e+04 7.328609421789383407e-19 2.611755345988817948e-20
1.035238427082699491e+04 6.925254650275250591e-19 2.772322032195255135e-20
1.035872268504657586e+04 7.423269278585623676e-19 2.700532504373171867e-20
1.036506107067513221e+04 7.230093990342606096e-19 2.690146930642481521e-20
1.037139942769492700e+04 6.975600902527553618e-19 2.699951600836926349e-20
1.037773775608805954e+04 6.977341635894062342e-19 2.565373343779299610e-20
1.038407605583670193e+04 7.491162945689982175e-19 2.627232348996529845e-20
1.039041432692263515e+04 6.993797112135409242e-19 2.587096069871316869e-20
1.039675256932836237e+04 5.993153176287989137e-19 2.568600538390146881e-20
1.040309078303564638e+04 7.171506779778945188e-19 2.525335559285632135e-20
1.040942896802678297e+04 7.197563895775323941e-19 2.521462997226295155e-20
1.041576712428352948e+04 6.390228537515371627e-19 2.629739133578738396e-20
1.042210525178817261e+04 6.635308587321946923e-19 2.598703428273263858e-20
1.042844335052301358e+04 6.775286244548873350e-19 2.546209021001671067e-20
1.043478142046980065e+04 6.928402113778776384e-19 2.544044024669513723e-20
1.044111946161060223e+04 7.080520870028545239e-19 2.497022043352226992e-20
1.044745747392782141e+04 7.693131345672386786e-19 2.520108503718807422e-20
1.045379545740324465e+04 7.979624780251374295e-19 2.649627766086315620e-20
1.046013341201866751e+04 8.036221470919770306e-19 2.610221185230205116e-20
1.046647133775670954e+04 7.174315191737331329e-19 2.505379169883934413e-20
1.047280923459933365e+04 7.027012129421993223e-19 2.512670610633193709e-20
1.047914710252828809e+04 7.499693001408742254e-19 2.525831236221873111e-20
1.048548494152583589e+04 7.117101571232321757e-19 2.522328662456818174e-20
1.049182275157437289e+04 7.407371258435629143e-19 2.586986722224141434e-20
1.049816053265519804e+04 7.889918386376404224e-19 2.642303856205663320e-20
1.050449828475102004e+04 7.717868464089507517e-19 2.611394236832906918e-20
1.051083600784369082e+04 7.538493183248098595e-19 2.539068920619490640e-20
1.051717370191514419e+04 7.456744489818527250e-19 2.466599744003731360e-20
1.052351136694775778e+04 7.803110982898596754e-19 2.638721032227098691e-20
1.052984900292315433e+04 9.437014046584151248e-19 2.822161605510938821e-20
1.053618660982354049e+04 1.049067514250882939e-18 2.901171749113206004e-20
1.054252418763110836e+04 8.246743817329710843e-19 2.670451624682236197e-20
1.054886173632771533e+04 7.735026678841802081e-19 2.504576178097086800e-20
1.055519925589562263e+04 6.976781050739886209e-19 2.627318929275391367e-20
1.056153674631676040e+04 6.933816618830855241e-19 2.725814815560268940e-20
1.056787420757295513e+04 7.642626210987471308e-19 2.515273666073599191e-20
1.057421163964679727e+04 7.938803062611839938e-19 2.644125845489218465e-20
1.058054904251978041e+04 8.612523506455261013e-19 2.629906729013661546e-20
1.058688641617414578e+04 7.391844605526283698e-19 2.467269992014372388e-20
1.059322376059204908e+04 6.995006895705444284e-19 2.427840556612112138e-20
1.059956107575519309e+04 7.011475209209259226e-19 2.545951605884589403e-20
1.060589836164615554e+04 8.372654689368276475e-19 2.596102295353863429e-20
1.061223561824625358e+04 8.847734862665773442e-19 2.674725224600221962e-20
1.061857284553807040e+04 8.182828760135352627e-19 2.661297758025180584e-20
1.062491004350335243e+04 8.779872022483316933e-19 2.547699758041642826e-20
1.063124721212411350e+04 8.544115530920722821e-19 2.629276649964899229e-20
1.063758435138271125e+04 8.987097196460538374e-19 2.693153736318872884e-20
1.064392146126084117e+04 8.899295673502175711e-19 2.651856931695013692e-20
1.065025854174061169e+04 7.625503355532861778e-19 2.538296735279192342e-20
1.065659559280417307e+04 8.380955583030281432e-19 2.569087365056906245e-20
1.066293261443329175e+04 7.888497295578958536e-19 2.594587443974501253e-20
1.066926960661000157e+04 8.468463569808144377e-19 2.694202941424744328e-20
1.067560656931651647e+04 1.026159482353477479e-18 2.867677317173489831e-20
1.068194350253471021e+04 1.025439453472799041e-18 2.861772261553213471e-20
1.068828040624666937e+04 1.165626194487357045e-18 2.863326165420180037e-20
1.069461728043367839e+04 1.148543960409033292e-18 2.937700478055058918e-20
1.070095411839332519e+04 1.066155919135341425e-18 3.070007538982233934e-20
1.070729088177720951e+04 1.055587166086508804e-18 2.800646024542000773e-20
1.071362761558352759e+04 1.062489015388692462e-18 2.846039754503566427e-20
1.071996431979416775e+04 9.087236225438721824e-19 2.628657865837583053e-20
1.072630099439146215e+04 7.820712192904946200e-19 2.547867126569408020e-20
1.073263763935693714e+04 6.426416937664179229e-19 2.513093358746304416e-20
1.073897425467293760e+04 7.618022209158242479e-19 2.500787315041927884e-20
1.074531084032121544e+04 9.133536529208862564e-19 2.725783890258617190e-20
1.075164739628391180e+04 1.015003779586497004e-18 2.798823993782119088e-20
1.075798392254281316e+04 1.094278989150133327e-18 2.907950853338933489e-20
1.076432041908027168e+04 1.115405257085032878e-18 2.913958007207332785e-20
1.077065688587782279e+04 1.184437282939570559e-18 2.991564617707514840e-20
1.077699332291766041e+04 1.040277245054840235e-18 2.934820171583836273e-20
1.078332973018186567e+04 1.038688382833726599e-18 2.805364710508327136e-20
1.078966610765230507e+04 1.105865815789988564e-18 2.857920921073208442e-20
1.079600245531094697e+04 1.001948069097821504e-18 2.814218286789009885e-20
1.080233877313963421e+04 1.045631271486216805e-18 2.848242039979412270e-20
1.080867506112056435e+04 9.335633622166684525e-19 2.694404604804677664e-20
1.081501131923542380e+04 8.823160546874361699e-19 2.659505077977474775e-20
1.082134754746636645e+04 7.953153133655933771e-19 2.658158382512113502e-20
1.082768374579519877e+04 6.357142508740166595e-19 2.574595115969036619e-20
1.083401991420399645e+04 5.521235940749091214e-19 2.503951434931942412e-20
1.084035605267479696e+04 6.092873857993274568e-19 2.723652621639716989e-20
1.084669216118934855e+04 6.627642494653285997e-19 2.556661382227305181e-20
1.085302823972970145e+04 8.580043642693172765e-19 2.718264641279847658e-20
1.085936428827790405e+04 8.563903209262569855e-19 2.650715112257099606e-20
1.086570030681567732e+04 9.313898257438841122e-19 2.780029894393659990e-20
1.087203629532507330e+04 1.053504505006569230e-18 2.815456416814200162e-20
1.087837225378805306e+04 1.074131709625913435e-18 2.852517504512983819e-20
1.088470818218637760e+04 1.127625497206345348e-18 2.756312399445539098e-20
1.089104408050199891e+04 1.236425282054994861e-18 2.846457132799073958e-20
1.089737994871720730e+04 1.128281857471143398e-18 2.770320092632019375e-20
1.090371578681345454e+04 1.160759153323325632e-18 2.773729336384434347e-20
1.091005159477289453e+04 1.115807836890241444e-18 2.829469601364729305e-20
1.091638737257778848e+04 1.175165764615391696e-18 2.880578044864317930e-20
1.092272312020938080e+04 1.219478787142121652e-18 2.983061759380530859e-20
1.092905883765002727e+04 1.162748945630972962e-18 2.932492998170522957e-20
1.093539452488147617e+04 1.226186084422964209e-18 2.915349717924261241e-20
1.094173018188573587e+04 1.226108251751973776e-18 2.868697813788052178e-20
1.094806580864443822e+04 1.188829685108083441e-18 2.863132375741615908e-20
1.095440140513994629e+04 1.123553171596337823e-18 2.778334214981298355e-20
1.096073697135369730e+04 1.073234400779969155e-18 2.733339867155492277e-20
1.096707250726793063e+04 9.900090566289980803e-19 2.830197563836896024e-20
1.097340801286431997e+04 9.753364172601315733e-19 2.728935993770700280e-20
1.097974348812498829e+04 8.641897335699122414e-19 2.614136953801636424e-20
1.098607893303169840e+04 8.130422210292649752e-19 2.446146713373121078e-20
1.099241434756627314e+04 7.842329186545698401e-19 2.441745406343158213e-20
1.099874973171049169e+04 8.381451542061616876e-19 2.530262833320267333e-20
1.100508508544652068e+04 9.505659675519571493e-19 2.627062694184776324e-20
1.101142040875600833e+04 9.767494340711172829e-19 2.684093184300517125e-20
1.101775570162106305e+04 1.021858085136048873e-18 2.717201489336175335e-20
1.102409096402343130e+04 1.163626685840097492e-18 2.769924705079079328e-20
1.103042619594487951e+04 1.163735889746537272e-18 2.755917358050417469e-20
1.103676139736749428e+04 1.172047902860301251e-18 2.712302755734759946e-20
1.104309656827290928e+04 1.248275185163293863e-18 2.796958160698019864e-20
1.104943170864308922e+04 1.215290064111965552e-18 2.841646860684082924e-20
1.105576681845977510e+04 1.306176628847844980e-18 2.848283812164217942e-20
1.106210189770506622e+04 1.382851907339525154e-18 2.827594816354791524e-20
1.106843694636068540e+04 1.365806836350858499e-18 2.816264469609009488e-20
1.107477196440813896e+04 1.220185295899175299e-18 2.684261277258936392e-20
1.108110695183008647e+04 1.280347783696189743e-18 2.740896850073450459e-20
1.108744190860766321e+04 1.301707370079824110e-18 2.797534679706915611e-20
1.109377683472306308e+04 1.197938115421629962e-18 2.672701291478569809e-20
1.110011173015767781e+04 1.112717246527077916e-18 2.650965098675382785e-20
1.110644659489383957e+04 9.361471932593041306e-19 2.471057127535698071e-20
1.111278142891296557e+04 7.251475539426648193e-19 2.321837323962413709e-20
1.111911623219735156e+04 6.991858436739109675e-19 2.414248167410915456e-20
1.112545100472845661e+04 7.570052850026749489e-19 2.470699745247742057e-20
1.113178574648823269e+04 9.508560985796251420e-19 2.648767876503857452e-20
1.113812045745835894e+04 1.205544747472350966e-18 2.689657571372264304e-20
1.114445513762112387e+04 1.177595491481773902e-18 2.694306928419750086e-20
1.115078978695755177e+04 1.269841225690233220e-18 2.795967014740184365e-20
1.115712440545005666e+04 1.306698453686103662e-18 2.781640132820562290e-20
1.116345899307991021e+04 1.284285875422461146e-18 2.770350610401668400e-20
1.116979354982961377e+04 1.287473426878900082e-18 2.778518328810396188e-20
1.117612807568038079e+04 1.250444736721655603e-18 2.802861854913414490e-20
1.118246257061446704e+04 1.282238648379980655e-18 2.755563499340430962e-20
1.118879703461319332e+04 1.150532840116397915e-18 2.638092070241319932e-20
1.119513146765881356e+04 1.005537168820419154e-18 2.602449027141823063e-20
1.120146586973275771e+04 8.524770842636681161e-19 2.416842555353392415e-20
1.120780024081642114e+04 7.043066143848229611e-19 2.337450316047897671e-20
1.121413458089254891e+04 5.207743682148416715e-19 2.116035157346431014e-20
1.122046888994231449e+04 5.680551978224676817e-19 2.186264386350997355e-20
1.122680316794761347e+04 6.830356062163710530e-19 2.302879941942018593e-20
1.123313741489009226e+04 8.810176407920755336e-19 2.466004412036049838e-20
1.123947163075186108e+04 1.029264396006469044e-18 2.607914538036921562e-20
1.124580581551416799e+04 1.116389138406007187e-18 2.568438660729073289e-20
1.125213996915903408e+04 1.254567678655349244e-18 2.579687489652612035e-20
1.125847409166810394e+04 1.264743749643053074e-18 2.643599164528776159e-20
1.126480818302322768e+04 1.340989156648206987e-18 2.764453014514957270e-20
1.127114224320615358e+04 1.266427436466034126e-18 2.764565240848703055e-20
1.127747627219874084e+04 1.452783713468178620e-18 2.938220115980263561e-20
1.128381026998259404e+04 1.354254231936576886e-18 2.856466979252424282e-20
1.129014423653933591e+04 1.461914048664304428e-18 2.898322136799152316e-20
1.129647817185080748e+04 1.501517844605004241e-18 2.894541404947335093e-20
1.130281207589858241e+04 1.472941694747881861e-18 2.895768690598456731e-20
1.130914594866453990e+04 1.563715945883558245e-18 2.890031900823633863e-20
1.131547979013038093e+04 1.531442994767517966e-18 2.932124775946242331e-20
1.132181360027783194e+04 1.479678269091266234e-18 2.827032619024324133e-20
1.132814737908871939e+04 1.579350249338830436e-18 2.889000546230243980e-20
1.133448112654450233e+04 1.613747876429047588e-18 3.014747440057904650e-20
1.134081484262690719e+04 1.571495265265919030e-18 2.919274817567835274e-20
1.134714852731778592e+04 1.660251826483326900e-18 2.992547087640775645e-20
1.135348218059854116e+04 1.605511429355411121e-18 2.940098951179355552e-20
1.135981580245144505e+04 1.599038617039791366e-18 3.052829565370826257e-20
1.136614939285760738e+04 1.619034664474805059e-18 2.938789667843248624e-20
1.137248295179881279e+04 1.641503842699169954e-18 3.042555145667792358e-20
1.137881647925709694e+04 1.514166356626405161e-18 2.864373413582375717e-20
1.138514997521357145e+04 1.572401407736108929e-18 2.865777167241518121e-20
1.139148343965039749e+04 1.553542508379476701e-18 2.834046190229674903e-20
1.139781687254884309e+04 1.499369666561136493e-18 2.779606804287054230e-20
1.140415027389104944e+04 1.507908506237498309e-18 2.738657912195844125e-20
1.141048364365818998e+04 1.624258253599309866e-18 2.892471650965639713e-20
1.141681698183227854e+04 1.646281928535471833e-18 2.871753757806869914e-20
1.142315028839484148e+04 1.566918316143849569e-18 2.877665037528083536e-20
1.142948356332741423e+04 1.500569239685613544e-18 2.885290463269272415e-20
1.143581680661170321e+04 1.510084532807547552e-18 2.854134528265362110e-20
1.144215001822927297e+04 1.593148734132635958e-18 2.892156521072657396e-20
1.144848319816200456e+04 1.654889934136615796e-18 2.870095399292146088e-20
1.145481634639140248e+04 1.583355856944221455e-18 2.899576602287272997e-20
1.146114946289897671e+04 1.453257047386923881e-18 2.839222439020490567e-20
1.146748254766657010e+04 1.502051558817010984e-18 2.899977076104922965e-20
1.147381560067553619e+04 1.442390800830670947e-18 2.794847045922495329e-20
1.148014862190740314e+04 1.465249179287870419e-18 2.823183417827258237e-20
1.148648161134449947e+04 1.474762607035960464e-18 2.928408909165502014e-20
1.149281456896770942e+04 1.505804977525924981e-18 2.926345292753858024e-20
1.149914749475852295e+04 1.584139910282231442e-18 3.021851977960129870e-20
1.150548038869924676e+04 1.536606216866750176e-18 2.927017997562249292e-20
1.151181325077115980e+04 1.522229931689715876e-18 2.904838149318788631e-20
1.151814608095533731e+04 1.447227371386002679e-18 2.831697721017862486e-20
1.152447887923384224e+04 1.383102647695526559e-18 2.694355333270361140e-20
1.153081164558871023e+04 1.250636496668142168e-18 2.829616881610802965e-20
1.153714438000068731e+04 1.424714533968423056e-18 2.740537923112991525e-20
1.154347708245158356e+04 1.466262145911329458e-18 2.692402029425803743e-20
1.154980975292332187e+04 1.450496545622861876e-18 2.761492270284193709e-20
1.155614239139717210e+04 1.433988015068156296e-18 2.785455717536600028e-20
1.156247499785438231e+04 1.433621060071709569e-18 2.824217370510127239e-20
1.156880757227673894e+04 1.334542870559511758e-18 2.766290413196901368e-20
1.157514011464640316e+04 1.171326016253128200e-18 2.584162177771755769e-20
1.158134105065822405e+04 1.034111842420677600e-18 2.516006381949790829e-20
1.158767351580062677e+04 8.824202321683478907e-19 2.293653991412576422e-20
1.159400594909337269e+04 8.865364351481802008e-19 2.340016510156579044e-20
1.160033835026175984e+04 9.602539654680648556e-19 2.353649716516604797e-20
1.160667071928459154e+04 1.102315173264908959e-18 2.467679813223930290e-20
1.161300305614314129e+04 1.206706705508272754e-18 2.538597130407254489e-20
1.161933536081892817e+04 1.253739090322362823e-18 2.631659908690872528e-20
1.162566763329369860e+04 1.357871720621564024e-18 2.794367058966789923e-20
1.163199987354897530e+04 1.402900494225551280e-18 2.699030608106369317e-20
1.163833208156568980e+04 1.404801969866972713e-18 2.704799603533653125e-20
1.164466425732576681e+04 1.367305870415320742e-18 2.710614141291840558e-20
1.165099640081082907e+04 1.455439757430156472e-18 2.775926465406196365e-20
1.165732851200212826e+04 1.454689667658421809e-18 2.727650857779235041e-20
1.166366059088160546e+04 1.406364936234472936e-18 2.621961098595015309e-20
1.166999263742995936e+04 1.427644062508511240e-18 2.676771497027802792e-20
1.167632465162887092e+04 1.451838065310548138e-18 2.691798882717191591e-20
1.168265663346038855e+04 1.501790530174352549e-18 2.781154948376747765e-20
1.168898858290539101e+04 1.469338887005016840e-18 2.794791148247133981e-20
1.169532049994580302e+04 1.542319202406390047e-18 2.953095210023315147e-20
1.170165238456260340e+04 1.502616833005893979e-18 2.818240143295676659e-20
1.170798423673740035e+04 1.486252915169017264e-18 2.722956023639728861e-20
1.171431605645184754e+04 1.515846380868147095e-18 2.752587977259765436e-20
1.172064784368691107e+04 1.525946230488710204e-18 2.946804012104123910e-20
1.172697959842448654e+04 1.450548483665227408e-18 2.738362250161795008e-20
1.173331132064601115e+04 1.443532589852104502e-18 2.830518365261736461e-20
1.173964301033267475e+04 1.444038449703570539e-18 2.960405457022057654e-20
1.174597466746613463e+04 1.522050398562917143e-18 2.979466460039230127e-20
1.175230629202736600e+04 1.522547760168796264e-18 2.900179727734074768e-20
1.175863788399798614e+04 1.469592838822529270e-18 2.752550869436932625e-20
1.176496944335974331e+04 1.555978365434271705e-18 2.924364308602941842e-20
1.177130097009381461e+04 1.550299334387700196e-18 2.824855480634745204e-20
1.177763246418134986e+04 1.503807529189012171e-18 2.777124748797942300e-20
1.178396392560405366e+04 1.486773334534889096e-18 2.741507121112801077e-20
1.179029535434320314e+04 1.430290943599289270e-18 2.690395452381026857e-20
1.179662675037997542e+04 1.381665639561327262e-18 2.688830365435486609e-20
1.180295811369598414e+04 1.430166034929565788e-18 2.655172410499366762e-20
1.180928944427284114e+04 1.447386199859875938e-18 2.698475068528208726e-20
1.181562074209152524e+04 1.468552606958690668e-18 2.717561604580620017e-20
1.182195200713349186e+04 1.470472055413737848e-18 2.795465918027473405e-20
1.182828323938014364e+04 1.474450297234389607e-18 2.727046093649114150e-20
1.183461443881271407e+04 1.468269021727417412e-18 2.714098542369534862e-20
1.184094560541254759e+04 1.608201094787608467e-18 2.906067232065546815e-20
1.184727673916111053e+04 1.514434377397876940e-18 2.731972558272044048e-20
1.185360784003974186e+04 1.396941847051220526e-18 2.726762545374483778e-20
1.185993890802966780e+04 1.447008644606573802e-18 2.643572454688127163e-20
1.186626994311218732e+04 1.455197945368259400e-18 2.683395241233665472e-20
1.187260094526885587e+04 1.443145764918639360e-18 2.700438950129425919e-20
1.187893191448087782e+04 1.485197582422227196e-18 2.730444931737062334e-20
1.188526285072978499e+04 1.437243229207613732e-18 2.700259536236444245e-20
1.189159375399610144e+04 1.524921560619798218e-18 2.681406933286891491e-20
1.189792462426178463e+04 1.459887672590671575e-18 2.672148924938785008e-20
1.190425546150789705e+04 1.468708644631598226e-18 2.681292892885302682e-20
1.191058626571584318e+04 1.523457315539054053e-18 2.782589037705946373e-20
1.191691703686703659e+04 1.538556583084234632e-18 2.725687585095444330e-20
1.192324777494238515e+04 1.603143767404541264e-18 2.799131517817274712e-20
1.192957847992342977e+04 1.591516850914831460e-18 2.740770734865704319e-20
1.193590915179128933e+04 1.483600606605014032e-18 2.777648762827144787e-20
1.194223979052746108e+04 1.453259809395597254e-18 2.664169976597356797e-20
1.194857039611296568e+04 1.500994030367094223e-18 2.722547733613221311e-20
1.195490096852925490e+04 1.543555422785468734e-18 2.704521430153178651e-20
1.196123150775718204e+04 1.586077510407759495e-18 2.725545366563284412e-20
1.196756201377842081e+04 1.548904390505001272e-18 2.735780185375271988e-20
1.197389248657395365e+04 1.512929967710789785e-18 2.678178683545899769e-20
1.198022292612525052e+04 1.548432430498201410e-18 2.672169429077048140e-20
1.198655333241329390e+04 1.527468140812293063e-18 2.727261885291349176e-20
1.199288370541637050e+04 1.570932153309532342e-18 2.685818385394284535e-20
1.199908162513305069e+04 1.523986129782223656e-18 2.629988225084622971e-20
1.200541191870144758e+04 1.533842332752624319e-18 2.631046554909606908e-20
1.201174217893115929e+04 1.514662741259462388e-18 2.576321160767974818e-20
1.201807240580350117e+04 1.572357966319914045e-18 2.825180169581984798e-20
1.202440259929950844e+04 1.607669289297513822e-18 2.695041661694218396e-20
1.203073275940046005e+04 1.585815551665870879e-18 2.701226688366268945e-20
1.203706288608770592e+04 1.480313291740182424e-18 2.564456152067286892e-20
1.204339297934217939e+04 1.590634443744068139e-18 2.607424858381666601e-20
1.204972303914516669e+04 1.550744456436017014e-18 2.591922056737269994e-20
1.205605306547770488e+04 1.614495991754950991e-18 2.641496573304418112e-20
1.206238305832097285e+04 1.583100475640237773e-18 2.633027537478631040e-20
1.206871301765621138e+04 1.511118413672860559e-18 2.584544372252711769e-20
1.207504294346456845e+04 1.506630084155320190e-18 2.600716920027839775e-20
1.208137283572717752e+04 1.500097522551941193e-18 2.545616256712187132e-20
1.208770269442505924e+04 1.537104090783055198e-18 2.626315043586521239e-20
1.209403251953933432e+04 1.498208576391153955e-18 2.648864995691058267e-20
1.210036231105110710e+04 1.565642258955200952e-18 2.672551051167593757e-20
1.210669206894174386e+04 1.516562931007381598e-18 2.640110231161762714e-20
1.211302179319222523e+04 1.511977326417230390e-18 2.563461501995512198e-20
1.211935148378343547e+04 1.453767137998207492e-18 2.625535222677102380e-20
1.212568114069668263e+04 1.379039623737778690e-18 2.642495373941442933e-20
1.213201076391306196e+04 1.440732464280729589e-18 2.560254849842955444e-20
1.213834035341365779e+04 1.482196424438904529e-18 2.580436762664360395e-20
1.214466990917941803e+04 1.380295147976518299e-18 2.528829479562053312e-20
1.215099943119131240e+04 1.297510850508977457e-18 2.464606695770253834e-20
1.215732891943075811e+04 1.248109392275104894e-18 2.486206990573997255e-20
1.216365837387858119e+04 1.292927715833102803e-18 2.498725412341039930e-20
1.216998779451606424e+04 1.316426761459947250e-18 2.515008536607696018e-20
1.217631718132401693e+04 1.310319920499058589e-18 2.540347519038431108e-20
1.218264653428359816e+04 1.342941454564626090e-18 2.522478623587652688e-20
1.218897585337561577e+04 1.414759498074094425e-18 2.516904150966506827e-20
1.219530513858146514e+04 1.419322833634706048e-18 2.516903037558770687e-20
1.220163438988189955e+04 1.458795024161802676e-18 2.534284489972640907e-20
1.220796360725795239e+04 1.502022457785324279e-18 2.640484709675614407e-20
1.221429279069084441e+04 1.415790264353339146e-18 2.594675269985936307e-20
1.222062194016141439e+04 1.360730739366603181e-18 2.514145642093952421e-20
1.222695105565049016e+04 1.331219490577655650e-18 2.500256358645455927e-20
1.223328013713956352e+04 1.265632721414523109e-18 2.396159846808955376e-20
1.223960918460936409e+04 1.297760808965377469e-18 2.444624787158002944e-20
1.224593819804041959e+04 1.288602428423691028e-18 2.448213284324526533e-20
1.225226717741426182e+04 1.185514565409785177e-18 2.427131499324374943e-20
1.225859612271163132e+04 1.050463310504681895e-18 2.236420345603657386e-20
1.226492503391387436e+04 9.784494685643363096e-19 2.186013689094040753e-20
1.227125391100152956e+04 1.064546282377797020e-18 2.209622819172897706e-20
1.227758275395561577e+04 1.055786268600100972e-18 2.205684661082612467e-20
1.228391156275692447e+04 1.167736913866946133e-18 2.367216352622379963e-20
1.229024033738649996e+04 1.267992458472700946e-18 2.473037295147360008e-20
1.229656907782578492e+04 1.294533214027995368e-18 2.528162014583449926e-20
1.230289778405509787e+04 1.401415740588829435e-18 2.453760099227399397e-20
1.230922645605543948e+04 1.359214635079035086e-18 2.428892815420925795e-20
1.231555509380774129e+04 1.461211649977371274e-18 2.484659423873615135e-20
1.232188369729315673e+04 1.512193945600025610e-18 2.544837602214108176e-20
1.232821226649245364e+04 1.526841880388624301e-18 2.575100672814206420e-20
1.233454080138633799e+04 1.576138179242663740e-18 2.644083993831286486e-20
1.234086930195570676e+04 1.458776423805347661e-18 2.524276640212297062e-20
1.234719776818174614e+04 1.513644118649964198e-18 2.580351437443274733e-20
1.235352620004531673e+04 1.418112167448395808e-18 2.627925190928298049e-20
1.235985459752699717e+04 1.426696451746800206e-18 2.662968626894279078e-20
1.236618296060736611e+04 1.430228323550562366e-18 2.631965180288437390e-20
1.237251128926785532e+04 1.487833345785523964e-18 2.595443902509533651e-20
1.237883958348917622e+04 1.504924727179113201e-18 2.583743646482592326e-20
1.238516784325229855e+04 1.500576948124623191e-18 2.570872528764687464e-20
1.239149606853778096e+04 1.404133656548080119e-18 2.544948637756565320e-20
1.239782425932638034e+04 1.375451352467601269e-18 2.423435421636404423e-20
1.240415241559901006e+04 1.497510908342920248e-18 2.510400515487505955e-20
1.241048053733686538e+04 1.448479426326317181e-18 2.571920415578057128e-20
1.241680862452059046e+04 1.330795445314879149e-18 2.502376071235590326e-20
1.242313667713028917e+04 1.504774157751001648e-18 2.578837328759886107e-20
1.242946469514736236e+04 1.539416701767319371e-18 2.611946752548395082e-20
1.243579267855284525e+04 1.438242945374359398e-18 2.525107756343597955e-20
1.244212062732714003e+04 1.487312937238644869e-18 2.509447393087972473e-20
1.244844854145109821e+04 1.487142044528097809e-18 2.512280466597975605e-20
1.245477642090519112e+04 1.456621162423244823e-18 2.505154992553319254e-20
1.246110426567078321e+04 1.503852338588498944e-18 2.480291791004449319e-20
1.246743207572823303e+04 1.473089944908455733e-18 2.402174291995405099e-20
1.247375985105835935e+04 1.505239091693178677e-18 2.445223450470928203e-20
1.248008759164162257e+04 1.521996813577426634e-18 2.525692506582112922e-20
1.248641529745923435e+04 1.529195140605463277e-18 2.470371352736070770e-20
1.249274296849177153e+04 1.520343522144871032e-18 2.593028516082023956e-20
1.249907060471996010e+04 1.599037186557250909e-18 2.599410683288831044e-20
1.250539820612416770e+04 1.577424433441187663e-18 2.556434565694675375e-20
1.251172577268565510e+04 1.600794801902389170e-18 2.581631845890474332e-20
1.251805330438478450e+04 1.667025049874696888e-18 2.654045765965081221e-20
1.252438080120223458e+04 1.559313336587632399e-18 2.578219432276946472e-20
1.253070826311882774e+04 1.535333774057038146e-18 2.574197997770502518e-20
1.253703569011497530e+04 1.582560628610472805e-18 2.559764232837222197e-20
1.254336308217174519e+04 1.578217298476557325e-18 2.545037401335824669e-20
1.254969043926966515e+04 1.656384118981727529e-18 2.623429415443413235e-20
1.255601776138933565e+04 1.579213357997465072e-18 2.576526176821576277e-20
1.256234504851099700e+04 1.610924781641204252e-18 2.601851024616817698e-20
1.256867230061601913e+04 1.571746048968931812e-18 2.546619287162874191e-20
1.257499951768477149e+04 1.615113260005282003e-18 2.577302660849406676e-20
1.258132669969775452e+04 1.552763685880706261e-18 2.488924093692210848e-20
1.258765384663573423e+04 1.546239885696674123e-18 2.540785426641340629e-20
1.259398095847889817e+04 1.407340000007257229e-18 2.469507997204597526e-20
1.260030803520853260e+04 1.457488865383829271e-18 2.496973765839748249e-20
1.260663507680483781e+04 1.475788707702367549e-18 2.631974342537034184e-20
1.261296208324847430e+04 1.462750381946198748e-18 2.467426939500119564e-20
1.261928905451975515e+04 1.494736261262588571e-18 2.545781685749909553e-20
1.262561599059985929e+04 1.478881942036117319e-18 2.524929193889060543e-20
1.263194289146895971e+04 1.525419560041179463e-18 2.553580522403050438e-20
1.263826975710773877e+04 1.580372370472347364e-18 2.611529959392508493e-20
1.264459658749624759e+04 1.580563356893962870e-18 2.546636695190493964e-20
1.265092338261595251e+04 1.666725026779774772e-18 2.634099807363463520e-20
1.265725014244686281e+04 1.556490619065662793e-18 2.542077789944125268e-20
1.266357686696967539e+04 1.591746040886511123e-18 2.560910731171241483e-20
1.266990355616458874e+04 1.542691367472605518e-18 2.539850403161190345e-20
1.267623021001242159e+04 1.595470933605908067e-18 2.563165666278834117e-20
1.268255682849369441e+04 1.622290045186678243e-18 2.599314593353539110e-20
1.268888341158870026e+04 1.593249814889068305e-18 2.570540409741580285e-20
1.269520995927820331e+04 1.556826480848627393e-18 2.510420386693315161e-20
1.270153647154237478e+04 1.471716573058754861e-18 2.522574337349795407e-20
1.270786294836195157e+04 1.578504231597345878e-18 2.516576720161081310e-20
1.271418938971764146e+04 1.699533645121796781e-18 2.582636951310577282e-20
1.272051579558918274e+04 1.674805287905142703e-18 2.599845246157093915e-20
1.272684216595779617e+04 1.609286632019051644e-18 2.510233676593638206e-20
1.273316850080342920e+04 1.705006653968811530e-18 2.538119797915547726e-20
1.273949480010674051e+04 1.648789335169214801e-18 2.538267638932413427e-20
1.274582106384821418e+04 1.704432302676456777e-18 2.724540714568744805e-20
1.275214729200801230e+04 1.680002590389314793e-18 2.551957464693003911e-20
1.275847348456681721e+04 1.642156840798892580e-18 2.473092733895938641e-20
1.276479964150502383e+04 1.604987474131724492e-18 2.499971787309896721e-20
1.277112576280292342e+04 1.647217350861312724e-18 2.544123707224754712e-20
1.277745184844119103e+04 1.657327740665444698e-18 2.612118484728537740e-20
1.278377789839982870e+04 1.562748824784323753e-18 2.527957220986201582e-20
1.279010391265957151e+04 1.586036261093845183e-18 2.736844759229001874e-20
1.279642989120031234e+04 1.565373235760384589e-18 2.766894058217648158e-20
1.280275583400281175e+04 1.588976928648770304e-18 2.836276448164249803e-20
1.280908174104755926e+04 1.543552057012897723e-18 2.730346924058854298e-20
1.281540761231448232e+04 1.420268425395554147e-18 2.622899792573340377e-20
1.282173344778424507e+04 1.564826521679647297e-18 2.539110297108292866e-20
1.282805924743689684e+04 1.598711377756619012e-18 2.528852662671829301e-20
1.283438501125330731e+04 1.534246809956454038e-18 2.551213066077903339e-20
1.284071073921334391e+04 1.582060871326989551e-18 2.516325519943921854e-20
1.284703643129740885e+04 1.504602312213783697e-18 2.542680821829021938e-20
1.285336208748566060e+04 1.466394047325857259e-18 2.436341446207905159e-20
1.285968770775903795e+04 1.500903867771175333e-18 2.511989713391889705e-20
1.286601329209697178e+04 1.562390900930970457e-18 2.540435579914169795e-20
1.287233884048014625e+04 1.589793708376092699e-18 2.679939398747854861e-20
1.287866435288878711e+04 1.592815841064989640e-18 2.618649091890775865e-20
1.288498982930355305e+04 1.639607819471009421e-18 2.692948458673213853e-20
1.289131526970419145e+04 1.646577057389990836e-18 2.603844724726002588e-20
1.289764067407103357e+04 1.662418747182138199e-18 2.570874786212162476e-20
1.290396604238436885e+04 1.600119876054100927e-18 2.593871895298184099e-20
1.291029137462470135e+04 1.638951273108775626e-18 2.613097153476905041e-20
1.291661667077181846e+04 1.645088371717133105e-18 2.651712933447626363e-20
1.292294193080651894e+04 1.602993725880038400e-18 2.598568227398152077e-20
1.292926715470821910e+04 1.583011492844666763e-18 2.596741141488004140e-20
1.293559234245804691e+04 1.689491910902148586e-18 2.683714110110920585e-20
1.294191749403531321e+04 1.530925186061797377e-18 2.594625196563571247e-20
1.294824260942089313e+04 1.466880755489205630e-18 2.496193595130213328e-20
1.295456768859450312e+04 1.490845391018945222e-18 2.606984534899897634e-20
1.296089273153658905e+04 1.471313516246965493e-18 2.459235321009425145e-20
1.296721773822702198e+04 1.634181958800231475e-18 2.657610896871955381e-20
1.297354270864638238e+04 1.577209743269638119e-18 2.495877598051006484e-20
1.297986764277467773e+04 1.509283831632555572e-18 2.553296926740028458e-20
1.298619254059201012e+04 1.620680113989326243e-18 2.709074959068839702e-20
1.299251740207818330e+04 1.575430226029980466e-18 2.592177215250951556e-20
1.299884222721369588e+04 1.654189961149533624e-18 2.642046132072896685e-20
1.300516701597867723e+04 1.636365273695713382e-18 2.611394719497997358e-20
1.301149176835308936e+04 1.582426711726882253e-18 2.564237213060185894e-20
1.301781648431713074e+04 1.657191846547165777e-18 2.580612143987941336e-20
1.302414116385067246e+04 1.650091829057734761e-18 2.579801361783350765e-20
1.303046580693433134e+04 1.584219879958089145e-18 2.549344804983897136e-20
1.303679041354767833e+04 1.646105676022247033e-18 2.601778652144447378e-20
1.304311498367066997e+04 1.658819467021837124e-18 2.571668329976115428e-20
1.304943951728410866e+04 1.638735688602976998e-18 2.590608836860251355e-20
1.305576401369447012e+04 1.631765816266231394e-18 2.539883894421650678e-20
1.306208847347236042e+04 1.667438321420725270e-18 2.615936672824883276e-20
1.306841289668056561e+04 1.649801582550685613e-18 2.631536245624219666e-20
1.307473728329900041e+04 1.707008188708241585e-18 2.634484601231521925e-20
1.308106163330753407e+04 1.631493147663012219e-18 2.762614731824884749e-20
1.308738594668611222e+04 1.598122647882535774e-18 2.602794655197658819e-20
1.309357555519350353e+04 1.651273018523737413e-18 2.697451536461643266e-20
1.309989978210980917e+04 1.634503757118374728e-18 2.704739935367989517e-20
1.310622397258808996e+04 1.558381127794944870e-18 2.778740301100750313e-20
1.311254812635917187e+04 1.602707040157450103e-18 2.708120571901973805e-20
1.311887224339979366e+04 1.614205693565628600e-18 2.722974835687952412e-20
1.312519632368985185e+04 1.548043015584979642e-18 2.818191839561470937e-20
1.313152036720936667e+04 1.548650824775718313e-18 2.677681912119918122e-20
1.313784437393852022e+04 1.651051757728790842e-18 2.706942660725582249e-20
1.314416834385673428e+04 1.600014431808520659e-18 2.695808369066323811e-20
1.315049227694438559e+04 1.534651540078246419e-18 2.701413963446713068e-20
1.315681617318131975e+04 1.588913693470706805e-18 2.657936133643448082e-20
1.316314003254706768e+04 1.532954182005179133e-18 2.636641101063954757e-20
1.316946385502213161e+04 1.551853620456901813e-18 2.657367483263828552e-20
1.317578764058574961e+04 1.504482429935950944e-18 2.552417225838147958e-20
1.318211138921834754e+04 1.516440404575023583e-18 2.701347789888234818e-20
1.318843510089954543e+04 1.458465358740246633e-18 2.552658193197486234e-20
1.319475877560930348e+04 1.507242595333741994e-18 2.556544174098358723e-20
1.320108241332720900e+04 1.529229194558762452e-18 2.541636408300324761e-20
1.320740601403340224e+04 1.574034122488046900e-18 2.748341154081341933e-20
1.321372957770772700e+04 1.541867151949215236e-18 2.579078304690596064e-20
1.322005310432995429e+04 1.559894026867139417e-18 2.643224876252814431e-20
1.322637659387955500e+04 1.570066433793206107e-18 2.726471499912744798e-20
1.323270004633699136e+04 1.539098151778559150e-18 2.683654795241731238e-20
1.323902346168154509e+04 1.528397646608475311e-18 2.784273771534008748e-20
1.324534683989308542e+04 1.534317199966252540e-18 2.612796476577277454e-20
1.325167018095146341e+04 1.587886713387320990e-18 2.623290762797819829e-20
1.325799348483683025e+04 1.612788006818638337e-18 2.641747492059049856e-20
1.326431675152814023e+04 1.587034373444621946e-18 2.576105030123998458e-20
1.327063998100595381e+04 1.586978648402554986e-18 2.606040478046707904e-20
1.327696317324964912e+04 1.484525919216455271e-18 2.660683104154633757e-20
1.328328632823879525e+04 1.492902514625118626e-18 2.552701596697081901e-20
1.328960944595351430e+04 1.552030897198354100e-18 2.620992317313500102e-20
1.329593252637305159e+04 1.523055820663579953e-18 2.593836711678920660e-20
1.330225556947787481e+04 1.563159558552140487e-18 2.649038028524132313e-20
1.330857857524700921e+04 1.522088125204221946e-18 2.674120165819776791e-20
1.331490154366019124e+04 1.544371916017132168e-18 2.637314612705347286e-20
1.332122447469737381e+04 1.579369057134743045e-18 2.662233237573292364e-20
1.332754736833815696e+04 1.614184662679758023e-18 2.639335408301368001e-20
1.333387022456229352e+04 1.571252952318265257e-18 2.609860125455802307e-20
1.334019304334903973e+04 1.581413278258694370e-18 2.679510213718918478e-20
1.334651582467570006e+04 1.595058372507708363e-18 2.628506353921664463e-20
1.335283856827362251e+04 1.569970381544945646e-18 2.654932929993190372e-20
1.335902606470810861e+04 1.549705663684025363e-18 2.600873554600193824e-20
1.336534872063450894e+04 1.520176771240037883e-18 2.534585115989932721e-20
1.337167133902096975e+04 1.530273654244325445e-18 2.594079021235707423e-20
1.337799391984802969e+04 1.573741004073137459e-18 2.554961745247686249e-20
1.338431646309464304e+04 1.558040537487645872e-18 2.505586405395247983e-20
1.339063896874048623e+04 1.600704797347946597e-18 2.569256512708679884e-20
1.339696143676515749e+04 1.602963599276072974e-18 2.593489583846048367e-20
1.340328386714851695e+04 1.555454791963737102e-18 2.561847480526150105e-20
1.340960625986979358e+04 1.610442597443870341e-18 2.604136752857060107e-20
1.341592861490830182e+04 1.637422057194480895e-18 2.597723421802324629e-20
1.342225093224428565e+04 1.633134423071158038e-18 2.602890473805239673e-20
1.342857321185685578e+04 1.621389407899166221e-18 2.593770709688417749e-20
1.343489545372552675e+04 1.570407498740320036e-18 2.633428950427056433e-20
1.344121765782975672e+04 1.561947286280358594e-18 2.548460986290303433e-20
1.344753982414925667e+04 1.567437429440262977e-18 2.599789597529217761e-20
1.345386195266319373e+04 1.608611693634570310e-18 2.550174713501418083e-20
1.346018404335133346e+04 1.564405417229780963e-18 2.573949325400356707e-20
1.346650609619332499e+04 1.647898510242553113e-18 2.552263908461187914e-20
1.347282811116813173e+04 1.556072055699178144e-18 2.533328903850214449e-20
1.347915008825558289e+04 1.546379008031620672e-18 2.515570758550060016e-20
1.348547202743483285e+04 1.609311503722439851e-18 2.617869619651382216e-20
1.349179392868586910e+04 1.593846320128121217e-18 2.602740544659615323e-20
1.349811579198710569e+04 1.628093902680843099e-18 2.657256890059474025e-20
1.350443761731922677e+04 1.691736589510360105e-18 2.714822663627330388e-20
1.351075940466056818e+04 1.614577480153386553e-18 2.627574490251940470e-20
1.351708115399124108e+04 1.623385450129268901e-18 2.590057837719054429e-20
1.352340286529008335e+04 1.630153091830876417e-18 2.580394734131285292e-20
1.352972453853699153e+04 1.620356103348083991e-18 2.649291838576811184e-20
1.353604617371104541e+04 1.649475997326842683e-18 2.720556073386348107e-20
1.354236777079129752e+04 1.620083609487896219e-18 2.626269288598766195e-20
1.354868932975797543e+04 1.695743383128799449e-18 2.745926329851843090e-20
1.355501085058951503e+04 1.641951547521020792e-18 2.652152766860300739e-20
1.356133233326573827e+04 1.649871679601773078e-18 2.606241138102806180e-20
1.356765377776569949e+04 1.615869462401241306e-18 2.643398958895970137e-20
1.357397518406952440e+04 1.608135061697081022e-18 2.622856386491533975e-20
1.358029655215494495e+04 1.601919682311043067e-18 2.600677511453609237e-20
1.358661788200295632e+04 1.635706120051834905e-18 2.703975280854714832e-20
1.359293917359135230e+04 1.631109712076888625e-18 2.640076294928267600e-20
1.359926042690088616e+04 1.552326129729153883e-18 2.564908569708952113e-20
1.360558164190913521e+04 1.528186206909494811e-18 2.539147760822132413e-20
1.361190281859706374e+04 1.535778482569297897e-18 2.580479193573968115e-20
1.361822395694245461e+04 1.594884053584881518e-18 2.587707194665574244e-20
1.362454505692588282e+04 1.579333911315836516e-18 2.551056816756055918e-20
1.363086611852530950e+04 1.568205575243722772e-18 2.558510321870020378e-20
1.363718714172116961e+04 1.560184573104600250e-18 2.519726492611599773e-20
1.364350812649113504e+04 1.532762247663642617e-18 2.456997507239096373e-20
1.364982907281609914e+04 1.533727390459125251e-18 2.517086455639830613e-20
1.365614998067404122e+04 1.480732415524803261e-18 2.517615595499548862e-20
1.366247085004482506e+04 1.461093658555564186e-18 2.534955189304647345e-20
1.366879168090675921e+04 1.530211025421726353e-18 2.512293453105274834e-20
1.367511247324032047e+04 1.467718128516545383e-18 2.440081996178477500e-20
1.368143322702317892e+04 1.446080283048963783e-18 2.403514230008434881e-20
1.368775394223572766e+04 1.355731476021933249e-18 2.392755323072323621e-20
1.369407461885638622e+04 1.420734692150969045e-18 2.354605891486473892e-20
1.370039525686423258e+04 1.321983642401456012e-18 2.451651579324533682e-20
1.370671585623885767e+04 1.363513726003230609e-18 2.359279638878594009e-20
1.371303641695906117e+04 1.275907396658042057e-18 2.333444770874336995e-20
1.371935693900401020e+04 1.162273137491712770e-18 2.317135852163687607e-20
1.372567742235227888e+04 1.045269828781968655e-18 2.294873833398689667e-20
1.373199786698420394e+04 1.034463863807561048e-18 2.274189792254135254e-20
1.373831827287712804e+04 9.686695635631208655e-19 2.171599024230569456e-20
1.374463864001190086e+04 1.031670725522011552e-18 2.205612150777997730e-20
1.375095896836580869e+04 1.071520780752705777e-18 2.272320076450747265e-20
1.375727925791951202e+04 1.103177045050275020e-18 2.264515349637074381e-20
1.376359950865045539e+04 1.168523693639454126e-18 2.313110541324454741e-20
1.376991972053937388e+04 1.252380008832022094e-18 2.335645104256687194e-20
1.377623989356319180e+04 1.306774738170460894e-18 2.437155493040105861e-20
1.378256002770260238e+04 1.332810454366996277e-18 2.421746604845253090e-20
1.378888012293611609e+04 1.266114464595210940e-18 2.354480209785157520e-20
1.379520017924188687e+04 1.292787569908365492e-18 2.386889096869816725e-20
1.380152019660040605e+04 1.332429359256950244e-18 2.383608108191741900e-20
1.380784017498906178e+04 1.415320972506271181e-18 2.409575668690012966e-20
1.381416011438834721e+04 1.384205329141584059e-18 2.353711324362778427e-20
1.382048001477537400e+04 1.422597990627869315e-18 2.439400651608417643e-20
1.382679987613097546e+04 1.400934155939048912e-18 2.455322648522485174e-20
1.383311969843243060e+04 1.514399309363601762e-18 2.480796526066215924e-20
1.383943948165901202e+04 1.522471350491965700e-18 2.507417461179449982e-20
1.384575922579100916e+04 1.514783863917071272e-18 2.467244518426974460e-20
1.385207893080494250e+04 1.432129596795051645e-18 2.399730184596730290e-20
1.385839859668202371e+04 1.377414451825212590e-18 2.391205682950843887e-20
1.386471822339914434e+04 1.466721275129823276e-18 2.425164653235401478e-20
1.387103781093629550e+04 1.439302376044690572e-18 2.420079222355733942e-20
1.387735735927214955e+04 1.519269733847629243e-18 2.563903928447813883e-20
1.388367686838495138e+04 1.414079395680297459e-18 2.410336618389470295e-20
1.388999633825466117e+04 1.405928628167712041e-18 2.398839918511703684e-20
1.389631576885852883e+04 1.435133973828009258e-18 2.445778149825639437e-20
1.390263516017715483e+04 1.432421364255055172e-18 2.427306071095293879e-20
1.390895451218764174e+04 1.359613875125816417e-18 2.404017969732886747e-20
1.391527382486905844e+04 1.390678286136366518e-18 2.442345821773313462e-20
1.392159309820181807e+04 1.402285086367042651e-18 2.437490593618701917e-20
1.392791233216200089e+04 1.509882509191556150e-18 2.583179379663227979e-20
1.393423152673105142e+04 1.571400973597414708e-18 2.555778664733191358e-20
1.394055068188555742e+04 1.452759293963635735e-18 2.455431771172047748e-20
1.394686979760489521e+04 1.416233411918354966e-18 2.416323978514825784e-20
1.395318887386901042e+04 1.528251089612935242e-18 2.502942257081528059e-20
1.395950791065454723e+04 1.517892732156512425e-18 2.455456794439619809e-20
1.396582690794154223e+04 1.532827151571682092e-18 2.493038932895956777e-20
1.397214586570840220e+04 1.589032004831539580e-18 2.611758981787026325e-20
1.397846478393341386e+04 1.544205064692705493e-18 2.487611544641633442e-20
1.398478366259626455e+04 1.492845374532635408e-18 2.573481818346544584e-20
1.399110250167383856e+04 1.533136641291469504e-18 2.497926265669264380e-20
1.399742130114602878e+04 1.446840671951894518e-18 2.418485086227858350e-20
1.400374006099183134e+04 1.459378727220597589e-18 2.456388377895861103e-20
1.401005878118836517e+04 1.517694467136202417e-18 2.616180687212038633e-20
1.401637746171573417e+04 1.519093949046123777e-18 2.500882165212606956e-20
1.402269610255169755e+04 1.406259190440931976e-18 2.549815974355341928e-20
1.402901470367472939e+04 1.474654214475365265e-18 2.489058946324576714e-20
1.403533326506456069e+04 1.484526211496987634e-18 2.489296263261667048e-20
1.404165178669773923e+04 1.491984382959499411e-18 2.519692617773374890e-20
1.404797026855408330e+04 1.434749903085764229e-18 2.487459900191415124e-20
1.405428871061294922e+04 1.458479711808948878e-18 2.532337739095172392e-20
1.406060711285096659e+04 1.489648601188110029e-18 2.455234595237848714e-20
1.406692547524757356e+04 1.444359708416081576e-18 2.401434954457529603e-20
1.407324379778232833e+04 1.375800118215681782e-18 2.398965288490885318e-20
1.407956208043150764e+04 1.350158700096948853e-18 2.361542034910803223e-20
1.408588032317517536e+04 1.346118949938944996e-18 2.397128746304568162e-20
1.409219852599165642e+04 1.334754234929366891e-18 2.343915167144512767e-20
1.409851668885860272e+04 1.444542255221422452e-18 2.407075416191684030e-20
1.410483481175512497e+04 1.460561463477003567e-18 2.508329430805369710e-20
1.411115289465988462e+04 1.444684058872355609e-18 2.543758179157867818e-20
1.411747093755047536e+04 1.462822560081672256e-18 2.584259170197832884e-20
1.412378894040589876e+04 1.365138395327748664e-18 2.529588045134856937e-20
1.413010690320477988e+04 1.375836848138697936e-18 2.544711980023809817e-20
1.413628799666468876e+04 1.420570709916391405e-18 2.532067452549523579e-20
1.414260586629271893e+04 1.476389885128822867e-18 2.564798061278383842e-20
1.414892369580135892e+04 1.475186074438991510e-18 2.543093036366410797e-20
1.415524148516594141e+04 1.455896764762623706e-18 2.513758087547566117e-20
1.416155923436432568e+04 1.358313556431816476e-18 2.464607679294221239e-20
1.416787694337610264e+04 1.294545280200350867e-18 2.401959076555254612e-20
1.417419461217869502e+04 1.299244137183893336e-18 2.412174646956942726e-20
1.418051224074983656e+04 1.344043103053073668e-18 2.466269463405142886e-20
1.418682982906939651e+04 1.334763030339587501e-18 2.502359177677396542e-20
1.419314737711453199e+04 1.373382512697183904e-18 2.453924674212568606e-20
1.419946488486328235e+04 1.400011807522011871e-18 2.521438594884919516e-20
1.420578235229496931e+04 1.395503652154940231e-18 2.485728675918274582e-20
1.421209977938737757e+04 1.399281108604716992e-18 2.549937193657805425e-20
1.421841716611822085e+04 1.420690305641709820e-18 2.522677600461003162e-20
1.422473451246633886e+04 1.377717590010767941e-18 2.505802257720535019e-20
1.423105181840992373e+04 1.422767684484824102e-18 2.484270066291053547e-20
1.423736908392713121e+04 1.366775105998382404e-18 2.475102689991964705e-20
1.424368630899584059e+04 1.348658478816459686e-18 2.508008299968951885e-20
1.425000349359464963e+04 1.360896498895872057e-18 2.457816527573373893e-20
1.425632063770160858e+04 1.399939272306612366e-18 2.455047077377870138e-20
1.426263774129488593e+04 1.451793805085189827e-18 2.524034433353909394e-20
1.426895480435238278e+04 1.428295414994564656e-18 2.570753991472286729e-20
1.427527182685274420e+04 1.383459539369863320e-18 2.583371491647269369e-20
1.428158880877403863e+04 1.458852756481902645e-18 2.421692573364047046e-20
1.428790575009360327e+04 1.421111357435507664e-18 2.395140889855468548e-20
1.429422265079069621e+04 1.454997317029907429e-18 2.550970023114998520e-20
1.430053951084251639e+04 1.531982622845948491e-18 2.623566396300615300e-20
1.430685633022743241e+04 1.508933294827712022e-18 2.559049554551536951e-20
1.431317310892371825e+04 1.543282663147949734e-18 2.554073229988136220e-20
1.431948984690911857e+04 1.485623414150217209e-18 2.562071415442732590e-20
1.432580654416192556e+04 1.466473233496492931e-18 2.607444326800168214e-20
1.433212320065742097e+04 1.464012441703808434e-18 2.611493602328573902e-20
1.433843981612866810e+04 1.446539172760434239e-18 2.685027160228038955e-20
1.434461913303877191e+04 1.383244787911622805e-18 2.472609821676018871e-20
1.435093565412922362e+04 1.401535492646324556e-18 2.431828063845880069e-20
1.435725213437632556e+04 1.418960859915371296e-18 2.495402794348704292e-20
1.436356857375784421e+04 1.357851616506360862e-18 2.463301018093071935e-20
1.436988497225212632e+04 1.387352515111039621e-18 2.586218570067878230e-20
1.437620132983724397e+04 1.395681105400053608e-18 2.733814309335980059e-20
1.438251764649088000e+04 1.425525178156511857e-18 2.630408218547999839e-20
1.438883392219066081e+04 1.471648307704268943e-18 2.594318747509323437e-20
1.439515015691516419e+04 1.477656523792194831e-18 2.620512054595130381e-20
1.440146635064211296e+04 1.409726327761467218e-18 2.540341168355700705e-20
1.440778250334893346e+04 1.401765351652514695e-18 2.596883899226702495e-20
1.441409861501404157e+04 1.482306816849869018e-18 2.610307546723441507e-20
1.442041468561509646e+04 1.464344553858864337e-18 2.488551600582594973e-20
1.442673071513010473e+04 1.439651150358846988e-18 2.497112922104274542e-20
1.443304670353676556e+04 1.388349510789861377e-18 2.452951275533621310e-20
1.443936265081294550e+04 1.429835076793622669e-18 2.483864567006453152e-20
1.444567855693667843e+04 1.457857483476976412e-18 2.546676641688551768e-20
1.445199442188524154e+04 1.565211739908174857e-18 2.534910965357234856e-20
1.445831024563722895e+04 1.565904398165154382e-18 2.629785488261856859e-20
1.446462602816989420e+04 1.503267744261520973e-18 2.539594633011789570e-20
1.447094176946090738e+04 1.465168795649079440e-18 2.575191377478784001e-20
1.447725746948856249e+04 1.514266982378162628e-18 2.626171210904223945e-20
1.448357312823020766e+04 1.431325292254694827e-18 2.528007178022188315e-20
1.448988874566359118e+04 1.359977225864638459e-18 2.486888643543503182e-20
1.449620432176673967e+04 1.363178462071569117e-18 2.506978983263658695e-20
1.450251985651690848e+04 1.453967118939843792e-18 2.499733758801972941e-20
1.450883534989274085e+04 1.449338863524330783e-18 2.492714285429736071e-20
1.451515080187082822e+04 1.435910607824007880e-18 2.513238558557649369e-20
1.452146621242926449e+04 1.413580049094351172e-18 2.562762759773164446e-20
1.452778158154595803e+04 1.359312105002790526e-18 2.515561229189074416e-20
1.453409690919819332e+04 1.439250570379002400e-18 2.581871684278877630e-20
1.454041219536423705e+04 1.403979643364926015e-18 2.521402500497005222e-20
1.454672744002119362e+04 1.383092086810998189e-18 2.510193229518405298e-20
1.455304264314657121e+04 1.372696128007163566e-18 2.531151615904819489e-20
1.455935780471838552e+04 1.420701256357884404e-18 2.475204348716171313e-20
1.456567292471392830e+04 1.415927385111505871e-18 2.542399601507749314e-20
1.457198800311114974e+04 1.443600191425721779e-18 2.495500119874703320e-20
1.457830303988715059e+04 1.399706971987442371e-18 2.434111989984211296e-20
1.458461803502001385e+04 1.403753794729572391e-18 2.473218161127519593e-20
1.459093298848686209e+04 1.340494853121896428e-18 2.455441801063468540e-20
1.459724790026561459e+04 1.301371620597997500e-18 2.443241183724932918e-20
1.460356277033331389e+04 1.276120688606375980e-18 2.414830241569011953e-20
1.460987759866809211e+04 1.203569787991978987e-18 2.482725515130926305e-20
1.461619238524684624e+04 1.199874821787788813e-18 2.408534696733751298e-20
1.462250713004755562e+04 1.276776916509334804e-18 2.481865161664359499e-20
1.462882183304759019e+04 1.317278889388398458e-18 2.500866750701823724e-20
1.463513649422414346e+04 1.312251745670380449e-18 2.480465135390932797e-20
1.464145111355489826e+04 1.270671709931154838e-18 2.433042656559046215e-20
1.464776569101698260e+04 1.227304838070372606e-18 2.407431992781548372e-20
1.465408022658842674e+04 1.350401416216847980e-18 2.522180203524287287e-20
1.466039472024643874e+04 1.423408368002254905e-18 2.587156437140500525e-20
1.466670917196795926e+04 1.348516836537331883e-18 2.540566147032941858e-20
1.467302358173090761e+04 1.404062880916476941e-18 2.664476598570744084e-20
1.467933794951239724e+04 1.335592029701415327e-18 2.573672033942601975e-20
1.468565227528989999e+04 1.353585032971089098e-18 2.571953411108425040e-20
1.469196655904089675e+04 1.462822509682049097e-18 2.666463047035831975e-20
1.469828080074238642e+04 1.472110252688448994e-18 2.601865541190392426e-20
1.470459500037224461e+04 1.490604471314694339e-18 2.635308981796684586e-20
1.471090915790706094e+04 1.328360258528577418e-18 2.525906981931756498e-20
1.471722327332486020e+04 1.347396273768899799e-18 2.505428528575213900e-20
1.472353734660243754e+04 1.388261097146407728e-18 2.513056835661683006e-20
1.472985137771734844e+04 1.441124852101523586e-18 2.561017731075046258e-20
1.473616536664666455e+04 1.403821620945708534e-18 2.525104736594824435e-20
1.474247931336763395e+04 1.392622734647584914e-18 2.507411406339548986e-20
1.474879321785779939e+04 1.438063715034715527e-18 2.558204953701876498e-20
1.475510708009430709e+04 1.417423317116238898e-18 2.525747199385604975e-20
1.476142090005409409e+04 1.388379863891731302e-18 2.503041660393447303e-20
1.476773467771459400e+04 1.357102000970973635e-18 2.443207594992030527e-20
1.477404841305296941e+04 1.348093778839411882e-18 2.248620567159101118e-20
1.478036210604645021e+04 1.386949990114899903e-18 2.357644007246382285e-20
1.478667575667221536e+04 1.437592951477810048e-18 2.378844531067080910e-20
1.479298936490720371e+04 1.422487988649662858e-18 2.495933695003701171e-20
1.479930293072875247e+04 1.392481727267986514e-18 2.466123563825150154e-20
1.480561645411376776e+04 1.353611266542447234e-18 2.658652969209614551e-20
1.481192993503964317e+04 1.535637950330996733e-18 2.587168689410808738e-20
1.481824337348371773e+04 1.476845663372350491e-18 2.493744898055159639e-20
1.482455676942220634e+04 1.476443007792856340e-18 2.510587847817620895e-20
1.483087012283307922e+04 1.424170244687802749e-18 2.534679079873328847e-20
1.483718343369282957e+04 1.434337232552858367e-18 2.543847833786430489e-20
1.484349670197905471e+04 1.336848783813746717e-18 2.525215204017142976e-20
1.484980992766844247e+04 1.424316079243203665e-18 2.534963497104547000e-20
1.485612311073773708e+04 1.421586050794390944e-18 2.506905990477867190e-20
1.486243625116459225e+04 1.464576745785285740e-18 2.538296232213571907e-20
1.486874934892561578e+04 1.369136297757851942e-18 2.499837726257150406e-20
1.487506240399792659e+04 1.326922281459515946e-18 2.473845495301441498e-20
1.488137541635835260e+04 1.302129973604275750e-18 2.433312864314658757e-20
1.488768838598415277e+04 1.287128874799740103e-18 2.440416015403468487e-20
1.489400131285173484e+04 1.286577910004583869e-18 2.427204626378048682e-20
1.490031419693867610e+04 1.289389415861868065e-18 2.430500066808802893e-20
1.490662703822153162e+04 1.321780962146179359e-18 2.420611436459759833e-20
1.491293983667724387e+04 1.419842609768549166e-18 2.574607752365398465e-20
1.491925259228290633e+04 1.372736220101932728e-18 2.616792578847643341e-20
1.492556530501525958e+04 1.427676683452581799e-18 2.555151426071571031e-20
1.493187797485098235e+04 1.389510090048037776e-18 2.510030204845972606e-20
1.493819060176731364e+04 1.410232590953535509e-18 2.462577505752531963e-20
1.494450318574099219e+04 1.422891303557998613e-18 2.458538862347533256e-20
1.495081572674869676e+04 1.479764447847140424e-18 2.497522155895205635e-20
1.495712822476736437e+04 1.456847396278322106e-18 2.514783090217874651e-20
1.496344067977370105e+04 1.513274697510928001e-18 2.773170899135304883e-20
1.496975309174478207e+04 1.404716347820774944e-18 2.584429722074103088e-20
1.497592687009045949e+04 1.353816911858267891e-18 2.477922754743765608e-20
1.498223918257730656e+04 1.378796164952841322e-18 2.474759064293996854e-20
1.498855145220420854e+04 1.466179389497480029e-18 2.489008450363890628e-20
1.499486367870439608e+04 1.459447404426451267e-18 2.520808147276893963e-20
1.500117586205225598e+04 1.503914075021849839e-18 2.513730920440470486e-20
1.500748800222422506e+04 1.439213053434697338e-18 2.491931449027702318e-20
1.501380009919731856e+04 1.510050880039091569e-18 2.546302840357562950e-20
1.502011215294759313e+04 1.433801973052301373e-18 2.461173099192979131e-20
1.502642416345264974e+04 1.436831860859362796e-18 2.621648082497157763e-20
1.503273613068811392e+04 1.439371473631945481e-18 2.575243806454973031e-20
1.503904805463165212e+04 1.370996610654368162e-18 2.539791942860657994e-20
1.504535993525917547e+04 1.393033887710695102e-18 2.441579967452690258e-20
1.505167177254758644e+04 1.355843263202196434e-18 2.391932413320991695e-20
1.505798356647367109e+04 1.345632752731365581e-18 2.451396674214050570e-20
1.506429531701324049e+04 1.353133779787852351e-18 2.447627972671853299e-20
1.507060702414394291e+04 1.343536695636243504e-18 2.459557917753376801e-20
1.507691868784163125e+04 1.385865579605379296e-18 2.527355770974916563e-20
1.508323030808327167e+04 1.386040444593232322e-18 2.502536723950167182e-20
1.508954188484512633e+04 1.400750445409223550e-18 2.440150669525933214e-20
1.509585341810370119e+04 1.369045167663770317e-18 2.465612134383869262e-20
1.510216490783570043e+04 1.430428480218843514e-18 2.513061604717102318e-20
1.510847635401743719e+04 1.372644246709311306e-18 2.508829223215278219e-20
1.511478775662586850e+04 1.387519404492174412e-18 2.495411796500108826e-20
1.512109911563689275e+04 1.459844411015963694e-18 2.543963772216035862e-20
1.512741043102740150e+04 1.431436776317383867e-18 2.498601595135266729e-20
1.513372170277351688e+04 1.438950195183842218e-18 2.552954119739403614e-20
1.514003293085173755e+04 1.445599929460603698e-18 2.563276414606413142e-20
1.514634411523575181e+04 1.483300247003515808e-18 2.581985244844407597e-20
1.515265525566008728e+04 1.436560046130415026e-18 2.515611259321328387e-20
1.515882738193423393e+04 1.406606009100667496e-18 2.544944380530219242e-20
1.516513842198558632e+04 1.372375770775514569e-18 2.409716279864327897e-20
1.517144941825075693e+04 1.338564507572682917e-18 2.338845144087785273e-20
1.517776037070532584e+04 1.395020078567848271e-18 2.431344603979791012e-20
1.518407127932591720e+04 1.406849879953498763e-18 2.525470807765888106e-20
1.519038214408870772e+04 1.447074671972186858e-18 2.479453713273520563e-20
1.519669296497015785e+04 1.309830110321935231e-18 2.439145796259155186e-20
1.520300374194640972e+04 1.463567749761962191e-18 2.475626241041359701e-20
1.520931447499408023e+04 1.469839108023568139e-18 2.473644147737348132e-20
1.521562516408924603e+04 1.448125543639272108e-18 2.456411362913041363e-20
1.522193580920776003e+04 1.461896544470582221e-18 2.490255535894048411e-20
1.522824641032677391e+04 1.390112552032232707e-18 2.468241013961946272e-20
1.523455696742150030e+04 1.362242439599528788e-18 2.414375831298985609e-20
1.524086748046894536e+04 1.345442897049769755e-18 2.411703496861090143e-20
1.524717794944494563e+04 1.417526443643649177e-18 2.480355107610061362e-20
1.525348837432547225e+04 1.394310556921665743e-18 2.444620179860995493e-20
1.525979875508750411e+04 1.372295444299820980e-18 2.473413789546752253e-20
1.526610909170642117e+04 1.333946516102201942e-18 2.362635124526717622e-20
1.527241938415897494e+04 1.250778621283785049e-18 2.335521934426240370e-20
1.527872963242011429e+04 1.291817789286322649e-18 2.362602437904809735e-20
1.528503983646764573e+04 1.331173581272523149e-18 2.382976257838040276e-20
1.529134999627647994e+04 1.273498865470435246e-18 2.402962113960270973e-20
1.529766011182322109e+04 1.394034647478291534e-18 2.449451783495006525e-20
1.530397018308324368e+04 1.344793391261100029e-18 2.467946545756420653e-20
1.531028021003365393e+04 1.357765181376574264e-18 2.383867792174443882e-20
1.531659019265019379e+04 1.414684624580402713e-18 2.455358639522192150e-20
1.532290013090818138e+04 1.385085125628379703e-18 2.454110960961813743e-20
1.532921002478461560e+04 1.373540672264338300e-18 2.477524200738246059e-20
1.533551987425456537e+04 1.306735867237153364e-18 2.396713503679565768e-20
1.534182967929490769e+04 1.367918143359134106e-18 2.376443169033441577e-20
1.534813943988113715e+04 1.324240398501823419e-18 2.431272959339318807e-20
1.535444915598937223e+04 1.259872102697605352e-18 2.331764611485140248e-20
1.536075882759536580e+04 1.296713570188810987e-18 2.370892256211966883e-20
1.536706845467530911e+04 1.315464699897790038e-18 2.366906911740931243e-20
1.537337803720497686e+04 1.417069590264619849e-18 2.373389316085815852e-20
1.537968757516047663e+04 1.400570126660960339e-18 2.413562945826363922e-20
1.538599706851715382e+04 1.330300440302382374e-18 2.401093169298658850e-20
1.539230651725164898e+04 1.446997732241993979e-18 2.396643236586828494e-20
1.539861592132764054e+04 1.350599989655151919e-18 2.419986514233129865e-20
1.540492504738497155e+04 1.354570976842830972e-18 2.434802741192140090e-20
1.541123405562530752e+04 1.346923939648567925e-18 2.413958517432318180e-20
1.541754301915275937e+04 1.383460765499901809e-18 2.456764435071480870e-20
1.542385193794360748e+04 1.397550135721852361e-18 2.478394975288505600e-20
1.543016081197311905e+04 1.416180231714238725e-18 2.532031988849349130e-20
1.543646964121768360e+04 1.355969683528321668e-18 2.505009062318756404e-20
1.544277842565256833e+04 1.375179093853335538e-18 2.525848884160276746e-20
1.544908716525393720e+04 1.236549098288920556e-18 2.451666953854043145e-20
1.545539585999737574e+04 1.273629625399601466e-18 2.515035309748550146e-20
1.546170450985822936e+04 1.316783014614456981e-18 2.573335521989146868e-20
1.546801311481299308e+04 1.257681253074028364e-18 2.443297159194322324e-20
1.547432167483665762e+04 1.305207036983040737e-18 2.446166694711758109e-20
1.548063018990555611e+04 1.326117599946569863e-18 2.472253357009790257e-20
1.548693865999477748e+04 1.289063730845004606e-18 2.423805182639241088e-20
1.549324708508016374e+04 1.357018977229515670e-18 2.474425812144973898e-20
1.549955546513717127e+04 1.307700772330456091e-18 2.465419665788185699e-20
1.550586380014233146e+04 1.283653661217453557e-18 2.485458683279459539e-20
1.551217209007014389e+04 1.319542892674163432e-18 2.465841945253825561e-20
1.551848033489679074e+04 1.314354384215501255e-18 2.449633397345749300e-20
1.552478853459750462e+04 1.368464970058937282e-18 2.475669974987643967e-20
1.553109668914844406e+04 1.392204956848963223e-18 2.526811020927241246e-20
1.553740479852450335e+04 1.451974187979270404e-18 2.556439364413314937e-20
1.554371286270166638e+04 1.384672361798334598e-18 2.505344696695682504e-20
1.555002088165554596e+04 1.306029621764872380e-18 2.460408789025930565e-20
1.555632885536120557e+04 1.300688527664672835e-18 2.451157254688531416e-20
1.556263678379422163e+04 1.274266985990978910e-18 2.527563612225992879e-20
1.556894466693037612e+04 1.316859964494787541e-18 2.451822205427800242e-20
1.557525250474520726e+04 1.314788070959799120e-18 2.441535937447937130e-20
1.558156029721374216e+04 1.367649117231042083e-18 2.477522942463607770e-20
1.558786804431191013e+04 1.341213870616870028e-18 2.484493401315694448e-20
1.559417574601446904e+04 1.355324211793289413e-18 2.475835858302937365e-20
1.560048340229763380e+04 1.396144712286348292e-18 2.504426814552084453e-20
1.560679101313620777e+04 1.376672626866936437e-18 2.503511106196485122e-20
1.561309857850582011e+04 1.370768336845964908e-18 2.515384281593196020e-20
1.561940609838179989e+04 1.334683908074681421e-18 2.496798476194366373e-20
1.562571357273947615e+04 1.405949956801174314e-18 2.572067791850054711e-20
1.563202100155413245e+04 1.398081562936263139e-18 2.592391698287183462e-20
1.563832838480138162e+04 1.333003028326740010e-18 2.536261224141331380e-20
1.564463572245616160e+04 1.358371080613594150e-18 2.558600692080554401e-20
1.565094301449409613e+04 1.439550513932337960e-18 2.590271463488957598e-20
1.565725026089017592e+04 1.381056195461801539e-18 2.631921995536224506e-20
1.566355746161962634e+04 1.416336507645575010e-18 2.600549978728363333e-20
1.566986461665808383e+04 1.374991658241029730e-18 2.623958853956261616e-20
1.567617172598061188e+04 1.431456289942358035e-18 2.716857431757869858e-20
1.568247878956238492e+04 1.427006763459750235e-18 2.703613996944857650e-20
1.568878580737834091e+04 1.371897740241056184e-18 2.629596998203990111e-20
1.569509277940437823e+04 1.397262213131608579e-18 2.586322603907861823e-20
1.570125958186156640e+04 1.406530752968302740e-18 2.659168226222806156e-20
1.570756644902878907e+04 1.444706058595984514e-18 2.748477074288720136e-20
1.571387327033218389e+04 1.407510699581690094e-18 2.748501221444125968e-20
1.572018004574590850e+04 1.390792699742639530e-18 2.699810357552103465e-20
1.572648677524332197e+04 1.390517957257551428e-18 3.121916147622174074e-20
1.573279345880052460e+04 1.374754705754550331e-18 2.966223697634557823e-20
1.573910009639211421e+04 1.375189127876501483e-18 2.612288315010948770e-20
1.574540668799379637e+04 1.364497008652774972e-18 2.624620100563777264e-20
1.575171323358000518e+04 1.331475957233240664e-18 2.610425854502699751e-20
1.575801973312625341e+04 1.365763559861660151e-18 2.589196083249738730e-20
1.576432618660698063e+04 1.411869913560857495e-18 2.796601228605771055e-20
1.577063259399777053e+04 1.390536987835466783e-18 2.710916259434849774e-20
1.577693895527347559e+04 1.365999469444984253e-18 2.973362006790583255e-20
1.578324527040866815e+04 1.348759611621206172e-18 2.577391904370902588e-20
1.578955153937888281e+04 1.314862447720123447e-18 2.688551216237175832e-20
1.579585776215900660e+04 1.330657912947729689e-18 2.595048353718862020e-20
1.580216393872341541e+04 1.322922136267536900e-18 2.571768584944612768e-20
1.580847006904795307e+04 1.324682366500789018e-18 2.545867492730887145e-20
1.581477615310662804e+04 1.416957322948780460e-18 2.567398445221863544e-20
1.582108219087469115e+04 1.372359089935046900e-18 2.674882296540488998e-20
1.582738818232708218e+04 1.345245683054661056e-18 2.709329339577120776e-20
1.583369412743895373e+04 1.489808481070690597e-18 2.803377130983021759e-20
1.584000002618424696e+04 1.403281558440909592e-18 2.657892771861062838e-20
1.584630587853867655e+04 1.389627898741466104e-18 2.669760992837808099e-20
1.585261168447430100e+04 1.350838806457365517e-18 2.645244979294664365e-20
1.585877698990705721e+04 1.385294584457755243e-18 2.576895647455203427e-20
1.586508268971180223e+04 1.389137097122600824e-18 2.739443836408012946e-20
1.587138834302378746e+04 1.435474950836929273e-18 2.655352276189064653e-20
1.587769394981709593e+04 1.392941343839501922e-18 2.623930414129743159e-20
1.588399951006725496e+04 1.423943117240834361e-18 2.642000396648761488e-20
1.589030502374873140e+04 1.372136652373557993e-18 2.511294442684359752e-20
1.589661049083582657e+04 1.348357894081274030e-18 2.437847891959606594e-20
1.590291591130379129e+04 1.411759869173869338e-18 2.599320512500403718e-20
1.590922128512725976e+04 1.382028565970373480e-18 2.497482236362598841e-20
1.591552661228028410e+04 1.347116065448099252e-18 2.511044973141633045e-20
1.592183189273811877e+04 1.381116296115447921e-18 2.551667406965540889e-20
1.592813712647544344e+04 1.373760709609575797e-18 2.503630427078608691e-20
1.593444231346643755e+04 1.345371167146512625e-18 2.533527644344329610e-20
1.594074745368563345e+04 1.328679077830942793e-18 2.566382425379770683e-20
1.594705254710856934e+04 1.372089479505700989e-18 2.558131680333015134e-20
1.595335759370885899e+04 1.323878439342289091e-18 2.535039257050018608e-20
1.595966259346103107e+04 1.379301504399877563e-18 2.549899632934081338e-20
1.596596754634013450e+04 1.369891298765356394e-18 2.571332156561575109e-20
1.597227245232067980e+04 1.356127134743300869e-18 2.582296738310614577e-20
1.597857731137694827e+04 1.244720400464522158e-18 2.567109696747185987e-20
1.598488212348329034e+04 1.331237642248928466e-18 2.462482292224504166e-20
1.599118688861432202e+04 1.322860594752539206e-18 2.444162534366056314e-20
1.599749160674486302e+04 1.358503225646700677e-18 2.482335047147151772e-20
1.600379627784910917e+04 1.326352476196605408e-18 2.468900237976999736e-20
1.601010090190103438e+04 1.348834363618886737e-18 2.512116056378914464e-20
1.601640547887550019e+04 1.372706397969683014e-18 2.592402874226011644e-20
1.602271000874707715e+04 1.379960306018527745e-18 2.626376452016759273e-20
1.602901449149007385e+04 1.325567766653060986e-18 2.565088391767193713e-20
1.603531892707848419e+04 1.416118113173241434e-18 2.680773198185549323e-20
1.604162331548665134e+04 1.344060497248869031e-18 2.575850556897758395e-20
1.604792765668953325e+04 1.295403830329734633e-18 2.508348408093083775e-20
1.605423195066083099e+04 1.382614036364214716e-18 2.587977001753587181e-20
1.606053619737524059e+04 1.388238847959773087e-18 2.554756171994388464e-20
1.606684039680722708e+04 1.291151404035991957e-18 2.572934681525209923e-20
1.607314454893033508e+04 1.325733826673552439e-18 2.616359350059649938e-20
1.607944865371906235e+04 1.332303397863134530e-18 2.653763620552087162e-20
1.608575271114825773e+04 1.390039725730280722e-18 2.642974855698548453e-20
1.609205672119138762e+04 1.474474367482116788e-18 2.599572314719537356e-20
1.609836068382334088e+04 1.470149111329278438e-18 2.540242586413587590e-20
1.610466459901750022e+04 1.455860297075177686e-18 2.639732833888938819e-20
1.611096846674911831e+04 1.348824735388765067e-18 2.544106735652702109e-20
1.611727228699136504e+04 1.332853928907097148e-18 2.584796242662192501e-20
1.612357605971882549e+04 1.268217971190503528e-18 2.536385575504042181e-20
1.612987978490532259e+04 1.364062837637987667e-18 2.635730946578496147e-20
1.613618346252559786e+04 1.311892046283217324e-18 2.576996539929493820e-20
1.614248709255305221e+04 1.243771765987541981e-18 2.472020765939544376e-20
1.614879067496254902e+04 1.360038759519791828e-18 2.536334679808661606e-20
1.615509420972764201e+04 1.429170015266551886e-18 2.615101289180060257e-20
1.616139769682229780e+04 1.454006389801196766e-18 2.684503050050951827e-20
1.616770113622079043e+04 1.416482389803756687e-18 2.562320271978960650e-20
1.617400452789698284e+04 1.423820338127349333e-18 2.524911398557454672e-20
1.618030787182496533e+04 1.449325598104726205e-18 2.569526839990161355e-20
1.618661116797871000e+04 1.388560459086029303e-18 2.510274633840074964e-20
1.619291441633204704e+04 1.408215575430882346e-18 2.529391224077865648e-20
1.619921761685945785e+04 1.302237252896356362e-18 2.491793619882967960e-20
1.620552076953419601e+04 1.398516675367770477e-18 2.529632684039323106e-20
1.621182387433082113e+04 1.425806234109034340e-18 2.658074757768031008e-20
1.621812693122276323e+04 1.340058040348108875e-18 2.551104356907201384e-20
1.622442994018412901e+04 1.395398643867671607e-18 2.563366139235687426e-20
1.623073290118874684e+04 1.302852470835061893e-18 2.563455926199567557e-20
1.623703581421058698e+04 1.407539829061920483e-18 2.552182901372756846e-20
1.624333867922322679e+04 1.320636550506782693e-18 2.551858744506626168e-20
1.624964149620070566e+04 1.358311735663644784e-18 2.514175042551684824e-20
1.625594426511689744e+04 1.363320300017463993e-18 2.514083133594199874e-20
1.626224698594526308e+04 1.413994433082208550e-18 2.474919669299757614e-20
1.626854965866018574e+04 1.356332238333880918e-18 2.537710840139093279e-20
1.627485228323467891e+04 1.342821840278428237e-18 2.447607937548003628e-20
1.628115485964302025e+04 1.300130436807476026e-18 2.446951627564381856e-20
1.628745738785890717e+04 1.358568040052158604e-18 2.558178384110836893e-20
1.629375986785580426e+04 1.324108070191927077e-18 2.492551824858369244e-20
1.630006229960752535e+04 1.365238344443942387e-18 2.658051840654448539e-20
1.630636468308779149e+04 1.396712621838736845e-18 2.549349153044946653e-20
1.631266701827028373e+04 1.336392471220527697e-18 2.514561700712479658e-20
1.631896930512878134e+04 1.393474117064242890e-18 2.604815956800635251e-20
1.632527154363666523e+04 1.394316702818944237e-18 2.610379827874736146e-20
1.633157373376772739e+04 1.374118445732468074e-18 2.564696804394221301e-20
1.633787587549526688e+04 1.378446004104058488e-18 2.519883037026162398e-20
1.634403646497521186e+04 1.294120804105881968e-18 2.424882130491611506e-20
1.635033849635985825e+04 1.273022243607844876e-18 2.519363665928710348e-20
1.635664047940881937e+04 1.311621335735187018e-18 2.590597865658376097e-20
1.636294241394953860e+04 1.290583627749122086e-18 2.616125043259823254e-20
1.636924429995337960e+04 1.303315709886870792e-18 2.492472494590979162e-20
1.637554613739455635e+04 1.348310140228020546e-18 2.537371879672305981e-20
1.638184792624597867e+04 1.401250418500913370e-18 2.562815746572477539e-20
1.638814966648134941e+04 1.392711493474274582e-18 2.600501996457607790e-20
1.639445135807387851e+04 1.325372275379071227e-18 2.609668631330110730e-20
1.640075300099744709e+04 1.413338145771427638e-18 2.721759385251515002e-20
1.640705459522539968e+04 1.391142599700587748e-18 2.583232818653979340e-20
1.641335614073037868e+04 1.367708922340243721e-18 2.619238062789859666e-20
1.641965763748680911e+04 1.411185098584733157e-18 2.697852269512332781e-20
1.642595908546740975e+04 1.417074110075656159e-18 2.710056348246858400e-20
1.643226048464599808e+04 1.400859812035610016e-18 2.971933698139474761e-20
1.643856183499544568e+04 1.404765094944598565e-18 2.769708178955837360e-20
1.644486313648923897e+04 1.402844322303216643e-18 2.683402592752962227e-20
1.645116438910076613e+04 1.402253212152656400e-18 2.687217867078006616e-20
1.645746559280311703e+04 1.409612365308148250e-18 2.668119739585880198e-20
1.646376674756993452e+04 1.439141609500413951e-18 2.733616475297517216e-20
1.647006785337456313e+04 1.482607380408353495e-18 2.702713596531682737e-20
1.647636891018943425e+04 1.446598963130567006e-18 2.736604843771777633e-20
1.648266991798681556e+04 1.387936906508014607e-18 2.676984834493991613e-20
1.648897087660836041e+04 1.362983895274471719e-18 2.680296401312106890e-20
1.649512996279369690e+04 1.387019482754368675e-18 2.703877369499136177e-20
1.650143081005108615e+04 1.461105198927060956e-18 2.746214359456820768e-20
1.650773160818414908e+04 1.399465944593900942e-18 2.636668732672515267e-20
1.651403235716593917e+04 1.436643645984340845e-18 2.767250155199084736e-20
1.652033305696960088e+04 1.422627171900329102e-18 2.740697649322827956e-20
1.652663370756843506e+04 1.377718319460152904e-18 2.761002546265218313e-20
1.653293430893516415e+04 1.363419498664214392e-18 2.819574242416815952e-20
1.653923486104301628e+04 1.339196039831669223e-18 2.798833066372728856e-20
1.654553536386527412e+04 1.318603016021210064e-18 2.659888365808521360e-20
1.655183581737473287e+04 1.330695857866070817e-18 2.669674486353775990e-20
1.655813622154458426e+04 1.377055856588809946e-18 2.730897811663576767e-20
1.656443657634736155e+04 1.346197261601236728e-18 2.704671563981287317e-20
1.657073688175673306e+04 1.342062287784251339e-18 2.722348586680903138e-20
1.657703713774498465e+04 1.362310060716678873e-18 2.736390844064604727e-20
1.658333734428581738e+04 1.337915036637832404e-18 2.745253675192645348e-20
1.658963750135145892e+04 1.383949777426337865e-18 2.588184649944903385e-20
1.659593760891541024e+04 1.389499190982871466e-18 2.624842901474786906e-20
1.660223766695011727e+04 1.347463026179637887e-18 2.556274702502428570e-20
1.660853767542888818e+04 1.374836525991472971e-18 2.529688128923737597e-20
1.661483763432428896e+04 1.349507779253129320e-18 2.500958294636314620e-20
1.662113754360902385e+04 1.271161950613679544e-18 2.497053955945959681e-20
1.662743740325636827e+04 1.275735522405435509e-18 2.460731952445874593e-20
1.663373721323873178e+04 1.250896338909954535e-18 2.444344830756564786e-20
1.664003697352924792e+04 1.285498279093536952e-18 2.479405247106157335e-20
1.664633668410041719e+04 1.264290647256505616e-18 2.507456448919762657e-20
1.665263634492540587e+04 1.198696952150716717e-18 2.398705399913723046e-20
1.665893595597644889e+04 1.220498758464212129e-18 2.426775032484657651e-20
1.666523551722665434e+04 1.235825680106153376e-18 2.488364897180865721e-20
1.667153502864867551e+04 1.202730631929496360e-18 2.544108964409737166e-20
1.667783449021496926e+04 1.263514654952730642e-18 2.395154504717002753e-20
1.668413390189862912e+04 1.276697807105288343e-18 2.395014962020714242e-20
1.669043326367201371e+04 1.268786391555535168e-18 2.499652653351438747e-20
1.669673257550788185e+04 1.280699821347411171e-18 2.502629712993821962e-20
1.670303183737866493e+04 1.249777620943217727e-18 2.507843163262244484e-20
1.670933104925734369e+04 1.309253130412920095e-18 2.571001095601022781e-20
1.671563021111629496e+04 1.189284768780041052e-18 2.475053485677278135e-20
1.672192932292800106e+04 1.259708615629357767e-18 2.501393888587845934e-20
1.672822838466549365e+04 1.284794240871702976e-18 2.434508116304109843e-20
1.673452739630049109e+04 1.223634452731247803e-18 2.468724357480825000e-20
1.674082635780613782e+04 1.259979897370157825e-18 2.557220701160598774e-20
1.674712526915495255e+04 1.267291335243508833e-18 2.608157211507431429e-20
1.675342413031908291e+04 1.306507696887344569e-18 2.623639855788529215e-20
1.675972294127134592e+04 1.299755615731365178e-18 2.533340315964392079e-20
1.676602170198398380e+04 1.346597478080457137e-18 2.581835385541480733e-20
1.677232041242967898e+04 1.253929542162451382e-18 2.575927943577768289e-20
1.677861907258045903e+04 1.255988964601665000e-18 2.606140225481131527e-20
1.678491768240909369e+04 1.260758960489279343e-18 2.562477276862039692e-20
1.679121624188761416e+04 1.271668585063878585e-18 2.641578414707585190e-20
1.679751475098884475e+04 1.356639548801394954e-18 2.716740983248360549e-20
1.680381320968490036e+04 1.383797463519612939e-18 2.725117622385443607e-20
1.681011161794808140e+04 1.350107898736210316e-18 2.693891875800269695e-20
1.681640997575090660e+04 1.323592687322481103e-18 2.671439653708698343e-20
1.682270828306523617e+04 1.358590546581701096e-18 2.686457018858615029e-20
1.682900653986391626e+04 1.319901228968534710e-18 2.692392511194459745e-20
1.683530474611865429e+04 1.289051838765120633e-18 2.733103582953068044e-20
1.684160290180221273e+04 1.374448607339824003e-18 2.747085403109119036e-20
1.684790100688646999e+04 1.339196714185522710e-18 2.619966111212494146e-20
1.685419906134377379e+04 1.341731284950079223e-18 2.591415143621100698e-20
1.686049706514655918e+04 1.354451220691611132e-18 2.638790304160360695e-20
1.686679501826639171e+04 1.239092694601851864e-18 2.687516872527322409e-20
1.687309292067615024e+04 1.281006536600341912e-18 2.728166504490101118e-20
1.687939077234744036e+04 1.392950080902162434e-18 2.754772981648203520e-20
1.688568857325257704e+04 1.284059569962909556e-18 2.614789872453849067e-20
1.689198632336374794e+04 1.258383867492346398e-18 2.597075393137851796e-20
1.689828402265310797e+04 1.277873911192430270e-18 2.583410844788953923e-20
1.690458167109248461e+04 1.357178526227668246e-18 2.638855988255766196e-20
1.691087926865387271e+04 1.273651235346730272e-18 2.585963238667543116e-20
1.691717681530973277e+04 1.270204560208310707e-18 2.546757998295087084e-20
1.692347431103183771e+04 1.307467957819761470e-18 2.699795680911453506e-20
1.692962898052300443e+04 1.248387869208092700e-18 2.535576497474267054e-20
1.693592636087948995e+04 1.286930477594253534e-18 2.617600961343362210e-20
1.694222369021800114e+04 1.317689095802674437e-18 2.638039060120501952e-20
1.694852096850985617e+04 1.317417102021952408e-18 2.572185679429022432e-20
1.695481819572658424e+04 1.354901243754818146e-18 2.647239898570059070e-20
1.696111537184000554e+04 1.353560677660532435e-18 2.618887051701027696e-20
1.696741249682247508e+04 1.339377824289392110e-18 2.684359652464495604e-20
1.697370957064540198e+04 1.279232924575842479e-18 2.609754915458215235e-20
1.698000659328106485e+04 1.221539552027279889e-18 2.598328501586977421e-20
1.698630356470091283e+04 1.220160111734835185e-18 2.646103468280346132e-20
1.699260048487702443e+04 1.222181702158520432e-18 2.601971408163901740e-20
1.699889735378132900e+04 1.264891971100124612e-18 2.641162116916382228e-20
1.700519417138523204e+04 1.250173715114145262e-18 2.609470424954051049e-20
1.701149093766078659e+04 1.221407368750084395e-18 2.766372851816311947e-20
1.701778765257962368e+04 1.282610972715691599e-18 2.656604605730968281e-20
1.702408431611368724e+04 1.249644496882921596e-18 2.681427503712895687e-20
1.703038092823437546e+04 1.333502787371852125e-18 2.836150103138074192e-20
1.703667748891358497e+04 1.341902948632550860e-18 2.607106900796998043e-20
1.704297399812306685e+04 1.299631827497921343e-18 2.614338795363369083e-20
1.704927045583422296e+04 1.330637707740868384e-18 2.641761382251889420e-20
1.705556686201814227e+04 1.317090883276319485e-18 2.754376381454764544e-20
1.706186321657370718e+04 1.340937347410467466e-18 2.679764506588785999e-20
1.706801644907948503e+04 1.345796886012138646e-18 2.723423815718088768e-20
1.707431268707674826e+04 1.338063399028873423e-18 2.662939514418150444e-20
1.708060887343237118e+04 1.370475142375157131e-18 2.655435406285057817e-20
1.708690500811867241e+04 1.333768247677982801e-18 2.637410534028647966e-20
1.709320109110680278e+04 1.398585581071881540e-18 2.615943194602176479e-20
1.709949712236816413e+04 1.268015413949049737e-18 2.506291903043786332e-20
1.710579310187479496e+04 1.270454241910758441e-18 2.576164301074726724e-20
1.711208902959733314e+04 1.283713465312419657e-18 2.632097052885454496e-20
1.711838490550794813e+04 1.397651046233630929e-18 2.661768328503950738e-20
1.712468072957766344e+04 1.285968342056199823e-18 2.627718172448711853e-20
1.713097650177824835e+04 1.277799790324423968e-18 2.577731735275565758e-20
1.713727222208105741e+04 1.342224527403574782e-18 2.724146498132961587e-20
1.714356789045717960e+04 1.369271787989789011e-18 2.655221730174675653e-20
1.714986350687833692e+04 1.329011836815445954e-18 2.549861717586294038e-20
1.715615907131572385e+04 1.355400771391692108e-18 2.589541379814305120e-20
1.716245458374071313e+04 1.341290934912098886e-18 2.556851367596915514e-20
1.716875004412482667e+04 1.404630524748039895e-18 2.608395416868085023e-20
1.717504545243889152e+04 1.332670006239270432e-18 2.557298763756714595e-20
1.718134080865461510e+04 1.289145540114381563e-18 2.549540805114718151e-20
1.718763611274308278e+04 1.221356398473280792e-18 2.600910457761291807e-20
1.719393136467550721e+04 1.341445677983396763e-18 2.622620598615397552e-20
1.720022656442343214e+04 1.213511159020411638e-18 2.507485458330540249e-20
1.720652171195755727e+04 1.245538235897416931e-18 2.556175527436078755e-20
1.721281680724965918e+04 1.299060801651662497e-18 2.600331387893016065e-20
1.721911185027047031e+04 1.331905739716861160e-18 2.584637009840242633e-20
1.722540684099121790e+04 1.328771683655203327e-18 2.620188303008775414e-20
1.723170177938333654e+04 1.380460631545730569e-18 2.666613115061400312e-20
1.723799666541747138e+04 1.276136865691556487e-18 2.538628385811355925e-20
1.724429149906506791e+04 1.339736530683181306e-18 2.645522044381468324e-20
1.725058628029715692e+04 1.281611941493707740e-18 2.572876533323962959e-20
1.725688100908465640e+04 1.251500018842608751e-18 2.549696080453231107e-20
1.726317568539905187e+04 1.254508209887493368e-18 2.484391684608749707e-20
1.726947030921070109e+04 1.297417860946759274e-18 2.500976508599778205e-20
1.727576488049107866e+04 1.453402198882231041e-18 2.704668128254540302e-20
1.728205939921115714e+04 1.298121820154841884e-18 2.619301740717104960e-20
1.728835386534163990e+04 1.271704724289217667e-18 2.592173033623860924e-20
1.729464827885383420e+04 1.263256798606333337e-18 2.637033869657355101e-20
1.730094263971852706e+04 1.298829661696156436e-18 2.563454582579029874e-20
1.730723694790650916e+04 1.308669796400650295e-18 2.520100521863805839e-20
1.731353120338892040e+04 1.298637938700794436e-18 2.500051371254449990e-20
1.731982540613632591e+04 1.325826875201514365e-18 2.552779257226082303e-20
1.732611955611992016e+04 1.294424651995845291e-18 2.604453367854566147e-20
1.733241365331041743e+04 1.213281159355444102e-18 2.512187377224124633e-20
1.733870769767852471e+04 1.289459586243919528e-18 2.565939079335267301e-20
1.734500168919533462e+04 1.250301046899662734e-18 2.590205743661778353e-20
1.735129562783128858e+04 1.288899376154365672e-18 2.690826378743675244e-20
1.735758951355740282e+04 1.248695576915778321e-18 2.727423697483257602e-20
1.736388334634439889e+04 1.246393529902015919e-18 2.511808285742484837e-20
1.737017712616283461e+04 1.224746056626844345e-18 2.573856463635434045e-20
1.737647085298375532e+04 1.252584761169294659e-18 2.635904314197992245e-20
1.738276452677751149e+04 1.284919329171300753e-18 2.600306780452774570e-20
1.738905814751495564e+04 1.249035860167697121e-18 2.631576285789746403e-20
1.739535171516687478e+04 1.303579708474039940e-18 2.615195194849861540e-20
1.740164522970351754e+04 1.284185420519281519e-18 2.646123921977993649e-20
1.740793869109591105e+04 1.174697174391208796e-18 2.563774272083551535e-20
1.741423209931448582e+04 1.198456886867851180e-18 2.582829863243004480e-20
1.742052545432974875e+04 1.238606105895069036e-18 2.562697328846023431e-20
1.742681875611249779e+04 1.248492473194818002e-18 2.575513582518433272e-20
1.743311200463297791e+04 1.236979487069197574e-18 2.567891202089658844e-20
1.743940519986196887e+04 1.244349753514010152e-18 2.528443126761755613e-20
1.744569834176998120e+04 1.293407069656092488e-18 2.588741867893992270e-20
1.745199143032719439e+04 1.320618955998536726e-18 2.627129758638277666e-20
1.745828446550444642e+04 1.240176754478599422e-18 2.608819898742394642e-20
1.746443349828926512e+04 1.293286742739360439e-18 2.659744959349892389e-20
1.747072641307008962e+04 1.296304593427648833e-18 2.763807985991438017e-20
1.747701927441220323e+04 1.286624353715583676e-18 2.682760832097283085e-20
1.748331208225502633e+04 1.274564495779084497e-18 2.565034047229016766e-20
1.748960483656854558e+04 1.256695134405562857e-18 2.694766212189598088e-20
1.749589753732340978e+04 1.250860407724400047e-18 2.594098676844332919e-20
1.750219018448956558e+04 1.288287290437366469e-18 2.773284684106436106e-20
1.750848277803758901e+04 1.247368471657604882e-18 2.674532446048773920e-20
1.751477531793780145e+04 1.293847168869413049e-18 2.759570691127340244e-20
1.752106780416022957e+04 1.248938988247574292e-18 2.636082868892310919e-20
1.752736023667546760e+04 1.282116203107597981e-18 2.807813000951730788e-20
1.753365261545358226e+04 1.312504557584309503e-18 2.738526154755984471e-20
1.753994494046470936e+04 1.308040835440801683e-18 2.745495912644193052e-20
1.754623721167929762e+04 1.396417758346888648e-18 2.869955936536493749e-20
1.755252942906731550e+04 1.311792812147684018e-18 2.665819993153197449e-20
1.755882159259898981e+04 1.288090219658636622e-18 2.683996197490879645e-20
1.756511370224464554e+04 1.263937739137765065e-18 2.614536791075633471e-20
1.757140575797408746e+04 1.313797937536330201e-18 2.643320331155644006e-20
1.757769775975770244e+04 1.235036515637049762e-18 2.802763409026970510e-20
1.758398970756557173e+04 1.265019911422727325e-18 2.828436312827552389e-20
1.759028160136728548e+04 1.276511951897371108e-18 2.723222294970885258e-20
1.759642920803463494e+04 1.226280620076701178e-18 2.675510252543133005e-20
1.760272098019440818e+04 1.289304976409047042e-18 2.678153783665492078e-20
1.760901269825718555e+04 1.279450236877856621e-18 2.633268200218013007e-20
1.761530436219325566e+04 1.240420775896944623e-18 2.512770424606747625e-20
1.762159597197240873e+04 1.233702482704118884e-18 2.584426208095906712e-20
1.762788752756456597e+04 1.284447783715705809e-18 2.701890542221860161e-20
1.763417902893989958e+04 1.215100220477938211e-18 2.473518560561439289e-20
1.764047047606805427e+04 1.192860375345765393e-18 2.544095745606709455e-20
1.764676186891906764e+04 1.230663026698654989e-18 2.587742708298164359e-20
1.765305320746294819e+04 1.273827695590735955e-18 2.608430680942788716e-20
1.765934449166922059e+04 1.231366047333956463e-18 2.559368012812558783e-20
1.766563572150801338e+04 1.237387933733910702e-18 2.556514012304594873e-20
1.767192689694917135e+04 1.228582341935932358e-18 2.617088406522916010e-20
1.767821801796217187e+04 1.199497407897144668e-18 2.578742604503121677e-20
1.768450908451713985e+04 1.216055187608385023e-18 2.568665891491849124e-20
1.769080009658380004e+04 1.228851545264984778e-18 2.590425409765450191e-20
1.769709105413161888e+04 1.243893220710486299e-18 2.635442010225964082e-20
1.770338195713069217e+04 1.294269853598268923e-18 2.672558995952253942e-20
1.770967280555053730e+04 1.297413471539967068e-18 2.692005397050863523e-20
1.771596359936077351e+04 1.274769063839589367e-18 2.678946510807207578e-20
1.772225433853128925e+04 1.242109977141514636e-18 2.744356774993015105e-20
1.772854502303153640e+04 1.224366274600459312e-18 2.555389443411460097e-20
1.773483565283117059e+04 1.238656820751697882e-18 2.531373071635925856e-20
1.774112622790001114e+04 1.242006227919451472e-18 2.575821565646389179e-20
1.774741674820792832e+04 1.287165135892959863e-18 2.630953594722332614e-20
1.775370722095567544e+04 1.208656494507393035e-18 2.501680565559320480e-20
1.775999764391994177e+04 1.300339200025887401e-18 2.554917864553023663e-20
1.776628801203200055e+04 1.264987030294148869e-18 2.609511130776906104e-20
1.777257832526061611e+04 1.271557829828566928e-18 2.632862365657081830e-20
1.777886858357534948e+04 1.396949226388021930e-18 2.739238079567520207e-20
1.778515878694531057e+04 1.230472322748298149e-18 2.685444639627255125e-20
1.779144893534030780e+04 1.355970297664221228e-18 2.734824842117949353e-20
1.779773902872976760e+04 1.311522882592822340e-18 2.648122080560708433e-20
1.780402906708275623e+04 1.232633193510078332e-18 2.596037105094833087e-20
1.781031905036903117e+04 1.296401937460912106e-18 2.573472836223575868e-20
1.781660897855793155e+04 1.279637226950022482e-18 2.614150901362180431e-20
1.782289885161853090e+04 1.294418699853990536e-18 2.630827727226977911e-20
1.782918866952050303e+04 1.312886893418600030e-18 2.683530162293827840e-20
1.783547843223308882e+04 1.243682698274543865e-18 2.510798060446422022e-20
1.784176813972534364e+04 1.290737703806837274e-18 2.614457055710521623e-20
1.784805779196683943e+04 1.182491499873677075e-18 2.511366436435947786e-20
1.785434738892679161e+04 1.198073337696486975e-18 2.486122165812290502e-20
1.786063693057420824e+04 1.124627272693292388e-18 2.495150200980309478e-20
1.786692641687863943e+04 1.176909937016845744e-18 2.577489221956632502e-20
1.787321584780908961e+04 1.245492126260748052e-18 2.632471905422785665e-20
1.787950522333463596e+04 1.190090739504594133e-18 2.571491913349711522e-20
1.788579454342476311e+04 1.312082160383188208e-18 2.610313154851963956e-20
1.789208380804842091e+04 1.274496620234344466e-18 2.685960268556302225e-20
1.789837301717455193e+04 1.261593174942517725e-18 2.583655797269863816e-20
1.790466217077258625e+04 1.268928088937325201e-18 2.616726409377731400e-20
1.791095126881150281e+04 1.267219589326778810e-18 2.494867680071482362e-20
1.791724031126019690e+04 1.259748499312710271e-18 2.495619698774528508e-20
1.792352929808796398e+04 1.248111315836708192e-18 2.448400877644885058e-20
1.792981822926364839e+04 1.264306014492952978e-18 2.613715058203253358e-20
1.793610710475626547e+04 1.252122195474601937e-18 2.524538312223032443e-20
1.794239592453494697e+04 1.259247085974594688e-18 2.574792490314217393e-20
1.794868468856851177e+04 1.265666070076499046e-18 2.647358741816817138e-20
1.795497339682582242e+04 1.273727690742343769e-18 2.692307701483578933e-20
1.796126204927608705e+04 1.258919091629937251e-18 2.653827611533725321e-20
1.796740558152669109e+04 1.229108238564882909e-18 2.547275270635724767e-20
1.797369410867311672e+04 1.184889239564823722e-18 2.546717388081151795e-20
1.797998257989620106e+04 1.211624079364110188e-18 2.564345779693072063e-20
1.798627099518614705e+04 1.228300187945224399e-18 2.512800458166684215e-20
1.799255935451168625e+04 1.205676670465637272e-18 2.526168283520223042e-20
1.799884765784200499e+04 1.280493506620363133e-18 2.557409734296588981e-20
1.800513590514583848e+04 1.296340906073574514e-18 2.680820843317692513e-20
1.801142409639184552e+04 1.310445797443550247e-18 2.597496723725415964e-20
1.801771223154879044e+04 1.256344253563491146e-18 2.626521403769606628e-20
1.802400031058564127e+04 1.260677154656339186e-18 2.604472886274820815e-20
1.803028833347071486e+04 1.287345503285967564e-18 2.586236861567616650e-20
1.803657630017281917e+04 1.264076273504273142e-18 2.639644360883647235e-20
1.804286421066078401e+04 1.206810553592744980e-18 2.581154584727459939e-20
1.804915206490295895e+04 1.224350730944023078e-18 2.627282086320214906e-20
1.805543986286827567e+04 1.300916294992838220e-18 2.707768524553736551e-20
1.806172760452536386e+04 1.225157213495419347e-18 2.572609500623158007e-20
1.806801528984240940e+04 1.280962474193757062e-18 2.622111836742872391e-20
1.807430291878828575e+04 1.244135368413959630e-18 2.626254332935724310e-20
1.808059049133148437e+04 1.213136301191097882e-18 2.589507712966207195e-20
1.808687800744087872e+04 1.237855369820477192e-18 2.608698374288997456e-20
1.809302013014968907e+04 1.213213715666361422e-18 2.540108694260028406e-20
1.809930751965311720e+04 1.266291199640462560e-18 2.631394187259261971e-20
1.810559485262645831e+04 1.310847434934857990e-18 2.639654316652750176e-20
1.811188212903833119e+04 1.223062391688437904e-18 2.638008303430626294e-20
1.811816934885699447e+04 1.264850897029119130e-18 2.620766949257690606e-20
1.812445651205104514e+04 1.255132562876776763e-18 2.480103844362037775e-20
1.813074361858870543e+04 1.208289186349185345e-18 2.526876790361908604e-20
1.813703066843849228e+04 1.243369920998909769e-18 2.591440267598472751e-20
1.814331766156882441e+04 1.204318197379773226e-18 2.628749506664860144e-20
1.814960459794745111e+04 1.263188211216558883e-18 2.596756910609905024e-20
1.815589147754312580e+04 1.249426237244199247e-18 2.594385118146911689e-20
1.816217830032444908e+04 1.297774173419050594e-18 2.648401121648683845e-20
1.816846506625906113e+04 1.225094687942287431e-18 2.560921349706114626e-20
1.817475177531533700e+04 1.235051153097377954e-18 2.577541780686105203e-20
1.818103842746189184e+04 1.226133031031839008e-18 2.615822265510791009e-20
1.818732502266642405e+04 1.166512201910001434e-18 2.476755128469375930e-20
1.819361156089723954e+04 1.245267189177728386e-18 2.548700435421535470e-20
1.819989804212288072e+04 1.273543091609609192e-18 2.591458659967158278e-20
1.820618446631111874e+04 1.262117687381329535e-18 2.656625091637266936e-20
1.821247083343015765e+04 1.269527573500053640e-18 2.700296557861279750e-20
1.821875714344792505e+04 1.270660291086144746e-18 2.707048544269994726e-20
1.822504339633275958e+04 1.177114511185138143e-18 2.576250244294755085e-20
1.823132959205271982e+04 1.230304525761086241e-18 2.583679401795915551e-20
1.823761573057553323e+04 1.250643747022381857e-18 2.678001234734790192e-20
1.824390181186977134e+04 1.218134227998608811e-18 2.601561914500172981e-20
1.825018783590262319e+04 1.219871593153148442e-18 2.686755538394975296e-20
1.825647380264263120e+04 1.238430531517645584e-18 2.691309963100011365e-20
1.826275971205802489e+04 1.149062549798780323e-18 2.588426842908431435e-20
1.826904556411586600e+04 1.200864041994704405e-18 2.605170913634619017e-20
1.827533135878482426e+04 1.311277759458966864e-18 2.669050361312835580e-20
1.828161709603231066e+04 1.261502596339902405e-18 2.591959652189613511e-20
1.828790277582666022e+04 1.224016490599889187e-18 2.593942172279780502e-20
1.829418839813534942e+04 1.276891313434156936e-18 2.601907661299066288e-20
1.830047396292624398e+04 1.241525397489599374e-18 2.573235810639446521e-20
1.830675947016744612e+04 1.228501583214189255e-18 2.527460196961102654e-20
1.831304491982614854e+04 1.256703015878609171e-18 2.554652798445526622e-20
1.831933031187112647e+04 1.236988894307883997e-18 2.496270826173974620e-20
1.832561564626909603e+04 1.267359958868095573e-18 2.538349001779108615e-20
1.833190092298832315e+04 1.149368450882107865e-18 2.492321024512076777e-20
1.833818614199618605e+04 1.175392817584765961e-18 2.449814620602791035e-20
1.834447130326082697e+04 1.222505287235064401e-18 2.484306616983930363e-20
1.835075640674976239e+04 1.063630878417575411e-18 2.486775843693318969e-20
1.835704145243015591e+04 1.203987152563196610e-18 2.602918861506745853e-20
1.836332644027026618e+04 1.112698224893986646e-18 2.484239882318693630e-20
1.836961137023734045e+04 1.151093516049223814e-18 2.483534724251921713e-20
1.837589624229937181e+04 1.180416237305446410e-18 2.525571275474084954e-20
1.838218105642322917e+04 1.154092789270743058e-18 2.523969760935345988e-20
1.838846581257715661e+04 1.262697640356641838e-18 2.569359040522982444e-20
1.839475051072812494e+04 1.189023345630122958e-18 2.584428068610744981e-20
1.840103515084407991e+04 1.173664934870954092e-18 2.551278245091604777e-20
1.840731973289212692e+04 1.270212231050372930e-18 2.536901435335027980e-20
1.841360425684020083e+04 1.237047587535175126e-18 2.574860360146853838e-20
1.841988872265485043e+04 1.236593123097048438e-18 2.536153948550565480e-20
1.842617313030468722e+04 1.232994957585460001e-18 2.612838924582102903e-20
1.843245747975620907e+04 1.289050551587032960e-18 2.542823478241707879e-20
1.843859565140150880e+04 1.264232660591792081e-18 2.567268772461317586e-20
1.844487987071316456e+04 1.214298182107958124e-18 2.628021748664214385e-20
1.845116403165705196e+04 1.238037699495386062e-18 2.603883319920917744e-20
1.845744813426984547e+04 1.258371008110719893e-18 2.574314515543094377e-20
1.846373217852002199e+04 1.141131332940919156e-18 2.546754821608484191e-20
1.847001616437482880e+04 1.228317736738067633e-18 2.651700221752650045e-20
1.847630009180177876e+04 1.271951151665321710e-18 2.736858114574568093e-20
1.848258396076761346e+04 1.234817649361140092e-18 2.555569859138602820e-20
1.848886777123967477e+04 1.245618666705558136e-18 2.612333092506013831e-20
1.849515152318537366e+04 1.271824007740169424e-18 2.675530801378709907e-20
1.850143521657177189e+04 1.307783035903205383e-18 2.741404019444298622e-20
1.850771885136584388e+04 1.254201955330764746e-18 2.610716117136782603e-20
1.851400242753478960e+04 1.208581488650432288e-18 2.598470679204102317e-20
1.852028594504622379e+04 1.187035544830202695e-18 2.592639720755020609e-20
1.852656940386638234e+04 1.144189989943000208e-18 2.576001750306678530e-20
1.853285280396281087e+04 1.118083570311442508e-18 2.513444576937413251e-20
1.853913614530246923e+04 1.082011167031188750e-18 2.497507384165541301e-20
1.854541942785252468e+04 1.135554978649364586e-18 2.587428953613319846e-20
1.855170265158058100e+04 1.123415661123284386e-18 2.554113394498883584e-20
1.855783943609363996e+04 1.067407694838758750e-18 2.470613051678903137e-20
1.856412252833443199e+04 1.124854249205976518e-18 2.529765160300689552e-20
1.857040556165180897e+04 1.144638716344475154e-18 2.526932512940937390e-20
1.857668853601264709e+04 1.187492824694343204e-18 2.560575846508519085e-20
1.858297145138435735e+04 1.208030934448982092e-18 2.595986713176239734e-20
1.858925430773349945e+04 1.286919104407826812e-18 2.664228680467158397e-20
1.859553710502696777e+04 1.384380636528946509e-18 2.654763611400089044e-20
1.860181984323146753e+04 1.611720912676368999e-18 2.902731319435326904e-20
1.860810252231416234e+04 1.638495044976224197e-18 2.905787576908826997e-20
1.861438514224156097e+04 1.454067878444328601e-18 2.841891973021648766e-20
1.862066770298034317e+04 1.335217819277240874e-18 2.637330763018032600e-20
1.862695020449774529e+04 1.217615597482544889e-18 2.514785591820813007e-20
1.863323264675962855e+04 1.187684643022518502e-18 2.588027140601598914e-20
1.863951502973364404e+04 1.214909733626893431e-18 2.467817910929338311e-20
1.864579735338581304e+04 1.181573543624918416e-18 2.616544489229073375e-20
1.865207961768300447e+04 1.168361480342201189e-18 2.504912954446891605e-20
1.865836182259194538e+04 1.161623241144478646e-18 2.538697958784380610e-20
1.866464396807907178e+04 1.177597912142690340e-18 2.536449908293543431e-20
1.867092605411117620e+04 1.205772951192669715e-18 2.563998275797789720e-20
1.867720808065457095e+04 1.182938775635383877e-18 2.573464271543249166e-20
1.868349004767612860e+04 1.222275839972671707e-18 2.608610960882031266e-20
1.868977195514227787e+04 1.284768131489010967e-18 2.643891577135488434e-20
1.869605380301917467e+04 1.218336245273357619e-18 2.561401630713143386e-20
1.870233559127375702e+04 1.197071330931732174e-18 2.547807115784276086e-20
1.870861731987256644e+04 1.195727711473421843e-18 2.609543494658648902e-20
1.871489898878142048e+04 1.328045044892484808e-18 2.710290077409533869e-20
1.872118059796714442e+04 1.327787676801390131e-18 2.626868041439230430e-20
1.872746214739670904e+04 1.236020491876558860e-18 2.618778929504149099e-20
1.873374363703541530e+04 1.203189676512889186e-18 2.627849259362936157e-20
1.874002506685006301e+04 1.244136779856040981e-18 2.659562262093714153e-20
1.874630643680755020e+04 1.198178925996589813e-18 2.573830311498651015e-20
1.875258774687319601e+04 1.181546689113812257e-18 2.567288307479863345e-20
1.875886899701394941e+04 1.205257227042723938e-18 2.595820757225072351e-20
1.876515018719608997e+04 1.220699293343425452e-18 2.537776399812225007e-20
1.877143131738548982e+04 1.141521270774038799e-18 2.538614611147425838e-20
1.877771238754867591e+04 1.262332835633557207e-18 2.614360275969049480e-20
1.878399339765202240e+04 1.296013142872978886e-18 2.727969571460391475e-20
1.879027434766109218e+04 1.307878562533826992e-18 2.743807323546435297e-20
1.879655523754267415e+04 1.208568798315545774e-18 2.706607836171255592e-20
1.880283606726258586e+04 1.157941799981211077e-18 3.310251377128665990e-20
