1.699985777797561241e+04 5.442510300803527145e-20 9.391856603384732862e-21
1.701047657015179357e+04 5.094122698767538849e-20 8.895368120393650276e-21
1.702109531348605015e+04 6.076015072834225798e-20 8.950255797463235160e-21
1.703171400794990768e+04 5.863288715171974707e-20 8.774272692074880721e-21
1.704233265351777663e+04 6.431552496229496549e-20 9.599491135723432484e-21
1.705295125015543454e+04 5.569888967094554264e-20 8.616457331324230703e-21
1.706356979781997870e+04 5.207411605222769608e-20 8.610328059862268275e-21
1.707418829649448526e+04 4.799962556735440108e-20 8.476472474916699455e-21
1.708480674614180680e+04 5.376716492829523562e-20 8.836407583586330822e-21
1.709542514672459583e+04 3.638208062844371813e-20 8.945122495304879106e-21
1.710604349822036966e+04 4.523159753693995975e-20 8.638102716081319117e-21
1.711666180059774342e+04 4.396281865073158486e-20 1.011695685526754647e-20
1.712728005382245465e+04 3.176174069508772991e-20 9.022837469715859883e-21
1.713789825786314395e+04 2.557710795126047431e-20 8.630153740916832965e-21
1.714851641268841558e+04 5.438927058039448395e-20 8.605868906287423547e-21
1.715913451826688470e+04 4.375100019633053959e-20 7.912933725200409067e-21
1.716975257456136023e+04 4.417221317233895961e-20 9.265590555235744114e-21
1.718037058155206614e+04 3.915502251093776680e-20 9.346112398059801644e-21
1.719098853920759939e+04 4.486476476861225677e-22 8.396396195888345965e-21
1.720160644748184131e+04 4.991756796725657028e-20 8.297756242714540041e-21
1.721222430635522323e+04 4.279535082645315625e-20 8.871188900487697764e-21
1.722284211579343173e+04 4.068788810714813059e-20 8.423584100675867222e-21
1.723345987575925392e+04 3.612679966684535372e-20 8.952816300383159157e-21
1.724407758623873451e+04 5.455327761835801124e-20 9.548111936939529614e-21
1.725469524718590401e+04 4.300728373549256487e-20 8.732783610477228573e-21
1.726531285856644536e+04 4.781198796000538624e-20 8.730746685304535995e-21
1.727593042035765029e+04 2.468236474337756340e-20 8.481871172974606726e-21
1.728654793252521631e+04 4.889295627060456438e-20 8.522764973436878668e-21
1.729716539503755848e+04 3.365910545890870276e-20 8.014575754309606063e-21
1.730778280786328469e+04 3.947525702342360625e-20 7.397011210424669463e-21
1.731840017097692544e+04 7.765628563232986436e-20 8.550320524629967413e-21
1.732901748433533066e+04 4.692123016328866115e-20 9.331845552784891731e-21
1.733963474791291446e+04 4.992648299124702608e-20 8.000522328374521658e-21
1.735025196167823015e+04 2.605270096052064077e-20 8.036362210872744777e-21
1.736086912559982375e+04 4.315413535012460686e-20 8.489506940232832855e-21
1.737148623965212391e+04 4.628966322836075130e-20 8.468108392344117993e-21
1.738210330379193692e+04 2.850719424948816455e-20 8.568441304381993861e-21
1.739272031799354227e+04 4.623624797915618611e-20 8.854719866193583913e-21
1.740333728223135404e+04 3.303610873840224368e-20 6.842274501290358497e-21
1.741395419646228765e+04 3.685677488545735028e-20 8.349564879089960782e-21
1.742457106066074266e+04 3.082161939062098501e-20 8.311259578265945590e-21
1.743518787479819366e+04 5.555562873883020285e-20 9.063566830846669408e-21
1.744580463884314668e+04 3.203150151568225888e-20 8.380359137768109595e-21
1.745642135275530018e+04 2.971530632693577628e-20 8.485484087409721498e-21
1.746703801650906826e+04 3.333727829629845940e-20 8.652309676516846756e-21
1.747765463007882136e+04 5.019284674686915384e-20 8.494666662896268071e-21
1.748827119342702281e+04 3.877169572506662155e-20 7.925926628088577372e-21
1.749888770651932282e+04 3.079159276776618152e-20 8.246489120339115182e-21
1.750950416932725420e+04 5.019368695153909273e-20 7.930978626733282869e-21
1.752012058181634347e+04 3.825972439923682997e-20 8.060530687747702394e-21
1.753073694396100109e+04 3.461977245648471847e-20 8.048565750757237842e-21
1.754135325572969305e+04 2.836937583855486176e-20 8.115096879556620871e-21
1.755196951708798588e+04 4.782740691328764645e-20 7.637898510053162267e-21
1.756258572800430193e+04 2.761223172193640793e-20 7.371999392806416676e-21
1.757320188844112272e+04 3.544132442286398723e-20 8.305846931792781648e-21
1.758381799838168081e+04 4.860957201881869133e-20 8.231806587183451810e-21
1.759443405777681255e+04 3.945483713091451108e-20 7.725915129743336907e-21
1.760505006660977597e+04 3.948585682640092471e-20 7.735256313971962754e-21
1.761566602484314717e+04 3.518144837400865210e-20 7.631124688434721918e-21
1.762628193243940041e+04 3.685784904308840204e-20 8.424998835945066508e-21
1.763689778938778909e+04 1.025022714403980336e-21 8.569184282231909537e-21
1.764751359562704602e+04 4.620669605925657233e-20 8.623213573311925913e-21
1.765812935114334687e+04 3.551078200773083142e-20 7.236944672576363587e-21
1.766874505590205445e+04 4.599154479195889225e-20 7.582165266598746388e-21
1.767936070988370921e+04 3.793362026801916351e-20 7.424086012479983200e-21
1.768997631302992522e+04 2.399497575258735554e-20 7.834227681134386837e-21
1.770059186533296815e+04 4.490053911368249068e-20 8.140281308331027132e-21
1.771120736674930595e+04 4.208790039504036997e-20 7.821603761662796649e-21
1.772182281723842243e+04 4.321534082612193631e-20 7.557381398801850681e-21
1.773243821680153997e+04 3.624987682019964099e-20 6.134648631204195270e-21
1.774305356540783032e+04 5.145652521315051343e-20 6.860620196948151329e-21
1.775366909088835382e+04 2.626319499359971378e-20 7.154945608221681806e-21
1.776428459283883785e+04 1.765080871464734390e-20 7.546396838736041922e-21
1.777490004371830582e+04 3.697749888682138852e-20 7.488357485559690870e-21
1.778551544348616517e+04 4.253549336835433721e-20 7.066680463692269990e-21
1.779613079211080549e+04 3.993183266993105325e-20 7.731541338214426097e-21
1.780674608957256351e+04 2.731643182249562166e-20 7.410595815014938590e-21
1.781736133582783441e+04 3.753835929173801215e-20 8.025710555401411324e-21
1.782797653084472404e+04 3.603866291551902609e-20 7.308069191982465349e-21
1.783859167459479795e+04 3.273283414559685595e-20 8.118484386801053450e-21
1.784920676704345169e+04 5.434599366955412261e-20 6.917223021931568522e-21
1.785982180817104017e+04 3.849343878437732791e-20 6.802990368986813941e-21
1.787043679793388583e+04 4.317667153547866194e-20 7.260698057441229897e-21
1.788105173630034187e+04 4.453786368780426103e-20 7.171722294418154603e-21
1.789166662324171921e+04 4.216312594452062319e-20 7.671534511346621760e-21
1.790228145873525500e+04 5.149091758657121081e-20 7.277406334563554129e-21
1.791289624273118534e+04 4.497383572929406025e-20 7.261957814231828636e-21
1.792351097521004340e+04 4.639272648781055246e-20 7.370945870269185527e-21
1.793412565613410698e+04 4.773837619482831219e-20 7.664545429552565686e-21
1.794474028548373099e+04 6.356294072687060349e-20 7.684230993324435002e-21
1.795535486320309428e+04 3.635283871942326332e-20 7.340152269630228465e-21
1.796596938929066528e+04 5.542027762034239161e-20 7.177008571015639836e-21
1.797658386369353684e+04 5.655706550790900365e-20 6.739943114349782158e-21
1.798719828638889157e+04 4.998005112256177583e-20 6.985765177412173017e-21
1.799781265733619512e+04 2.427213991493456930e-20 7.134930901211083418e-21
1.800842697651277558e+04 2.501232428464284462e-20 7.100344295825449463e-21
1.801904124388388300e+04 2.808893907280620122e-20 7.216681290148957708e-21
1.802965545942080280e+04 4.631924459579472647e-20 7.045574667447778671e-21
1.804026962309180090e+04 3.236659183187401069e-20 6.818550139717329505e-21
1.805088373485292323e+04 1.716719286150425821e-20 7.333873050884156734e-21
1.806149779469045825e+04 1.632511466528313856e-20 6.472096079432446844e-21
1.807211180254863575e+04 1.988516166664219630e-20 6.186495739418996586e-21
1.808272575843207960e+04 3.763821170682179787e-20 7.353084453671411952e-21
1.809333966226958000e+04 4.970402015527715818e-20 7.088066476212109958e-21
1.810395351406577902e+04 2.920748118967024946e-20 7.496161316418605822e-21
1.811456731374943047e+04 2.172642125399029615e-20 7.147710628535077214e-21
1.812518106132505636e+04 3.465137179381570147e-21 7.515425244165399506e-21
1.813579475674562855e+04 2.848230297980746658e-20 8.129164079380834949e-21
1.814640839997042349e+04 2.719367919332021709e-20 7.140560475476727182e-21
1.815702199098588972e+04 1.697997413180161375e-20 6.428130945769365163e-21
1.816763552974193954e+04 4.511342839554529994e-20 7.060223673231557520e-21
1.817824901623114783e+04 5.632925074956209975e-20 7.453957829628960067e-21
1.818886245039423738e+04 4.239225616768268956e-20 7.406063221465323879e-21
1.819947583221440800e+04 1.631732858876059843e-20 7.476794393548538979e-21
1.821008916165999835e+04 2.502627642976646635e-20 7.153254378345900769e-21
1.822070243869008482e+04 3.288881728060073041e-20 7.445046722089677816e-21
1.823131566328503322e+04 1.966349755240820718e-20 7.464573727819933251e-21
1.824192883539773538e+04 1.370914281813445871e-20 7.164158632230883893e-21
1.825254195502075891e+04 4.285653243483098581e-20 6.894312199789974271e-21
1.826315502209468104e+04 1.435353736910004870e-20 6.060989742777018434e-21
1.827376803660271617e+04 3.342931187807595527e-20 7.119374674836278792e-21
1.828438099852246523e+04 4.167475827260087517e-20 7.166688878775569381e-21
1.829499390779142414e+04 4.762517394496504945e-20 7.149928043390598306e-21
1.830560676440526731e+04 5.089923229493990958e-20 7.010239444196605103e-21
1.831621956831370699e+04 3.011674474497051577e-20 6.795787835520596494e-21
1.832683231950323534e+04 1.950925116879190548e-20 6.668127527065043391e-21
1.833744501794169264e+04 1.202993705718668486e-20 6.623245563479521380e-21
1.834805766356976164e+04 4.430937996851164449e-20 7.017519207611828688e-21
1.835867025638323685e+04 4.516198498870057964e-20 7.385502396341477851e-21
1.836928279633788406e+04 3.300556092776203930e-20 6.582328019048802277e-21
1.837989528341100595e+04 4.175879758702868498e-20 6.391299281953079648e-21
1.839050771756758331e+04 2.750300509173381858e-20 6.909776295096071090e-21
1.840112009875701915e+04 3.765748239791243062e-20 6.300320456020304079e-21
1.841173242697205205e+04 2.016031820958441237e-20 6.304395452125886756e-21
1.842234470218087881e+04 2.870360388094266530e-20 6.564773031250917527e-21
1.843295692432379656e+04 9.832095823433421987e-20 7.136582778962818112e-21
1.844356909339658887e+04 3.147451797412686726e-19 9.381984666263526383e-21
1.845418120936418927e+04 7.349980016978005116e-19 1.321812602439976678e-20
1.846479327217904211e+04 8.737065702178703487e-19 1.412647717275987393e-20
1.847540528183071729e+04 6.789124632487107611e-19 1.279959458120171103e-20
1.848601723825656882e+04 2.829038383837913666e-19 9.982434654446289020e-21
1.849662914145855029e+04 9.801420634896165098e-20 6.996154227365758647e-21
1.850724099138613383e+04 3.929721416473049895e-20 6.287869504405788880e-21
1.851785278799800653e+04 3.015578995307723850e-20 6.500015922991883968e-21
1.852846453129602378e+04 2.224280357144160691e-20 6.131129965211478089e-21
1.853907622121407985e+04 2.033156316480343867e-20 6.514942267695423766e-21
1.854968785772653428e+04 9.339192416651397439e-21 6.550636307800430117e-21
1.856029944081994108e+04 1.839041506966155893e-20 6.102428076324509205e-21
1.857091097045296556e+04 3.233615912610987360e-20 6.414010859939549398e-21
1.858152244657800838e+04 4.300031914097284941e-20 6.251450410573509885e-21
1.859213386917836760e+04 2.289685541825744555e-20 6.148300679928213673e-21
1.860274523822819174e+04 3.436373512617476195e-20 6.573143895879036178e-21
1.861335655367693835e+04 3.010966971085864492e-20 6.144566636030462265e-21
1.862396781549877051e+04 3.607253828537356688e-20 6.463581253269189894e-21
1.863457902367710267e+04 3.393321327467100953e-20 5.665132646945231893e-21
1.864519017815808547e+04 2.667128236615577384e-20 6.706566358050543175e-21
1.865580127891559096e+04 1.568376877762471813e-20 6.528034114341528298e-21
1.866641232593942914e+04 4.552206341921748184e-20 6.652261918381797270e-21
1.867702331917271658e+04 6.126888262306767434e-20 6.364248688888212278e-21
1.868763425857085167e+04 4.468336942854633308e-20 6.427451560218067216e-21
1.869824514413596626e+04 2.502756907838519589e-20 5.518262467918753244e-21
1.870885597582346236e+04 1.794441122136387656e-20 6.750162345051354738e-21
1.871946675359148867e+04 4.164064030803031685e-20 6.214799936904432924e-21
1.873007747741136336e+04 3.359846878160005993e-20 6.118260770584533925e-21
1.874068814725716584e+04 4.093496066865618160e-20 6.041052383040005184e-21
1.875129876310301188e+04 3.685943346454650438e-20 6.455741971940768261e-21
1.876190932489481202e+04 3.212325924738110254e-20 6.717558372562711340e-21
1.877251983261277201e+04 2.817734217074684232e-20 6.324109026462413202e-21
1.878313028623710125e+04 2.001076613049466208e-20 5.752064451663047700e-21
1.879374068572022952e+04 1.753658993540849717e-20 6.532534142369339928e-21
1.880435103102368157e+04 5.558657476237913207e-20 7.125612878994840420e-21
1.881496132213089004e+04 5.125204578557622671e-20 6.772502774760029090e-21
1.882557155900336875e+04 4.017686176869727415e-20 6.318512844537637785e-21
1.883618174160858325e+04 1.480571334659360720e-20 6.058047401600021549e-21
1.884679186991141978e+04 2.338907418955597336e-20 6.261068069143979541e-21
1.885740194387970405e+04 2.092803703693642981e-20 5.693952169559665769e-21
1.886801196350317696e+04 2.651321799438294734e-20 5.869813976991505388e-21
1.887862192871501247e+04 3.106106197040356454e-20 6.565212110936894468e-21
1.888923183950164821e+04 3.673314457887809665e-20 6.258293428498727301e-21
1.889984169582129471e+04 1.999880844860395361e-20 6.016985580001957084e-21
1.891045149766081522e+04 3.302607889465489813e-20 6.055971637282940867e-21
1.892106124496901612e+04 4.140137431704667350e-20 6.968755924341935682e-21
1.893167093772306180e+04 3.823022010797806994e-20 6.241439803098709811e-21
1.894228057588431693e+04 1.705923701878011837e-21 6.081308891237129807e-21
1.895289015942326660e+04 4.564258280821356179e-21 6.542832198662341710e-21
1.896349968831112346e+04 3.244981467241883767e-20 6.307046582584860490e-21
1.897410916250928130e+04 2.392145083285118859e-20 6.608044283845539345e-21
1.898471858199170310e+04 5.066349851126144529e-20 6.802630843234284329e-21
1.899532794671970987e+04 7.824063983256446528e-20 6.625248290249279963e-21
1.900593725666381943e+04 3.397988500341997755e-20 6.210358579137920560e-21
1.901654651179505163e+04 3.360595516401256082e-20 6.045106617142430003e-21
1.902715571208115580e+04 3.242132748729923751e-20 5.802830415700746883e-21
1.903776485748025880e+04 4.328780407134858417e-20 5.971602700768860389e-21
1.904837394796944864e+04 4.750143153151998157e-20 6.473181073223774848e-21
1.905898298350979894e+04 2.873968125690744273e-20 6.264890267944792411e-21
1.906959196407527998e+04 4.183434809641680180e-20 6.640360418942656790e-21
1.908020088963370290e+04 5.311209254293120686e-20 6.322364040454753671e-21
1.909080976014945190e+04 3.223825796210250267e-20 6.312488678569046718e-21
1.910141857558377887e+04 3.274291229796582219e-20 6.183291539298950985e-21
1.911202733591675860e+04 1.635650651129665262e-20 6.105911633022272481e-21
1.912263604110318556e+04 3.005351370362237974e-20 6.469767223984558805e-21
1.913324469112358565e+04 3.997277035586679023e-20 6.081829671802976399e-21
1.914385328593277882e+04 9.527385897167390597e-20 6.492999873079144964e-21
1.915446182551101447e+04 2.804340029682393108e-19 8.614193907844745979e-21
1.916507030981931894e+04 3.691942989021954797e-19 9.182809010809498825e-21
1.917567873883143329e+04 1.882069263740649189e-19 7.435492310286120676e-21
1.918628711248972468e+04 5.963831214958125386e-20 5.891363070308915374e-21
1.919689543079349824e+04 3.653552922339187657e-20 5.910239758775406322e-21
1.920750369369752661e+04 2.042436358685000825e-20 6.086657247570284670e-21
1.921811190116276339e+04 4.358339603286837234e-21 5.686004794015093388e-21
1.922872005316927971e+04 1.015225350976691931e-20 6.059217426962021714e-21
1.923932814968490857e+04 3.580480953143660857e-20 5.792466226084166483e-21
1.924993619066430256e+04 9.448293643987975401e-20 7.071134667113736316e-21
1.926054417607490541e+04 1.427299292768412848e-19 7.491136963519043015e-21
1.927115210589674098e+04 1.119589507235125201e-19 6.910974997546847505e-21
1.928175998008441820e+04 6.268105785813858574e-20 6.681693953835449695e-21
1.929236779863119591e+04 3.977548450237530760e-20 5.959731350069457622e-21
1.930297556145971976e+04 1.932292241963571305e-20 5.606469755964054081e-21
1.931358326858217333e+04 1.523818949280294927e-20 6.089370841901719178e-21
1.932419091994652990e+04 1.734896640345963590e-20 5.835490278023289040e-21
1.933479851550738749e+04 3.948933853417003256e-20 6.005433046825595392e-21
1.934540605526440777e+04 1.230060932309584293e-20 5.781969550048934475e-21
1.935601353914006540e+04 4.670996846878876812e-21 5.999588392935998041e-21
1.936662096714660220e+04 2.167093257532515108e-20 5.668172005662072911e-21
1.937722833921900383e+04 1.304188885649728918e-20 6.242713669309902663e-21
1.938783565535689559e+04 3.652939538998014086e-20 6.363535104548076637e-21
1.939844291548279944e+04 2.987608485011653910e-20 5.906206591250071962e-21
1.940905011961545461e+04 3.945407196932491379e-20 6.401520882720845530e-21
1.941965726768354943e+04 3.324342845870243452e-20 6.463071742743549726e-21
1.943026435966691861e+04 3.289826388781948464e-20 5.983697062042136870e-21
1.944087139553965244e+04 2.955535641731876977e-20 5.422294148382334707e-21
1.945147837525622163e+04 2.706617026244560350e-20 5.369347522683809336e-21
1.946208529879031630e+04 2.889408091207046332e-20 5.894493346286077589e-21
1.947269216611557567e+04 2.563724256594546173e-20 5.327104352482626757e-21
1.948329897717964195e+04 3.885307675294378625e-20 5.509566889233534008e-21
1.949390573197598133e+04 2.424831600992307409e-20 6.290280249199131702e-21
1.950451243045891897e+04 3.711307590752190683e-20 5.623708619345896969e-21
1.951511907258274368e+04 1.127427667802078701e-20 5.653876814415916921e-21
1.952572565835323257e+04 3.434187820254820520e-20 6.123679922656229060e-21
1.953633218768592633e+04 3.890946115846465175e-20 5.867009911430397457e-21
1.954693866058706772e+04 2.607070016015697414e-20 5.228543985583642356e-21
1.955754507700442991e+04 2.217035681830877405e-20 5.171622153046234693e-21
1.956815143691164849e+04 2.292387046660603789e-20 5.191004963895390126e-21
1.957875774028844899e+04 2.567517092626419052e-20 5.438144731449228829e-21
1.958936398707652188e+04 3.250737590636420253e-20 5.169526598139609990e-21
1.959997017726898048e+04 2.856588233891834149e-20 5.785755635072289134e-21
1.961057631080701321e+04 3.261317274001174422e-20 5.859289720340493201e-21
1.962118238767704315e+04 4.102335028122024559e-20 5.304528959174033964e-21
1.963178840783313717e+04 3.324645550789713645e-20 5.798040546482932707e-21
1.964239437126220218e+04 9.596121171849376957e-20 6.629927717428712069e-21
1.965300027790536114e+04 1.863902625022107486e-19 7.382088063643578244e-21
1.966360612775569462e+04 1.966569468231062775e-19 7.353324415832720215e-21
1.967421192075387444e+04 1.043838541776544512e-19 6.246205255943995032e-21
1.968481765688690211e+04 3.949114560411068455e-20 5.497170234939240673e-21
1.969542333610886999e+04 1.844107555894875287e-20 5.338525155792856941e-21
1.970579885382033171e+04 2.971470564653510768e-20 6.076969417212587556e-21
1.971640440786284307e+04 2.473811880256337957e-20 6.460057096631933820e-21
1.972700989271666549e+04 2.649734514875951375e-20 5.050164807041658404e-21
1.973761532038405494e+04 3.325662972730590394e-20 5.005134608845743878e-21
1.974822069099415603e+04 1.885756249563162704e-20 4.801832931937869028e-21
1.975882600449515667e+04 2.393298039861500494e-20 5.014300774490360272e-21
1.976943126085993936e+04 2.536496646587033642e-20 5.218074205032240335e-21
1.978003646006207418e+04 2.958855502318925619e-20 4.915803065445367140e-21
1.979064160204973450e+04 2.400197875190381459e-20 5.146576012429403277e-21
1.980124668680877221e+04 3.077734481544233616e-20 5.368922045065361316e-21
1.981185171429982074e+04 2.453111121535406229e-20 5.400598590069387189e-21
1.982245668449593359e+04 4.077426023408935796e-20 5.419044274362054143e-21
1.983306159734562243e+04 3.224629875971234285e-20 5.228979535588858075e-21
1.984366645285352934e+04 2.034713806745826201e-20 5.168214344778552852e-21
1.985427125094226722e+04 2.747590838838474161e-20 4.963755826530354759e-21
1.986487599159717865e+04 3.269410517430868126e-20 5.014380512547816255e-21
1.987548067478579105e+04 1.987724766359859642e-20 5.263016711259781016e-21
1.988608530047500608e+04 1.764721237338509026e-20 5.399624162943352157e-21
1.989668986863173996e+04 1.416049861146541671e-20 5.160763834872464862e-21
1.990729437922874786e+04 3.708438021262034685e-20 4.986592811199261682e-21
1.991789883222064236e+04 3.584252407214562911e-20 5.390165776733767426e-21
1.992850322758698167e+04 1.922682019142534208e-20 5.037335118344894405e-21
1.993910756528822458e+04 3.136748149847907911e-20 5.335082046430557926e-21
1.994971184528454614e+04 5.099489373931637850e-20 5.588325674458207958e-21
1.996031606755554094e+04 4.121775323398381723e-20 5.143940866037928403e-21
1.997092023205565783e+04 3.661390746347654141e-20 5.741961621932527220e-21
1.998152433876425494e+04 2.687675891287321354e-20 4.963079830833600418e-21
1.999212838763532272e+04 2.164429782751051002e-20 5.020693227834385321e-21
2.000273237864823022e+04 3.803724336709715170e-20 5.429155004427214957e-21
2.001333631176378185e+04 3.185633038791196135e-20 5.027139269542941421e-21
2.002394018694856277e+04 1.916371196433558887e-20 4.407331144182730539e-21
2.003454400416287172e+04 3.369185976129471189e-20 5.646274637091606256e-21
2.004514776338603406e+04 8.835165288449965670e-21 5.451527411057335279e-21
2.005575146458507879e+04 2.301706146579741507e-20 5.081634601633184336e-21
2.006635510770124893e+04 2.515661608218391212e-20 5.159531022550725170e-21
2.007695869273932476e+04 2.350691203714494715e-20 5.278407955978915274e-21
2.008756222035053361e+04 3.094507721001974662e-20 5.136628929330606237e-21
2.009816575524234213e+04 2.900936561532423673e-20 5.446009907797501195e-21
2.010876934786844140e+04 1.522999404502185491e-20 4.840566056768489042e-21
2.011937288367671135e+04 3.336535594258755174e-20 5.172699365821783013e-21
2.012997637332522572e+04 2.728912403662568767e-20 5.320407475015468451e-21
2.014034871561191903e+04 2.942560674497175798e-20 5.167352852368944972e-21
2.015095205275089393e+04 2.553637731303799700e-20 5.218736688455309532e-21
2.016155533152239877e+04 3.001107144660480737e-20 5.351657543745774815e-21
2.017215855189267677e+04 2.946681594898562187e-20 5.520111662849028195e-21
2.018276171383527617e+04 1.985451142824709378e-20 5.061638975042023717e-21
2.019336481729696243e+04 1.703340887231305342e-20 5.737538736234178377e-21
2.020396786226420591e+04 1.736944885545685177e-20 5.256965560401069711e-21
2.021457084870317703e+04 2.304056130597069294e-20 5.231628857485314601e-21
2.022517377656077952e+04 2.183927206856323900e-20 5.525479003454568247e-21
2.023577664583031947e+04 2.262131939374101983e-20 5.276696045516282944e-21
2.024637945645827131e+04 1.981234058658491871e-20 4.895557173423980939e-21
2.025698220841743387e+04 1.113343619982274840e-20 5.089860587837268379e-21
2.026758490168131175e+04 2.311953637685412496e-20 5.220606365688935251e-21
2.027818753620317875e+04 1.985028782088677722e-20 4.977693064908101565e-21
2.028879011196280044e+04 3.229884731649427085e-20 5.552752277303495703e-21
2.029939262890623650e+04 5.538082096928169690e-20 5.615540318058374380e-21
2.030999508703367974e+04 1.601966965143608235e-19 7.016796493114681244e-21
2.032059748627828594e+04 1.748523767945839044e-19 6.999696529234417071e-21
2.033119982661980248e+04 8.874998942338266701e-20 5.529072621984369308e-21
2.034180210803089358e+04 4.013618864700311135e-20 5.196770630666337451e-21
2.035240433047174156e+04 2.963597675777299848e-20 4.975141323124600310e-21
2.036300649389540922e+04 2.860534414719081758e-20 5.366768355975649107e-21
2.037360859829503170e+04 3.057909475596612239e-20 4.913747725491401056e-21
2.038421064362307152e+04 7.821381181746655706e-21 4.787127505032397121e-21
2.039481262984648129e+04 3.063053889039600300e-20 5.221114618688375775e-21
2.040541455693159514e+04 3.300580709560337097e-20 5.494525914250136144e-21
2.041601642483127216e+04 3.297364692596698818e-20 5.326045716904720455e-21
2.042661823354493754e+04 2.324258434189893708e-20 5.543432961981172747e-21
2.043721998300594350e+04 2.321389794317820024e-20 4.682048732588529052e-21
2.044782167320068038e+04 1.831955559221218331e-20 5.056857833282284293e-21
2.045842330408855196e+04 3.036884299931655674e-20 4.808194884125033430e-21
2.046902487564235344e+04 3.341217319633501618e-20 5.021294773806099404e-21
2.047962638780194902e+04 3.044111222202385816e-20 5.753697844330550858e-21
2.049022784057382523e+04 2.205496980336017082e-20 5.678859318939325515e-21
2.050082923389037387e+04 1.714511048544799768e-20 5.167143455342601390e-21
2.051143056773803255e+04 2.771775089157417977e-20 5.215946150171466314e-21
2.052203184207660524e+04 1.989840285511659853e-20 5.172148826328447355e-21
2.053263305687898537e+04 2.122503632799181910e-20 5.299717630221741237e-21
2.054323421209079606e+04 2.682566297409747778e-20 5.403693510250209703e-21
2.055383530770545258e+04 3.789566213519494620e-20 5.087643460761141953e-21
2.056443634366906917e+04 3.186767696707268531e-20 4.578845025878703269e-21
2.057503731994775080e+04 1.333103554778983014e-20 4.698803070117033524e-21
2.058563823652065184e+04 5.775658208527117423e-21 4.673734954201778792e-21
2.059623909335450298e+04 1.817409250741740984e-20 5.219184223510520826e-21
2.060683989040187953e+04 2.000281030152929084e-20 4.679034485618475529e-21
2.061744062763552574e+04 2.403324564759998153e-20 4.748987789365227072e-21
2.062804130502126645e+04 1.543267744353402857e-20 4.556713732365555589e-21
2.063864192252567227e+04 2.288712664586909111e-20 4.832552423269090790e-21
2.064924248012155658e+04 2.892562821701719522e-20 4.936445303619513164e-21
2.065984297776111998e+04 5.537657070200557329e-21 4.719904248697417960e-21
2.067044341541729955e+04 2.763317314589139975e-20 4.968740897433494396e-21
2.068104379305641487e+04 2.272594523268009929e-20 5.207291836429888751e-21
2.069164411065798049e+04 2.429035795758722978e-20 5.063291623098521963e-21
2.070224436815369700e+04 9.516716754900648900e-21 5.136969926952874451e-21
2.071284456554389180e+04 3.081560319412576916e-20 4.780875799571711321e-21
2.072344470277428627e+04 2.536886112160590345e-20 4.520973565711422657e-21
2.073404477981751552e+04 3.030601991737975389e-20 4.947908825416706504e-21
2.074464479664600367e+04 2.551924318782780448e-20 5.247881173652710924e-21
2.075524475321266436e+04 1.842836491761446528e-20 4.889625203262913948e-21
2.076584464949697576e+04 1.552150411178224474e-20 4.585676915244720979e-21
2.077644448545768682e+04 2.900567245053913816e-20 4.701986286272725041e-21
2.078704426105413586e+04 2.549757119654775225e-20 4.761498843269454296e-21
2.079764397625924175e+04 2.154281195197117177e-20 4.548672471629889782e-21
2.080824363104565782e+04 3.220735516932444362e-20 4.876037404341043723e-21
2.081884322537191838e+04 3.248876504846765029e-20 4.673882956455888577e-21
2.082944275919771462e+04 3.526116825944767236e-20 4.061718441231189781e-21
2.084004223250247378e+04 2.901873032233338266e-20 4.436194464483982336e-21
2.085064164525179876e+04 2.612452934957099383e-20 4.470818229089490255e-21
2.086124099739102530e+04 1.370614278964488027e-20 4.599826648270825842e-21
2.087184028889997717e+04 2.179382832719704659e-20 4.471996964091523365e-21
2.088243951975802338e+04 2.354663348735537700e-20 4.547826930667941924e-21
2.089303868991001946e+04 2.112648933147754775e-20 4.763788718499384765e-21
2.090363779932906618e+04 1.721181130832461899e-20 4.694508329546365668e-21
2.091423684797414535e+04 1.778987534402158334e-20 4.687460074619242566e-21
2.092483583583125073e+04 2.668508765795702875e-20 4.854237035218454980e-21
2.093543476283868586e+04 2.246402776948354901e-20 4.921827696791434427e-21
2.094603362898996056e+04 1.700757114777916745e-20 4.261494204104197758e-21
2.095663243423015956e+04 3.493489384077976428e-20 4.816362323814768709e-21
2.096723117853138683e+04 1.563133519538527993e-20 4.287220592094376937e-21
2.097782986185979462e+04 2.516208496162911173e-20 4.841098520151519175e-21
2.098842848418113135e+04 2.832187240089428962e-20 5.070535691974083837e-21
2.099902704546078894e+04 1.901088763610123675e-20 5.019666078984888080e-21
2.100962554566431572e+04 2.560859380189371368e-20 4.681013382798565189e-21
2.102022398476463786e+04 1.467256822726027246e-20 4.596654392138550321e-21
2.103082236269986970e+04 3.680997752827976540e-20 4.998264166425768906e-21
2.104142067947624673e+04 2.644458349392579161e-20 5.220136211786367943e-21
2.105201893503937026e+04 4.258857377168965242e-20 4.633774086530866488e-21
2.106261712934797470e+04 3.013574594734874107e-20 4.642064446222740692e-21
2.107321526238101796e+04 1.345842582427254998e-20 4.728718597345838111e-21
2.108381333408351202e+04 7.406668405950491889e-22 4.203543664044296521e-21
2.109441134445569332e+04 2.700084178565335039e-20 4.243386917074014269e-21
2.110500929342174277e+04 1.721339218340646463e-20 4.016838128362076059e-21
2.111560718098107100e+04 3.127648779303260784e-20 4.923469714194815368e-21
2.112620500708605687e+04 3.273214591966072691e-20 4.771261202084513988e-21
2.113680277169524197e+04 2.826178964506941844e-20 4.674062081518070556e-21
2.114740047478747874e+04 5.292576463712464712e-21 4.572417052550029446e-21
2.115799811631471312e+04 1.493453691913832203e-20 4.872775550627245949e-21
2.116859569625640142e+04 2.104422778362843884e-20 4.776426514902968179e-21
2.117919321456392208e+04 1.672636992917937659e-20 4.505744783653479552e-21
2.118979067121633489e+04 1.945465594969111356e-20 4.907415689025277812e-21
2.120038806616569127e+04 2.317283445188436196e-20 4.685338862013719593e-21
2.121098539939805778e+04 2.512627902228047549e-20 4.673284209376375680e-21
2.122158267085063198e+04 2.469856243991337115e-20 4.758940914852533434e-21
2.123217988050320855e+04 2.324701550584504845e-20 4.647121122101068047e-21
2.124277702832802970e+04 1.583801634378869185e-20 4.387367154832039841e-21
2.125337411429006897e+04 2.179927596579969885e-20 4.329674992240320950e-21
2.126397113833410913e+04 2.059204597882970728e-20 4.239659318543540083e-21
2.127456810044645317e+04 2.602919245528313274e-20 4.573479415839770522e-21
2.128516500057831945e+04 3.586158434634115062e-20 5.022712411416463812e-21
2.129576183872250840e+04 1.935200462349852660e-20 4.476126355999702199e-21
2.130635861481013490e+04 3.665790820318639015e-20 5.076062360485202602e-21
2.131695532881330655e+04 2.998496044712668318e-20 4.505718453021068870e-21
2.132755198070359984e+04 2.351321271062996090e-20 4.441986586015184868e-21
2.133814857046084580e+04 3.394950206235247472e-20 4.658524269784385903e-21
2.134874509802935427e+04 2.359084687073692112e-20 4.431925127510950159e-21
2.135934156338082539e+04 2.294465967227359850e-20 4.528212320834296959e-21
2.136993796647386262e+04 2.069175005063145164e-20 4.257033347559184498e-21
2.138053430729464162e+04 2.264522257134786975e-20 4.469580510546045422e-21
2.139113058579408607e+04 2.844427023804463342e-20 4.766541831094799999e-21
2.140172680192344706e+04 2.892481558073455196e-20 4.257387667520495491e-21
2.141232295566215180e+04 2.614962539484254239e-20 4.632247965830610605e-21
2.142291904698901271e+04 1.225454056903604305e-20 4.776591306854587926e-21
2.143351507585490617e+04 1.433917173984991228e-20 4.434339746024521811e-21
2.144411104221852293e+04 2.106703854051988354e-20 4.142628186200980052e-21
2.145470694605879180e+04 1.750815090543483058e-20 4.159268422843684687e-21
2.146530278731927319e+04 2.495857551185080022e-20 4.403258612392832896e-21
2.147589856599359337e+04 3.900420158242655660e-20 5.544054793283581416e-21
2.148649428203277421e+04 1.856352599570012411e-19 6.669125593555666470e-21
2.149708993539437506e+04 3.670979505861508128e-19 8.114323679238023080e-21
2.150768552605080913e+04 2.611176201394068737e-19 7.309217001178759824e-21
2.151828105396718092e+04 1.253631657840727055e-19 5.662447066951385129e-21
2.152887651912202273e+04 4.533244682590308740e-20 4.685885832814712747e-21
2.153947192145253939e+04 3.206734650757573814e-20 4.550626737179604649e-21
2.155006726093792531e+04 1.902497441159500376e-20 4.591822271517610351e-21
2.156066253754977879e+04 2.789928685804890146e-20 4.443510794183989366e-21
2.157125775124598294e+04 3.283110704550560038e-20 4.728369695134823408e-21
2.158185290199185692e+04 2.450935259169386973e-20 4.704422982631421127e-21
2.159244798974504374e+04 4.325006637483689199e-20 4.847220757824076289e-21
2.160304301448413753e+04 7.940629204598719346e-20 5.182811860326950686e-21
2.161363797615356088e+04 7.759309012921956698e-20 5.389405369633811527e-21
2.162423287475302277e+04 5.685368117221859988e-20 5.183331811731501778e-21
2.163482771021886947e+04 3.878553847987271078e-20 4.708071252679618099e-21
2.164542248252356512e+04 2.545122107083157889e-20 4.112537003355346445e-21
2.165601719163183225e+04 3.417322807552341602e-20 4.505258700701229915e-21
2.166661183749377597e+04 2.600061417133213872e-20 4.682130474907333314e-21
2.167720642011004020e+04 5.198836655644597516e-20 5.535901619025927112e-21
2.168780093941720042e+04 4.502297604204456096e-20 4.911239935953043043e-21
2.169839539538645113e+04 2.404273116319994049e-20 4.542219897653623752e-21
2.170898978799482211e+04 2.743555401921285458e-20 4.365811889728253842e-21
2.171934948028031795e+04 1.612013831961928214e-20 4.486543174107344954e-21
2.172994372241845485e+04 3.473683700768836821e-20 4.219357678718540068e-21
2.174053790093048519e+04 3.804253685148612972e-20 4.258866736721468839e-21
2.175113201593462509e+04 2.330447630260784166e-20 4.530078971292022863e-21
2.176172606738139802e+04 2.476571964522063918e-20 4.092795236531833694e-21
2.177232005523559565e+04 3.122486292202183529e-20 4.709513521593301293e-21
2.178291397946911457e+04 3.197001078793990874e-20 4.593618321525807967e-21
2.179350784005987589e+04 2.724516775599658911e-20 4.780589815899655478e-21
2.180410163695899246e+04 2.401498597996822081e-20 4.684429086495269199e-21
2.181469537013118315e+04 1.613628956527353473e-20 4.478791000652085914e-21
2.182528903954043562e+04 1.588725075190435536e-20 4.357126734991864255e-21
2.183588264513773902e+04 1.639248710603166064e-20 4.710620145511730271e-21
2.184647618690168747e+04 2.205706953460801885e-20 4.780634972270081272e-21
2.185706966480357733e+04 3.129831820470046393e-20 4.915218596014657294e-21
2.186766307881470129e+04 1.331327663749581038e-20 4.287538326328316695e-21
2.187825642887934009e+04 1.559146411202303961e-20 4.300884882797719881e-21
2.188884971496818980e+04 -4.574686051163614941e-21 4.761761105973400842e-21
2.189944293703893345e+04 1.812651700551950313e-20 4.120110365761542643e-21
2.191003609506318026e+04 2.167460112843373987e-20 4.125583847059782813e-21
2.192062918899835131e+04 1.687070902203628107e-20 4.622624906900479730e-21
2.193122221882942904e+04 2.636309150283422598e-20 4.392504229611052322e-21
2.194181518450758813e+04 1.906230328673143510e-20 4.141116403695554880e-21
2.195240808599671800e+04 1.367107703933280056e-20 4.763422318977104611e-21
2.196300092326800223e+04 1.658941998101847150e-20 4.541995538953756091e-21
2.197359369627245906e+04 1.544135532390986928e-20 4.505076302338462336e-21
2.198418640498061723e+04 3.134261265585835170e-20 4.688840428340441116e-21
2.199477904934329490e+04 2.663790786815614976e-20 4.917663890541633194e-21
2.200537162934582011e+04 2.037952607125523752e-20 4.020599601347275683e-21
2.201596414509935130e+04 9.306779050899277364e-21 3.805236435745807115e-21
2.202632127012359706e+04 1.199993545811333306e-20 4.087123569629452347e-21
2.203691363302860918e+04 1.823086104134726698e-20 4.756520639763269845e-21
2.204750593143652077e+04 2.712642537117937706e-20 4.230100813768768636e-21
2.205809816529740056e+04 3.110438491258776307e-20 5.003422592217354848e-21
2.206869033454730379e+04 3.171991358309759970e-20 4.717859299773622620e-21
2.207928243918558292e+04 2.301475854862106083e-20 4.622836886131083141e-21
2.208987447919085389e+04 9.675760829154235307e-21 4.282034025131919920e-21
2.210046645451334189e+04 2.843276944432127759e-20 4.358304791411937867e-21
2.211105836509526853e+04 2.812088118171986138e-20 4.626326851183646355e-21
2.212165021091531526e+04 1.911932676812377318e-20 4.511277980217703214e-21
2.213224199194495304e+04 3.185859810075568613e-20 4.892166141780643239e-21
2.214283370814060618e+04 4.893553608763115539e-20 4.760071912662536873e-21
2.215342535945959753e+04 5.164028117930319969e-20 4.725288461142898275e-21
2.216401694586612939e+04 3.587698959002616959e-20 4.801370714290024350e-21
2.217460846731650236e+04 2.140519425762908286e-20 4.660419419726925645e-21
2.218519992382538840e+04 1.778137952863839959e-20 4.195629086785323185e-21
2.219579131531392704e+04 6.509067379613267697e-21 3.727713155928727467e-21
2.220638264174541837e+04 2.094043727752828317e-20 4.264223861161669263e-21
2.221697390309178081e+04 2.558685108694385454e-20 4.263068035039000388e-21
2.222756509933117923e+04 2.377169510406343134e-20 4.083638922602162762e-21
2.223815623040548962e+04 1.607544985121093560e-20 3.819530690713870147e-21
2.224874729628656132e+04 2.093220134402648276e-20 3.841794462505592614e-21
2.225933829693804728e+04 2.634159222896963898e-20 4.221980766050433870e-21
2.226992923230915403e+04 2.472992906459397745e-20 4.117928676748356040e-21
2.228052010237154536e+04 1.964931929803889316e-20 3.875062288414775752e-21
2.229111090711027646e+04 2.097742749024618624e-20 3.827093210016506455e-21
2.230170164648912396e+04 1.853954349066007298e-20 3.922727180143563837e-21
2.231229232045080789e+04 2.631834500936454416e-20 4.177550153512060641e-21
2.232288292895871564e+04 2.357881521765797723e-20 4.364733729449952801e-21
2.233347347199115757e+04 2.180809126014961114e-20 4.283794989612755121e-21
2.234406394950506001e+04 2.608419139383631485e-20 4.059686305411141134e-21
2.235465436146361753e+04 1.253592559565562943e-20 4.164404700815777394e-21
2.236524470783822471e+04 2.179115274202448491e-20 3.955182320891713251e-21
2.237583498857833183e+04 2.630213655740627064e-20 4.443510192731854341e-21
2.238642520366141252e+04 1.329546953237052228e-20 3.738930325959838996e-21
2.239701535302304910e+04 1.169601031886209247e-20 3.814010689448763431e-21
2.240760543666283775e+04 1.478287146059772653e-20 4.198571852483654852e-21
2.241819545453673345e+04 1.584198356020464318e-20 4.240716417268043901e-21
2.242878540658023849e+04 2.739384800461919092e-20 4.166058078990632368e-21
2.243937529277831709e+04 1.333208815322319809e-20 3.664383380574383193e-21
2.244996519332060780e+04 1.411505995475167930e-20 3.779560077999875636e-21
2.246055510577083987e+04 2.585638144804356139e-20 4.124384199169986919e-21
2.247114495224552593e+04 1.838515050334416974e-20 3.765333213065419371e-21
2.248173473274069329e+04 2.057833628279071960e-20 4.414425756031485144e-21
2.249232444721298452e+04 3.376691631590200702e-20 4.199104920871373083e-21
2.250291409561085311e+04 3.035622520710696060e-20 4.354631820805098499e-21
2.251350367791279132e+04 2.741062369527950122e-20 4.443093819990173421e-21
2.252409319407517251e+04 1.328959571113235497e-20 3.831784779417479320e-21
2.253468264405352602e+04 2.964486676296345799e-20 3.408838912665162630e-21
2.254527202781935193e+04 1.754035829103510445e-20 3.672098810958268567e-21
2.255586134534306984e+04 2.202019255890250892e-20 3.575417966550159580e-21
2.256645059657334787e+04 1.143857947921526691e-20 3.965387135973952832e-21
2.257703978148867463e+04 1.816527994046966746e-20 3.852545005755459788e-21
2.258762890003745633e+04 2.041212004180371102e-20 4.030497310371894993e-21
2.259821795219050182e+04 1.242999185684588451e-20 3.975779643949295885e-21
2.260880693791148224e+04 1.290288715883407125e-20 3.975058612259516397e-21
2.261939585717034061e+04 2.426055129259700267e-20 4.302642426482852300e-21
2.262998470992379225e+04 2.741468621104751984e-20 4.355096907126885565e-21
2.264057349612778853e+04 1.768813852842691543e-20 4.070886375401591408e-21
2.265116221575966483e+04 1.965981933564928246e-20 3.740946791121557355e-21
2.266175086877614012e+04 2.576793213905262434e-20 3.973005029925496182e-21
2.267233945514005973e+04 3.109378626928521891e-20 3.720295685164502471e-21
2.268292797481464004e+04 1.751246476310492726e-20 4.230230014453622996e-21
2.269351642775629443e+04 1.847874156062380738e-20 4.256529688109256444e-21
2.270410481394214730e+04 1.655838163942952422e-20 3.940350223039070558e-21
2.271469313332130332e+04 1.755034536975935369e-20 3.821871584074621698e-21
2.272528138587160356e+04 2.054903768096200694e-20 3.646609852043107206e-21
2.273586957154826450e+04 2.312556908794786086e-20 3.883918379161173787e-21
2.274645769031522650e+04 1.764980603028186680e-20 4.162733682558243334e-21
2.275704574213518208e+04 1.511717288714575038e-20 3.834659195885267320e-21
2.276763372697121304e+04 2.963639776135337338e-20 3.859564380739301729e-21
2.277822164478684135e+04 1.411881359043485020e-20 3.884721500216397739e-21
2.278880949553722166e+04 2.036505959189908385e-20 3.657715567609040609e-21
2.279939727919318466e+04 2.215173557643389472e-20 3.750006172782014444e-21
2.280998499573976005e+04 2.196828650876043821e-20 3.325421007681478878e-21
2.282057264508817025e+04 2.455539980583826398e-20 3.765668409444152651e-21
2.283116022725338189e+04 2.118488644945411518e-20 3.943191619663954872e-21
2.284174774217602680e+04 1.812386487344514797e-20 3.978115231248636326e-21
2.285233518981171801e+04 1.664855163358726248e-20 3.816761364055356374e-21
2.286292257013116250e+04 2.059392673096494934e-20 4.304813221560070116e-21
2.287350988309660897e+04 1.472025464319528305e-20 3.932302566028747611e-21
2.288409712867156850e+04 1.822684033322402280e-20 4.046705793154802905e-21
2.289468430681883183e+04 1.567348422680114065e-20 3.851508611616220704e-21
2.290527141750088049e+04 1.731151030013288336e-20 4.115764966189111710e-21
2.291585846068120736e+04 1.450997239755584319e-20 4.110139143192081616e-21
2.292644543632214481e+04 1.393731349065683304e-20 4.286402236143403561e-21
2.293703234438674190e+04 2.316598462488861360e-20 4.013201700343162186e-21
2.294761918483808040e+04 2.172011141668579722e-20 4.016523916864890153e-21
2.295820595763817255e+04 2.270010612228746084e-20 4.109250733825806816e-21
2.296879266275063856e+04 3.038452483413509822e-20 3.437386971255209987e-21
2.297937930014519225e+04 1.977343528986103906e-20 3.539142701184637416e-21
2.298996586976977414e+04 1.797051560114990285e-20 3.411906056809864119e-21
2.300055237160232355e+04 2.089214332078610268e-20 3.323216701698287254e-21
2.301113880559006066e+04 2.292102114308347432e-20 3.856496437089576745e-21
2.302172517170365245e+04 1.540521237094296098e-20 3.788610434609397866e-21
2.303231146991304195e+04 2.153874718503614683e-20 4.128210124023815303e-21
2.304289770017310730e+04 1.572733120819847320e-20 3.965517856588805211e-21
2.305348386244711219e+04 1.904482042893312230e-20 4.028278885958888461e-21
2.306406995668971285e+04 3.036428583332268899e-20 3.890102338688045708e-21
2.307465598287858302e+04 2.236448427254023739e-20 3.539803694033382056e-21
2.308524194097643704e+04 2.496839709119695813e-20 3.735920788633487570e-21
2.309582783091572855e+04 2.951984116998398315e-20 3.869244196788613238e-21
2.310641365270400638e+04 2.587644945173543090e-20 3.833940667222513708e-21
2.311699940628112745e+04 3.286436409497974722e-20 3.824799062031937196e-21
2.312758509159500318e+04 2.379627436901522867e-20 3.731598730874056655e-21
2.313817070863797198e+04 1.877494411137812694e-20 3.918729845712758060e-21
2.314875625734217465e+04 2.027617149416559132e-20 4.121180980170652089e-21
2.315934173769307017e+04 1.618171798663367506e-20 3.545966975966574670e-21
2.316992714964518746e+04 9.368902185668560165e-21 3.717879850458606307e-21
2.318051249315365931e+04 1.814817203697816469e-20 3.541835544922502976e-21
2.319109776819602121e+04 2.181813020143128966e-20 4.047244929033307197e-21
2.320168297471902406e+04 2.481875640924507022e-20 4.288760516162283202e-21
2.321226811270070903e+04 2.848466263841771115e-20 3.852561815869296433e-21
2.322285318210297555e+04 2.939607008794713655e-20 3.688154989624999289e-21
2.323320007894590526e+04 1.951001587991259156e-20 3.710135062799592254e-21
2.324378499891697720e+04 2.770433856958217985e-20 3.983652551636558693e-21
2.325436983854394202e+04 2.259753965184002646e-20 3.727969693938475478e-21
2.326495460930529589e+04 2.741735418309221174e-20 3.760802898018223059e-21
2.327553931129006742e+04 1.333069488264759124e-20 3.640364320737239108e-21
2.328612394445307291e+04 3.277009660368481708e-20 3.948206589772629622e-21
2.329670850875705219e+04 2.191513496689042778e-20 3.896081107114264545e-21
2.330729300417792183e+04 2.247791980764694920e-20 3.920237011451530363e-21
2.331787743067863630e+04 1.736089187205372123e-20 4.235372915164699470e-21
2.332846178820649948e+04 1.506419943921125943e-20 4.182130936266099365e-21
2.333904607673090140e+04 2.585594001324679163e-20 3.799813067571252447e-21
2.334963029622866088e+04 3.190919654889968905e-20 4.014266684320127761e-21
2.336021444663240982e+04 1.806432864711886971e-20 3.729733595134104815e-21
2.337079852792644670e+04 2.044174740384298030e-20 3.671678029466534546e-21
2.338138254006522766e+04 1.566404741714112074e-20 3.739607478637506225e-21
2.339196648300361267e+04 1.647637114992224848e-20 3.626882191338876818e-21
2.340255035671121004e+04 2.109014350388901612e-20 3.303685936123524444e-21
2.341313416115650762e+04 2.817308592766725897e-20 4.207461223661994796e-21
2.342371789628796978e+04 2.642501824096393918e-20 4.370987865527587872e-21
2.343430156208131302e+04 2.556926903594773813e-20 3.525169671399785234e-21
2.344488515849161558e+04 1.476985613313106717e-20 3.561787184684139686e-21
2.345546868548083876e+04 2.286717156099345777e-20 3.843165664608355821e-21
2.346605214301037267e+04 1.939409389337510896e-20 3.853682251241583000e-21
2.347663553104282255e+04 9.816192428532943102e-21 4.040710930480402538e-21
2.348721884968717131e+04 1.831506023956688522e-20 4.034325798996333691e-21
2.349756340817860473e+04 7.357850026387864878e-21 3.869734911533880720e-21
2.350814656355298212e+04 1.836236494442999170e-20 3.674450165035675269e-21
2.351872964926733766e+04 1.207810076216408081e-20 3.870971541028593815e-21
2.352931266529996719e+04 1.598460211253054152e-20 4.097672826159793269e-21
2.353989561158189099e+04 2.404040665738300766e-20 4.319180929414509759e-21
2.355047848812049779e+04 2.713553995966308847e-20 3.973753909964974429e-21
2.356106129485473139e+04 1.531704961041860741e-20 4.315783678160849213e-21
2.357164403173872415e+04 1.181432917302542030e-20 4.163711996131181667e-21
2.358222669873459381e+04 2.191315750223999973e-20 3.759227802874501923e-21
2.359280929582574390e+04 6.501109235122191487e-21 3.621507886012830309e-21
2.360339182295964565e+04 1.398400544410319628e-20 3.953806295292939328e-21
2.361397428008233328e+04 9.960483442757881761e-21 3.869278561946603329e-21
2.362455666718574503e+04 3.551485592238640886e-20 3.771057927743673330e-21
2.363513898420898840e+04 2.461824081297091251e-20 3.796975235694650614e-21
2.364572123112072586e+04 1.165888962588046791e-20 3.224180582063657171e-21
2.365630340788320609e+04 1.859694990607271616e-20 3.746052978881647430e-21
2.366688551445712437e+04 1.774673216634568115e-20 3.686672020612793829e-21
2.367746755082729214e+04 1.375850508549200619e-20 3.791746146668061459e-21
2.368804951690215603e+04 2.044373115174698297e-20 4.069726816666831354e-21
2.369863141269591142e+04 1.435325219964733629e-20 3.815531843596640840e-21
2.370921323812511037e+04 2.575718901850429467e-20 3.805849993946259708e-21
2.371979499318072340e+04 1.197778388849348851e-20 3.814786870941626710e-21
2.373037667782492645e+04 1.168414078730598541e-20 4.100632293688803646e-21
2.374095829201082597e+04 1.825744234681528183e-20 3.648936017491624678e-21
2.375153983570036144e+04 1.645871233276059570e-20 3.914071819392785886e-21
2.376212130885467559e+04 2.428193295409439326e-20 3.825983049994473051e-21
2.377270271143497666e+04 2.358551583439967065e-20 3.540031148507343438e-21
2.378328404338793916e+04 1.145847517934449082e-20 3.541229937909133047e-21
2.379386530470427533e+04 1.432329894901966107e-20 4.156951765832878487e-21
2.380444649533860138e+04 1.802299304189261127e-20 3.326892827473849971e-21
2.381502761522873334e+04 1.900269617151073481e-20 3.724128107638828910e-21
2.382560866436666038e+04 1.526742721822508263e-20 3.911654548719527424e-21
2.383618964269076241e+04 2.460383668503614540e-20 3.905567161510006673e-21
2.384677055016206214e+04 1.517598438328674907e-20 3.793026646273920208e-21
2.385735138676487986e+04 8.718854967173366178e-21 3.726368031834706117e-21
2.386793215242937367e+04 5.979319379105921035e-21 3.762699241393998507e-21
2.387851284714022040e+04 1.689663367050619185e-20 4.058872794591378823e-21
2.388909347085778427e+04 1.836463117054827114e-20 3.633203033264216851e-21
2.389967402352855424e+04 1.783360621107833906e-20 3.715639668612181499e-21
2.391025450511336021e+04 2.288901056954586958e-20 3.562253171212913660e-21
2.392083491559596223e+04 1.189151577321332486e-20 3.664342087088677163e-21
2.393141525492256187e+04 1.415596303273914715e-20 3.748292213112650359e-21
2.394199552303836026e+04 2.871360925710337024e-20 3.781011864861139019e-21
2.395257571993553211e+04 2.080479269910532390e-20 3.703969334522869176e-21
2.396315584555138412e+04 2.242142808782568953e-20 3.450777765249320346e-21
2.397373589986280786e+04 1.691871595793149338e-20 3.148977380797045032e-21
2.398431588281511358e+04 7.562724346128815447e-22 3.488266495867979562e-21
2.399489579437693101e+04 4.405263333248841095e-21 3.658602406059245614e-21
2.400547563451691894e+04 2.624557828643199545e-20 3.735132822123458933e-21
2.401605540318031490e+04 2.000208360934680065e-20 3.428914982864931462e-21
2.402663510034385035e+04 1.056262412157508364e-20 3.459179553378049385e-21
2.403721472595985324e+04 2.438693547735929174e-20 3.607770024871408190e-21
2.404779427997480889e+04 2.293293228857434156e-20 3.643549636178005758e-21
2.405837376237924400e+04 1.242833746548963096e-19 5.248383280031909542e-21
2.406895317311917461e+04 4.676024202651402615e-19 7.952769758963196365e-21
2.407953251215516502e+04 6.596690001982271663e-19 9.212552948181598418e-21
2.409011177944021620e+04 4.364946804045520128e-19 8.063398471022974919e-21
2.410069097495064125e+04 1.990518988423688120e-19 5.790331148151594695e-21
2.411127009864656065e+04 4.927875740212433392e-20 3.868923781632142282e-21
2.412184915046651804e+04 2.463386660615724926e-20 3.606345092415079246e-21
2.413242813038542590e+04 1.813766997197202948e-20 3.426999344626822894e-21
2.414300703837249603e+04 2.074442218917157681e-20 3.767316654067696159e-21
2.415358587438767427e+04 1.980972943581600155e-20 3.427076583756145756e-21
2.416416463836899857e+04 8.183927878085382264e-21 3.579233892032507565e-21
2.417474333029982881e+04 1.673217832583369841e-20 3.850337315488191418e-21
2.418532195012530065e+04 2.138049391489446546e-20 3.486856458198984155e-21
2.419590049783687209e+04 1.587750018884633714e-20 3.018184998116339092e-21
2.420647897334860681e+04 1.942658760309645678e-20 3.562212737236466856e-21
2.421705737665228298e+04 1.827358146105218304e-20 3.465871518525028080e-21
2.422763570769983198e+04 1.054126331991619474e-20 3.719054185006649922e-21
2.423821396644491324e+04 1.900222455513196465e-20 3.722736454382083689e-21
2.424879215287783882e+04 1.952512508082599585e-20 3.144137221455295401e-21
2.425937026691358551e+04 1.292073508976685970e-20 3.582344664054582157e-21
2.426994830855053442e+04 9.426378233705574415e-21 3.255264241555095991e-21
2.428052627773377026e+04 1.025253376945295792e-20 3.442993044712590566e-21
2.429110417441611571e+04 1.709932786715247759e-20 3.700935641326776202e-21
2.430168199855750208e+04 2.348880229247707820e-20 3.706570673469095002e-21
2.431225975014178766e+04 3.168892895393671322e-20 4.016345490923554219e-21
2.432283742910551882e+04 1.559183370231620065e-20 3.622183884431197505e-21
2.433341503542512874e+04 1.863612937566666450e-20 3.681734115756111090e-21
2.434399256905989387e+04 2.617983023800934293e-20 3.256756533734873002e-21
2.435457002994015420e+04 2.732709743775745218e-20 3.622085840079533783e-21
2.436514741805613812e+04 2.521081805324229629e-20 3.452828344800758749e-21
2.437572473336082112e+04 2.609436065882249051e-20 3.711216000882679012e-21
2.438630197582177425e+04 2.059826395794618189e-20 3.589669229977748582e-21
2.439687914539918347e+04 2.118780586473997252e-20 3.592639219674002165e-21
2.440745624203014813e+04 1.092433880706564344e-20 3.378955779189038954e-21
2.441803326569754790e+04 3.349562030752189052e-21 3.585901087605560337e-21
2.442861021634649660e+04 9.681632293643727491e-21 3.544872729007094925e-21
2.443918709394410689e+04 2.004425593976703549e-20 3.489401921461371301e-21
2.444976389846658276e+04 3.163627223427889642e-20 3.791998545995428836e-21
2.446034062984987395e+04 1.617295936195849342e-20 3.427642766487761782e-21
2.447091728805489038e+04 2.708005625013233190e-20 3.418278989139763464e-21
2.448149387305607524e+04 9.902787961455099013e-21 3.410073031620235737e-21
2.449207038479872426e+04 1.921725513572562050e-20 3.241791050367629932e-21
2.450264682326637922e+04 1.458580508244562670e-20 3.432757707538475360e-21
2.451298214780893977e+04 2.560560284416022993e-20 3.251415709745383974e-21
2.452355841563135618e+04 3.093969152304451805e-20 3.728725054261626140e-21
2.453413460989377563e+04 7.504437969994014398e-20 5.130662726815365777e-21
2.454471073070312195e+04 3.658407847123774256e-19 6.901733496446255503e-21
2.455528677802625680e+04 1.122966754698366931e-18 1.176675968855160890e-20
2.456586275180835219e+04 1.311211610863067838e-18 1.257963106377645462e-20
2.457643865200865548e+04 6.899004990761414497e-19 9.101791726667363188e-21
2.458701447861005727e+04 2.806117046186362535e-19 6.488773970045293332e-21
2.459759023154906754e+04 6.114638438952176321e-20 4.098120440804946496e-21
2.460816591079375939e+04 2.595399659901686325e-20 4.550934227704509404e-21
2.461874151631764107e+04 2.096264966103739904e-20 3.649698386056748531e-21
2.462931704804389665e+04 2.857918652705029047e-20 3.611745409309079967e-21
2.463989250596120473e+04 2.034935538734829607e-20 3.554967390349749343e-21
2.465046789003005324e+04 1.853063157519767190e-20 3.606881490867003946e-21
2.466104320019435545e+04 2.119247847875070616e-20 3.553477860116451146e-21
2.467161843642165695e+04 2.669237621405095235e-20 3.891754957630085695e-21
2.468219359868617539e+04 1.213785309020814179e-20 3.205292497902991835e-21
2.469276868691747222e+04 2.373802639337718304e-20 3.405454240155617481e-21
2.470334370109008523e+04 9.772049716937008287e-21 3.358529442271233861e-21
2.471391864117825389e+04 2.345735392356848651e-20 3.640979592529288645e-21
2.472449350725166732e+04 2.628187405090070187e-20 3.519434016894308923e-21
2.473482675243099948e+04 3.017622883103288763e-20 3.778162997171295578e-21
2.474540144584472000e+04 1.875725424730394533e-20 3.648136599325912239e-21
2.475597606501057453e+04 4.042084440725442713e-20 3.866307237506514509e-21
2.476655060987307297e+04 9.556134728296438993e-20 4.726002073777623046e-21
2.477712508038292071e+04 4.512662135378812467e-19 7.371938087068740063e-21
2.478769947651965413e+04 2.065133916173228038e-18 1.542456618340749374e-20
2.479827385166812019e+04 4.201880186257487357e-18 2.233688604347818569e-20
2.480884826370056180e+04 3.031213867695048702e-18 1.841822172642270103e-20
2.481942260122163134e+04 1.504123243423895031e-18 1.331482598011746942e-20
2.482999686418378042e+04 3.994087666826256810e-19 7.291329976876875337e-21
2.484057105256867362e+04 8.585036122253718316e-20 4.596370111103885637e-21
2.485114516632067898e+04 4.492129525864303085e-20 3.878112447598190243e-21
2.486171920538262202e+04 3.103467987766539566e-20 3.522866113619783090e-21
2.487229316973763707e+04 1.888477940744784937e-20 3.638551993771100033e-21
2.488286705933654594e+04 1.279764644688581523e-20 3.379195663783304298e-21
2.489344087413095986e+04 2.213034621065590782e-20 3.339258269109716713e-21
2.490401461411099081e+04 1.987498407810582828e-20 3.429394789407950737e-21
2.491458827920451586e+04 7.049527080260791752e-21 3.730197009272210791e-21
2.492516186937045131e+04 1.169695621525791999e-20 3.520133301633054679e-21
2.493573538456778624e+04 1.704799461634390752e-20 3.662931253144956609e-21
2.494630882477123669e+04 1.862077629959109394e-20 3.623641511650761809e-21
2.495688218993960982e+04 2.217902507061931326e-20 3.658538056356232106e-21
2.496745548002415308e+04 2.537812935770692028e-20 3.378385346083712837e-21
2.497802869497569918e+04 1.458962525093336720e-20 3.504378571424461787e-21
2.498860183476124439e+04 1.975612078117599623e-20 3.344875449949932529e-21
2.499917489933929028e+04 1.532004431171886810e-20 3.453233399361561966e-21
2.500974788868477117e+04 1.334484378749741747e-20 3.484247270264093416e-21
2.502032080272464373e+04 1.419588054760546029e-20 3.358413827999345348e-21
2.503089364144173305e+04 1.441133878203253419e-20 3.159830778364997997e-21
2.504146640478639529e+04 2.535628901141584689e-20 3.482430632909157108e-21
2.505203909271009979e+04 1.688120198665338869e-20 3.452608862365088467e-21
2.506261170517877326e+04 1.894227197322082737e-20 3.335863453271275577e-21
2.507318424215178675e+04 1.828760014113483396e-20 3.562625553551303028e-21
2.508375670359498690e+04 1.833914791748543312e-20 3.277258579393221568e-21
2.509432908946771204e+04 1.046475188676374826e-20 3.588162568120923639e-21
2.510490139970424934e+04 9.685208586261727092e-21 3.471456010633649854e-21
2.511547363428755125e+04 1.260155255669246672e-20 3.099471648793801928e-21
2.512604579316757736e+04 2.253341706671957904e-20 3.139458786765686097e-21
2.513661787630362596e+04 2.244794181529993894e-20 3.414974246330798584e-21
2.514718988365345285e+04 1.204836565665007270e-20 3.065127467556480631e-21
2.515776181517635996e+04 1.364791886439328556e-20 3.420320489481381377e-21
2.516833367083001576e+04 1.911331864758258331e-20 3.195492864485452271e-21
2.517890545057368217e+04 1.845746843836477883e-20 3.728798419883253312e-21
2.518947715437288934e+04 1.599633620980489340e-20 2.826869822998661720e-21
2.520004878216317957e+04 8.874659301852632924e-21 2.936615226032452842e-21
2.521062033392579178e+04 6.849243380496946390e-21 3.223068632736621885e-21
2.522119180961202437e+04 8.776003619504326990e-21 3.196010292244957414e-21
2.523176320917939302e+04 4.545398116280165217e-21 2.899878038515583399e-21
2.524233453259494490e+04 1.892782447771378012e-20 3.156778791696002625e-21
2.525290577980033777e+04 1.775990954923291177e-20 3.410745545689161988e-21
2.526347695077049502e+04 1.734856842700443220e-20 3.463191590824640245e-21
2.527404804544700892e+04 2.044566626399823005e-20 3.442584273854223150e-21
2.528461906380474829e+04 2.052866992092583269e-20 3.141683319651870855e-21
2.529519000578526175e+04 2.317632743729780437e-20 3.091410840244529729e-21
2.530576087135545822e+04 1.195773917715110771e-20 2.979576201890146276e-21
2.531633166048854764e+04 1.526895644881176139e-20 3.006029729335994425e-21
2.532690237310379598e+04 1.456438391147129570e-20 3.190287105655265718e-21
2.533747300919821646e+04 1.791018967923433168e-20 2.981127152931197841e-21
2.534804356871471464e+04 9.363159332724544083e-21 3.124246899162953243e-21
2.535861405160275535e+04 1.988801461186546981e-20 3.492416782554018983e-21
2.536918445784485448e+04 2.055065829366893684e-20 3.237315602618639248e-21
2.537975478735072465e+04 1.424059847851266194e-20 3.540097739662707068e-21
2.539032504015044105e+04 2.173552660931939833e-20 3.611215428570643887e-21
2.540089521612990939e+04 9.071056855367027904e-21 3.675761171204279904e-21
2.541146531531117216e+04 8.873464633378539971e-21 3.208180672221621820e-21
2.542203533758806589e+04 1.293203856589700826e-20 2.975773273265199567e-21
2.543260528297457859e+04 1.471351988162458819e-20 2.813494993126149229e-21
2.544317515138841918e+04 6.820696750059096413e-21 3.084946627995547840e-21
2.545374494281163425e+04 1.027164563417645014e-20 3.041014871814073294e-21
2.546431465720177584e+04 1.879610253578139901e-20 3.205500142026961340e-21
2.547488429450093099e+04 1.369538939922492339e-20 3.110953926913605128e-21
2.548545385466671723e+04 1.177550202289025484e-20 2.966073648037976520e-21
2.549602333768088283e+04 1.386669293182945685e-20 3.166624689495631649e-21
2.550659274347720202e+04 1.709293761444860176e-20 3.348929712176553212e-21
2.551716207201333600e+04 1.302083942869492939e-20 3.195636111069714186e-21
2.552773132326304039e+04 1.243947066451750140e-20 2.641210728512030982e-21
2.553830049718374357e+04 1.192936221658697930e-20 2.787051984361717915e-21
2.554886959372543060e+04 1.409887139906283124e-20 3.167617494342406435e-21
2.555943861284524246e+04 1.917260446926523424e-20 3.033715227876267580e-21
2.557000755449338976e+04 1.618966494733825630e-20 3.162804495321962090e-21
2.558057641863466779e+04 9.296589114763830745e-21 2.999772933168527352e-21
2.559114520523544343e+04 9.385599795205880947e-21 3.054560538102529543e-21
2.560171391422828674e+04 1.609506792148072815e-20 3.045723246424343086e-21
2.561228254560664209e+04 1.456846451617154885e-20 2.867889068474442451e-21
2.562260747208550310e+04 1.360747889330289784e-20 3.134291501627143243e-21
2.563317592395640168e+04 5.991963568641823320e-21 3.301595586648708236e-21
2.564374429792609953e+04 9.837432550044843919e-21 3.212721143080927723e-21
2.565431259407515972e+04 6.658266198928649689e-21 2.750072484173409585e-21
2.566488081239838357e+04 1.245315450122929239e-20 3.139708557331080299e-21
2.567544895281560821e+04 1.093185174287676212e-20 3.110910144817042277e-21
2.568601701530625360e+04 1.965624540761799783e-20 3.444835602783127402e-21
2.569658499982078501e+04 1.732514215774238258e-20 3.038943050650341112e-21
2.570715290631564130e+04 2.165058830179954010e-20 3.046833575508684998e-21
2.571772073474097124e+04 1.332367068310270985e-20 2.826645572583280585e-21
2.572828848506900613e+04 1.179026149420216101e-20 3.094847441861708321e-21
2.573885615724961463e+04 2.552970651069620613e-20 3.366040961617671557e-21
2.574942375123970123e+04 2.795023669397525108e-20 3.311832397739017814e-21
2.575999126699641420e+04 1.954190442690351329e-20 3.404733330658854929e-21
2.577055870447702182e+04 2.039835985948102723e-20 3.711937212390135947e-21
2.578112606363837403e+04 2.146357821039367499e-20 3.266836505489065232e-21
2.579169334444563719e+04 1.434559875694071868e-20 2.899887628838191653e-21
2.580226054683193797e+04 1.398464259495354373e-20 3.112554234558561021e-21
2.581282767091269488e+04 1.647734850520464069e-20 3.007744111755225186e-21
2.582339472765153914e+04 2.337184098235920094e-20 3.122053991015775489e-21
2.583371757084417186e+04 1.536346785711943587e-20 3.021767236743288296e-21
2.584428443490189966e+04 2.420031041340182444e-20 3.220425283031697341e-21
2.585485122035440145e+04 2.404131659708184900e-20 3.559233149482497474e-21
2.586541792713350878e+04 1.388156002864747307e-20 2.987885889033059704e-21
2.587598455520495554e+04 1.063815331273364026e-20 3.187402174617975481e-21
2.588655110452484587e+04 1.078709928003202983e-20 2.986676775767039116e-21
2.589711757505867718e+04 1.444916564846463720e-20 2.954498823197922097e-21
2.590768396675475014e+04 7.598261759424601751e-21 3.155459460261897571e-21
2.591825027956198755e+04 6.148890914710895718e-21 2.864389736358013231e-21
2.592881651344518104e+04 2.180826514353296218e-20 2.777260349037953244e-21
2.593938266836889670e+04 1.385296213712901084e-20 2.980502618306863666e-21
2.594994874428224284e+04 1.547784555198577604e-20 3.206906705320613582e-21
2.596051474113303266e+04 1.970133793775708067e-20 3.246698386794561080e-21
2.597108065889502177e+04 2.082231013204219361e-20 3.057299104326169721e-21
2.598164649751573961e+04 1.713094951829591417e-20 3.234423531307293246e-21
2.599221225695278554e+04 1.273900634586652361e-20 3.238121734215062445e-21
2.600277793715367807e+04 1.981651781802242633e-20 3.372492909877341083e-21
2.601334353808391825e+04 1.357406297132230541e-20 3.042622603606226126e-21
2.602390905969927553e+04 8.155963494286130194e-21 2.741691374762840758e-21
2.603447450198110892e+04 1.520778584710982972e-20 3.006906508491281703e-21
2.604503986484501365e+04 6.177567203532771250e-21 3.273489976451249251e-21
2.605560514824759230e+04 1.076441688832196603e-21 3.095400502069406470e-21
2.606617035218587262e+04 1.502535784447088938e-20 3.244270094482645099e-21
2.607673547658339157e+04 1.524848508369674385e-20 3.269784148026897388e-21
2.608730052141343549e+04 2.643912918388459298e-20 3.259295650364475742e-21
2.609786548660713015e+04 1.891337149148689914e-20 3.448271752948455443e-21
2.610843037213799107e+04 1.180485690352553434e-20 3.261364064099546804e-21
2.611899517798564557e+04 1.827073345737512194e-20 3.126126799538523829e-21
2.612955990405862394e+04 2.254415623693338924e-20 2.989204688127001337e-21
2.614012455034482264e+04 1.078357114481968749e-20 2.947363903788378147e-21
2.615068911680916790e+04 1.661116329037185699e-20 3.096448990055826381e-21
2.616125360337501843e+04 2.599759391347276573e-20 2.916212377479655863e-21
2.617181801000671840e+04 1.161067959271151018e-20 2.806131781115834928e-21
2.618238233668502653e+04 9.661057158824930472e-21 2.833885739406803647e-21
2.619294658334917403e+04 1.311040551113357992e-20 3.016131538356702667e-21
2.620351074994800365e+04 1.058330483041972799e-20 2.990852014885667737e-21
2.621407483643658998e+04 1.026388990837258878e-20 2.800448673519130091e-21
2.622463884280449201e+04 1.963877186037780091e-20 2.895869612769322147e-21
2.623520276897426447e+04 1.134776570418100664e-20 2.887301889058919059e-21
2.624576661489453545e+04 1.341891990655049570e-20 2.854697836558650238e-21
2.625633038056136502e+04 1.680012717402363280e-20 2.932713628985804292e-21
2.626689406589842474e+04 7.072894827776842439e-21 3.082026078675336514e-21
2.627745767083725150e+04 1.176691797059577978e-20 3.062597593663067965e-21
2.628802119542281434e+04 1.688037011197916995e-20 2.838827231559109200e-21
2.629858463952216334e+04 1.554450766524312723e-20 2.981843060191514061e-21
2.630914800313907472e+04 1.873653065033184746e-20 2.896820321699871923e-21
2.631971128619772207e+04 1.097384976881829300e-20 2.946038879229942281e-21
2.633027448866927807e+04 1.409799283237659289e-20 3.204065051332345723e-21
2.634083761052656700e+04 2.080694446253206924e-20 3.165601550864452787e-21
2.635140065170031812e+04 1.552915979606407250e-20 3.090057076628128911e-21
2.636196361213826094e+04 1.510634437603783880e-20 3.250539384217716948e-21
2.637252649183705944e+04 7.751719182683988364e-21 3.058563270366689155e-21
2.638308929071907551e+04 1.313025489135712532e-20 3.261883185844584632e-21
2.639365200875717710e+04 1.459968316033829919e-20 3.007396726324891745e-21
2.640421464588146409e+04 1.330211642068628090e-20 2.859134468673664575e-21
2.641477720206482263e+04 1.620027990522846847e-20 2.867026353413370975e-21
2.642533967728647258e+04 1.491195848138984997e-20 2.964872880838155771e-21
2.643590207146164903e+04 1.221810352759777423e-20 3.043065706805026270e-21
2.644646438457827753e+04 1.511447194784871730e-20 3.053229623270706170e-21
2.645702661653439282e+04 1.886589855904944942e-20 3.277231656117846701e-21
2.646758876736782986e+04 1.718350357941370870e-20 3.293456515438075170e-21
2.647815083697581213e+04 1.758642967519929506e-20 3.378614552464904119e-21
2.648871282533114572e+04 1.884058532538185484e-20 3.238861745632634306e-21
2.649927473239639949e+04 1.076633283588522559e-20 3.070499463502061385e-21
2.650983655810311393e+04 1.456117273025463506e-20 2.976441815164767181e-21
2.652039830244709083e+04 1.947178243492773028e-20 2.832469664729327041e-21
2.653095996533449215e+04 1.452288873693725515e-20 2.993059544915673067e-21
2.654152154677013823e+04 1.196288452086103412e-20 3.213500231126783228e-21
2.655208304666741242e+04 1.070071556814434870e-20 3.037691312933555745e-21
2.656264446501540806e+04 7.281690848279241419e-21 2.981422749375100214e-21
2.657320580172726113e+04 5.502012743891710515e-21 3.003241575850639165e-21
2.658376705680820669e+04 1.521611395911382880e-20 2.672277000794599474e-21
2.659432823017173359e+04 1.231091356867819845e-20 2.756122488996497332e-21
2.660488932178950563e+04 1.058131025667061250e-20 2.941891916477573013e-21
2.661545033162639447e+04 1.057942106275786230e-20 3.031846930750323025e-21
2.662576527468757922e+04 1.269461451642090608e-20 3.044665150282166225e-21
2.663632609654091357e+04 1.507726511001586548e-20 3.397432430282355254e-21
2.664688683630603919e+04 1.658506853099804933e-20 3.315869228886846917e-21
2.665744749413074896e+04 3.047022552565758768e-21 2.968256427633052835e-21
2.666800806990647834e+04 1.320589661305548423e-20 3.113748337571976887e-21
2.667856856365097337e+04 6.550828262898365992e-21 3.076100829314722364e-21
2.668912897525673179e+04 1.479337523007916860e-20 3.141564972648824468e-21
2.669968930474062290e+04 8.878310455875107565e-21 2.963590644658241013e-21
2.671024955199560281e+04 1.899503197404266971e-20 3.282751325636045137e-21
2.672080971703858086e+04 4.859454350167249635e-21 2.948494238902371726e-21
2.673136979976978910e+04 1.524155026865572544e-20 3.153380910013695032e-21
2.674192980018321759e+04 2.077965537988668276e-20 2.780969521427229932e-21
2.675248971821737723e+04 1.244357900265396782e-20 3.022361208827620813e-21
2.676304955381177570e+04 1.210607895951407378e-20 2.976783842130577916e-21
2.677360930695186835e+04 8.006728205974904961e-21 3.134630932486204841e-21
2.678416897756189792e+04 3.116595884269759847e-21 3.129497961973793574e-21
2.679472856564303584e+04 7.589235681287057493e-21 3.379368149887110825e-21
2.680528807123383376e+04 1.285773684709079443e-20 3.273110988069572844e-21
2.681560106941637787e+04 1.680741127488353577e-20 3.095541673320752024e-21
2.682616038507776830e+04 8.698698012465968155e-21 3.135371834963571753e-21
2.683671961800405188e+04 8.733050514850625029e-21 3.021638023621688282e-21
2.684727876814874980e+04 5.594195732971088961e-21 2.832875181074172158e-21
2.685783783543392565e+04 6.490814784691715320e-21 2.960579211567160368e-21
2.686839681985505376e+04 3.576294660682904557e-21 3.128106202693480955e-21
2.687895572133314272e+04 1.610258304258608018e-20 3.069362801733965073e-21
2.688951453987297282e+04 1.578339884415756359e-20 2.880748965559025418e-21
2.690007327536170487e+04 1.061925144412378027e-20 3.118359000955439569e-21
2.691063192781258840e+04 1.210237833264573633e-20 3.225038861591860174e-21
2.692119049714607900e+04 2.008262745005604772e-20 3.053147706652364332e-21
2.693174898330825090e+04 1.647110274002729984e-20 3.167988453618192925e-21
2.694230738630353517e+04 8.082936108331378583e-21 3.070587565358706262e-21
2.695286570602722350e+04 2.536593111138600646e-21 3.136952795328498899e-21
2.696342394247601260e+04 1.003171494807051194e-20 3.244398804166556754e-21
2.697398209556998700e+04 5.651065870337021979e-21 3.337301624608974988e-21
2.698454016529687578e+04 1.719364112462017336e-20 3.086155408085930837e-21
2.699509815158602214e+04 9.609422199241947192e-21 3.302240254088935818e-21
2.700565605439906722e+04 1.495768027150347773e-20 3.205899406033878838e-21
2.701621387369107106e+04 1.540502298393037753e-20 3.386557869894956187e-21
2.702677160942347837e+04 1.620350052377209468e-20 3.036027034989848141e-21
2.703732926153416702e+04 1.652422076017455594e-20 3.232232500978699599e-21
2.704788682998537115e+04 1.329212329744606036e-20 3.738975121350683770e-21
2.705844431473040459e+04 2.485276600393778531e-21 3.392041718941664792e-21
2.706900171573251646e+04 9.795255421533811843e-21 2.827539099256122483e-21
2.707955903292798394e+04 9.963000552274426574e-21 3.070295185954829799e-21
2.709011626627957230e+04 1.319527260955216722e-20 3.455036850035270085e-21
2.710067341574941747e+04 1.734786133360627292e-20 3.497950314925969698e-21
2.711123048127392394e+04 4.441620408781602316e-21 2.978193878829844651e-21
2.712178746281624626e+04 1.044594002822369075e-20 3.398921565824053768e-21
2.713234436034594182e+04 1.193077470334839702e-20 3.099384606658793570e-21
2.714290117376241687e+04 1.030086679546300268e-20 3.362193007128404891e-21
2.715345721466913164e+04 1.546572245316608530e-20 3.513568756061347559e-21
2.716401298674437567e+04 1.531867637534528135e-20 3.414840602193320047e-21
2.717456867459728892e+04 1.692177528974621241e-20 3.399197749693842952e-21
2.718512427819332515e+04 1.464024079084533171e-20 3.089620986904649451e-21
2.719567979752840620e+04 1.991968163649115568e-20 3.255460942605139032e-21
2.720623523252261293e+04 1.396654415260620944e-20 3.213088349850205685e-21
2.721679058313717906e+04 1.307046856848324937e-20 3.582707484781531424e-21
2.722734584932666257e+04 1.272554314263433430e-20 3.504492783051173240e-21
2.723790103104363516e+04 2.250296665779651615e-21 3.188489836527555393e-21
2.724845612824195996e+04 4.000880922409019123e-21 3.387452257526477581e-21
2.725901114087519454e+04 1.065868671903848339e-20 2.983333149334843762e-21
2.726956606889603427e+04 1.522243579157110103e-20 3.031010898041431888e-21
2.728012091225881159e+04 2.271903857101161491e-20 3.485319242945865434e-21
2.729067567091608362e+04 1.209451007412509926e-20 3.362124252526671173e-21
2.730123034482978255e+04 1.285068406126757968e-20 3.276922255634793644e-21
2.731178493393673853e+04 1.165123175325018434e-20 3.257498500026896982e-21
2.732233943819780325e+04 2.247553404815595429e-20 3.428069349306806433e-21
2.733289385756714546e+04 1.491643277398612053e-20 3.304333461233075532e-21
2.734344819200574420e+04 1.985300523521971493e-20 3.353110236628292689e-21
2.735400244144141470e+04 3.006743665034669670e-20 3.590122626593029110e-21
2.736455660586165322e+04 1.522230505331605444e-20 3.360817563491261669e-21
2.737511068519347828e+04 1.286562979387122595e-20 3.497033660689257279e-21
2.738566467941592782e+04 1.804863278583331496e-20 3.647016766043431587e-21
2.739621858844811868e+04 1.393440337302278200e-20 3.272090246754255599e-21
2.740677241225936814e+04 1.658870782461616746e-20 3.371907346633164615e-21
2.741732615082059056e+04 1.203749833914400402e-20 3.412987238078733922e-21
2.742787980405013877e+04 1.523316953952787568e-20 3.486006853980768655e-21
2.743843337191812680e+04 4.180311485601458583e-21 3.709162731498025887e-21
2.744898685437772656e+04 1.113843174846905336e-20 3.397291598553073583e-21
2.745954025138954967e+04 1.734632322284737583e-20 3.493718838301519995e-21
2.747009356290741198e+04 2.141495312660776105e-20 3.424221046348945237e-21
2.748064678885809553e+04 1.239366126969228823e-20 3.679845275383052727e-21
2.749119992921966332e+04 1.941093331703443045e-21 3.392548188389906035e-21
2.750175298392865079e+04 2.026180742120839679e-20 3.806633931621728750e-21
2.751230595296246611e+04 1.912825404285248580e-20 3.621628233698893404e-21
2.752285883624894268e+04 1.800290407047021218e-20 3.395161586877536219e-21
2.753316350487092495e+04 1.888648199866243149e-20 3.455688476942584453e-21
2.754371620302466181e+04 1.323114059894764685e-20 3.619691661984562370e-21
2.755426880437220825e+04 1.607796244024208358e-20 3.533214250753049368e-21
2.756482131964942528e+04 2.169841824823856430e-20 3.552422223393735707e-21
2.757537374895691391e+04 1.463853601123450964e-20 3.546591219375415169e-21
2.758592609224793341e+04 1.322744489985467583e-20 4.028971270768261616e-21
2.759647834946596413e+04 1.961222128106616669e-20 3.645500328153865679e-21
2.760703052056376328e+04 2.358173630536967502e-20 3.678231287931187364e-21
2.761758260548545877e+04 1.191071523096356585e-20 3.495060170242536003e-21
2.762813460418301111e+04 2.126682976111746409e-20 3.689053798680341605e-21
2.763868651663441779e+04 2.492924538847122882e-20 3.496518757122816938e-21
2.764923834275869376e+04 1.249588767554051509e-20 3.477084904280908459e-21
2.765979008254086875e+04 1.899449527711190521e-20 3.976752449124044277e-21
2.767034173591753279e+04 1.546805524308448072e-20 3.624901110134491699e-21
2.768089330283178424e+04 1.477335283274129723e-20 3.757205442911122866e-21
2.769144478324461670e+04 3.403123087490860942e-21 3.731132694580384401e-21
2.770199617711672909e+04 9.138997004435428091e-21 3.883938653344212707e-21
2.771254748453863067e+04 1.463165610122217512e-20 3.738563102920399655e-21
2.772285014480554673e+04 1.447544437252550789e-20 3.483660366119980555e-21
2.773340125414259455e+04 1.985444029871714119e-20 3.835980675574617942e-21
2.774395227673637055e+04 1.729390702241780416e-20 3.930041177671305590e-21
2.775450321254018127e+04 8.266440510226617392e-21 3.839268168746485417e-21
2.776505406150531053e+04 1.691097965940259905e-20 3.780847028614386168e-21
2.777560482358389345e+04 1.561967000638753255e-20 3.669334411280428364e-21
2.778615549872838164e+04 1.031359410872520653e-20 3.789875323196730974e-21
2.779670608689862274e+04 1.209753926686029014e-20 3.897117875812013214e-21
2.780725658802990438e+04 3.705698219876552214e-21 3.694989187532506292e-21
2.781780700208264534e+04 8.851919208747754449e-21 3.882285619275269924e-21
2.782835732900817311e+04 1.158709330452691718e-20 3.414354871337167907e-21
2.783890756875915758e+04 1.354629528301067554e-20 3.645926996291641472e-21
2.784945772128696990e+04 2.131074199600441935e-20 4.196026776249706492e-21
2.786000778654297392e+04 8.433390090167053889e-21 3.713617917995689934e-21
2.787055776447988319e+04 5.393847593224123607e-21 3.477847657897702621e-21
2.788110765505732707e+04 3.509370937671536964e-21 3.326627443087092682e-21
2.789165745820974553e+04 3.346705367193475214e-21 3.511007892099745594e-21
2.790220717389800484e+04 1.222876145761667548e-20 3.707749101289800835e-21
2.791275680207305413e+04 -2.603068314513684397e-22 3.570261545845998408e-21
2.792330634269552320e+04 1.957267529548111909e-20 3.375347550450362830e-21
2.793385579569980837e+04 1.187863145017179963e-20 3.362177293222766253e-21
2.794440516104557537e+04 2.551456487173352307e-21 3.535083118582181342e-21
2.795495443869359224e+04 1.745725391821653012e-20 3.673225453242241589e-21
2.796550362858652807e+04 8.654161727449016821e-21 3.482422009404898735e-21
2.797605273066663358e+04 2.621453439043236962e-21 3.426397400826028565e-21
2.798660174490355712e+04 8.789434445631175102e-21 3.844638232632734632e-21
2.799715067123960034e+04 6.044555565120907187e-21 3.657081647175033781e-21
2.800769950962561779e+04 8.310668467701400169e-21 3.580536457359233621e-21
2.801824826001399197e+04 8.711727062904310218e-21 3.636909441369041472e-21
2.802879692234663162e+04 1.323263030513592097e-20 3.641661515297525067e-21
2.803934549660079210e+04 9.308819639196911217e-21 3.669993003544431246e-21
2.804989398270233141e+04 1.877606613680564233e-20 3.281182597991021245e-21
2.806044238060182761e+04 1.489050774421999750e-20 3.842220300993283172e-21
2.807099069026795041e+04 1.580152033108903027e-20 3.817205630811455119e-21
2.808153891164364541e+04 1.446879382049633560e-20 3.993078866640721794e-21
2.809208704467940333e+04 5.030163780131095272e-21 3.601290739288983103e-21
2.810263508932662080e+04 8.684454849840760043e-21 3.646173077389209574e-21
2.811318304553663984e+04 1.188082605669044839e-20 3.255646823620066873e-21
2.812373091326860595e+04 1.238097245902960703e-20 3.804898787364357720e-21
2.813427869245657712e+04 4.514724874095280986e-21 3.769982394149529613e-21
2.814482638306027002e+04 1.451898422384988500e-21 3.436865554764941340e-21
2.815537398503011718e+04 9.977278764701025974e-21 3.507156243071036430e-21
2.816592149832637733e+04 7.925778326133878023e-21 3.570617170545762472e-21
2.817646892288232993e+04 2.109934521728647540e-20 3.723946922851157638e-21
2.818701625865706592e+04 1.873581886219489560e-20 3.650278928758632659e-21
2.819756350561089857e+04 1.285318507428911999e-20 3.739900934004219791e-21
2.820811066368563115e+04 2.331234475479313883e-20 3.428104293775437318e-21
2.821865773282277587e+04 1.465974563712999812e-20 3.502379215156571361e-21
2.822920471299138808e+04 1.487373110846594859e-20 3.420373523054511450e-21
2.823975160413307822e+04 1.653658267711171534e-20 3.761693274959181280e-21
2.825029840618052185e+04 1.203022995968297339e-20 3.745884329005980597e-21
2.826084511912906964e+04 1.507932990544868761e-20 3.840148398156554450e-21
2.827139174288508366e+04 1.592776490274673195e-20 3.946803250026297770e-21
2.828193827743383008e+04 6.854661714213343225e-21 3.482119890736523967e-21
2.829248472269155536e+04 1.266609401576032542e-20 3.970773430863145420e-21
2.830303107864355843e+04 1.365462468771110132e-20 4.050148769718212219e-21
2.831357734519589576e+04 1.576304294412303992e-20 3.643034100742501822e-21
2.832412352236157312e+04 2.490847942912345532e-20 3.682088951537369582e-21
2.833466961002889002e+04 1.146041740786689530e-20 3.778355713184550877e-21
2.834521560818308353e+04 2.030485704604053228e-20 3.705702967128505235e-21
2.835576151676657537e+04 4.511652360152894951e-21 4.051083254431507404e-21
2.836630733573814723e+04 -2.894283629746603658e-21 3.899702660032549557e-21
2.837685306502295862e+04 3.982347005109666400e-21 3.727994408306697614e-21
2.838714854237089457e+04 1.096391973422560768e-20 3.777574479633792117e-21
2.839769406759406047e+04 1.236588710792956548e-20 3.376374187642453925e-21
2.840823950285524188e+04 1.713942700787992032e-20 3.667876128815577501e-21
2.841878484823697363e+04 7.433265415189972724e-21 3.347282115887550680e-21
2.842933010370593547e+04 1.337206932169721232e-21 3.399257994345661102e-21
2.843987526919479933e+04 9.563828512278469726e-21 3.825281869282308143e-21
2.845042034466300174e+04 1.786824871132655912e-20 3.975972341682201930e-21
2.846096533006888421e+04 1.400167856221811838e-20 3.935308578654775347e-21
2.847151022534502408e+04 4.011215430679054679e-21 3.937341007024645570e-21
2.848205503045903606e+04 8.495202367671527124e-21 3.714728743468503645e-21
2.849259974534376306e+04 5.592188373905255118e-21 3.619409018473553448e-21
2.850314436996561562e+04 1.123654627553464406e-20 3.534144561357466622e-21
2.851368890425835343e+04 1.775751872546939375e-20 4.237231878386652127e-21
2.852423334819708907e+04 1.268654130310105781e-20 3.850446123830414601e-21
2.853477770169713767e+04 2.065391907242545180e-20 3.733497287672934332e-21
2.854532196486965768e+04 1.644002985504594614e-20 3.952063616487630880e-21
2.855586614840784387e+04 2.003304782032892317e-20 4.055766590194538768e-21
2.856615963646591990e+04 1.088664232327091459e-20 4.223153784338644298e-21
2.857670360302693734e+04 2.230826432066718339e-20 3.570425055598702389e-21
2.858724747891375591e+04 1.067379447655377232e-20 3.853994274107555732e-21
2.859779126406666546e+04 1.424512640074232726e-20 3.703274969043093841e-21
2.860833495845338621e+04 1.328143058017215649e-20 3.801130450595194825e-21
2.861887856202384501e+04 1.556295432994625284e-20 3.456458992722626544e-21
2.862942207471819711e+04 8.371938350825869193e-21 3.226299558840304718e-21
2.863996549646818312e+04 3.377649023167234880e-21 3.714591513412374496e-21
2.865050882725059273e+04 -2.254263261468671885e-21 3.526307322531843312e-21
2.866105206700555937e+04 9.153131286903460054e-21 4.148725829737400501e-21
2.867159521568234777e+04 6.773507360848850131e-21 3.727472243262580300e-21
2.868213827324894737e+04 5.226008700381340388e-21 4.051110456040090474e-21
2.869268123960962839e+04 1.265838716717730353e-20 3.598949515275813462e-21
2.870322411474910768e+04 8.593426718947792674e-21 3.521679551058020578e-21
2.871376689860858460e+04 2.085005224503067064e-20 3.650179299104399565e-21
2.872430959115500445e+04 1.540882028626151857e-20 3.896129378096468852e-21
2.873485219230128860e+04 8.849173629301424062e-21 3.801446325343148102e-21
2.874539470201524455e+04 7.980116309301207609e-21 3.707222862906834828e-21
2.875593712025494824e+04 7.024781295565678827e-21 3.299728811291434228e-21
2.876647944695118713e+04 1.149531036141836332e-20 3.517666732832475098e-21
2.877702168208048170e+04 2.665516826934431766e-20 3.889965256989201107e-21
2.878756382554704760e+04 1.174481865171031055e-20 4.093431428418240392e-21
2.879810587734456931e+04 1.440086596127674826e-20 3.797570218715433282e-21
2.880864783740420899e+04 1.437714867241526598e-20 3.718129174424764800e-21
2.881918970568438090e+04 2.668500822760704304e-20 3.870572997387516516e-21
2.882973148210667205e+04 2.262296515334286167e-20 3.733031697288642470e-21
2.884027316663780221e+04 2.676166156997162481e-20 3.897958577907341953e-21
2.885081475924544065e+04 3.145844857289630917e-20 3.901919833618190676e-21
2.886135625986010928e+04 1.029899826992268455e-20 3.431561622708088399e-21
2.887189766841217715e+04 1.403002290656550333e-20 3.558853099103681392e-21
2.888243898487825572e+04 2.297300034878591869e-20 3.901016343482510201e-21
2.889298020920697672e+04 8.854427533279555464e-21 3.768045558493887447e-21
2.890352134132862557e+04 1.543084200398648629e-20 3.687412993983095437e-21
2.891406238119227783e+04 1.389717044869435685e-20 3.607194422639739724e-21
2.892460332877393375e+04 1.362559053366159484e-20 3.940636087023195886e-21
2.893514418400384602e+04 2.143338185903923756e-20 3.980714589677921231e-21
2.894568494681245284e+04 1.666408627961647932e-20 3.981058037687299352e-21
2.895622561718510406e+04 1.003656730775334371e-20 3.513038393040508000e-21
2.896676619505203416e+04 1.335303369547942594e-20 3.300980628843869940e-21
2.897730668035219423e+04 1.431844717937330799e-20 3.246904931657597447e-21
2.898784707304391122e+04 1.506425661014067784e-20 3.504254517745606168e-21
2.899838737308458803e+04 5.525943046190779777e-21 3.784829511195535150e-21
2.900892758040409535e+04 -5.345241686212152006e-21 3.551831463044805272e-21
2.901946769496937850e+04 6.816010672436416022e-21 3.764367595217080214e-21
2.903000771671078473e+04 2.101355376697329347e-20 3.561128272334176872e-21
2.904054764560365220e+04 1.737864078113409355e-20 3.498120716684183682e-21
2.905108748155069406e+04 1.460009682881432561e-20 3.702458524570255937e-21
2.906162722454618415e+04 1.543485046607631287e-20 3.839493780045573286e-21
2.907216687452002589e+04 1.337945318459818688e-20 3.709356287583844013e-21
2.908270643142908739e+04 2.468235639499844471e-20 3.890073052930787780e-21
2.909324589520390873e+04 5.001326552392674970e-20 4.312376654601960226e-21
2.910378526579261234e+04 9.146587860971338333e-20 4.598636496811038215e-21
2.911432454316120857e+04 7.338496416221843477e-20 4.533480530533918805e-21
2.912486372724879766e+04 3.914344103267750678e-20 4.221383993785679106e-21
2.913540281800379307e+04 1.833537686704973714e-20 3.663870496630578331e-21
2.914594181538315752e+04 1.968150890833480170e-20 3.428405165572636293e-21
2.915648071929785146e+04 2.575325422088554340e-20 3.608960617166448956e-21
2.916701952975224776e+04 1.705863696151550666e-20 3.578472632451778169e-21
2.917730617548898226e+04 1.410410953577947518e-20 4.025155975307808789e-21
2.918784477405685175e+04 1.987497943109547070e-20 3.457226537550134140e-21
2.919838327884581304e+04 -4.817974795782959046e-21 3.798752525452975316e-21
2.920892168992697043e+04 4.381886797615820226e-21 3.632755529735648941e-21
2.921946000725684280e+04 8.899248875607134877e-21 3.722370708388784835e-21
2.922999823080035276e+04 9.948312442725979191e-21 3.442389702792064413e-21
2.924053636047056716e+04 1.651980464003265830e-20 3.497407457306146620e-21
2.925107439624136168e+04 1.257147712910380890e-20 3.488635637754883814e-21
2.926161233804265430e+04 1.430450599888123044e-20 3.765815472845645762e-21
2.927215018583976780e+04 1.196396845330379854e-20 3.743714107717336613e-21
2.928268793956307127e+04 7.090089502485910409e-21 4.126765806040087212e-21
2.929322559917754916e+04 2.200678077342418631e-20 4.084022471943441077e-21
2.930376316461272290e+04 1.192842960760644998e-20 3.420160488211333335e-21
2.931430063583451192e+04 1.037537838895890454e-20 3.514066657017925884e-21
2.932483801279024919e+04 7.110875274693674449e-21 3.622081430151655655e-21
2.933537529555278888e+04 7.924686935931160129e-21 3.675925079903833245e-21
2.934566001422795307e+04 1.065944241391863738e-20 3.489778675359959843e-21
2.935619708310926217e+04 1.927777585355645759e-20 3.777433091033839389e-21
2.936673405751239989e+04 1.547807058102687998e-20 3.704097764944524712e-21
2.937727093737505857e+04 9.145288082375251374e-21 3.431255855396773234e-21
2.938780772263567633e+04 1.328881858525908143e-20 3.808176164973815558e-21
2.939834441326936576e+04 9.176819631956054769e-21 3.532320910415158875e-21
2.940888100919540011e+04 5.822136814438416489e-21 3.417331407496059647e-21
2.941941751037917493e+04 3.148870513494505171e-21 3.757118169087084502e-21
2.942995391674987695e+04 -8.240160976981281043e-22 3.586714465389606006e-21
2.944049022825455177e+04 3.467881438309450301e-21 3.299845841009408714e-21
2.945102644486776990e+04 1.281332531966356274e-20 3.241253642174878786e-21
2.946156256649963325e+04 5.890349469199522242e-21 3.567419796897668843e-21
2.947209859313452762e+04 1.252022804092135471e-20 3.463747616168110059e-21
2.948263452471014170e+04 1.152473643782705272e-20 3.622526691598268888e-21
2.949317036113397626e+04 3.896176929464594886e-21 3.600931693532574565e-21
2.950370590567867112e+04 5.437825619848402574e-21 3.757367299535189797e-21
2.951424130716355285e+04 1.937242732462651021e-20 3.255531398928615501e-21
2.952477661339271799e+04 6.933057627263167159e-21 3.607455613528711324e-21
2.953531182427534804e+04 2.686635678624558318e-21 3.741327971626051473e-21
2.954584693977744246e+04 1.392144697746196001e-20 3.434383772230508630e-21
2.955638195987369909e+04 1.383059892442521373e-20 3.785787316032775434e-21
2.956691688444530519e+04 1.239756891948260943e-20 3.605245959679668213e-21
2.957745171350424425e+04 1.465743621383583157e-20 3.848641218206411925e-21
2.958798644693217648e+04 1.441796012940599723e-20 3.558172318129455338e-21
2.959852108475976638e+04 2.059981893943419927e-20 3.622880344283703348e-21
2.960905562686785197e+04 1.471992335003582776e-20 3.607689106865449035e-21
2.961959007321257741e+04 6.315084104707788860e-21 3.687388436210940085e-21
2.963012442377809202e+04 1.838681296339727983e-20 3.655362521037158818e-21
2.964065867845469984e+04 1.287222658963193220e-20 3.779695583350540207e-21
2.965119283724460547e+04 1.181275721635023295e-20 3.459761622594011937e-21
2.966172690001975934e+04 1.290151461374043540e-20 3.445932991926634450e-21
2.967226086682971072e+04 7.434283190226363778e-21 3.364224807269920650e-21
2.968279473750826583e+04 1.130795366031791384e-20 3.483084096916515820e-21
2.969332851212324749e+04 4.712033914091452601e-21 3.322893965362550751e-21
2.970386219049012652e+04 5.013383274799006841e-21 3.148564165113306999e-21
2.971439577266784909e+04 1.486513078311082885e-20 3.602468603445081829e-21
2.972492925853677298e+04 1.559288632645701689e-20 3.820291623840253579e-21
2.973546264807097032e+04 2.591009742076790466e-20 4.086928035789129850e-21
2.974599594119829271e+04 2.099590123987576702e-20 3.528141331799272605e-21
2.975652913787426951e+04 9.951017426239224273e-21 3.103880305476785479e-21
2.976706223805428090e+04 1.076430207769699316e-20 3.398253247785769879e-21
2.977759524166531264e+04 1.128093162478751413e-20 3.503932006872386968e-21
2.978812814868214991e+04 1.695026241191294950e-20 3.852452971895128881e-21
2.979866095901303197e+04 1.233286675321197634e-20 3.555883812451377353e-21
2.980919367263202003e+04 5.199300058969169436e-21 3.378594477777005491e-21
2.981972628945662655e+04 2.130145846784279557e-20 3.590365477619596138e-21
2.983025880948034683e+04 1.116679785022735029e-20 3.274404341057735214e-21
2.984079123260179767e+04 8.573364846349240371e-21 3.321078754898132107e-21
2.985132355880446266e+04 7.406690838399533404e-21 3.487398156942849245e-21
2.986185578799613359e+04 1.225382997179359764e-20 3.446579945763821874e-21
2.987238792016086518e+04 1.344601377723015709e-20 3.535000802938120303e-21
2.988291995519700868e+04 9.534821212975398915e-21 3.482961095801062745e-21
2.989345189311637296e+04 6.600940448465623135e-21 3.318875119878418403e-21
2.990398373379818804e+04 1.149893058627936802e-20 3.374351940927018770e-21
2.991451547723652766e+04 1.619185532941357268e-20 3.548770847973692754e-21
2.992479323682772520e+04 1.321500599313546510e-20 3.990923852543803458e-21
2.993532476068407050e+04 1.066040784569540508e-20 3.412286945257285838e-21
2.994585618697715836e+04 5.705885270750971568e-21 3.477612587960027640e-21
2.995638751576026334e+04 1.490344436087460674e-20 3.367129549787243286e-21
2.996691874705121518e+04 1.553594169151386912e-20 3.108729135762293854e-21
2.997744988068621387e+04 1.459385064166978140e-20 3.255801462079194513e-21
2.998798091672844384e+04 1.330519102743211060e-20 3.449820969002692245e-21
2.999851185501506916e+04 1.930921788440157280e-20 3.350463161558886881e-21
3.000904269560936882e+04 1.448513503620807474e-20 3.437299547790884456e-21
3.001957343832021434e+04 1.895878227487871323e-20 3.362193576095251360e-21
3.003010408323809315e+04 1.382260587286587298e-20 3.284593739050566519e-21
3.004063463017232061e+04 2.012893324140201907e-20 3.549677592688939503e-21
3.005116507919583091e+04 1.319198048222833369e-20 3.128008566832258845e-21
3.006169543016221360e+04 1.868084083548446443e-20 3.459420141948029179e-21
3.007222568317808327e+04 1.162209378606635960e-20 3.281770045810871294e-21
3.008250157566296184e+04 1.686555533556420011e-20 3.311805124200803557e-21
3.009303160711521559e+04 5.803761372064896644e-21 3.322834757171280655e-21
3.010356154037352098e+04 -1.442781764289387346e-21 3.504990548995781031e-21
3.011409137524841208e+04 1.204199535446657419e-20 3.592509844702866042e-21
3.012462111183830348e+04 1.675944564533758341e-20 3.519388786589732395e-21
3.013515074994449242e+04 9.895782262221160507e-21 3.425769623419191563e-21
3.014568028965586200e+04 1.878383826092607626e-20 3.090606461278414793e-21
3.015620973082110504e+04 6.669230878720908089e-21 3.594270928289860986e-21
3.016673907334639080e+04 8.068750390678276185e-21 3.241261459413656445e-21
3.017726831732106803e+04 9.577377784861354922e-21 3.121709736962921833e-21
3.018779746250718745e+04 1.198918950013825646e-20 3.033248277546581676e-21
3.019832650902264140e+04 7.061337602014652146e-21 3.214089880948350652e-21
3.020885545673472006e+04 6.352826109362115826e-21 3.524186551655830147e-21
3.021938430553063881e+04 3.870027383291536136e-21 3.360495226608722950e-21
3.022991305548041782e+04 6.805151703934243734e-21 3.212268528442371125e-21
3.024044170638394644e+04 1.616816987856081592e-20 3.281070098709580292e-21
3.025097025833022053e+04 1.341646591411282377e-20 3.274103907679069288e-21
3.026149871119635645e+04 1.019252255862495979e-20 3.252330359205367005e-21
3.027202706485936505e+04 1.352942978895617663e-20 3.436935719996486080e-21
3.028255531941835579e+04 1.176554652697056518e-20 3.287554302115046069e-21
3.029308347466290797e+04 6.017138131026829428e-21 3.401099046195489114e-21
3.030361153063390157e+04 3.880264067873062019e-21 3.143913680582633417e-21
3.031413948726640228e+04 1.236113297536740378e-20 3.382366764149384424e-21
3.032466734441751032e+04 4.312468522950030860e-21 3.308412114845337588e-21
3.033519510218662981e+04 5.391738041668526721e-21 3.317899899018352908e-21
3.034572276039157441e+04 5.141475420046656731e-21 3.327370843669200489e-21
3.035625031898646557e+04 1.412306304959136799e-20 3.255773380502711873e-21
3.036677777800304102e+04 1.507129857021165020e-20 3.344829855237368029e-21
3.037730513727854850e+04 1.105989812434245068e-20 3.497452189430945789e-21
3.038783239682504063e+04 2.151519460407023571e-20 3.474295083038465227e-21
3.039835955659608226e+04 1.289640509791008046e-20 3.342376945873330242e-21
3.040888661644848980e+04 1.830900070718721413e-20 3.609749345409541605e-21
3.041941357642363801e+04 1.646903776244541618e-20 3.495445774771955603e-21
3.042994043644602789e+04 1.116010480131594174e-20 3.675917877091646502e-21
3.044046719638129434e+04 3.817462788766413893e-21 3.581004623702329283e-21
3.045099385628078380e+04 3.796690733552086509e-21 3.274415134675579930e-21
3.046152041604949409e+04 1.047427661571090220e-20 3.000775413395687432e-21
3.047204687555317651e+04 1.501233366029788819e-20 3.179607804739942198e-21
3.048257323486252790e+04 1.233767726870275199e-20 3.329920898946892276e-21
3.049309949388188033e+04 6.368779771131901015e-21 3.125543131746235968e-21
3.050362565245760561e+04 3.019995109855381809e-21 3.144922212232227427e-21
3.051415171067032134e+04 3.889500509483045693e-21 3.247609794422925559e-21
3.052467766842461424e+04 -1.989232650275497484e-21 3.124262897001865704e-21
3.053520352557575097e+04 5.335643115904083126e-21 3.174514694071066813e-21
3.054572928217497247e+04 1.460894354737296992e-20 3.368226298666361007e-21
3.055625493815637310e+04 5.665123513867136564e-21 3.142604192977010755e-21
3.056678049337516131e+04 9.247204771713048516e-21 3.183593587954763065e-21
3.057730594785331414e+04 1.524904137018956585e-20 3.008680539321591619e-21
3.058783130155370964e+04 1.409569583929071295e-20 3.282896680867915204e-21
3.059835655432158092e+04 5.657021994750891959e-21 3.406026128686992504e-21
3.060888170619878656e+04 1.821919589785118538e-20 3.350347229964216394e-21
3.061940675709240168e+04 3.399363342605036508e-21 3.265122045480269831e-21
3.062967608840477260e+04 1.575505871920706600e-20 3.482006890532653521e-21
3.064020091210303508e+04 2.166090384941691869e-20 3.584460186678135908e-21
3.065072563451639871e+04 1.020738523625656959e-20 3.953806666425544543e-21
3.066125025571392689e+04 1.012473180996929823e-20 3.410616830641075772e-21
3.067177477560047555e+04 1.111751495976176310e-20 3.284621122481129917e-21
3.068229919416722987e+04 1.439153479489731324e-20 3.287576363419923028e-21
3.069282351138562080e+04 9.321898495573540719e-21 3.426911617959826881e-21
3.070334772713210987e+04 1.781334106666629892e-20 3.534297777813021140e-21
3.071387184136871292e+04 -5.837181496794710312e-23 3.293161023024956784e-21
3.072439585407694176e+04 8.749700924226938857e-23 3.311744774483422958e-21
3.073491976517079456e+04 1.050539512839421849e-20 3.237180110145947120e-21
3.074544357455451245e+04 2.245945766500405386e-21 3.761209084145682087e-21
3.075596728222880120e+04 4.135455798136011349e-21 3.641720220469963841e-21
3.076649088827554806e+04 8.644024975368827972e-21 3.702518054096037008e-21
3.077701440344112416e+04 1.145584860086492430e-20 3.698681341241482283e-21
3.078728179798640849e+04 1.355596294609951057e-20 3.589790302185941104e-21
3.079780507296868018e+04 1.786321463454994964e-20 3.431524205763596773e-21
3.080832824593416080e+04 1.207991384262513511e-20 3.552608905988369497e-21
3.081885131682566862e+04 7.560842765140716511e-21 3.717086194832916564e-21
3.082937428558582178e+04 1.169670028279193013e-20 3.811035241206641113e-21
3.083989715214727767e+04 5.891601929327687970e-22 3.266041002484219478e-21
3.085041991648225667e+04 8.365544310002015482e-21 3.201503492917319343e-21
3.086094257850346185e+04 9.700516868856801601e-21 3.457734875745970135e-21
3.087146513816353763e+04 1.500910092933280001e-20 3.604003897612335598e-21
3.088198759541494655e+04 1.938379282798066658e-20 3.382822818717991396e-21
3.089250995018014873e+04 1.843430663188439401e-20 3.435323892512946019e-21
3.090303220241135568e+04 1.982283600417950976e-20 3.763884122978917253e-21
3.091355435206084439e+04 1.626310285402592685e-20 4.041206082957227514e-21
3.092407639905118049e+04 1.606815086842246152e-20 3.278113588082459181e-21
3.093459834332464743e+04 1.385439652521174613e-20 3.282744326366507855e-21
3.094512018485352019e+04 1.159455353593070457e-20 3.261989488795583314e-21
3.095564192356998319e+04 6.509890972696666868e-21 3.176015945150594103e-21
3.096616355937582921e+04 8.105195550183851913e-21 2.849011834601147480e-21
3.097668509227370669e+04 8.625745019794502461e-21 3.231111832575241191e-21
3.098720652215554946e+04 1.395182457223206124e-20 3.471213314739238975e-21
3.099772784900362240e+04 1.116257696257097877e-20 3.496842909997263859e-21
3.100824907270972471e+04 1.098809382947742290e-20 3.262242066536945696e-21
3.101877019326577283e+04 1.190347981925046180e-20 3.182142641893658530e-21
3.102929121060393300e+04 5.833280371945623704e-21 3.067777636831971883e-21
3.103981212463603879e+04 6.236991537196292155e-21 3.460825200420407461e-21
3.105033293534426411e+04 5.927751150319546972e-21 3.356723509299860132e-21
3.106085364264022792e+04 6.429653009827132249e-21 3.242850217749972901e-21
3.107137424646564978e+04 1.341218692927867472e-20 3.114283853515324262e-21
3.108189474679241175e+04 1.427557487985222180e-20 3.169867867317257259e-21
3.109241514352218655e+04 4.357090636714145040e-21 3.342921468497641277e-21
3.110293543663706441e+04 4.031856412255217289e-21 3.589359797542194800e-21
3.111345562605851228e+04 9.754695800309033087e-21 3.368131812490534687e-21
3.112397571170803712e+04 1.621427760675766097e-20 3.537455936954777788e-21
3.113449569355717904e+04 1.627101143986821678e-20 3.474213912865084032e-21
3.114501557155790215e+04 4.748273759194265659e-21 3.283023130377362037e-21
3.115553534561134438e+04 1.191020598544511566e-20 3.497049882045547829e-21
3.116605501567923420e+04 1.830176271962542283e-20 3.231897151633454444e-21
3.117657458171319013e+04 1.024977527785731799e-20 3.405781105816729620e-21
3.118709404364445436e+04 1.883605813118368982e-20 3.882626514610272574e-21
3.119761340140399989e+04 4.304882021985182888e-20 4.050788495764397297e-21
3.120813265495378073e+04 6.227432503012712865e-20 4.200471117257173437e-21
3.121865180422499179e+04 4.278831250800383446e-20 3.705381896706948257e-21
3.122917084914876250e+04 3.325627085952863724e-20 3.680669279860565425e-21
3.123968978968664305e+04 2.423602513991279515e-20 3.239729607705372476e-21
3.125020862577976004e+04 1.766202750082989808e-20 3.396674507456349702e-21
3.126072735734880916e+04 1.641618210606212375e-20 3.363521836215838820e-21
3.127124598434531435e+04 1.752958991051111486e-20 3.261986369331060185e-21
3.128176450669005499e+04 1.673028194710093218e-20 3.624303270912164948e-21
3.129228292437715572e+04 1.219721972413741003e-20 3.577242477182253898e-21
3.130254395216567718e+04 9.630151736586714790e-21 3.265532773729845716e-21
3.131306213513081457e+04 1.651882602677062279e-20 3.893228546091468016e-21
3.132358021303859641e+04 7.391097145383547638e-21 3.240580253455716317e-21
3.133409818602758241e+04 1.149445698169368850e-21 3.441845543909130352e-21
3.134461605404854345e+04 2.906805797495462387e-21 3.369584796687360552e-21
3.135513381699305319e+04 1.396877359661731762e-20 3.153361239925733892e-21
3.136565147484124827e+04 1.169064951900843439e-20 3.364305429932972685e-21
3.137616902753404429e+04 1.814266250824847864e-20 3.301926318201717623e-21
3.138668647499227518e+04 8.651692191486505271e-21 3.616670832538376275e-21
3.139720381717640339e+04 1.220561279319317886e-20 3.414489138745762180e-21
3.140772105400747023e+04 1.101990406474458160e-20 3.596967552504251217e-21
3.141823818543610105e+04 1.276711859500002779e-20 3.377408979083130192e-21
3.142875521142270009e+04 2.165054139468832539e-20 3.512292262287947865e-21
3.143927213203724750e+04 1.139068513488236639e-20 3.529388552453762384e-21
3.144953130693868297e+04 9.998385076152290074e-21 3.287270189926802173e-21
3.146004799082228783e+04 9.230259032606677212e-21 3.961278514780705184e-21
3.147056456899346813e+04 6.376402944013086421e-21 3.507607116715437895e-21
3.148108104139264105e+04 1.316019539849488442e-21 3.538836567043351360e-21
3.149159740799105566e+04 1.494080829754898625e-20 3.941191498719612232e-21
3.150211366868785626e+04 1.182484276705754547e-20 4.693978846471836080e-21
