9.793845928743643526e+03 1.024150529093806991e-19 8.310922304164398497e-20
9.800351571852634152e+03 3.397000324453772978e-20 2.490267022741044426e-20
9.806734633442423728e+03 2.477040596192595777e-20 2.539352437228652234e-20
9.813117704654638146e+03 3.788393186160735695e-20 2.390230841102532356e-20
9.819500785405774877e+03 9.797176786966197797e-20 2.569070822016323793e-20
9.825883875655310476e+03 7.503234161476439870e-21 2.251692961006810614e-20
9.832266975366132101e+03 -1.386309875282753561e-20 2.516968477928319806e-20
9.838650084500442972e+03 8.269327246070944952e-20 2.512398809630332451e-20
9.845033203020271685e+03 6.567773532701130858e-20 2.598159951748723599e-20
9.851416330887075674e+03 5.092658931844014893e-20 2.428385622382083504e-20
9.857799468063736640e+03 5.047338781416044788e-20 2.405737918687984390e-20
9.864182614514074885e+03 4.855720011602012857e-20 2.288777402885504745e-20
9.870565770197241363e+03 5.955250912914058684e-20 2.282524913097237593e-20
9.876948935077782153e+03 -4.369827104641654304e-20 2.207242459310710168e-20
9.883332109118096923e+03 2.482252839404059607e-20 2.197245429639461352e-20
9.889715292279572168e+03 1.152708721298342071e-20 2.121497455647847210e-20
9.896098484523026855e+03 7.607451496750627621e-20 2.266587478698621534e-20
9.902481685812497744e+03 5.078411010676891581e-20 2.249037637662800699e-20
9.908864896111073904e+03 1.407292617780538760e-20 2.228891549309004468e-20
9.915248115379752562e+03 3.925798915367532353e-20 2.060894545751116202e-20
9.921631343583165290e+03 2.392347971486199479e-20 2.117284514611556746e-20
9.928014580681539883e+03 6.912072609570440242e-20 1.977977312816991197e-20
9.934397826638969491e+03 4.042398450490220748e-20 2.019651129172233369e-20
9.940781081416398592e+03 1.614393186467415594e-20 2.016113164640781716e-20
9.947164344977230940e+03 -8.864035988775434612e-21 2.078025145858647582e-20
9.953547617283253203e+03 -1.508908691577700647e-20 2.116196659700097914e-20
9.959930898299295222e+03 6.312177149574308780e-20 2.112051903163813923e-20
9.966314187984411546e+03 2.555520688820464128e-20 2.116735339508889318e-20
9.972697486305623897e+03 8.762737546277633289e-21 2.055412332291706687e-20
9.979080793222796274e+03 -3.290155421200250590e-20 2.092233273012569747e-20
9.985464108700005454e+03 -5.876046160388877830e-20 2.160545785297694184e-20
9.991847432699298224e+03 3.619382534249313037e-20 2.232093079539552063e-20
9.998230765182042887e+03 6.450087259115213812e-21 2.224145784224678077e-20
1.000461410611175415e+04 4.966441953509855229e-20 2.205075251454901410e-20
1.001099745545425867e+04 -3.358819902081240882e-20 1.987946958089129381e-20
1.001738081316943499e+04 1.345438923069519938e-20 2.152404948262558066e-20
1.002376417917290019e+04 -3.833965157199398206e-21 2.043627282054111498e-20
1.003027052439573890e+04 -2.457048656045024096e-21 2.132951403056345490e-20
1.003665391721569904e+04 1.366829715066888627e-21 2.256007635890210842e-20
1.004303731825707109e+04 3.129640604491157902e-20 2.195510563132990372e-20
1.004942072748343708e+04 5.152468760087489946e-20 2.110138297294125344e-20
1.005580414485672009e+04 2.324630484264460465e-20 2.031461366643867690e-20
1.006218757034312694e+04 1.374398995648279596e-20 2.265142529039427337e-20
1.006857100390258165e+04 -1.512791606311521189e-20 1.879181371038932650e-20
1.007495444550083266e+04 3.350005210101097620e-20 2.104999043109987793e-20
1.008133789509888447e+04 8.587107296346428199e-20 2.163338113023982448e-20
1.008772135266083933e+04 1.711442086280940796e-20 2.114541790692351002e-20
1.009410481815014828e+04 1.081104730980908461e-20 2.034949845337133729e-20
1.010048829152912003e+04 5.937369881962740437e-20 2.216011452667829070e-20
1.010687177276138573e+04 7.244628510143574044e-21 2.220577037661717497e-20
1.011325526181104215e+04 5.342217793782641222e-20 2.059441800085369284e-20
1.011963875864077636e+04 -1.769565537929934602e-21 1.877104103401818583e-20
1.012602226321226590e+04 4.238967892732186713e-20 2.054475852516090660e-20
1.013240577549066256e+04 6.582832230198382554e-21 2.060670011079035241e-20
1.013878929544025414e+04 1.147558426892291970e-19 2.158374947136889969e-20
1.014517282302345666e+04 5.329821466493836922e-20 1.991293020317899715e-20
1.015155635820287716e+04 4.649708459564162298e-20 2.096708708469170975e-20
1.015793990094327273e+04 5.219793546810743173e-20 1.929780256349849783e-20
1.016432345120707578e+04 6.908647099980595301e-21 2.019245950866211633e-20
1.017070700895798473e+04 1.860114492695851331e-21 2.122833232410652997e-20
1.017709057415939969e+04 9.225406174631216866e-21 2.012575958055509345e-20
1.018347414677587403e+04 -1.223874799464347757e-20 1.778468545113829783e-20
1.018985772677115165e+04 -8.134219537620022795e-21 1.819035884043045799e-20
1.019624131410761038e+04 2.217740668476835494e-20 2.019090875330409456e-20
1.020262490874993819e+04 4.689825616820853545e-20 2.109280390640606348e-20
1.020900851066157156e+04 4.056005123211549271e-20 1.943553175822474204e-20
1.021539211980511573e+04 7.211952142336449880e-20 2.006771254093992046e-20
1.022177573614534595e+04 3.458345308214870297e-20 1.915362122045385802e-20
1.022815935964582241e+04 3.178695471257554630e-20 1.986945422924654998e-20
1.023454299027096931e+04 -2.878276608373684910e-20 1.797772234269480337e-20
1.024092662798352831e+04 -3.387164311391589799e-20 1.953810060309270172e-20
1.024731027274759981e+04 8.962559961752682183e-21 1.960130607160611881e-20
1.025369392452811735e+04 1.562247357041313633e-20 1.700667756070590195e-20
1.026007758328733689e+04 1.629492651771098571e-20 1.741351323540678291e-20
1.026646124899069946e+04 6.696834478505262237e-20 2.033586790362870329e-20
1.027284492160021546e+04 -3.569279441475231276e-20 1.772964861765588783e-20
1.027922860108161149e+04 -1.054464189361313083e-20 2.006820374641212122e-20
1.028561228739855869e+04 -5.974649395969819650e-20 1.949877947291341429e-20
1.029199598051521389e+04 -1.472612452061082502e-20 1.985936947927350693e-20
1.029837968039553562e+04 6.344478452099482721e-20 1.997345363900951484e-20
1.030476338700321503e+04 4.052235436637196078e-20 1.929703515986998363e-20
1.031114710030202696e+04 1.046539953794635192e-20 1.986468992602357398e-20
1.031753082025661206e+04 2.939335389573270308e-21 1.836934471035083621e-20
1.032391454683104166e+04 3.049920625041996118e-20 1.862421707090078283e-20
1.033029827999036934e+04 4.356421472370408236e-21 1.724714602264619421e-20
1.033668201969774236e+04 5.070049222246063430e-20 1.899534923871045980e-20
1.034306576591734483e+04 -1.398904104088449261e-21 1.964116576166621079e-20
1.034944951861365189e+04 2.199290767913263644e-20 1.913953547400702677e-20
1.035583327775135876e+04 1.009564201627818284e-20 1.778496718131289204e-20
1.036234051477015419e+04 5.685849750253851282e-20 1.898771713286144822e-20
1.036872429668204859e+04 4.428346519553945842e-20 1.846679863901780118e-20
1.037510808497143989e+04 -4.701845723161787350e-21 1.861133758603572423e-20
1.038149187955640627e+04 5.916924968164350822e-20 1.935626424461580269e-20
1.038787568040086626e+04 -1.248600082536786758e-20 1.754201176637269404e-20
1.039425948746978065e+04 2.241028686347031543e-20 1.765088162792100300e-20
1.040064330072770827e+04 1.147728714362600913e-20 1.720791675619970748e-20
1.040702712013960627e+04 4.287001645059905890e-20 1.701841577106355131e-20
1.041341094566955144e+04 4.600564455056571642e-20 1.702102782991635162e-20
1.041979477728150050e+04 6.397171236445186332e-20 1.693830626511015257e-20
1.042617861494113458e+04 -7.737272521154977619e-21 1.775571836264588666e-20
1.043256245861201569e+04 1.650801473967895154e-21 1.864550148152125093e-20
1.043894630825979402e+04 5.643729774527476543e-20 1.834342073218809231e-20
1.044533016384867551e+04 1.389091496271835620e-20 1.900651165735236814e-20
1.045171402534278241e+04 3.884305374026107430e-20 1.886996998240361093e-20
1.045809789270741385e+04 -4.130351420592596388e-21 1.817614983023931834e-20
1.046448176590724506e+04 5.448306430922462329e-20 1.964593577743080048e-20
1.047086564490761884e+04 7.884274644758173097e-21 1.773203789043378221e-20
1.047724952967276295e+04 -5.432425407135621658e-21 1.740503546957503509e-20
1.048363342016749812e+04 6.214313932680244487e-20 1.780180388072444229e-20
1.049001731635624674e+04 2.833573326861668542e-20 1.831202585665777543e-20
1.049640121820480090e+04 9.013650481156243376e-21 1.634114522689488174e-20
1.050278512567716461e+04 4.904684572375217261e-20 1.696673970655527812e-20
1.050916903873915180e+04 -5.029012259051737360e-21 1.750263845335149540e-20
1.051555295735531581e+04 -1.840420624975580234e-20 1.816868183049664497e-20
1.052193688149007539e+04 2.032692164910796101e-20 1.846158649151358246e-20
1.052832081110897343e+04 9.806200232661753550e-20 1.871678445322832882e-20
1.053470474617749096e+04 1.752140919173675981e-20 1.814891601886913595e-20
1.054108868665972841e+04 9.501671718340141526e-21 1.790641785594000253e-20
1.054747263252177072e+04 3.403112296110126947e-20 1.729347191934043444e-20
1.055385658372819307e+04 -2.276968041235136371e-20 1.784546071298073332e-20
1.056024054024420366e+04 4.058328671837154173e-20 1.908376813285271762e-20
1.056662450203487788e+04 5.503815531201774063e-22 1.814029172535463270e-20
1.057300846906503466e+04 2.609675571686513434e-20 1.797531017302643985e-20
1.057939244130027328e+04 2.582816338058516485e-20 1.777994749635164958e-20
1.058577641870587468e+04 4.286882028425515256e-20 1.702577929676706484e-20
1.059216040124755636e+04 1.013412075071729720e-20 1.615830870796552176e-20
1.059854438884283445e+04 -7.761944971130414830e-21 1.858627247346156572e-20
1.060505223263029620e+04 2.071415645850660390e-20 1.705287509975982988e-20
1.061143624030291539e+04 3.045538468666258654e-20 1.692421479466866267e-20
1.061782025296913525e+04 -5.430896294052581472e-21 1.838714736701603413e-20
1.062420427059468420e+04 3.040315893239187305e-20 1.772715133355558731e-20
1.063058829314567083e+04 3.001933674145784907e-20 1.829636808673742556e-20
1.063697232058629015e+04 1.816226892053293749e-20 1.706629120361634660e-20
1.064335635288334561e+04 2.567386528463598874e-20 1.724719938084739740e-20
1.064974039000141784e+04 9.366946993344065571e-21 1.678106964394485543e-20
1.065612443190647900e+04 5.963254318379050263e-20 1.828186886054037325e-20
1.066250847856375185e+04 1.444781747486927909e-20 1.700441553841921930e-20
1.066889252993902846e+04 2.681448275474109456e-21 1.684240124674705480e-20
1.067527658599782444e+04 2.288143500685932098e-20 1.679227285623534471e-20
1.068166064670531705e+04 4.774854917978564380e-20 1.668969705490644580e-20
1.068804471202815512e+04 4.975626140625048199e-20 1.670344372680691689e-20
1.069442878193131946e+04 2.517533206452628035e-20 1.666643015884057304e-20
1.070081295435457287e+04 7.169529944557430229e-21 1.661326416907248877e-20
1.070719718911824748e+04 1.866528115325642126e-20 1.800570331773782244e-20
1.071358142836322622e+04 2.771887616434044644e-20 1.797135784756214074e-20
1.071996567205181418e+04 5.344901784314768777e-20 1.775779164181293027e-20
1.072634992014900126e+04 6.524329838483153787e-20 1.766419193168519097e-20
1.073273417262271687e+04 -1.231814839760405573e-20 1.749829792011460322e-20
1.073911842943779084e+04 -1.356357594573204121e-20 1.663497723968725946e-20
1.074550269055968965e+04 2.828928871396893522e-20 1.742968915447259770e-20
1.075188695595500394e+04 2.239345319779854857e-20 1.742405911335585693e-20
1.075827122558948577e+04 4.750181965434273581e-20 1.711283528320822942e-20
1.076465549942878351e+04 -1.070140260686761960e-20 1.679549966542502870e-20
1.077103977743931500e+04 1.935570335086528268e-21 1.739166158090735124e-20
1.077742405958654490e+04 2.151479543580962840e-20 1.740372872578057091e-20
1.078380834583706201e+04 3.225829321049417232e-20 1.804801519908093600e-20
1.079019263615647651e+04 3.536059473580373088e-20 1.786437834538624646e-20
1.079657693051124988e+04 -3.314159810690926924e-21 1.848273382186721161e-20
1.080296122886649391e+04 4.955919402175213588e-20 1.698899667128263188e-20
1.080934553119032171e+04 -1.659551156866691448e-20 1.616583914567498126e-20
1.081572983744704106e+04 1.457105694848825247e-20 1.617448455047490806e-20
1.082211414760421758e+04 2.766369550993010969e-20 1.647321868352639772e-20
1.082849846162681024e+04 2.427516300707490534e-20 1.726948036387468859e-20
1.083488277948187169e+04 3.433482681425155617e-20 1.728750128791169331e-20
1.084126710113564695e+04 2.656143329076673066e-20 1.625158081098965438e-20
1.084765142655366981e+04 4.042673092075699866e-20 1.633564397653406461e-20
1.085403575570342218e+04 6.898882806160858341e-21 1.566768108260728922e-20
1.086042008855037238e+04 8.633014170098396210e-21 1.623413290033792540e-20
1.086680442506141299e+04 2.965749186139338563e-20 1.673104949050881951e-20
1.087318876520250160e+04 4.038773821220284426e-20 1.686785192170170873e-20
1.087957310894039983e+04 3.758692386198762451e-20 1.682158575343420625e-20
1.088595745624129995e+04 2.739965417221004026e-20 1.598758792100933781e-20
1.089234180707183623e+04 2.134077540809688607e-20 1.666571473425231611e-20
1.089872616139842830e+04 -3.004470182151228363e-20 1.498655607491799047e-20
1.090511051918728299e+04 9.706156728773147393e-21 1.538842066136007643e-20
1.091149488040595497e+04 6.838338607995236726e-21 1.647086263470737876e-20
1.091787924501961061e+04 5.168579698896950597e-20 1.650578442008731227e-20
1.092426361299544988e+04 3.925440829852721831e-20 1.673346799399338513e-20
1.093064798430089650e+04 3.873799381408781551e-20 1.700530069478315010e-20
1.093703235890215728e+04 -4.791444496744291156e-21 1.612289078911921886e-20
1.094341673676450228e+04 -5.223433584819495220e-21 1.531267498041431662e-20
1.094980111785664303e+04 2.060952519065228426e-20 1.546353911205675645e-20
1.095630987655678291e+04 2.864994192102111860e-20 1.574438541448385759e-20
1.096269426897308585e+04 -9.757494414297813337e-21 1.551902110073330648e-20
1.096907866927167015e+04 3.390036252102972249e-20 1.514469088055733263e-20
1.097546307271052319e+04 1.568355153105476345e-20 1.569624902448195051e-20
1.098184747920928567e+04 1.402305717119352413e-20 1.566846487143104236e-20
1.098823188873487561e+04 1.159825294674332462e-20 1.636501256409615258e-20
1.099461630125410375e+04 7.224293410765057977e-21 1.641386032521367449e-20
1.100100071673393359e+04 1.842299525196828449e-20 1.594219920634086464e-20
1.100738513514122860e+04 4.613352246281006890e-20 1.632726868385369182e-20
1.101376955644299233e+04 2.899215611343004589e-20 1.622889464501334325e-20
1.102015398060614461e+04 9.012970690519973771e-21 1.587894796036126647e-20
1.102653840759773993e+04 3.105211952812912167e-20 1.669447946843553959e-20
1.103292283738474725e+04 4.066056294046312405e-20 1.472810661846441425e-20
1.103930726993425924e+04 1.903810630473068254e-20 1.509081446370957918e-20
1.104569170521308843e+04 1.846236550947366427e-20 1.530660301932551483e-20
1.105207614318879132e+04 1.304976389608325296e-21 1.651574916024764761e-20
1.105846058382831325e+04 -1.462799599671742526e-20 1.542400680145220101e-20
1.106484502709873232e+04 3.935365794437038863e-20 1.613295793592390690e-20
1.107122947296729399e+04 4.253485466179382223e-20 1.589975218134786586e-20
1.107761392140090538e+04 2.229909366832572574e-20 1.533623154261742165e-20
1.108399837236751591e+04 1.454503450874690579e-20 1.530061079930856235e-20
1.109038282583344335e+04 -7.542727925885418269e-21 1.527352014501316277e-20
1.109676728176666438e+04 3.704772221515202648e-20 1.573938738341578565e-20
1.110315174013420437e+04 5.610079378369236534e-21 1.449804687798258784e-20
1.110953620090343975e+04 8.201264755132989142e-21 1.556871584928182002e-20
1.111592066404166508e+04 4.875378031867202132e-20 1.472399619485768179e-20
1.112230512951610763e+04 4.477978898771141879e-20 1.521319377294080142e-20
1.112868959729470771e+04 2.205417262678444780e-21 1.578915992045933531e-20
1.113507406734434335e+04 9.132072610727651170e-21 1.472445682072274450e-20
1.114145853963260197e+04 3.141167701329121955e-20 1.454039694215202234e-20
1.114784301412683089e+04 9.468610021717605865e-21 1.498631558922446485e-20
1.115422749079483401e+04 1.741549812707403825e-20 1.383945234822170758e-20
1.116061196960400594e+04 -2.700817671963529883e-20 1.498104308220612032e-20
1.116699645052202504e+04 -6.797002072189241835e-21 1.489158220515513951e-20
1.117338093351595307e+04 1.652183477423391887e-20 1.553313514302284287e-20
1.117976541855388859e+04 -6.085618990407842003e-21 1.572560533019884129e-20
1.118614990560330261e+04 1.009651820313631944e-20 1.557633581988693428e-20
1.119253439463165705e+04 1.876254114773826716e-20 1.541913780366833005e-20
1.119891888560694861e+04 1.856986307395046981e-20 1.507198038109494027e-20
1.120530337849688658e+04 1.818667751093631563e-22 1.507636192878578683e-20
1.121168787322152821e+04 1.185147482597292972e-20 1.550571501194559641e-20
1.121819713765446795e+04 1.170832479649150786e-20 1.610710814748979700e-20
1.122458164574747389e+04 1.223814104245249427e-20 1.542625544888397512e-20
1.123096615562299667e+04 2.726105083448932964e-20 1.515327374975223487e-20
1.123735066724918215e+04 3.610751136118065976e-20 1.501529561824305403e-20
1.124373518059356866e+04 1.002362455298038918e-20 1.565496677746718695e-20
1.125011969562428931e+04 3.151670765947109013e-20 1.476763449902909491e-20
1.125650421230901156e+04 4.372213344019747302e-20 1.457354228055130854e-20
1.126288873061583035e+04 6.354082114192013004e-20 1.512479903347872324e-20
1.126927325051254229e+04 -4.638008391629899124e-21 1.366718922503205196e-20
1.127565777196722229e+04 2.543163066455150414e-20 1.372667733096115921e-20
1.128204229494775609e+04 4.215695001003766008e-20 1.560830187594609615e-20
1.128842681942224954e+04 1.118196376552460825e-20 1.456122824632834551e-20
1.129481134535880483e+04 -3.400164185579527130e-20 1.383406973693280894e-20
1.130119587272511853e+04 3.116901870963176522e-20 1.533706659556990822e-20
1.130758040148967120e+04 2.556174602266699913e-20 1.431894299842496047e-20
1.131396493162041043e+04 1.902325458904269731e-20 1.402885261914869834e-20
1.132034946308563485e+04 3.553693716552553194e-20 1.495129075375890392e-20
1.132673399585320658e+04 2.657900874606823350e-20 1.443181339002762472e-20
1.133311852989150429e+04 2.218374069342661551e-20 1.439955590956077629e-20
1.133950306516863202e+04 6.138957798704851669e-21 1.450737666065184685e-20
1.134588760165294480e+04 2.081834014959696238e-20 1.481984463248448564e-20
1.135227213931255756e+04 1.807524671957255606e-20 1.423054078180575986e-20
1.135865667811580352e+04 1.995393579626675788e-20 1.457777342121285540e-20
1.136504121803111047e+04 -3.694105071484792414e-21 1.437500861097562391e-20
1.137142575902661883e+04 1.994903796295005317e-20 1.343365906324787251e-20
1.137781030107082370e+04 6.229946909009046852e-21 1.272575619171601330e-20
1.138419484413198006e+04 3.999242489952129461e-20 1.393528244581033189e-20
1.139057938817851209e+04 2.205838026504203081e-20 1.397233506328625920e-20
1.139696393317901129e+04 5.058476227225843010e-21 1.436109115848764500e-20
1.140334847910157623e+04 6.601998920746883799e-21 1.373852282050639730e-20
1.140973302591519496e+04 2.561959190238810435e-20 1.405812194460985675e-20
1.141611757358776231e+04 5.806502424771847422e-21 1.304554005804795477e-20
1.142250212208839366e+04 2.865642735206371523e-20 1.342436072465372066e-20
1.142888667138503843e+04 -4.364063148681425324e-23 1.400925273670524157e-20
1.143527122144686837e+04 -2.354910048291209006e-20 1.315954287467982640e-20
1.144165577224194385e+04 -6.266316262779872388e-21 1.375361056878493200e-20
1.144804032373920745e+04 3.271229618554561325e-20 1.401937125952171431e-20
1.145442487590709788e+04 8.163474437441473941e-21 1.411683344113356667e-20
1.146080942871461048e+04 5.131237360471617473e-21 1.483077236099116568e-20
1.146719398212993110e+04 -5.854838095849742200e-21 1.373401968589677646e-20
1.147357853612227154e+04 2.487696433952708077e-21 1.393486690209103351e-20
1.147996309065996138e+04 1.293897037681456353e-20 1.430081168315981030e-20
1.148634764571211417e+04 1.536249416884168354e-20 1.372916732720496956e-20
1.149273220124717773e+04 3.588642072865365038e-20 1.472130879908957308e-20
1.149911675723428380e+04 3.227633015882553703e-20 1.381917215424423590e-20
1.150550131364194749e+04 6.075116969129260072e-21 1.401121598147131875e-20
1.151188587043933512e+04 -7.494654176374832502e-21 1.420689122729091902e-20
1.151827042759501819e+04 4.926806926781906546e-20 1.323755256031045816e-20
1.152465498507819939e+04 2.446883487793402900e-20 1.385657465459050508e-20
1.153103954285753571e+04 4.292140054921511898e-22 1.380758955773935215e-20
1.153742410090220983e+04 4.580345461577886000e-20 1.275467901196712908e-20
1.154380865918096060e+04 3.968660265749223528e-20 1.318873270376581736e-20
1.155019321766303801e+04 3.706922504237338822e-20 1.355060471122150965e-20
1.155657777631720091e+04 5.127643226207450018e-20 1.390362357749195101e-20
1.156296233511275932e+04 5.546745586803718911e-20 1.361224347896678931e-20
1.156934689401854666e+04 2.907531889394598004e-20 1.410430889707606863e-20
1.157573145300386750e+04 -1.381251454571296032e-20 1.383789235465973965e-20
1.158211601203762802e+04 1.500190059215586571e-20 1.338470854851825763e-20
1.158850057108916917e+04 2.136370244533119907e-20 1.389139246076902372e-20
1.159488513012748808e+04 1.151393341687051280e-20 1.385395054384411631e-20
1.160139500903878616e+04 3.355261927697326338e-20 1.315565669716203971e-20
1.160777957276635607e+04 2.034008242877065679e-20 1.340634032208911360e-20
1.161416414101540431e+04 1.496719987030799727e-20 1.406386075740379547e-20
1.162054870917195149e+04 2.349660356262414929e-20 1.413012115905401136e-20
1.162693327715878877e+04 9.222733475430926433e-21 1.353848933121652379e-20
1.163331784494526619e+04 -3.637726491316115213e-21 1.387499933397008599e-20
1.163970241250068830e+04 -1.421565474167262250e-20 1.312080669002005376e-20
1.164608697979442695e+04 -5.174484621881893096e-21 1.323510124741764332e-20
1.165247154679584128e+04 -2.268234647305286872e-20 1.355153865243725341e-20
1.165885611347435588e+04 -8.844272528621860773e-21 1.297355676944007139e-20
1.166524067979935717e+04 -1.831576357744166413e-20 1.309813570375160913e-20
1.167162524574034251e+04 -2.777491060203438448e-20 1.357047680264379126e-20
1.167800981126673469e+04 1.532770109062805596e-20 1.355212063795724179e-20
1.168439437634806927e+04 4.979322851527494091e-20 1.365262848331783683e-20
1.169077894095382362e+04 7.972354973256721122e-21 1.384744378680571618e-20
1.169716350505359333e+04 1.223373912306542714e-20 1.299199387352174281e-20
1.170354806861688303e+04 3.805156166266101344e-20 1.320149324146355976e-20
1.170993263161332834e+04 5.144927828460407112e-20 1.467210295576862681e-20
1.171631719401249757e+04 -3.866625197655440693e-22 1.408032721101597900e-20
1.172270175578407543e+04 5.234002034164718841e-21 1.352566964689465572e-20
1.172908631689767026e+04 2.403619780491044113e-20 1.356341830588361456e-20
1.173547087732301043e+04 1.131327038952251265e-20 1.376461233403540022e-20
1.174185543702975156e+04 1.453110016487005213e-20 1.341698262975109802e-20
1.174823999598767659e+04 -1.695513915577370468e-20 1.389290751447373509e-20
1.175462455416647936e+04 -4.114795064320699204e-21 1.337513429836082469e-20
1.176100911153597008e+04 3.379876416277902838e-20 1.475750848611033756e-20
1.176739366806593716e+04 2.938832627064731377e-20 1.298758484528132625e-20
1.177377822372611627e+04 4.039319045569989192e-20 1.400720443853588481e-20
1.178016277848661412e+04 4.563891272923884888e-20 1.280707941588189924e-20
1.178654733231701903e+04 4.864681836610915203e-20 1.367745977429618665e-20
1.179293188518734860e+04 1.997823897315632983e-20 1.404146007178375077e-20
1.179931643706747309e+04 4.376917865023505537e-20 1.452355828744281042e-20
1.180570098792727367e+04 2.971896097190993920e-20 1.484451858588341704e-20
1.181208553773695530e+04 1.781445809447355875e-20 1.260975121115571006e-20
1.181847008646625000e+04 3.777103756521054093e-20 1.350852850665688211e-20
1.182485463408523356e+04 5.827966512144197638e-20 1.407466676721347164e-20
1.183123918056396906e+04 2.531734157033547337e-20 1.406499590519476944e-20
1.183762372587245954e+04 -7.884487984792387126e-22 1.265895266155943934e-20
1.184400826998083539e+04 -1.399907731779781392e-20 1.278800603026754871e-20
1.185039281285913421e+04 2.982836179981868450e-20 1.371165610528685222e-20
1.185677735447753912e+04 1.935841717563876322e-21 1.241432444819899666e-20
1.186316189480613139e+04 2.239159203402007493e-20 1.325810816573800077e-20
1.186954643376823515e+04 -1.613455069075940961e-20 1.270066105974527984e-20
1.187593096679097653e+04 -5.997125518671264510e-21 1.287386413275593078e-20
1.188244123769436737e+04 -8.002504521506554019e-21 1.249193711778890293e-20
1.188882578193221525e+04 4.105026394857687318e-20 1.308841679161474771e-20
1.189521032472845218e+04 3.275322577209564805e-20 1.294253824472453749e-20
1.190159486605401980e+04 -1.704923397913428360e-21 1.233051830226454903e-20
1.190797940587826452e+04 -2.482069735911399659e-20 1.203587905628657143e-20
1.191436394417260817e+04 8.527211553019167566e-21 1.330414504604966989e-20
1.192074848090649721e+04 2.383267965074050028e-20 1.333563318432266531e-20
1.192713301605086599e+04 3.532420367734764707e-20 1.308281642985692588e-20
1.193351754957562116e+04 -1.335365692686965919e-20 1.324581496287803176e-20
1.193990208145189717e+04 3.501460678017956984e-20 1.298440757763896057e-20
1.194628661164949517e+04 -4.130488803960311395e-21 1.207596608155095661e-20
1.195267114013915852e+04 -4.047239440836278446e-22 1.264124846435876595e-20
1.195905566689131228e+04 8.395102060318127093e-21 1.252254639254240847e-20
1.196544019187645972e+04 1.657663626372335852e-20 1.255240207219042085e-20
1.197182471506521870e+04 2.690572514864139937e-21 1.172709542255582321e-20
1.197820923642798516e+04 2.024171385901978802e-20 1.300271945244561382e-20
1.198459375593558434e+04 1.294392588745442358e-20 1.287577663677251286e-20
1.199097827355829213e+04 2.042948789536283779e-20 1.339683262142691287e-20
1.199736278926713385e+04 2.278061392792461201e-20 1.272400093454568695e-20
1.200374730303227807e+04 4.343093802734298819e-20 1.305395865202705774e-20
1.201013181482492655e+04 2.706603018133566115e-20 1.349326299125728216e-20
1.201651632461522422e+04 -6.939127292665399245e-21 1.304258363848746436e-20
1.202290083237439285e+04 -6.199867860342817491e-21 1.273122392671691831e-20
1.202928533807275744e+04 -1.923421625727437253e-20 1.210365910502678801e-20
1.203566984168140698e+04 1.015935294810235818e-20 1.189990065562763526e-20
1.204205434317087202e+04 -5.062189463020266240e-21 1.204994381756533786e-20
1.204843884251212876e+04 9.410207721146209076e-21 1.241621016283979150e-20
1.205482333967593149e+04 -1.144977421541280168e-20 1.169237556142129464e-20
1.206120783463310909e+04 2.499341511083242853e-20 1.240989540887382237e-20
1.206759232735464138e+04 -7.225782519178041090e-21 1.306307273563947535e-20
1.207397681781123174e+04 2.397468039995675596e-20 1.273141497521420793e-20
1.208036130597430383e+04 1.542109661165634154e-20 1.220853560713406929e-20
1.208674579181376612e+04 2.926794530572927119e-20 1.203691277616787939e-20
1.209313027530170439e+04 5.739856926825096841e-22 1.217958690377108926e-20
1.209951475640854187e+04 -2.067820886593094636e-21 1.155313673506742656e-20
1.210589923510541303e+04 2.269231670238249265e-20 1.214700024531500083e-20
1.211228371136287024e+04 3.189061360632635125e-20 1.301185592995173393e-20
1.211866818515279192e+04 7.560076474117423306e-21 1.249394141330285559e-20
1.212505265644597603e+04 3.127951516954674736e-20 1.289970442739913798e-20
1.213143712521324414e+04 1.002803484006594691e-20 1.237788058250365022e-20
1.213782159142587079e+04 1.871829214720042620e-20 1.316664800428549429e-20
1.214420605505496860e+04 1.156188939200957883e-20 1.292802968407068518e-20
1.215059051607182482e+04 6.161103852684465761e-20 1.355822035720886065e-20
1.215697497444740475e+04 3.482363846349686114e-20 1.274873278494029256e-20
1.216335943015349767e+04 3.727932274588075001e-20 1.347307805943923802e-20
1.216974388316039403e+04 2.283352903432845065e-20 1.299023365586653282e-20
1.217612833344011051e+04 2.857240103074593829e-20 1.299391029599399579e-20
1.218251278096313217e+04 3.948773660326733696e-20 1.291070245002291628e-20
1.218889722570174308e+04 2.226912479251785731e-20 1.238387927423512367e-20
1.219528166762690307e+04 3.887807413508998695e-20 1.300139794814690190e-20
1.220166610670969203e+04 -3.550819195322039280e-21 1.231394793168328268e-20
1.220805054292159548e+04 2.230627592028514413e-20 1.229997749207138722e-20
1.221443497623428811e+04 9.829951930903115458e-21 1.207162155909033546e-20
1.222081940661847511e+04 9.976163580302983955e-21 1.217272535393510325e-20
1.222720383404644053e+04 -1.060067276120305131e-20 1.219988067121703829e-20
1.223358825848915694e+04 4.509577017753665216e-20 1.234504219874141789e-20
1.223997267991793706e+04 2.503527647881922778e-20 1.241906258819331641e-20
1.224635709830476844e+04 3.302864063299195012e-21 1.231936018212217886e-20
1.225274151362066914e+04 -1.120088218973332846e-20 1.214757232095618003e-20
1.225912592583761943e+04 1.420007170223901756e-20 1.265647448996429862e-20
1.226551033492687020e+04 1.647645372086615882e-20 1.258212180502343609e-20
1.227189474086019436e+04 2.410707293931259385e-20 1.425447754494457688e-20
1.227827914360912473e+04 -9.244681018626389319e-21 1.310948910342494548e-20
1.228466354314525779e+04 4.528432210889226779e-20 1.303096105780444071e-20
1.229104793944068660e+04 3.516031859477429366e-20 1.318133375829843992e-20
1.229743233246511227e+04 -4.977649172897037242e-21 1.171094489314342455e-20
1.230394303744745775e+04 -1.078101769550263203e-20 1.193650418332560803e-20
1.231032743299557660e+04 2.798177435563617749e-20 1.274535225325053638e-20
1.231671182523208518e+04 2.553165843501828746e-20 1.186294509032638611e-20
1.232309621408324529e+04 3.936598295292134223e-20 1.233459268121846502e-20
1.232948059952111907e+04 3.906552096641556854e-20 1.213900629472225589e-20
1.233586498151813794e+04 3.381634694213928930e-20 1.316388481994200992e-20
1.234224936004457777e+04 -1.043282463448562287e-20 1.189941519463951415e-20
1.234863373507323922e+04 1.461195131830312939e-20 1.220528317572729839e-20
1.235501810657688293e+04 3.671007070570788182e-20 1.154860404741610590e-20
1.236140247452590302e+04 4.876993409479832736e-20 1.185064777889370172e-20
1.236778683889276545e+04 7.994050100148392667e-21 1.240135715221360495e-20
1.237417119964942685e+04 3.134593473205693526e-20 1.193960948719027318e-20
1.238055555676786571e+04 8.982354441671979247e-21 1.214099466614629236e-20
1.238693991022005321e+04 1.666464595971897121e-20 1.214609461644018530e-20
1.239332425997833161e+04 2.539696517253812045e-20 1.242489257684006317e-20
1.239970860601372442e+04 9.666012933914216139e-21 1.234867772977754718e-20
1.240609294829960527e+04 1.083891801843767156e-20 1.255412765060085869e-20
1.241247728680702858e+04 5.517071312301647360e-20 1.304977014225884573e-20
1.241886162150845485e+04 2.764085703543524042e-20 1.325899960622977908e-20
1.242524595237591166e+04 9.414748751883037391e-21 1.137247860751492751e-20
1.243163027938158848e+04 3.844934358223265973e-20 1.257787209083818803e-20
1.243801460249763113e+04 3.667255679448579780e-20 1.266851186158624499e-20
1.244439892169620725e+04 2.934039912641378803e-20 1.243990111381615775e-20
1.245078323694954270e+04 2.926178762386671402e-20 1.224500020216408019e-20
1.245716754822980874e+04 -2.931266124668286640e-20 1.192385203359685129e-20
1.246355185550964234e+04 4.759649948878968807e-21 1.296801571239413493e-20
1.246993615876020704e+04 3.390454004943529372e-20 1.250300948025538493e-20
1.247632045795521481e+04 6.053792283635025867e-20 1.212053480421771274e-20
1.248270475306587650e+04 9.925162360585959914e-21 1.229922806053373159e-20
1.248908904406490183e+04 1.692581510596720396e-20 1.189805724457551770e-20
1.249547333092464214e+04 3.302440569268487892e-20 1.242087784069385917e-20
1.250185761361744881e+04 2.563310091611283151e-21 1.200854964520624829e-20
1.250824189211573321e+04 2.508952709834359751e-20 1.223340170380675350e-20
1.251462616639187399e+04 2.351857656648091281e-20 1.247367959623785451e-20
1.252101043641835167e+04 2.230529556269475912e-20 1.209556960049745072e-20
1.252739470216792142e+04 1.241868623591999208e-20 1.219084919874269798e-20
1.253377896361233616e+04 -5.002633402385397876e-21 1.265896689957075569e-20
1.254016322072449111e+04 -3.512641861837384524e-21 1.149992402964117160e-20
1.254654747347726334e+04 -7.195469711576691259e-21 1.150824676283291073e-20
1.255293172184206924e+04 2.594660376531288062e-20 1.175374305843142320e-20
1.255931596579297184e+04 2.227450328032878424e-20 1.225691467769700345e-20
1.256570020530183683e+04 2.516058038765231775e-20 1.245278835621473708e-20
1.257208444034120839e+04 1.200501823023322695e-20 1.173631078560162087e-20
1.257846867088330328e+04 2.254563351136031738e-21 1.161837565724446582e-20
1.258485289690159698e+04 1.005361750898489844e-21 1.198614520992613338e-20
1.259123711836834991e+04 1.484312705543539050e-20 1.227811875756622602e-20
1.259762133520959469e+04 3.391582470377930526e-20 1.228833421683499031e-20
1.260400554298576571e+04 2.061848493225956161e-20 1.231061141170747137e-20
1.261051650871833408e+04 -4.640681819848634341e-22 1.189316668480248694e-20
1.261690072077708828e+04 -2.571656764561426037e-20 1.134373731043531214e-20
1.262328492814475976e+04 1.936131899965282434e-20 1.206668442901397654e-20
1.262966913079509322e+04 1.790044098356012111e-20 1.127355957162197156e-20
1.263605332870052189e+04 -1.712287629988590076e-20 1.112294166807482755e-20
1.264243752183409379e+04 -1.800223763595292163e-20 1.080609275332163183e-20
1.264882171016863140e+04 2.167088323318018574e-20 1.168920025375678849e-20
1.265520589367687717e+04 2.448666907396857284e-20 1.206057764386736165e-20
1.266159007233203920e+04 -4.380924311503854514e-21 1.154458386191139382e-20
1.266797424610698545e+04 1.948847397447149572e-20 1.147193571972922942e-20
1.267435841497429465e+04 3.855030981733463861e-20 1.130628620279400638e-20
1.268074257890700574e+04 2.743785987068557661e-20 1.151247050110126605e-20
1.268712673787828317e+04 2.728133087432781640e-21 1.109319070495927565e-20
1.269351089186113677e+04 4.126646028621567687e-21 1.110213517188180789e-20
1.269989504082885833e+04 -4.861681215897731107e-21 1.100102325680841249e-20
1.270627918475440492e+04 -1.403803169758967204e-20 1.092741725953298534e-20
1.271266332360986780e+04 1.152512532330922070e-20 1.121234423590918805e-20
1.271904745736927180e+04 2.258416052916510679e-20 1.209131376480396044e-20
1.272543158600545212e+04 6.967470496325795345e-21 1.137134196811095390e-20
1.273181570949162233e+04 3.827347875020806270e-21 1.153397692362322269e-20
1.273819982780103055e+04 -5.110863517781347521e-23 1.167611107550265753e-20
1.274458394090655020e+04 -8.714771621118676052e-21 1.105728716490309534e-20
1.275096804878179137e+04 1.559258491668872246e-20 1.236428119307728050e-20
1.275735215139999855e+04 2.036417320683853729e-20 1.234546024790011611e-20
1.276373624873381232e+04 1.642722520059336712e-20 1.129093090240144326e-20
1.277012034075679912e+04 1.896980574189524677e-20 1.071255985357401213e-20
1.277650442744219617e+04 2.181754762169163053e-20 1.069587422420496985e-20
1.278288850876402103e+04 1.902863856305507585e-21 1.123258937873251481e-20
1.278927258469418484e+04 -1.084846779987959660e-20 1.192059952783099051e-20
1.279565665520894981e+04 -2.097654324079675605e-20 1.088535919349162729e-20
1.280204072027640723e+04 5.760567965853442446e-21 1.109861676679858788e-20
1.280842477987605344e+04 4.205281118573153509e-21 1.138309131660120275e-20
1.281480883397683829e+04 3.516999659274923368e-20 1.199759304736277149e-20
1.282119288255294123e+04 1.500737461078431353e-21 1.108740513094581319e-20
1.282757692557916744e+04 1.894674548894272327e-20 1.211038666009330272e-20
1.283396096302753176e+04 -1.147236399573069284e-20 1.206844689208513734e-20
1.284034499487241555e+04 -3.231040099079929918e-22 1.166311427585428072e-20
1.284672902108710878e+04 1.482014044212026736e-20 1.269092487594194224e-20
1.285311304164564717e+04 1.718732381357055960e-20 1.159285345265308779e-20
1.285949705652076773e+04 4.140172808228303261e-20 1.224150301662524793e-20
1.286588106568610965e+04 -5.457631890851810265e-22 1.209943097119421005e-20
1.287226506911572869e+04 2.207675882999031297e-20 1.253057095674099759e-20
1.287864906678290208e+04 -2.164672859538497692e-21 1.168685474319878751e-20
1.288503305866193659e+04 3.876445230835439546e-22 1.116554846656708564e-20
1.289141704472547463e+04 -2.682703681297837922e-20 1.163495573186545816e-20
1.289780102494743369e+04 -1.049859740417951117e-20 1.164533156220671865e-20
1.290418499930189319e+04 4.603041108982327121e-20 1.245393233239519969e-20
1.291056896776270150e+04 3.267003684176571192e-20 1.223212571484665004e-20
1.291695293030280664e+04 3.151921992894990146e-20 1.113109619542827784e-20
1.292333688689640621e+04 2.265101345345110735e-22 1.147203994568412754e-20
1.292972083751767786e+04 1.682748942679510481e-20 1.112771207674421886e-20
1.293610478214017712e+04 5.790866488865000902e-21 1.162337294651938178e-20
1.294248872073670645e+04 2.370723400393660211e-20 1.224860696922890491e-20
1.294887265328209469e+04 1.739302310624257661e-20 1.223574669968684055e-20
1.295525657974993919e+04 1.198944692125319314e-20 1.222989852731403278e-20
1.296164050011411564e+04 -1.458519290698429999e-20 1.163050789856975420e-20
1.296802441435096989e+04 1.978100558892744260e-20 1.140731213566630730e-20
1.297440832243005934e+04 2.493724719365929308e-20 1.179005243937363560e-20
1.298079222432860843e+04 1.189110433988164194e-20 1.122550367085173525e-20
1.298717612001688030e+04 3.636151326540500005e-21 1.156689054108583683e-20
1.299356000947230677e+04 1.675359511791318634e-20 1.187688001058767376e-20
1.299994389266731196e+04 5.130181652354827954e-21 1.225618499112265075e-20
1.300632776957611895e+04 2.718367295238104853e-20 1.241605166601909101e-20
1.301271164017433330e+04 -5.953153995991525844e-21 1.182632023053975592e-20
1.301909550443339140e+04 2.519839101738412222e-20 1.152502282555947270e-20
1.302547936232866232e+04 9.963654486693360262e-21 1.182309917767888404e-20
1.303186321383488576e+04 6.324997825997390170e-21 1.156872416066329898e-20
1.303824705892470411e+04 7.235171608021664456e-21 1.223617784698948489e-20
1.304463089761207993e+04 -3.284000420046650796e-21 1.109074564469563380e-20
1.305101495348895696e+04 -8.034501288151082319e-21 1.124985394306920618e-20
1.305739911519381894e+04 -5.585630438634395455e-21 1.134795759886289030e-20
1.306378327037935742e+04 -4.456686679875350417e-21 1.134431860161681613e-20
1.307016741901829846e+04 1.653048784902140261e-20 1.204749452754797142e-20
1.307667895377489185e+04 8.733846207459865815e-21 1.189352385362325320e-20
1.308306309372732721e+04 -7.698153608598042686e-21 1.222259443110426336e-20
1.308944723141863324e+04 1.762251032469022587e-20 1.237365983644557681e-20
1.309583136250409189e+04 4.622601404350487505e-20 1.196529786789917390e-20
1.310221548691447606e+04 4.174602293092294070e-20 1.274926442529423403e-20
1.310859960462117124e+04 -1.948862151294371710e-20 1.305743286762620109e-20
1.311498371560150008e+04 4.709445996800862958e-20 1.218404487574161254e-20
1.312136781982568209e+04 3.962978865298278784e-20 1.238104998733344564e-20
1.312775191727104720e+04 -6.544274965816608988e-22 1.174164881833504828e-20
1.313413600791079989e+04 1.798790420394076072e-20 1.117895279048515715e-20
1.314052009171994905e+04 1.280696125902215656e-20 1.080721806084280598e-20
1.314690416867359272e+04 3.845401951991555140e-22 1.179553781052855958e-20
1.315328823874497721e+04 3.454787695167408433e-20 1.214428235469482571e-20
1.315967230190920600e+04 1.281451252170468447e-20 1.212813514499094207e-20
1.316605635814195557e+04 1.856156113118031346e-20 1.195906245423664136e-20
1.317244040741532081e+04 -6.463356300962112258e-21 1.211688174980632964e-20
1.317882444970508914e+04 3.430022624114305573e-22 1.171075095747513028e-20
1.318520848498644227e+04 1.199492218449002286e-20 1.239702295760692424e-20
1.319159251323274111e+04 2.494657198072167272e-20 1.279989169390603441e-20
1.319797653441976217e+04 4.066130271393471974e-20 1.233332050619708696e-20
1.320436054852092639e+04 7.479848169426073850e-21 1.190690395016900926e-20
1.321074455551151914e+04 1.087905507892405545e-20 1.052902420177644226e-20
1.321712855536682582e+04 -8.987196264110483920e-21 1.037743306741333571e-20
1.322351254806091129e+04 -1.314292214636134547e-20 9.984744605381817490e-21
1.322989653356903909e+04 1.578639159214786073e-20 1.135937451069748846e-20
1.323628051186536322e+04 -6.075715077323047802e-21 1.203521907036054828e-20
1.324266448292400673e+04 -6.684464974985078530e-22 1.158814482052967233e-20
1.324904844672158288e+04 -1.165467061793745026e-20 1.110368664149739497e-20
1.325543240322906604e+04 7.197540903849595719e-21 1.183572437086745534e-20
1.326181635242502671e+04 4.720581110282697557e-21 1.227471153372732725e-20
1.326820029428309317e+04 2.825084954614382747e-20 1.175117554371844222e-20
1.327458422877744124e+04 7.715235218300781736e-21 1.413160047996577327e-20
1.328096815588354184e+04 -6.142780397610721524e-21 1.270723653738427796e-20
1.328735207557690410e+04 -7.572323397709679723e-21 1.353649918781939958e-20
1.329373598783117450e+04 4.344988949875766351e-20 1.157965662584763400e-20
1.330011989262321367e+04 2.667733387601771447e-20 1.170788364981106818e-20
1.330650378992535843e+04 8.047461114129644881e-21 1.178776659786660820e-20
1.331288767971381822e+04 5.147148533464791656e-21 1.122860356342763969e-20
1.331927156196489523e+04 2.331442764439570179e-20 1.115282702134526067e-20
1.332565543665167388e+04 7.507513532499713461e-21 1.140838237950688632e-20
1.333203930375042728e+04 -7.525353054010743235e-21 1.125521559082888758e-20
1.333842316323422347e+04 1.525648322524078960e-20 1.209132522614961695e-20
1.334480701508069433e+04 2.283834435517348926e-20 1.257224490690280369e-20
1.335119085926300249e+04 1.444533614374457587e-20 1.303081603181900157e-20
1.335757469575622963e+04 1.298287057255077359e-20 1.184682954329690555e-20
1.336395852453815132e+04 3.332071670333692646e-20 1.210118220151480184e-20
1.337034234558048956e+04 3.234897866824391490e-20 1.158560190715250409e-20
1.337672615885907726e+04 -5.348965524204993934e-21 1.120941857272912119e-20
1.338310996434979279e+04 -1.275227215746166945e-21 1.164448650839619106e-20
1.338949376202781968e+04 2.976575049178720162e-20 1.099954847828033731e-20
1.339587755186901268e+04 2.049940761292091548e-21 1.142076141856984518e-20
1.340226133384791137e+04 4.041562418209795158e-21 1.198194565861596277e-20
1.340864510789551423e+04 1.956194485580917890e-20 1.170437039489760212e-20
1.341515673040253387e+04 4.424143677807807835e-21 1.210376320035126265e-20
1.342154049741568633e+04 1.235859785995268507e-20 1.161435136763045023e-20
1.342792425646450647e+04 -1.529871918424656146e-20 1.203357051553723370e-20
1.343430800752725008e+04 1.743063437215719671e-20 1.107675917997675779e-20
1.344069175057576103e+04 9.880124150376230775e-21 1.064012301045413549e-20
1.344707548558625422e+04 8.160487125419173950e-21 1.113246197640626271e-20
1.345345921253512461e+04 1.953913948142118334e-20 1.163001934182260224e-20
1.345984293139898364e+04 1.224350804828391099e-20 1.162813450426370282e-20
1.346622664215014993e+04 4.392585371850987850e-20 1.168849143846788567e-20
1.347261034476461464e+04 3.076936583138764043e-21 1.077497150652916533e-20
1.347899403921962221e+04 2.011790986357910196e-20 1.129075379503158608e-20
1.348537772548960311e+04 1.735558539553956772e-20 1.236887961209231232e-20
1.349176140354948075e+04 6.582833671956982340e-21 1.213197303089000153e-20
1.349814507337633950e+04 -2.298718249369923223e-21 1.173409974537961552e-20
1.350452873494530286e+04 2.134137514539291952e-20 1.193411049826181342e-20
1.351091238823017011e+04 -1.131591122011077841e-20 1.135896702356035804e-20
1.351729603320852766e+04 3.317103462015216841e-21 1.202375511002818727e-20
1.352367966985508247e+04 2.682875910133704424e-20 1.169306419785536364e-20
1.353006329814726269e+04 1.743591227681828932e-20 1.173089205339282417e-20
1.353644691805735965e+04 -2.263279452926530661e-20 1.161847915622580857e-20
1.354283052956270876e+04 -5.870276108376811688e-21 1.197843855185526050e-20
1.354921413263982686e+04 2.536163571019639980e-20 1.130481467104875829e-20
1.355559772726320807e+04 3.010287337875595139e-20 1.149980652007803622e-20
1.356198131340750660e+04 1.375730392954974273e-20 1.145512709748470120e-20
1.356836489104977045e+04 2.257549730049242141e-20 1.137428794055589301e-20
1.357474846016633455e+04 2.689127545816688510e-20 1.162209579896923743e-20
1.358113202073176035e+04 1.514904224858808235e-20 1.204042641917446539e-20
1.358751557272383252e+04 -1.100550008070004296e-20 1.172239326485165508e-20
1.359389911611693060e+04 2.071215204680673167e-21 1.205508379736636180e-20
1.360028265088621265e+04 3.729477376985858629e-21 1.118038165165594408e-20
1.360666617700790266e+04 2.294405848524566796e-20 1.247807594002120316e-20
1.361304969445903225e+04 3.234230478688027001e-20 1.217098250954146556e-20
1.361943320321379906e+04 3.977503504153103069e-21 1.153301136763026445e-20
1.362581670324860715e+04 5.736627815281825877e-21 1.174259252153956684e-20
1.363220019453973873e+04 6.669328865600013873e-21 1.172478295556690089e-20
1.363858367706369609e+04 1.214468727116778051e-20 1.137339451043861751e-20
1.364496715079478963e+04 5.773377260140617034e-22 1.136700926937163703e-20
1.365135061571001097e+04 1.562963479681463341e-20 1.115023702033172268e-20
1.365773407178500383e+04 2.527342245291468568e-20 1.103749802560621859e-20
1.366411751899522460e+04 1.106793353977482342e-20 1.157020614058737572e-20
1.367050095731990587e+04 3.772044121565894868e-20 1.169385918308610729e-20
1.367688438673070777e+04 1.968437793255286300e-20 1.180121046700097870e-20
1.368326780720493116e+04 2.985680122620585252e-20 1.147360709351842057e-20
1.368965121872249802e+04 2.668165104018162406e-20 1.136945373934328647e-20
1.369603462125287115e+04 3.351326323061707991e-20 1.225847902088337467e-20
1.370241801477732042e+04 1.854331378587470592e-20 1.118643797299542075e-20
1.370880139926850825e+04 -2.326943692087900211e-20 1.155132380760953548e-20
1.371518477470583275e+04 6.552905578421290057e-22 1.170424188543474873e-20
1.372156814106402271e+04 1.177975077623832820e-20 1.111859575729930643e-20
1.372795149831813251e+04 3.872058667673595974e-20 1.169095238328071469e-20
1.373433484644459713e+04 3.678249992026946436e-20 1.154005629851891484e-20
1.374071818542213805e+04 2.715223650781252360e-20 1.166200384234590250e-20
1.374710151522495107e+04 1.501809457067425908e-20 1.231142762995680589e-20
1.375348483582893095e+04 1.331933898673456198e-20 1.198912815355667935e-20
1.375986814721184055e+04 1.452332305576903322e-20 1.178508892155365464e-20
1.376625144934808668e+04 -1.933641920470577032e-20 1.138045070387387651e-20
1.377263474221515935e+04 5.054135688249741290e-22 1.177951262109321552e-20
1.377901802579004652e+04 3.461513991253720716e-20 1.205127738772408498e-20
1.378540130004813545e+04 4.740955880142916699e-21 1.211102999194500288e-20
1.379178456496523904e+04 1.220475984577999674e-20 1.186411394546821792e-20
1.379816782051830342e+04 5.966251046939776386e-21 1.172742588975399459e-20
1.380455106668383269e+04 9.730389362665509418e-22 1.253815241608519022e-20
1.381093430344006083e+04 -2.343366849407157245e-20 1.170761712084392075e-20
1.381731753075970482e+04 1.510626490155286332e-20 1.166221252779066414e-20
1.382370074862123511e+04 1.741502736661541995e-20 1.185243602227846912e-20
1.383008395700193978e+04 7.994082996266431604e-21 1.162736039780692571e-20
1.383646715587625840e+04 2.604177198895141221e-20 1.165461637488403832e-20
1.384285034522282513e+04 -1.763682243727515092e-20 1.111737976871478708e-20
1.384923352501633053e+04 3.683375816479262051e-20 1.164724344100193116e-20
1.385561669523392629e+04 1.479551130536288496e-20 1.151509512415197745e-20
1.386199985585339709e+04 3.948584692270573792e-20 1.123652605892981086e-20
1.386838300685028298e+04 1.462777770338382701e-20 1.092879053652984854e-20
1.387476614820104987e+04 5.753460140975431240e-21 1.122481975439698951e-20
1.388114927988173440e+04 -9.136723716018805735e-21 1.143794892291952694e-20
1.388753240186961739e+04 -1.800232988372810003e-20 1.136783958771847133e-20
1.389391551414221431e+04 2.230541569495607950e-20 1.132014673169798921e-20
1.390029861667465775e+04 -6.572342763651129574e-21 1.126782717038735375e-20
1.390668170944508347e+04 1.564323633563443380e-21 1.183257290168131895e-20
1.391306479242951173e+04 1.209451870531852460e-20 1.175731973218850173e-20
1.391944786560474313e+04 -8.287047118589639076e-21 1.113771935570961345e-20
1.392583092894717447e+04 1.900881441171446577e-20 1.082977863921475928e-20
1.393221398243301701e+04 2.643187066420214928e-20 1.127761291028078491e-20
1.393859702603990263e+04 1.875180901432927724e-20 1.132599302592382904e-20
1.394498005974424086e+04 -1.033103804959001917e-21 1.159215336310262020e-20
1.395136308352419292e+04 2.957909078483296173e-20 1.123077984703357428e-20
1.395787466698240860e+04 1.756359678045874598e-20 1.074727338671315490e-20
1.396425767521002490e+04 1.809402145722919066e-21 1.191885102041854652e-20
1.397064067760735088e+04 -6.569360122604843998e-21 1.199882568051053369e-20
1.397702367002771462e+04 1.772458239764373751e-20 1.176072032703904490e-20
1.398340665240475573e+04 2.984013493824647625e-20 1.164114645910729661e-20
1.398978962471454543e+04 2.979682780442113461e-20 1.127101199713700717e-20
1.399617258693670192e+04 3.136491900147804006e-20 1.179333422279137656e-20
1.400255553904546287e+04 -9.369116029684916554e-21 1.151349666017204499e-20
1.400893848101688855e+04 -2.409055518017313189e-21 1.177852292935665141e-20
1.401532141283160672e+04 -1.023145392858577690e-20 1.214786485170141640e-20
1.402170433446479910e+04 -6.256345532813333378e-22 1.212965225914033161e-20
1.402808724589342637e+04 -2.929412404080784731e-20 1.209319591362853787e-20
1.403447014709461837e+04 4.703528201625517266e-21 1.266565992979142640e-20
1.404085303804362775e+04 3.600787500192723323e-21 9.899468831903936676e-21
1.404723591872190445e+04 -3.280106056544410721e-21 1.078027314310677642e-20
1.405361878910309497e+04 7.304682286498567860e-21 1.173445812528324876e-20
1.406000164916514404e+04 4.544789661598041844e-20 1.237903542334158453e-20
1.406638449888422656e+04 2.566854522207318950e-20 1.154895418308493311e-20
1.407276733823934046e+04 -9.311332573562989294e-22 1.196591308341788339e-20
1.407915016720678250e+04 1.418175468537901780e-20 1.149630262876542529e-20
1.408553298576454108e+04 -7.591676842231768031e-21 1.101631127408826536e-20
1.409191579388714126e+04 3.585423602270035024e-20 1.131376684893861931e-20
1.409829859155454506e+04 1.419573950523741620e-20 1.242626592790275880e-20
1.410468137874301101e+04 7.840581198463024671e-21 1.196555078490879306e-20
1.411106415542887771e+04 2.885188365734470598e-20 1.184738512090563167e-20
1.411744692159131409e+04 3.768333090262348517e-20 1.146952735331638417e-20
1.412382967720661873e+04 1.824535163412614846e-20 1.188115680519733068e-20
1.413021242225207061e+04 -4.901398916339031959e-22 1.148190990433199736e-20
1.413659515670508154e+04 -7.623809267865074640e-21 1.148939914496098334e-20
1.414297788054288867e+04 -2.470786081166722031e-20 1.119654675833839380e-20
1.414936059374192155e+04 9.154348110185096472e-21 1.132765791503268444e-20
1.415574329628332089e+04 9.768056517174930093e-21 1.156788479929766270e-20
1.416212598813794648e+04 1.126030711767724559e-20 1.090887336079311672e-20
1.416850866928867254e+04 -7.926300714852886284e-21 1.289949923560399907e-20
1.417489133971123920e+04 3.782862630318215557e-20 1.097613144077701148e-20
1.418127399938297276e+04 5.578186949539344845e-21 1.186498853153449132e-20
1.418765664828128138e+04 7.746091046074700063e-21 1.141989928703401991e-20
1.419403928638377693e+04 2.548604702816765242e-20 1.170217926040381639e-20
1.420042191366783845e+04 4.903916357440081761e-21 1.111922669732139254e-20
1.420680453011094869e+04 2.136083193227821534e-20 1.004129229183613327e-20
1.421318713569168358e+04 2.207220774848627664e-20 1.027772217757957522e-20
1.421956973038466276e+04 1.444838601487792505e-20 1.082029030366636266e-20
1.422595231417022660e+04 2.581098974467358284e-20 1.173006317566850315e-20
1.423233488702517570e+04 2.488051558102060015e-20 1.164030206248934303e-20
1.423871744892883908e+04 8.832868714787847319e-21 1.166995394163959804e-20
1.424509999985313698e+04 1.179761335193122382e-20 1.276186899495401198e-20
1.425148253978242064e+04 9.633902547791111616e-21 1.255956620910244606e-20
1.425786506868953438e+04 3.258541643774618019e-20 1.291969917677231666e-20
1.426424758655589358e+04 1.416914623081400585e-20 1.181016616339085238e-20
1.427063009335642528e+04 4.836854875025683486e-21 1.144665349603977155e-20
1.427701258906871408e+04 -3.876899051696215326e-22 1.166387442227336013e-20
1.428339507367334772e+04 -1.568101874057896854e-20 1.134322476216090140e-20
1.428977754714623916e+04 3.912676882905115017e-21 1.148030557680544934e-20
1.429616000946404529e+04 1.621527915815859867e-20 1.075213642400657191e-20
1.430254246060548758e+04 3.840001262440731289e-20 1.125835568873823630e-20
1.430892490054844347e+04 -2.579700915730868412e-22 1.166761851694175387e-20
1.431530732927155441e+04 2.543859248727580025e-21 1.108149206114799966e-20
1.432168974674977107e+04 7.033915212867067475e-21 1.170528560233303808e-20
1.432807215296385039e+04 1.299456870616316862e-20 1.157300627822899086e-20
1.433445454789061296e+04 -1.054388454090284162e-20 1.114521440249951274e-20
1.434083693146617588e+04 4.493906473998755554e-21 1.090314661209799238e-20
1.434734838857585783e+04 2.077724168700364846e-20 1.084092858383806691e-20
1.435373075795876684e+04 1.888964556249595192e-20 1.184857122877011357e-20
1.436011311596506675e+04 2.718117920074081873e-20 1.184352773049429725e-20
1.436649546256951908e+04 8.678635577973293573e-21 1.211257150310081331e-20
1.437287779775382842e+04 -2.896518906394457284e-20 1.103120461836313521e-20
1.437926012149331837e+04 2.041076564366740867e-20 1.138182026950174384e-20
1.438564243376688682e+04 1.180814261471021413e-20 1.133654440127878916e-20
1.439202473455218751e+04 2.525496649299375607e-20 1.124220349992253062e-20
1.439840702382765085e+04 4.776298235535647217e-20 1.205357454614036625e-20
1.440478930157223476e+04 -8.646120010350714262e-21 1.028396642976838861e-20
1.441117156776164120e+04 -1.591120768290905319e-20 1.141945970841864553e-20
1.441755382237630329e+04 -4.647319984471782644e-21 1.186576694736373889e-20
1.442393606539221582e+04 -1.916792576252545660e-20 1.025604750020422608e-20
1.443031829678929535e+04 9.334408207408602490e-21 1.086033663599362379e-20
1.443670051654376039e+04 -5.729448754314164689e-21 1.124189897177431856e-20
1.444308272463378853e+04 1.461291638535560785e-20 1.206369019065898329e-20
1.444946492104046229e+04 -2.656196411568825162e-21 1.137731237178141657e-20
1.445584710573885059e+04 1.715884895294137037e-21 1.170328703535495597e-20
1.446222927870937019e+04 4.084321984465791547e-20 1.094106045720223187e-20
1.446861143992799589e+04 1.941174392358618212e-20 1.239626591319338269e-20
1.447499358937490979e+04 1.040548828855471335e-20 1.252232678192568532e-20
1.448137572702649777e+04 -7.214783485198994716e-22 1.307862925238808885e-20
1.448775785286297651e+04 3.330208323443668238e-20 1.338313408524712544e-20
1.449413996686031351e+04 1.030204176742634125e-20 1.110194846754765530e-20
1.450052206899920020e+04 5.044651027191748497e-22 1.075842613022713125e-20
1.450690415925676643e+04 1.593393566745840692e-20 1.192562774171564562e-20
1.451328623760998744e+04 4.970506346266779968e-21 1.237243957013904285e-20
1.451966830403969288e+04 3.980246808262040932e-21 1.143537560100037630e-20
1.452605035852093170e+04 1.387239141799923630e-20 1.075059935275237408e-20
1.453243240103598146e+04 1.791039128986858691e-20 1.037265215329774384e-20
1.453881443156042769e+04 4.001458926035529499e-20 1.205935622344192795e-20
1.454519645007467807e+04 2.696760739343892084e-20 1.341709602795862297e-20
1.455157845655586971e+04 -1.434414984665039093e-21 1.146954460058160631e-20
1.455796045098259856e+04 1.569282066576586658e-20 1.083843391434413867e-20
1.456434243333227096e+04 -2.810604131171216948e-21 1.154302974617057831e-20
1.457072440358318636e+04 1.082146340012407248e-20 1.187737413075775350e-20
1.457710636171808801e+04 -1.915025426901265757e-20 1.146119609107144577e-20
1.458348830771026769e+04 2.377814218764018340e-20 1.157826619262925551e-20
1.458987024154135361e+04 2.599850840324877305e-20 1.216920599794570160e-20
1.459625216318859202e+04 2.075759165857642189e-21 1.200257977620897807e-20
1.460263407262974761e+04 -2.314387359826209668e-20 1.157068425012087281e-20
1.460901596984542630e+04 1.375235816220834545e-20 1.210454711886366404e-20
1.461539785481282524e+04 3.699891232268127368e-20 1.191990263490307787e-20
1.462177972751091693e+04 1.914117367596488589e-20 1.188090299205992623e-20
1.462816158791709859e+04 2.731536357457631304e-20 1.250856667810025132e-20
1.463454343601079017e+04 2.290556811866861110e-20 1.191155018935670941e-20
1.464092527177311240e+04 3.072661640883622757e-20 1.175917323591435815e-20
1.464730709517719333e+04 2.462330624353559156e-20 1.103463595154217549e-20
1.465368890620811908e+04 1.846797725516453294e-20 1.274509061720870397e-20
1.466007070484020005e+04 -2.440460717316987629e-20 1.139131329969528770e-20
1.466645249105338371e+04 8.494067830363164548e-21 1.173866791941478424e-20
1.467283426482405775e+04 3.322402045550716751e-21 1.160906057214101189e-20
1.467921602613627692e+04 2.811281554406633216e-20 1.220625239752920547e-20
1.468559777496468996e+04 -1.993642295563024850e-20 1.265368053870682380e-20
1.469197951128792920e+04 -9.253754351654841068e-21 1.277032027887978459e-20
1.469836123508668788e+04 1.810108249481613200e-20 1.331881633141806922e-20
1.470474294633904174e+04 1.481619065075458088e-20 1.168285448641144522e-20
1.471112464502367402e+04 -1.513609648896061289e-21 1.172354925468873690e-20
1.471750633111807292e+04 -1.201373736257301506e-20 1.137101897648673937e-20
1.472388800460460334e+04 2.287029615393418608e-20 1.248335026026719535e-20
1.473026966545880896e+04 1.338993225197082697e-21 1.214236796989579252e-20
1.473665131365829984e+04 -2.898649000176720164e-20 1.232665864512646980e-20
1.474303294918634856e+04 1.135476770145597829e-20 1.220149034685746335e-20
1.474941457202098172e+04 -2.092913151048676226e-20 1.179983732570506114e-20
1.475579618213763752e+04 -8.879161246651270988e-21 1.185679314107442709e-20
1.476217777951947028e+04 -1.404103371016738311e-20 1.167443648432983651e-20
1.476855936414129428e+04 1.709565966172119432e-20 1.150240021594521826e-20
1.477494093598646759e+04 1.920172330616756728e-20 1.187975874586383865e-20
1.478132249502807099e+04 5.118154519312248519e-20 1.183507856282539925e-20
1.478770404125210734e+04 1.340741289639733536e-20 1.163697778726442594e-20
1.479408557463307079e+04 4.244748819824464557e-22 1.231614855031037885e-20
1.480046709514986105e+04 1.577046514278776350e-20 1.161781968174404341e-20
1.480684860278595988e+04 -2.646525456205692810e-20 1.060878575639528843e-20
1.481323009751269819e+04 2.045789369886465753e-20 1.206892741574482059e-20
1.481961157931819253e+04 -1.642262479286868249e-20 1.263954668986404185e-20
1.482599304817435223e+04 4.121386147392033670e-20 1.420457821161491945e-20
1.483237450406180506e+04 3.717242925606478085e-20 1.284184575992901761e-20
1.483875594696184817e+04 2.222276393328473333e-20 1.260507945435809683e-20
1.484513737685227716e+04 4.778393224943490083e-21 1.124190104034484425e-20
1.485151879371350515e+04 -8.905050988586253880e-22 1.192722113407908236e-20
1.485790019752362605e+04 8.881900981225014704e-21 1.217330718995854128e-20
1.486428158825824539e+04 2.714100138739630232e-20 1.163290437742550909e-20
1.487066296590331149e+04 9.208994780249535614e-21 1.093811795054985251e-20
1.487704433043371318e+04 2.141869322171869824e-20 1.104040221635615420e-20
1.488342568182971627e+04 -4.254596709682137345e-21 1.001889581320426798e-20
1.488980702006912543e+04 1.698547724037037401e-20 1.101435889662793092e-20
1.489618834513497677e+04 2.372190632263567033e-20 1.220493157382001985e-20
1.490256965700300134e+04 3.435628876884462218e-20 1.171798253197756154e-20
1.490895095565472366e+04 1.964615107153004867e-20 1.161464603248667357e-20
1.491533224106699163e+04 7.529830395525166924e-21 1.104150140008426642e-20
1.492171351322052215e+04 8.863777764589141187e-21 1.184051951705308034e-20
1.492809477209575925e+04 2.691958398378307947e-20 1.120012494060485850e-20
1.493447601766817934e+04 3.030539748994462946e-20 1.189765507424534320e-20
1.494085724992223186e+04 6.520669152352671658e-21 1.158837458138302967e-20
1.494723846883483566e+04 2.801896795775487358e-20 1.146266336293589391e-20
1.495361967438289139e+04 2.420474209836108194e-20 1.119818068586715572e-20
1.496000086655050109e+04 4.636881324695545739e-21 1.149710033331953670e-20
1.496638204531372685e+04 1.447868740520712283e-20 1.208495966457095672e-20
1.497276321065309094e+04 1.271613863073056097e-20 1.103482345094719730e-20
1.497914436254777138e+04 2.134049167975514189e-20 1.112479575738728045e-20
1.498552550097877429e+04 1.198538238413454655e-20 1.137847111026046771e-20
1.499190662592306580e+04 1.518771896691231989e-20 1.176320635309320777e-20
1.499841764896880522e+04 2.725033593995779992e-20 1.122511258264747949e-20
1.500479875113205344e+04 1.944040289737701408e-20 1.096905121842788722e-20
1.501117984370152226e+04 4.204562126120579975e-20 1.135510429097105979e-20
1.501756092274271577e+04 3.105163166167900747e-20 1.096160286810270041e-20
1.502394198819515259e+04 2.797985520149533680e-20 1.057069143722394630e-20
1.503032304003621903e+04 9.347751570564964979e-21 1.160830098426494719e-20
1.503670407824766698e+04 1.384491022544487276e-20 1.059356200211772777e-20
1.504308510280802511e+04 4.417802246368113315e-20 1.145675777770000471e-20
1.504946611369564198e+04 7.451957656402339127e-21 1.200548106650756882e-20
1.505584711089015946e+04 3.721324613345267110e-20 1.222315695819776959e-20
1.506222809437478827e+04 3.095661309039136135e-20 1.140538217353395457e-20
1.506860906412672739e+04 2.123392010468667496e-20 1.201181454285756154e-20
1.507499002012459096e+04 3.596092575225094817e-20 1.196780516657031871e-20
1.508137096235025820e+04 2.680205753385721884e-20 1.149734271875928945e-20
1.508775189078236144e+04 -2.629704410279064629e-20 1.165680743535882482e-20
1.509413280539818334e+04 -1.937595104302816950e-20 1.068771404642745250e-20
1.510051370618334113e+04 1.266034398704097791e-20 1.141088696394635722e-20
1.510689459311053724e+04 1.739741137627092459e-20 1.107863902671401408e-20
1.511327546616413383e+04 2.204296258539300835e-20 1.200389685200191170e-20
1.511965632532408199e+04 7.577953573306969025e-21 1.220019108864636000e-20
1.512603717056879941e+04 -1.114625560044464724e-21 1.123408896407504211e-20
1.513241800187821536e+04 3.511189991836782555e-20 1.102440408043209641e-20
1.513879881923202265e+04 3.425041424248216967e-20 1.138339327424619125e-20
1.514517962261010689e+04 1.626274935711608895e-20 1.199929473270370227e-20
1.515156041198987441e+04 3.003926733429569564e-20 1.174656832096381785e-20
1.515794118735716620e+04 -3.086831710121595501e-20 1.213081236262621058e-20
1.516432194868592342e+04 9.796271795013786760e-21 1.331544843804310424e-20
1.517070269595947320e+04 2.464597669403978336e-20 1.409991508398414739e-20
1.517708342915429057e+04 2.040033342752419120e-20 1.189322584625805165e-20
1.518346414825613101e+04 -1.138808714935951903e-22 1.199692966746241865e-20
1.518984485324026718e+04 -6.031012432651405007e-21 1.203634367186530464e-20
1.519622554408646101e+04 -1.421260493003891390e-20 1.211714192845643983e-20
1.520260622077721018e+04 2.240325372143932505e-20 1.055843614639463704e-20
1.520898688329120705e+04 3.514679443579790325e-20 1.142047156796916137e-20
1.521536753160845547e+04 3.317863957580268023e-20 1.141715657543552608e-20
1.522174816570772055e+04 4.970419052344003627e-20 1.180527300122729046e-20
1.522812878557140357e+04 1.640941213493631538e-20 1.132635338869719445e-20
1.523450939117720191e+04 3.614528236384164490e-20 1.166910522920280812e-20
1.524088998250744226e+04 2.105280782153017547e-20 1.191080790478550056e-20
1.524727055954113348e+04 3.608058088773935231e-20 1.250670098526158402e-20
1.525365112225937264e+04 2.166776328159859488e-20 1.269592426128952206e-20
1.526003167063752335e+04 1.046258863717066394e-20 1.134251585187964934e-20
1.526641220466283812e+04 5.268755885867398899e-20 1.277135677175673790e-20
1.527279272430949459e+04 4.467358199050584727e-20 1.314597690879223173e-20
1.527917322956238240e+04 3.698045928717326069e-20 1.293194801394432468e-20
1.528555372039923350e+04 1.612837862752351948e-20 1.142727575079247099e-20
1.529193419679523868e+04 -4.332097988299428290e-21 1.091601787082399382e-20
1.529831465874043897e+04 1.537384035158645502e-21 1.262880923571598804e-20
1.530469510621013615e+04 3.044423307611605202e-20 1.047558296662411677e-20
1.531107553918192571e+04 9.262511614518061374e-21 1.135509452774004061e-20
1.531745595763861638e+04 -2.232715704426465231e-21 1.133272271946749817e-20
1.532383636156278953e+04 1.166693922384518859e-20 1.088575826139955889e-20
1.533021675093234080e+04 3.678194498140287630e-21 1.133492518182659801e-20
1.533659712572484204e+04 -7.749616680733901379e-21 1.159335152353992843e-20
1.534297748592321477e+04 1.964792654147234282e-20 1.090329513695544953e-20
1.534935783151012947e+04 1.686411769182338530e-20 1.187853715922493164e-20
1.535573816246349270e+04 1.858618059866773708e-20 1.129906863633373421e-20
1.536211847876342290e+04 4.590139846203277697e-20 1.187162953367272523e-20
1.536849878038538009e+04 -2.261075315344386269e-20 1.134400880850135979e-20
1.537487906731962539e+04 6.456728556538782701e-21 1.265664281164292824e-20
1.538125933954160246e+04 -2.981898016729669100e-20 1.138867966177341801e-20
1.538763959702903048e+04 -8.981372698321497516e-21 1.150057175194329298e-20
1.539401983885867230e+04 4.138530917374804006e-20 1.195372231085737674e-20
1.540039997789532026e+04 -1.144197009072970364e-20 1.161512365646909286e-20
1.540678003141798217e+04 -6.040813512161296745e-21 1.119775484991103613e-20
1.541316006940490115e+04 2.773889537660300479e-22 1.243335072408530913e-20
1.541954009256286918e+04 7.936961242165339091e-21 1.178249625704491400e-20
1.542592010086741902e+04 -1.545097142132545537e-20 1.114693429152735407e-20
1.543230009430900827e+04 2.432673498707896802e-20 1.158243066502781889e-20
1.543868007286322245e+04 2.142294726939215017e-20 1.158147733547902187e-20
1.544506003651031642e+04 9.610116341938496520e-22 1.106488885120606650e-20
1.545143998522592483e+04 2.988499065045347053e-20 1.144285917509009596e-20
1.545781991900306275e+04 3.592032678395297667e-20 1.270191336339336472e-20
1.546419983776863228e+04 1.046144302416120367e-20 1.122243629723810897e-20
1.547057973766878786e+04 1.184712196361872737e-20 1.119646400371042417e-20
1.547709014824401675e+04 3.038366444335776083e-20 1.196409423620451850e-20
1.548347003015199334e+04 3.323719555990872253e-20 1.192507935442956265e-20
1.548984989701510676e+04 -7.918751950619779040e-21 1.135731530545314383e-20
1.549622974880991023e+04 -4.391906134916678581e-21 1.239918825538084633e-20
1.550260958552624288e+04 -8.575541968389920188e-21 1.134435872955358179e-20
1.550898940713661432e+04 -2.835086464504871967e-21 1.114047345179777947e-20
1.551536921362458088e+04 -9.698707901872590504e-22 1.094778694713072023e-20
1.552174900497071212e+04 -1.060441612055379067e-20 1.110216164280764723e-20
1.552812878115828971e+04 1.559305198718924513e-20 1.183160644534422877e-20
1.553450854216119478e+04 4.073654778277374984e-21 1.056561438731130363e-20
1.554088828796570124e+04 -8.851826496605810562e-22 1.134716687012569173e-20
1.554726801855244412e+04 3.858849473808563140e-20 1.145160840180782139e-20
1.555364773390072878e+04 1.945486693263147692e-20 1.013379597010951661e-20
1.556002743398850544e+04 1.602928040850652365e-20 1.116336760143771842e-20
1.556640711880078743e+04 -5.525069072531087179e-21 1.120353026028068064e-20
1.557278678831823891e+04 6.879278470375348312e-21 1.147040413701675439e-20
1.557916644252021979e+04 -3.026162160060521826e-23 1.122636419980993746e-20
1.558554608138609183e+04 1.743383802542833128e-20 1.229867443607754983e-20
1.559192570489957143e+04 -1.510218841204103597e-21 1.235849399357348616e-20
1.559830531304004217e+04 1.663221537351254639e-20 1.147662560194303190e-20
1.560468490578823366e+04 -4.150610856870352069e-20 1.128964294268556242e-20
1.561106448312222165e+04 2.090184974945613928e-21 1.136151265367155194e-20
1.561744404502849102e+04 2.509324496350616940e-21 1.135997272344096928e-20
1.562382359148375508e+04 -1.506065695041301873e-20 1.120922628382189947e-20
1.563020312247151378e+04 2.018237367830780494e-20 1.211627956647668698e-20
1.563658263797261498e+04 3.317417361525758157e-20 1.194714749101876559e-20
1.564296213796544907e+04 -2.161078810176390631e-22 1.098569644548493013e-20
1.564934162243083847e+04 2.979984553259061643e-20 1.090954775516497213e-20
1.565572109134963830e+04 3.100700491392626340e-21 1.123999229004123378e-20
1.566210054470819341e+04 -1.884706865439398202e-20 1.125128370686839832e-20
1.566847998247945543e+04 -3.013263956741558314e-21 1.075516014856062980e-20
1.567485940465254316e+04 2.891777248844690287e-20 1.171900666311249460e-20
1.568123881120288206e+04 2.104296250544933845e-20 1.225398040918719912e-20
1.568761820211275335e+04 -1.166282885891284475e-20 1.019165378613808474e-20
1.569399757736200445e+04 -1.349885997474724909e-20 1.094041915034256208e-20
1.570037693693571600e+04 -6.939983048994999272e-22 1.043717900413696187e-20
1.570675628080798560e+04 1.111533903856957207e-20 1.042673817367500126e-20
1.571313560896799208e+04 4.004372313686521032e-20 1.126208335916793718e-20
1.571951492138875437e+04 2.042555167664362973e-20 1.126721615238349776e-20
1.572589421805819256e+04 -5.604850878481564466e-21 1.142605054386938304e-20
1.573227349895460065e+04 6.076917063894166131e-21 1.145374804226932292e-20
1.573865276405888108e+04 6.919085618314308729e-21 1.204371271921171260e-20
1.574503201335241829e+04 -1.551152051499788743e-20 1.096504289624782826e-20
1.575141124681766087e+04 -3.020468779770280802e-20 1.072873996783599769e-20
1.575779046443018888e+04 4.387295986442285803e-21 1.231554498108320933e-20
1.576416966617924481e+04 5.046990480456548059e-21 1.128087917445969296e-20
1.577054885204210404e+04 8.068020143670855297e-21 1.220106226133887329e-20
1.577692802199571997e+04 2.931599166735185848e-21 1.170868516426313393e-20
1.578330717602827463e+04 1.780449829310384535e-20 1.260280187937597324e-20
1.578968631411787283e+04 -9.290424146727020011e-21 1.185188126927075010e-20
1.579606543624600454e+04 4.817114480465729871e-20 1.086295034082333772e-20
1.580244454239251536e+04 6.811601213495310176e-20 1.125527722515023486e-20
1.580882363254281154e+04 6.508979559585055104e-20 1.184418314647563878e-20
1.581520270667374280e+04 2.097698650030467221e-20 1.145647438918736391e-20
1.582158176476811423e+04 1.112625596059817796e-20 1.001038726804435844e-20
1.582796080680869636e+04 7.388537119545535856e-21 1.233084733425771416e-20
1.583433983277248990e+04 2.376101819060006155e-20 1.236652589269959781e-20
1.584071884264633991e+04 1.649660127968048913e-21 1.130900153957723045e-20
1.584709783640730529e+04 2.329654025916111086e-20 1.267814877236055188e-20
1.585347681403830393e+04 1.609176825171303714e-20 1.221539819707415511e-20
1.585985577552060386e+04 3.862905757339544414e-20 1.234659254126738697e-20
1.586623472083409433e+04 3.084863313740727090e-20 1.185016444353615787e-20
1.587261364996424891e+04 3.143729512497216405e-20 1.257768146146300521e-20
1.587899256288842844e+04 4.253268719967287380e-20 1.201908257113569393e-20
1.588537145958796100e+04 2.509700724300564303e-20 1.132750707572555745e-20
1.589175034004996814e+04 2.322026372059638605e-20 1.033024030653266102e-20
1.589812920424702497e+04 -2.662051880040864039e-21 1.204972458118107264e-20
1.590450805216655135e+04 2.303698011526468087e-20 1.239949257886512950e-20
1.591088688378853840e+04 7.864122829027459405e-22 1.191271927944637936e-20
1.591726569909586578e+04 -2.297509875083126752e-21 1.255773361359561010e-20
1.592364449806692392e+04 1.499947537782799834e-20 1.202481032344282631e-20
1.593002328068475072e+04 2.459318546235817909e-20 1.259812112408989909e-20
1.593640204693236956e+04 1.666323193428678032e-20 1.184671287441045434e-20
1.594278079678835456e+04 2.863878463483452841e-20 1.112097966301888529e-20
1.594915953023556904e+04 2.694064952776700476e-20 1.052679647953292494e-20
1.595553824725689810e+04 1.432147982509584683e-20 1.054619818658120396e-20
1.596191694783119783e+04 4.206580437237694083e-20 1.162659151459229067e-20
1.596829563194141156e+04 5.231592251080283034e-21 1.091210953220928064e-20
1.597467429957055174e+04 -2.813238051129297197e-20 1.234594603931707516e-20
1.598105295069705062e+04 1.086698208583466621e-20 1.165792343935277322e-20
1.598743158530418805e+04 -3.862516911112784054e-21 1.092985783035492651e-20
1.599381020337503469e+04 1.309179109431879921e-20 1.285508756858213005e-20
1.600018880488679315e+04 -1.503566410716055719e-20 1.154965264877960256e-20
1.600656738982819843e+04 -8.076887882049398529e-21 1.165091300332627696e-20
1.601294595817368827e+04 -1.535171925822800315e-20 1.163938986131807294e-20
1.601932450990940197e+04 2.139311853865289204e-20 1.294098673307200403e-20
1.602570304501401188e+04 2.325912262053738604e-21 1.178449811324301846e-20
1.603208156347208933e+04 -1.498047908833694116e-20 1.138012088131418906e-20
1.603846006526221936e+04 7.211171522392640406e-21 1.190154659963356938e-20
1.604483855036925888e+04 4.172633237714716910e-20 1.142321403019930677e-20
1.605121701877195665e+04 1.435877849148259840e-20 1.104588658391921116e-20
1.605759547045348700e+04 1.946963893686001652e-20 1.205291760290849852e-20
1.606397390539684420e+04 4.151630641381712406e-20 1.233207876411941928e-20
1.607035232358244502e+04 -7.092807949524447427e-21 1.174858214440851992e-20
1.607673072499212685e+04 1.548385014912621085e-20 1.289719655778602504e-20
1.608310910960465480e+04 -1.530269878598140782e-20 1.189179201780147708e-20
1.608948747740766157e+04 2.979683140845649889e-20 1.222408395709610861e-20
1.609586582837984497e+04 -7.573454366351549386e-21 1.089147913810676636e-20
1.610224416250322247e+04 -1.763697433813703788e-20 1.229423014676330799e-20
1.610862247975810351e+04 1.975730473120154674e-20 1.226761340514878451e-20
1.611500078012926861e+04 2.390767473515203584e-21 1.221784333913904276e-20
1.612137906359538829e+04 2.129889134071184388e-20 1.213982879069495349e-20
1.612775733013992249e+04 2.073919264985067855e-20 1.157262792524100025e-20
1.613413557974928335e+04 7.722471853551680022e-21 1.119177905704406637e-20
1.614051381239488546e+04 7.897735934872683527e-21 1.171386585127484677e-20
1.614689202806750291e+04 2.558512605577924233e-20 1.169870096176324207e-20
1.615327022674588989e+04 -1.417466087623932393e-20 1.055825756436240575e-20
1.615964840841218029e+04 4.984234978203554802e-21 1.181494176079708784e-20
1.616602657304827335e+04 -1.780366617791599839e-20 1.067139470071238374e-20
1.617240472063608468e+04 -1.784085646444282463e-20 1.013843364652210361e-20
1.617878285115740255e+04 4.584610141542058576e-21 1.170472210273333570e-20
1.618516096459422806e+04 2.036200453460787021e-20 1.225462414350767491e-20
1.619153906092565740e+04 -1.474988552538055199e-20 1.118582886624113373e-20
1.619791714014112040e+04 2.549942125757882154e-20 1.158835023738793732e-20
1.620429520221662096e+04 4.905737381020444172e-20 1.247154471388732871e-20
1.621067324713239032e+04 -2.753055218666662795e-21 1.177890186531266742e-20
1.621705127487971549e+04 2.078970659977118019e-20 1.256456756121320442e-20
1.622342928543159906e+04 -1.003263938052797338e-20 1.097774312571221551e-20
1.622980727877004028e+04 1.908779476342441532e-20 1.091811842837056824e-20
1.623618525488305386e+04 1.373429309096783758e-20 1.143851470434122646e-20
1.624256321375259904e+04 7.393336016547178731e-21 1.132071910748338691e-20
1.624894115535336277e+04 1.379263050624782951e-20 1.124126412292390318e-20
1.625531907967347797e+04 5.415626759739316952e-20 1.166182692757308571e-20
1.626169698669197533e+04 2.937199761675600645e-20 1.189078584712743388e-20
1.626807487639536703e+04 7.267260588982175184e-21 1.137769572681793843e-20
1.627445274876429903e+04 2.848927498529960156e-20 1.170940289702521184e-20
1.628083060377342190e+04 4.521101282742057987e-21 1.154359634345486231e-20
1.628720844141394809e+04 1.266147020477142077e-20 1.185583279452444022e-20
1.629358626166500653e+04 -2.796545483930694870e-20 1.079877114406548977e-20
1.629996406451003895e+04 -1.628922584436983068e-20 1.134274228617090895e-20
1.630634184993141389e+04 -1.211233387948038582e-20 1.148496130648776139e-20
1.631271961790067326e+04 1.564627867908490711e-20 1.138214909267254525e-20
1.631909736841829181e+04 3.267400879183310600e-21 1.118688920543660465e-20
1.632547510145422712e+04 1.648093071345494787e-20 1.072656179428888073e-20
1.633198438088513103e+04 8.308793539902767445e-21 1.149031503775848277e-20
1.633836208300723774e+04 1.925357897703766934e-20 1.098986081728512783e-20
1.634473977134672168e+04 2.217089224328264826e-20 1.057210136295083962e-20
1.635111744217936393e+04 6.125466320817847548e-21 1.098937419182867854e-20
1.635749509544161629e+04 1.760782518404305089e-20 1.006323642323174663e-20
1.636387273111854483e+04 1.271808755154617791e-20 1.059689695354896537e-20
1.637025034918508391e+04 -1.149870035824271334e-20 9.738766571907524063e-21
1.637662794963091437e+04 -1.634921605308477784e-20 1.023996994029629285e-20
1.638300553243999093e+04 -1.797445753261694430e-21 1.013431410055521137e-20
1.638938309759459662e+04 -1.163811585829828097e-20 1.088425668646663296e-20
1.639576064507087722e+04 4.881090120933336863e-20 1.170272621793018920e-20
1.640213817484532046e+04 2.983909722338006803e-20 1.105190829465998100e-20
1.640851568691971625e+04 4.743745444232854954e-20 1.118214436286195236e-20
1.641489318126608123e+04 2.630783273156667191e-20 1.169325651130185635e-20
1.642127065786512321e+04 -2.662300618615161191e-20 1.089580895704251745e-20
1.642764811669917253e+04 1.155984078841108329e-20 1.157632076285031153e-20
1.643402555775072688e+04 1.917952529719450135e-21 1.129923603481751547e-20
1.644040298100361179e+04 1.791725771280968245e-20 1.122212376091130471e-20
1.644678038644490880e+04 3.164924514892404829e-20 1.185704028284832270e-20
1.645315777405246627e+04 2.469285178701476543e-21 1.148738045672571525e-20
1.645953514380860724e+04 2.626632132325444701e-20 1.197955710105726556e-20
1.646591249568978310e+04 9.412844913007152410e-21 1.272274962111493738e-20
1.647228982968592391e+04 4.894652902038443183e-21 1.150506008425327193e-20
1.647866714578122992e+04 -2.791501678808314614e-21 1.061721216630887137e-20
1.648504444395655446e+04 1.273641787717873445e-20 1.094087067222444179e-20
1.649142172418982591e+04 3.696746828201850456e-20 1.125334428566421176e-20
1.649779898646962829e+04 2.676704220160058223e-20 1.177086752769742202e-20
1.650417623077075405e+04 3.164930510463709430e-20 1.151817042889081734e-20
1.651055345708043023e+04 2.318186114571959886e-20 1.037014112102950226e-20
1.651693066538576386e+04 1.415531784777474412e-20 1.115601052520361359e-20
1.652330785566468694e+04 6.717448537114306577e-20 1.410268607286990059e-20
1.652968502789669947e+04 4.036474213131289429e-20 1.357618086053736489e-20
1.653606218206734775e+04 7.859872316359042272e-21 1.226058104642851381e-20
1.654243931816234181e+04 9.836950644368572224e-21 9.568587521501207754e-21
1.654881643615659777e+04 2.457532753383435875e-20 1.196533375103536366e-20
1.655519353604035132e+04 -1.247094291228330356e-21 1.099111770380532442e-20
1.656157061779475771e+04 2.338556956621650092e-20 1.142312232332569099e-20
1.656794768139769803e+04 9.841594487867549217e-21 1.139451227468778105e-20
1.657432472683492961e+04 2.563822814370900741e-20 1.110940108049140265e-20
1.658070175409221702e+04 1.589397778017257458e-21 1.044108136484799924e-20
1.658707876314749592e+04 3.378006255533030412e-20 1.152274088603247615e-20
1.659345575398349320e+04 7.185802620812690199e-21 1.076070314427490921e-20
1.659983272658592978e+04 1.883678167305920988e-20 1.019488804987621446e-20
1.660620968093748161e+04 2.067828559205892847e-20 1.093544536337081988e-20
1.661258661701622987e+04 1.142537632021034493e-20 1.100701264510591132e-20
1.661896353480787729e+04 4.697737490672292436e-20 1.271988929540197879e-20
1.662534043429836674e+04 -2.292303015896628763e-20 1.203947678645011804e-20
1.663171731546570300e+04 -4.302447306858970283e-21 1.139804891888651238e-20
1.663809417829255835e+04 9.179052063092554966e-21 1.237105486954016393e-20
1.664447102276489386e+04 -4.486919203874353697e-22 1.115058009329159268e-20
1.665084784886535635e+04 -1.914993032012767059e-20 1.068688474911031687e-20
1.665722465657207431e+04 2.284640401988092257e-20 1.101245514930042769e-20
1.666360144587098694e+04 -1.501237987816048423e-20 1.206847273077272962e-20
1.666997821674791703e+04 3.013013649192183438e-20 1.170114245331451325e-20
1.667635496918262652e+04 3.419338018747291968e-20 1.174994873186781530e-20
1.668273170315624884e+04 1.786111583055744976e-20 1.075083458010131911e-20
1.668910841865162365e+04 -1.921680012930170385e-20 1.190198971797000059e-20
1.669548511565635999e+04 2.572940740667069965e-20 1.306569226051100342e-20
1.670186179415005245e+04 5.424165314192738280e-21 1.134751882176561468e-20
1.670823845411395087e+04 2.178763077533210002e-21 1.122121709124353990e-20
1.671461509552784264e+04 2.194433000225421453e-20 1.174662440027177734e-20
1.672099171838553593e+04 4.178279729647969323e-20 9.360783145794636026e-21
1.672736832266374404e+04 3.375077242078482330e-20 1.071943115268307025e-20
1.673374490834367680e+04 4.245516088456356529e-20 1.107811597085147528e-20
1.674012147541135710e+04 5.437690245779063368e-21 1.092015287527919744e-20
1.674649802384815484e+04 2.259640369946734989e-20 1.167733127174215085e-20
1.675287455363374829e+04 -9.530860608167240885e-21 1.087988283928073698e-20
1.675925106475583016e+04 1.690121751262637385e-20 1.112110568148457904e-20
1.676562755719430788e+04 1.313463883194961711e-20 1.089439287366712142e-20
1.677200403093985369e+04 9.292790260500858185e-21 9.719726640888981788e-21
1.677838048596285080e+04 9.310563257806611640e-23 1.002520082099813038e-20
1.678475692225254534e+04 1.889957918862308366e-20 1.057401495944707952e-20
1.679113333979510935e+04 6.902972933504078790e-21 9.714524751667531141e-21
1.679750973857041026e+04 -4.459594321620197768e-21 9.837219014638451585e-21
1.680388611855979252e+04 -5.610948139991239609e-21 9.785788572504912688e-21
1.681026247974940998e+04 3.687086625154632545e-20 1.156998895260218472e-20
1.681663882212073804e+04 -3.662989673711250915e-21 1.066311116813274369e-20
1.682301514565354591e+04 3.116356306916270951e-21 1.102805885991333154e-20
1.682939145033727982e+04 1.310853900918181885e-20 1.080023345164112597e-20
1.683576773615026104e+04 1.298929008025014854e-20 1.135873939120042319e-20
1.684214400307863616e+04 -6.104292028482936288e-21 1.069264658334105728e-20
1.684852025110389513e+04 -1.116318595171425663e-20 1.221088773828053057e-20
1.685489648020590539e+04 -1.290509471580351896e-20 1.079249079059855391e-20
1.686127269037093720e+04 -1.512428194550098310e-20 1.114798172413216755e-20
1.686764888158860049e+04 6.759301083958678804e-21 1.057171425719537277e-20
1.687402505383230164e+04 4.343145366989930921e-20 1.131405364892747967e-20
1.688040120708504401e+04 3.529136003869213372e-20 1.128652505403980401e-20
1.688677734133653576e+04 1.792767551756734925e-20 1.105370651098184876e-20
1.689315345656983482e+04 -6.743400975794473308e-22 1.069611294129194080e-20
1.689952955275838031e+04 3.407808820230438169e-21 1.057089821860195940e-20
1.690590562989342652e+04 5.430167258460712999e-20 9.958692053141354831e-21
1.691228168795974125e+04 5.083699856559104813e-20 1.072312059722275292e-20
1.691865772693404142e+04 2.563414034911302658e-20 1.130137374252794786e-20
1.692503374680591878e+04 2.547864131238118410e-20 1.231709027921572050e-20
1.693140974754889612e+04 3.772001729338723392e-20 1.177027070153876777e-20
1.693778572916069243e+04 1.066655250184686310e-20 1.209349868666936173e-20
1.694416169161008293e+04 -4.350692057580113144e-20 1.175302973084384550e-20
1.695053763489303310e+04 -1.812445015940939717e-20 1.160925565009545783e-20
1.695691355897991889e+04 -7.882784604074068754e-21 1.026375191466585400e-20
1.696328946386368261e+04 3.138338525066115446e-20 1.028368454789104315e-20
1.696966534952266738e+04 1.393012458523664791e-20 1.070902799788103766e-20
1.697604121594343451e+04 7.034594883413956999e-21 1.228876840976840893e-20
1.698241706310764130e+04 3.719195399117286494e-21 1.116321813843399446e-20
1.698879289099845118e+04 -3.798661106118321411e-20 1.142546879599808924e-20
1.699516869959922406e+04 -6.537912304005338344e-22 1.124324469502972722e-20
1.700154448889325431e+04 -9.578931433417151790e-21 1.146915151884020538e-20
1.700792025882272355e+04 2.953905043541719526e-21 1.113895877567728511e-20
1.701442840537950178e+04 1.018422106349722978e-19 1.238997098622127132e-20
1.702080414438889420e+04 1.947756800778167759e-20 1.045824180133406083e-20
1.702717986402157112e+04 8.561869003327131338e-21 1.093499083159560308e-20
1.703355556426613111e+04 3.808363158114214189e-20 1.134847043860103429e-20
1.703993124510084817e+04 4.262397219273077954e-20 1.058895396968828057e-20
1.704630690651077384e+04 1.830145105172652685e-20 1.037398957189966114e-20
1.705268254847756543e+04 -1.342590969324241051e-20 9.513400025157342037e-21
1.705905817098970874e+04 -4.392016813823565527e-22 1.008949085075008857e-20
1.706543377402528131e+04 7.732579897611566479e-22 1.019643514302264918e-20
1.707180935756956751e+04 4.074248489668835850e-20 1.004253340880305649e-20
1.707818492160426467e+04 2.123116397923928347e-20 1.092796669361844691e-20
1.708456046611791317e+04 2.108158606359233389e-20 1.201795109946363071e-20
1.709093599108879062e+04 1.125441312457687027e-20 1.121238340100912507e-20
1.709731149650376756e+04 6.297224015417359544e-21 1.084697649180792643e-20
1.710368698233925534e+04 2.308021867137535124e-20 1.098885333180255250e-20
1.711006244858909486e+04 -4.334232798604358976e-21 1.045020040346583569e-20
1.711643789522995576e+04 2.084637338811926440e-20 1.072049389572539674e-20
1.712281332224870494e+04 -1.402800994669550300e-20 1.047914798762771800e-20
1.712918872962539172e+04 1.961231400231665105e-20 1.076100423906934563e-20
1.713556411734349240e+04 2.775769583233559864e-20 1.071605684304860047e-20
1.714193948539324265e+04 2.545972734488557013e-20 1.090525632902754445e-20
1.714831483375133030e+04 1.817383756240520831e-20 1.142325438506807729e-20
1.715469016239789926e+04 4.138913348863741179e-21 1.089716067489690481e-20
1.716106547132678315e+04 3.788042871206216224e-21 1.053023493241121773e-20
1.716744076051634693e+04 1.893772890532266888e-20 1.158751892107295293e-20
1.717381602994839704e+04 3.543557741603606597e-20 1.125742910080690199e-20
1.718019127960984042e+04 2.249898111082952071e-20 1.102885519400120857e-20
1.718656650948075912e+04 1.456784740045303465e-20 1.196141859617443333e-20
1.719294171954828198e+04 2.362409266080455873e-20 1.158435957530909684e-20
1.719931690979251289e+04 -5.803737566537981516e-21 1.219530934352008597e-20
1.720569208020050064e+04 1.658951384909589363e-20 1.147832119083979984e-20
1.721206723074889305e+04 -1.512231895319878199e-20 1.077063315596726435e-20
1.721844236143513626e+04 3.841001515947114056e-21 1.237513941617619831e-20
1.722481747222707781e+04 5.264306116254065330e-20 1.108988061492189884e-20
1.723119256312065409e+04 5.959453314618236354e-21 9.928792747879924823e-21
1.723756763408905317e+04 4.228944600049432647e-21 1.176186030329289533e-20
1.724394268512462077e+04 -1.260410566069388826e-20 1.030619297482502507e-20
1.725031771620923610e+04 2.273283750131008263e-20 1.041305539779816143e-20
1.725669272731959063e+04 7.769667515154259627e-21 1.020354094118612718e-20
1.726306771844617106e+04 -5.689600719604002235e-21 1.018414845672602481e-20
1.726944268956923406e+04 2.533758269029499124e-20 1.144123543411946624e-20
1.727581764068123812e+04 6.379718494514114329e-21 1.147262079122470471e-20
1.728219257175714301e+04 3.337843433626775599e-20 1.048229858242742281e-20
1.728856748277713268e+04 1.031156814123906297e-20 1.110204994823687322e-20
1.729494237373190481e+04 -9.481124389440722676e-21 1.063849205147809630e-20
1.730131724460863552e+04 2.036177297372317921e-20 1.066182471979990953e-20
1.730769209537865754e+04 -1.411416153082707273e-21 1.099928500979696459e-20
1.731406692603811462e+04 1.540115548463288918e-20 1.000967129225191207e-20
1.732044173656022031e+04 2.959884398184089520e-20 1.070407432464462965e-20
1.732681652693749493e+04 -1.726911616653421192e-20 9.938317524369435828e-21
1.733319129715192321e+04 -1.204283818957382789e-20 9.998141649422666515e-21
1.733956604718023664e+04 9.833255528448446238e-21 1.048078084906936282e-20
1.734594077701666538e+04 1.578477091826815065e-20 1.132818752000799216e-20
1.735231548663442663e+04 -8.916875082931562249e-21 9.912061974291347380e-21
1.735869017602618260e+04 2.041942183899190047e-21 1.087970885975782193e-20
1.736506484517575154e+04 6.289333386931963011e-21 1.077631442257683849e-20
1.737143949406164029e+04 2.892701039527369824e-21 1.091386988116703658e-20
1.737781412266232655e+04 3.047688793657272611e-21 1.015248921837361999e-20
1.738418873097401956e+04 1.005856231194486600e-20 1.059222674010818069e-20
1.739056331897511336e+04 1.490605382764440328e-20 1.039075242242477709e-20
1.739693788664949534e+04 -5.896152900861538053e-21 9.995468685787075957e-21
1.740331243398463630e+04 -2.727897329024536221e-21 1.069038933889853841e-20
1.740968696095549603e+04 -1.956856519783813503e-20 9.943067503176248174e-21
1.741606146755303052e+04 6.515211917819866373e-21 1.210033057681730399e-20
1.742243595375932637e+04 1.299435643728317607e-20 1.053698002097323953e-20
1.742881041956003537e+04 2.386517486982339507e-20 1.121467867660587204e-20
1.743518486493177988e+04 2.037773100467520584e-20 1.016078904674708826e-20
1.744155928986746221e+04 5.771421634717566981e-20 1.085077662297200654e-20
1.744793369434923443e+04 5.519369103603115568e-21 1.098167931008481927e-20
1.745430807835744054e+04 9.473502163033288943e-21 9.584855342821950498e-21
1.746068244187776509e+04 -9.185960482431564955e-21 9.319951241056621243e-21
1.746705678489591810e+04 3.627908022272763980e-20 1.098869363947115479e-20
1.747343110739226177e+04 1.657869631279591438e-20 9.649858746790222921e-21
1.747980540935236786e+04 -4.441143671386190477e-21 1.055661059009198703e-20
1.748617969076029476e+04 -1.561143383018192435e-20 1.044463244427811815e-20
1.749255395160182889e+04 1.848771352517907524e-20 1.023859371854915625e-20
1.749892819185374537e+04 2.338141400783235611e-20 1.112663781610859119e-20
1.750530241150899019e+04 1.135761840042102411e-20 9.811849709033475044e-21
1.751167661055154895e+04 1.029991740637666403e-20 9.810554042623748990e-21
1.751805078896000850e+04 -1.505222661774111401e-20 1.005908976934065158e-20
1.752442494671822351e+04 2.621425769530067792e-20 9.738423901255321141e-21
1.753079908380849520e+04 3.372569852036043817e-20 1.021247729596197714e-20
1.753717320022566128e+04 1.774148853107834224e-20 9.432730987148214346e-21
1.754354729594654418e+04 -3.213923370489174457e-21 1.079432777141030557e-20
1.754992137095336511e+04 1.205459149878173442e-20 1.080786261436944764e-20
1.755629542522653355e+04 1.528847794851526505e-20 1.152459875326769168e-20
1.756266945875911551e+04 1.478697152313697346e-20 1.125143336775619096e-20
1.756904347153328490e+04 1.454271716782242347e-20 9.666591886327954289e-21
1.757541746353308190e+04 1.714011744958057534e-20 1.050894804415374796e-20
1.758179143473360091e+04 1.304843631307032675e-21 1.098205577331154247e-20
1.758816538513340492e+04 2.210195192208951566e-20 1.115777846208403742e-20
1.759453931470388125e+04 3.019442931199195677e-21 1.040267127635075741e-20
1.760091322344000946e+04 -2.332856988839991307e-21 9.693572972713987045e-21
1.760728711132042372e+04 -5.930255253845061788e-21 1.000001600239700091e-20
1.761366097832194282e+04 6.011157807351674701e-21 9.535558161492294662e-21
1.762003482444308975e+04 6.378750980226891856e-21 1.014620763701164041e-20
1.762640864965538640e+04 -1.268420136656075545e-20 1.040038875839812701e-20
1.763278245395387785e+04 1.318694502372467150e-21 1.311397117213289950e-20
1.763915623731724190e+04 5.409652943688459208e-21 1.331956063525737241e-20
1.764552999972230100e+04 2.759627958469350935e-20 1.171274787925390503e-20
1.765190374116782186e+04 1.242623395383218342e-20 1.089103519726408230e-20
1.765827746162697076e+04 1.297676418086901474e-20 1.135669138840354372e-20
1.766465116108933216e+04 3.650792518280338960e-20 1.092303181838361367e-20
1.767102483953907722e+04 -6.763744600051610035e-21 1.070488252960565112e-20
1.767739849695494922e+04 2.652740958222028656e-20 1.028676668182030694e-20
1.768377213332847168e+04 9.607558524968868726e-21 1.035501990425094870e-20
1.769014574863281814e+04 1.817853520304355851e-20 1.019936096978491315e-20
1.769651934286504184e+04 3.276193444972424736e-20 1.030578856440812546e-20
1.770289291600567230e+04 1.058548422181878242e-20 9.921947201223746534e-21
1.770926646803340918e+04 3.446923866213762482e-21 1.018650288506456727e-20
1.771563999893969958e+04 2.324024567884009867e-20 1.006577194136910412e-20
1.772201350870150054e+04 2.796741630709937840e-20 1.078326357252455946e-20
1.772838699730675944e+04 1.556834412712604024e-20 1.023251147512016050e-20
1.773476046474155009e+04 2.227576098459000754e-20 1.031747131593273507e-20
1.774113391099165892e+04 3.050886728830407593e-20 1.011937326940114686e-20
1.774750735092042669e+04 2.459003333680914877e-20 1.089648760232023094e-20
1.775388090800066129e+04 1.207065575761209325e-20 9.634943869794004468e-21
1.776025444383669310e+04 1.684155107407971139e-20 1.083127692001466823e-20
1.776662795842745982e+04 2.343367164033120080e-20 1.081175963941642551e-20
1.777300145174995851e+04 3.194413000259485606e-20 1.028053783016728644e-20
1.777937492378478419e+04 6.410865021247955875e-22 1.009111282209288059e-20
1.778574837452366046e+04 -3.122316621051798509e-20 9.725384394804571821e-21
1.779212180394160532e+04 -7.574344734546282702e-21 1.018227660453040599e-20
1.779849521203406766e+04 6.846339237372513856e-21 1.095610266308758349e-20
1.780486859877980532e+04 -1.198033294500126181e-20 1.113923586469299494e-20
1.781124196416311679e+04 1.688128598522251758e-20 1.097403686297002816e-20
1.781761530816451341e+04 1.713125397632926534e-20 1.017675739272406882e-20
1.782398863077585702e+04 6.069252536283949803e-21 1.065548124657149704e-20
1.783036193197408284e+04 3.244932522024148428e-20 1.049800981732909820e-20
1.783673521175097630e+04 1.678628004471127193e-20 1.030772381407817999e-20
1.784310847008718338e+04 1.342097977004937926e-21 1.089706089565216984e-20
1.784948170696333545e+04 1.536890323620280951e-20 9.984184300988526249e-21
1.785585492237126527e+04 1.245445068619017911e-20 1.010924345334033410e-20
1.786222811628788986e+04 -6.153935602704934201e-21 9.840045800422194585e-21
1.786860128869937398e+04 8.827311299655775942e-21 9.573585135799455583e-21
1.787497443960135206e+04 4.246880304429846017e-20 1.000154487995574504e-20
1.788134756896518957e+04 -1.342631901268759698e-21 9.447526491601680791e-21
1.788772067677528685e+04 2.474147745675096891e-20 1.008868829096612461e-20
1.789409376302356759e+04 1.606173930375415383e-20 1.052376979651768472e-20
1.790046682768693063e+04 1.934937430086141466e-20 9.596613012174138057e-21
1.790683987075730693e+04 2.533990764071602650e-20 1.041581268004478742e-20
1.791321289221540792e+04 1.492044825182405772e-20 9.232823542284094197e-21
1.791958589204563759e+04 3.699580048459283990e-20 1.024779617877449242e-20
1.792595887023231990e+04 2.556735833578369572e-20 9.900123239195095440e-21
1.793233182676004799e+04 2.923609946998826598e-20 1.027402864106786273e-20
1.793870476160951148e+04 5.846286483984258616e-22 1.028885907701370162e-20
1.794507767477270681e+04 1.687632243619267637e-20 1.072752701974772038e-20
1.795145056623034543e+04 2.821419820630648995e-20 1.000803130496972370e-20
1.795782343596691135e+04 1.023139016504737508e-20 1.016220804738090368e-20
1.796419628396688131e+04 1.590786421550021362e-20 1.076417511136364992e-20
1.797056911021097039e+04 3.786127720768368752e-20 1.059553399433314312e-20
1.797694191468742429e+04 2.035730472750431079e-20 1.014767913720284801e-20
1.798331469738824671e+04 3.006660825650318773e-20 1.052456732314984688e-20
1.798968745828670217e+04 -4.277541219339333881e-21 1.038096745856198572e-20
1.799606019737109818e+04 3.078965646079595993e-21 9.944312164466937470e-21
1.800243291462216075e+04 1.502182845003233957e-20 1.014376211356269103e-20
1.800880561003200273e+04 5.096036628680919379e-21 1.005166249666882810e-20
1.801517828357758117e+04 1.902753675758920228e-20 9.401820658359025707e-21
1.802155093525484335e+04 5.550693647593462287e-21 1.039940960761032447e-20
1.802792356503691917e+04 1.336040181974465603e-20 1.034690649914020571e-20
1.803429617291214163e+04 5.329385958013040772e-21 9.374357896612168245e-21
1.804066875886121488e+04 2.571482791540055354e-20 1.120389277519872482e-20
1.804704132288021719e+04 3.231418174281517583e-20 1.079580922356130333e-20
1.805341386493849495e+04 2.237081479566173023e-20 1.045658793441000929e-20
1.805978638503587354e+04 1.610849925866811077e-20 1.068063810571492637e-20
1.806615888314167751e+04 3.918877068874113191e-20 1.078096260115885637e-20
1.807253135925578681e+04 3.532477982855547336e-20 1.041008957369309955e-20
1.807890381335324491e+04 -1.756634183788149561e-20 1.041328988712844667e-20
1.808527624541292244e+04 9.501854932210037633e-21 1.039367833212508054e-20
1.809164865543472843e+04 5.555479652039862913e-20 1.107916065465064400e-20
1.809802104339359357e+04 6.491419287294261331e-21 1.137265618928558275e-20
1.810439340927618832e+04 1.617685383580991059e-20 1.128439890442878927e-20
1.811076575306713858e+04 -5.340656586026686584e-22 1.016995851298632943e-20
1.811713807475109206e+04 1.973397375574147967e-20 1.037085378867294489e-20
1.812351037431267832e+04 3.142425187525972165e-20 1.083694043897506043e-20
1.812988265173655964e+04 1.184825553460950555e-20 1.066206029057263396e-20
1.813625490700739101e+04 -1.261650013388723489e-20 9.649414612926852557e-21
1.814262714010983109e+04 -3.635819212370876216e-20 1.022182575049776823e-20
1.814899935102854943e+04 5.567000554492300548e-21 1.051260001720644876e-20
1.815537153975201363e+04 2.116203821780805354e-20 1.016122353678985098e-20
1.816174370625719894e+04 5.079184982817236019e-21 9.347472660663584908e-21
1.816811585053270392e+04 6.838192845256428634e-21 9.703446313866595148e-21
1.817448797256129183e+04 4.534994589220236641e-21 1.100378786837858184e-20
1.818086007233151759e+04 1.621350563932596046e-21 1.069052757724884301e-20
1.818723214982616264e+04 -7.292944668894375768e-21 9.345524008280547737e-21
1.819360420502992565e+04 5.825841938306805064e-21 9.465064664513377562e-21
1.819997623793141611e+04 4.489298779186672584e-20 1.033403464074264715e-20
1.820634824851145822e+04 2.718108503539913400e-20 1.076562345280227811e-20
1.821272023675093078e+04 -3.325634470200302783e-21 9.307603837126585654e-21
1.821909220263448879e+04 1.232050136563017311e-20 1.110473892923489634e-20
1.822546414615656613e+04 3.405126614604463902e-20 9.969645915306505920e-21
1.823183606729422172e+04 3.911611513562334530e-20 1.096877572460949999e-20
1.823820796603801500e+04 5.655087446601628414e-20 1.109482997969448111e-20
1.824457984236494667e+04 -1.971083989536900996e-21 9.991411302391360390e-21
1.825095169626754432e+04 2.112476954315621458e-20 9.519368440006745879e-21
1.825732352771892693e+04 1.851845241782711382e-20 1.047082686485403115e-20
1.826369533671745739e+04 2.807334266350835000e-20 1.005877397349408116e-20
1.827006712324014734e+04 1.199228509828861758e-20 1.083555144204574151e-20
1.827643888727372541e+04 1.050017322246621797e-21 1.025053270065157045e-20
1.828281062880685204e+04 4.438917801006701608e-20 1.032104464944471188e-20
1.828918234781647334e+04 5.336384035826721409e-20 1.070533530897686848e-20
1.829555404429527334e+04 5.337283765223904462e-20 1.081209777474087343e-20
1.830192571822026366e+04 2.847129426526083150e-20 1.104872948490826425e-20
1.830829736957819114e+04 -1.621002395407210702e-20 9.946910349108699129e-21
1.831466899835778895e+04 9.532915492312415008e-21 1.049881273683240416e-20
1.832104060454976207e+04 1.267368418940520893e-20 9.885034461035664199e-21
1.832741218811937142e+04 1.995739302688934823e-20 1.057638702722866286e-20
1.833378374907101534e+04 2.381993445768903728e-20 1.066567090273365000e-20
1.834015528737779823e+04 4.358728336810214822e-20 1.021404005921197426e-20
1.834652680303042507e+04 1.811891313847100962e-20 1.110856844214200763e-20
1.835289829601371821e+04 -5.823972725053622847e-21 9.353968549252015724e-21
1.835926976630663921e+04 1.265983053733912222e-20 9.705133519198247590e-21
1.836564121389999127e+04 2.032629677955692697e-20 9.894912503127026087e-21
1.837201263877471501e+04 9.176219065228011544e-21 9.955209844189613066e-21
1.837838404092158089e+04 1.873371854326460447e-20 1.078939885297770273e-20
1.838475542031760779e+04 -1.451544758759353303e-20 9.878356343441786530e-21
1.839112677695554157e+04 1.273666374723482141e-20 1.002132592365272612e-20
1.839749811081437292e+04 1.864458034331294455e-20 9.330859661715024399e-21
1.840386942187898967e+04 3.082343955113638803e-20 1.087529351780882669e-20
1.841024071013627326e+04 3.115400736968074248e-20 1.081730023304371448e-20
1.841661197557506239e+04 9.314550546226500012e-21 1.068199420535030124e-20
1.842298321817233591e+04 1.438185774786331262e-21 1.071277960378248973e-20
1.842935443791891157e+04 -2.310030456133729886e-20 1.022351208188793909e-20
1.843572563479581731e+04 5.290232240317557217e-21 1.018705837535660704e-20
1.844209680879788357e+04 2.277083955790835611e-20 1.057621834593496983e-20
1.844846795989617749e+04 3.779103019694830498e-21 1.011152019378498969e-20
1.845483908807959961e+04 2.728534371674241229e-20 9.847345588377572609e-21
1.846121019333506774e+04 2.503973871855687754e-20 9.896083039856064228e-21
1.846758127565149334e+04 2.423482264754564022e-20 1.061005084451777491e-20
1.847395233500788891e+04 4.834463319960582837e-21 9.856499912428036672e-21
1.848032337139714582e+04 9.236579749547095525e-21 1.059502291318167305e-20
1.848669438479032033e+04 2.104827071572651479e-20 1.015112806232319419e-20
1.849306537518233017e+04 1.194832700779422455e-20 9.358835067261718185e-21
1.849943634255807046e+04 5.420732217173947077e-21 8.551145744942862096e-21
1.850580728690054093e+04 3.518140152022421971e-20 1.008243046044506480e-20
1.851217820818881228e+04 2.009153774400266458e-20 1.009005830724635699e-20
1.851854910641981041e+04 3.121360798886244766e-21 9.824590019860100335e-21
1.852491998157255512e+04 1.506284405489083204e-20 9.730331814165418710e-21
1.853129083363004611e+04 3.099965081621452817e-22 9.262837869096771114e-21
1.853766166257728401e+04 1.515486966804558931e-20 9.675888047450675222e-21
1.854403246840527208e+04 -3.810346694958853013e-20 9.988277138939598342e-21
1.855040325109501646e+04 1.138674670480880578e-20 1.011136718728000263e-20
1.855677401062954959e+04 5.210164804808735573e-21 9.381200363401343295e-21
1.856314474699787388e+04 -1.912859166387414206e-21 1.026765556788287036e-20
1.856951546018103909e+04 -5.103799940078596084e-21 9.670182213738793913e-21
1.857588615016402764e+04 6.122914617336305897e-21 9.261095384531824604e-21
1.858225681694184459e+04 3.021507322749547524e-20 9.848208164723707231e-21
1.858862746048558984e+04 2.323908028651045151e-20 1.030685583251378125e-20
1.859499808078832211e+04 -8.696360295954263864e-21 8.911006831464893496e-21
1.860136867783308844e+04 -4.568409728854919799e-21 1.018090687231435762e-20
1.860773925160092040e+04 -1.189134646759565383e-20 8.951352330845220779e-21
1.861410980208692490e+04 4.906149285727556732e-20 1.023973605259896338e-20
1.862048032926813539e+04 -7.077384116243802756e-21 9.839453769073503869e-21
1.862685083312960342e+04 1.838813591134259270e-20 1.075526802603466489e-20
1.863322131365641326e+04 5.298635861472585527e-21 9.393310038949939398e-21
1.863959177083967370e+04 -2.093197682749909216e-20 9.674101129628987740e-21
1.864596220466247178e+04 1.304435769480063696e-20 1.074467930057343147e-20
1.865233261510585362e+04 9.322937225700032438e-21 1.034954370738716413e-20
1.865870300215489624e+04 7.598184869990011074e-21 9.884643790248624873e-21
1.866507336579866387e+04 -1.486321035275269407e-20 1.030956732181753287e-20
1.867144370602032359e+04 1.404159050246591649e-20 1.004867107274556655e-20
1.867781402280294060e+04 8.895926422287797322e-21 9.778364813714738416e-21
1.868431867325955318e+04 7.569503374900020746e-22 9.221368535711450665e-21
1.869068894705422281e+04 -2.666116294089761104e-21 9.609850673730879156e-21
1.869705920083383899e+04 7.687590653975284407e-21 9.865889567687050315e-21
1.870342943115864909e+04 -4.502235209731484116e-21 9.782319205853130096e-21
1.870979963796527591e+04 4.883864170198963114e-21 1.045126529812293186e-20
1.871616982124864808e+04 -3.857507397449079053e-22 1.064697143121163283e-20
1.872253998099392629e+04 1.934810554961886493e-20 1.039108271184964190e-20
1.872891011717639776e+04 1.836809817745762132e-20 1.109394411333342041e-20
1.873528022978704030e+04 -8.733321895055127109e-21 1.011593385503493925e-20
1.874165031881109826e+04 2.759806961955857174e-20 1.072792481698618868e-20
1.874802038423574049e+04 2.333816265212986707e-21 9.867412291383952885e-21
1.875439042604803763e+04 9.572644703730904514e-21 1.024846073230564671e-20
1.876076044422724590e+04 -2.531231956871308115e-21 1.065135674380660861e-20
1.876713043875848234e+04 -2.590762605943247312e-20 9.732970747778500384e-21
1.877350040962887215e+04 -2.981359431302502216e-20 9.088819772664525542e-21
1.877987035681973430e+04 -2.016215108717791306e-20 9.602783257123335713e-21
1.878624028032612841e+04 -8.434375683590233629e-21 9.773471504132745175e-21
1.879261018012927161e+04 2.606879401378246611e-20 1.061742254309610032e-20
1.879898005620444383e+04 2.020990456689751341e-20 1.026554754049090186e-20
1.880534990855066280e+04 1.964989974584917901e-20 1.728493257870279061e-20
