9.796913483573274789e+03 -1.632376034841403216e-19 5.227819358556190509e-20
9.803277844045136590e+03 -2.118712139726133598e-20 4.799700420671023074e-20
9.809642228475297088e+03 3.449774025721134777e-20 4.421459191661538320e-20
9.816150139553210465e+03 -3.072253081038750610e-20 4.319794107023786719e-20
9.822514562479573215e+03 -2.517286243323688101e-20 4.544870296036231741e-20
9.828879001506082204e+03 2.047845464823907872e-21 4.670294394515519513e-20
9.835243456591499125e+03 1.176609013448860765e-19 4.849718630222524367e-20
9.841607927697505147e+03 5.771930581027009493e-20 4.678731092423904674e-20
9.847972414775034849e+03 3.063149751276728218e-21 4.279542531555185864e-20
9.854336917792830718e+03 -2.373871013513642527e-20 3.952427985094311934e-20
9.860701436698558609e+03 -3.585789535313995608e-20 3.832889050530900190e-20
9.867065971462045127e+03 2.669301685705778968e-20 3.862054888837427334e-20
9.873430522035960166e+03 -1.128891443774990450e-20 3.642198466406981604e-20
9.879795088380949892e+03 -1.392055272484191488e-20 4.098151232915550539e-20
9.886159670457842367e+03 6.567299277286901977e-20 4.294144129784716212e-20
9.892524268220513477e+03 -5.288262938198817036e-21 3.911584576134905117e-20
9.898888881636054066e+03 1.083179188046378712e-19 3.990134113018018703e-20
9.905253510654009006e+03 7.752649002716909781e-20 3.965201510699776072e-20
9.911618155240168562e+03 3.444397872364351939e-20 3.810053238839220157e-20
9.917982815351828322e+03 5.937615837994261836e-20 4.082622710399963124e-20
9.924347490948008272e+03 -9.899619771044701256e-21 3.779711696816496476e-20
9.930712181988017619e+03 -6.414769732993100116e-20 3.632872037442491176e-20
9.937076888432920896e+03 -8.784516410300316639e-20 3.610615076065126446e-20
9.943441610238680369e+03 9.434545978989867052e-21 3.870083276725907211e-20
9.949806347365851252e+03 -5.071348553654258857e-20 4.306587965365070383e-20
9.956171099772360321e+03 2.806337717351414782e-20 4.070709753692640291e-20
9.962535867422433512e+03 8.451265019139265074e-21 3.953851950471830715e-20
9.968900650269206380e+03 7.706063475702041966e-21 4.202204719690472976e-20
9.975265448276262759e+03 1.140819604190157750e-20 3.810758311493750411e-20
9.981630261401747703e+03 -9.765705311485006822e-20 3.677738143630389725e-20
9.987995089606773035e+03 3.904237829069960384e-20 3.622942284039478039e-20
9.994359932847832170e+03 5.457995109993875358e-20 3.953212471309941665e-20
1.000072479108387779e+04 5.061831297206052201e-20 4.155647304646011513e-20
1.000708966427781888e+04 1.005410353682823130e-19 4.228955239406943958e-20
1.001345455238471368e+04 -2.015605205707718397e-20 3.592557346927187998e-20
1.001981945537498723e+04 -2.140864930567949657e-20 3.875627781347887002e-20
1.002618437319395343e+04 -3.321506626809285586e-20 3.971754407965908453e-20
1.003254930580915789e+04 -2.058878821506732510e-20 4.127154117027669150e-20
1.003891425317880203e+04 4.746291469908763461e-20 3.955053081649010002e-20
1.004527921526278806e+04 -1.156121343730824753e-20 4.065765390124916990e-20
1.005164419201874443e+04 -2.444712048771843470e-21 4.072137372054653077e-20
1.005800918340970929e+04 -2.423489431023767053e-20 3.690862679155658393e-20
1.006437418939251074e+04 -3.546861121400990360e-20 4.074205427840603591e-20
1.007073920993165848e+04 8.169884685891023406e-21 4.176900432557605703e-20
1.007710424498190696e+04 -1.545595209380536848e-20 3.893778774353909718e-20
1.008346929450485368e+04 4.308071234957204243e-20 3.822493139995709209e-20
1.008983435846048633e+04 3.111776921285377007e-20 3.820806598978304134e-20
1.009619943680889628e+04 1.221122748433201643e-19 4.029432517591957622e-20
1.010256452950647690e+04 7.297891604270745924e-20 3.771946624599976788e-20
1.010892963651937498e+04 4.839754905082962802e-20 3.883791154986316908e-20
1.011529475780327266e+04 1.376976140698309360e-19 3.801148942720142649e-20
1.012165989332271420e+04 3.716732421233089758e-20 3.373280499296021065e-20
1.012802504302986927e+04 2.867253429269798122e-20 3.670772546910117374e-20
1.013439020689528115e+04 -3.113702729201095787e-20 3.449695095460040144e-20
1.014075538486902406e+04 5.738667425970554621e-20 3.776114154782933579e-20
1.014712057691706286e+04 -8.841008586118544417e-20 3.962872443505317624e-20
1.015348578300026384e+04 2.952469158675178289e-20 3.618703433961935955e-20
1.015999525596601234e+04 8.095273838889103948e-20 3.629799681213043226e-20
1.016636050390697528e+04 -1.664354812993017266e-20 3.655623836021192155e-20
1.017272576566899806e+04 -1.678861363039656615e-20 3.568906418278887892e-20
1.017909104130285596e+04 -1.172399454087370812e-20 3.577292226403373749e-20
1.018545633076763443e+04 1.327980718834654739e-19 3.748564102510995140e-20
1.019182163402532569e+04 3.793133757141681857e-20 3.304588915029734765e-20
1.019818695103180289e+04 -7.666563799211945715e-20 3.310226424984301610e-20
1.020455228174869262e+04 -9.611331506960030089e-20 3.128653446216907167e-20
1.021091762613918581e+04 -6.092312174411832691e-20 3.508309517085583330e-20
1.021728298416280631e+04 -5.033541128632738488e-20 3.625913723934083381e-20
1.022364835578083694e+04 -8.712309391248018418e-20 3.481500896203683917e-20
1.023001374095373649e+04 2.173547133283206509e-20 3.626878835373821353e-20
1.023637913963803658e+04 7.286765714526891776e-20 3.481741623569635497e-20
1.024274455189020409e+04 5.706466089682191044e-20 3.284819165666293763e-20
1.024910998528061646e+04 -6.004228642661538011e-21 3.419387390205738002e-20
1.025561987646977468e+04 -6.369989368268474239e-20 3.740218926454469383e-20
1.026198534259815642e+04 -3.440178435086192524e-20 3.722624943476097487e-20
1.026835082203942511e+04 2.566684246576102841e-20 3.359036678654330925e-20
1.027471631475782306e+04 -3.948772904707359454e-20 3.465948179591705228e-20
1.028108182070879229e+04 -1.425156405392881088e-20 3.496655272046912746e-20
1.028744733985878884e+04 -3.482310834524857680e-20 3.541350616708787637e-20
1.029381287216559576e+04 -2.140634059261144849e-20 3.383887105479298981e-20
1.030017841759110888e+04 -2.882771998830564579e-20 3.289488689271603939e-20
1.030654397609075932e+04 -6.751526679143244153e-20 3.143545150673758353e-20
1.031290954763260015e+04 -4.342871777346383536e-20 3.468919891772276520e-20
1.031927513217286469e+04 3.264732078214941276e-20 3.549479862432314868e-20
1.032564072967383981e+04 9.850372161681050463e-20 3.487065526406548275e-20
1.033200634009785608e+04 -5.475220665677257867e-20 2.929268869162956178e-20
1.033837196340214723e+04 -1.780241092655055996e-20 3.209584680912356829e-20
1.034473759955095920e+04 3.479508545417171802e-20 3.477646583901882382e-20
1.035110324850290635e+04 1.914594949551257709e-20 3.297749412799647318e-20
1.035746891022321142e+04 -2.668209293879004537e-20 3.034421836807721263e-20
1.036383458466744560e+04 -1.584933026143962150e-19 3.087980422176039372e-20
1.037020027180430225e+04 -2.196163135689138036e-20 3.259871306576188736e-20
1.037656597158570003e+04 2.077199779641797660e-20 3.399980158171529939e-20
1.038293168397852241e+04 1.580588288087423230e-20 3.213570424778628865e-20
1.038929740894064889e+04 1.950332102262306758e-20 3.377580942083974621e-20
1.039566314643465012e+04 8.092279037087793006e-20 3.266822821383274668e-20
1.040202889642059927e+04 -2.642710500569914780e-20 3.012113154376921902e-20
1.040839465886243670e+04 3.439390097883678202e-20 3.234618034869488106e-20
1.041476043371955711e+04 4.583496143528689014e-20 3.256894823798464128e-20
1.042112622095341612e+04 3.591172748817618084e-20 3.399572684667716947e-20
1.042749202052569854e+04 1.218440305260374737e-20 3.396222490033160534e-20
1.043385783239731063e+04 -6.398275518861701364e-20 3.261378226541057813e-20
1.044022365652823100e+04 -2.691209254807460129e-20 3.341264153960344425e-20
1.044658949288379335e+04 -7.836850718015158474e-21 3.195394170231413156e-20
1.045295534142442739e+04 4.865304770907797995e-20 3.128250510273100380e-20
1.045932120210707762e+04 2.993705226914236070e-20 3.161822574984662487e-20
1.046568707489595545e+04 1.282845395986283065e-20 3.105316670311054391e-20
1.047205295975165427e+04 1.932767611196575215e-20 3.200728677787010088e-20
1.047841885663783614e+04 5.757255182224074526e-20 3.280009508551606208e-20
1.048478476551462518e+04 3.511266455888080829e-20 3.150125081862528799e-20
1.049115068634494310e+04 2.186512541482434546e-20 3.014382752574111961e-20
1.049751661908703136e+04 -7.196152132988911633e-20 2.877670571536998881e-20
1.050388256370423915e+04 -3.962172672817838882e-20 2.995851102929280177e-20
1.051024852015968645e+04 -1.027147883633290707e-20 3.229733062017767730e-20
1.051661448841291894e+04 4.748191381462248858e-21 3.069679379109475896e-20
1.052298046842774056e+04 3.749193710468555055e-20 2.976209265483479760e-20
1.052934646016568331e+04 8.031399052382112523e-21 2.748465654599861239e-20
1.053571246358499047e+04 3.392935163086835479e-21 2.989986097242245077e-20
1.054207847865504664e+04 5.104213268342872350e-20 2.845641755445722325e-20
1.054844450532964765e+04 6.168985195847661033e-20 2.966789651830631291e-20
1.055481054357086941e+04 4.218536265092373355e-21 2.978787930056251690e-20
1.056117659334455857e+04 5.929915601564748957e-21 2.945055706397984967e-20
1.056754265460975694e+04 -1.812729420221031912e-20 2.996268268027923289e-20
1.057390872732944626e+04 6.419007192286181398e-21 2.786461195073520234e-20
1.058027481146578793e+04 1.941811143615966959e-20 2.762543330796955634e-20
1.058664090698205291e+04 1.079302052612670776e-20 2.692226608959044834e-20
1.059300701383847991e+04 6.447944168221023869e-21 2.906494058598017625e-20
1.059937313199721575e+04 5.071368399147699899e-20 3.062642875335154970e-20
1.060573926142194614e+04 -3.038284128762419694e-20 2.998363319266137062e-20
1.061210540207142731e+04 -2.239645179122598113e-21 2.928937560611627667e-20
1.061861677005044112e+04 7.839658504801965145e-20 2.895959891239456414e-20
1.062498294673852615e+04 3.102055296444001512e-20 2.849419850446699876e-20
1.063134913445392704e+04 -1.055760204695402204e-20 2.726345647967305132e-20
1.063771533323774020e+04 -6.547262243832876045e-21 2.866456272759994776e-20
1.064408154305563767e+04 2.730706530762699066e-20 3.021727356872124134e-20
1.065044776386913327e+04 -5.168370246066435094e-20 2.771092234579169633e-20
1.065681399564300773e+04 1.970979520746613593e-20 2.853406604542598325e-20
1.066318023833538973e+04 -2.123411222165018295e-20 2.748355508654449109e-20
1.066954649191223871e+04 1.231821322068771905e-19 2.887777552405347257e-20
1.067591275633314217e+04 4.748921153325695648e-20 2.829652010038487056e-20
1.068227903156153297e+04 2.079502181003415994e-20 3.071690935088887462e-20
1.068864531756117321e+04 -5.591579664458413071e-20 2.970930832394475737e-20
1.069501161429215972e+04 5.117189033348003405e-20 2.739768143602884392e-20
1.070137791759267748e+04 -5.869458172483861856e-22 2.603156546807763183e-20
1.070774387707571987e+04 -1.433900968868481565e-20 2.812850543393729351e-20
1.071425504483895202e+04 -4.211484634792366423e-20 2.860673255485481823e-20
1.072062082731402916e+04 2.155281257090238707e-21 2.806484261489859726e-20
1.072698662032779612e+04 -4.137385998085345515e-20 2.800292674540093651e-20
1.073335242384557932e+04 -8.340987347235757426e-21 2.830804086521422489e-20
1.073971823782598585e+04 -4.931478542449154643e-20 2.735058456503723279e-20
1.074608406223171733e+04 2.131474677593496587e-20 2.773581378334491632e-20
1.075244989702797830e+04 5.830156572757644609e-21 2.666703638047822177e-20
1.075881574217599700e+04 9.722776153616298962e-20 2.747857636036076809e-20
1.076518159763826407e+04 3.112178548337952556e-20 2.778343311170611205e-20
1.077154746337778124e+04 -1.259701161013225999e-21 2.603751353361796923e-20
1.077791333935627517e+04 6.085974790133395727e-20 2.722214954914324591e-20
1.078427922553707504e+04 3.871799192098087099e-20 2.817099385164902713e-20
1.079064512188322078e+04 2.872865056946028748e-20 2.753102093836374298e-20
1.079701102835891470e+04 9.737902271457210171e-25 2.726820566049617737e-20
1.080337694492625087e+04 4.002075733119266144e-21 2.833370199050965637e-20
1.080974287154518788e+04 -1.435690245536406595e-21 2.735237326825518150e-20
1.081610880818117221e+04 6.751660815030379087e-20 2.803830818628882012e-20
1.082247475479744935e+04 -3.064198802622779715e-21 2.588085538646018496e-20
1.082884071135498743e+04 -7.905430178654791250e-20 2.920829545184750136e-20
1.083520667781823613e+04 -3.772786913340418825e-20 3.310419659261904022e-20
1.084157265414970789e+04 1.476737741465925044e-20 3.229790834016609399e-20
1.084793864031334306e+04 -1.636131520923744312e-20 2.792573837322137704e-20
1.085430463627050449e+04 -7.389541608207862601e-22 2.645681315032257909e-20
1.086067064198611297e+04 -1.286884376084165024e-20 2.500189090878881691e-20
1.086703665742090743e+04 -3.715214114560364996e-20 2.459540045011301149e-20
1.087340268253933937e+04 -2.775659349708334813e-20 2.642016432759121482e-20
1.087976871730460334e+04 -1.472733428188435465e-20 2.678417944983349558e-20
1.088613476167936642e+04 3.699768093663132108e-20 2.824002755549997134e-20
1.089250081562709966e+04 2.754652989108350178e-20 2.745788562089699724e-20
1.089886687911128138e+04 -3.507463429730805422e-20 2.712045485089985372e-20
1.090523295209547177e+04 2.353509052746387114e-20 2.628402109544318064e-20
1.091159903454124469e+04 -4.066995822266664813e-20 2.634150615037121130e-20
1.091796512641324625e+04 -2.077792519590804489e-20 2.676372240388238398e-20
1.092433122767598252e+04 3.491685823393999443e-20 2.689461111966942649e-20
1.093069733829014513e+04 4.936089669839182757e-20 2.564132884287326945e-20
1.093706345821951072e+04 -2.578903111088629166e-20 2.626563969818981618e-20
1.094342958742772680e+04 -3.236190451025819350e-20 2.405530556644951556e-20
1.094979572587839903e+04 1.514187446046463262e-20 2.461886252216995176e-20
1.095616187353731766e+04 2.879598539425151213e-20 2.438143341961997265e-20
1.096252803036444311e+04 3.207334006773924911e-21 2.327348482411905592e-20
1.096889419632238241e+04 -1.667390007677721772e-20 2.218898972682260560e-20
1.097526037137985804e+04 9.860353501156102287e-20 2.597786224827718256e-20
1.098162655549420560e+04 2.946087630313993993e-20 2.388894967066783469e-20
1.098799274863366736e+04 3.531410321646894884e-20 2.311808987993981597e-20
1.099435895075945336e+04 -1.631029086786225399e-21 2.414843038091463435e-20
1.100072516183572225e+04 -2.291810475351697344e-20 2.473878548714131965e-20
1.100709138182595962e+04 1.034527321809893482e-20 2.414087584913226821e-20
1.101345761069426590e+04 2.892288546555500444e-20 2.492207409923632285e-20
1.101982384840402301e+04 7.881413602413626086e-21 2.420043998903262229e-20
1.102619009491871839e+04 5.568855711053601725e-20 2.225066084337713270e-20
1.103255635020251975e+04 6.830194216258451391e-20 2.585027747523554896e-20
1.103892261421895637e+04 5.918385515706255996e-20 2.445654020848036788e-20
1.104528888693152294e+04 -1.138909971097875414e-20 2.466817749237883598e-20
1.105165516830447268e+04 -3.251338868166286337e-20 2.418419550859756386e-20
1.105802145830144400e+04 1.326311709492663737e-20 2.468685834138842753e-20
1.106438775688598434e+04 3.306105011059516919e-20 2.515029118904691835e-20
1.107075406402238514e+04 4.467445016630753925e-20 2.486657778536253624e-20
1.107712037967441938e+04 -1.858007668094576423e-21 2.507707427310715221e-20
1.108348670380566728e+04 -2.340277577720089308e-20 2.340930851977134756e-20
1.108985303638051664e+04 3.136605369240505545e-20 2.465940110105843856e-20
1.109621937736280415e+04 2.541949024196079366e-20 2.487812580216166164e-20
1.110273192345353345e+04 -1.918421927166381549e-20 2.450868474746014382e-20
1.110909830217840681e+04 6.119453792637158823e-20 2.629251597093995216e-20
1.111546468164846556e+04 8.737898162258259868e-20 2.574764489329603146e-20
1.112183106928816596e+04 4.369498300732409888e-20 2.343892964006785012e-20
1.112819746515287807e+04 1.711601005109405631e-20 2.539780673364626688e-20
1.113456386920652221e+04 3.079597524030243300e-20 2.477916725822328945e-20
1.114093028141297509e+04 2.903210823550797500e-20 2.493997652076475305e-20
1.114729670173688100e+04 4.302243346296625139e-20 2.483636314363401317e-20
1.115366313014296975e+04 -6.194388001949765988e-21 2.383374139664863594e-20
1.116002956659361007e+04 1.740088946732290396e-20 2.365404082494149689e-20
1.116639601105273323e+04 -1.157080441172794134e-20 2.458027847823177487e-20
1.117276246348907625e+04 -3.080424107963997420e-20 2.438923643299560298e-20
1.117912892386042768e+04 -2.311170609762858857e-20 2.297000512212498081e-20
1.118549539213710887e+04 -3.191112982845078859e-20 2.217348033614897445e-20
1.119186186827990423e+04 3.743695481795637921e-20 2.247294631349946833e-20
1.119822835234211198e+04 1.233729912430354139e-20 2.566738674170327923e-20
1.120474126247900858e+04 -1.562820242096316656e-20 2.300925183667552609e-20
1.121110777535887973e+04 1.871119091240528172e-20 2.404486436164652423e-20
1.121747429596046641e+04 2.213507053967071825e-21 2.324287405592784797e-20
1.122384082424870758e+04 -7.091744054977273876e-21 2.428162653751943730e-20
1.123020736018741627e+04 3.980065431208614793e-21 2.252200335707380740e-20
1.123657390374138413e+04 -5.134011087888626063e-21 2.449000079093494691e-20
1.124294045487553376e+04 1.875828157922496888e-20 2.194274074799225884e-20
1.124930701355365636e+04 -1.470830787683275937e-20 2.368798570747204886e-20
1.125567357974077458e+04 -3.120733167530693033e-20 2.169245835700061457e-20
1.126204015340174192e+04 7.108160893465957236e-22 2.244769709574597866e-20
1.126840673450050963e+04 -2.707467632728419085e-20 2.324095794826540289e-20
1.127477332300219314e+04 2.298478334376820187e-20 2.378957613598227901e-20
1.128113991887158954e+04 9.337725514851121178e-22 2.141196924687304789e-20
1.128750652207283019e+04 1.080381104594600509e-20 2.109957994672566371e-20
1.129387313257037385e+04 -2.201593305528877060e-20 2.064365517663953758e-20
1.130023975033047645e+04 -3.293935462556378183e-22 2.212360664913102283e-20
1.130660637531669636e+04 -3.481164075914941485e-20 2.322670352754040192e-20
1.131297300749434726e+04 2.598788267295951917e-20 2.352320017708998884e-20
1.131933964682806618e+04 -8.556436169512082414e-21 2.316475770815365500e-20
1.132570629328242285e+04 1.677449025143470917e-20 2.335816097949146842e-20
1.133207294682205793e+04 9.400325628703744841e-21 2.150824972368615919e-20
1.133843960741368210e+04 1.904431619971328841e-20 2.220746658077261680e-20
1.134480627501998242e+04 -1.339886982021909522e-20 2.133643702758451149e-20
1.135117294960710387e+04 6.304567732682489519e-20 2.244178471770675501e-20
1.135753963113794453e+04 2.710101254025425494e-21 2.090358556100897942e-20
1.136390631958067206e+04 1.062010618712455126e-20 2.033978967153431961e-20
1.137027301489917954e+04 2.469150524195070809e-20 2.102365779538943076e-20
1.137663971705777658e+04 2.432972735122704275e-20 2.273581119191500094e-20
1.138300642602203334e+04 3.231925726946464889e-20 2.158739588798789504e-20
1.138937314175714891e+04 4.213268019573271668e-20 2.055190519372135808e-20
1.139573986422766575e+04 4.328995382784591751e-20 2.222945855213963737e-20
1.140210659339784070e+04 1.762767814244644134e-20 2.154097439737817986e-20
1.140847332923551949e+04 -3.417750958346315166e-21 1.986609634690233683e-20
1.141484007170415316e+04 2.641704056453359722e-20 2.004252923568203111e-20
1.142120682076944649e+04 2.552098157685392901e-21 2.141630184320741510e-20
1.142757357639628390e+04 1.279613921629864801e-20 2.003596171088061354e-20
1.143394033854987356e+04 6.562732482048515917e-20 1.991119237619208664e-20
1.144030710719595118e+04 2.460989897771387493e-20 2.115531696078842210e-20
1.144667388229917196e+04 1.907084137314942264e-20 2.027467131483526471e-20
1.145304066382522069e+04 5.486835949826711986e-20 2.065326562358227791e-20
1.145940745173968571e+04 4.712776121787585445e-20 2.081400456435111829e-20
1.146577424600727863e+04 -2.065489558804925757e-20 2.004458791807154556e-20
1.147214104659328223e+04 -1.657358518616070971e-20 2.093528238455656402e-20
1.147850785346439261e+04 4.203246832820235360e-20 2.122006630686747546e-20
1.148487466658432641e+04 -1.292554081473657335e-20 2.085817185772505027e-20
1.149124148592039637e+04 -2.931346601545582647e-20 1.987161877046111943e-20
1.149760831143710493e+04 -2.085418659618926091e-20 1.995112964067474193e-20
1.150397514309990038e+04 -2.613552986372316945e-20 2.052327190072224300e-20
1.151034198087479672e+04 2.019423252165508473e-20 2.009507991204527769e-20
1.151670882472605990e+04 -3.762282570983906859e-21 2.153442036151445008e-20
1.152307567462093357e+04 8.115329000551801840e-21 1.898529877499305726e-20
1.152944253052395470e+04 2.042436538506728894e-20 2.026266062022717785e-20
1.153580939240141197e+04 2.610113373971270431e-20 2.025044461781156858e-20
1.154217626021765136e+04 3.043302115717472128e-20 1.931646942260901189e-20
1.154854313394128440e+04 3.738619717047554390e-21 1.930804560208551170e-20
1.155491001353467072e+04 -1.388620805865543848e-20 2.033074571331756143e-20
1.156127689896587981e+04 2.809059125131741229e-20 2.012533149908298152e-20
1.156764379019955595e+04 4.271459510425463489e-20 1.975172880720469820e-20
1.157401068720106559e+04 3.491486188728779121e-20 2.098430219554535046e-20
1.158037758993771422e+04 2.631314793252956768e-21 2.058837857190620700e-20
1.158674449837346765e+04 -5.241804723935214041e-20 2.164734884556128859e-20
1.159311141247649721e+04 -4.750912146344117320e-21 2.038208332276757328e-20
1.159947833221023757e+04 2.211365933689586020e-20 1.817823124649886249e-20
1.160584525754140668e+04 4.013808154040019500e-21 1.916110705193712606e-20
1.161221218843739371e+04 -4.731264434280609811e-20 2.017739942887920211e-20
1.161872637978457715e+04 -1.413279862113549153e-20 2.074817331817425154e-20
1.162509333496199542e+04 -6.159562589303573578e-20 2.009806658410791937e-20
1.163146029551140418e+04 3.255156699691711080e-20 2.055018915603078187e-20
1.163782726148695656e+04 -3.073060446271323888e-21 2.127081242917168450e-20
1.164419423285253470e+04 -2.010094218412177771e-20 2.060191171188438330e-20
1.165056120957564235e+04 -1.352212662277279541e-20 2.076802834425937960e-20
1.165692819162106025e+04 -1.821518540295130998e-21 2.183300767993128652e-20
1.166329517895646495e+04 3.463200916464308013e-20 2.101050527005504493e-20
1.166966217154686638e+04 -1.820963837003451451e-20 2.054817684276074688e-20
1.167602916935875692e+04 3.901670150776768110e-21 2.019300182569287246e-20
1.168239617235845435e+04 -1.694201620416533475e-20 2.023075539572730935e-20
1.168876318051057024e+04 -3.691301961439675741e-21 2.004467210066172786e-20
1.169513019378399076e+04 3.011695074744960011e-20 2.125638594921974485e-20
1.170149721214313649e+04 4.023990635533920633e-20 2.055429231990924003e-20
1.170786423555520560e+04 4.196668569561020287e-20 1.947333915964389164e-20
1.171423126407332529e+04 2.534781046761832324e-21 1.970127047001455615e-20
1.172074576284850991e+04 -1.673050402098147943e-20 2.023847305483690573e-20
1.172711281434411103e+04 -3.600023025508194465e-20 1.976784467818162146e-20
1.173347987075608762e+04 2.268067259192287782e-21 2.038599415131308426e-20
1.173984693204942960e+04 1.408797681579001004e-20 1.975576612066978742e-20
1.174621399819060935e+04 -7.000426061982649159e-21 1.817480328946671967e-20
1.175258106914652126e+04 1.370738063259013091e-20 2.019258808991219380e-20
1.175894814488338307e+04 -2.431149846601477797e-20 1.800029154417713377e-20
1.176531522536737612e+04 -2.625853632965334742e-20 1.841286955364202845e-20
1.177168231056544028e+04 -3.495250502647650301e-20 1.902427148758572704e-20
1.177804940044370414e+04 3.473408837324722664e-21 1.875324774130458649e-20
1.178441649496936043e+04 1.357988103322834080e-20 1.856058885501088111e-20
1.179078359410751727e+04 8.611955170580523690e-20 1.916581611997601864e-20
1.179715069782708269e+04 4.904865410703639359e-20 1.852175408229857604e-20
1.180351780609255002e+04 -5.125184664011197873e-21 1.993179415073785773e-20
1.180988491887213422e+04 -8.135807242456825339e-23 2.034740051376650878e-20
1.181625203613180202e+04 -2.155164122334293653e-20 1.861319822756674130e-20
1.182261915783806944e+04 2.122068560870913273e-20 1.848460278099101417e-20
1.182898628395767264e+04 2.932519048855147270e-20 1.910660612042294037e-20
1.183535341445756603e+04 2.724641864411098980e-20 1.901959786135619551e-20
1.184172054930460035e+04 6.497182944241678854e-20 1.948262853958018813e-20
1.184808768846413113e+04 2.477408983841334733e-20 1.933729027956687740e-20
1.185445483190488449e+04 -1.481295755952450767e-20 1.840847667198638144e-20
1.186082197959376754e+04 -2.124630617290938493e-20 1.740742224876991247e-20
1.186718913149614127e+04 -5.389808464831475946e-21 1.808445584696257285e-20
1.187355628758016246e+04 -1.810312959478541093e-20 1.763616000082019193e-20
1.187992344781230349e+04 3.594837644934988953e-20 1.879604151044685503e-20
1.188629061215823276e+04 -2.551488279144741569e-20 1.752162453564180220e-20
1.189265778058717297e+04 3.897716399205589655e-21 1.873156215750340673e-20
1.189902495306468154e+04 1.875108812611907508e-20 1.950980022025421766e-20
1.190539212955762559e+04 1.972287660376903294e-20 1.846617718553424570e-20
1.191175931003355436e+04 3.800542817212318506e-21 1.716756714259266865e-20
1.191812649445946226e+04 1.430836903540037315e-20 1.778417771934906368e-20
1.192449368280214549e+04 5.539265063619321324e-22 1.764201319770059749e-20
1.193086087502899318e+04 -2.032223641773933753e-20 1.623027184307508811e-20
1.193722807110695612e+04 3.125981324318439547e-21 1.712272318468801342e-20
1.194359527100249579e+04 1.213945614309654393e-20 1.699088239282885305e-20
1.194996247468389993e+04 -4.039853424351790095e-20 1.629900377120799749e-20
1.195632968211811203e+04 -5.111653587274365947e-21 1.750834414256154963e-20
1.196269689327140259e+04 -9.625244991441782285e-21 1.804688465867225568e-20
1.196906410811130991e+04 -1.434894045297305740e-20 1.757085077956283664e-20
1.197543132660628726e+04 -1.861070100773464779e-20 1.668796999383113915e-20
1.198179854872241594e+04 8.241037473230704021e-21 1.735298815385687401e-20
1.198816577442717971e+04 -1.691733973081244013e-20 1.753746573663413158e-20
1.199453300368804776e+04 -3.532214751555378259e-21 1.681550383276119018e-20
1.200090023647199632e+04 -6.854390433754355399e-21 1.652660936102687033e-20
1.200726747274673653e+04 1.470345333864278196e-21 1.822795475472734757e-20
1.201363471247931375e+04 1.892578175039000250e-20 1.771043866892311697e-20
1.202000195563766101e+04 2.735399010257238148e-20 1.859047979731115829e-20
1.202636920218890737e+04 1.007049209574811498e-20 1.743965877139546629e-20
1.203273645210063660e+04 8.191157571158951106e-21 1.707013169921570804e-20
1.203910370533949754e+04 -1.041169529208784615e-20 1.641515371918431893e-20
1.204547096187415264e+04 1.990796265812138580e-20 1.672009296199290900e-20
1.205183822167156177e+04 2.949979188383674172e-20 1.729179659512671517e-20
1.205820548469886126e+04 4.659990661861051280e-20 1.637913088301906866e-20
1.206457275092461896e+04 -8.086456432998107289e-21 1.687383721373516011e-20
1.207094002031543459e+04 2.584287896348719476e-20 1.817823722089088642e-20
1.207730729283920118e+04 4.126555899548344958e-20 1.663727216360461096e-20
1.208367456846420282e+04 1.211330104418856732e-20 1.648585873356176779e-20
1.209004184715650445e+04 2.910883748403458160e-20 1.735759398998362276e-20
1.209640912888571438e+04 1.360731891928165972e-20 1.620246756280324207e-20
1.210277641361808674e+04 -8.036388233876303000e-21 1.641774358853498001e-20
1.210914370132186741e+04 -1.354984144288421670e-21 1.622804676205474029e-20
1.211551099196520227e+04 1.286115547325276348e-20 1.762203541168895761e-20
1.212187828551482198e+04 3.839085557441728278e-21 1.797513465959834489e-20
1.212824558193969096e+04 4.815033017043811025e-20 1.810142456634272177e-20
1.213461288120638892e+04 6.518514458838284198e-21 1.663904477121990622e-20
1.214098018328381659e+04 -1.485491378984762308e-21 1.621363934201648313e-20
1.214734748813905935e+04 3.549661562304905786e-20 1.781385899811312003e-20
1.215371479574044315e+04 3.275597293895502472e-20 1.733831414846323788e-20
1.216008210605567365e+04 -3.068282738981524517e-21 1.630178390548543860e-20
1.216659776381296433e+04 1.892693637237810299e-20 1.609525940320302945e-20
1.217296509979380244e+04 6.079401838718174303e-20 1.886570703097727271e-20
1.217933243108787610e+04 8.567545340956000306e-21 1.750110665147773358e-20
1.218569976487743588e+04 1.584416118405795869e-20 1.780464031576655983e-20
1.219206710121847755e+04 4.666828408479120774e-20 1.795237595651873940e-20
1.219843444007848120e+04 3.355075864696242197e-20 1.765458078162571901e-20
1.220480178142574186e+04 3.990240174957628657e-20 1.595381291771580767e-20
1.221116912522764687e+04 5.496833081088262412e-21 1.621218123199166116e-20
1.221753647145345894e+04 8.803783454834043068e-22 1.652552292687820403e-20
1.222390382007086191e+04 9.326021529339020332e-21 1.597390002285636808e-20
1.223027117104765966e+04 4.225343205347468061e-20 1.808306516288816737e-20
1.223663852435262379e+04 3.061005525762998526e-20 1.850027434500796006e-20
1.224300587995303249e+04 3.982972680136042066e-21 1.541856040699022382e-20
1.224937323781792293e+04 1.415509624714106648e-20 1.541936220698202633e-20
1.225574059791486434e+04 -1.195386452007167363e-20 1.655353541166168660e-20
1.226210796021265742e+04 2.999815994354348827e-20 1.575188969201662033e-20
1.226847532476842025e+04 -3.916273476213302885e-21 1.588417656345349068e-20
1.227484269875438440e+04 -1.081360977949092438e-21 1.547750784560593491e-20
1.228135864487025901e+04 1.563354843571784063e-20 1.632419765957302618e-20
1.228772602855299010e+04 3.201934007050747358e-20 1.737186615748344249e-20
1.229409341427576146e+04 -8.849189901076572183e-21 1.637037200881287425e-20
1.230046080200648248e+04 -9.930318645913456910e-21 1.594796732187684876e-20
1.230682819171370284e+04 3.150587015533202521e-20 1.595635075360117360e-20
1.231319558336575210e+04 4.708295217417539532e-20 1.521679498499841939e-20
1.231956297693133092e+04 -1.814975651740243405e-20 1.544370095339246446e-20
1.232593037237889075e+04 1.281842204259442570e-20 1.563783005046732180e-20
1.233229776967609905e+04 1.126389363221934180e-20 1.621338602888274254e-20
1.233866516879265691e+04 3.901392004051244414e-20 1.654038776314396470e-20
1.234503256969621725e+04 -8.358604342255193607e-21 1.501828188197107613e-20
1.235139997235611554e+04 4.652399626010892839e-22 1.695377696659002382e-20
1.235776737674021024e+04 5.105182263106574886e-20 1.669217573082770824e-20
1.236413478281757125e+04 3.802890333261545710e-20 1.614851593664651753e-20
1.237050219055641901e+04 4.855191579997526506e-20 1.635966580442535642e-20
1.237686959992571974e+04 4.095332262312578740e-20 1.626044106232502401e-20
1.238323701089420865e+04 2.365517090384005107e-20 1.551283285795620582e-20
1.238960442342997339e+04 3.872370837273978016e-20 1.579828891471454471e-20
1.239597183750231125e+04 1.734775342385375880e-20 1.608147888239232274e-20
1.240233925307990285e+04 4.505907145395591491e-20 1.692996144333697135e-20
1.240870667013131788e+04 1.388763224269776308e-20 1.572542200609298983e-20
1.241507408862543161e+04 2.294365107770923835e-20 1.591510165526927538e-20
1.242144150853070641e+04 3.199514678097186287e-20 1.714182157760978556e-20
1.242780892981681063e+04 2.728597781653872171e-20 1.687270620668671448e-20
1.243417635245151178e+04 1.682967141219585566e-20 1.538718105031845147e-20
1.244054377640465827e+04 1.903647890452317064e-21 1.582147421731990361e-20
1.244691120164421045e+04 2.376914441657368288e-21 1.546677917411067130e-20
1.245327862813972570e+04 4.610290722760324675e-20 1.525882662669947211e-20
1.245964605585994468e+04 2.046081396648295716e-20 1.532215487113462535e-20
1.246601348477366082e+04 -2.390552882905358138e-22 1.556142063741268851e-20
1.247238091485007863e+04 2.054014516861143451e-20 1.641570900119863142e-20
1.247874834605785145e+04 3.679591243168412525e-20 1.644032744052775238e-20
1.248511577836655488e+04 3.786653653539301090e-20 1.633188651855772195e-20
1.249148321174444027e+04 -5.568385298774574781e-21 1.467341647062791098e-20
1.249785064616145974e+04 7.211058975290216145e-20 1.647400682653956784e-20
1.250421808158586100e+04 6.938206691014454777e-20 1.722784345143187284e-20
1.251058551798727785e+04 3.660665008480045690e-20 1.589378426476450825e-20
1.251695295533458557e+04 3.162403737927973379e-20 1.544716864481063848e-20
1.252332039359706687e+04 -3.296175467627740609e-21 1.533507179284185234e-20
1.252968783274375892e+04 -2.597181980745493280e-20 1.575441898264039080e-20
1.253605527274384258e+04 -5.104003126602876680e-21 1.618042990393078784e-20
1.254242271356690981e+04 2.350424252899518789e-20 1.576620500179316449e-20
1.254879015518117376e+04 4.436715239521376305e-20 1.556513739730624361e-20
1.255515759755708677e+04 3.073934757522971232e-20 1.536869343952639259e-20
1.256152504066317306e+04 3.911311127905294089e-20 1.442353583556102110e-20
1.256789248446907368e+04 -6.578970208161898408e-21 1.550198286724527163e-20
1.257425992894376213e+04 3.527523612882511645e-20 1.555351082113379238e-20
1.258062737405695407e+04 1.084244285061061214e-20 1.548022846066652318e-20
1.258699481977781215e+04 2.388379576026311544e-20 1.504517024077256744e-20
1.259336226607561548e+04 -5.861065030963320198e-21 1.446077419229919003e-20
1.259972971292012335e+04 -3.841146351729592679e-20 1.496090945529691217e-20
1.260609716028002367e+04 -1.526419037922571491e-20 1.529758988826358181e-20
1.261246460812563964e+04 1.654359893128339552e-20 1.504665035434628903e-20
1.261883205642564462e+04 3.383727387965460480e-21 1.564913219580728116e-20
1.262519950515019264e+04 1.187189127722532363e-20 1.482833321237362135e-20
1.263156695426829174e+04 -2.686394707155094001e-20 1.405072242583088309e-20
1.263793440374976672e+04 3.729842571769525936e-20 1.451025277460062544e-20
1.264430185356396760e+04 -1.464744336531165536e-21 1.515001257945199586e-20
1.265066930368054636e+04 2.945367251137828235e-20 1.433044343474606964e-20
1.265703675406920411e+04 -1.004109480330329735e-20 1.460982874090267225e-20
1.266340420469918718e+04 -1.946490364729280334e-20 1.487329596458460229e-20
1.266977165554069325e+04 -4.151605960083820371e-20 1.548359968724958192e-20
1.267613910656265216e+04 -1.349064358813351634e-20 1.421717636900047429e-20
1.268250655773549988e+04 5.511513814936369079e-20 1.494034969969980987e-20
1.268887400902818445e+04 -2.281966435224773553e-20 1.378681188014202824e-20
1.269524146041110725e+04 -8.273057598426414254e-21 1.402830350724471305e-20
1.270160891185342007e+04 -6.241300919928507705e-21 1.403496465907187688e-20
1.270797636332534239e+04 3.195725318286802162e-20 1.417783591456371000e-20
1.271434381479632066e+04 2.135237144815323328e-20 1.460688452140513072e-20
1.272071126623633972e+04 7.683395184330418170e-21 1.461044377520229610e-20
1.272707871761518618e+04 -6.190179958362497846e-21 1.377853455607944333e-20
1.273344616890255747e+04 1.429959542706744795e-20 1.425230800016846563e-20
1.273981362006863674e+04 -1.124879559549434692e-20 1.401031856637721400e-20
1.274618107108279764e+04 1.398166855563878672e-20 1.271580710637056750e-20
1.275254852191560713e+04 -3.731898457892177680e-20 1.215354698661589659e-20
1.275891597253797408e+04 1.331244128855512822e-20 1.366649412857448570e-20
1.276543295462829155e+04 3.697538174668673297e-20 1.356195455204596605e-20
1.277180041752986835e+04 -4.171526746596482451e-21 1.367312806097953177e-20
1.277816788004273621e+04 6.007060367555066404e-21 1.553888041949004099e-20
1.278453534222097733e+04 1.693166210535270412e-20 1.503059227219976024e-20
1.279090280403528050e+04 3.599316868993109837e-21 1.367517494925724170e-20
1.279727026545521221e+04 -7.352092505364268899e-21 1.356592568131186373e-20
1.280363772645110112e+04 4.879396765642873049e-21 1.453123674413624551e-20
1.281000518699293389e+04 4.209866302051043634e-20 1.472732517065600376e-20
1.281637264705085181e+04 -1.008634991591454094e-20 1.319784787977524030e-20
1.282274010659493797e+04 4.384419166672217735e-21 1.424481125550287070e-20
1.282910756559536094e+04 1.751613097221356278e-20 1.319326356681104660e-20
1.283547502402240389e+04 3.516988850854292477e-20 1.497850929398300124e-20
1.284184248184602257e+04 3.142621148323342361e-20 1.480281574605268749e-20
1.284820993903680028e+04 -1.179785789190223914e-20 1.422335616623630770e-20
1.285457739556447632e+04 3.294408055671034844e-20 1.302585715877932586e-20
1.286094485140004508e+04 1.520597367410494383e-20 1.217081474751939927e-20
1.286731230651292390e+04 -3.156720921346289011e-20 1.201085395920676203e-20
1.287367976095976155e+04 -1.478376975354807883e-21 1.243692538524885180e-20
1.288019697468393497e+04 7.371064941755445142e-21 1.362069351024206909e-20
1.288656444012061365e+04 1.256329178768275104e-20 1.405409854220592681e-20
1.289293190471242633e+04 4.047367959061519349e-20 1.459284014185780081e-20
1.289929936843159885e+04 -9.309392646227719530e-21 1.338578302392070702e-20
1.290566683124805968e+04 1.931034954672638243e-20 1.441548195065041750e-20
1.291203429313261950e+04 3.456341875923012289e-21 1.359678175497566930e-20
1.291840175405522859e+04 -1.340526499153454764e-20 1.319409445843313271e-20
1.292476921398686136e+04 6.945239077033802322e-21 1.375745334325824856e-20
1.293113667289779551e+04 1.546958695771052478e-21 1.278709377701220709e-20
1.293750413075867073e+04 -5.563524302212970970e-21 1.253700042842679774e-20
1.294387158753962285e+04 2.710026536919821009e-20 1.316457433065452752e-20
1.295023904321128066e+04 -4.707965416756493468e-21 1.282695942236864034e-20
1.295660649774453850e+04 4.597293158224918388e-20 1.316032918546582878e-20
1.296297395110954858e+04 1.323300083408125451e-20 1.350600397089940097e-20
1.296934140327733985e+04 6.521535788219486789e-21 1.331883394785279543e-20
1.297570885421827552e+04 2.404504451509057925e-21 1.333932435715258508e-20
1.298207630390335544e+04 2.521576838424351358e-20 1.424804939877883017e-20
1.298844375230266814e+04 -6.970020648784558708e-21 1.298399013449298895e-20
1.299481119938743905e+04 4.058128577823576056e-21 1.319367792053270799e-20
1.300117864512804954e+04 3.142666157608597350e-20 1.274365062202328679e-20
1.300754608949559770e+04 6.886849226542929325e-21 1.339138131644854670e-20
1.301391353246014660e+04 -1.232438321540405263e-20 1.331859497345387719e-20
1.302028097399314538e+04 1.670754690272866901e-21 1.369333230469895582e-20
1.302664841406472806e+04 2.029607165333490527e-20 1.211701700142441480e-20
1.303301585264679488e+04 3.828018587685612692e-20 1.413578014577429494e-20
1.303938328970897055e+04 2.908253800863872288e-20 1.441599985452352807e-20
1.304575072522295704e+04 2.196607561246203409e-20 1.370893213523541051e-20
1.305211815916741580e+04 -2.100781385032315502e-20 1.312374155575199644e-20
1.305848562930574553e+04 2.513240990025373077e-20 1.424873523437572916e-20
1.306485311060212371e+04 1.688295852479371673e-20 1.380145818454552517e-20
1.307122059023380098e+04 2.756926129709103005e-21 1.349164617254574206e-20
1.307758806817122604e+04 2.580295925939318763e-20 1.278612229370075196e-20
1.308395554438600811e+04 3.145624921100551053e-20 1.288276621569743595e-20
1.309032301884836124e+04 -1.280110464440440240e-20 1.192132477795305760e-20
1.309669049152985644e+04 -4.378044903218832720e-21 1.246162896052318671e-20
1.310305796240136260e+04 4.431564233208240014e-20 1.303843961250423092e-20
1.310942543143367402e+04 5.163060828497157557e-20 1.292949683243005780e-20
1.311579289859815253e+04 2.789607493805210143e-20 1.291311915653271041e-20
1.312216036386574706e+04 2.051050048188897692e-20 1.391541701291522701e-20
1.312852782720755749e+04 2.355412260330720412e-20 1.433732852538773927e-20
1.313489528859507845e+04 1.047193341463884324e-20 1.273454874429842305e-20
1.314126274799892781e+04 -8.146832243819875354e-21 1.333193748555212204e-20
1.314763020539078389e+04 1.227635969540374480e-21 1.331353368817029774e-20
1.315399766074179206e+04 -6.602215519451127903e-21 1.318232798829209696e-20
1.316036511402276301e+04 1.656108917631686672e-20 1.282752953595433450e-20
1.316673256520511677e+04 5.696997202789317771e-20 1.470454289107723080e-20
1.317310001426012423e+04 3.913466962535106750e-20 1.435081689601396338e-20
1.317946746115882706e+04 4.043238671099529008e-20 1.328979281370557251e-20
1.318583490587269262e+04 -1.312822941558909640e-20 1.311370249965162429e-20
1.319220234837335556e+04 -8.865419045155992123e-21 1.306859346118870868e-20
1.319856978863181030e+04 1.797561746196489981e-20 1.225245676508641860e-20
1.320493722661951142e+04 1.812110920160915340e-20 1.202797540080360946e-20
1.321130466230772072e+04 -1.969094937038155993e-20 1.299730271327835733e-20
1.321767209566794918e+04 -1.984846875266444552e-21 1.306983871598688390e-20
1.322403952667147314e+04 -2.186199943732055510e-20 1.291559894319773891e-20
1.323040695528985270e+04 -1.561266574527555210e-20 1.215561826564221609e-20
1.323677438149441150e+04 1.257598517951649041e-21 1.141497634811257633e-20
1.324314180525648408e+04 1.338841607768884051e-20 1.145490314836566672e-20
1.324950922654793976e+04 8.361848440999302330e-21 1.251209780186317836e-20
1.325587664533990392e+04 7.982829060640660641e-21 1.170955997337194851e-20
1.326224406160402941e+04 1.684728449280955370e-20 1.206760525706281945e-20
1.326861147531252755e+04 2.207554322990638165e-20 1.249627644116667154e-20
1.327497888643605256e+04 3.498356289677800248e-21 1.161146339351768774e-20
1.328134629494683395e+04 2.450216791826569638e-20 1.198662294944841527e-20
1.328771370081555506e+04 3.010167247627823207e-20 1.181837751133505573e-20
1.329408110401474914e+04 9.783854214546227285e-21 1.225127087552348536e-20
1.330044850451572893e+04 1.292435792741331205e-20 1.131416475353132515e-20
1.330681590228992718e+04 2.508050343444684954e-21 1.243828155029421674e-20
1.331318329730925143e+04 -6.628927604672375639e-22 1.204068960413248715e-20
1.331955068954544004e+04 1.314262413564497015e-20 1.140757444457581993e-20
1.332591807897110630e+04 -3.903342013244947415e-21 1.184848405023494619e-20
1.333228546555619141e+04 -4.645633779425164986e-21 1.138297122776716360e-20
1.333865284927370158e+04 -1.620494917628825834e-21 1.239342151759879443e-20
1.334502023009503318e+04 6.246556977395412348e-21 1.062063793848878627e-20
1.335138760799180091e+04 6.166318270124172274e-21 1.222253990365571891e-20
1.335775498293628516e+04 -1.285981733665307978e-20 1.185031095953763510e-20
1.336412235490050989e+04 3.177113333562499723e-20 1.192108894642106004e-20
1.337048972385521301e+04 -7.512228503805390140e-21 1.131266535754712223e-20
1.337685708977309514e+04 4.115965522608177485e-20 1.206176255293815950e-20
1.338322445262613292e+04 2.874999165014581807e-20 1.268584261230545537e-20
1.338959181238621750e+04 -4.767381144758481307e-21 1.201705926324819350e-20
1.339595916902462886e+04 1.332935582398771931e-20 1.210745623335680304e-20
1.340232652251402033e+04 -2.691923059337532507e-21 1.257735872762145932e-20
1.340869387282736716e+04 -2.757574194100177483e-21 1.224903500835016042e-20
1.341521201031151395e+04 -2.392622280961583395e-22 1.189858387502009138e-20
1.342157936674027042e+04 -1.148393165649929737e-20 1.226185064319645540e-20
1.342794671982126420e+04 -8.050508073134292081e-21 1.142052046931994703e-20
1.343431406961055836e+04 6.579082537943059713e-21 1.240544944585299817e-20
1.344068141608058249e+04 7.019045415086563905e-22 1.257335904617321343e-20
1.344704875920336781e+04 3.630104231997857650e-20 1.229580994105336279e-20
1.345341609895145484e+04 1.683884481538438214e-20 1.180622338472761843e-20
1.345978343529584890e+04 2.365995350668886788e-20 1.131274932701836714e-20
1.346615076821016737e+04 -8.528861446840832428e-22 1.119309849546859365e-20
1.347251809766547740e+04 8.222285098017805377e-21 1.170064716561923925e-20
1.347888542363435954e+04 -5.094104423243140903e-21 1.120535404209003419e-20
1.348525274608899781e+04 1.942645336794732524e-20 1.168313085320078528e-20
1.349162006500195275e+04 2.380907739517483247e-20 1.276953864505062762e-20
1.349798738034449889e+04 1.519003981874251801e-20 1.321164652479324206e-20
1.350435469208978429e+04 -1.768939927303925368e-21 1.217991353378203604e-20
1.351072200021040408e+04 1.059177302308452150e-20 1.260680224530657949e-20
1.351708930467752725e+04 1.937590590563543759e-20 1.304227754325170178e-20
1.352345660546433282e+04 2.406347071862560935e-20 1.217326806647678878e-20
1.352982390262845729e+04 7.902117323042895048e-21 1.308627152758619544e-20
1.353634222292354934e+04 3.468608825718347495e-20 1.191745454611046825e-20
1.354270952493064033e+04 1.334990167988094644e-20 1.203645836828352744e-20
1.354907682314496378e+04 3.248801673898285296e-20 1.191627640534040626e-20
1.355544411753782697e+04 1.567904396298034749e-20 1.246446327978027947e-20
1.356181140808286909e+04 4.931912451273240926e-20 1.318749548558494773e-20
1.356817869475127009e+04 3.872101303953801112e-20 1.297274920112042422e-20
1.357454597751726578e+04 2.697919610035366788e-20 1.234845470345549704e-20
1.358091325635110115e+04 5.040969135227751587e-20 1.216647749522273242e-20
1.358728053122763413e+04 1.566386584559427299e-20 1.153786773514622860e-20
1.359364780211697507e+04 3.363525455131505774e-20 1.261205696836483067e-20
1.360001506899331434e+04 6.263260467064296703e-20 1.254567637593630540e-20
1.360638233182879776e+04 3.466522044120082668e-20 1.207458144605756920e-20
1.361274959059596767e+04 1.579593098056093458e-20 1.233367734396734466e-20
1.361911684526805402e+04 2.562525091909464471e-20 1.261731700658944338e-20
1.362548409581649503e+04 1.111865315883867210e-20 1.219916225010217296e-20
1.363185134221438420e+04 1.034755629228063830e-20 1.145516390721131029e-20
1.363821858443555720e+04 2.003555079145949989e-20 1.158539195296355007e-20
1.364458582245077923e+04 1.577945074747109479e-20 1.130940476874669096e-20
1.365095305623367676e+04 3.457183505515922414e-20 1.177802038642303862e-20
1.365732028575702861e+04 1.918392425106251644e-20 1.115981924926023149e-20
1.366368751099384644e+04 1.244231961119549385e-20 1.146258471824655131e-20
1.367005473191674537e+04 -2.482231830831525359e-20 1.167430759063497054e-20
1.367642194849762564e+04 -1.856987673555546277e-20 1.125717086282338938e-20
1.368278916071071399e+04 3.077810006996357063e-20 1.122656433420922154e-20
1.368915636852730859e+04 5.043528220797364296e-20 1.189229384808710096e-20
1.369552357192231648e+04 5.422600118946449284e-20 1.099523271470937333e-20
1.370189077086595898e+04 2.615203872833026338e-20 1.061361782885154093e-20
1.370825796533329776e+04 3.715155402624708302e-20 1.156893250888177633e-20
1.371462515529551638e+04 4.631532470887758460e-20 1.187702943475138671e-20
1.372099234072666150e+04 1.554639496287700127e-20 1.100724521091051541e-20
1.372735952159963563e+04 -1.857243867359357571e-22 1.121815542785465765e-20
1.373372669788677194e+04 -4.661711609379777292e-21 1.096930905503924269e-20
1.374009386956132039e+04 -2.349721476275813628e-21 1.087263956859308145e-20
1.374646103659678192e+04 2.189179095655291987e-20 1.204670918627808222e-20
1.375282819896676301e+04 5.121142545866728400e-21 1.135338293935923876e-20
1.375919535664159775e+04 8.850449387084533827e-21 1.060941045919883393e-20
1.376556250959665886e+04 1.007566248695955774e-20 1.020696352035412579e-20
1.377192965780349368e+04 7.026700584738356851e-22 1.081420395606715435e-20
1.377829680123631442e+04 4.278769722479883504e-22 1.120566562580866436e-20
1.378466393986795993e+04 1.237889294405471835e-20 1.206221877843295726e-20
1.379103107367132543e+04 2.366701372208444140e-20 1.142740061569057600e-20
1.379739820261928799e+04 -2.091638094785885892e-21 1.134442223933582208e-20
1.380376532668615255e+04 1.180648429062694326e-20 1.071657542488403718e-20
1.381013244584359018e+04 6.087526459566306272e-21 1.046925700411439047e-20
1.381649956006559660e+04 2.222143333221278435e-20 1.028788508480241247e-20
1.382286666932630214e+04 2.377076282981017635e-20 1.079848160388996200e-20
1.382923377359677943e+04 -1.374530560512771284e-20 1.073053751253140044e-20
1.383560087285152622e+04 1.842221340628108595e-20 1.141111855116587875e-20
1.384196796706396526e+04 9.076465907775270592e-21 1.141799063897946109e-20
1.384833505620788310e+04 2.221646206958188108e-20 1.028793762651594504e-20
1.385470214025435962e+04 1.844610058188709971e-20 1.122514565573741396e-20
1.386106921917845830e+04 9.974434527489296534e-21 1.094027704954208920e-20
1.386743629295275969e+04 2.849508505791224134e-20 1.104709365856435700e-20
1.387380336155183250e+04 2.042586416093126522e-20 1.125642485394334736e-20
1.388017042494748603e+04 1.198331171736794065e-20 9.894163415949740124e-21
1.388653748311447634e+04 1.623731934088086846e-20 1.035153484449407793e-20
1.389290453602499838e+04 3.121086388151128470e-21 1.051068254412123666e-20
1.389927158365296600e+04 3.298619990157511549e-20 1.149945067685755192e-20
1.390563862597261323e+04 2.356718427539089784e-20 1.067683241752172302e-20
1.391200566295643694e+04 2.693865474583030603e-21 1.085411028155191582e-20
1.391837269457790353e+04 3.250185522131067811e-20 1.132557381284451156e-20
1.392473972081091961e+04 1.294151685897734496e-20 1.088661035059765254e-20
1.393110674162863870e+04 1.023629993540529042e-20 1.095556785110676735e-20
1.393747375700444354e+04 2.212007513595034832e-20 1.086967567730495251e-20
1.394384076691244081e+04 4.638300993769120795e-20 1.133100949359483118e-20
1.395020777132701915e+04 3.828952122712648482e-21 1.140300850163309691e-20
1.395657477021956220e+04 2.439071356586192858e-21 1.066086644723757169e-20
1.396294176356492608e+04 2.403171240815873087e-20 9.901259649784586533e-21
1.396930875133643713e+04 1.582198561558384598e-20 1.025008976179772368e-20
1.397567573350878774e+04 9.370562800626965820e-21 1.052406487148040727e-20
1.398204271005383271e+04 2.757020578619835934e-20 1.071436217499822599e-20
1.398840968094654090e+04 -2.768382987944820746e-21 9.999768169605226557e-21
1.399477664615987305e+04 -1.362863739532129413e-20 1.048498400468728589e-20
1.400114360566876167e+04 1.194323024735033737e-20 9.814800369368082261e-21
1.400751055944595646e+04 2.963303091828328493e-20 1.046576668552765894e-20
1.401387750746474558e+04 1.909309414396972834e-20 9.855421749389191156e-21
1.402024444969955948e+04 4.782231421307669381e-21 9.687946679689337174e-21
1.402661138612451396e+04 1.314970577459600466e-20 1.013829579393883192e-20
1.403297831671265885e+04 9.625537181425510889e-21 9.891167022735984433e-21
1.403934524143776252e+04 8.536223559651674831e-21 1.009961643611294144e-20
1.404571216027437913e+04 -1.705863588042377395e-22 1.075507096322106584e-20
1.405207907319693732e+04 8.110112015151911052e-21 1.055189273365409062e-20
1.405844598017733369e+04 1.035724988580702452e-20 9.689732065315044390e-21
1.406481288119043893e+04 -4.786016236019476018e-21 9.351109665355446862e-21
1.407117977621016689e+04 2.144518190010207867e-20 1.013365371471278736e-20
1.407754666521064973e+04 1.093964639036886212e-20 1.113650760310587531e-20
1.408391354816541570e+04 1.542908732401843557e-20 1.032998208428115080e-20
1.409028042505030498e+04 9.687596956121497711e-21 1.095825931338039741e-20
1.409664729583595727e+04 1.467146756996708321e-20 1.044262096038593368e-20
1.410301416049838372e+04 1.470371467841624338e-20 1.049767082144993308e-20
1.410938101901109076e+04 1.949321893875882673e-20 9.511130869337539352e-21
1.411574787134836515e+04 -4.297608972688859522e-21 9.756446618721731170e-21
1.412211471748425174e+04 -2.216037917116888336e-21 9.000235878396179881e-21
1.412848155739322829e+04 5.396499158122446219e-21 9.565514321843239524e-21
1.413500054232136063e+04 1.506159571399978410e-20 9.274926171806098041e-21
1.414136738891787900e+04 5.069717678249785225e-21 1.036131583210651589e-20
1.414773422229521020e+04 -3.906075264568683361e-21 9.738132238490552882e-21
1.415410104925428823e+04 3.273196643398868529e-20 1.014325329188844649e-20
1.416046786985520521e+04 2.546295334261908300e-20 1.072505195259179633e-20
1.416683468407085456e+04 1.241524540802584045e-20 1.036429394235315152e-20
1.417320149187580137e+04 1.070474106493714257e-20 1.041079693418896300e-20
1.417956829324472892e+04 1.550956503023080568e-20 1.088151873166162832e-20
1.418593508815120185e+04 2.577074956561040050e-20 1.029167509446549300e-20
1.419230187657013630e+04 1.690609307214506808e-20 9.819152321196356901e-21
1.419866865847592635e+04 1.672232639192926461e-20 9.898075864595649855e-21
1.420503543384183467e+04 -1.838176297670771707e-20 9.177770033192617662e-21
1.421140220264275922e+04 1.855261980538529828e-20 1.008455322891634411e-20
1.421776896485280668e+04 1.551560194899637045e-20 9.666415307656486118e-21
1.422413572044675129e+04 9.407060438129465147e-23 9.715889022485887748e-21
1.423050246939961289e+04 2.255813036097156186e-21 9.911048908217221527e-21
1.423686921168240951e+04 -4.461642837168706876e-21 9.719142854750032933e-21
1.424323594727438103e+04 1.700338729497889293e-20 9.222224688078622252e-21
1.424960267614617987e+04 2.025540084540824192e-20 9.250068650450531845e-21
1.425596939827353890e+04 6.153172477536991127e-21 9.674598278155653987e-21
1.426233611371714142e+04 -1.021952937557728099e-20 1.042127781792237051e-20
1.426870282927104927e+04 -9.555841317112859913e-22 8.764195585026139757e-21
1.427522195075068885e+04 2.542365276805183553e-21 8.629474877168645695e-21
1.428158865782306566e+04 1.498805739968463412e-20 9.484003023405652458e-21
1.428795535802119230e+04 3.591495425150338813e-20 9.784173363566415876e-21
1.429432205131953924e+04 1.138976512370994757e-20 9.182986815783863992e-21
1.430068873769297170e+04 1.085514520476715827e-20 9.068764885146929586e-21
1.430705541711544902e+04 5.609682593776891594e-21 9.388356545967899154e-21
1.431342208956294598e+04 -1.017881633582774902e-21 9.943837434482675156e-21
1.431978875500727372e+04 2.772262661188454381e-21 8.947352677032056388e-21
1.432615541342559845e+04 6.036701044760328366e-21 9.148952539371360390e-21
1.433252206479175220e+04 9.489882821551842460e-21 9.350425282459473612e-21
1.433888870908013087e+04 1.998501471099141328e-20 9.128285930824532085e-21
1.434525534626589979e+04 1.871143446742977008e-20 1.016704580980547762e-20
1.435162197632296738e+04 3.493208221156775004e-20 9.789276391278638076e-21
1.435798859922673728e+04 3.565668482485606851e-20 1.010315044383838218e-20
1.436435521495152352e+04 3.264950075234467554e-20 9.954829647768332021e-21
1.437072182347212583e+04 1.407226249686738038e-20 9.065029179852642743e-21
1.437708842476350219e+04 1.127739726286363641e-21 9.659969511246931418e-21
1.438345501880066877e+04 1.246015731455829046e-20 1.016376810983192021e-20
1.438982160555748487e+04 1.737965281250362068e-20 9.850084040431479693e-21
1.439618818500894668e+04 1.203997365249652869e-20 9.318028820300477703e-21
1.440255475713021951e+04 1.651961326293223108e-20 8.817945842963209890e-21
1.440892132189608856e+04 2.187607872965140383e-20 9.161553191722295526e-21
1.441528787928112251e+04 1.285640912193788727e-20 9.172962013018719572e-21
1.442165442926069227e+04 2.633405683727804182e-20 7.821071178659187876e-21
1.442802097180896635e+04 2.227791898971260515e-20 8.669998666066396254e-21
1.443438750690146662e+04 -1.415579580474977822e-20 8.662891313039028420e-21
1.444075403451281454e+04 1.482260849870629102e-20 8.802500222528578217e-21
1.444712055461788077e+04 2.861794241012342413e-20 9.722192399450590014e-21
1.445348706719196161e+04 1.105438474168789678e-20 9.537456109687293573e-21
1.445985357220937112e+04 1.106339635284224103e-20 8.695011024769423271e-21
1.446622006964574575e+04 -1.157809047529398070e-20 9.067292395951948239e-21
1.447258655947566331e+04 -1.226490738436525294e-20 9.026613941703758232e-21
1.447895304167424001e+04 1.977591428454209692e-20 9.129669783768134730e-21
1.448531951621672124e+04 -3.267153769224410329e-21 8.610261376318085428e-21
1.449168598307762841e+04 1.452700243348176037e-20 9.372053061364142267e-21
1.449805244223262707e+04 7.426993050328419593e-21 8.446003500359308781e-21
1.450441889365628413e+04 3.640301923253295789e-21 8.058575656315780540e-21
1.451078533732397045e+04 2.436968707250428456e-20 8.842734310764780033e-21
1.451715177321086412e+04 -3.500674496191813220e-21 8.693012460141005785e-21
1.452351820129167572e+04 -1.889501458105746421e-21 9.701898600729019246e-21
1.452988462154211993e+04 5.736211203377426441e-21 9.496922669734542156e-21
1.453625103393677637e+04 -4.812388681007937045e-21 8.855669357215982015e-21
1.454261743845121782e+04 6.622875538728183245e-21 9.314442178601175554e-21
1.454898383506059326e+04 -2.813434621154768493e-21 8.819057771458820028e-21
1.455535022373980246e+04 1.738882848348230321e-20 8.962667830103152286e-21
1.456171660446457099e+04 1.159454455880231738e-20 8.351586666632481707e-21
1.456808297720957307e+04 1.112650904385205974e-20 8.944336230826298930e-21
1.457444934195047244e+04 2.134566366509593301e-22 9.185835329718471694e-21
1.458081569866165955e+04 7.338662564623998359e-21 8.718377500585258975e-21
1.458718204731894002e+04 -6.325791768606324479e-21 8.871799316278076054e-21
1.459354838789985115e+04 1.610805649954569214e-20 9.249331011123607335e-21
1.459991472037571293e+04 1.760107752221383426e-20 8.762503238880744549e-21
1.460628104472485575e+04 9.819269089338439514e-21 9.431633574620503761e-21
1.461264736092171734e+04 6.335485625962214082e-21 8.747436258690868479e-21
1.461901366894138118e+04 1.719076166567944298e-20 9.173193007981302111e-21
1.462537996875885801e+04 2.055069232942439449e-20 8.148649649627124764e-21
1.463174626035071560e+04 -3.597690345828985299e-21 9.248796140301899904e-21
1.463811254369192284e+04 -9.622095199934270679e-22 8.407311257145425940e-21
1.464447881875787607e+04 7.722064315861866231e-21 9.045520104169287897e-21
1.465084508552369152e+04 1.524790995588243945e-20 9.017162137429811136e-21
1.465721134396449270e+04 3.176856892610200103e-20 9.665407229387517111e-21
1.466357759405697288e+04 2.846225125299365307e-20 8.874072769122285471e-21
1.466994383577609369e+04 1.652483324621894989e-20 8.611997785457994541e-21
1.467631006909742428e+04 3.270104387853758346e-20 8.981499754333109934e-21
1.468267629399518410e+04 1.525103657865823034e-20 8.564280296846253569e-21
1.468904251044724515e+04 5.573241520938184323e-21 8.819403231174086440e-21
1.469540871842695014e+04 1.676681645947713855e-20 9.013002172834824722e-21
1.470177491791185639e+04 2.959702617943754063e-20 9.078297467052252551e-21
1.470814110887686184e+04 2.610381917160870057e-20 8.553142064693424570e-21
1.471450729129702268e+04 -3.149902164674314426e-21 8.758471857436553927e-21
1.472087346514857381e+04 -3.146403320077930718e-21 7.747447523402095864e-21
1.472723963040590206e+04 1.555876472973568586e-20 8.151375826783512581e-21
1.473360578704649924e+04 3.088322720787059165e-21 8.046711441752302595e-21
1.473997193504549250e+04 1.730895972383841853e-20 8.092499045245870742e-21
1.474633807437787436e+04 2.615579601574488998e-20 8.091366344255933402e-21
1.475270420501818626e+04 6.229627995196487044e-21 8.649579419181534632e-21
1.475907032694555528e+04 -1.090351336003788559e-21 7.806537642489233528e-21
1.476543644013375160e+04 2.339175985687492264e-20 7.869716396946050391e-21
1.477180254455894647e+04 -1.829929712574526105e-21 8.078725551166534137e-21
1.477816864019542845e+04 5.263699820742884264e-21 7.623289162956753203e-21
1.478453472702125509e+04 1.910053358827511905e-20 7.357894075233340349e-21
1.479090080501036573e+04 1.265426583640983117e-20 8.348017504903817914e-21
1.479726687414004300e+04 2.457795330719547351e-20 8.132983641151549811e-21
1.480363293438573055e+04 3.712661102191798910e-20 8.374709074243306105e-21
1.480999898572287202e+04 1.934271141485505561e-20 8.315920604720123969e-21
1.481636502812653453e+04 2.598546008315517604e-20 7.838777319628149464e-21
1.482273106157473921e+04 2.602473154151583689e-20 7.703671974765302462e-21
1.482909708603989748e+04 1.686760596785950505e-20 8.504973381196899479e-21
1.483546310150236059e+04 1.511329534556098075e-20 8.774166734484358538e-21
1.484182910793591509e+04 2.644060107479104631e-21 7.934790952430893267e-21
1.484819510531636479e+04 -1.008057172614400831e-20 7.741741686052676062e-21
1.485456109361910967e+04 3.796072054967958894e-21 7.741290758553664081e-21
1.486092707282153424e+04 1.415875879394839670e-20 7.896278763741192091e-21
1.486729304289805987e+04 3.896310017998574895e-20 8.458024160893221770e-21
1.487365900382670225e+04 2.269747649082525562e-20 8.054187692415029400e-21
1.488002495558202281e+04 -7.339815607689376099e-22 7.387054551993680834e-21
1.488639089814064027e+04 1.203918022977807682e-20 7.736184558498216060e-21
1.489275683147634663e+04 2.037441051330855531e-21 8.307340597542758271e-21
1.489912275556810164e+04 8.604411488424099017e-21 7.550557798530157601e-21
1.490548867039233483e+04 -2.808861068997682645e-21 8.226033060539190705e-21
1.491185457592362582e+04 -3.084619365296782136e-21 8.156816440981316605e-21
1.491822047213854421e+04 7.335355961012910109e-21 8.081034179214376239e-21
1.492458635901123307e+04 2.920062452793102835e-20 7.841909879092847771e-21
1.493095223652037566e+04 1.517345562787501615e-20 8.100487998144225357e-21
1.493731810464267255e+04 3.598071958663363246e-21 7.087820089381913377e-21
1.494368396335199941e+04 2.354111687044160675e-20 7.462562867702635132e-21
1.495004981262554247e+04 8.155055766442258301e-21 7.058742632880843639e-21
1.495641565244260892e+04 2.460212565307332101e-21 6.949692611383913832e-21
1.496293518524395586e+04 1.608817891064269453e-20 7.332658960889474489e-21
1.496930101811601526e+04 2.706212584320965936e-20 7.508968480857070310e-21
1.497566684137180710e+04 1.945205348604367790e-20 7.468937844745829426e-21
1.498203265507191099e+04 1.460464434380857502e-20 7.209191859731733139e-21
1.498839845919217987e+04 2.041650147535862869e-20 7.458928258394298124e-21
1.499476425370775542e+04 2.334057286273277887e-20 8.040264159081629212e-21
1.500113003859667151e+04 9.839910291547496503e-21 7.645245480026206844e-21
1.500749581383376972e+04 -3.785091442154524173e-21 7.379133424301970895e-21
1.501386157939692566e+04 -3.316122908206155027e-21 6.652319100059316872e-21
1.502022733526074080e+04 6.552881506863635002e-21 6.997592993432333019e-21
1.502659308140375651e+04 5.901913964145947776e-21 6.333314453589271536e-21
1.503295881779984848e+04 6.245208994663818625e-21 6.694209828867113537e-21
1.503932454442593735e+04 1.542452780377595590e-20 6.608152555013894489e-21
1.504569026126136851e+04 1.871487179280570304e-20 6.695195720471733374e-21
1.505205596828020498e+04 1.810279083200568021e-20 6.577852936219666229e-21
1.505842166545741384e+04 2.745688338769835826e-21 6.453856285174025213e-21
1.506478735277214582e+04 1.727134357996256036e-20 6.694978291491305275e-21
1.507115303019989369e+04 4.537020106502608608e-21 6.595219420042361952e-21
1.507751869771745623e+04 1.133714427393700018e-20 6.874778056266981934e-21
1.508388435529990784e+04 -5.096052830644047821e-21 6.580196230081532801e-21
1.509025000292609366e+04 1.977236452722481611e-20 6.668197080091769560e-21
1.509661564057270152e+04 1.361516738683361465e-20 8.017922046746576172e-21
1.510298126821477854e+04 1.064231396747624537e-20 6.968117641364598147e-21
1.510934688591460872e+04 3.233323974094502268e-21 6.886092251583954105e-21
1.511586648260360198e+04 2.255573458952462244e-20 6.765698811318303307e-21
1.512223209201285681e+04 2.296515519277968650e-20 6.953108107090256612e-21
1.512859769132164001e+04 -8.313872866457648766e-21 6.202134870057991740e-21
1.513496328050853481e+04 2.651542825032833776e-22 6.402873103176570750e-21
1.514132885954885751e+04 1.196969395533082887e-21 7.288228517268741208e-21
1.514769442841759337e+04 1.109132063183340070e-20 7.170032443759288809e-21
1.515405998709431697e+04 -2.899727704923830390e-21 6.338642409796527766e-21
1.516042553555357154e+04 2.257361182934470904e-20 6.287482859091951267e-21
1.516679107377454966e+04 7.579410214331751729e-21 6.897328763332748776e-21
1.517315660173137439e+04 6.003605034342368116e-21 6.775869294536070645e-21
1.517952211940321286e+04 7.819004635919761193e-21 7.039268029785501764e-21
1.518588762676592160e+04 5.418104347105105845e-21 7.215286767198747487e-21
1.519225312379572097e+04 5.257709376484250511e-21 7.226568494577642176e-21
1.519861861047098864e+04 1.497445492707511072e-20 7.362132903788427226e-21
1.520498408676745021e+04 4.016018981786819014e-20 6.870911298875755818e-21
1.521134955266030556e+04 2.586058759965151826e-20 6.963761371715501045e-21
1.521771500812805607e+04 -5.448438684280163686e-21 6.347520934304296732e-21
1.522408045314738592e+04 1.440830312317733135e-20 6.726556610454206501e-21
1.523044588769595794e+04 1.228591845534224818e-20 6.256170783930443963e-21
1.523681131175001792e+04 2.820431363131624876e-20 6.539351318518066084e-21
1.524317672528507865e+04 1.306987736720472532e-20 6.683294745596382712e-21
1.524954212828017626e+04 -2.887074865551008510e-21 6.637614480575823289e-21
1.525590752070925373e+04 9.143459746186052387e-21 6.755989959520560838e-21
1.526227290254775107e+04 1.335606047179171707e-20 6.140935880627363670e-21
1.526863827378053429e+04 -4.596741895944655696e-21 6.024207403041982266e-21
1.527500363438037130e+04 1.190375109405243216e-20 6.968264186348918143e-21
1.528136898432378075e+04 4.272928603129076074e-21 6.622702311671569055e-21
1.528773432358917489e+04 1.865656681543187674e-20 6.486676220602378956e-21
1.529409965215261582e+04 2.287669495016332621e-20 6.624097260668412958e-21
1.530046496998944531e+04 1.144095138100704812e-20 6.704566201620057338e-21
1.530683027707830115e+04 3.031515225449771828e-20 7.320444601105257970e-21
1.531319557339742460e+04 1.886288638219139604e-20 7.115070957321612737e-21
1.531956085892104238e+04 2.288898785493963819e-20 6.626196196332410550e-21
1.532592613362907832e+04 1.605571562765319124e-20 6.814602857101140162e-21
1.533229139749631213e+04 1.575023371101574757e-20 7.245183953727231055e-21
1.533865665050163807e+04 6.928517143701859001e-21 7.066449265701322975e-21
1.534502189261702733e+04 2.377464728520565576e-21 7.630803729715062937e-21
1.535138712382403355e+04 6.911426228848700895e-21 7.271518431817924330e-21
1.535775234410061421e+04 -6.385514724915358620e-24 6.213679933909862462e-21
1.536411755342675133e+04 5.989489497202896801e-21 6.798110233403891988e-21
1.537048275177596406e+04 1.338815442567416516e-20 7.119541437341783430e-21
1.537684793912524219e+04 1.187514076990111506e-20 7.160102074415212892e-21
1.538321311545104254e+04 1.323822446383549836e-20 6.637948184570998376e-21
1.538957828073150813e+04 2.496421306501981168e-20 7.200739789860562666e-21
1.539594343494491841e+04 -1.911757107664650865e-21 6.289440517007602075e-21
1.540230857806773565e+04 -2.212295762447252655e-21 6.468434701338558499e-21
1.540867349781344274e+04 -1.545246993986482813e-21 6.674330699449823800e-21
1.541503834437521073e+04 3.675518571695489781e-22 6.260169662212803805e-21
1.542140317976908045e+04 1.180257558274176966e-20 6.493825439051494952e-21
1.542776800398147498e+04 1.284967050124498443e-20 6.930204599418495100e-21
1.543413281698971332e+04 -5.233144815007015835e-21 6.684242048681799180e-21
1.544049761877616947e+04 1.244895605528993489e-21 6.416095939476768585e-21
1.544686240931432803e+04 7.953940449200617302e-21 7.109368147043541688e-21
1.545322718858164262e+04 1.511797832890723524e-20 6.709382826174572047e-21
1.545959195655693111e+04 -2.101833084038527830e-21 6.676336295701204118e-21
1.546595671321487862e+04 1.226422834573970623e-20 7.333603151053510937e-21
1.547232145853537804e+04 1.611061963112420223e-20 6.684933047931040560e-21
1.547868619249492986e+04 2.483059673185644762e-20 6.810644560943807822e-21
1.548505091506940880e+04 3.885232515657549274e-21 6.841868201334669489e-21
1.549141562623519712e+04 6.695363655562194800e-21 7.352430244751541511e-21
1.549778032597117090e+04 2.164148806221098022e-20 7.179425785350422704e-21
1.550414501425807248e+04 9.469046811373411419e-21 6.908417266645959883e-21
1.551050969107113633e+04 4.573153205698548698e-21 7.030994049758396164e-21
1.551687435639050818e+04 7.971749514338533978e-21 7.536997985867556639e-21
1.552323901018854303e+04 6.560500926484676309e-21 7.579218131167804199e-21
1.552960365244774039e+04 6.675874910936527346e-21 6.747182309724290382e-21
1.553596828314347113e+04 3.260347407992480604e-20 7.704972131617517636e-21
1.554233290225172823e+04 1.138817216968452195e-20 7.506624008559798399e-21
1.554869750975142051e+04 1.429867496613546050e-20 6.825343387994507020e-21
1.555506210562039632e+04 1.400908126923401560e-20 6.773248191474910956e-21
1.556142668983591830e+04 -1.176418153835675661e-21 7.100557424869977833e-21
1.556779126237078526e+04 2.016978697169209565e-20 7.454828194307584547e-21
1.557415582320900103e+04 1.311816149354518434e-20 7.422808847088925113e-21
1.558052037233163355e+04 1.656110424073675217e-20 6.936955725693549918e-21
1.558688490971021929e+04 3.114266179890414844e-20 7.227699739820011652e-21
1.559324943532518046e+04 1.169605450309564475e-20 7.556956900101118152e-21
1.559961394915022538e+04 1.140410506415007827e-20 7.728885608094419503e-21
1.560597845116799181e+04 1.237207470701854288e-20 7.604110855450448657e-21
1.561234294135277742e+04 1.420633442841556058e-20 7.483052054512637363e-21
1.561870741968207585e+04 -2.484136426077438573e-21 6.944246445540806368e-21
1.562507188613477592e+04 -3.742174847172424745e-21 7.288486929577038377e-21
1.563143634068772189e+04 2.574440422260600710e-20 7.058443584387847318e-21
1.563780078331975346e+04 2.642964021309550276e-20 7.006911869708843781e-21
1.564416521400971760e+04 -9.728702167750480418e-22 7.001116622012325610e-21
1.565052963273705609e+04 7.379857382452692625e-21 7.847762243419177196e-21
1.565689403947571554e+04 1.683952671577098419e-20 7.771545370710836316e-21
1.566325843420443016e+04 7.050972489293942213e-21 7.976771849390508181e-21
1.566962281690152486e+04 -6.147063479922520593e-22 7.546922117597858025e-21
1.567598718754223228e+04 -3.003746078386065759e-21 6.480073687360037362e-21
1.568235154610904647e+04 1.444981089296546269e-21 7.101209280955645324e-21
1.568871589257657615e+04 2.650179724202937712e-20 7.568374839364266065e-21
1.569508022692396116e+04 1.847317867693033115e-20 7.655916921374032065e-21
1.570144454912729998e+04 2.401879345285219920e-20 8.324796102982660548e-21
1.570780885916888292e+04 2.310250002423438955e-20 7.337457600916302596e-21
1.571417315702411906e+04 3.385121399147403062e-20 8.115511103080058526e-21
1.572053744267046568e+04 9.221081941099323912e-21 7.687272274199688348e-21
1.572690171608501078e+04 -4.502440598715725143e-21 6.723495431015037202e-21
1.573326597724709063e+04 1.011136854082833873e-20 7.398616829322134622e-21
1.573963022613430621e+04 7.685643342109887286e-21 7.731926175100448751e-21
1.574599446272488967e+04 3.782080872944956813e-21 7.375236659321002098e-21
1.575235868699573621e+04 7.719889785024810375e-22 5.955948106977326935e-21
1.575872289892714798e+04 -2.314676187395521955e-22 6.153303028034400361e-21
1.576508709849724619e+04 2.346264155989571091e-20 7.379026991118497010e-21
1.577145128568302971e+04 5.052703335096627988e-21 7.045777682892122100e-21
1.577781546046238327e+04 1.204051033216658841e-20 7.031258784335952369e-21
1.578417962281192013e+04 3.077944619870274408e-20 7.262488107630761875e-21
1.579054377270879741e+04 1.191722265533631556e-20 7.373407296885532098e-21
1.579690791013887065e+04 1.758860927453326274e-20 7.519247773192650122e-21
1.580327203507204467e+04 2.999780761242833488e-20 7.907426266175622949e-21
1.580963614748822692e+04 2.841830884224605750e-20 7.651348809887369902e-21
1.581600024736950218e+04 1.327279481069592630e-20 7.832059953742069527e-21
1.582236433468959331e+04 1.154269688073640821e-20 7.309916885715636923e-21
1.582872840943110714e+04 9.167878675301191281e-21 8.606292348371254797e-21
1.583509247156433958e+04 3.288541830971928121e-20 8.710945763313402380e-21
1.584145652107504065e+04 1.423101004740089177e-20 7.820863807408129301e-21
1.584782055793901600e+04 3.272985440636460396e-20 8.317925832723325982e-21
1.585418458213598024e+04 7.181029728516614475e-21 7.319790049012266405e-21
1.586054859364124968e+04 6.816607979932314168e-21 7.284068383031780117e-21
1.586691259243440254e+04 3.080051486623289407e-20 7.369315449822408631e-21
1.587327657849399293e+04 9.174954223267449913e-21 6.904801746226144981e-21
1.587964055179682509e+04 5.217269422680579652e-21 6.877243230687870538e-21
1.588600451232492014e+04 1.250553196939963596e-20 6.677756656717940104e-21
1.589236846005165717e+04 2.079678358100718038e-20 6.708330145320540882e-21
1.589873239496070346e+04 9.040902321144765133e-21 6.900560890363909485e-21
1.590509631702454135e+04 1.954440676091092477e-20 7.279612246529606683e-21
1.591146022622736746e+04 6.847186699748399803e-21 6.905086039160893812e-21
1.591782412254351948e+04 -6.082717913819497278e-21 7.253047920482694589e-21
1.592418800595101857e+04 1.509184942999494066e-20 7.522581805589227103e-21
1.593055187643113823e+04 -8.654448479219286995e-21 7.376450217027271637e-21
1.593691573396109743e+04 2.412784623225986338e-20 6.886500032521355989e-21
1.594327957852019972e+04 1.539773463451486340e-20 6.948514988790223525e-21
1.594979891019149727e+04 8.511352199783012062e-21 7.430904144584038336e-21
1.595616274051401524e+04 2.134441278504154858e-20 7.393916502447006899e-21
1.596252655771689570e+04 2.073372387158394375e-20 7.531804062111073308e-21
1.596889036185843179e+04 5.273909609340949545e-21 6.968700450530153334e-21
1.597525415291745958e+04 1.868094209725383344e-20 7.254121504684710532e-21
1.598161793087521983e+04 2.631241144256701169e-20 7.422066785552701190e-21
1.598798169570990467e+04 1.889344468980553435e-20 6.902025798644004933e-21
1.599434544739479497e+04 1.231907994874368006e-20 7.119231125688759276e-21
1.600070918591659938e+04 1.320766909015965985e-20 7.918315109462224939e-21
1.600707291124847688e+04 1.652882701133813038e-20 7.371405885379533039e-21
1.601343662336861235e+04 1.522974533753571384e-20 6.641758718288559788e-21
1.601980032225738250e+04 -7.540871548145181991e-21 6.449930362386063257e-21
1.602616400789733598e+04 1.643584286569977790e-20 7.557789946195626663e-21
1.603252768025863952e+04 1.458055874439959565e-20 7.596301383148359337e-21
1.603889133932286495e+04 2.400668453048391014e-20 6.664489382218989075e-21
1.604525498507412522e+04 3.057454306208247129e-20 7.452099649092759816e-21
1.605161861748548290e+04 1.709136510559174029e-20 7.604576427760316059e-21
1.605798223653542846e+04 8.423876369982390964e-21 7.212578880890788304e-21
1.606434584220434226e+04 -3.408432522645828405e-22 7.228813830943198937e-21
1.607070943447481659e+04 3.027662714771077536e-20 7.479927800138708289e-21
1.607707301331441522e+04 2.793657525853839292e-20 8.255170296776215431e-21
1.608343657871294272e+04 1.650158862178557725e-21 7.591292209315612743e-21
1.608980013064385457e+04 -1.503679970503330336e-20 7.543171977119620162e-21
1.609616366908959208e+04 1.042453995644378196e-21 7.177070380644828006e-21
1.610252719402487310e+04 7.586584945102469840e-21 7.256628373812022523e-21
1.610889070542865556e+04 7.990438348711567806e-21 8.543326809538430749e-21
1.611525420328230575e+04 2.596311894303152096e-20 8.869390165685195997e-21
1.612161768756160382e+04 1.257946814901388063e-20 7.439519247777035614e-21
1.612798115833273005e+04 1.830662903751454941e-20 7.359743866037880295e-21
1.613450045389696788e+04 1.306192849148148659e-20 7.183527005697647551e-21
1.614086390897649289e+04 8.400048973919352509e-21 7.571870537005336416e-21
1.614722735039675536e+04 2.954504808180637122e-20 7.652468085518775380e-21
1.615359077813259682e+04 5.184510765225001304e-21 6.870427792666252242e-21
1.615995419217426570e+04 -9.369246739292409364e-22 7.259344713433968194e-21
1.616631759248874550e+04 2.978189765881103023e-20 7.546927361311431695e-21
1.617268097906105140e+04 4.522317093922756217e-20 7.469001067258500305e-21
1.617904435187009767e+04 2.438942750929777643e-20 7.057302253442010482e-21
1.618540771088879774e+04 3.174104985354446597e-20 7.568842213496437537e-21
1.619177105610175204e+04 2.747938625561673154e-20 7.756547811638954011e-21
1.619813438748673798e+04 1.701833737248047117e-20 7.430737946997694581e-21
1.620449770502409956e+04 -2.932592200069348775e-21 7.159564979892456903e-21
1.621086100869090296e+04 2.948094422340850181e-20 7.105788229956733667e-21
1.621722429846505838e+04 3.022963522469579004e-20 7.291580636891363862e-21
1.622358757432846869e+04 1.476244646831614274e-20 6.244045722180877932e-21
1.622995083625410916e+04 1.355314907211674410e-20 6.982084877559751330e-21
1.623631408422957793e+04 1.773457138968324649e-20 6.690611590433433328e-21
1.624267731823129361e+04 1.407995399507376206e-20 6.792963934416139636e-21
1.624904053823240065e+04 3.031177805689917441e-22 7.206798584595771622e-21
1.625540374422032255e+04 2.084339383997520556e-20 7.402430498328311844e-21
1.626176693616561533e+04 -9.147716261735306971e-22 6.741396234987785590e-21
1.626813011405326506e+04 2.252552479086223733e-20 7.510599838234036721e-21
1.627449327786224785e+04 6.017025804660881325e-21 8.023061393685773044e-21
1.628085642757134337e+04 1.323263276543222670e-21 7.015747141112352745e-21
1.628721956315121861e+04 1.655543100825810956e-20 7.313302681548456736e-21
1.629358268459567989e+04 1.354812855134514441e-20 7.139252904825173408e-21
1.629994579187174168e+04 2.299293301794162251e-20 7.551180288742807235e-21
1.630630888496751140e+04 1.398636401921488035e-20 6.577911972406501627e-21
1.631267196385342686e+04 9.827012563419186680e-21 7.059256416572344000e-21
1.631903502851750636e+04 5.014040139097526536e-21 6.619888238257950356e-21
1.632539807892956196e+04 8.469761961462221082e-21 7.070525623873057389e-21
1.633176111507515634e+04 1.239562656163951765e-20 7.515055741580693583e-21
1.633812413693198687e+04 1.522518220744257558e-20 7.683082827608895144e-21
1.634448714447758357e+04 1.212694838535383219e-20 7.934439519822433832e-21
1.635085013769698890e+04 8.215983940064957625e-21 6.800911576550358882e-21
1.635721311656076250e+04 1.530956737324476646e-20 6.703354208383831760e-21
1.636357608105560394e+04 1.136870478337714905e-20 7.526371945720754395e-21
1.636993903115295325e+04 2.220235177456286848e-20 7.142806600836135506e-21
1.637630196684272778e+04 8.945298877439505721e-21 7.832648967837871560e-21
1.638266488809684233e+04 1.520619413201426055e-20 7.469464480538326886e-21
1.638902779489454406e+04 -6.078424095976223031e-23 6.296834096892616205e-21
1.639539068721469084e+04 1.093255089348705846e-20 6.568602100649225303e-21
1.640175356504002775e+04 2.681502772590235365e-20 6.447641800949648678e-21
1.640811642834836312e+04 3.048800550983867033e-20 6.961641837997231483e-21
1.641447927712043384e+04 2.658483397693603108e-21 6.735767054009295466e-21
1.642084211133228382e+04 4.169519039643060876e-21 7.256022667517676404e-21
1.642720493096363134e+04 9.191271357999590747e-21 6.799095807702843167e-21
1.643356773599685766e+04 1.547060922748939940e-20 6.635529608835372509e-21
1.643993052640804308e+04 2.938830495250751393e-20 7.317374660243011569e-21
1.644629330217963070e+04 2.466163419292353369e-20 7.843049614413056254e-21
1.645265606329126604e+04 2.937215207962483788e-20 7.409778296913011827e-21
1.645901880971925493e+04 8.580663641753677410e-21 7.009057088044253715e-21
1.646538154144422879e+04 3.536820760933473452e-21 6.945338725720074374e-21
1.647174425844429061e+04 1.261697479956386872e-22 6.882004415233509656e-21
1.647810696070207268e+04 1.314896250057432369e-20 7.068283429683724154e-21
1.648446964819545974e+04 1.432819380949430368e-20 6.735329325342145764e-21
1.649083232090506135e+04 1.179835886290653911e-20 6.583573842873071140e-21
1.649719497880456402e+04 1.666417623307145255e-20 7.589797822988951731e-21
1.650355762188274457e+04 -2.287890062966736398e-21 7.128365638841383763e-21
1.650992025011284932e+04 4.698996361236890869e-21 7.017950903151628958e-21
1.651628286347403991e+04 1.191092920102713350e-20 6.892997994286396641e-21
1.652264546195246294e+04 2.990985316814002739e-21 6.939617996820163032e-21
1.652900804551675174e+04 1.276445269613387918e-20 6.737575355355551445e-21
1.653537061415719290e+04 -2.092071655365104427e-21 7.043938397439320366e-21
1.654173316784381313e+04 1.230306505558521655e-20 6.602372134238800254e-21
1.654809570656585856e+04 1.389692570383728220e-20 7.111931360525678808e-21
1.655445823029352687e+04 2.206247825811682112e-20 6.668611582537899315e-21
1.656082073901401236e+04 1.676800077821768871e-20 6.743176629143796832e-21
1.656718323270530527e+04 1.324657128122381438e-20 6.821297870272629210e-21
1.657354571134413345e+04 2.628705445503001891e-20 7.622004955805214836e-21
1.657990817491010966e+04 5.827660045990487229e-21 6.409228225211425849e-21
1.658627062338574251e+04 2.258506522362987383e-20 7.533131824018738981e-21
1.659263305674917137e+04 3.258342181803721868e-20 7.484731572122705243e-21
1.659899547497865569e+04 2.157602127274160700e-20 7.519955250770642820e-21
1.660535787805701329e+04 2.167418674536554189e-20 7.543054968066830721e-21
1.661172026596207434e+04 3.236799148485742938e-20 7.534042757348773904e-21
1.661808263866887501e+04 1.057645391962272314e-20 7.213645178514761418e-21
1.662444499616994290e+04 -5.336709944187261611e-21 6.430080876198746819e-21
1.663080733843231428e+04 1.642273011402017790e-20 7.289864082286941279e-21
1.663716966544175011e+04 1.572190354099526196e-20 7.058698373823185694e-21
1.664353197717337389e+04 1.669193350353003996e-20 7.241947839581756770e-21
1.664989427361343041e+04 1.184449391638111430e-21 6.890221828574782251e-21
1.665625655473687584e+04 -4.808160905973433990e-21 7.514774995772790525e-21
1.666261882052637520e+04 -5.374333408440227293e-21 7.700767600753310403e-21
1.666898107096028980e+04 4.389526945696764855e-21 7.147734658760303654e-21
1.667534330602010596e+04 1.495680634278571698e-20 7.347570015749717690e-21
1.668170552568084167e+04 2.551822717440784148e-20 7.642743212907172888e-21
1.668806772992678816e+04 3.017108694405093383e-21 7.818153660376317229e-21
1.669442991873312712e+04 3.684887661173673358e-21 6.986578752197022032e-21
1.670079209208624161e+04 1.849622636580943688e-20 7.106487151117390839e-21
1.670715424995953072e+04 1.410714718678550797e-21 7.614076581704488125e-21
1.671351639233738024e+04 1.751635417698981548e-20 7.496842088682579732e-21
1.671987851919981040e+04 2.726074816963962458e-20 6.817925106023690363e-21
1.672624063052522979e+04 1.602444591557143517e-20 7.264649113008109343e-21
1.673260272629187239e+04 5.023627072717585497e-21 6.511490324376718298e-21
1.673896480648263605e+04 9.157619483079332158e-21 7.426611874047651591e-21
1.674532687107425591e+04 1.128526252397921872e-20 7.963355620149035284e-21
1.675168892004683221e+04 3.557580845616419872e-20 7.008152349728582102e-21
1.675805095338839237e+04 8.946932313308627549e-21 6.722719022773315220e-21
1.676441297106727870e+04 1.877112375518709942e-20 7.129815191282304347e-21
1.677077497306670557e+04 1.074913174371482288e-20 6.815351812554199314e-21
1.677713695936844670e+04 2.609236997027553625e-20 7.909901045359229826e-21
1.678349892995576010e+04 1.061436153981148369e-20 7.857799064551936997e-21
1.678986088480354738e+04 2.889582621837343363e-20 8.501272464989597441e-21
1.679622282389496104e+04 1.640985824720196462e-20 7.844168564521779865e-21
1.680258474720536833e+04 -9.126576605782756747e-21 7.412882208978471816e-21
1.680894665472132328e+04 -2.650927047127500337e-21 7.420377622551017533e-21
1.681530854642111808e+04 2.693564170711461977e-20 7.130865745478322016e-21
1.682167042227796264e+04 2.184428744614912512e-20 7.547610194695215515e-21
1.682803228227718500e+04 7.046978585639882383e-21 6.908197051575636188e-21
1.683439412640375667e+04 2.367527967565250474e-20 7.124321995801617601e-21
1.684075595462783895e+04 2.519778930410749528e-20 7.737305327571464694e-21
1.684711776693735010e+04 3.665022689765046602e-20 7.868508729448752396e-21
1.685347956330620946e+04 2.707939028007048914e-20 7.569668413753811369e-21
1.685984134371943219e+04 2.924493272729744764e-20 7.667998620743641627e-21
1.686620310815713674e+04 1.419855236447052327e-20 7.210670191157468447e-21
1.687256485659412647e+04 3.485992621876141766e-20 7.472259104487132941e-21
1.687892658901409959e+04 4.267670702431979343e-20 7.487021283031687994e-21
1.688528830540061972e+04 3.514849498064430729e-20 7.859946319010363135e-21
1.689165000573213183e+04 1.880265394667017261e-20 7.361655196963354646e-21
1.689801168998191861e+04 3.560606977451877596e-20 6.808745223418038077e-21
1.690437335813518803e+04 2.688666169348217833e-20 7.021177446995216479e-21
1.691073501017397575e+04 2.534387983631359076e-20 7.897021850340434788e-21
1.691709664607846571e+04 1.006382446401212189e-20 7.743234842928602376e-21
1.692345826582371956e+04 1.431358988619659045e-20 7.154295027679099005e-21
1.692981986939645867e+04 2.045742795007864101e-20 7.883357651654035053e-21
1.693618145677049324e+04 1.468415849365843285e-20 7.919805831301137088e-21
1.694254302793108582e+04 2.644618987269795036e-20 8.110878573966571223e-21
1.694890458285509885e+04 2.355949873913047662e-20 8.234365631886132305e-21
1.695526612152746748e+04 2.656830028818323480e-20 8.804151894895081133e-21
1.696162764392206736e+04 7.436432309515923371e-21 7.967261775528535847e-21
1.696798915002424474e+04 3.061816567160299371e-20 7.811191245723769160e-21
1.697435063981427811e+04 1.720664774529044212e-20 7.650748220309607820e-21
1.698071211326714547e+04 4.646440146174756406e-21 6.970366395132918320e-21
1.698707357036998292e+04 2.627623843321633876e-20 7.733449108822643359e-21
1.699343501109480712e+04 3.046195913577670681e-20 7.733510470256122524e-21
1.699979643542870326e+04 3.305193285771486424e-20 7.768615664845461109e-21
1.700615784335022545e+04 1.459145467027110584e-21 7.489872691259590902e-21
1.701251923484286817e+04 1.900080861266867293e-20 7.385935760888004608e-21
1.701888060988563666e+04 6.899584922175482979e-21 7.248954996456822414e-21
1.702524196845203915e+04 7.587431829025448958e-21 7.536290796409873786e-21
1.703160331052754918e+04 1.229438024762375532e-20 6.916253341845385201e-21
1.703796463609570492e+04 2.308077281928689371e-20 8.266199769077251937e-21
1.704432594512679134e+04 1.250973254780488155e-20 7.503871315752410327e-21
1.705068723761158981e+04 1.229357572935997882e-20 6.833423355219881253e-21
1.705704851353224512e+04 -1.133186797845857142e-22 7.076229707107719306e-21
1.706340977285876215e+04 2.572329973207200600e-20 7.601996061982552982e-21
1.706977101557651258e+04 1.674339243051474966e-20 7.335311366419689104e-21
1.707613224166970758e+04 1.931163313339146805e-20 7.998808471894861247e-21
1.708249345111188450e+04 3.648222362920195613e-20 7.386808392387983705e-21
1.708885464388692708e+04 2.669160543289176754e-20 7.975609538521166549e-21
1.709521581997505200e+04 2.713995935581586597e-20 7.776579063932633811e-21
1.710157697935864053e+04 5.284510050952192878e-21 7.186932161167421748e-21
1.710793812201827677e+04 9.243490468349670600e-21 7.782126951929710923e-21
1.711429924792926249e+04 1.771269016055003291e-20 7.244339960080353692e-21
1.712066035707549963e+04 2.649413571644896957e-20 7.110806601504440199e-21
1.712702144943724852e+04 3.792872580734590763e-20 7.374935957547660366e-21
1.713338252499536975e+04 2.112172869904957718e-20 6.584165453534647399e-21
1.713974358373038558e+04 3.187353483526047206e-20 7.137463434365522566e-21
1.714610462562458633e+04 3.493276888376409738e-20 7.407633717750064927e-21
1.715246565065832692e+04 1.703281360533116837e-20 7.135124457857530722e-21
1.715882665880696004e+04 1.216709172442500700e-20 7.588280065335645093e-21
1.716518765005474415e+04 1.451556073803319345e-20 7.154653092308107175e-21
1.717154862438223063e+04 1.344608282836129566e-20 7.399775343908498464e-21
1.717790958177002904e+04 1.177402071420771743e-20 7.414765430873878728e-21
1.718427052220016776e+04 1.455605111357084864e-20 8.002850375689584925e-21
1.719063144565004768e+04 3.136266409443689390e-20 7.982259005593428090e-21
1.719699235210560073e+04 1.922667789326121689e-20 6.549898432335548090e-21
1.720335324153688634e+04 1.613323442060480544e-20 7.486949410695261928e-21
1.720971411393856397e+04 8.155323611351556772e-21 7.781145703704720143e-21
1.721607496928048567e+04 7.939980256237962748e-21 7.139205632166848983e-21
1.722243580754361028e+04 3.033771278458630394e-20 8.240440160681957137e-21
1.722879662871568871e+04 1.483484045202019256e-20 6.559316970619734799e-21
1.723515743277735965e+04 -1.514189582863120718e-21 7.185736113083603589e-21
1.724151821970388846e+04 1.302914873059712555e-20 7.424157327329446647e-21
1.724803680693028218e+04 1.098774854812539496e-20 7.378700476562670405e-21
1.725439757735058447e+04 1.651358871069256866e-20 7.314993167015188958e-21
1.726075832422932581e+04 2.604673180896863880e-20 7.301855832567648754e-21
1.726711905381945326e+04 2.680646573450483154e-20 6.960122760449591018e-21
1.727347976617509994e+04 1.180486304221612608e-20 6.937435736526295907e-21
1.727984046128028422e+04 2.436289516495139487e-20 7.607678148493887736e-21
1.728620113911602311e+04 1.167613198584523844e-20 7.327210858966854586e-21
1.729256179966139098e+04 2.294659851444079960e-20 7.707530020670728761e-21
1.729892244290062081e+04 3.691116478577632791e-20 8.449729146312097851e-21
1.730528306881602111e+04 6.427433692204684925e-20 8.673993713547657152e-21
1.731164367737976136e+04 2.854987517699247811e-20 8.502253486489665968e-21
1.731800426858140054e+04 3.563839586231252179e-20 7.464419513097083576e-21
1.732436484239489801e+04 1.438071677263807489e-20 8.014574857723556281e-21
1.733072539880620752e+04 2.824934624232745845e-20 7.374249153943202038e-21
1.733708593779430157e+04 4.947645759117270405e-20 8.049053265793953076e-21
1.734344645934176879e+04 2.708066645310962402e-20 7.541920305823364065e-21
1.734980696342614829e+04 2.929110025259469989e-20 8.296091081218091880e-21
1.735616745002998869e+04 3.001022586101856015e-20 7.684435263436550467e-21
1.736252791913414694e+04 2.560596668402633388e-20 7.354690065894470592e-21
1.736888837071752278e+04 2.417979831118512103e-20 7.824674647996346683e-21
1.737524880476115140e+04 3.549111860661264034e-20 7.761208598524270607e-21
1.738160922125305660e+04 3.752513561900191955e-20 7.663046072734850504e-21
1.738796962016720863e+04 1.766163623774713034e-20 7.693544175598142633e-21
1.739433000148960127e+04 6.233071918228262951e-21 8.476958048498670895e-21
1.740069036519049041e+04 2.302440668579848992e-20 7.657515834646755446e-21
1.740705071126135954e+04 4.024233363978674371e-20 7.560602448088372627e-21
1.741341103967812887e+04 2.005533385429504599e-20 7.400220983844595514e-21
1.741977135042519149e+04 2.089413763239982899e-20 7.583766568340609802e-21
1.742613164348179998e+04 1.972889881136111203e-20 8.209357418050810054e-21
1.743249191883038657e+04 1.614205690306741946e-20 8.078831180867024375e-21
1.743885217644496879e+04 3.169219450608383364e-20 7.206527461161240595e-21
1.744521241631546218e+04 2.295049290366925339e-20 7.115335964102275668e-21
1.745157263841768872e+04 9.277532956541902445e-21 7.378078487429512108e-21
1.745793284273957761e+04 1.620178369129993445e-20 7.143934128096980615e-21
1.746429302924971853e+04 3.823762326330227687e-20 6.918509435080682398e-21
1.747065319794312381e+04 1.986304563477627944e-20 7.585466158294279086e-21
1.747701334878867419e+04 1.627531996939422798e-20 7.562354091704651644e-21
1.748337348177087551e+04 2.291257331851813542e-20 7.764259221047090342e-21
1.748973359687444099e+04 2.701676822704323330e-20 7.544695589019550161e-21
1.749609369408382918e+04 6.301683939512453054e-21 7.212180048122240611e-21
1.750245377336756792e+04 1.440069092643487479e-20 7.242658148165894337e-21
1.750881383471931986e+04 1.717766524795882432e-20 7.462269079347016425e-21
1.751517387819571013e+04 2.917159962093313903e-20 7.416917107091995933e-21
1.752169221617222138e+04 1.800987630807202659e-20 8.085507333232379712e-21
1.752805223493383528e+04 9.174534993067104983e-22 7.154049876654291122e-21
1.753441223568109854e+04 6.158363222524542116e-21 6.636791863831357781e-21
1.754077221839523918e+04 2.709632077553686170e-20 8.239164387982814861e-21
1.754713218305376358e+04 2.905969466632443022e-20 7.439148589786249718e-21
1.755349212964152684e+04 1.231634759653350159e-20 6.979002301297300255e-21
1.755985205814339497e+04 1.707219703853914509e-20 7.965098556940228838e-21
1.756621196854040318e+04 3.170853170103843183e-20 8.017410083403656847e-21
1.757257186079866005e+04 2.211224280583867904e-20 8.031597057506950856e-21
1.757893173492200731e+04 1.927606565240494059e-20 7.018815650946516656e-21
1.758529159087663356e+04 1.800058156214112073e-20 7.032273199625943135e-21
1.759165142864182053e+04 2.272063462948523984e-20 7.058675508119343779e-21
1.759801124821191479e+04 2.713489338724349051e-20 7.238270702387035140e-21
1.760437104955841278e+04 5.610755779505919697e-21 7.513939335776888860e-21
1.761073083266093818e+04 3.152302053860720923e-20 7.026164778036002575e-21
1.761709059750636152e+04 4.064274016840401870e-20 8.351938351357859431e-21
1.762345034407591083e+04 6.297878639400426629e-21 6.865727804843083573e-21
1.762981007234893332e+04 3.400455169444188514e-20 7.540934193070657570e-21
1.763616978230461245e+04 2.742965392760132865e-20 6.239901909173959239e-21
1.764252947392609349e+04 1.250757769802914791e-20 7.224870291349360746e-21
1.764888914719670356e+04 3.110693136083813809e-20 6.842878350912854620e-21
1.765524880209200273e+04 2.212383178786422510e-20 6.619218320464618618e-21
1.766160843860085515e+04 1.152182995394941767e-20 7.054128653626215908e-21
1.766796805670074173e+04 4.278996488550791722e-20 7.929228839681641240e-21
1.767432765636884869e+04 3.646854320509651136e-20 7.878443671360486587e-21
1.768068723759058048e+04 1.570050772611957084e-20 6.793986390670613465e-21
1.768704680035107594e+04 2.678945544826552287e-20 7.065637804372945617e-21
1.769340634462590242e+04 2.250404915919593358e-20 6.948801757483536301e-21
1.769976587039639344e+04 3.522436526327467591e-20 8.257697216866041390e-21
1.770612537765140587e+04 2.933274328532627708e-20 7.750901259851661920e-21
1.771248486636265079e+04 1.946458907311899572e-20 7.921627842437966834e-21
1.771884433651357540e+04 2.263442199620383928e-20 7.831152529947872544e-21
1.772520378808746318e+04 2.506818437728080515e-20 7.410087378997183095e-21
1.773156322106948937e+04 2.930657831970264025e-20 7.174039969028636171e-21
1.773792263543719309e+04 3.840255212410037398e-20 7.723852685143521543e-21
1.774428203116791701e+04 2.883930431613410330e-20 7.281077089186203170e-21
1.775064140824600327e+04 1.686309839208731863e-20 7.257976745916186370e-21
1.775700075392652798e+04 1.963929688511996781e-20 7.677216693587711232e-21
1.776336006935046316e+04 2.376381076133397547e-20 7.557006306716060248e-21
1.776971936607113821e+04 2.213832461061089645e-20 7.833237511789203282e-21
1.777607864406224326e+04 1.766323307733860058e-20 7.256020831366351169e-21
1.778243790330879710e+04 2.264421120149144557e-20 8.096902555704888432e-21
1.778879714379635334e+04 2.368741181247346696e-20 8.044456810604221558e-21
1.779515636550060299e+04 3.334173320800250553e-20 8.097371371788416690e-21
1.780151556840296689e+04 3.403179415476980876e-20 8.073450209172939351e-21
1.780787475248683768e+04 2.888228856805400736e-20 7.974450934926502871e-21
1.781423391773368348e+04 3.032769588373296796e-20 7.907524912076363680e-21
1.782059306413247032e+04 3.735766113210512904e-20 7.442705548160526274e-21
1.782695219164944501e+04 2.646959437240162191e-20 7.899330269473445965e-21
1.783331130027580366e+04 1.368293517459499414e-20 8.345022629382988039e-21
1.783967038998525823e+04 1.549153813419794083e-20 7.025521113427615526e-21
1.784602946077683009e+04 4.685801650606426106e-20 7.785800382830671345e-21
1.785238851261253512e+04 2.597530879513175753e-20 8.420029517803545193e-21
1.785874754548145211e+04 3.365392246562657001e-20 7.973420449303491933e-21
1.786510655936732655e+04 3.434745735994882919e-20 8.008342519241016167e-21
1.787146555424781036e+04 2.351362346354658872e-20 7.577593494983486702e-21
1.787782453011029793e+04 1.826643937375809618e-20 7.285413402497320544e-21
1.788418348692849031e+04 3.752257905975904465e-20 7.392488557939144511e-21
1.789054242468787561e+04 1.001885735274828743e-20 7.224331101979816372e-21
1.789690134337172276e+04 1.207790298156583156e-20 7.360941693683449712e-21
1.790326024295794923e+04 3.290483495380883304e-20 7.107714922797472180e-21
1.790961912342618598e+04 2.263616041057828788e-20 6.978369635529792544e-21
1.791597798477374818e+04 2.610641489375638418e-20 7.225409757405179533e-21
1.792233682696254255e+04 3.187264786619184377e-20 7.969630582481915343e-21
1.792869564998404167e+04 1.548432776214133329e-20 7.638259198333513216e-21
1.793505445381563914e+04 1.091325770303236263e-20 6.962496352479870918e-21
1.794141323843722785e+04 2.755986834945057705e-20 7.169531896208289394e-21
1.794777200384032767e+04 3.176747089760771390e-20 6.873294403545686776e-21
1.795413075000462777e+04 3.431002321195288862e-20 7.164922279528935722e-21
1.796048947690382556e+04 2.182242974578668012e-20 6.951462529494907847e-21
1.796684818452155014e+04 1.025345766704458427e-20 7.003022948090459176e-21
1.797320687283730513e+04 1.555781044895783709e-20 6.615921114059378131e-21
1.797956554184275592e+04 2.555223630342080490e-20 7.030429070848588792e-21
1.798592419151174545e+04 2.675599676580533458e-20 7.539590485211291200e-21
1.799228282183588817e+04 2.832518766512277572e-20 7.294822729302001986e-21
1.799864143277698167e+04 1.269073540258705155e-20 7.670265982487845872e-21
1.800500002433262125e+04 -3.751850425313931225e-21 7.603866256406622462e-21
1.801135859648244514e+04 2.707943798084229734e-20 7.331778761540834440e-21
1.801771714920407612e+04 2.738170593507666861e-20 6.995833798482010611e-21
1.802407568247742165e+04 1.841025627173977601e-20 7.048148481893797596e-21
1.803043419629420168e+04 7.951821968716115341e-21 6.652010926441373993e-21
1.803679269063215179e+04 1.507939841134891899e-20 6.844774032275691136e-21
1.804315116546698118e+04 2.725435763749954881e-20 8.044374414115123143e-21
1.804950962078446173e+04 2.983206380364774336e-20 7.824803631976006815e-21
1.805586805656612341e+04 1.792798439880417089e-20 7.201235375872391289e-21
1.806222647278786462e+04 6.109563010203920673e-21 7.300696040756244977e-21
1.806858486944758988e+04 1.788385049969139258e-20 7.129217073594946635e-21
1.807494324651702118e+04 6.052916065851549495e-21 7.315858904444067341e-21
1.808130160397189684e+04 2.239321863863738684e-20 7.223440540784853740e-21
1.808765994180205234e+04 -5.756958195648128922e-21 6.320222501398883070e-21
1.809401825998722416e+04 6.621927037604626555e-21 7.087576379347892684e-21
1.810037655851309682e+04 4.178565452602068053e-20 7.601466931365629226e-21
1.810673483735159607e+04 1.900721359653766271e-20 7.382241346007436136e-21
1.811309309648856652e+04 9.156998933645597939e-21 6.734159243492515758e-21
1.811945133591393096e+04 2.120198883957142538e-20 7.152972976536891229e-21
1.812580955560142320e+04 2.159640693643562435e-20 7.488890315960982390e-21
1.813216775553896514e+04 4.283942431080429951e-20 7.502475833713350005e-21
1.813852593569812962e+04 3.434096268816287856e-20 8.126687172214657008e-21
1.814488409606887944e+04 2.490923635699065532e-20 8.678123802666789967e-21
1.815124223662710938e+04 1.718546224853215336e-20 8.289841991139197634e-21
1.815760035736690043e+04 6.791070801778638986e-21 7.348209506242931425e-21
1.816395845825587458e+04 2.312193424860920327e-20 6.857840937201770111e-21
1.817031653928402739e+04 1.492190984850987592e-21 6.661133415182497455e-21
1.817667460042920356e+04 2.552232751597838264e-20 7.157693309068750774e-21
1.818303264167720772e+04 3.694836956470453382e-20 7.556373792524768686e-21
1.818939066300795821e+04 2.161604969279082893e-20 7.289393838874431073e-21
1.819574866440551705e+04 2.103250943570376841e-20 7.249530821998713762e-21
1.820210664584359256e+04 4.601797643643378716e-20 7.240251900428888695e-21
1.820846460731846309e+04 2.311631706180075738e-20 7.164063816501408094e-21
1.821482254879768152e+04 1.491870704546277182e-20 6.761316617871411341e-21
1.822118047026729619e+04 8.842335221743560051e-21 6.389777757787597615e-21
1.822753837171320629e+04 7.399531730305087422e-21 6.378944343826223230e-21
1.823389625311739292e+04 8.777958337899536316e-21 7.111149395362198917e-21
1.824025411445988357e+04 1.311614189429906495e-20 6.848471054821884310e-21
1.824661195572468932e+04 2.433640926675625281e-20 7.098198787895275334e-21
1.825296977688552943e+04 6.872009453745151298e-21 7.245806163274018112e-21
1.825932757793468409e+04 2.099668013033294600e-20 7.395515609467926087e-21
1.826568535885413075e+04 1.773262213721752032e-20 7.742989270888665580e-21
1.827204311961545682e+04 2.347858255850124483e-20 7.414891199991915760e-21
1.827840086020885428e+04 2.579130755189406714e-20 7.345139480586046063e-21
1.828475858061233885e+04 1.912858877613531082e-20 7.651451208846126127e-21
1.829111628080792070e+04 3.682049616007883141e-20 7.318616559180872274e-21
1.829747396078589372e+04 2.617181025085133473e-20 6.950799127433878216e-21
1.830383162051582985e+04 4.516994479293688315e-21 7.097648013024186580e-21
1.831018925998806299e+04 3.763999095214829089e-21 7.354835740415323321e-21
1.831654687918461423e+04 1.619909864298906701e-20 6.856397975584219017e-21
1.832290447808315002e+04 1.566024497161778266e-20 6.806121333633882224e-21
1.832926205667011527e+04 4.618764937362381453e-20 8.173307956648784583e-21
1.833561961492130649e+04 1.874908518079861946e-20 7.240951356287005034e-21
1.834197715283129583e+04 2.111946476072548930e-20 7.690232633720828562e-21
1.834833467036336515e+04 1.777832205885278908e-20 7.543151816293532403e-21
1.835469216752046486e+04 1.516607365044762736e-21 7.301145979058693111e-21
1.836104964426377046e+04 2.207558300622527326e-20 7.384808311236575136e-21
1.836740710059198682e+04 2.448220377095700701e-20 7.331419432887725568e-21
1.837376453648302049e+04 2.828482086122479172e-20 7.757776304327389855e-21
1.838012195191072169e+04 1.441240986537674805e-20 7.794674958992283262e-21
1.838647934686554436e+04 1.933016033473550061e-20 7.545765880441068041e-21
1.839283672132963329e+04 2.004428141941788801e-20 7.671628371273732555e-21
1.839919407528298325e+04 1.449334534356679961e-20 7.382675388416886979e-21
1.840555140870139803e+04 3.441698540174286493e-20 7.478501614018148465e-21
1.841190872157754711e+04 2.552454175418159924e-20 7.779181512660189611e-21
1.841826601389126881e+04 1.734301591867770399e-20 7.397871402289768439e-21
1.842462328562273615e+04 2.091436097813630091e-20 6.858250979674061067e-21
1.843098053674781477e+04 6.036865659798297674e-21 7.345110525181638354e-21
1.843733776725920688e+04 1.476230206076378853e-20 7.151638152349953852e-21
1.844369497714118552e+04 4.302587190778934971e-20 7.638813940269076027e-21
1.845005216636112527e+04 1.637206815600603103e-20 6.976233581802038053e-21
1.845640933491175747e+04 1.555168253626447999e-20 6.755877421935626308e-21
1.846276648277316417e+04 1.022899874058724329e-20 7.125613869097012638e-21
1.846912360992943286e+04 1.445842868373203788e-20 6.964702798910023124e-21
1.847548071635657834e+04 3.988156743676998819e-20 7.856700871207760545e-21
1.848183780204316645e+04 3.884463451124299695e-20 7.967274933412290524e-21
1.848819486696504464e+04 3.437656226672917961e-20 7.450156517822441660e-21
1.849455191111929162e+04 1.189108693096782326e-20 7.608355703310417294e-21
1.850090893446897826e+04 2.729292263957473436e-20 7.355339848740739923e-21
1.850726593700697049e+04 1.558497821585557203e-20 7.347467149023485929e-21
1.851362291870908666e+04 2.127768638225678524e-20 8.165999337342000160e-21
1.851997987956809084e+04 3.230117647016792321e-20 8.287854159019094176e-21
1.852633681955775683e+04 3.072104830869778480e-20 8.033157999926884459e-21
1.853269373866466776e+04 1.508883876386167066e-20 7.491554180796640693e-21
1.853905063685825371e+04 1.540820807237634271e-20 7.616937338861558494e-21
1.854540751414642364e+04 6.088705055569739754e-21 7.469185902564147716e-21
1.855176437049004380e+04 1.760038270445547473e-20 7.821056141482935658e-21
1.855812120587566460e+04 3.019027883282396481e-20 7.336378472226655208e-21
1.856447802028554361e+04 3.087705620390554931e-20 6.875207536446117714e-21
1.857083481371050584e+04 1.713290550126387198e-20 6.853803385046553231e-21
1.857719158612842148e+04 2.848588518314417277e-20 7.126729111216026712e-21
1.858354833751101614e+04 2.279619615114408405e-20 7.357029944502908562e-21
1.858990506785132311e+04 1.403170450289515638e-20 7.187286732876883593e-21
1.859626177713377911e+04 2.882599460084313623e-20 7.914796351719488659e-21
1.860261846532995332e+04 2.424132211663064882e-20 7.730277659112702004e-21
1.860897513242858622e+04 2.549684578455740171e-20 6.796554006947129397e-21
1.861533177841849101e+04 2.792852917904521725e-20 7.627107837795221875e-21
1.862168840327768703e+04 1.863090476540152551e-20 7.631596231833258208e-21
1.862804500697756885e+04 2.597054927560912501e-20 7.982486078308555314e-21
1.863440158950913974e+04 1.167860308621474457e-20 7.159914862362173749e-21
1.864075815086349030e+04 3.547080837711681771e-20 7.140805517610707863e-21
1.864711469100566319e+04 3.238223800475927487e-20 7.166977956963763196e-21
1.865347120992663986e+04 2.790122471479071568e-20 7.612493596053115737e-21
1.865982770761314168e+04 3.215080475702767231e-20 7.600023922184921022e-21
1.866618418404535623e+04 1.726253361347738043e-20 7.028613271841896377e-21
1.867254063919695182e+04 3.747968850448070617e-20 7.654792406928146240e-21
1.867889707306117998e+04 5.351659232583659301e-20 7.834664833957684748e-21
1.868525348561814826e+04 2.857098346928293635e-20 6.932314085716028452e-21
1.869160987684371503e+04 2.014384444427630999e-20 8.099132215032988805e-21
1.869796624672254620e+04 2.362195896575587957e-20 7.357963476540464885e-21
1.870432259524356778e+04 1.844379179836237128e-20 7.533882512412471445e-21
1.871067892238263448e+04 3.129809700514970185e-20 8.410841416652679714e-21
1.871703522812652591e+04 2.447066172450256375e-20 7.424497340476550969e-21
1.872339151245109679e+04 1.683397668210636844e-20 8.108001245910430230e-21
1.872974777534751047e+04 2.123538348281584187e-20 8.536238406690789701e-21
1.873610401679599454e+04 3.026432054928074429e-20 7.537410839027115579e-21
1.874246023677020275e+04 1.709744783483968814e-20 7.484503810976346581e-21
1.874881643525899563e+04 2.865254882849701614e-20 7.171228371808629431e-21
1.875517261224717367e+04 2.073308490607113083e-20 7.916483291294136945e-21
1.876152876771937372e+04 2.692914046436553889e-20 7.673980148328038467e-21
1.876788490164485847e+04 2.945644536917040817e-20 7.629247662614030644e-21
1.877424101401928056e+04 2.220784785398557884e-20 7.220677049171547106e-21
1.878059710482509036e+04 2.619221965106065875e-20 8.080793219904306286e-21
1.878695317403375520e+04 1.878742672592170808e-20 8.045498962258418398e-21
1.879330922163434298e+04 4.738316227996740907e-20 7.730635229774693167e-21
1.879966524761374239e+04 4.743922274545149124e-20 7.436673698164675483e-21
1.880602125195214830e+04 1.025020156769524260e-20 2.810993612660170383e-20
