9.794225503168532668e+03 5.008207650311248282e-19 4.663077781887001735e-20
9.800588691923756414e+03 4.542883281032302546e-19 2.611068208131537222e-20
9.806951891434613572e+03 4.936674609892362596e-19 2.526430164412558330e-20
9.813315101664093163e+03 4.945694016972265186e-19 2.332398443715339173e-20
9.819678322574671256e+03 4.870713665476947536e-19 2.313692598284668805e-20
9.826041554128691132e+03 4.748292871960238330e-19 2.333378207716526168e-20
9.832404796288601574e+03 4.775163648730520167e-19 2.357442598470273631e-20
9.838768049017269732e+03 4.667123007638958394e-19 2.268324976986269779e-20
9.845131312277228062e+03 4.693606364259028974e-19 2.242695750622925533e-20
9.851494586030692517e+03 4.692605845875063552e-19 2.156884047575158899e-20
9.857857870240768534e+03 5.307321084732105479e-19 2.237247472111036412e-20
9.864221164870154098e+03 5.216532393978432724e-19 2.283746475688022160e-20
9.870728568111777349e+03 5.472573602407527532e-19 2.245854387194510181e-20
9.877091897446382063e+03 5.547990836073511384e-19 2.283912216834175426e-20
9.883455237083575412e+03 5.174732217883350120e-19 2.281835762565824150e-20
9.889818586988048992e+03 4.562216786353253498e-19 2.121081267417612315e-20
9.896181947122471684e+03 4.872019705870630568e-19 2.176233386384124623e-20
9.902545317449976210e+03 5.517773936747699731e-19 2.283613641721435610e-20
9.908908697933366057e+03 5.732732812583829564e-19 2.288546611369057299e-20
9.915272088535033618e+03 5.497968724659825570e-19 2.237678419578102168e-20
9.921635489218419025e+03 5.292797516196589478e-19 2.199257296319508859e-20
9.927998899946451274e+03 5.438482053264125897e-19 2.270750978440683469e-20
9.934362320681706478e+03 5.022430079769800718e-19 2.366429239500539204e-20
9.940725751387262790e+03 5.301034369975745011e-19 2.312165430461399704e-20
9.947089192026372984e+03 5.364567115077903216e-19 2.255259180585654812e-20
9.953452642564174312e+03 5.284314539422090490e-19 2.211651768959621273e-20
9.959816103156943427e+03 5.418720057858104422e-19 2.171432443003730604e-20
9.966323880774320060e+03 5.064887181982362188e-19 2.123007420370386780e-20
9.972687374713406825e+03 5.164346486398571939e-19 2.124537389322597949e-20
9.979050878398133136e+03 5.151479256128161763e-19 2.172295063462783842e-20
9.985414391792166498e+03 5.466294436039011179e-19 2.222524988230423223e-20
9.991777914858716031e+03 5.208296206650951522e-19 2.229200514700691609e-20
9.998141447560545203e+03 5.355148168014779136e-19 2.206627075231873207e-20
1.000450498986113234e+04 5.413943694389551086e-19 2.194314412491183642e-20
1.001086854172383573e+04 5.366458731449064734e-19 2.078882038168494104e-20
1.001723210311174262e+04 5.436954335754129104e-19 2.141382940506047151e-20
1.002359567398804029e+04 5.105069387727434679e-19 2.141324787744701228e-20
1.002995925431637625e+04 4.990601338687542068e-19 2.180586549995345384e-20
1.003632284406003237e+04 4.898199999308740854e-19 2.175962533681610331e-20
1.004268644318198676e+04 5.242440542906396735e-19 2.156674151252287028e-20
1.004905005164605791e+04 4.952069651014803617e-19 2.121261366708522779e-20
1.005541366941569504e+04 5.262241190441337825e-19 2.118416511700097961e-20
1.006177729645381805e+04 5.515428261316710059e-19 2.159962512572354857e-20
1.006814093272440005e+04 4.633280278469236879e-19 2.064840356464431543e-20
1.007450457819103212e+04 5.337932645094190826e-19 2.168805543975116852e-20
1.008086823281664510e+04 5.312993788248106197e-19 2.083065839032226039e-20
1.008723189656518480e+04 5.277788576926387450e-19 2.159768045331662895e-20
1.009359556940033326e+04 5.156263783097443168e-19 2.154498521031610918e-20
1.009995925128538875e+04 5.251523028275690972e-19 2.150906709008388875e-20
1.010632294218399329e+04 5.486295574283639610e-19 2.114535013196878918e-20
1.011268664206012545e+04 5.323584779924895191e-19 2.114360971752910841e-20
1.011905035087707620e+04 5.578132111111773962e-19 2.156798599400376114e-20
1.012541406859851668e+04 5.623809863490812780e-19 2.106637248783481561e-20
1.013177779518850730e+04 4.879998913784165758e-19 1.989550551505851930e-20
1.013814153061061188e+04 4.962846699590515298e-19 2.028947617557214035e-20
1.014450527482834514e+04 4.788833742798627637e-19 1.952526214087157548e-20
1.015086902780595301e+04 5.339409473950998295e-19 2.062653568978007624e-20
1.015723278950709573e+04 4.919457396485652413e-19 1.976040681401725596e-20
1.016359655989516250e+04 4.227853139323513874e-19 1.983710667954499416e-20
1.016996033893458480e+04 3.460764210490865714e-19 1.854891474765623063e-20
1.017632412658922840e+04 4.003208313837455592e-19 1.937116821005807555e-20
1.018268792282249706e+04 4.211992428964913311e-19 1.865787876959106538e-20
1.018905172759882771e+04 4.586798572701070590e-19 1.915841274499754554e-20
1.019541554088216981e+04 4.713190388292957953e-19 1.978897200131353370e-20
1.020177936263606534e+04 5.563473545539881310e-19 2.064738292617299067e-20
1.020814319282486031e+04 4.933505793536046277e-19 2.087837720128734900e-20
1.021450703141269878e+04 5.410174499119942114e-19 2.041303112997012063e-20
1.022087087836327919e+04 4.749160213769878391e-19 1.996512692736644549e-20
1.022723473364092933e+04 5.015858420375133786e-19 1.880056658657061527e-20
1.023359859720986606e+04 5.056090440574353836e-19 1.909356220553144155e-20
1.023996246903387510e+04 5.331595998800927987e-19 1.972737551544737803e-20
1.024632634907723696e+04 5.177789648475454144e-19 1.994307744143912494e-20
1.025269023730436857e+04 5.113955973525646413e-19 2.029421769234019361e-20
1.025905413367918118e+04 5.492595833336781646e-19 1.980065216689509298e-20
1.026541803816595166e+04 5.232765325588006380e-19 1.989074447783913770e-20
1.027178195072921881e+04 5.188260551832413145e-19 1.993453693452265993e-20
1.027814587133284294e+04 5.217487878610173319e-19 1.913185392271571603e-20
1.028450979994124464e+04 5.000058462993212317e-19 1.941824722411175934e-20
1.029087373651901544e+04 4.998545199690081920e-19 1.920054137238546071e-20
1.029723768103018847e+04 5.097190927850137082e-19 1.843012479262222769e-20
1.030360163343919885e+04 5.142922858198866249e-19 1.911356547086428395e-20
1.030996559371066360e+04 5.467619932577306580e-19 1.978475146384914842e-20
1.031632956180880319e+04 5.323848120446015904e-19 2.020737726852875442e-20
1.032269353769788904e+04 5.097831577501302956e-19 1.938458485710321475e-20
1.032905752134280556e+04 5.069506175936433339e-19 1.931814945070961574e-20
1.033542151270783688e+04 5.219568781414176109e-19 2.009178292855544971e-20
1.034178551175730354e+04 5.603143205903060716e-19 2.014219318945546648e-20
1.034814951845614451e+04 5.062279143835299035e-19 1.924639565381183426e-20
1.035465866122948864e+04 5.445318782599010649e-19 2.008353196980528609e-20
1.036102269688962951e+04 5.429900607662442157e-19 2.027109629961159730e-20
1.036738674008802263e+04 5.194268166332996070e-19 1.973852185455413681e-20
1.037375079079130956e+04 5.013545848446953755e-19 1.863335327320500593e-20
1.038011484896409638e+04 5.254212533115689775e-19 1.956099106905627550e-20
1.038647891457134028e+04 4.995774025386561791e-19 1.889863425994734785e-20
1.039284298757750366e+04 5.365895085272601541e-19 1.973828627697799112e-20
1.039920706794741272e+04 5.195962205986320525e-19 2.002350465356619379e-20
1.040557115564593187e+04 5.422720458348171216e-19 2.070014811491873309e-20
1.041193525063758352e+04 5.234625527227484774e-19 2.009844727745606781e-20
1.041829935288725210e+04 5.153767222149567608e-19 1.958841752961568053e-20
1.042466346236005120e+04 4.567830458387872104e-19 1.879004668578780129e-20
1.043102757902048143e+04 5.301904293285451458e-19 2.008208192256292581e-20
1.043739170283356361e+04 4.823165749529658865e-19 1.878552559508785156e-20
1.044375583376672876e+04 4.659778322113701036e-19 1.915080162054746961e-20
1.045026530647127765e+04 4.768870275581210118e-19 1.893110518439805735e-20
1.045662946525942607e+04 5.080031879908680213e-19 1.836199269734338726e-20
1.046299363105756856e+04 5.169252061839648995e-19 1.940195050255595699e-20
1.046935780383020392e+04 5.105179386694106082e-19 1.871224901491949598e-20
1.047572198354277316e+04 4.746541528080458502e-19 1.853732369185232244e-20
1.048208617016036806e+04 5.171285746966903969e-19 1.934094815987482628e-20
1.048845036364760745e+04 4.658779338261417274e-19 1.818180929689058895e-20
1.049481456396995236e+04 4.439685444619909396e-19 1.843563514076544058e-20
1.050117877109266919e+04 4.646553877527043468e-19 1.879402605703451396e-20
1.050754298498023672e+04 5.224473295922258561e-19 1.891823364803379282e-20
1.051390720559845613e+04 5.035279610740761376e-19 1.846841265973240787e-20
1.052027143291244647e+04 5.321392401338029838e-19 1.846183543315410862e-20
1.052663566688699029e+04 5.445419105231186189e-19 1.802243902459451100e-20
1.053299990748783603e+04 4.926710095162093547e-19 1.788464816069067502e-20
1.053936415468005725e+04 4.418424689895698448e-19 1.797479576736012206e-20
1.054572840842867117e+04 4.795873596998619315e-19 1.815014760317361887e-20
1.055209266869943531e+04 4.962696260705492569e-19 1.942763673135270338e-20
1.055845693545741960e+04 4.921960975215568902e-19 1.837712281097064060e-20
1.056482120866786317e+04 5.413188994492446057e-19 1.941875847433754075e-20
1.057118548829653992e+04 5.313011865956954009e-19 1.925814627088035662e-20
1.057754977430853614e+04 5.076821611137915323e-19 1.871965166379749343e-20
1.058391406666930743e+04 5.293242219634736419e-19 1.829432740427919744e-20
1.059027836534450944e+04 4.888143686092288082e-19 1.808240995633895704e-20
1.059664267029927396e+04 4.913050148231547827e-19 1.821658346658035478e-20
1.060300698149932759e+04 4.791459337004360694e-19 1.776891413821618258e-20
1.060937129891036784e+04 4.925073418214122776e-19 1.806655342278341004e-20
1.061573562249735005e+04 5.163458454814476203e-19 1.900333941773414519e-20
1.062209995222641192e+04 4.787646633021054303e-19 1.768926260007257597e-20
1.062846428806314179e+04 4.572891445703919980e-19 1.798913258311342163e-20
1.063482862997259326e+04 5.212121671617034945e-19 1.834436921530835605e-20
1.064119297792095495e+04 4.509260315786324018e-19 1.859119232325554357e-20
1.064755733187374790e+04 4.503248287599688584e-19 1.783143661271770789e-20
1.065392169179639495e+04 5.295588486262851108e-19 1.771587297041935842e-20
1.066028605765503744e+04 5.286653310003485311e-19 1.901694216937062045e-20
1.066665042941509819e+04 4.802663455495089856e-19 1.800583117217447809e-20
1.067301480704233109e+04 5.035586383008576101e-19 1.822322675958262530e-20
1.067937919050286837e+04 5.076103663914572836e-19 1.778366153373924523e-20
1.068574357976199462e+04 4.441388991705063150e-19 1.698816764450481015e-20
1.069210797478580207e+04 4.715093433236843016e-19 1.752037540579266482e-20
1.069847237553516425e+04 5.202133949456915862e-19 1.836691820939794633e-20
1.070483673774346607e+04 5.197323623543898254e-19 1.854920194365928094e-20
1.071120109044461060e+04 4.492851782771409626e-19 1.783334807463370498e-20
1.071756544877390479e+04 4.530811465880684407e-19 1.816235456463674587e-20
1.072392981269690790e+04 4.677450466892358345e-19 1.762822389333360621e-20
1.073029418218012142e+04 5.217688221217489792e-19 1.719607800309435811e-20
1.073665855718920102e+04 4.936015326640465484e-19 1.705883291246599367e-20
1.074302293769006974e+04 5.304767869278363895e-19 1.706308657358551383e-20
1.074938732364915268e+04 5.093237851739345924e-19 1.767423156183743415e-20
1.075575171503207821e+04 4.854277177684492563e-19 1.741761438774328102e-20
1.076211611180516957e+04 4.901469560539651575e-19 1.721115989184664096e-20
1.076848051393472633e+04 4.736042242126681532e-19 1.798241147859818571e-20
1.077484492138622045e+04 4.782349675251283998e-19 1.790029453024124631e-20
1.078120933412649720e+04 4.770936039240324497e-19 1.742069717200704178e-20
1.078757375212147599e+04 5.015455246522102062e-19 1.848739535115047433e-20
1.079393817533712354e+04 5.122642484814781803e-19 1.776099875573741445e-20
1.080030260374009049e+04 4.866810851841369254e-19 1.762380829164959103e-20
1.080666703729624169e+04 4.287256470871866662e-19 1.635016113530243771e-20
1.081303147597199495e+04 4.024486437125785569e-19 1.389751184788013614e-20
1.081939591973386814e+04 4.168262669135881861e-19 1.364850447710697230e-20
1.082576036854763697e+04 4.309330506439107855e-19 1.658660465787759362e-20
1.083212482238009397e+04 4.494661719966809481e-19 1.775967006254268747e-20
1.083848928119761149e+04 4.210743265649973776e-19 1.709202475835570591e-20
1.084485374496608711e+04 4.221258006837366788e-19 1.659701475268724511e-20
1.085121821365249889e+04 4.269262609471142242e-19 1.642396689001479817e-20
1.085758268722293360e+04 4.687667551157203285e-19 1.611035757339000118e-20
1.086394716564386727e+04 4.736374517707581551e-19 1.552968499755059383e-20
1.087045785797321696e+04 5.087075051404175072e-19 1.788945522182607254e-20
1.087682235954894713e+04 5.110169234692235755e-19 1.808124290051261631e-20
1.088318686587014417e+04 4.849932525353449675e-19 1.768444358417358756e-20
1.088955137690544143e+04 5.154268649850305751e-19 1.747287950487712646e-20
1.089591589262116395e+04 4.801539401357537726e-19 1.703609617407215810e-20
1.090228041298432618e+04 4.811635055655429098e-19 1.696145213061689616e-20
1.090864493796116767e+04 5.214900927519657218e-19 1.714698447404923616e-20
1.091500946751845731e+04 5.207184109835469286e-19 1.716535689524378616e-20
1.092137400162308404e+04 5.392509039626686572e-19 1.813414051789366749e-20
1.092773854024116554e+04 5.071641867427068594e-19 1.754413426575062959e-20
1.093410308333998364e+04 5.016792053676032520e-19 1.693629054509479596e-20
1.094046763088604348e+04 4.878809847378412873e-19 1.723370005720280912e-20
1.094683218284588838e+04 5.225566173477289429e-19 1.756524823906716007e-20
1.095319673918676926e+04 5.080285870500927887e-19 1.640340550494352675e-20
1.095956129987730310e+04 5.384502114598895205e-19 1.763737064102917862e-20
1.096592586507909982e+04 5.247571074185864472e-19 1.706422439917454749e-20
1.097243685978456597e+04 5.095844579717349922e-19 1.785535019426861847e-20
1.097880144682791251e+04 5.295887415753972881e-19 1.785743740146800469e-20
1.098516603808396940e+04 5.342908929187932168e-19 1.722310604399281155e-20
1.099153063351920173e+04 5.518031221378636061e-19 1.653506197139027259e-20
1.099789523310071854e+04 5.067401171146117056e-19 1.620387222211149073e-20
1.100425983679568526e+04 4.459464135079818730e-19 1.634124482733002441e-20
1.101062444457047241e+04 4.389793605584870066e-19 1.673153607132505794e-20
1.101698905639271834e+04 4.459430659397149645e-19 1.647871801322308794e-20
1.102335367222916102e+04 4.925649905918354243e-19 1.661905921796944747e-20
1.102971829204675305e+04 4.962945661474280741e-19 1.681377859098608159e-20
1.103608291581292724e+04 5.031782801123771675e-19 1.681723376591291419e-20
1.104244754349419418e+04 5.438191002062974729e-19 1.680737001848802356e-20
1.104881217505821769e+04 4.954232271824458867e-19 1.670996869840345511e-20
1.105517681047192673e+04 5.419521675744604561e-19 1.729515080288912634e-20
1.106154144970227389e+04 5.618084631169522033e-19 1.698412138462336368e-20
1.106790609271691937e+04 5.077037822608907139e-19 1.679819514893847386e-20
1.107427073948250290e+04 5.557370097975214793e-19 1.750581400993040379e-20
1.108063538996663738e+04 5.669979558778611013e-19 1.698389740124715124e-20
1.108700004413656825e+04 5.044581237715692946e-19 1.605613823831578738e-20
1.109336470195918264e+04 5.530652034797341799e-19 1.673933299729316326e-20
1.109972936340230808e+04 5.560830882647428362e-19 1.667251974463606946e-20
1.110609402843279349e+04 5.421353506210012301e-19 1.633014596917083229e-20
1.111245869701824631e+04 5.379754851034933541e-19 1.633306195348511330e-20
1.111882336912611026e+04 5.595943191784797404e-19 1.613497788405078825e-20
1.112518804472329066e+04 5.294386905541508160e-19 1.661047798601994699e-20
1.113155272377779329e+04 5.131787683545491374e-19 1.659150809902111484e-20
1.113791740625658713e+04 4.757840724928689223e-19 1.597367139279394110e-20
1.114428209212731781e+04 4.803915295258506072e-19 1.571463410603379464e-20
1.115064678135763643e+04 4.982363583019053627e-19 1.644954944283948484e-20
1.115701147391447739e+04 4.918713395647736129e-19 1.619934001301613640e-20
1.116337616976600657e+04 4.963316705142543508e-19 1.639964816382859274e-20
1.116974086887929479e+04 4.994573902654799612e-19 1.594464875411548047e-20
1.117610557122210048e+04 4.690233933378065979e-19 1.595169695040692839e-20
1.118247027676218204e+04 4.892398629433348174e-19 1.598619989491848910e-20
1.118883498546657574e+04 5.330461224507094056e-19 1.665254641843600051e-20
1.119519969730357116e+04 5.224942092330291145e-19 1.652272773386256640e-20
1.120156441224034279e+04 5.562954965875211519e-19 1.656476602539454356e-20
1.120792913024476184e+04 5.853459123470643893e-19 1.644303145279243657e-20
1.121429385128467948e+04 5.778868822174644293e-19 1.619179876744732279e-20
1.122065857532730661e+04 5.216670239725029148e-19 1.600707170578835675e-20
1.122702330234098554e+04 5.297635833914841814e-19 1.547447081808596593e-20
1.123338803229298719e+04 5.064317992481514973e-19 1.604474547654759904e-20
1.123975276515135920e+04 4.898594990981647386e-19 1.562169175892562974e-20
1.124611750088398730e+04 5.570517992569614761e-19 1.653907125313845685e-20
1.125248223945824975e+04 5.471573656350765459e-19 1.665371766690218758e-20
1.125884698084259799e+04 5.097073267741828599e-19 1.673435555555590198e-20
1.126521172500435387e+04 5.408473547776145645e-19 1.680575554761328640e-20
1.127157647191175238e+04 5.960589383123087820e-19 1.736056264443650302e-20
1.127794122153270837e+04 5.456717244268705265e-19 1.649970579332805207e-20
1.128430597383481654e+04 5.141423784280638584e-19 1.611811368563651770e-20
1.129067072878659019e+04 4.976168891523301727e-19 1.548984377337825461e-20
1.129703548635535844e+04 4.978449521796605576e-19 1.546335105441783771e-20
1.130340024650963460e+04 4.984329575759709545e-19 1.470383025188344024e-20
1.130976500921728802e+04 5.002030520021214064e-19 1.477867834521354088e-20
1.131612977444618809e+04 4.847237849364681544e-19 1.528745905883330025e-20
1.132249454216485174e+04 4.799275481044045282e-19 1.395989893542972343e-20
1.132885931234066265e+04 5.086674178343731962e-19 1.550062288725584888e-20
1.133522408494242154e+04 5.699970401747657231e-19 1.540226858499529489e-20
1.134158885993786862e+04 5.040925595550617248e-19 1.602230909150885531e-20
1.134795363729525161e+04 5.368882403326798261e-19 1.575281000602053780e-20
1.135431841698296557e+04 5.497167138186925124e-19 1.628929747253657252e-20
1.136068319896866888e+04 4.849236913884356171e-19 1.518035043716140058e-20
1.136704798322120951e+04 5.355532187506009199e-19 1.542320299443366686e-20
1.137341276970832041e+04 5.523591794387234648e-19 1.525793038993624284e-20
1.137977755839858037e+04 5.487294380535752365e-19 1.541833189480641849e-20
1.138614234926026256e+04 5.159174581927782931e-19 1.601784787593409132e-20
1.139250714226136552e+04 5.143204840503991644e-19 1.568084044309112180e-20
1.139887193737075722e+04 5.275223154861879608e-19 1.577651012460402986e-20
1.140523673455611606e+04 5.248994703433595093e-19 1.555784610501154818e-20
1.141160153378639552e+04 4.986266968798910430e-19 1.520580464805894987e-20
1.141811367516821520e+04 5.251416138199161986e-19 1.553860411833296588e-20
1.142447849191997557e+04 5.460361295660781134e-19 1.559274144999557712e-20
1.143084331042875237e+04 5.089570146577326582e-19 1.509250095384486424e-20
1.143720813085097325e+04 4.993349888265296198e-19 1.531833786246403384e-20
1.144357295315796182e+04 5.086032230859900007e-19 1.538205645469727240e-20
1.144993777731758928e+04 5.256772669217108877e-19 1.544704258155741829e-20
1.145630260329893281e+04 5.344770366223232443e-19 1.551686423348903885e-20
1.146266743107025468e+04 5.214826301046989717e-19 1.611349129517695489e-20
1.146903226060012457e+04 5.243859824843750081e-19 1.552847141807272898e-20
1.147539709185740867e+04 5.608282798560437280e-19 1.602472532337636384e-20
1.148176192481016551e+04 5.537423300266083906e-19 1.624408755910777356e-20
1.148812675942768328e+04 5.348959388130163172e-19 1.574912150514362628e-20
1.149449159567802781e+04 5.448957433283671474e-19 1.613304156461943280e-20
1.150085643353029263e+04 5.509506859069248639e-19 1.555236806898290420e-20
1.150722127295302744e+04 5.484164146031635176e-19 1.591088170356510464e-20
1.151358611391712475e+04 5.469795497339145443e-19 1.556389531658789621e-20
1.151995095657917955e+04 5.344021050003015813e-19 1.564357366563496334e-20
1.152646336701635482e+04 5.209366568318048743e-19 1.511887965478294894e-20
1.153282822570162534e+04 5.257330733539471728e-19 1.528862131004841984e-20
1.153919308579848621e+04 5.302134858842997953e-19 1.552916975141845712e-20
1.154555794727625289e+04 5.249005103018379279e-19 1.534881960776229954e-20
1.155192281010349689e+04 5.551094514675976233e-19 1.533273703440686511e-20
1.155828767424913895e+04 5.614869803645619581e-19 1.554079963704386446e-20
1.156465253968227262e+04 5.561305314676454361e-19 1.549027332925161164e-20
1.157101740637134935e+04 5.461284387826849522e-19 1.578352394278591577e-20
1.157738227428591745e+04 5.599671091535016427e-19 1.535135904871547534e-20
1.158374714339426100e+04 5.257044845437412425e-19 1.528610939285163498e-20
1.159011201366594287e+04 5.381366888970310162e-19 1.504442378879428654e-20
1.159647688506961458e+04 5.418095090052797604e-19 1.539702942004495114e-20
1.160284175757438970e+04 5.439619985636333766e-19 1.545552117538139580e-20
1.160920663114945273e+04 5.397005085914415098e-19 1.518450181023899629e-20
1.161557150576349522e+04 5.068658684033206195e-19 1.482187654630451703e-20
1.162193638138616370e+04 5.235508169254199175e-19 1.497293328385960078e-20
1.162830125798582230e+04 5.123707427928838522e-19 1.502885816451582836e-20
1.163466613553232128e+04 5.327896687816209920e-19 1.526755389083863119e-20
1.164103101399429579e+04 4.860083415056058629e-19 1.503896870208109238e-20
1.164739589334120137e+04 4.975199860830567068e-19 1.480102374884521863e-20
1.165376077354215522e+04 4.980143543260315190e-19 1.540203874642759033e-20
1.166012565456622542e+04 5.340162021022082480e-19 1.535431896966019537e-20
1.166649053638301120e+04 5.176049477249790700e-19 1.523348933228355037e-20
1.167285541896115137e+04 5.029288111850519076e-19 1.467338519272159856e-20
1.167922030227062351e+04 5.253712449999777041e-19 1.478875324851974159e-20
1.168558518628008278e+04 5.281767016576079224e-19 1.504492720317638648e-20
1.169195007095934670e+04 5.334989499140549760e-19 1.465466206885693160e-20
1.169831495627744334e+04 4.696317459332650635e-19 1.495312862840904279e-20
1.170467984220383369e+04 4.855368229624584944e-19 1.517773425067378563e-20
1.171104472870800055e+04 4.606415782022856670e-19 1.456937532217967020e-20
1.171740961575903566e+04 5.035021318660698481e-19 1.474670200818494161e-20
1.172377450332686749e+04 5.164586232191929037e-19 1.507541482010377882e-20
1.173013939138022397e+04 5.404817682404972227e-19 1.521101910007908137e-20
1.173650427988931187e+04 5.411099983309027172e-19 1.514834010759823592e-20
1.174286916882300648e+04 5.170153290123546741e-19 1.481827663121692187e-20
1.174923405815125807e+04 5.125995084950715120e-19 1.468584705125977545e-20
1.175559894784332209e+04 4.737819856195611041e-19 1.465790369253053742e-20
1.176196383786882689e+04 5.304520067824942553e-19 1.544014371281032651e-20
1.176832872819744625e+04 5.302710756533886873e-19 1.466743155365348452e-20
1.177469361879847565e+04 5.141098572982214000e-19 1.447389263698949098e-20
1.178105850964199817e+04 5.128559864743350637e-19 1.422357406492960521e-20
1.178742340069697457e+04 5.359829011895089023e-19 1.484771228269495404e-20
1.179378829193379170e+04 5.161759520467906652e-19 1.472456502380161741e-20
1.180015318332144307e+04 4.712875295119026510e-19 1.432187273901959818e-20
1.180651807483017001e+04 5.004193932242781414e-19 1.498363694406288631e-20
1.181288296642931527e+04 4.764482268340095020e-19 1.486603776510782786e-20
1.181924785808881097e+04 4.669108537745342594e-19 1.472330636210584410e-20
1.182561274977837820e+04 5.009534325029983222e-19 1.475548404815250852e-20
1.183197764146763620e+04 5.245281612325598367e-19 1.445570157117794256e-20
1.183834253312672081e+04 4.396884010070408026e-19 1.391021258226677158e-20
1.184470742472493839e+04 4.674829403715152928e-19 1.431186525410319378e-20
1.185107231623278494e+04 4.604864461033554076e-19 1.394329683650017693e-20
1.185743720761930490e+04 5.020786264055237843e-19 1.419508113856745810e-20
1.186380209885518525e+04 5.185255260912177072e-19 1.443377233321048056e-20
1.187016698990968689e+04 5.248783409448665929e-19 1.467482120860830042e-20
1.187653188075318940e+04 5.130694885562792608e-19 1.463820666374226585e-20
1.188289677135533566e+04 4.939449533329862420e-19 1.477459758069037949e-20
1.188926166168621603e+04 4.908523698842625171e-19 1.502081494736434883e-20
1.189562655171584265e+04 5.084773567605685732e-19 1.469120834695198048e-20
1.190199144141403303e+04 4.760061528888599724e-19 1.442333782861521601e-20
1.190835633075112855e+04 4.966790956390438332e-19 1.448781415456839269e-20
1.191472121969671207e+04 5.489830836425322081e-19 1.552405921143314734e-20
1.192108610822145783e+04 5.171392427458724174e-19 1.490050901235508056e-20
1.192745099629467222e+04 4.977196668684006262e-19 1.527072942950264456e-20
1.193381588388726414e+04 5.035123625915727982e-19 1.457379649693916942e-20
1.194018077096866546e+04 5.247176085036233354e-19 1.493602931395537265e-20
1.194654565750958136e+04 5.276939905512247918e-19 1.421156097002307284e-20
1.195291054347975114e+04 5.332312771463502637e-19 1.407092117009601098e-20
1.195927542884965078e+04 5.398792768850712824e-19 1.392539562446340437e-20
1.196564031358932880e+04 5.409518395937437194e-19 1.465293598676285625e-20
1.197200519766903199e+04 5.579143790418820995e-19 1.497342461650410346e-20
1.197837008105911991e+04 5.291143944911915711e-19 1.457085978460947542e-20
1.198473496372961745e+04 5.314546064799357612e-19 1.452862750217420576e-20
1.199109984565117702e+04 5.275445144559510311e-19 1.435146731705719868e-20
1.199746472679360159e+04 5.378184681251252187e-19 1.487792060231035983e-20
1.200382960712785825e+04 5.194157566821642813e-19 1.467917446312099300e-20
1.201019448662354444e+04 5.530309247349280279e-19 1.510357387070693552e-20
1.201670792285373500e+04 5.362987953239890790e-19 1.497480885997093285e-20
1.202307281387791591e+04 5.463518857828887095e-19 1.485385151483209032e-20
1.202943770378978661e+04 5.420890094606944988e-19 1.494622289432024821e-20
1.203580259274028140e+04 5.300544003519183537e-19 1.456417265161313858e-20
1.204216748070264111e+04 5.505339528793288482e-19 1.487614266912401547e-20
1.204853236764683606e+04 5.326994017156518947e-19 1.446959726995856977e-20
1.205489725354374787e+04 5.382991107817540087e-19 1.448735318325464438e-20
1.206126213836362149e+04 5.173736161604441715e-19 1.433356290726617066e-20
1.206762702207713664e+04 5.466186759720978438e-19 1.480729735102370702e-20
1.207399190465480024e+04 5.510112723055464884e-19 1.483574811093523938e-20
1.208035678606711372e+04 5.357731508695113434e-19 1.485199520103670494e-20
1.208672166628484774e+04 5.461741665069828651e-19 1.442150348579802294e-20
1.209308654527835097e+04 5.242268267207955176e-19 1.423389401610925796e-20
1.209945142301860869e+04 5.061176080633122807e-19 1.398078751774401950e-20
1.210581629947579859e+04 5.109036833272895651e-19 1.420526802204235824e-20
1.211218117462116970e+04 5.119125185013044648e-19 1.527964994836634345e-20
1.211854604842697518e+04 5.257558852415079359e-19 1.470656471376418153e-20
1.212491092104485324e+04 5.425334471079229698e-19 1.477332262846555874e-20
1.213142458527947565e+04 5.404521788026873526e-19 1.506663137148286881e-20
1.213778946795077900e+04 5.137552778546121184e-19 1.511076616612584945e-20
1.214415434916090453e+04 5.354853542578870089e-19 1.463098582234568043e-20
1.215051922888151057e+04 5.295420935154223722e-19 1.472933108930589009e-20
1.215688410708262563e+04 5.295969166658919171e-19 1.464539546543970332e-20
1.216324898373578617e+04 5.565698078168727250e-19 1.488281406274813149e-20
1.216961385881122260e+04 5.311478018586424938e-19 1.441278100929857365e-20
1.217597873228033859e+04 4.961168234688724371e-19 1.439509281259867173e-20
1.218234360411358648e+04 5.167673343529915623e-19 1.466959561245173862e-20
1.218870847428224624e+04 5.382519283854152273e-19 1.477161233188105026e-20
1.219507334275694120e+04 5.347021775653436652e-19 1.489260470649694237e-20
1.220143820950886766e+04 5.180419468145163502e-19 1.444843990063728848e-20
1.220780307450881810e+04 5.301299958670065955e-19 1.450549661768422313e-20
1.221416793772789060e+04 4.986106491139181605e-19 1.429284230917969584e-20
1.222053279913707593e+04 5.408648302605106069e-19 1.444517061902155641e-20
1.222689765870736119e+04 5.276589276509522960e-19 1.445272414008176785e-20
1.223326251640988266e+04 5.042715241092353885e-19 1.408636500238108852e-20
1.223962737221557654e+04 4.819948511718560597e-19 1.373001298529665324e-20
1.224599222609572462e+04 5.236142195042045589e-19 1.415798080542126721e-20
1.225235707802119578e+04 4.958971334090088560e-19 1.380732606111314607e-20
1.225872192796341551e+04 5.022197767850924728e-19 1.396112774182611857e-20
1.226508677589317631e+04 5.347074273634563624e-19 1.474840456783219282e-20
1.227145162178206192e+04 5.140859751638265473e-19 1.381126527992435990e-20
1.227781646560078661e+04 5.066953577209802559e-19 1.399907914420639672e-20
1.228418130732108693e+04 5.170909057884447132e-19 1.406568351840402048e-20
1.229054614691362076e+04 5.406757531348037515e-19 1.411985654064068104e-20
1.229691098435025378e+04 5.199823515251818200e-19 1.406149994276387588e-20
1.230327581960157659e+04 5.210593763665280498e-19 1.451581573020582810e-20
1.230964065263960219e+04 4.912647526522481118e-19 1.393192992743529379e-20
1.231600548343488481e+04 4.527013428548174343e-19 1.348355234408123472e-20
1.232237031195952659e+04 4.540257523986051499e-19 1.345082581075910256e-20
1.232873513818405627e+04 4.221604244665613727e-19 1.337945157981938989e-20
1.233509996208069424e+04 4.401785497613118849e-19 1.371710442956777103e-20
1.234146478361994559e+04 4.602929882371485919e-19 1.354873297558299653e-20
1.234782960277408347e+04 5.180114028983798310e-19 1.439328900856363245e-20
1.235419441951370391e+04 4.793223716944647876e-19 1.372399396685548990e-20
1.236055923381104549e+04 4.853598294184474484e-19 1.414030265985227011e-20
1.236692404563679156e+04 4.611302337022768529e-19 1.390471748865501628e-20
1.237328885496318071e+04 5.013307573705548828e-19 1.405272262106821709e-20
1.237965366176098178e+04 5.083593687294010192e-19 1.379948547539329911e-20
1.238601846600242789e+04 5.106737494949218039e-19 1.394459670675969829e-20
1.239238326765837337e+04 4.851165019761205055e-19 1.382218360818680823e-20
1.239874806670104226e+04 5.019382775122712449e-19 1.404177700428181122e-20
1.240511286310134346e+04 4.739799216964380742e-19 1.412356414862304666e-20
1.241147765683154284e+04 5.072199830810958689e-19 1.407530350321382365e-20
1.241784244786261297e+04 5.006266476270367431e-19 1.429608049683851828e-20
1.242420723616681244e+04 4.953474398032033714e-19 1.379877214080962290e-20
1.243057202171518111e+04 5.304349183952742231e-19 1.402096430607444328e-20
1.243693680448002851e+04 5.177248797059286764e-19 1.392526156371342236e-20
1.244330158443240725e+04 5.088170839111935394e-19 1.401465898099142255e-20
1.244966636154464504e+04 5.071728437225707157e-19 1.421829473551358266e-20
1.245603113578787452e+04 5.587560345568465637e-19 1.424479177236530354e-20
1.246239590713446523e+04 5.364224689817508587e-19 1.379488221045454131e-20
1.246876067555556438e+04 5.120243384591845957e-19 1.376935048482163080e-20
1.247512544102355969e+04 5.168304244952001182e-19 1.370684662223605855e-20
1.248149020350968385e+04 5.272939299791559872e-19 1.339837405665669683e-20
1.248785496298635917e+04 5.280188075207608735e-19 1.333130368542769981e-20
1.249421971942480923e+04 5.765460044992740990e-19 1.401336767616534685e-20
1.250058447279755273e+04 5.243473373492687265e-19 1.387244291641112431e-20
1.250694922307580782e+04 5.099783334847311993e-19 1.411053093573543062e-20
1.251331397023215322e+04 5.125613944614550205e-19 1.389676337679040069e-20
1.251967871423780161e+04 5.063927179502686638e-19 1.394068224109581835e-20
1.252604345506546088e+04 5.217037476133012197e-19 1.423827603107842394e-20
1.253240819268631822e+04 5.114248957613329002e-19 1.407631659192841456e-20
1.253877292707311790e+04 5.132864086108436729e-19 1.407585851301242811e-20
1.254513765819707623e+04 5.275218543527478408e-19 1.452734758815243151e-20
1.255150238603103207e+04 5.008871980846633611e-19 1.436771432406992976e-20
1.255786711054617990e+04 5.146958848409381374e-19 1.474297864569967175e-20
1.256423183171543860e+04 5.010148406758748193e-19 1.434878272988249595e-20
1.257059654951002085e+04 5.348151206362277096e-19 1.434954578965522746e-20
1.257696126390285099e+04 5.045712656312424089e-19 1.417668524467549356e-20
1.258332597486522718e+04 4.967471052705580733e-19 1.384057663447127121e-20
1.258969068237010288e+04 5.024548540994808356e-19 1.424556780665418931e-20
1.259605538638887629e+04 5.418192148520614524e-19 1.419031107492593518e-20
1.260242008689438990e+04 5.049551006115354819e-19 1.427316584313414011e-20
1.260878478385816015e+04 5.209612124592778917e-19 1.359015958202097905e-20
1.261514947725307138e+04 5.185082430117954489e-19 1.395957542335069438e-20
1.262151416705074553e+04 5.280821509110307066e-19 1.408000757295768704e-20
1.262787885322396323e+04 5.328388859758994624e-19 1.400188955637968988e-20
1.263424353574450470e+04 5.383389862386373473e-19 1.429459829717303456e-20
1.264060821458504870e+04 5.551758381816260019e-19 1.433455744610344167e-20
1.264697288971756643e+04 5.424032094966678575e-19 1.444866022271956230e-20
1.265333756111470575e+04 5.538543794345099588e-19 1.453072765012458019e-20
1.265970222874851424e+04 5.222147933158802841e-19 1.519471807546179209e-20
1.266606689259157065e+04 5.455657051833746266e-19 1.433008704984285199e-20
1.267258142255248822e+04 5.160492781077282520e-19 1.408330579201677267e-20
1.267894609178451537e+04 5.380921090624227505e-19 1.379789952827309031e-20
1.268531075696518201e+04 5.047208288169114841e-19 1.374092300442634856e-20
1.269167541824024192e+04 5.246368624583249341e-19 1.399051670773241679e-20
1.269804007558453304e+04 5.284682518118782179e-19 1.393517814221397698e-20
1.270440472897022664e+04 5.302718302991531257e-19 1.420525879256597428e-20
1.271076937837018340e+04 5.563891551681130223e-19 1.455769980653896952e-20
1.271713402375647638e+04 5.406940456751430767e-19 1.461097316847272333e-20
1.272349866510215725e+04 5.419195463385589334e-19 1.424879569217008109e-20
1.272986330237910988e+04 5.398449674648874816e-19 1.340216923037314651e-20
1.273622793556064971e+04 5.290518049418969638e-19 1.315790081407516910e-20
1.274259256461861332e+04 5.225332843022777075e-19 1.261692260197939269e-20
1.274895718952632342e+04 5.337720855209251484e-19 1.343105193097068058e-20
1.275532181025568934e+04 5.269000064151137214e-19 1.399402947457333995e-20
1.276168642678002107e+04 5.141294780129069520e-19 1.399913732365748354e-20
1.276805103907137345e+04 5.177849544504717917e-19 1.434205847633007658e-20
1.277441564710296734e+04 5.417048474864609294e-19 1.420565268674558251e-20
1.278078025084914589e+04 5.312701360945655417e-19 1.346650902954451039e-20
1.278714485045563197e+04 5.295290914322754833e-19 1.345269219219823035e-20
1.279365955975817633e+04 5.294372676925436534e-19 1.472636951441624942e-20
1.280002416331225322e+04 5.568871936207211061e-19 1.509208198044184685e-20
1.280638876246790642e+04 5.213294224701532120e-19 1.494884383086322764e-20
1.281275335719777831e+04 5.303200570867876564e-19 1.504697419474938693e-20
1.281911794747490421e+04 5.218691144865463659e-19 1.475530737882450108e-20
1.282548253327179918e+04 5.370979384501054048e-19 1.437555543890314043e-20
1.283184711456175864e+04 5.124795351924442656e-19 1.412022052742177972e-20
1.283821169131701936e+04 5.029242174787226377e-19 1.401905982081034746e-20
1.284457626351118779e+04 5.346363427572129222e-19 1.405610514753717624e-20
1.285094083111634063e+04 5.350238173095592449e-19 1.424102270077142577e-20
1.285730539410626443e+04 5.230513878977365409e-19 1.415868588231360167e-20
1.286366995245309226e+04 5.166107233308354713e-19 1.393810180173904828e-20
1.287003450613041423e+04 5.058345902813866398e-19 1.427868070630249167e-20
1.287639905511072539e+04 5.005661516881350262e-19 1.395294287051445201e-20
1.288276359936740118e+04 4.989303722424247131e-19 1.414045260579606307e-20
1.288912813887315315e+04 4.546936350354826499e-19 1.342215600135313634e-20
1.289549267360116392e+04 4.914467658812493674e-19 1.344435570732846309e-20
1.290185720352441422e+04 4.942138741621177288e-19 1.379431879572368187e-20
1.290822172861593572e+04 4.661615433594174378e-19 1.337291015767278702e-20
1.291458624884897654e+04 4.740369008255302780e-19 1.359443716691821743e-20
1.292095076419634097e+04 4.868543544492529360e-19 1.342466863502516775e-20
1.292731527463155180e+04 4.827253076338144471e-19 1.352082323636554858e-20
1.293367978012714957e+04 5.192068368395796061e-19 1.405961412829519416e-20
1.294004428065706816e+04 4.802364468193577387e-19 1.387119798405275126e-20
1.294640877619357889e+04 4.496131113159665737e-19 1.338891816498592298e-20
1.295277326671072842e+04 4.847342356030276569e-19 1.426512216033146608e-20
1.295913775218100272e+04 4.754108295199010082e-19 1.360648670920944951e-20
1.296550223257817925e+04 4.540656607556258756e-19 1.305553407585093186e-20
1.297186670787513503e+04 5.218165018010356252e-19 1.370065344890372674e-20
1.297823117804533649e+04 5.132407725385934886e-19 1.363777179574879210e-20
1.298459564306199354e+04 4.835122106992798621e-19 1.374468734058180345e-20
1.299096010289832157e+04 4.744084981233550318e-19 1.364189514695257375e-20
1.299732455752780515e+04 4.618708141457294019e-19 1.323309374188377117e-20
1.300368900692352872e+04 4.693049273610274882e-19 1.352169653217939919e-20
1.301005345105923516e+04 4.412029937959056595e-19 1.349746789757106282e-20
1.301641788990769419e+04 4.861116208295201974e-19 1.319530008252289745e-20
1.302278232344302705e+04 4.484204170044188702e-19 1.320438109877154347e-20
1.302914675163781976e+04 4.888298304792680829e-19 1.381928310023966757e-20
1.303551117446625904e+04 4.701893744510914734e-19 1.350046518588408649e-20
1.304187559190121465e+04 4.781290044373415135e-19 1.358965922639954086e-20
1.304824000391674417e+04 4.530945802409976537e-19 1.346778437146652202e-20
1.305460441829186675e+04 4.508135989936260366e-19 1.339762514388781841e-20
1.306096883039049317e+04 4.642451909617007583e-19 1.341980913082374014e-20
1.306733323698987624e+04 4.794679089188798102e-19 1.340154129573411634e-20
1.307369763806324409e+04 4.715509063157860084e-19 1.376238515937948887e-20
1.308006203358461607e+04 4.657257313450198173e-19 1.370076155137687631e-20
1.308642642352684379e+04 4.642326611846214565e-19 1.368801192212011317e-20
1.309279080786430313e+04 4.612055853838877350e-19 1.336271038751642040e-20
1.309915518656987115e+04 4.570436671482021646e-19 1.364706502447964921e-20
1.310551955961774729e+04 4.705960804910475352e-19 1.362343536006108067e-20
1.311188392698115968e+04 4.921142636163954275e-19 1.393525625267676383e-20
1.311824828863398034e+04 5.089404983470496440e-19 1.375053199686137003e-20
1.312461264454981756e+04 4.904935701664823778e-19 1.417427818613664096e-20
1.313097699470225052e+04 4.681256438230216598e-19 1.368526045050082913e-20
1.313734133906526404e+04 5.150257084303694721e-19 1.387061222840485864e-20
1.314370567761211714e+04 4.912787532726670901e-19 1.380584428287394721e-20
1.315007001031716027e+04 4.812874333014338764e-19 1.348700181770126666e-20
1.315643433715341052e+04 4.960385053285487443e-19 1.354626848096105503e-20
1.316279865809534567e+04 4.829785665359557950e-19 1.375359781746299645e-20
1.316916297311621747e+04 4.927054189519571050e-19 1.343992495167333695e-20
1.317552728219019446e+04 4.809554153750402257e-19 1.340211136399406940e-20
1.318189158529094493e+04 4.855281393702302521e-19 1.398703516456061557e-20
1.318825588239225544e+04 5.022428875441557289e-19 1.371518261053369363e-20
1.319462017346823450e+04 4.978956749355539519e-19 1.360583681649062975e-20
1.320098445849233576e+04 4.572995059239918154e-19 1.326339286186313162e-20
1.320734873743902426e+04 5.090062098588284175e-19 1.330673770837129740e-20
1.321371301028147536e+04 4.911162951190183927e-19 1.425610212874240521e-20
1.322007727699435054e+04 4.715058267174050426e-19 1.347368929331137162e-20
1.322644153755109983e+04 5.165020488424425393e-19 1.329536567330367914e-20
1.323280579192593723e+04 5.106138104631127057e-19 1.327339638906760949e-20
1.323917004009278935e+04 5.096226584883295827e-19 1.369076005557498142e-20
1.324553428202550458e+04 4.995079803590457253e-19 1.332310986254909986e-20
1.325189851769846791e+04 4.728493979628588443e-19 1.362986916171662435e-20
1.325826274708515666e+04 4.636188116770008743e-19 1.367547700839915054e-20
1.326462697016023412e+04 4.885903496194553254e-19 1.360108983341258074e-20
1.327099118689717216e+04 4.905671480284298367e-19 1.347464015856788440e-20
1.327735539727057403e+04 4.916867164128045045e-19 1.367162149677692222e-20
1.328371960125420082e+04 5.159885508267292461e-19 1.305676739942697191e-20
1.329008379882225927e+04 4.923664454201308344e-19 1.320663436126417505e-20
1.329644798994903977e+04 4.843420909405493140e-19 1.336365659332927894e-20
1.330281217460837979e+04 4.859997805933194373e-19 1.378002980313821925e-20
1.330917635277491354e+04 4.590526150197558636e-19 1.338652986805601564e-20
1.331554052442215834e+04 5.079801815965623598e-19 1.337239114964495156e-20
1.332190468952500305e+04 4.901282733506408000e-19 1.344931310915213508e-20
1.332826884805720510e+04 4.929838350051944631e-19 1.367145178322270025e-20
1.333463299999323135e+04 5.208932163174358349e-19 1.371968633434413968e-20
1.334099714530733218e+04 5.191303271532041048e-19 1.393044805415300496e-20
1.334736128397357606e+04 4.822224737624945900e-19 1.354181963110133474e-20
1.335372541596665724e+04 5.022211897137447398e-19 1.338851459896758221e-20
1.336008954126026219e+04 5.126610785863886157e-19 1.362722030106665522e-20
1.336645365982936892e+04 5.250005991645855882e-19 1.413213723437804149e-20
1.337281777164780033e+04 5.018958383249519011e-19 1.341514793140953930e-20
1.337918187669028521e+04 4.769008041595045438e-19 1.343162537679470559e-20
1.338554597493102119e+04 5.045417045868962634e-19 1.362622073736957297e-20
1.339191006634428959e+04 5.224228017706443224e-19 1.386172845999339737e-20
1.339827415090497016e+04 5.032113721587151124e-19 1.437161445772079130e-20
1.340478953942967382e+04 5.071199170196151095e-19 1.404217792964345718e-20
1.341115362284537332e+04 5.040875209784263199e-19 1.369395085331249934e-20
1.341751769932732168e+04 5.076780414667709003e-19 1.376872101947144765e-20
1.342388176885221583e+04 5.050575825277339624e-19 1.370376934395864716e-20
1.343024583139465540e+04 5.145996516764731345e-19 1.438151540536570198e-20
1.343660988692876708e+04 4.986978605920244566e-19 1.463362742553322281e-20
1.344297393542961436e+04 5.320896679713224410e-19 1.434598161801872621e-20
1.344933797687112929e+04 5.006230360064063326e-19 1.389616607983608310e-20
1.345570201122842082e+04 5.106162563288130893e-19 1.402098238423078982e-20
1.346206603847574479e+04 5.152671904024607814e-19 1.399878688237966127e-20
1.346843005858776451e+04 5.192366900835594274e-19 1.391963388789589435e-20
1.347479407153930151e+04 5.326733435457481270e-19 1.410178637731544620e-20
1.348115807730450433e+04 5.174347491002179714e-19 1.402572996134934543e-20
1.348752207585860378e+04 4.997319582044529824e-19 1.403344577447752721e-20
1.349388606717568473e+04 4.724684359692509374e-19 1.382128031014012288e-20
1.350025005123086703e+04 4.843150519606804672e-19 1.407950935748940619e-20
1.350661402799869575e+04 4.903614572929706410e-19 1.405050811634433351e-20
1.351297799745369230e+04 5.277453300652024693e-19 1.447485542646325939e-20
1.351934195957105112e+04 5.074248285476295628e-19 1.424771705251107409e-20
1.352570591432699075e+04 5.070797557228693870e-19 1.388281656333473846e-20
1.353206986186287395e+04 5.217325383509030723e-19 1.426364760263593199e-20
1.353858537742837871e+04 5.154815010976295091e-19 1.456717118883927517e-20
1.354494932253628212e+04 5.451260350934076996e-19 1.441508502557907002e-20
1.355131326017846368e+04 5.364164214808935289e-19 1.465876436928056061e-20
1.355767719032911009e+04 5.161138682834430195e-19 1.407078988049752720e-20
1.356404111296374685e+04 4.959033729621470297e-19 1.372021911481689658e-20
1.357040502805679171e+04 4.832623857207430924e-19 1.424730031575541097e-20
1.357676893558332267e+04 5.126359602516051144e-19 1.398948277166977131e-20
1.358313283551830500e+04 5.057680229165438806e-19 1.392771386762062915e-20
1.358949672783627466e+04 4.765872085053299342e-19 1.363539531019096674e-20
1.359586061251264437e+04 4.716039547975618029e-19 1.387424354147197902e-20
1.360222448952191007e+04 4.915591425167898383e-19 1.379549741128254157e-20
1.360858835883936990e+04 5.269864389816827558e-19 1.357717715067972379e-20
1.361495222043989452e+04 4.832551441531728187e-19 1.375137551344056298e-20
1.362131607429830365e+04 5.081168165225122011e-19 1.366887108536875656e-20
1.362767992039006276e+04 4.921805189652835640e-19 1.384331924326971386e-20
1.363404375868947318e+04 5.132656032079220488e-19 1.388280150098227260e-20
1.364040758917224775e+04 4.959417654819329172e-19 1.355158423108200820e-20
1.364677141181314983e+04 5.168081082900206060e-19 1.400912709030270596e-20
1.365313522658719558e+04 5.144155856776494100e-19 1.378417610468281281e-20
1.365949903346983047e+04 4.800079990615375675e-19 1.335298594171692824e-20
1.366586283243549224e+04 4.614194887909904841e-19 1.291014867873695165e-20
1.367222662345999925e+04 4.748301561917750261e-19 1.226854127889230712e-20
1.367859040651806936e+04 4.938298947466268171e-19 1.237324518395422258e-20
1.368495418158500252e+04 4.972302409291671377e-19 1.351202313242965107e-20
1.369131794863612595e+04 4.947209127490477139e-19 1.358237574121601140e-20
1.369768170764609022e+04 5.073612327871209507e-19 1.434417325724111214e-20
1.370404545859076279e+04 4.463033669509312036e-19 1.378984202726127966e-20
1.371040920144488337e+04 4.426734910636494248e-19 1.354038347258418981e-20
1.371677293618390286e+04 4.294992381101874570e-19 1.308309138133261323e-20
1.372313666278322671e+04 4.159574416837371662e-19 1.271071117010844257e-20
1.372950038121753278e+04 3.850126867210739471e-19 1.247409439033267526e-20
1.373586409146280675e+04 4.178229368484569126e-19 1.324338188891917473e-20
1.374222779349389930e+04 4.610598886607493992e-19 1.350497879000792019e-20
1.374859148728625405e+04 4.531261976553546836e-19 1.363635942389570349e-20
1.375495517281540924e+04 4.818360314009905899e-19 1.393270969606536086e-20
1.376131885005619006e+04 4.879990926398554931e-19 1.399669617104932477e-20
1.376768251898454400e+04 4.867151968651192758e-19 1.336479360748584246e-20
1.377404617957542359e+04 4.918570923522346375e-19 1.370480835665083204e-20
1.378040983180440708e+04 5.066538671702875725e-19 1.351247525988884976e-20
1.378677347564703996e+04 4.670164695804858369e-19 1.297012683835473054e-20
1.379313711107833296e+04 4.994689114187672909e-19 1.357106559892391011e-20
1.379950073807422450e+04 4.796560851444674224e-19 1.362090957261053163e-20
1.380586435660979987e+04 4.823150485273175778e-19 1.351195051599068493e-20
1.381222796666065733e+04 4.922547205965896018e-19 1.480450996465706633e-20
1.381859156820251155e+04 4.652813932486734671e-19 1.465960222648540405e-20
1.382495516121033688e+04 4.649346723273221008e-19 1.392148967097630364e-20
1.383131874566019542e+04 4.762577234267472446e-19 1.330701369247666781e-20
1.383768232152733981e+04 4.827305537634206012e-19 1.313234188347232365e-20
1.384404588878732466e+04 4.634670483492485856e-19 1.321022837543357945e-20
1.385040944741604471e+04 4.985312157982748051e-19 1.317198144985650613e-20
1.385677299738839611e+04 4.872532794092418365e-19 1.303687871621704970e-20
1.386313653868068286e+04 4.904893127803241376e-19 1.324312622614343751e-20
1.386950007126818855e+04 5.113278931515732908e-19 1.330688087116785107e-20
1.387586359512650597e+04 4.861058429038469597e-19 1.361080655168429995e-20
1.388222711023160446e+04 4.774204953415134318e-19 1.357397941190742684e-20
1.388859061655860205e+04 4.504964300817059645e-19 1.312218832508446386e-20
1.389495411408369910e+04 4.899316447855181589e-19 1.320670568730269864e-20
1.390131760278238107e+04 4.811789919883512140e-19 1.328015476318090768e-20
1.390768108263021531e+04 4.833240963608215406e-19 1.297451464429009375e-20
1.391404455360330576e+04 4.765645037865527866e-19 1.310188944678370621e-20
1.392040801567689050e+04 4.577354494106828349e-19 1.292059587319274841e-20
1.392677146882712987e+04 4.398088999493201837e-19 1.257125608691934114e-20
1.393313491302978036e+04 4.598726352739339868e-19 1.304614537628114988e-20
1.393949834826022015e+04 4.885085328567569046e-19 1.325539472610804009e-20
1.394586177449484785e+04 4.794329897951476085e-19 1.323242903835889524e-20
1.395222519170893793e+04 4.924968501069404914e-19 1.313698074711383978e-20
1.395858859987859250e+04 4.654465602248609569e-19 1.301421616742493387e-20
1.396495199897987368e+04 4.878058316092931611e-19 1.340341294304146704e-20
1.397131538898800318e+04 4.857941041895248261e-19 1.294550681349240483e-20
1.397767876987954696e+04 4.554876287306637913e-19 1.286830600838268559e-20
1.398404214163005781e+04 4.310995474650101470e-19 1.282088948201665459e-20
1.399040550421537955e+04 4.523262527559010616e-19 1.294082427703269341e-20
1.399676885761182530e+04 4.573642419666755053e-19 1.303475258910483584e-20
1.400313220179479504e+04 4.587551239629586265e-19 1.315732761237678470e-20
1.400949553674062008e+04 4.595085375292728763e-19 1.335401618477842902e-20
1.401585886242537163e+04 4.707728029279859596e-19 1.364143624779967726e-20
1.402222217882450605e+04 4.484789020917935144e-19 1.308304746361656217e-20
1.402858548591462568e+04 4.444171510303235495e-19 1.299615473707318349e-20
1.403494878367136516e+04 4.431915931608002431e-19 1.322182282746232364e-20
1.404131207207084117e+04 4.498092392035264081e-19 1.293727669498101729e-20
1.404767535108942138e+04 4.545192433937859512e-19 1.310040615929827544e-20
1.405403862070250216e+04 4.669319236614245230e-19 1.296243427985749546e-20
1.406040188088674768e+04 4.529351409545452212e-19 1.292694901214170902e-20
1.406676513161815456e+04 4.566597291062289567e-19 1.273540646546691737e-20
1.407312837287245566e+04 4.630812113756242929e-19 1.298957656395974354e-20
1.407949160462633336e+04 4.799540676732091623e-19 1.327297901426274286e-20
1.408585482685547504e+04 4.659340484277497945e-19 1.318445637809041549e-20
1.409221803953626477e+04 4.688845695347111214e-19 1.328678309990328412e-20
1.409858124264499202e+04 4.965635088615104017e-19 1.340726028278281529e-20
1.410494443615730779e+04 4.529202584740206378e-19 1.288187447245408208e-20
1.411130762004998905e+04 4.480345246029503419e-19 1.277789279390467933e-20
1.411767079429910154e+04 4.652368192834177886e-19 1.306118223248478809e-20
1.412403395888060550e+04 5.024532267524649170e-19 1.324291348343453525e-20
1.413039711377113963e+04 4.611070278872644769e-19 1.308796835975315122e-20
1.413676025894668601e+04 4.629298277292784630e-19 1.303280958882500431e-20
1.414312339438351592e+04 4.836756995036181871e-19 1.301488094240582058e-20
1.414948652005837903e+04 4.668428785230127977e-19 1.332079435443521717e-20
1.415584963594674446e+04 4.611961734466159531e-19 1.329197304541595468e-20
1.416221274202563291e+04 4.536430575026498532e-19 1.346400510928688549e-20
1.416857583827125927e+04 4.616750038702914148e-19 1.379941401495406881e-20
1.417493892465961653e+04 4.977213694698206449e-19 1.356575459862494386e-20
1.418130200116753440e+04 4.848833567863249440e-19 1.408462654295388434e-20
1.418766506777110044e+04 4.864076057002333039e-19 1.334916525860996653e-20
1.419402812444671326e+04 4.699559265938252690e-19 1.314426825142289394e-20
1.420039117117104979e+04 4.784496331174847702e-19 1.409584153765757712e-20
1.420675420792010482e+04 4.711770758874742254e-19 1.240052221209805266e-20
1.421311723467065531e+04 4.598579306114654883e-19 1.327933421702958475e-20
1.421948025139928359e+04 4.837065659016667811e-19 1.357521185711113520e-20
1.422584325808179528e+04 4.651800796237440092e-19 1.297507763173454951e-20
1.423220625469537481e+04 4.744879040919066534e-19 1.333140836324458993e-20
1.423856924121629527e+04 4.871489699618227744e-19 1.298187316319557029e-20
1.424508515254843951e+04 5.011294212125475396e-19 1.370322229085303256e-20
1.425144813136380799e+04 4.629371953758474604e-19 1.326931267348910136e-20
1.425781109985165676e+04 4.528624140239425750e-19 1.338220215636078829e-20
1.426417405814901576e+04 4.659505038133904587e-19 1.386888445378613054e-20
1.427053700623487202e+04 4.577615903951322103e-19 1.337820456810375776e-20
1.427689994408545681e+04 4.838613719170275472e-19 1.322191331359039001e-20
1.428326287167745068e+04 5.054426415714595898e-19 1.352251188564915365e-20
1.428962578898772335e+04 4.805599128920125162e-19 1.359873543223222944e-20
1.429598869599243699e+04 4.635838454291530516e-19 1.300633453519179121e-20
1.430235159266859409e+04 4.784285594486444304e-19 1.296307535200655655e-20
1.430871447899297345e+04 4.858512314747075731e-19 1.314650699919889965e-20
1.431507735494170811e+04 4.762037014423936475e-19 1.307894622154090391e-20
1.432144022049203522e+04 4.654720260356751352e-19 1.339401891654717666e-20
1.432780307562051166e+04 4.769888356438961126e-19 1.295041585803233631e-20
1.433416592030355605e+04 4.917702693919843042e-19 1.447152785732568631e-20
1.434052875451836735e+04 4.454053815607484660e-19 1.383431269795934773e-20
1.434689157824140966e+04 4.849478763610879579e-19 1.369891166644983488e-20
1.435325439144936172e+04 4.819103874708941979e-19 1.368994124232821008e-20
1.435961719411936429e+04 4.968191613948702865e-19 1.349012965839763186e-20
1.436597998622783962e+04 4.917109997926910465e-19 1.383908051574989740e-20
1.437234276775177204e+04 4.844603472217960619e-19 1.384281138010591300e-20
1.437870553866813680e+04 5.030103700687380183e-19 1.366981910222529282e-20
1.438506829895530791e+04 4.867437208537002739e-19 1.357044550327047387e-20
1.439143104875057361e+04 4.876104285067587272e-19 1.376286273000424625e-20
1.439794701940830782e+04 4.928711137705349032e-19 1.407932678925430917e-20
1.440430976000587725e+04 4.779101204570355025e-19 1.369904499175409418e-20
1.441067248987841776e+04 4.925864874700104516e-19 1.366406554181730281e-20
1.441703520900291915e+04 4.897390885393790219e-19 1.363791962762101803e-20
1.442339791735575636e+04 4.888597817146538971e-19 1.406484969017981014e-20
1.442976061491442670e+04 4.730631974752308609e-19 1.361145911909072129e-20
1.443612330165577623e+04 5.145190719820714621e-19 1.397086961380783037e-20
1.444248597755631999e+04 4.913025745385051921e-19 1.388932666170082510e-20
1.444884864259360438e+04 4.967222988275557281e-19 1.359019909733805224e-20
1.445521129674449367e+04 5.298596866514796640e-19 1.408432155874225659e-20
1.446157393998564294e+04 4.732277469909967205e-19 1.396894853789783337e-20
1.446793657229458040e+04 4.901361181053917820e-19 1.400071684627269012e-20
1.447429919364800662e+04 4.780151896070762504e-19 1.394288151669363463e-20
1.448066180402293685e+04 4.626405061531121870e-19 1.361254109351327981e-20
1.448702440339677014e+04 4.613897084324734571e-19 1.390813997296725019e-20
1.449338699174630710e+04 4.812460602822630082e-19 1.356772898456686369e-20
1.449974956904855753e+04 4.715708816549677452e-19 1.351092017416124034e-20
1.450611213528101689e+04 4.867406161739438571e-19 1.329675398945587716e-20
1.451247469042044577e+04 4.943524903770275975e-19 1.337924586845436215e-20
1.451883723444400857e+04 4.979480931495607492e-19 1.370079112325203140e-20
1.452519976732915711e+04 4.763410984313460107e-19 1.421301081793107601e-20
1.453156228905266107e+04 5.091540554113290731e-19 1.437680446921985116e-20
1.453792479959190314e+04 4.862818796523584699e-19 1.394761725612688576e-20
1.454428729892425144e+04 4.801835387091499337e-19 1.392128183361868550e-20
1.455064978702643930e+04 4.680936802331720740e-19 1.365980330377822020e-20
1.455701226387606766e+04 4.685168248590076584e-19 1.367526323144506509e-20
1.456337472945041372e+04 4.894629393763144882e-19 1.366457689132167932e-20
1.456973718372630174e+04 4.885772312502593237e-19 1.368858950133077871e-20
1.457609962668135449e+04 4.756026411299240216e-19 1.339972599478418176e-20
1.458246205829293285e+04 4.833901521511714751e-19 1.347950984952863016e-20
1.458882447853787016e+04 4.796836356510780684e-19 1.348526375392669068e-20
1.459518688739387653e+04 4.836191482486445150e-19 1.361789040743276676e-20
1.460154928483824915e+04 4.799030579148448768e-19 1.330945228245128530e-20
1.460791167084793233e+04 5.019698731748870748e-19 1.383285635738188878e-20
1.461427404540064344e+04 4.733859333837060292e-19 1.359597064122856278e-20
1.462063640847385977e+04 4.504291594983563516e-19 1.401407493640583017e-20
1.462699876004433099e+04 4.776771694634841027e-19 1.410263561219405213e-20
1.463336110009004187e+04 4.617378266430883550e-19 1.378943112728532973e-20
1.463972342858834236e+04 4.812014477369732027e-19 1.441575472968488396e-20
1.464608574551621496e+04 4.978339818794325631e-19 1.440122052144232294e-20
1.465244805085144253e+04 4.471631864925462190e-19 1.307732689675163255e-20
1.465881034457155874e+04 4.435765072905611069e-19 1.358473375676387770e-20
1.466517262665351700e+04 4.600165667644354533e-19 1.391727127208493745e-20
1.467153489707533117e+04 4.546244906755064161e-19 1.425467253880032617e-20
1.467789715581434757e+04 4.500926759688220818e-19 1.369375221477688523e-20
1.468425940284762510e+04 4.724450721174009428e-19 1.405687977442590648e-20
1.469062163815315762e+04 4.756109617587541096e-19 1.377470539627894543e-20
1.469698386170863159e+04 4.929274996112332748e-19 1.388827532574028901e-20
1.470334607349086218e+04 4.889766740648337301e-19 1.393159313178388138e-20
1.470970827347796148e+04 5.093041217624869831e-19 1.416812436271872404e-20
1.471607046164745043e+04 4.943343695731209715e-19 1.407240972198944564e-20
1.472243263797659893e+04 4.931656550202094362e-19 1.398010257790242191e-20
1.472879480244326442e+04 4.977129422909022101e-19 1.396414472873175467e-20
1.473515695502510789e+04 4.865824984851959588e-19 1.379971430602133624e-20
1.474151909569933196e+04 4.829798267774596575e-19 1.426414785297033707e-20
1.474788122444397959e+04 4.606508941129478223e-19 1.367623745713058363e-20
1.475424334123677181e+04 4.649659601713039918e-19 1.337963953677765909e-20
1.476060544605483119e+04 4.615849735520469741e-19 1.340059140070745584e-20
1.476696753887618252e+04 4.413499869449919716e-19 1.357614983578095683e-20
1.477332961967871233e+04 4.533691122688846796e-19 1.383530789984530473e-20
1.477969168843971056e+04 4.753514107804728356e-19 1.350566309387259231e-20
1.478605374513696006e+04 4.964734429706027386e-19 1.180714741570048002e-20
1.479241578974843469e+04 4.748837475798849156e-19 1.166866939966787426e-20
1.479877782225165902e+04 4.716639562470255211e-19 1.281062542894912077e-20
1.480513984262439226e+04 4.817581318123623626e-19 1.356294041027741730e-20
1.481150185084454642e+04 4.377610711235771729e-19 1.310200806663267869e-20
1.481786384688967155e+04 4.058618056253078439e-19 1.323358473351780654e-20
1.482422583073764326e+04 4.412964504108528315e-19 1.307801381562196136e-20
1.483058780236651000e+04 4.292484750649440441e-19 1.283941576152133838e-20
1.483694976175376905e+04 4.308970642373995010e-19 1.341411014465279301e-20
1.484331170887713415e+04 4.170542891582552296e-19 1.333901266754908155e-20
1.484967364371493204e+04 4.367355972334008520e-19 1.356142237899231449e-20
1.485603556624483826e+04 4.111501768527790569e-19 1.302422475384491978e-20
1.486239747644428098e+04 4.053571316525412070e-19 1.291538074588708211e-20
1.486875937429167789e+04 4.306498554946599818e-19 1.128782696818833510e-20
1.487512125976493553e+04 4.097523220160216882e-19 1.068281024668158352e-20
1.488148313284145115e+04 4.476563542359576725e-19 1.058313055219569224e-20
1.488784499349948783e+04 4.349801551508634091e-19 1.225270235034763576e-20
1.489420684171721223e+04 4.411712288947989572e-19 1.305159472279945333e-20
1.490056867747201977e+04 4.144927572852664449e-19 1.308210194206187670e-20
1.490693050074230086e+04 4.248987562597557102e-19 1.310555319367869714e-20
1.491329231150585656e+04 4.383206284106314127e-19 1.314726801094313444e-20
1.491965410974065344e+04 4.188038591890622551e-19 1.275412422166482843e-20
1.492601589542478905e+04 4.115836576845940881e-19 1.256188141865289249e-20
1.493237766853639914e+04 4.181230415336516561e-19 1.465235211605833825e-20
1.493873942905299555e+04 4.213956664182430890e-19 1.532582952468567075e-20
1.494510117695305416e+04 3.982334115087868054e-19 1.426076131683207747e-20
1.495146291221473075e+04 4.241896255032579974e-19 1.268816577552401707e-20
1.495782463481580089e+04 4.411611181445473211e-19 1.302259273616528386e-20
1.496418634473414204e+04 4.187878748120751562e-19 1.196788311616698577e-20
1.497054804194841199e+04 4.407589653229429102e-19 1.163084689804115934e-20
1.497690972643656278e+04 4.148735768738245452e-19 1.130593114799330357e-20
1.498327139817606985e+04 4.076790745364501109e-19 1.236835409397712433e-20
1.498963305714587841e+04 4.451297869592352941e-19 1.265576171798645856e-20
1.499599470332397868e+04 4.140132193695629203e-19 1.261318116261989945e-20
1.500235633668808259e+04 4.291060017967930686e-19 1.281366915425969771e-20
1.500871795721644594e+04 4.535015464591275192e-19 1.256409685255194385e-20
1.501507956488790478e+04 4.175869135465665687e-19 1.209231949178976214e-20
1.502144115967998005e+04 4.333495278246990977e-19 1.201074375379891888e-20
1.502780274157098938e+04 4.027658126877816056e-19 1.174533452880948426e-20
1.503416431053917950e+04 4.361248367217801105e-19 1.359155310151495736e-20
1.504052586656309177e+04 4.565403155231199082e-19 1.327083376075199946e-20
1.504688740962044903e+04 4.401381366799928572e-19 1.248074900659042620e-20
1.505324893968974538e+04 4.292180347844771834e-19 1.281827506119053748e-20
1.505961045674958405e+04 4.257598926517735509e-19 1.305937901037760653e-20
1.506597196077760418e+04 4.351842389434182743e-19 1.331102463337070739e-20
1.507233345175259274e+04 4.360495809080157829e-19 1.297041312934509693e-20
1.507869492965261998e+04 4.344884144826394654e-19 1.264197074413056317e-20
1.508505639445600718e+04 4.310823359555143826e-19 1.279133769528825189e-20
1.509141784614120661e+04 3.924016110226899660e-19 1.293958817489348007e-20
1.509777928468652499e+04 4.201604080256069799e-19 1.315951447734192975e-20
1.510414071007020175e+04 4.154476575509974173e-19 1.298420099814086036e-20
1.511050212227068732e+04 4.521697153879280651e-19 1.317680073358258901e-20
1.511686352126650127e+04 4.402710113820289008e-19 1.271260996634715977e-20
1.512322490703581752e+04 4.446405097710519753e-19 1.328745603145184649e-20
1.512958627955699194e+04 4.692769794697509196e-19 1.330552429595168794e-20
1.513594763880875507e+04 4.587931515286319838e-19 1.359727934722509633e-20
1.514230898476938637e+04 4.637578788162666283e-19 1.330446942089003833e-20
1.514867031741709434e+04 4.687760288745322597e-19 1.287372567235340268e-20
1.515503163673061863e+04 4.708803743081733032e-19 1.322560951824406103e-20
1.516139294268849699e+04 4.552171565865997309e-19 1.360288025244746322e-20
1.516775423526882514e+04 4.621223250712841297e-19 1.358140398282776495e-20
1.517411551445033547e+04 4.374533101652156891e-19 1.374988773670534592e-20
1.518047678021170213e+04 4.447754897839946037e-19 1.343747260887503085e-20
1.518683803253118276e+04 4.712734638991350658e-19 1.357653831205143974e-20
1.519319927138721869e+04 4.781095691158058962e-19 1.315556689466568655e-20
1.519956049675865688e+04 4.631052862214266906e-19 1.291146225419792963e-20
1.520592170862395687e+04 4.612359533571805784e-19 1.346227047644074199e-20
1.521228290696149452e+04 4.541608226100173112e-19 1.319723812440153603e-20
1.521864409174999491e+04 4.662064110238928544e-19 1.343781703971207747e-20
1.522500526296823045e+04 4.532325034219045484e-19 1.362043659137336415e-20
1.523136642059442784e+04 4.424755809172046254e-19 1.309378366545145731e-20
1.523772756460734126e+04 4.695584906623866701e-19 1.366410345213131048e-20
1.524408869498575041e+04 4.497582125289754344e-19 1.364182427509693820e-20
1.525044981170823121e+04 4.395787988215990045e-19 1.366984767961118933e-20
1.525681091475318863e+04 4.476941212538140697e-19 1.382662076897281560e-20
1.526332687136458662e+04 4.417440090526272639e-19 1.391084360534293596e-20
1.526968795926900748e+04 4.561259089311107069e-19 1.374328892569333704e-20
1.527604903327461398e+04 4.357921385226491270e-19 1.339822300298503576e-20
1.528241009351408866e+04 4.262871226412919049e-19 1.366888822273882418e-20
1.528877113996826665e+04 4.376344527779044222e-19 1.254360595503276816e-20
1.529513217261578575e+04 4.772977795370423061e-19 1.243986395817418164e-20
1.530149319143523826e+04 4.904595768311155116e-19 1.332761548260552025e-20
1.530785419640550572e+04 4.849701993791678038e-19 1.351643843426668946e-20
1.531421518750542054e+04 4.780925567093924797e-19 1.388321309128696291e-20
1.532057616471366782e+04 4.560081721131102806e-19 1.391986472928157161e-20
1.532693712800903631e+04 4.846823174284165718e-19 1.396466761105997225e-20
1.533329807737025840e+04 4.746213522241143763e-19 1.412575028582325817e-20
1.533965901277625744e+04 4.601317929197169189e-19 1.376237257549772815e-20
1.534601993420591498e+04 4.941547794863452646e-19 1.412343264982076272e-20
1.535238084163770691e+04 4.804314461413028456e-19 1.391338721795559348e-20
1.535874173505076760e+04 4.704453984403042395e-19 1.378846843839876564e-20
1.536510261442416959e+04 4.715369895171278726e-19 1.398742181749657672e-20
1.537146347973628508e+04 4.582471736452391703e-19 1.451037654123485650e-20
1.537782433096619934e+04 4.480258673556334609e-19 1.371271305767825170e-20
1.538418516809292305e+04 4.675875119252146927e-19 1.400461068866108765e-20
1.539054599109534138e+04 4.491680464685298467e-19 1.354791875042142001e-20
1.539690679806068147e+04 4.613917018796622453e-19 1.320450764324080788e-20
1.540326743859752060e+04 4.624958283732816289e-19 1.356831800171165055e-20
1.540962791280435522e+04 4.914780559292503682e-19 1.412966816587961434e-20
1.541598837095207637e+04 4.580949738801007420e-19 1.381500189851777063e-20
1.542234881487209714e+04 5.254705011983652954e-19 1.468671499103090458e-20
1.542870924454372107e+04 4.708213403971461138e-19 1.375900374248225758e-20
1.543506965994562233e+04 4.898172913469713021e-19 1.340369745791308368e-20
1.544143006105855420e+04 4.539579273488977887e-19 1.348026078074993850e-20
1.544794565863533171e+04 4.403905996123305514e-19 1.330750610376057512e-20
1.545430604317819780e+04 4.845994507707349627e-19 1.422471811057342120e-20
1.546066641336610337e+04 4.411227448110390511e-19 1.312547349942423498e-20
1.546702676917780991e+04 4.784879005603125804e-19 1.350141153045822947e-20
1.547338711059259367e+04 4.925849505923626755e-19 1.391509599628620542e-20
1.547974743758966360e+04 4.947235792713490615e-19 1.397817788046975516e-20
1.548610775014779210e+04 4.832529990048745870e-19 1.393797243187954991e-20
1.549246804824613355e+04 4.844605757603281086e-19 1.375363128880894244e-20
1.549882833186399148e+04 4.769259736638070921e-19 1.339345576595681313e-20
1.550518860098046389e+04 4.420681820428176725e-19 1.379497861774712796e-20
1.551154885557429225e+04 4.398815664343065542e-19 1.341557409052701072e-20
1.551790909562502020e+04 4.373673065233127856e-19 1.361587676770862940e-20
1.552426932111177484e+04 4.564520188423639913e-19 1.371756369457991029e-20
1.553062953201366690e+04 4.608285501698149747e-19 1.362023640996607226e-20
1.553698972830952334e+04 4.628230794689108143e-19 1.355368693045157538e-20
1.554334990997901696e+04 4.885986389674331384e-19 1.385322710462201946e-20
1.554971007700121118e+04 5.018891288901672285e-19 1.397365981964625760e-20
1.555607022935521854e+04 4.773205192682313887e-19 1.391037055418336818e-20
1.556243036702017707e+04 4.810707687423558828e-19 1.414781934827410856e-20
1.556879048997545033e+04 4.492409474763457428e-19 1.402344415368500277e-20
1.557515059820043280e+04 4.585228199451693075e-19 1.373433464371421905e-20
1.558151069167407150e+04 4.590511381389535083e-19 1.343931485384236919e-20
1.558787077037567360e+04 4.668109736798226019e-19 1.332441311152402764e-20
1.559423083428475002e+04 4.737915998980106199e-19 1.347349811966891764e-20
1.560059088338053880e+04 4.776569108349934000e-19 1.373884656850805287e-20
1.560695091764197059e+04 4.491564411508745299e-19 1.391453318916906955e-20
1.561331093704869272e+04 4.334841622130394752e-19 1.331407861806245689e-20
1.561967094158004147e+04 4.604497053343733869e-19 1.338197464089533090e-20
1.562603093121536585e+04 4.550869336847763172e-19 1.320794573234949641e-20
1.563239090593359833e+04 4.958813539539047387e-19 1.383110641697357347e-20
1.563875086571445536e+04 4.979130359009964087e-19 1.368345411890812882e-20
1.564511081053743874e+04 5.103198275354887956e-19 1.367712453300301718e-20
1.565147074038169922e+04 4.600508767327563459e-19 1.340840397249207115e-20
1.565783065522635479e+04 4.615835114390102318e-19 1.333483063128675662e-20
1.566419055505127653e+04 4.319163261214653697e-19 1.296436377659739787e-20
1.567055043983579890e+04 4.556092076552703158e-19 1.332230853197341105e-20
1.567691030955913084e+04 4.797245618921933470e-19 1.366839032567520930e-20
1.568327016420067412e+04 5.025807659493056128e-19 1.391109039122473819e-20
1.568963000374008334e+04 4.669251830125892258e-19 1.357635340781205614e-20
1.569598982815683848e+04 5.094826651913641596e-19 1.412616084167839704e-20
1.570234963743016124e+04 4.833924398339072908e-19 1.389068904614491036e-20
1.570870943153960434e+04 4.729278353656504528e-19 1.389467701085840843e-20
1.571506921046472235e+04 4.606982547831710174e-19 1.367621444943710067e-20
1.572142897418515713e+04 4.651560396730190573e-19 1.356610934726828518e-20
1.572778872268005034e+04 4.849335916178682820e-19 1.400692558392057773e-20
1.573414845592906931e+04 4.672054638954643740e-19 1.382111862060334097e-20
1.574050817391187047e+04 5.391216217325767666e-19 1.464619474470908451e-20
1.574686787660801929e+04 5.051831139620099343e-19 1.395373614004689919e-20
1.575322756399678292e+04 4.693408421177546529e-19 1.399440478478324071e-20
1.575958723605782143e+04 4.471708754069971284e-19 1.332617391133257359e-20
1.576594689277088946e+04 4.906850564036481511e-19 1.372461808467054850e-20
1.577230653411561252e+04 4.612567823682331202e-19 1.323867285519188568e-20
1.577866616007113043e+04 4.643143053854410189e-19 1.361707687293483479e-20
1.578502577061731790e+04 5.032600469428982565e-19 1.427092347514812735e-20
1.579138536573399870e+04 4.494789243101964323e-19 1.360573974100236048e-20
1.579774494540065280e+04 4.291594566037714625e-19 1.334243999952871069e-20
1.580410450959664195e+04 4.622247669978668088e-19 1.371774757421804842e-20
1.581046405830188996e+04 4.870782040401542117e-19 1.392870422270159226e-20
1.581682359149600234e+04 5.175467153220236233e-19 1.408914547229222785e-20
1.582318310915885559e+04 5.025236201081756377e-19 1.436433897979848847e-20
1.582954261126966230e+04 4.984503142360576874e-19 1.380896788667379964e-20
1.583590209780830992e+04 4.830483271513550485e-19 1.307993281694403458e-20
1.584226156875473498e+04 4.875931650255738717e-19 1.381356489792601581e-20
1.584862102408848114e+04 4.629910178632333914e-19 1.367124855805160198e-20
1.585498046378907384e+04 4.754649410224411929e-19 1.355564508042614240e-20
1.586133988783640962e+04 4.628291548326597394e-19 1.336595080242236476e-20
1.586769929621031952e+04 4.905104457222193288e-19 1.362812577126491213e-20
1.587405868889056910e+04 4.825940473576072584e-19 1.342916693978372740e-20
1.588041806585668928e+04 4.491060145842975212e-19 1.348456777546934731e-20
1.588677742708848018e+04 4.621178089016365959e-19 1.354640975072402682e-20
1.589313677256598385e+04 4.280131798278560070e-19 1.258741586060397072e-20
1.589949610226883306e+04 4.247085624377509593e-19 1.316485308025108202e-20
1.590585541617680610e+04 4.591853148924869324e-19 1.318896580672351803e-20
1.591221471426961944e+04 4.491356985787506989e-19 1.314777583532312984e-20
1.591857399652729146e+04 4.401403736373957083e-19 1.300335036063083963e-20
1.592493326292966049e+04 4.493682436245277461e-19 1.304817148653472280e-20
1.593129251345647936e+04 4.516947897675225038e-19 1.304339504357948178e-20
1.593765174808744996e+04 4.558850218282721875e-19 1.344228421358468135e-20
1.594401096680270712e+04 4.523385285064009061e-19 1.295300294372766682e-20
1.595037016958206914e+04 4.842496455539345263e-19 1.321867481456065806e-20
1.595672935640546348e+04 4.449072736645354952e-19 1.319243732186350359e-20
1.596308852725241013e+04 4.214341570398083293e-19 1.253477206188214118e-20
1.596944768210316579e+04 4.308134146576776549e-19 1.249089947591940142e-20
1.597580682093773612e+04 4.483241886317172579e-19 1.343284895214953522e-20
1.598216594373595944e+04 4.593080030675817130e-19 1.296878333377713288e-20
1.598852505047741397e+04 4.608979204480386545e-19 1.335610187733047079e-20
1.599488414114238003e+04 4.361179978236169342e-19 1.317350173570553138e-20
1.600124321571088331e+04 4.464867616067851458e-19 1.368454302754981696e-20
1.600760227416287307e+04 4.348064158432493491e-19 1.321832620037892593e-20
1.601396131647808033e+04 3.942264902990717121e-19 1.259861707476363036e-20
1.602032034263659079e+04 4.375909809083656121e-19 1.325030125966933928e-20
1.602667935261850289e+04 4.407923283544632964e-19 1.299748141920678742e-20
1.603303834640388050e+04 4.450021369474203823e-19 1.321605546207079418e-20
1.603939732397258012e+04 4.294275433999552507e-19 1.293770594418249763e-20
1.604575628530448921e+04 4.404560531455264366e-19 1.319750681520086659e-20
1.605211523037997358e+04 4.234271617846352835e-19 1.341839020394121367e-20
1.605847415917899343e+04 4.207373408895028447e-19 1.323825453530426877e-20
1.606483307168163810e+04 4.350513050920710748e-19 1.364270093818662575e-20
1.607119196786762768e+04 4.258146008534597324e-19 1.354628417107543581e-20
1.607755084771734073e+04 4.230287293910378434e-19 1.347093271977012573e-20
1.608390971121088842e+04 4.438610779003066262e-19 1.370950317555410601e-20
1.609026855832851470e+04 4.574794907139301758e-19 1.366954120883163624e-20
1.609662738904980688e+04 4.332568952523307831e-19 1.325071323316236870e-20
1.610298620335517444e+04 4.481554729875855013e-19 1.303580783808528161e-20
1.610934500122487043e+04 3.920697213315361602e-19 1.214202551424267095e-20
1.611570378263897874e+04 4.266019154811162589e-19 1.320478698275235250e-20
1.612206254757767056e+04 4.359441109845459158e-19 1.304139295993272370e-20
1.612842129602065324e+04 4.326749630319910391e-19 1.335644940983468592e-20
1.613478002794859276e+04 4.317114738702202158e-19 1.316668584984602982e-20
1.614113874334161846e+04 4.176592720834863968e-19 1.364409053952843715e-20
1.614749744217989428e+04 4.101258577630749767e-19 1.324180088930746775e-20
1.615385612444335311e+04 4.335350311825491040e-19 1.322631255616078966e-20
1.616021479011234624e+04 4.273270300686459129e-19 1.322052703351792443e-20
1.616657343916720311e+04 4.376760401932351845e-19 1.300439933346593302e-20
1.617293207158813493e+04 4.265450644944800582e-19 1.312948536263535477e-20
1.617929068735534383e+04 4.321588034684231997e-19 1.316499981674395345e-20
1.618564928644880820e+04 4.423129013640388509e-19 1.346064779608685407e-20
1.619200786884908484e+04 4.373403666688090754e-19 1.353553378185196490e-20
1.619836643453647957e+04 4.489694905687953468e-19 1.342425730850070710e-20
1.620472498349117450e+04 4.298900298859580699e-19 1.263166776362869447e-20
1.621108351569322986e+04 3.775174840034582378e-19 1.341873518627608333e-20
1.621744203112310424e+04 4.358560821006072618e-19 1.383390047774524936e-20
1.622380052976124898e+04 3.852530578704068716e-19 1.214668820627894587e-20
1.623015901158786073e+04 3.950906850882670749e-19 1.202181984403999615e-20
1.623651747658327622e+04 4.182008511835389518e-19 1.305535019392231835e-20
1.624287592472757387e+04 4.662625091741894254e-19 1.349818227662018244e-20
1.624923435600136509e+04 4.516267789072098776e-19 1.356197943860571118e-20
1.625559277038502296e+04 4.383027504117577708e-19 1.321499957191214821e-20
1.626195116785889513e+04 4.246895729394364171e-19 1.315265071614736017e-20
1.626830954840315280e+04 4.301182104978948697e-19 1.325393991450622298e-20
1.627466791199819090e+04 4.247703090034392739e-19 1.275958917378534442e-20
1.628102625862457171e+04 3.969340275940038934e-19 1.230285198070833454e-20
1.628738458826267197e+04 4.159756497055442876e-19 1.229388436470738718e-20
1.629374290089297210e+04 4.080783273872878757e-19 1.215505470331395678e-20
1.630010119649543412e+04 4.150853420145136549e-19 1.298403497448582164e-20
1.630645947505080585e+04 4.419708111373950644e-19 1.324188418662751601e-20
1.631281773653964046e+04 4.114892439881296909e-19 1.258425556414395866e-20
1.631917598094234017e+04 4.360435625971014840e-19 1.304300304374108813e-20
1.632553420823918350e+04 4.470475244612038961e-19 1.324974520137800339e-20
1.633189241841053627e+04 4.610168428981216111e-19 1.324597442901678611e-20
1.633825061143711719e+04 4.532768907747976446e-19 1.334082639811960145e-20
1.634460878729932119e+04 4.323091395813873799e-19 1.317368903300239352e-20
1.635096694597778696e+04 4.300931763189159006e-19 1.323728492346638016e-20
1.635732508745275663e+04 4.297551826560840014e-19 1.302954539215388930e-20
1.636368321170469790e+04 4.692628100887334289e-19 1.287584839652777868e-20
1.637004131871434765e+04 4.489884559760361007e-19 1.302183973872397210e-20
1.637639940846223908e+04 4.412981622073210727e-19 1.258518151507552417e-20
1.638275748092882714e+04 4.274078000382373361e-19 1.249064293874044392e-20
1.638911553609453404e+04 4.283492338806688458e-19 1.318790409780599358e-20
1.639547357393993661e+04 4.409627660559821038e-19 1.285359760886708319e-20
1.640183159444574994e+04 4.260296025141045774e-19 1.247034378349073157e-20
1.640818959759252539e+04 4.371569225816708687e-19 1.285846905346068154e-20
1.641454758336081795e+04 4.557002393350848203e-19 1.398292685743105701e-20
1.642090555173104076e+04 4.314381307338815618e-19 1.323312503326343959e-20
1.642726350268388342e+04 4.135445924768409931e-19 1.266289147863609620e-20
1.643362143620004645e+04 4.584147547097327623e-19 1.342826689080359022e-20
1.643997935226018672e+04 4.556907056460357954e-19 1.362135512697291494e-20
1.644633725084490288e+04 4.562010636059546669e-19 1.337756645255076181e-20
1.645269513193450621e+04 4.423160280117512818e-19 1.316381062625179820e-20
1.645905299550986820e+04 4.484414574524069168e-19 1.374849465337259340e-20
1.646541084155176941e+04 4.241346798501952688e-19 1.339759976908195142e-20
1.647176867004077940e+04 4.358745098703712771e-19 1.325542489254556559e-20
1.647812648095766781e+04 4.194466072364307826e-19 1.339715137166935251e-20
1.648448427428264404e+04 4.341833570262724653e-19 1.387747748522793913e-20
1.649084204999684152e+04 4.337357444287395057e-19 1.364399900369577501e-20
1.649719980808083710e+04 4.511810691376595399e-19 1.376410919514198181e-20
1.650355754851547317e+04 4.340591181459638129e-19 1.369652588820038163e-20
1.650991527128132293e+04 4.226208648917618733e-19 1.286114952831782150e-20
1.651627297635892683e+04 4.596908530327296882e-19 1.361872406018256282e-20
1.652263066372917456e+04 4.453456816302429573e-19 1.346313454485550464e-20
1.652898833337291944e+04 4.458520587934604568e-19 1.365598129450792941e-20
1.653534598527085836e+04 4.326774390850232087e-19 1.294751018485423469e-20
1.654170361940373550e+04 4.240419094814585563e-19 1.344724604392951800e-20
1.654806123575207312e+04 4.466493020086202693e-19 1.322648095213914085e-20
1.655441883429684822e+04 4.265796344007250087e-19 1.302510433855703352e-20
1.656077641501892504e+04 4.033607168086552698e-19 1.373925074379814579e-20
1.656713397789904047e+04 4.320743335410906910e-19 1.350639883203330605e-20
1.657349152291803694e+04 4.586002557255466561e-19 1.380448558949416360e-20
1.657984905005645123e+04 4.368081894774153554e-19 1.363347415225765971e-20
1.658620655929525310e+04 4.242691688796264173e-19 1.374344674703325557e-20
1.659256405061534679e+04 4.227035128854602428e-19 1.331432295838446630e-20
1.659892152399757106e+04 4.388303141120211397e-19 1.376997938990823663e-20
1.660527897942280106e+04 4.460784530010194419e-19 1.427289827122757492e-20
1.661163641687169002e+04 4.388064389873272906e-19 1.378587232128540747e-20
1.661799383632505851e+04 4.222461813538727809e-19 1.366515189464104341e-20
1.662435123776400360e+04 4.079229087231544819e-19 1.254435427639488831e-20
1.663070862116933858e+04 4.413872605743136226e-19 1.367791757790058385e-20
1.663706598652201137e+04 4.132239001967926275e-19 1.290114683015683481e-20
1.664342333380274795e+04 4.141390824835609730e-19 1.304280696231271430e-20
1.664978066299236889e+04 4.592390976134304535e-19 1.357182703388845308e-20
1.665613797407195307e+04 4.190243786070106732e-19 1.317882706197374925e-20
1.666265273045142749e+04 4.553229022849546851e-19 1.327316743899867396e-20
1.666901001711444042e+04 4.384297724646332509e-19 1.314994492352482352e-20
1.667536728557067909e+04 4.291079115114792967e-19 1.283091499335185094e-20
1.668172453583883907e+04 4.607319153245976335e-19 1.382993417953866157e-20
1.668808176790034122e+04 4.216287801261069633e-19 1.364312876296176991e-20
1.669443898173627895e+04 4.583566852542534618e-19 1.411199921279967311e-20
1.670079617732767656e+04 4.497562094379360798e-19 1.371824159068532590e-20
1.670715335465547832e+04 4.398583820458543368e-19 1.350447246115520251e-20
1.671351051370061396e+04 4.508776096477526743e-19 1.387005399320353501e-20
1.671986765444392222e+04 4.508933274069305517e-19 1.337983865004700436e-20
1.672622477686655475e+04 4.344458659534402237e-19 1.354680784237649877e-20
1.673258188094958314e+04 4.352695029728053434e-19 1.267113902943365246e-20
1.673893896667403169e+04 4.257075661691875442e-19 1.357511651358285722e-20
1.674529603402088105e+04 4.130379541540118237e-19 1.376270405403989338e-20
1.675165308297104639e+04 4.446005440566259213e-19 1.376483560194153904e-20
1.675801011350556291e+04 4.679182972619375544e-19 1.365965486340607811e-20
1.676436712560564047e+04 4.382367505066437744e-19 1.369474884131123213e-20
1.677072411925229244e+04 4.641763423831277922e-19 1.347320151397119068e-20
1.677708109442664136e+04 4.650906107313317045e-19 1.378623800120285231e-20
1.678343805110967151e+04 4.454098959994619363e-19 1.447380394983367284e-20
1.678979498928237081e+04 4.414012747111183956e-19 1.394613077504436445e-20
1.679615190892585815e+04 4.631026386181434918e-19 1.423021454563385323e-20
1.680250881002137612e+04 4.532745753476383252e-19 1.431456335057619067e-20
1.680886569255001814e+04 4.592928219446324479e-19 1.390852600700770011e-20
1.681522255649287035e+04 4.457664488690152984e-19 1.437338039818592113e-20
1.682157940183096071e+04 4.446326050815887689e-19 1.396409675965100239e-20
1.682793622854535715e+04 4.307377909102879878e-19 1.442523884051013917e-20
1.683429303661733138e+04 4.465984697978804970e-19 1.395716051305716532e-20
1.684064982602804957e+04 4.678689979922602556e-19 1.414853444759560209e-20
1.684700659675868155e+04 4.494342808564911659e-19 1.373455534207367751e-20
1.685336334879038986e+04 4.488432854541765898e-19 1.415794993427245743e-20
1.685972008210414060e+04 4.559477536848272677e-19 1.392620844859246734e-20
1.686607679668116543e+04 4.291415503163512001e-19 1.407317052728941740e-20
1.687243349250277970e+04 4.467324375372788344e-19 1.375793482970208025e-20
1.687879016955017141e+04 4.598724826194418429e-19 1.336668702305372013e-20
1.688514682780455041e+04 4.325067034937836976e-19 1.319523590809211319e-20
1.689150346724707197e+04 4.371917325491370783e-19 1.382386755713220961e-20
1.689786008785883314e+04 4.464681162834057891e-19 1.355177403084671825e-20
1.690421668962110198e+04 4.320596837628964865e-19 1.396094738496165573e-20
1.691057327251521201e+04 4.265771261583635204e-19 1.347504334813278484e-20
1.691692983652240946e+04 4.520303788711291870e-19 1.339713803838914460e-20
1.692328638162393327e+04 4.179390137311642840e-19 1.301925347900817970e-20
1.692964290780098963e+04 4.378014048119545543e-19 1.387442796333280151e-20
1.693599941503474111e+04 4.416440030254112033e-19 1.350401986384342775e-20
1.694235590330666673e+04 4.483650991832599409e-19 1.313374678163608018e-20
1.694887036692984111e+04 4.696976426487503469e-19 1.173243037712808567e-20
1.695522682899317806e+04 4.392659814880990606e-19 1.131636302086288142e-20
1.696158327203738736e+04 4.511183345176106938e-19 1.365096147126023452e-20
1.696793969604376616e+04 4.707902732021104820e-19 1.401315733077683967e-20
1.697429610099354250e+04 4.661150576006852976e-19 1.431599421292868640e-20
1.698065248686790437e+04 4.285813086674142881e-19 1.360538235881934117e-20
1.698700885364838541e+04 4.094497846248487152e-19 1.326523733056152994e-20
1.699336520131630459e+04 4.446896053500466504e-19 1.353439414617200054e-20
1.699972152985300272e+04 4.341234518992483391e-19 1.337135524274873629e-20
1.700607783923982424e+04 4.630098434659042646e-19 1.381284854067828441e-20
1.701243412945807722e+04 4.512511940274293720e-19 1.397975642989449623e-20
1.701879040048891329e+04 4.366621208232949098e-19 1.358656348550947474e-20
1.702514665231394611e+04 4.489023104833694472e-19 1.414914004485197394e-20
1.703150288491455649e+04 4.377221205116576977e-19 1.291071589503833928e-20
1.703785909827212163e+04 4.464817686010978101e-19 1.348467028476525448e-20
1.704421529236802235e+04 4.591574879393081091e-19 1.368989517955662977e-20
1.705057146718365038e+04 4.457931462030129959e-19 1.367625178929237410e-20
1.705692762270015737e+04 4.716630274480758668e-19 1.387442970627662104e-20
1.706328375889919698e+04 4.666867132390027635e-19 1.379501650079753593e-20
1.706963987576219006e+04 4.346672211410362048e-19 1.373050305205108038e-20
1.707599597327057199e+04 4.446907922833123919e-19 1.333420185258834043e-20
1.708235205140577455e+04 4.568645107488649558e-19 1.391464363158073220e-20
1.708870811014923675e+04 4.431056115297407321e-19 1.380508811552815904e-20
1.709506414948223028e+04 4.301960153825320411e-19 1.392826362222593785e-20
1.710142016938627057e+04 4.304495859989905490e-19 1.378742524104752329e-20
1.710777616984292763e+04 3.978346636854804865e-19 1.423277997425527671e-20
1.711413215083366595e+04 4.103329166650246097e-19 1.322082116455235628e-20
1.712048811233996094e+04 4.211979489142977464e-19 1.296887082855038231e-20
1.712684405434328801e+04 4.114997159957680588e-19 1.279839619312973293e-20
1.713319997682510802e+04 4.321445609087386177e-19 1.297137696300417772e-20
1.713955587976671814e+04 4.312668924606736730e-19 1.349311062358462086e-20
1.714591176314984477e+04 4.375175881691153310e-19 1.418355531685414307e-20
1.715226762695601428e+04 4.228221346147557441e-19 1.339767979923064927e-20
1.715862347116672390e+04 4.072774421191805963e-19 1.336458026710271688e-20
1.716497929576351453e+04 3.941041430491381808e-19 1.321615293215269649e-20
1.717133510072789795e+04 4.392667193015642524e-19 1.348804591779250531e-20
1.717769088604128046e+04 4.303366006508760263e-19 1.315579939119043324e-20
1.718404665168522843e+04 4.242334400751955687e-19 1.321256975614643015e-20
1.719040239764141370e+04 4.300629950892982876e-19 1.371403821520235866e-20
1.719675812389138810e+04 4.580217769228872351e-19 1.291872189398579596e-20
1.720311383041672889e+04 4.506063866593710183e-19 1.355096053916509333e-20
1.720946951719899516e+04 4.308569507154870090e-19 1.336693393287294358e-20
1.721582518421977875e+04 4.368869591023575840e-19 1.377789473933047560e-20
1.722218083146042409e+04 4.418654448394281604e-19 1.369548839275311364e-20
1.722853645890271946e+04 4.289280255888902975e-19 1.382235697603459564e-20
1.723489206652830399e+04 4.105345075462826230e-19 1.328832631358551078e-20
1.724124765431878768e+04 4.454664085519767593e-19 1.315501395731190023e-20
1.724760322225576601e+04 4.525763923526374465e-19 1.333431195752577336e-20
1.725395877032087446e+04 4.558125659724874587e-19 1.378048109008982289e-20
1.726031429849572669e+04 4.354418291693770447e-19 1.308460012627750868e-20
1.726666980676171443e+04 4.047276897062153586e-19 1.264431170542023157e-20
1.727302529510072054e+04 4.369744391284364807e-19 1.325261967858463623e-20
1.727938076349439143e+04 4.356462707108639546e-19 1.275526902140887191e-20
1.728573621192438804e+04 4.287049264051494089e-19 1.325272693135007157e-20
1.729209164037236769e+04 4.705303463732462830e-19 1.374906097947509735e-20
1.729844704881998041e+04 3.934493250945704462e-19 1.294454217242386577e-20
1.730480243724892352e+04 4.041681730081623339e-19 1.277565905538012418e-20
1.731115780564063607e+04 4.264782357289164853e-19 1.336498428964443507e-20
1.731751315397701183e+04 4.190587746266321604e-19 1.330974644107170400e-20
1.732386848223976267e+04 4.037736718305600748e-19 1.272307968821200219e-20
1.733022379041057866e+04 4.357562887566145582e-19 1.284296309101361081e-20
1.733657907847118986e+04 4.515260634838021402e-19 1.315993294401769032e-20
1.734293434640328996e+04 4.242056650503317274e-19 1.325001707293210243e-20
1.734928959418860541e+04 4.373138022184377957e-19 1.367776112779129677e-20
1.735564482180868436e+04 4.116200405680839791e-19 1.315812850255727730e-20
1.736200002924536966e+04 3.927018327911119041e-19 1.282014483324905509e-20
1.736835521648042777e+04 4.109514327212831847e-19 1.330838851954608329e-20
1.737471038349565424e+04 4.252983138552779298e-19 1.301432624846826127e-20
1.738106553027278278e+04 4.319029656505767069e-19 1.349082020286869228e-20
1.738742065679357984e+04 4.081048465091445476e-19 1.292237669137047435e-20
1.739377576303980095e+04 4.015122983929097760e-19 1.343843576180687382e-20
1.740013084899306341e+04 4.137659761874513135e-19 1.305388661901108484e-20
1.740648591463520643e+04 4.186267128624197719e-19 1.310729573022330870e-20
1.741284095994806557e+04 4.258896875916568941e-19 1.362079839953463449e-20
1.741919598491350916e+04 4.300088022577208281e-19 1.391494971868849865e-20
1.742555098951323816e+04 3.922267557111400032e-19 1.322240380425574273e-20
1.743190597372909542e+04 3.807558189163228345e-19 1.302938249055522553e-20
1.743826093754290559e+04 4.195083945284845211e-19 1.323780576348967292e-20
1.744461588093648970e+04 4.089626189867439475e-19 1.314333230257817121e-20
1.745097080389144685e+04 3.928800623397034088e-19 1.267384238208524035e-20
1.745732570638974721e+04 4.039749164585126661e-19 1.301946437481356820e-20
1.746368058841326638e+04 4.156415257540995990e-19 1.256040730185602128e-20
1.747003544994390904e+04 4.010288860796161112e-19 1.265361069598276864e-20
1.747639029096344893e+04 4.166419327380967579e-19 1.283298150940448792e-20
1.748274511145369979e+04 4.102161339933170435e-19 1.357528258830840921e-20
1.748909991139659905e+04 3.974016301108619373e-19 1.278214541538991975e-20
1.749545469077399684e+04 4.090549185746951331e-19 1.325212318901594768e-20
1.750180944956752865e+04 3.908346036315786773e-19 1.316900807739855083e-20
1.750816418775926650e+04 4.189285647219633950e-19 1.379584130138054246e-20
1.751451890533115511e+04 3.748802509486898706e-19 1.272061726148551784e-20
1.752087360226500459e+04 4.205669904382917707e-19 1.302667122210757304e-20
1.752722827854272691e+04 3.781053087579605285e-19 1.289472654839174257e-20
1.753358293414626678e+04 4.210249051998496112e-19 1.289530092476151890e-20
1.753993756905751070e+04 4.010605029909673285e-19 1.313949123222545788e-20
1.754629218325829061e+04 3.982256594274790240e-19 1.295386454348933127e-20
1.755264677673043116e+04 4.234749143184995483e-19 1.288910441280828377e-20
1.755900134945598620e+04 4.216189240923600425e-19 1.289772408316926070e-20
1.756535590141695138e+04 4.007926973089875271e-19 1.253544847652721723e-20
1.757171043259519865e+04 3.942691464680461298e-19 1.278804606872787212e-20
1.757806494297268364e+04 4.134035505647983522e-19 1.308987700685930841e-20
1.758441943253136924e+04 4.389885297359826543e-19 1.302641944341844125e-20
1.759077390125319289e+04 4.068776181756163292e-19 1.303803832138119448e-20
1.759712834912011749e+04 3.849395846052404049e-19 1.310582500925375103e-20
1.760348277611389858e+04 3.970384582162794096e-19 1.331887548280119034e-20
1.760983718221674644e+04 4.156035815457658338e-19 1.286243014257694175e-20
1.761619156741053303e+04 4.025116690017560892e-19 1.257971388077203783e-20
1.762254593167734856e+04 3.875113662017272829e-19 1.271531031190629047e-20
1.762890027499919233e+04 4.103018502601062153e-19 1.292758318097475728e-20
1.763525459735791082e+04 4.195185807911524696e-19 1.284373941189333969e-20
1.764160889873562701e+04 4.365082089102687144e-19 1.304821865767445717e-20
1.764796317911436563e+04 3.931999306530420383e-19 1.266432770812413424e-20
1.765431743847593316e+04 3.882844920254962483e-19 1.250421922219281866e-20
1.766067167680236889e+04 3.969117204217347247e-19 1.320279812401657113e-20
1.766702589407587220e+04 3.648781377818173067e-19 1.257283120812572355e-20
1.767338009027838416e+04 3.716605467083529320e-19 1.266555426239911342e-20
1.767973426539193679e+04 3.858812349091403403e-19 1.300026390292002427e-20
1.768608841939870399e+04 4.259598629512064094e-19 1.285056548322090611e-20
1.769244255228054317e+04 3.983163755099914777e-19 1.292064716875183851e-20
1.769879666401955546e+04 4.140785184452425848e-19 1.292721231530065831e-20
1.770515075459788568e+04 4.025502496993203031e-19 1.292519018838883021e-20
1.771150482399739121e+04 3.752786845674243114e-19 1.259793459243484198e-20
1.771785887220018049e+04 4.122186112195457311e-19 1.293640386884234504e-20
1.772421289918846378e+04 4.186687445545958494e-19 1.345527146360448709e-20
1.773056690494422219e+04 3.603386423160824385e-19 1.231577273857612553e-20
1.773692088944959323e+04 4.080037210170362408e-19 1.317015841122689837e-20
1.774327485268669625e+04 4.188666988705965311e-19 1.331344407670593217e-20
1.774962879463778518e+04 4.055206581663611130e-19 1.275921377705611337e-20
1.775598271612485769e+04 4.272165101795758221e-19 1.250133261836226042e-20
1.776233661633743395e+04 4.110231372352800134e-19 1.306736756439498085e-20
1.776869049520992849e+04 3.983689706856342396e-19 1.315973545419400436e-20
1.777504435272455521e+04 3.590482740190147489e-19 1.255483384476440976e-20
1.778139818886353896e+04 3.293441282985477101e-19 1.108004139558273871e-20
1.778775200360891540e+04 3.594919197637431267e-19 1.254133012675861745e-20
1.779410579694287298e+04 4.191321025150171261e-19 1.299428893392416277e-20
1.780045956884757834e+04 3.992636709141602026e-19 1.280626640281013960e-20
1.780681331930505257e+04 4.170936204236883326e-19 1.329722613032721008e-20
1.781316704829754599e+04 4.033945854002305352e-19 1.330919424527478913e-20
1.781952075580720702e+04 3.835938211304053441e-19 1.249852263167091150e-20
1.782587444181606406e+04 4.105676008334041604e-19 1.303954378682950407e-20
1.783222810630624008e+04 4.047846445919503007e-19 1.294401474158627044e-20
1.783858174926011998e+04 3.780716858417598139e-19 1.316643945547033313e-20
1.784493537065965938e+04 3.810419372587020417e-19 1.246026130755833887e-20
1.785128897048719955e+04 3.997929205422596526e-19 1.306433998984956239e-20
1.785764254872497986e+04 3.267377591375828302e-19 1.205996722586983454e-20
1.786399610535499596e+04 3.515244981103345433e-19 1.244459834906524311e-20
1.787034964035963276e+04 3.385890430643514017e-19 1.211951664170397270e-20
1.787670315372088953e+04 3.133099456212591389e-19 1.174415414137999478e-20
1.788305664542102022e+04 3.706321306019932011e-19 1.226473053970591578e-20
1.788941011544238063e+04 4.116180621820251938e-19 1.283320541400584132e-20
1.789576356376680997e+04 4.093049013780790902e-19 1.280260937250042848e-20
1.790211699037685685e+04 4.018654656984083586e-19 1.276496035021333267e-20
1.790847039525469154e+04 3.986286773080424805e-19 1.297259244235530886e-20
1.791482377838248794e+04 4.056558693217443507e-19 1.254901393953845952e-20
1.792117713974255821e+04 4.105992426299225341e-19 1.284039605265027489e-20
1.792753047931704350e+04 4.424616006375442510e-19 1.325137879413231471e-20
1.793388379708828506e+04 4.395795647828170082e-19 1.329134824884709548e-20
1.794023709303848227e+04 3.904910378948280473e-19 1.291437609895851254e-20
1.794659036714988542e+04 3.924521579441191290e-19 1.285318552623478011e-20
1.795294361940467206e+04 4.315525086556789845e-19 1.296913454815445896e-20
1.795929684978510704e+04 4.102476139851503925e-19 1.276126107525033553e-20
1.796565005827344794e+04 4.249004922118100855e-19 1.296293089681018325e-20
1.797200324485204328e+04 4.053863409553671718e-19 1.260529450226047508e-20
1.797835640950327070e+04 3.759948412464517684e-19 1.276750916351421518e-20
1.798470955220919859e+04 3.741644415713036489e-19 1.300647436977777301e-20
1.799106267295227372e+04 3.846641821186602150e-19 1.267139454349317048e-20
1.799741577171475365e+04 3.640454088759178294e-19 1.219906194421689309e-20
1.800376884847879774e+04 3.740311666146459760e-19 1.229517965978952792e-20
1.801012190322692186e+04 3.621989045522450787e-19 1.255782398947703221e-20
1.801647493594123807e+04 3.806337617770796278e-19 1.212768427400164267e-20
1.802282794660413856e+04 3.926695034058130697e-19 1.257274921898622032e-20
1.802918093519785543e+04 4.266578325894865665e-19 1.320467494149303035e-20
1.803553390170472267e+04 4.366186995968413592e-19 1.255091586100185388e-20
1.804188684610716882e+04 4.306423165958135769e-19 1.225359450548761966e-20
1.804823976838739691e+04 4.231747914596470632e-19 1.262894476104125147e-20
1.805459266852786459e+04 3.866848771350633058e-19 1.213093798492660112e-20
1.806094554651079306e+04 4.143623390056019449e-19 1.255365273662992383e-20
1.806729840231870185e+04 3.797012323270552572e-19 1.237597588925439092e-20
1.807365123593369208e+04 3.965205500552209287e-19 1.268631826543261408e-20
1.808000404733833784e+04 4.135755071485853770e-19 1.278041377484063474e-20
1.808635683651478757e+04 4.182179339767316602e-19 1.294074654340556575e-20
1.809270960344556806e+04 3.753262144921314938e-19 1.250309039641428398e-20
1.809906234811286777e+04 3.999669730920714939e-19 1.296703775710081117e-20
1.810541507049907887e+04 3.940047635739270200e-19 1.257218578114174598e-20
1.811176777058672087e+04 3.512508908780494112e-19 1.257870396101696128e-20
1.811812044835805500e+04 3.173259291328387056e-19 1.190052244799282236e-20
1.812447310379551709e+04 3.157142298885896649e-19 1.192778591263637019e-20
1.813082573688143384e+04 3.632540819516750136e-19 1.191701162210079123e-20
1.813717834759828474e+04 3.553087795988503260e-19 1.214950446291642774e-20
1.814353093592834193e+04 3.862551734932356426e-19 1.226212439711106590e-20
1.814988350185424133e+04 3.973012183156395103e-19 1.227123951523691865e-20
1.815623604535801860e+04 3.814747704253224832e-19 1.263368716108297765e-20
1.816258856642240426e+04 4.105160685786957878e-19 1.246994146615527384e-20
1.816894106502972136e+04 4.282566221262139123e-19 1.328820941166988099e-20
1.817529354116212198e+04 4.044125008577886421e-19 1.302371007417096962e-20
1.818164599480229299e+04 3.612370416482835754e-19 1.298711057801807188e-20
1.818799842593254652e+04 4.198212099301980083e-19 1.319077456701260770e-20
1.819435083453550760e+04 3.846566399552237911e-19 1.250358004934023343e-20
1.820070322059332466e+04 4.011006648355622645e-19 1.269735679377312476e-20
1.820705558408858633e+04 4.333120821351844164e-19 1.343389887730365590e-20
1.821340792500371390e+04 4.077039021519702252e-19 1.301576041558951145e-20
1.821976024332120505e+04 4.228286104556129516e-19 1.301222690037811652e-20
1.822611253902352837e+04 3.743743926793017121e-19 1.283243030342164872e-20
1.823246481209295598e+04 4.077708376122823542e-19 1.307011812454862781e-20
1.823881706251209471e+04 4.235336044025684301e-19 1.348627051345913024e-20
1.824516929026342768e+04 3.732818989235305539e-19 1.299786493846058328e-20
1.825152149532924523e+04 4.201715483865422698e-19 1.155273167185248723e-20
1.825787367769209231e+04 4.030055142491888542e-19 1.091924812733976373e-20
1.826422583733448118e+04 3.976751842916268067e-19 1.209937566894976507e-20
1.827057797423873126e+04 4.142687785221693620e-19 1.312339235932805269e-20
1.827693008838764945e+04 3.926841142372047782e-19 1.300578955797317024e-20
1.828328217976342057e+04 4.004409944022199708e-19 1.302358928362848847e-20
1.828963424834857142e+04 4.200124850974046944e-19 1.419552945920342251e-20
1.829598629412586160e+04 3.679530229934690894e-19 1.284809649456726431e-20
1.830233831707746504e+04 3.798254432740715340e-19 1.243813027089022310e-20
1.830869031718605038e+04 3.769301161619023054e-19 1.287511781779589863e-20
1.831504229443403528e+04 4.013501118390995358e-19 1.199334913316223218e-20
1.832139424880389561e+04 4.394263710149201442e-19 1.265016001629539002e-20
1.832774618027839460e+04 3.461294524704974805e-19 1.217411169530491456e-20
1.833409808883975347e+04 4.048836652912256851e-19 1.283682064806058777e-20
1.834044997447059359e+04 4.140783087051993205e-19 1.300296798168428738e-20
1.834680183715345629e+04 3.988821442309238165e-19 1.276282301204971810e-20
1.835315367687071193e+04 4.290279477597674174e-19 1.313632469479376579e-20
1.835950549360513105e+04 4.212034176678956026e-19 1.278477312188042552e-20
1.836585728733900396e+04 3.933076556990843472e-19 1.291578463533005384e-20
1.837220905805505390e+04 3.687537851685456902e-19 1.236112560256026680e-20
1.837856080573586223e+04 3.792656441651003354e-19 1.253210403523887008e-20
1.838491253036379203e+04 4.199477645494628194e-19 1.343778138482894659e-20
1.839126423192161383e+04 4.155706895925851768e-19 1.247603112691963062e-20
1.839761591039157429e+04 4.234521366744921864e-19 1.308723793527257693e-20
1.840396756575652762e+04 4.121705978807117400e-19 1.285484319715485042e-20
1.841031919799882598e+04 3.849916593759291803e-19 1.266596705663462453e-20
1.841667080710110167e+04 4.031901899814837199e-19 1.290345903950744596e-20
1.842302239304606337e+04 3.943081004819457366e-19 1.267809844149924580e-20
1.842937395581591772e+04 3.889145891341135994e-19 1.240200724138528971e-20
1.843572549539368993e+04 4.193716999248018396e-19 1.348051431469245300e-20
1.844207701176158662e+04 4.158587198921640541e-19 1.320149139508679838e-20
1.844842850490232013e+04 4.161052470773656153e-19 1.292963132749762402e-20
1.845477997479847545e+04 4.080978734087773208e-19 1.314872700269390389e-20
1.846113142143251025e+04 3.855571487522378838e-19 1.291673485540522774e-20
1.846748284478728237e+04 4.149658360711951816e-19 1.295245341807507276e-20
1.847383424484520583e+04 4.372171603514567739e-19 1.341848902638697658e-20
1.848018562158887653e+04 4.131636253471295512e-19 1.321077227159903983e-20
1.848653697500102498e+04 4.135105413938087066e-19 1.275703781448526483e-20
1.849288830506412705e+04 4.126784187407883045e-19 1.283787171851393840e-20
1.849923961176078228e+04 4.224970293147883930e-19 1.315985973820685834e-20
1.850559089507378303e+04 4.341340176351032379e-19 1.365924793074944791e-20
1.851194215498546691e+04 4.171908738051226894e-19 1.302712961647243458e-20
1.851829339147863720e+04 4.150030909034385532e-19 1.304674751408213516e-20
1.852464460453582069e+04 4.155059559115184810e-19 1.335247279197171450e-20
1.853099579413982792e+04 3.791010993076766140e-19 1.339840461992059499e-20
1.853734696027299287e+04 3.876420104293442428e-19 1.293608431164096727e-20
1.854369810291819522e+04 4.011668825197989320e-19 1.312566623404040195e-20
1.855004922205791445e+04 3.970323885646856845e-19 1.303145247132096410e-20
1.855640031767478649e+04 3.809265769418367955e-19 1.285649748243474744e-20
1.856275138975160735e+04 3.865807216349378072e-19 1.261006821743388673e-20
1.856910243827071827e+04 3.833877579436858124e-19 1.263475501147367743e-20
1.857545346321500256e+04 3.831322532773511417e-19 1.279672535532234193e-20
1.858180446456712161e+04 4.004776002477582176e-19 1.232401769406947293e-20
1.858815544230962041e+04 4.018006091487523118e-19 1.290281481039517968e-20
1.859450639642530223e+04 3.845190099037271974e-19 1.242787718199448390e-20
1.860085732689657380e+04 3.839124124387527045e-19 1.317097545612490377e-20
1.860720823370639482e+04 4.000562654807255930e-19 1.267780186325301859e-20
1.861355911683713202e+04 4.287631972373799310e-19 1.352639861952406519e-20
1.861990997627169781e+04 4.075306259222050458e-19 1.303870582201912685e-20
1.862626081199261534e+04 4.108685001028444037e-19 1.301842045978760411e-20
1.863261162398256056e+04 3.803434485599004662e-19 1.189645336358772591e-20
1.863896241222449680e+04 3.905266330076689958e-19 1.221612050319644307e-20
1.864531317670051067e+04 3.651951956796419400e-19 1.249522693304356718e-20
1.865166391739399114e+04 3.550473949610262430e-19 1.176136283863310569e-20
1.865801463428695206e+04 3.887338088640560772e-19 1.239323649000061420e-20
1.866436532736265872e+04 3.821572496468775177e-19 1.463012945537719823e-20
1.867071599660336506e+04 4.075358745158413484e-19 1.441508993135384807e-20
1.867706664199178340e+04 4.092280296278205004e-19 1.198101508142498992e-20
1.868341726351112447e+04 3.959330785215055977e-19 1.148531841621944719e-20
1.868976786114345668e+04 3.700961558385182376e-19 1.319848482769736110e-20
1.869611843487188526e+04 3.827545039874813368e-19 1.268185665785980186e-20
1.870246898467876235e+04 3.943960410720835466e-19 1.305644958890941164e-20
1.870881951054716410e+04 3.963146887630482731e-19 1.307173335703141958e-20
1.871517001245953725e+04 3.811282969487633264e-19 1.275695300027836917e-20
1.872152049039875419e+04 3.725538023648473632e-19 1.265687349680028601e-20
1.872787094434753817e+04 3.732582713468094073e-19 1.280848086538304669e-20
1.873422137428843052e+04 4.024681656807062813e-19 1.275833078554458797e-20
1.874057178020431820e+04 4.109826050445084929e-19 1.321004253125236648e-20
1.874692216207781166e+04 4.191790221323097216e-19 1.349133693867620166e-20
1.875327251989187789e+04 4.163320060427741804e-19 1.281932688261717724e-20
1.875962285362888724e+04 4.076989211619482009e-19 1.327071329733446555e-20
1.876597316327180670e+04 4.123978292565643397e-19 1.306545427816054502e-20
1.877232344880336677e+04 4.019504769312806555e-19 1.331765648350151852e-20
1.877867371020601422e+04 4.233494712185197937e-19 1.356188446512034349e-20
1.878502394746301434e+04 4.192632627993116035e-19 1.312925519589427937e-20
1.879137416055652284e+04 4.141703768969723340e-19 1.290170315242086397e-20
1.879772434946992507e+04 3.999043122800312595e-19 1.302604288586604150e-20
1.880407451418531855e+04 3.832356554789806537e-19 1.640728059007040777e-20
