1.699634035464558838e+04 -1.364124968256503701e-20 4.820787931904165946e-21
1.700704890350037385e+04 4.351094041046529397e-22 3.117242903404472056e-21
1.701775747277984919e+04 5.856809277393276263e-21 3.053897277548379917e-21
1.702846606241798509e+04 1.147501151752521983e-20 3.401470033847226622e-21
1.703917467234732976e+04 6.693627968070329545e-21 3.556530974199938052e-21
1.704988330250155195e+04 7.596226325453627978e-21 3.324645917640000237e-21
1.706059195281528810e+04 5.123896930812976120e-21 3.594513363598415940e-21
1.707130062321688820e+04 9.354793086768354152e-21 3.279491881653833410e-21
1.708200931364384451e+04 1.435475205653343899e-21 3.476255450731156109e-21
1.709271802402762842e+04 1.850621509008456298e-21 3.358360421465872074e-21
1.710342675430233430e+04 6.280746877336928254e-21 3.717936632359550570e-21
1.711413550440192921e+04 -6.345301959721438739e-21 3.274468170721645806e-21
1.712484427425778267e+04 9.414710715454967619e-21 3.721348404065628763e-21
1.713555306380474940e+04 2.908899055765154087e-21 3.900896440573736536e-21
1.714626187297563592e+04 1.560105307498651788e-20 3.775426574541282329e-21
1.715697070170553707e+04 4.169715249441437107e-21 3.612765408485523272e-21
1.716767954992405066e+04 1.731984227869889310e-21 3.663642687254694558e-21
1.717838841757124101e+04 -4.328327379424168039e-21 3.349365510761862074e-21
1.718909730457368278e+04 1.220324702532703783e-21 3.708359218500638024e-21
1.719980621087214240e+04 4.120934984508603973e-21 3.697400778947654078e-21
1.721051513639416225e+04 -4.607510440053485272e-21 3.284794966724663207e-21
1.722122408107738374e+04 7.508514052620733540e-21 3.172730528702520629e-21
1.723193304485427871e+04 5.595754616196175872e-21 3.266884134758228808e-21
1.724264202765847949e+04 1.542043794945352169e-21 3.223421941709372028e-21
1.725335102942530284e+04 1.141808598363217822e-20 3.387084266372392944e-21
1.726406005008994543e+04 -1.516509404816507756e-21 3.064418826673972528e-21
1.727476908958109561e+04 -4.712688192592261220e-21 3.169873413747513678e-21
1.728547814783873037e+04 8.331469518956605582e-21 3.272943155870204920e-21
1.729618722479406279e+04 4.150033848077036295e-21 3.340348118647599083e-21
1.730689632038173295e+04 1.054509144042908030e-20 3.475456434042849872e-21
1.731760543453524951e+04 4.442823204850798035e-21 3.351307023537474790e-21
1.732831456719282505e+04 -6.596857237654910957e-22 3.451044325268011325e-21
1.733902371827995375e+04 9.086636060817440972e-22 3.488578462224620383e-21
1.734973288774267348e+04 -5.551915555092066321e-21 3.022129060331795773e-21
1.736044207550779902e+04 2.310923709793149744e-21 3.258300932314823748e-21
1.737135530037171702e+04 -1.120284950295594218e-20 3.183006235163849662e-21
1.738206454143891460e+04 2.350854167471761493e-21 3.404570835507607038e-21
1.739277380053800880e+04 -8.088172280522114037e-21 3.330973986283071886e-21
1.740348307767618098e+04 9.530258290244695753e-21 3.622163253012380745e-21
1.741419237278362198e+04 2.746800595070208488e-21 2.952905442949297157e-21
1.742490168579958481e+04 1.203955601090755945e-20 3.158932588352224082e-21
1.743561101665694150e+04 7.999335367910266363e-21 3.168333985989192820e-21
1.744632036528969911e+04 -1.108052922671084296e-21 3.312692352314871077e-21
1.745702973163629213e+04 -2.707503891390608441e-21 3.320449025090849712e-21
1.746773911562556168e+04 9.547541129480487221e-21 3.374643659039472853e-21
1.747844851719856524e+04 1.773247040968559913e-21 3.177802321376854177e-21
1.748915793628426763e+04 3.957447326490564004e-21 3.046584846223882530e-21
1.749986737282281319e+04 -1.399624728753088618e-21 3.064999504732496804e-21
1.751057682674948956e+04 3.604540763828945492e-21 3.269054906159196500e-21
1.752128629799592818e+04 -5.513314383382026218e-21 3.001962024331442746e-21
1.753199578650005787e+04 4.240791765721969488e-21 3.223744810604586708e-21
1.754270529219527452e+04 5.925172940452095812e-21 3.374380407642953124e-21
1.755341481501936505e+04 -7.408583612094694768e-22 2.833665654310701491e-21
1.756412435490300777e+04 1.441124018398198484e-20 3.471939092494925144e-21
1.757483391178947568e+04 6.496810055346808028e-21 3.241525517069519115e-21
1.758554348560399012e+04 -3.470103687354538102e-21 3.004416911839527934e-21
1.759625307629225063e+04 -3.101536803640904759e-21 3.113015781989785357e-21
1.760696268378187597e+04 7.707116969380804800e-21 3.252475444691619963e-21
1.761767230801097321e+04 -2.267735008282347978e-22 2.868403084296388062e-21
1.762838194892058891e+04 -1.010190926632681143e-21 2.738174076495176589e-21
1.763909160643636278e+04 4.911180091191398126e-22 2.720036197883612821e-21
1.764980128050556232e+04 4.639781093995145786e-21 3.103079276380539834e-21
1.766051097105157169e+04 3.089911773966123248e-21 2.828860474789551819e-21
1.767122067801961020e+04 -6.812670335341982221e-22 3.117518796132683402e-21
1.768193040134233524e+04 2.653941433346180949e-21 2.597699278192585467e-21
1.769264014095356833e+04 -1.022165244553729306e-21 2.946864955200752390e-21
1.770334989679445061e+04 3.407981715850213534e-21 3.211184431645608223e-21
1.771405966879581320e+04 3.124209706083093902e-21 3.142221237976307950e-21
1.772476945689743297e+04 -3.181945517273705522e-21 2.871571927813359524e-21
1.773547926103386271e+04 2.764359169694572683e-21 2.878968847083660508e-21
1.774618908132127399e+04 2.548301514071893056e-21 2.619161849987378042e-21
1.775689893676427528e+04 2.863351199681093982e-22 2.975794335770888042e-21
1.776760889844714984e+04 6.189250771396421596e-22 2.982870604118604586e-21
1.777852351787547377e+04 4.927565939562655148e-21 2.796996677291694727e-21
1.778923352092190908e+04 4.227245766447395429e-21 2.665748157302891787e-21
1.779994353961825254e+04 5.122743015134349991e-21 2.937301656431191329e-21
1.781065357389876226e+04 1.063562677195673473e-21 3.006686164811404160e-21
1.782136362369940616e+04 -1.210497537780696733e-21 2.685241508515859100e-21
1.783207368895613399e+04 1.135707778504226687e-20 2.833079788389556680e-21
1.784278376960779133e+04 5.902484175129496487e-21 2.763362994854242084e-21
1.785349386559032064e+04 5.812305613195271339e-21 2.738563307670193322e-21
1.786420397683936244e+04 1.968061043922257030e-21 2.818931824391396200e-21
1.787491410329153223e+04 -1.019977821854484202e-21 2.698790680867212970e-21
1.788562424488486067e+04 -7.342763851203137165e-22 2.691812878970632758e-21
1.789633440155670905e+04 -4.018888295662617146e-21 2.623301325275550753e-21
1.790704457324090981e+04 8.578983407862725047e-22 2.661077889219400789e-21
1.791775475987882965e+04 -1.347657776529487155e-21 2.685826645739348150e-21
1.792846496140111776e+04 5.369188266867167438e-21 2.663685116700101002e-21
1.793917517775074521e+04 -4.156168258503373278e-21 2.549937885001950534e-21
1.794988540886350893e+04 6.176040441542902371e-21 2.586844074824821926e-21
1.796059565467307038e+04 8.621145551719280494e-21 2.662188355621507658e-21
1.797130591512302635e+04 6.634163552486041136e-21 2.525597549535279984e-21
1.798201619014344760e+04 -1.205486341520428093e-21 2.605750436949771075e-21
1.799272647967564626e+04 8.044017672800656630e-22 2.664240205273151860e-21
1.800343678365529559e+04 5.874116626413953816e-22 2.754117497162762104e-21
1.801414710202101196e+04 7.338748693693686208e-21 2.847372118315847259e-21
1.802485743470921079e+04 7.792398018842384603e-21 2.902045731242712611e-21
1.803556778165933792e+04 5.184806188717657368e-21 2.660372089839041284e-21
1.804627814280549501e+04 -1.869655938401929217e-21 2.489228868508210850e-21
1.805698851808739710e+04 -5.963425933509095502e-21 2.828768069426663739e-21
1.806769890744154327e+04 5.490329725474739231e-22 2.971070023485462687e-21
1.807840931080689188e+04 5.664305357582933555e-21 2.705056345777084568e-21
1.808911972811945452e+04 3.721020458282074648e-22 2.534747064973921795e-21
1.809983015932018679e+04 -1.181842707981649077e-20 2.472216204709335632e-21
1.811054060434064013e+04 -3.096064883811687271e-21 2.448670749181131610e-21
1.812125106312479329e+04 5.846739883252145213e-21 2.858565122384304253e-21
1.813196153560859966e+04 6.430837152089423036e-21 2.573306824864455723e-21
1.814267202172751786e+04 6.694869483544584596e-21 2.767199373090625276e-21
1.815338252142221609e+04 1.093197818174718725e-21 2.787056713733687535e-21
1.816409303463159449e+04 4.739310669600533676e-21 2.735190868689648890e-21
1.817480356129033680e+04 1.109126262690498549e-21 2.728912520144693648e-21
1.818551410133839090e+04 1.027229484203930924e-20 2.740411822087039148e-21
1.819622465471325995e+04 -4.603547233529334412e-22 2.487703276125317923e-21
1.820693522135396051e+04 1.234617551338762382e-20 2.753774034712700322e-21
1.821764580119758466e+04 3.992772379846307392e-21 2.737743160198603429e-21
1.822835639418505161e+04 -3.488285653795899285e-22 2.587690467661655875e-21
1.823906700024914244e+04 -3.927997782968084562e-22 2.805996198160221223e-21
1.824977761933395595e+04 5.784780932304986268e-21 2.683794450368494260e-21
1.826048825137578024e+04 9.147743825157855384e-21 2.761705720757251538e-21
1.827119889631256228e+04 -2.019653953070426458e-21 2.540299792464823817e-21
1.828190955408227455e+04 -6.570703163510433581e-22 2.631124467998814335e-21
1.829262022462494133e+04 8.165013864982349409e-21 2.733226468300647445e-21
1.830333090787817491e+04 7.287583872392512876e-21 2.826114468493752567e-21
1.831424703970493283e+04 2.037842092142694373e-21 2.680630269317704035e-21
1.832495776461527566e+04 8.030174465454948983e-22 2.594066585565087321e-21
1.833566850197945678e+04 6.777611661565810632e-21 2.759928613071100510e-21
1.834637925180478123e+04 2.313707992134998911e-21 2.511544796911433259e-21
1.835709001402746071e+04 3.853004436781741239e-22 2.444898775423953995e-21
1.836780078858777415e+04 5.285963404331206115e-21 2.507568742431414478e-21
1.837851157542791771e+04 5.291165209616987070e-21 2.551864477688437164e-21
1.838922237448293527e+04 4.425954210096476555e-21 2.760948828639926020e-21
1.839993318569219264e+04 -8.519244213748979528e-22 2.783247051195532269e-21
1.841064400899593602e+04 -1.104465829488610785e-21 2.311329115619921614e-21
1.842135484433219972e+04 1.545204768150507168e-21 2.481549821978190171e-21
1.843206569163995664e+04 5.830312999419596021e-21 2.536321483302761396e-21
1.844277655086027153e+04 -2.009353740593011081e-22 2.583991918860714130e-21
1.845348742193047656e+04 9.727950408041074860e-22 2.342997538559326342e-21
1.846419830479112352e+04 6.825287008973183633e-21 2.390927283179292898e-21
1.847490919938022125e+04 7.072116684617027916e-21 2.523964485064982560e-21
1.848562010563833610e+04 5.144485931279074953e-22 2.104625280377764848e-21
1.849633102350266199e+04 -1.771315428544293038e-21 2.417910339132763146e-21
1.850704195291582437e+04 -1.697734540180863187e-21 2.501833500243424135e-21
1.851775289381587936e+04 4.169530151749937076e-22 2.573002803658334219e-21
1.852846384614266208e+04 -3.370609981455086811e-21 2.296074643848671775e-21
1.853917480983378482e+04 2.876948610968296202e-21 2.812368598649526447e-21
1.854988578483086167e+04 -4.539973357787387407e-22 2.699202380159191357e-21
1.856059677107373500e+04 3.766288855318664948e-21 2.674521888212641291e-21
1.857130776850085022e+04 -9.549314733502943030e-22 2.428132948938957163e-21
1.858201877705206061e+04 7.268717904836035251e-21 2.473429171787111422e-21
1.859272979666830724e+04 7.778459176465066797e-21 2.442205885840162308e-21
1.860344082729030561e+04 4.366187135554579117e-21 2.460880318200852350e-21
1.861415186885395087e+04 4.560294248718192742e-21 2.532722635987825250e-21
1.862486292130213769e+04 5.448012065274923625e-21 2.351653342991388745e-21
1.863557398457556337e+04 -9.216399999864486265e-22 2.486761577650893792e-21
1.864628505861249869e+04 3.356881489777278153e-21 2.487942095793400182e-21
1.865699614335372462e+04 7.245954117082927974e-21 2.179383476909028549e-21
1.866770723873969109e+04 5.309977815595486407e-21 2.392397048587441225e-21
1.867841834471010952e+04 -3.056872311582606189e-21 2.345133740000237735e-21
1.868912946120525521e+04 -4.245271394687459993e-21 2.295492429007257371e-21
1.869984058816372271e+04 2.087851767472895805e-21 2.185969165950696520e-21
1.871055172552852309e+04 6.606473383733015025e-21 2.326137947428451808e-21
1.872126287330970445e+04 1.998549854089655249e-21 2.441626584224945201e-21
1.873197403860005943e+04 -2.119579448944294501e-21 2.474663769361638465e-21
1.874289128552994953e+04 2.311203448856060038e-21 2.299468987762717330e-21
1.875360248006679103e+04 5.544861577816282853e-21 2.235307899699168876e-21
1.876431368470700181e+04 5.844116987407716171e-21 2.488873480258034815e-21
1.877502489938755389e+04 1.124834691152133458e-20 2.661070664769154141e-21
1.878573612405368112e+04 3.503031120864951592e-21 2.478773832171691188e-21
1.879644735864279937e+04 2.784317770399251399e-21 2.480847924111215086e-21
1.880715860309659183e+04 8.320564993418671774e-23 2.440421621649818121e-21
1.881786985735752387e+04 5.133006837954350681e-21 2.406867767037508329e-21
1.882858112136343698e+04 3.755044931979909609e-21 2.368342131803859705e-21
1.883929239505695296e+04 -5.132327422274025301e-22 2.198344164962473778e-21
1.885000367837831072e+04 -8.500734986948710915e-21 2.403339845904472097e-21
1.886071497126981558e+04 -4.745418707231014220e-22 2.427397951256349606e-21
1.887142627367032401e+04 -2.502014062184774365e-21 2.355155909291854964e-21
1.888213758552137369e+04 8.391456291783899071e-23 2.510182669941113660e-21
1.889284890676490249e+04 6.572093148096697865e-21 2.703134366483072702e-21
1.890356023734266637e+04 2.886368302232427556e-21 2.294095810058910010e-21
1.891427157719363458e+04 1.554449914330442302e-21 2.623561755126000213e-21
1.892498292626043258e+04 -2.434051428480420997e-21 2.349895940755915900e-21
1.893569428448447434e+04 7.446108823602082646e-21 2.598213892845153080e-21
1.894640565180569683e+04 3.947301029452386584e-21 2.329719296460099642e-21
1.895711702816660909e+04 2.060039780055109039e-21 2.252454597251782704e-21
1.896782841350800663e+04 9.193040420217653221e-21 2.353491539161796042e-21
1.897853980777212200e+04 1.497052266379917701e-21 2.289746225664077924e-21
1.898925121089936874e+04 3.362059713018804547e-21 2.399183280020104799e-21
1.899996262283164106e+04 3.504191613001642642e-21 2.441004359096811253e-21
1.901067404351183359e+04 3.061735216381674936e-21 2.398219198186150288e-21
1.902138547287862821e+04 5.561743928393048109e-21 2.366322295481050314e-21
1.903209691087556348e+04 4.182369214376228976e-21 2.373856140296889124e-21
1.904280835744427532e+04 1.337823062356563550e-21 2.195168620627308038e-21
1.905351981252593032e+04 7.423800570254770398e-21 2.309621407052967988e-21
1.906423127606342678e+04 7.127252680904136570e-21 2.346682306085837674e-21
1.907494274799689083e+04 -1.033802897742740850e-21 2.248925274459239669e-21
1.908565422827037764e+04 -4.345578054026505106e-22 2.325096052703266833e-21
1.909636571682263821e+04 6.030718206071072521e-21 2.319815666304489292e-21
1.910707721359852076e+04 4.104646695376878446e-22 2.274558233083979050e-21
1.911778871853855162e+04 3.238947860128805753e-21 2.271263247802073207e-21
1.912850023158476688e+04 2.498114473686882285e-21 2.194972680950717640e-21
1.913921175268146908e+04 -1.207784217643848410e-21 2.036716766119510733e-21
1.914992328176620504e+04 2.939057753276614835e-21 2.235575348404448421e-21
1.916063481878504172e+04 2.228246654343601778e-21 2.121773641639564769e-21
1.917134636368003339e+04 5.032872138756856962e-21 2.216016092939767112e-21
1.918205791639138261e+04 3.759256932530711229e-21 2.122766057806043821e-21
1.919276947686175845e+04 -1.766858750061025853e-21 2.271860283038844892e-21
1.920348104503481591e+04 -9.574869266825862053e-22 2.295419781075844012e-21
1.921419262085221635e+04 4.851382285158608203e-21 2.299567610891929703e-21
1.922490420425574121e+04 6.325928173625307648e-21 2.363184997225900727e-21
1.923561579518982762e+04 5.902624239789489645e-21 2.247740546941413739e-21
1.924632739359443440e+04 5.415879569897535832e-22 2.129972626558062883e-21
1.925703899941453346e+04 1.588958315756146971e-21 2.102481350336115600e-21
1.926775061259042923e+04 2.922759403139146758e-21 2.216831311556444021e-21
1.927846223306619504e+04 3.381157599551712896e-21 2.243328860671088686e-21
1.928917386078462005e+04 -1.675646976336457118e-21 2.346219396245393669e-21
1.929988549568686722e+04 4.457678322215722314e-21 2.261407246180693446e-21
1.931059713772052783e+04 -3.391863782281647084e-21 2.319764613607047099e-21
1.932151569213438415e+04 3.685655552698083563e-21 2.125033759413338847e-21
1.933222736418816567e+04 -2.010788969903815350e-21 2.275876401454053402e-21
1.934293904312531231e+04 -2.368645905523285515e-21 2.193748598885917539e-21
1.935365072895686899e+04 -2.003566284345601313e-21 2.212569096850111027e-21
1.936436242162502822e+04 2.458218224409781556e-21 2.286536454547495250e-21
1.937507412107427808e+04 6.473062972457177391e-21 2.166747800412100679e-21
1.938578582724750959e+04 2.041842297612277246e-21 2.138202662875834022e-21
1.939649754008611126e+04 1.593888529860050904e-21 2.215646217936968454e-21
1.940720925953498954e+04 -1.555099468605225006e-22 2.287349322978639349e-21
1.941792098553686446e+04 7.055957222695334842e-22 2.290320635149529392e-21
1.942863271803423049e+04 4.025242383288597048e-21 2.169456998976280789e-21
1.943934445697114643e+04 5.801799023451680203e-21 2.275177619923385282e-21
1.945005620229263513e+04 1.412287470093865761e-21 2.271125546131093943e-21
1.946076795393850989e+04 4.383215469795254804e-21 2.035464809500738707e-21
1.947147971185405186e+04 -7.200853943948655844e-22 2.131617699817570373e-21
1.948219147598317431e+04 -5.838954548674156597e-23 2.087372955736559201e-21
1.949290324626900110e+04 -8.024418855569782270e-22 2.014446044015102033e-21
1.950361502265544186e+04 2.031654448886037173e-21 2.105415850852672328e-21
1.951432680508456906e+04 2.820749122656444458e-21 2.162332150860959464e-21
1.952503859350155108e+04 1.676347756405145934e-21 1.997550400598282978e-21
1.953575038784913704e+04 3.899135364580748062e-21 2.329020518330445882e-21
1.954646218807196783e+04 4.457079357239159461e-21 2.168702882301236579e-21
1.955717399411289807e+04 2.235213217141605493e-23 2.290334452813808013e-21
1.956788580591667051e+04 -5.217591099197513462e-21 2.205407280380804287e-21
1.957859762342674367e+04 1.241672682882066370e-21 2.245966132426747853e-21
1.958930944658684530e+04 -4.698376533111145039e-22 2.199856787392296451e-21
1.960002127534107785e+04 5.166080449521687553e-21 2.269857275264896896e-21
1.961073310963274707e+04 3.199153851315600573e-21 2.087089928610931405e-21
1.962144494940707955e+04 1.331820476019485068e-21 2.265901878327912925e-21
1.963215679460747560e+04 -2.195523544447776035e-21 2.111712393981844268e-21
1.964286864517816866e+04 1.511549183635560432e-21 2.145780665594718155e-21
1.965358050106270093e+04 4.161375198018933203e-21 2.185380321569102445e-21
1.966429236220637176e+04 5.146581421794220149e-21 1.926540519467083047e-21
1.967500422855231227e+04 6.431054147438836872e-21 2.032971301403186333e-21
1.968571610004593458e+04 -5.973722265594357703e-22 2.040380245303350430e-21
1.969642797663140300e+04 -2.760373059546088909e-21 2.100037708435087593e-21
1.970713985825172495e+04 1.218776009720615961e-21 1.980915275803200080e-21
1.971785174485227617e+04 -2.220785392203857996e-21 2.084474231670358845e-21
1.972856363637838513e+04 -4.690867422300727990e-22 2.010849492412565999e-21
1.973927553277323022e+04 -3.735143677422023782e-21 1.979890547591923448e-21
1.974998743405249115e+04 -3.319882085403352383e-21 1.956030637485836660e-21
1.976069934704949264e+04 2.868542559263709619e-21 1.982849375409091539e-21
1.977161881837993860e+04 4.151106315335668779e-21 1.857543731279941889e-21
1.978233074936251433e+04 -5.078359791417539164e-21 1.777282903276988940e-21
1.979304268493315976e+04 -5.259639941738491126e-22 1.900636403028595797e-21
1.980375462503580275e+04 3.356178279502627686e-21 1.960482055783730703e-21
1.981446656961556437e+04 5.947892555950711618e-22 2.067479298704705419e-21
1.982517851861701274e+04 2.248725064839858043e-21 2.081795995806152336e-21
1.983589047198481785e+04 1.663057142218651174e-21 2.018594316581580333e-21
1.984660242966457736e+04 2.440587327228051097e-21 2.002292386664275321e-21
1.985731439160095761e+04 9.900530734732305105e-22 1.866053079495819164e-21
1.986802635773845032e+04 4.642501116257875824e-21 1.902114670497679748e-21
1.987873832802259494e+04 -7.815404352391646191e-22 1.812031367187774147e-21
1.988945030239883999e+04 3.090506517214428951e-21 2.081741472735311352e-21
1.990016228081189547e+04 4.077756465802808512e-21 1.994959120325263628e-21
1.991087426320700251e+04 2.812553902001718899e-21 1.990840557004091797e-21
1.992158624952927130e+04 4.663315556157147141e-21 1.901932589577505792e-21
1.993229823972372105e+04 5.558740410885478994e-21 1.990678273784129881e-21
1.994301023373658973e+04 -1.378558886213909449e-21 1.994838619692267694e-21
1.995372223151194703e+04 6.957281399181078335e-21 1.998700761259111570e-21
1.996443423299568894e+04 3.712496583137759225e-21 1.954499521393893981e-21
1.997514623813422077e+04 9.215655509497586764e-22 2.041963268114411493e-21
1.998585824687092827e+04 2.890947955801487285e-21 1.932364377678897387e-21
1.999657025915340637e+04 9.708593175872673456e-22 1.917242004496787866e-21
2.000728227492614315e+04 5.038318413116244144e-21 2.050767615187376073e-21
2.001799429413480902e+04 4.472469840254914607e-21 2.074747026684573873e-21
2.002870631672525633e+04 4.265529613383677343e-22 2.058347108286845616e-21
2.003941834264296995e+04 1.409376836030889118e-21 1.939297920417383535e-21
2.005013037183415508e+04 2.835127680702840811e-21 2.044585563272773861e-21
2.006084240424407835e+04 1.306478260620644862e-21 1.966210931594776433e-21
2.007155443981839926e+04 5.946354203831845416e-21 1.994820708719504183e-21
2.008226647850313020e+04 -1.161800955113821483e-22 1.983281813462731143e-21
2.009297852024427993e+04 -1.565058384888649469e-21 2.015004825616440789e-21
2.010369056498737700e+04 -8.690071696630344284e-21 1.779296034236263057e-21
2.011440264942705471e+04 1.941986868749738965e-22 1.964708823057557826e-21
2.012511474136837205e+04 2.893367032506888925e-21 2.241189391382124308e-21
2.013582683614954294e+04 1.164270449416783946e-22 2.084495237547503354e-21
2.014653893371768208e+04 -7.134155047418252324e-22 1.932498200015238536e-21
2.015725103401863453e+04 2.105262499340726756e-21 1.949919667888017286e-21
2.016796313699781604e+04 5.517080071653760407e-21 1.827763082561960896e-21
2.017867524260194114e+04 2.089774987411579036e-21 1.900872481483231563e-21
2.018938735077708043e+04 7.708037557201770320e-21 1.891799668397581343e-21
2.020009946146995935e+04 -1.330710185804526110e-21 1.721836987842905624e-21
2.021081157462671763e+04 4.231396508400242760e-22 1.829103908282564278e-21
2.022152369019370963e+04 3.041716462956888722e-21 1.944297881803548857e-21
2.023223580811759894e+04 3.164404283299846051e-21 1.925709947527032558e-21
2.024294792834392138e+04 3.400901262088886126e-21 1.937886231823542309e-21
2.025366005082079937e+04 1.291532637401053822e-21 1.809700754700330136e-21
2.026437217549316847e+04 -2.872457243114838787e-21 1.835724146271083825e-21
2.027508430230876183e+04 -2.391364929838000865e-24 1.756770538225378649e-21
2.028579643121372646e+04 2.707500527094206935e-21 1.813030384999210894e-21
2.029650856215457316e+04 4.066312603359881420e-22 1.845750685309636057e-21
2.030722069507819106e+04 4.687642139654561126e-21 2.034174681106925907e-21
2.031793282993134198e+04 6.053554135164426981e-21 1.934039450180197067e-21
2.032864496666082778e+04 7.537858975538480584e-22 2.085730332382171319e-21
2.033935710521348301e+04 -2.238559338284194611e-21 1.924076202525771019e-21
2.035006924553602221e+04 2.269137766892564017e-21 1.771477468196719493e-21
2.036078138757582929e+04 3.917620841127368234e-21 1.900662802544846038e-21
2.037149353127925497e+04 2.599852888595422789e-21 1.883556611491216763e-21
2.038220567659402150e+04 1.636197122837661802e-21 1.885170927202948668e-21
2.039312623974597955e+04 4.068266356469756087e-21 1.964574664398577584e-21
2.040383841036737795e+04 6.014557197933872576e-21 1.914192874156398677e-21
2.041455057564306117e+04 4.954379262260051239e-21 1.813343434929643846e-21
2.042526274224643203e+04 2.647099816067451496e-21 1.821190887134599783e-21
2.043597491019158770e+04 -2.449939881946103459e-21 1.693868920769760907e-21
2.044668707942586843e+04 -3.937826100525126364e-22 1.682437091673146465e-21
2.045739924989650535e+04 4.264283523602149175e-22 1.958728566142925960e-21
2.046811142155088601e+04 5.260156490721500096e-21 1.892463190261278016e-21
2.047882359433629972e+04 3.165930459649879274e-21 1.736549628461538032e-21
2.048953576820024318e+04 3.962513884257822117e-21 1.932645874467387422e-21
2.050024794309018034e+04 9.966331805843009627e-22 2.025246907059378144e-21
2.051096011895348420e+04 1.765467087718118185e-21 1.917568659719830022e-21
2.052167229573773147e+04 1.663385760069699227e-21 1.742881933213656703e-21
2.053238447339052436e+04 4.579857012991654253e-21 1.883758875214643864e-21
2.054309665185953781e+04 2.157265644933407721e-22 1.814965422934522855e-21
2.055380883109218121e+04 5.978625791285618174e-21 2.019681902476708758e-21
2.056452101103649329e+04 6.479858493573290423e-21 1.963469897329057768e-21
2.057523319163988344e+04 3.143616119804015495e-21 1.920004050192614507e-21
2.058594537285043407e+04 5.140127526593194658e-21 1.916922067552965165e-21
2.059665755461560548e+04 1.303859685183054196e-22 1.973840747087257267e-21
2.060736973688370199e+04 7.554239487308027634e-21 1.814065407419049105e-21
2.061808191960218755e+04 3.911652509531271839e-21 1.842324893209327079e-21
2.062879410271932647e+04 7.888760024055086983e-21 1.873717973357521349e-21
2.063950628618288829e+04 -4.378608537948433040e-23 1.909309066229376254e-21
2.065021846994096995e+04 2.473082562620187849e-21 2.004578195177720626e-21
2.066093065394158839e+04 4.309353591155900207e-21 1.885122312519144674e-21
2.067164283813286602e+04 2.189730797680457399e-21 1.743380660761051641e-21
2.068235502246299438e+04 2.434762805944919763e-22 2.004701814379260591e-21
2.069306720688004134e+04 1.444361955954112014e-21 1.831775266845624943e-21
2.070377939133234759e+04 4.975218619218896607e-23 1.591299858539127430e-21
2.071449157576807920e+04 1.542563785396958706e-21 1.742960509296177689e-21
2.072520376013561690e+04 4.786461234710191010e-21 1.821456264486550380e-21
2.073591594438318498e+04 3.024241651407270691e-22 1.958292874772743437e-21
2.074662812845932785e+04 3.146874939312944511e-21 1.919057986575673141e-21
2.075734031231228073e+04 1.654368978108648379e-23 1.833626892213767020e-21
2.076805249589071536e+04 4.848642176412031778e-22 1.621040268360581935e-21
2.077876467914287423e+04 3.641326011824708383e-21 1.759016240768760089e-21
2.078947686201760007e+04 2.541004141948985596e-21 1.830406111745580328e-21
2.080018904446308807e+04 3.653710304479468014e-21 1.668675957904799849e-21
2.081090122642837741e+04 2.567223468072849723e-22 1.715098785650678941e-21
2.082161340786179062e+04 -2.985568573303360826e-21 1.765554003791033334e-21
2.083232558871237416e+04 2.298705967144302960e-21 1.746531655900143061e-21
2.084303776892847236e+04 4.080985816667193693e-21 1.772365643015761246e-21
2.085374994845918263e+04 5.155370588270307077e-21 1.698638984916987697e-21
2.086446212732175627e+04 2.559043465067752854e-21 1.812083086272124236e-21
2.087517431209458300e+04 -2.312493257841868457e-21 1.767713025545500934e-21
2.088609560849153422e+04 3.641786967842068812e-21 1.770261534681083528e-21
2.089680779993937540e+04 8.120755317447050535e-22 1.675099353789504846e-21
2.090751999044194963e+04 2.730352491920033997e-21 1.767229890486411782e-21
2.091823217994756124e+04 2.951647715883453731e-21 1.771561157776517886e-21
2.092894436840602793e+04 5.851372200514577698e-21 1.850641077009466268e-21
2.093965655576567224e+04 7.608001783158536801e-21 1.783605239587585527e-21
2.095036874197650104e+04 -7.273142555122021194e-22 1.854505173441707382e-21
2.096108092698681867e+04 -2.212926286704765823e-21 1.796377043030583437e-21
2.097179311074652651e+04 -2.509395894840834533e-21 1.823872358920504180e-21
2.098250529320429996e+04 -5.773466696236945678e-21 1.726400976720084029e-21
2.099321747431026961e+04 6.260229315224581087e-22 1.728376595511857449e-21
2.100392965401293986e+04 1.366900080212208952e-21 1.775605271436863800e-21
2.101464183226215027e+04 6.998212149764697404e-22 1.750724268180975027e-21
2.102535400900708555e+04 -1.683913143105659684e-21 1.731661335175071701e-21
2.103606618419750157e+04 2.190586512997780622e-21 1.810153697192974882e-21
2.104677835778240114e+04 5.033020665755414060e-21 1.784738913193343929e-21
2.105749052971167475e+04 -3.957011307720557763e-21 1.662829337643176940e-21
2.106820269993495822e+04 -9.475007112071822578e-22 1.713318302351108148e-21
2.107891486840136713e+04 8.477044395231480435e-22 1.761073450149679172e-21
2.108962703506151593e+04 5.986173144539921220e-21 1.595135398391324249e-21
2.110033919986384353e+04 9.505896979261319707e-22 1.842004347057387284e-21
2.111105136275915720e+04 4.207041752325864270e-21 1.802091263294153659e-21
2.112176352369624146e+04 2.714655283761601017e-21 1.875210804732974176e-21
2.113247568262635832e+04 4.938070907351043839e-21 1.604055388131511980e-21
2.114318783949784483e+04 3.901244142199361780e-21 1.589957495613938769e-21
2.115389999426158829e+04 4.533196911342918857e-21 1.589070901002559968e-21
2.116461214686704261e+04 -1.288470368236270694e-22 1.591018712413482842e-21
2.117532429726429837e+04 -2.355631810181207251e-21 1.626317784919515336e-21
2.118603644540318419e+04 -3.118682069666428400e-22 1.715215432071996559e-21
2.119674859123376154e+04 6.957826621144464719e-21 1.655807459763219133e-21
2.120746073470666306e+04 3.614459707764557880e-21 1.584213469293626487e-21
2.121817287577085881e+04 1.970226000433071934e-21 1.700378783975147320e-21
2.122888501437759987e+04 1.327664722561148274e-21 1.822117929925443087e-21
2.123959715047675490e+04 3.836022603057658269e-21 1.669133086843210969e-21
2.125030928401874189e+04 3.057594292813596441e-21 1.659650941033912796e-21
2.126102141495345495e+04 -2.308428843600112454e-21 1.537896551128253461e-21
2.127173354323174499e+04 3.049161290611176079e-21 1.527073495440655592e-21
2.128244566880308412e+04 -1.197390177520310723e-21 1.480345387697399992e-21
2.129315779161884711e+04 2.725284324087715724e-21 1.664764787321282263e-21
2.130386991162867344e+04 1.700616001174736022e-21 1.562953904443537109e-21
2.131458202878363591e+04 3.895933661818129875e-21 1.705599039680825592e-21
2.132529414303407975e+04 8.723521761999625430e-21 1.672786494886361898e-21
2.133600625432944071e+04 8.918870422577066651e-22 1.603194333399460617e-21
2.134671836262241050e+04 4.808609302822602853e-21 1.574848975234502221e-21
2.135743046786163177e+04 8.622017184188552229e-23 1.549705468956979295e-21
2.136814256999966528e+04 2.755508199936732732e-21 1.622290065917865563e-21
2.137885466898575032e+04 1.944359504697425788e-21 1.722773788021295029e-21
2.138956676477117799e+04 5.872820450444335556e-21 1.808798691044027550e-21
2.140027885730664639e+04 1.696335520331391549e-21 1.799606438159773968e-21
2.141099094654321379e+04 4.887281714393774115e-21 1.609431805739714487e-21
2.142170303243136368e+04 1.003797771095165616e-21 1.612808364717419012e-21
2.143241511492185236e+04 -7.093574557106378492e-22 1.603432029947684407e-21
2.144312719396593093e+04 3.204483359761150040e-21 1.753065978310184241e-21
2.145383926951405374e+04 -1.471301662946089599e-21 1.644250689151614870e-21
2.146455134151827588e+04 2.187418901194728493e-22 1.716856157211099327e-21
2.147526340992909172e+04 -2.485247695515653156e-21 1.738692881169351507e-21
2.148597547469801430e+04 -2.586006525800010276e-21 1.748666550999245143e-21
2.149668753577486859e+04 1.411692802828492121e-21 1.636497341310414743e-21
2.150739959311208077e+04 -1.187963487301030778e-21 1.662693218786338608e-21
2.151811164666052719e+04 2.072756923501346878e-21 1.621543648584448187e-21
2.152882369637122247e+04 -2.177097880391323079e-22 1.739470591681600433e-21
2.153953574219586153e+04 5.439952269767333719e-21 1.724903326091559259e-21
2.155024778408550628e+04 -4.124261355521872339e-22 1.655645963908062441e-21
2.156095982199196806e+04 -8.375525370955220096e-22 1.509363733011997839e-21
2.157188189691661319e+04 8.190149911898831233e-22 1.494961515023684088e-21
2.158259394165141930e+04 -1.276419871219326473e-21 1.666396798550533990e-21
2.159330598218734667e+04 5.997738472229333292e-21 1.664116439026692778e-21
2.160401801854065343e+04 5.808407894112553992e-21 1.674797482856908887e-21
2.161473005066364203e+04 -9.445409814167657454e-22 1.680640824743811418e-21
2.162544207850786916e+04 2.692880508544072490e-21 1.715795028845059983e-21
2.163615410202467683e+04 4.742777032392073585e-21 1.698848188462291671e-21
2.164686612116520701e+04 7.802840030702862985e-21 1.761000329018075932e-21
2.165757813588204954e+04 1.288454802622173839e-21 1.615705995679664961e-21
2.166829014612604442e+04 7.904147016778586239e-21 1.653447581191722492e-21
2.167900215184949775e+04 6.428994747301405562e-21 1.787664951713385636e-21
2.168971415300406443e+04 2.587943049377119403e-21 1.689544044921159715e-21
2.170042614954217061e+04 1.041510951830191119e-21 1.606472133670972881e-21
2.171113814141518378e+04 -1.326574955837930016e-21 1.797994458351468598e-21
2.172185012857413312e+04 -2.299373995833671373e-21 1.616715980937276088e-21
2.173256211097241248e+04 6.750090406836605669e-22 1.678349368192441238e-21
2.174327408856146576e+04 8.422491375987796363e-23 1.763594854194119577e-21
2.175398606129392283e+04 7.537289539685090519e-21 1.775626657339536738e-21
2.176469802912125670e+04 8.050953829426510497e-21 1.726280389598708851e-21
2.177540999199527141e+04 7.537229187768496535e-21 1.845656903722276102e-21
2.178612194986891700e+04 4.023485800574528323e-21 1.662310846364847350e-21
2.179683390269351730e+04 -2.187124842796983820e-21 1.630911764623489944e-21
2.180754585042124745e+04 5.198444474655456995e-21 1.754876053531936732e-21
2.181825779300579234e+04 7.272419792758269638e-21 1.740023773618600488e-21
2.182896973039812656e+04 1.896649777970023483e-21 1.653554402027490140e-21
2.183968166255192045e+04 1.807754039914915921e-21 1.742140268841291181e-21
2.185039358941723185e+04 1.589934760290775940e-21 1.695322085286012792e-21
2.186110551094780749e+04 -3.166510293934098799e-21 1.546062953427840381e-21
2.187181742709773607e+04 3.152661348714886994e-21 1.719997915095443679e-21
2.188252933781638058e+04 7.610953398315961491e-21 1.659463857427174845e-21
2.189324124305881196e+04 6.360068887846972390e-21 1.617230015971322693e-21
2.190395314277561920e+04 -7.638464165459232960e-22 1.564088854131312200e-21
2.191466503692191327e+04 2.268921318110522975e-21 1.607036384144233385e-21
2.192537692544782476e+04 -3.547095444969220918e-22 1.626888927683431056e-21
2.193608880830696580e+04 -1.047230486356025340e-21 1.606287415236769078e-21
2.194680068545270842e+04 2.145687196645712056e-21 1.523366056275478762e-21
2.195751255683605268e+04 4.809899804178861954e-21 1.571647613246374518e-21
2.196822442241205863e+04 2.684694920471683523e-21 1.525155713179432827e-21
2.197893628213130069e+04 1.586499205452273514e-21 1.455148296160231718e-21
2.198964813594881343e+04 5.118643672569871908e-21 1.682834504857633160e-21
2.200035998381595346e+04 3.932813285727373976e-21 1.485023500168762984e-21
2.201107182568610369e+04 3.191603400882369943e-21 1.663680430268476495e-21
2.202178366151290538e+04 1.700445353492046676e-21 1.648743885233759130e-21
2.203249549124869736e+04 -7.816254369910278544e-22 1.664389095691080318e-21
2.204320731484550197e+04 1.406956641553295678e-21 1.663004246734596174e-21
2.205391913225855387e+04 4.166301614880447753e-21 1.655562591350846394e-21
2.206463094343984631e+04 4.390802192315123986e-21 1.663226330897716123e-21
2.207534274834148164e+04 4.781090516938060850e-21 1.589067550922233177e-21
2.208605454698334870e+04 -3.779445859720877271e-22 1.685051542343455193e-21
2.209697710410220679e+04 8.981204507090785072e-22 1.616636456229136699e-21
2.210768890455232031e+04 1.981964982427380132e-21 1.707537208954558199e-21
2.211840069853304522e+04 1.693649359384279470e-21 1.729594198002593272e-21
2.212911248599635292e+04 -9.711764781660556411e-22 1.728135728804227702e-21
2.213982426689733620e+04 -5.654581818705669245e-22 1.481490296317829584e-21
2.215053604118835574e+04 5.424692312745355546e-21 1.577970442223077729e-21
2.216124780882354025e+04 6.979239222177064781e-22 1.562537766139652216e-21
2.217195956975478839e+04 7.403545841584369695e-21 1.616089850374778575e-21
2.218267132393815336e+04 1.604875151951148922e-21 1.561850220115537042e-21
2.219338307132436967e+04 2.773075938507534728e-22 1.735433016623083972e-21
2.220409481186954508e+04 9.302336397189737572e-22 1.656978109811687220e-21
2.221480654552708438e+04 2.393516734878365786e-21 1.673992040784378060e-21
2.222551827224826411e+04 2.732848888441337356e-21 1.654750164700848089e-21
2.223622999199021069e+04 4.268236471175820702e-21 1.541342232059764899e-21
2.224694170470292011e+04 2.105984525821600167e-21 1.554567633133998911e-21
2.225765341034285302e+04 2.451159457391305195e-21 1.489858808516378654e-21
2.226836510886356700e+04 -3.413249190759954264e-21 1.443746196206871338e-21
2.227907680021741544e+04 -9.177549141703753391e-22 1.522499904303490583e-21
2.228978848436022599e+04 -3.649110407163610272e-21 1.523270998712291012e-21
2.230050016124466129e+04 -3.041973914778506369e-21 1.501682826458397239e-21
2.231121183082488278e+04 4.779199666721104773e-21 1.482367680515604156e-21
2.232192349305504831e+04 -1.079419214287224650e-21 1.304188349871334799e-21
2.233263514789003966e+04 -1.848725251892912250e-21 1.463149517485935488e-21
2.234334679528211927e+04 -1.090204001460261018e-21 1.537686454187277138e-21
2.235405843518595066e+04 1.417321088577761771e-21 1.388118951013499871e-21
2.236477006755715774e+04 8.923078385823138370e-22 1.401306088059487574e-21
2.237548169234764646e+04 1.045914243039434186e-21 1.347259304589231727e-21
2.238619330951348456e+04 1.189924366102393877e-21 1.497826362000617557e-21
2.239690491900894995e+04 3.802981626108830455e-21 1.538067623028792596e-21
2.240761652078717816e+04 1.014620061860408574e-21 1.626210287155974685e-21
2.241832811480330929e+04 1.531224345048978378e-21 1.526225409027420424e-21
2.242903970101098093e+04 1.416066470044906932e-21 1.470497846699031041e-21
2.243975127936397257e+04 1.326254533010292952e-21 1.482965556193694443e-21
2.245046284978241238e+04 5.981827758528394667e-22 1.699505220072933671e-21
2.246117403727694182e+04 -2.372553053038223852e-21 1.690900758534382512e-21
2.247188495927141048e+04 9.885547142769968996e-22 1.603446856353094723e-21
2.248259587320974970e+04 9.546342898995974299e-22 1.568027718251220818e-21
2.249330677906796700e+04 4.015627919693220053e-21 1.648735454459381042e-21
2.250401767680212652e+04 -8.177156989608084265e-22 1.490125594916399213e-21
2.251472856636499273e+04 5.575223000719811030e-21 1.609429859421193734e-21
2.252543944771128008e+04 4.749784752872244129e-21 1.579167153728939395e-21
2.253615032079838420e+04 4.439506647529080509e-23 1.447883447467562591e-21
2.254686118557805457e+04 2.938034629569402414e-21 1.560789971175170312e-21
2.255757204200582055e+04 5.113524079702090561e-22 1.564951625636624046e-21
2.256828289003833925e+04 1.050140842536961489e-21 1.548090874508133309e-21
2.257899372962842608e+04 3.366404596100308659e-21 1.434158290126341263e-21
2.258970456073258538e+04 3.303865200792862297e-21 1.511530806678539356e-21
2.260041538330299954e+04 4.739340425663480307e-21 1.555368994775555933e-21
2.261112619729847574e+04 -5.971555471110846808e-22 1.451218859215350059e-21
2.262183700267087988e+04 5.911252896581054759e-21 1.462393776615553950e-21
2.263254779937582862e+04 1.341514660889627779e-21 1.529720400565889696e-21
2.264325858736983719e+04 4.895418511433337683e-23 1.509405017141330817e-21
2.265396936660709252e+04 2.904786774373645172e-21 1.469771855445916929e-21
2.266468013704318582e+04 4.894397216508038703e-22 1.499277844724251216e-21
2.267539089863335903e+04 3.007078227451222970e-21 1.621994134694538094e-21
2.268610165133281043e+04 1.023004698296990897e-21 1.482033808857586083e-21
2.269681239509465013e+04 2.426400317160719578e-21 1.467191620856265526e-21
2.270752312987682308e+04 -8.631735810999040500e-22 1.428862201094823562e-21
2.271823385563405463e+04 6.722939673460654835e-21 1.550153105228050980e-21
2.272894457232109562e+04 4.466939151007248803e-21 1.548087948654824409e-21
2.273965527989321708e+04 4.044753952994764770e-21 1.490051149020886144e-21
2.275036597830788378e+04 2.484791160881169582e-21 1.464294062539297931e-21
2.276107666751828947e+04 3.932106003827782444e-21 1.497153832778607287e-21
2.277178734747996350e+04 3.215833279053044180e-21 1.461343197824485918e-21
2.278249801815156388e+04 2.065817670644879413e-21 1.480253693990165607e-21
2.279320867948486557e+04 3.755486370457730720e-22 1.407082558291340806e-21
2.280391933143575443e+04 1.883183587420439720e-21 1.519812904134465832e-21
2.281462997396208084e+04 5.945084976998759672e-21 1.481279058480543479e-21
2.282534060701946510e+04 1.545812953129732553e-21 1.432965406511507800e-21
2.283605123056064258e+04 2.723309135009830600e-21 1.687345944338227796e-21
2.284676184454367831e+04 1.150487918394010556e-21 1.426795983605039995e-21
2.285747244892646631e+04 4.501944919099805729e-21 1.447571588860221893e-21
2.286839479354393916e+04 -6.420714688648333897e-22 1.419621691290682153e-21
2.287910539300363962e+04 7.316045146483721769e-22 1.516740280805581798e-21
2.288981598266339279e+04 2.664328163673517148e-21 1.431852949602401462e-21
2.290052656253904570e+04 -5.306736721364866841e-23 1.524277741989703546e-21
2.291123713258739735e+04 2.466085077128880873e-21 1.644767872602662562e-21
2.292194769276354054e+04 -1.418406741145080445e-21 1.672640369064517615e-21
2.293265824302632609e+04 2.901762248977170580e-21 1.599293774883110764e-21
2.294336878332900233e+04 -2.461008491435987903e-21 1.590910037102777059e-21
2.295407931362768068e+04 -9.290432417279316803e-22 1.526327985878963478e-21
2.296478983387944027e+04 3.259302649116076671e-21 1.473396813172943445e-21
2.297550034404317557e+04 7.746023950478382077e-22 1.474419778618249770e-21
2.298621084406965747e+04 4.100021302333816104e-21 1.489683573119391168e-21
2.299692133391871175e+04 -3.186176462823293829e-22 1.397466367362175867e-21
2.300763181354482367e+04 4.336204835819954271e-21 1.470755707537341252e-21
2.301834228290800820e+04 -6.010320856317353646e-23 1.481277269334357278e-21
2.302905274195804668e+04 -1.152150533446832617e-22 1.631379358953926445e-21
2.303976319065891221e+04 -4.765589221780089259e-21 1.353947111712227872e-21
2.305047362896033883e+04 4.001282641797773558e-21 1.535702689005332816e-21
2.306118405682254888e+04 1.303093347997135809e-21 1.595702488942505524e-21
2.307189447419919452e+04 -2.596102488966311192e-21 1.722306965481876136e-21
2.308260488105254262e+04 1.231594365736619385e-21 1.693250904876532854e-21
2.309331527733346957e+04 3.961545377252415717e-21 1.559963364218265463e-21
2.310402566299936007e+04 3.560797767349001939e-21 1.481540305128167082e-21
2.311473603800784258e+04 5.131629552601058865e-21 1.539451283007625981e-21
2.312544640231758603e+04 -1.846459205092535582e-21 1.537575445867747938e-21
2.313615675588228623e+04 -4.504038237077165340e-22 1.554765808547514746e-21
2.314686709865775993e+04 -5.943827702514267720e-22 1.505746204730184308e-21
2.315757743060563735e+04 -1.371353807982700047e-21 1.509090101391300238e-21
2.316828775167970525e+04 -2.735279511217341758e-21 1.604268421791676530e-21
2.317899806183485998e+04 -6.736834822217999302e-22 1.456715736912209290e-21
2.318970836102987960e+04 3.378454288306768699e-21 1.466300118687446477e-21
2.320041864922282184e+04 4.251629325116181372e-22 1.437556633231063931e-21
2.321112892637148980e+04 -3.888648887892813876e-21 1.499559974732628975e-21
2.322183919242671254e+04 6.267791605034396963e-22 1.579434257174960968e-21
2.323254944735173194e+04 5.815141525402234034e-22 1.518267886492338500e-21
2.324325969110246297e+04 -2.306445508301561397e-21 1.559977899755683625e-21
2.325396992363299069e+04 -1.679610760083452692e-21 1.572496549790263218e-21
2.326468014490229325e+04 -2.014343120265723196e-21 1.615811265745928591e-21
2.327539035486759167e+04 3.442078587853326006e-22 1.663951658456992310e-21
2.328610055348925744e+04 2.310485666921995670e-21 1.570744440476350339e-21
2.329681074071814510e+04 2.683644402854172065e-21 1.705792755677035067e-21
2.330752091651569208e+04 1.905368532684161151e-21 1.592418788664367520e-21
2.331823108083911575e+04 3.052074736524857870e-21 1.589745255457274254e-21
2.332894123364258121e+04 1.109091146735363958e-22 1.516784799168396454e-21
2.333965137488557593e+04 3.251829930127342951e-23 1.527073509978563168e-21
2.335036150452540824e+04 3.890744311948709771e-21 1.549388846161742254e-21
2.336107162252160197e+04 -3.547226126621434334e-22 1.562238264841930589e-21
2.337178172882846775e+04 4.873244360278472881e-21 1.516414964242884137e-21
2.338249182340444167e+04 1.809718857935084675e-21 1.591776797784242706e-21
2.339320190620607536e+04 -9.727966408343899088e-22 1.478689081996109304e-21
2.340391197719183401e+04 5.599152807060522252e-22 1.651243955368852775e-21
2.341462203632145611e+04 -3.716640684057072341e-21 1.698831825063966874e-21
2.342533208354835733e+04 -3.285906511001784050e-23 1.495827007002085552e-21
2.343604211889520229e+04 9.271127131912403902e-22 1.681320237923459141e-21
2.344696466146180319e+04 -6.870618519106046941e-22 1.433540259503825561e-21
2.345767468687069049e+04 -8.672915199297921194e-22 1.489734305315762363e-21
2.346838470020624663e+04 3.673350998464906688e-22 1.588090354322271796e-21
2.347909470142465580e+04 1.673777385364414336e-21 1.509749123271185090e-21
2.348980469048497980e+04 -1.503917640837489788e-21 1.631415309816496325e-21
2.350051466734673158e+04 -3.623139768826828753e-21 1.435599457675847926e-21
2.351122463196391254e+04 2.855396011867285301e-21 1.434172393470499637e-21
2.352193458429635939e+04 -1.616771455157822208e-21 1.437112376375005316e-21
2.353264452430423989e+04 8.336585496835985800e-24 1.501706311213838172e-21
2.354335445194132626e+04 1.782742819565016657e-21 1.545997081058712656e-21
2.355406436716961980e+04 1.009504025425987787e-21 1.620869185049986514e-21
2.356477426994183770e+04 -1.210020832028416760e-21 1.604638233757894920e-21
2.357548416022186575e+04 2.224847947063239916e-21 1.564280697252162900e-21
2.358619403796617917e+04 9.897380330992236270e-22 1.452104390491407920e-21
2.359690390312880481e+04 -3.344613976337921171e-21 1.367162913232147303e-21
2.360761375567339201e+04 -1.233046942587874575e-21 1.426208116894661936e-21
2.361832359555586663e+04 1.652655206837896681e-21 1.514316000301259894e-21
2.362903342273477392e+04 7.280263795493628155e-21 1.657003228053657653e-21
2.363974323716772415e+04 -1.815469824294028124e-22 1.516053181243461017e-21
2.365045303881122163e+04 -4.207654088466928142e-21 1.608549338993892347e-21
2.366116282762947230e+04 2.137532874466408051e-22 1.555159577622335446e-21
2.367187260357324340e+04 4.960821945907642512e-21 1.687176583150685763e-21
2.368258236660873808e+04 -1.157736927458540443e-21 1.490888535021937056e-21
2.369329211668792414e+04 -1.560294210984307893e-21 1.524684810912290063e-21
2.370400185377175148e+04 3.495340327877306252e-22 1.523629142972862644e-21
2.371471157782152659e+04 -4.738625885334582745e-21 1.448530527168517954e-21
2.372542128879018128e+04 2.541842607807181258e-21 1.644003060506304378e-21
2.373613098664057543e+04 1.818906411833070433e-21 1.474645018065087448e-21
2.374684067132873315e+04 -7.480121216051547792e-23 1.456541098397524927e-21
2.375755034281532426e+04 -7.055333927223669339e-23 1.488159264739727116e-21
2.376826000105711864e+04 -1.292343003155797090e-22 1.528097006147661790e-21
2.377896964601490617e+04 2.728700438499680195e-21 1.595168117528317612e-21
2.378967927764620981e+04 -1.861730621633416355e-22 1.586477226061602843e-21
2.380038889590761391e+04 3.208601335316006403e-21 1.548494043522979063e-21
2.381109850076228395e+04 2.042537604863470347e-22 1.453457307483239765e-21
2.382180809216707712e+04 3.188426617696180359e-21 1.575589711084859920e-21
2.383251767007956732e+04 2.958627804619169057e-22 1.492433098278002016e-21
2.384322723446063901e+04 7.520920619306834492e-23 1.556347148673949212e-21
2.385393678526858639e+04 2.068599191432219015e-21 1.565330022486623425e-21
2.386464632245950270e+04 -1.366622956628213882e-21 1.571482180653561952e-21
2.387535584599859794e+04 4.611902714308844440e-22 1.542156929650860835e-21
2.388606535583767618e+04 -3.088866728142913493e-21 1.345802753627001218e-21
2.389677485194167457e+04 1.258521272985317149e-23 1.375975826472697021e-21
2.390748433426737756e+04 2.268322605121845619e-21 1.489761067286608639e-21
2.391819380277411983e+04 1.108701121367533823e-21 1.548757529490148815e-21
2.392890325741904962e+04 2.442171928115746606e-21 1.414138969737003151e-21
2.393961269816333879e+04 1.631350066955458938e-21 1.452645663088353109e-21
2.395032212496730790e+04 -1.411417580521683707e-21 1.467538171268088207e-21
2.396103153778721389e+04 -9.591220279492500805e-22 1.991746750302814199e-21
2.397174093658552010e+04 2.153979402904705507e-21 2.053065463870757800e-21
2.398245032131851622e+04 1.451080734514126524e-21 1.613777093928910400e-21
2.399315969194685749e+04 2.761311368474055030e-21 1.610497817330936857e-21
2.400386904843291632e+04 1.868800578155773993e-21 1.572945576989609333e-21
2.401457839073027571e+04 2.920342922580367024e-21 1.543387628335151264e-21
2.402528771880002751e+04 -8.688738477394438174e-23 1.484767389329572470e-21
2.403599703260578826e+04 -1.790378610053731535e-21 1.526510669601162587e-21
2.404670633210235974e+04 -1.329251713329271613e-21 1.539770463905788015e-21
2.405741561725397696e+04 4.351994583015163906e-21 1.323682565532960389e-21
2.406812488801472136e+04 -2.410275263913249275e-21 1.432317875926570230e-21
2.407883414434506994e+04 3.751365032040721063e-22 1.488657547193906950e-21
2.408954338620927956e+04 -2.447384958701020436e-21 1.512148797380733135e-21
2.410025261356259944e+04 1.514697821380255302e-21 1.578612335575268162e-21
2.411096182636736194e+04 5.827831225943780071e-22 1.455550775767359679e-21
2.412167102458097725e+04 -2.154363648400709298e-21 1.496860122019032544e-21
2.413238020816405333e+04 1.290535653588326532e-21 1.523400217665374997e-21
2.414308937707798032e+04 -1.138207565809633783e-21 1.370471399649584942e-21
2.415379853128007016e+04 2.884171231288813414e-21 1.397804333123520274e-21
2.416450767073229872e+04 3.476713673952162173e-21 1.327305199119315555e-21
2.417521679539368051e+04 1.312887402312392306e-21 1.369093931680336142e-21
2.418592590522141836e+04 3.501029763232647058e-21 1.443052020740775222e-21
2.419663500018033665e+04 4.520507776199553974e-23 1.419515558190534278e-21
2.420734408022553907e+04 4.666137457413982350e-21 1.469924648906931735e-21
2.421805314532377452e+04 1.696117464491253797e-21 1.603452768518570601e-21
2.422876219542639956e+04 2.758809912840343886e-22 1.489154812626891935e-21
2.423947123050096707e+04 5.987681135929080424e-22 1.392485143633597115e-21
2.425018025050445067e+04 -2.556156530753960810e-21 1.533004482490737564e-21
2.426088925539411503e+04 8.365397003233002258e-22 1.510784135223683768e-21
2.427159824513467174e+04 2.219923609542820171e-21 1.440989124313916525e-21
2.428230721968449507e+04 1.852256219407456651e-21 1.418653763380052339e-21
2.429301617900541169e+04 8.876911751718416496e-22 1.452926901508502770e-21
2.430372512305503915e+04 -2.314100090777408060e-21 1.441523833108372287e-21
2.431443405179599722e+04 1.739512069885754900e-21 1.566007168163675237e-21
2.432535657657799311e+04 1.857469726386250636e-21 1.542653429565335845e-21
2.433606549429035658e+04 2.123395008028608030e-21 1.459416962698828775e-21
2.434677439073531787e+04 -1.416372692495797978e-21 1.468686259902829794e-21
2.435748327164666989e+04 -8.584435434234610269e-22 1.498122053131024728e-21
2.436819213704922367e+04 1.457203790449313298e-21 1.509208769051830970e-21
2.437890098689913430e+04 -2.950818198788157827e-21 1.533595721136195959e-21
2.438960982115830848e+04 -3.067084095048598499e-21 1.576851522501572396e-21
2.440031863978741239e+04 7.730183909974949180e-22 1.520474724315421151e-21
2.441102744274690485e+04 1.067592274848638459e-21 1.532788918908615371e-21
2.442173622999870713e+04 9.008063675029245801e-23 1.456783640175403203e-21
2.443244500149941086e+04 1.087334733844262705e-21 1.498668034707874304e-21
2.444315375721519376e+04 -3.798181708501487654e-21 1.387365738434824802e-21
2.445386249710241827e+04 2.635065360191487596e-21 1.403878203182397588e-21
2.446457122112199431e+04 1.120722277317705790e-21 1.378965835756202101e-21
2.447527992924025602e+04 6.266747611911211536e-22 1.455194214115733556e-21
2.448598862141080826e+04 2.289810403773816070e-21 1.431636397513748849e-21
2.449669729759594702e+04 -2.612565287100454529e-21 1.398824085896854942e-21
2.450740595776078408e+04 -2.934017067611690598e-21 1.483722067148525561e-21
2.451811460186190743e+04 5.473717533759949303e-22 1.447962058686907844e-21
2.452882322986159488e+04 -1.431565274027332219e-22 1.411175525663882012e-21
2.453953184171939574e+04 3.206878053135441233e-21 1.514856298312537419e-21
2.455024043740061097e+04 5.124044523574041653e-22 1.613458561593903809e-21
2.456094901686327648e+04 -3.197413949968582356e-21 1.498017802207487211e-21
2.457165758006551550e+04 3.292912654044505803e-21 1.533443499282846399e-21
2.458236612697138844e+04 3.185848227009908980e-21 1.514520349112948782e-21
2.459307465754617806e+04 -5.172120081119652729e-22 1.513122054458408944e-21
2.460378317174238691e+04 -2.831473743965224107e-22 1.411157168201784743e-21
2.461449166952847372e+04 -5.245125357129846902e-22 1.474671819307381261e-21
2.462520015086107378e+04 5.208396013056901334e-24 1.528322143565633329e-21
2.463590861570291599e+04 3.262960268419330269e-22 1.509025210065150193e-21
2.464661706401386618e+04 1.215645424514642850e-23 1.479543423452246341e-21
2.465732549575797020e+04 -6.030954446742292601e-22 1.496748692896223904e-21
2.466803391089514116e+04 1.173570103012208939e-21 1.475416200681959309e-21
2.467874230938827168e+04 2.451242527864069950e-21 1.487964754230260999e-21
2.468945069119557957e+04 2.399075819703626772e-21 1.367153283434640900e-21
2.470015905627847314e+04 -1.442458125866721210e-21 1.550208507917049051e-21
2.471086740460296278e+04 -4.172591331106936123e-21 1.400355658380201070e-21
2.472157573612440319e+04 -2.176665331166447733e-21 1.396574103390203062e-21
2.473228405080872108e+04 1.525207766301451516e-21 1.526771370231605878e-21
2.474299234861760488e+04 -8.016584064699122344e-22 1.428163161330774797e-21
2.475370062950795545e+04 -1.962095339684030823e-21 1.436238671811041505e-21
2.476440889344726020e+04 5.370840747370748723e-22 1.599040114032065307e-21
2.477511714039128856e+04 1.939397895925345981e-21 1.512061291377344442e-21
2.478582537030608000e+04 -5.859024256704373578e-23 1.486717140969454505e-21
2.479653358363609368e+04 9.044135870279683809e-22 1.441051133359519780e-21
2.480724182832125007e+04 -3.056917714492554860e-22 1.391810949592646440e-21
2.481795020161327557e+04 -1.230688256698931099e-21 1.398695337125627819e-21
2.482865855918897068e+04 -3.354754685230852588e-21 1.394645486527227122e-21
2.483936689954013855e+04 -2.644131908401075615e-21 1.422773881313306373e-21
2.485007522263305145e+04 -1.510732433346112969e-21 1.380004511445796817e-21
2.486078352842485037e+04 5.219544578634285844e-22 1.424184734822499767e-21
2.487149181687910095e+04 3.909216101238567603e-21 1.450450008966015657e-21
2.488220008795605099e+04 7.911032705565700080e-21 1.554950132004472047e-21
2.489290834162060855e+04 1.623657775893497067e-20 1.660427211490663854e-21
2.490361657783187547e+04 1.960878326188366110e-20 1.669199258545912778e-21
2.491432479655633142e+04 2.174150877744377680e-20 1.727417228248285049e-21
2.492503299775124833e+04 5.087487021827886407e-21 1.439057598425196122e-21
2.493574118137883124e+04 -5.539251891094065670e-22 1.380585629376777966e-21
2.494644934740417739e+04 -1.899286666409326000e-21 1.409610929346359243e-21
2.495715749578773830e+04 1.297383692695033628e-21 1.449360105267789291e-21
2.496786562649184270e+04 -4.232075649288693056e-21 1.407688053957519946e-21
2.497857373953752176e+04 -1.616733272272695883e-21 1.462168456454599626e-21
2.498928184051440985e+04 1.896866596163551536e-21 1.375172882897381706e-21
2.500020439669337793e+04 -2.492743824870304740e-21 1.458624276016565279e-21
2.501091246988992498e+04 2.166611443371866982e-21 1.338095906491774222e-21
2.502162052521242367e+04 -1.947995744972972992e-21 1.384798078249611541e-21
2.503232856262366477e+04 -1.723464866311954920e-22 1.392254714834831383e-21
2.504303658209091736e+04 -1.007011761862922345e-21 1.387690679210993490e-21
2.505374458357116964e+04 2.323898871777007216e-21 1.463763425333162731e-21
2.506445256702880943e+04 -6.737695185356029612e-22 1.513070335878538713e-21
2.507516053242638009e+04 1.011378177324184678e-21 1.388502576210074509e-21
2.508586847972421310e+04 -1.227751276947637591e-21 1.370491887143023507e-21
2.509657640888674359e+04 -3.331470181134595480e-21 1.333607468767180215e-21
2.510728431987829026e+04 7.602374952574217885e-22 1.481228408397048214e-21
2.511799221265764209e+04 2.900249137065323332e-21 1.411475158816068453e-21
2.512870008719092220e+04 -3.031943112502567120e-21 1.343835589916128997e-21
2.513940794343757807e+04 -1.654352825751228786e-21 1.382593069582234840e-21
2.515011578136490061e+04 -4.134160252064985283e-21 1.344347376690157587e-21
2.516082360093060925e+04 2.067944925956399755e-21 1.248491861698382617e-21
2.517153140209763296e+04 8.027011377011009957e-22 1.440834043751128443e-21
2.518223918483009038e+04 6.103251410934275870e-22 1.414492557608022572e-21
2.519294694909402097e+04 1.631158387638051808e-21 1.460675513112609289e-21
2.520365469484748246e+04 4.145788882699997227e-21 1.496662762075399369e-21
2.521436242204965311e+04 2.494698746751995210e-21 1.476992649273133557e-21
2.522507013067671505e+04 -3.325713227108535958e-21 1.406654455340222947e-21
2.523577782067839871e+04 -2.241932046549906550e-21 1.486657497914059644e-21
2.524648549202417416e+04 -2.339556432398916651e-21 1.845085531802412181e-21
2.525719314467324148e+04 2.664889525512139407e-21 1.416554574045828820e-21
2.526790077859244411e+04 1.565767766125398809e-21 1.431147650188412179e-21
2.527860839374122588e+04 -2.231031113539089858e-21 1.500372050421424063e-21
2.528931599008552075e+04 -2.017601342586488092e-21 1.464367654346917990e-21
2.530002356758724272e+04 1.895580313320794469e-21 1.351706074618742285e-21
2.531073112620769462e+04 -1.817099012391156524e-21 1.454301538207824263e-21
2.532143866591275582e+04 1.441784039977054367e-21 1.421382558820979405e-21
2.533214618666100068e+04 -4.747710578902953068e-21 1.431905675305779470e-21
2.534285368842418029e+04 7.158462956625898516e-22 1.513089410100462002e-21
2.535356117115633242e+04 -6.064073195872204523e-22 1.472477118365153066e-21
2.536426863482624685e+04 -1.503325801856897368e-21 1.455749853989732839e-21
2.537497607939374575e+04 2.191424192204599082e-21 1.450984945523670215e-21
2.538568350482171445e+04 1.209388895345996651e-21 1.492717244028062162e-21
2.539639091108056891e+04 -3.540260207032922572e-21 1.409801579670813819e-21
2.540709829812510725e+04 -1.237171762350195796e-21 1.422124879309664712e-21
2.541780566592362447e+04 9.947246998284916456e-22 1.439987768899457496e-21
2.542851301443769989e+04 -1.790918333245421733e-21 1.350773280934161984e-21
2.543922034362929116e+04 -8.962327617891247690e-22 1.362078041081409119e-21
2.544992765346340093e+04 4.014943110042497581e-21 1.360865488296112494e-21
2.546063494390494816e+04 8.509736373566007648e-22 1.413376199462225881e-21
2.547134221491612334e+04 1.784556525104435720e-21 1.464263326916063013e-21
2.548204946645858581e+04 2.587081587931165712e-21 1.401670070179487277e-21
2.549275669849711267e+04 2.034359550123727192e-21 1.327015385543933575e-21
2.550346391099765242e+04 4.546037527866753413e-23 1.279996446686820437e-21
2.551417110392196628e+04 9.968608157836142118e-22 1.318385554886036877e-21
2.552487827722957445e+04 2.722915499548656364e-21 1.431404128451311830e-21
2.553558543089172963e+04 1.517114585932608522e-21 1.293614334558197125e-21
2.554629256486861050e+04 -2.737608241290174104e-21 1.555556618939475217e-21
2.555699967912170905e+04 -5.717199590094860320e-22 1.633357171731279275e-21
2.556770677361494381e+04 1.541983479828561646e-21 1.301688714192297851e-21
2.557841384831945834e+04 1.946057734938336063e-21 1.254382521865525784e-21
2.558912090318800256e+04 -3.129731943443423504e-21 1.206178557582451124e-21
2.559982793819326980e+04 -2.703931862165876940e-21 1.273666066473414546e-21
2.561053495329406724e+04 -6.108387439796478484e-23 1.375708910741701042e-21
2.562124194845773673e+04 -4.348233750093431910e-22 1.316933143386965772e-21
2.563194892364236875e+04 -1.764687828432755069e-21 1.416708476158861881e-21
2.564265587882144973e+04 9.695854319163301284e-22 1.421285093066883925e-21
2.565336281394619436e+04 3.275308726351398574e-21 1.418528361216831784e-21
2.566406972899274115e+04 1.029133422697294749e-21 1.438645890231753286e-21
2.567477662392019192e+04 1.749264742230648955e-21 1.395063109903796881e-21
2.568548349869075901e+04 -4.544635624243734132e-22 1.306301692691830920e-21
2.569619035326992162e+04 1.615769675732700570e-21 1.470279484560394806e-21
2.570689718762382836e+04 2.061755301294283256e-21 1.505622776848502039e-21
2.571760400171125366e+04 -2.924334602903575885e-21 1.334181957025189576e-21
2.572831079550164213e+04 6.413716172535226827e-22 1.272297170847265751e-21
2.573901756895896324e+04 2.372653615940579491e-21 1.376217634872134508e-21
2.574972432204418146e+04 2.794877433076315730e-21 1.422731234675614225e-21
2.576043105472327079e+04 7.552623029107604337e-22 1.402549387817504719e-21
2.577113776695995330e+04 1.680852912903394533e-22 1.444400817664293642e-21
2.578184445872096330e+04 9.861264501755962464e-22 1.453414875636506282e-21
2.579255112996683238e+04 -1.021366283877260004e-21 1.368723514870117664e-21
2.580325778066335624e+04 2.284408954072298298e-21 1.393914668858206489e-21
2.581396441077329655e+04 -1.523802840801222809e-22 1.279024269842055048e-21
2.582467102026491193e+04 1.112945755413760648e-21 1.403468554593105944e-21
2.583537760910424186e+04 4.919176886631019218e-21 1.416434022063539749e-21
2.584608417724628089e+04 8.056663096307910106e-21 1.514580446609741707e-21
2.585679072466333309e+04 2.934569375271425439e-21 1.486484446066253678e-21
2.586749725131982996e+04 7.087968512704048757e-22 1.428012250192919137e-21
2.587820375717603383e+04 -1.525103913388540602e-21 1.300647289491279521e-21
2.588891024219895189e+04 2.840236123106090678e-21 1.291515427080914769e-21
2.589961670635311384e+04 1.613631796873717695e-21 1.264978986262986934e-21
2.591032314960270378e+04 1.945124378637389818e-21 1.396529985472934195e-21
2.592102957191262249e+04 -2.943582753768130781e-21 1.373238949732731668e-21
2.593173597324766888e+04 1.059033215714871741e-22 1.489459964656761522e-21
2.594244235357423167e+04 -1.401747550381693246e-21 1.297390005766953089e-21
2.595314871285303525e+04 1.478724886545612226e-21 1.348453640797282549e-21
2.596385505104730692e+04 3.945116852342036284e-23 1.259462072041366747e-21
2.597456136813127523e+04 6.596706520474733413e-21 1.490680320206302046e-21
2.598526766406158276e+04 2.230315375214749040e-21 1.430177788022806052e-21
2.599597393880550953e+04 1.029539382956892731e-21 1.300927451233159511e-21
2.600668019232786537e+04 1.139393180754841427e-21 1.431571583608865566e-21
2.601738642459322000e+04 -1.798846835546085204e-21 1.389541392062073712e-21
2.602809263556468431e+04 1.426708413847973026e-21 1.422407424192133107e-21
2.603901455660258580e+04 3.261667888201841628e-21 1.349300208715913216e-21
2.604972074363691354e+04 -1.304890666847667546e-21 1.230426182640010308e-21
2.606042690382724686e+04 -3.498101788413186694e-21 1.266963068851921507e-21
2.607113304252036323e+04 -2.968970338922290043e-21 1.237951335742441120e-21
2.608183915974870615e+04 -1.644679154367639523e-21 1.318124304680037837e-21
2.609254525546797231e+04 9.456199532427022717e-22 1.410204329321791208e-21
2.610325132964889417e+04 2.477359791253027271e-21 1.417943734405218953e-21
2.611395738225461901e+04 4.887095986153899646e-22 1.366014892534775968e-21
2.612466341325041503e+04 -1.472071195807443254e-21 1.325907890539384367e-21
2.613536942260133947e+04 -3.059670688242304821e-21 1.360517241312465114e-21
2.614607541027254047e+04 -1.602587384420710101e-21 1.427830071463467419e-21
2.615678137622749637e+04 -2.350378531324757859e-21 1.372495901437043674e-21
2.616748732043696145e+04 -2.098757396832916543e-21 1.324690367983334005e-21
2.617819324286065603e+04 -1.101564520623583483e-21 1.355380048927281798e-21
2.618889914346368460e+04 -2.201203461893248391e-21 1.378719186354101861e-21
2.619960502221533170e+04 1.945514096458156981e-22 1.422999035236014360e-21
2.621031087907709298e+04 -2.040926926899002800e-21 1.351850662488688938e-21
2.622101671401999920e+04 -4.808478456745351601e-21 1.256940277175162772e-21
2.623172252700386161e+04 -1.175492792843917870e-21 1.329132162558883714e-21
2.624242831799577471e+04 2.412040809442047888e-21 1.371373299138379816e-21
2.625313408695756516e+04 1.554123160353646150e-21 1.265781715710635548e-21
2.626383983386414548e+04 4.822839905653295698e-21 1.464960049220619488e-21
2.627454555867351883e+04 1.335149481383856935e-21 1.405123258920934554e-21
2.628525126135296523e+04 1.037413959795170103e-21 1.350124840046291933e-21
2.629595694186608671e+04 -1.786089927552502884e-21 1.245376523535743354e-21
2.630666260018053072e+04 -1.497382912893504687e-21 1.309898726816117387e-21
2.631736823626370824e+04 9.301787735074080847e-22 1.328503852328496880e-21
2.632807385007943594e+04 2.005897072566085285e-21 1.379400670961799912e-21
2.633877944159129038e+04 2.027155183043597212e-22 1.405544593975620780e-21
2.634948501077089531e+04 -1.548650019500745774e-22 1.468522225518270547e-21
2.636019055757610113e+04 1.366903562685203938e-21 1.382229031202926548e-21
2.637089608197650159e+04 1.480334140053798285e-21 1.362796329322345509e-21
2.638160158393991151e+04 -1.387748928379720206e-21 1.418742800545438600e-21
2.639230706343008569e+04 -1.935530183739529302e-21 1.354240212133836274e-21
2.640301252041291082e+04 3.436992332567606028e-21 1.418578260542779500e-21
2.641371795485402254e+04 -1.410308166161751645e-21 1.359498844819355672e-21
2.642442336671755402e+04 -2.092290494139865735e-22 1.337258458538926093e-21
2.643512875597309539e+04 -8.766023497215166624e-22 1.320177859077591270e-21
2.644583412258079989e+04 -1.998320336844461471e-21 1.378597336282261019e-21
2.645653946651446313e+04 -2.302982177336640231e-21 1.372144117312552202e-21
2.646724478773807641e+04 2.986613572508727971e-21 1.394956477934610096e-21
2.647795008621168017e+04 5.991054983948345030e-22 1.490883181604538525e-21
2.648865536190312559e+04 3.328588071365979911e-22 1.531458096071660176e-21
2.649936061478466218e+04 2.124834176974836380e-21 1.498770526539307295e-21
2.651006584481813843e+04 1.039729967526930318e-21 1.444374804820533094e-21
2.652077105196784032e+04 -1.610835109267355939e-21 1.362430860732390113e-21
2.653147623620371087e+04 2.130767218813720884e-21 1.359882724650331123e-21
2.654218139749202237e+04 1.747163512772480109e-21 1.350984883281567336e-21
2.655288653579281527e+04 -1.673946789857694687e-21 1.392164254265318441e-21
2.656359165107426816e+04 -4.510147366986795025e-21 1.512843115282790651e-21
2.657429674330872513e+04 -1.955693071771646267e-21 1.411830869161336984e-21
2.658500181245831482e+04 -5.969236326529829375e-22 1.417161537839718697e-21
2.659570685848736321e+04 6.860748019772800511e-22 1.425167809089002196e-21
2.660641188136399069e+04 -2.762811971136623014e-22 1.374625114199883880e-21
2.661711688105479334e+04 -4.731190926227950190e-21 1.322446708846406622e-21
2.662782185752984515e+04 1.941557940464038191e-21 1.373252305065058811e-21
2.663852681074563225e+04 -2.641940348943859390e-21 1.300339931862287889e-21
2.664923174067651053e+04 -2.484008115592393991e-21 1.353250265344107605e-21
2.665993664729301236e+04 -1.899122287188063830e-21 1.350920886457183369e-21
2.667064153054937924e+04 -3.881478621548642466e-21 1.399846522215221434e-21
2.668134639041601986e+04 -9.692392665702090220e-22 1.417402539969693083e-21
2.669205122686568211e+04 1.225476648962692054e-22 1.367476841856729756e-21
2.670275603986067654e+04 -1.413368859049643397e-21 1.397777907867574429e-21
2.671346082936359744e+04 -2.832840376534968798e-21 1.532616957746401792e-21
2.672416559534687258e+04 -2.328608099551561913e-21 1.554187856203056634e-21
2.673487033777541728e+04 -1.731954566349790782e-21 1.409882124043933781e-21
2.674557505661959658e+04 1.466098589040406643e-21 1.464119817225216217e-21
2.675627975183806848e+04 1.548340681406589938e-21 1.394349229306031248e-21
2.676698442340139081e+04 -2.310233865290064587e-22 1.417187665303596699e-21
2.677768907127647253e+04 -1.213768923346133713e-21 1.357821712544996982e-21
2.678839369543393332e+04 -1.013742978500548768e-21 1.408389816807907719e-21
2.679909829583030296e+04 -3.076250559233675038e-21 1.438707443956168476e-21
2.680980287244053397e+04 -1.701361731382247687e-21 1.449471211508312792e-21
2.682050742523145163e+04 -7.916967095282344593e-21 1.399214907805411711e-21
2.683121195422107849e+04 -5.601739255005580095e-21 1.470169261959698878e-21
2.684191646461998971e+04 1.221590331726299555e-22 1.495769549816814337e-21
2.685283767498131783e+04 -1.955878137824203894e-21 1.509346174606379683e-21
2.686354214516521461e+04 2.102440645222166319e-21 1.447889697676725801e-21
2.687424659135476031e+04 9.523642476442236949e-22 1.455866436637875525e-21
2.688495101351421545e+04 2.089596635856009362e-21 1.557024213958806202e-21
2.689565541162172303e+04 1.924178306992740478e-21 1.490030331821491084e-21
2.690635978564429024e+04 3.054206943724306296e-21 1.583031717527338512e-21
2.691706413554022220e+04 -4.004695238257444703e-22 1.329603392935657131e-21
2.692776846127620956e+04 -2.398023724760846325e-21 1.348544038131208543e-21
2.693847276282833991e+04 -4.277430879754583868e-21 1.430302076559800373e-21
2.694917704016367134e+04 6.929115176817340326e-22 1.369528490669878345e-21
2.695988129324265174e+04 4.435908853805303529e-21 1.351453124155034247e-21
2.697058552202794817e+04 8.777701579056945534e-22 1.369094636369027977e-21
2.698128972649564457e+04 -1.169513262726305638e-21 1.403089776687228938e-21
2.699199390661942380e+04 -3.892008940376580039e-22 1.377366538103358929e-21
2.700269806235105716e+04 9.489713969909236960e-22 1.518221182113432388e-21
2.701340219365992016e+04 1.161508455725312441e-21 1.559769835390533885e-21
2.702410630052003035e+04 -1.386153419825097747e-21 1.476049844037258859e-21
2.703481038290514698e+04 -1.205457608754678454e-21 1.383758636638998212e-21
2.704551444076699772e+04 2.254098398137299153e-21 1.427346729567281380e-21
2.705621847407525274e+04 -4.023382175520693474e-21 1.507577981986510984e-21
2.706692248280393324e+04 -3.558455705649659924e-21 1.436176129728884517e-21
2.707762646692477210e+04 -6.953510454295389161e-22 1.527057941579379678e-21
2.708833042639599807e+04 -4.311795897278783208e-21 1.467749599924606269e-21
2.709903436118095124e+04 -2.710718880209227932e-21 1.384363170430500994e-21
2.710973827125590469e+04 -1.009147184004105223e-21 1.557367619242758791e-21
2.712044215659272231e+04 -4.426952702724294153e-21 1.459363384954483497e-21
2.713114601714962191e+04 -3.594511601712708277e-21 1.496744319182908216e-21
2.714184985289013275e+04 -3.131252860212687913e-21 1.492967521497489484e-21
2.715255366369919284e+04 -3.972583839303724199e-22 1.595092958529946150e-21
2.716325724981508392e+04 -3.415262309532797196e-21 1.401923082725907432e-21
2.717396076742423975e+04 5.854025210394551382e-21 1.474141675385789479e-21
2.718466426008672715e+04 -2.667818266662085759e-22 1.494432784132951538e-21
2.719536772778564045e+04 -2.430362529562186488e-21 1.501669238739676844e-21
2.720607117047972497e+04 -2.933870632855003081e-21 1.560397340983988687e-21
2.721677458814950660e+04 9.583885609121075622e-22 1.567358457288294788e-21
2.722747798073654121e+04 -8.989477027308642256e-22 1.566875549377287047e-21
2.723818134823071523e+04 -1.063242129042883602e-22 1.459000843026730399e-21
2.724888469059309136e+04 -3.630331626931551409e-21 1.501869006183275901e-21
2.725958800779765079e+04 -1.741027969891261590e-21 1.546832626522852100e-21
2.727029129979260688e+04 -1.151428031411201855e-21 1.497760972797596238e-21
2.728099456656357142e+04 -1.889059815600403801e-21 1.432567296357808195e-21
2.729169780807165444e+04 1.770535160063209359e-21 1.579493925207138296e-21
2.730240102429544640e+04 -2.064784795046236323e-21 1.450803042445627745e-21
2.731310421519213560e+04 -3.774110841485690718e-21 1.407313553614296999e-21
2.732380738072508393e+04 -6.174268345218752914e-21 1.406587794865094166e-21
2.733451052087116477e+04 -3.468310975361639644e-21 1.357109613671442703e-21
2.734521363560013924e+04 -3.616406931170609897e-21 1.345355488702890750e-21
2.735591672487818505e+04 -3.358199510792481767e-21 1.539494977135907528e-21
2.736661978865981291e+04 -2.813756669432817451e-21 1.609330415526825789e-21
2.737732282692873559e+04 -2.524791349403051200e-21 1.617369820143443680e-21
2.738802583964578662e+04 -2.992286473602474684e-21 1.551517826652941530e-21
2.739872882679527174e+04 2.301838802305610624e-21 1.570399402274155257e-21
2.740943178832047852e+04 -1.279374267486610775e-21 1.556402166399843606e-21
2.742013472420076141e+04 -4.969472501339408785e-21 1.593063075960842410e-21
2.743083763439924223e+04 -3.738041202133144304e-21 1.523195737391986495e-21
2.744154051890039045e+04 -4.262345518480457784e-21 1.564508290430002085e-21
2.745224337765881864e+04 -6.995043525325952306e-21 1.578254717444940904e-21
2.746294621063815430e+04 -1.427033409043725096e-21 1.586057085125656994e-21
2.747364901781523440e+04 1.946806644661022252e-21 1.580044686133164722e-21
2.748435179915189656e+04 -2.349423925426893276e-21 1.449979198196240640e-21
2.749505455463463295e+04 -4.128355799907234126e-21 1.595259788434161944e-21
2.750575728421124586e+04 2.082417152658814730e-21 1.652430585232076386e-21
2.751645998785420670e+04 -3.722290884229209081e-23 1.690977216340057141e-21
2.752716266553212336e+04 -6.424110271425697086e-22 1.511853650636303986e-21
2.753786531722027212e+04 -7.685038284032377543e-22 1.558111776235414065e-21
2.754856794288707169e+04 1.149481496783990848e-22 1.654140089499455425e-21
2.755927054248685454e+04 2.206387224452433118e-21 1.590371128019179063e-21
2.756997311599961540e+04 1.188939187869777099e-22 1.578495742244327984e-21
2.758067566338707184e+04 -4.343058315038167392e-21 1.606491044897623586e-21
2.759137818462918221e+04 -5.325685582732462577e-21 1.532142060141246594e-21
2.760208067969420154e+04 4.144719768184887398e-21 1.623299709319616039e-21
2.761278314853223128e+04 2.298136595847906143e-21 1.545559849706484922e-21
2.762348559112581643e+04 -3.992040338684583733e-21 1.513961168549085214e-21
2.763418800743662723e+04 -7.358016131290391868e-21 1.679832091686089283e-21
2.764489039745383707e+04 -6.915990904767442068e-21 1.686581920863383809e-21
2.765559276111584404e+04 -5.338682427934045598e-21 1.830951239047617117e-21
2.766629509840775791e+04 -1.728521643004081798e-21 1.722960643539025329e-21
2.767699740929358813e+04 -8.652969628734923530e-22 1.673663325424222531e-21
2.768769969374195716e+04 -1.721007964111093320e-21 1.634144490003010959e-21
2.769840195174201654e+04 1.184301199126763005e-21 1.686277662565224671e-21
2.770910418322811529e+04 8.663404754626476698e-22 1.605153154793071493e-21
2.771980638818753141e+04 -6.003303156255354118e-21 1.619101982458035278e-21
2.773050856658202974e+04 -4.409002667978929245e-21 1.621195480211457580e-21
2.774121071838699572e+04 -6.159194243895746172e-21 1.577522963016078883e-21
2.775191284358549092e+04 -1.627878572243822640e-21 1.625448614735334273e-21
2.776261494211377794e+04 -2.863169100723874783e-21 1.597893652618330845e-21
2.777331701395703203e+04 -1.823226313935210501e-22 1.689311496613741078e-21
2.778401905908379922e+04 -3.952138432739332888e-21 1.767931966304599338e-21
2.779472107746071924e+04 -1.964061312866682890e-21 1.511997649125014325e-21
2.780542306907559032e+04 3.859837692144389306e-23 1.781055898967695496e-21
2.781612503386926619e+04 3.531800312281663820e-21 1.608847205230989580e-21
2.782682697181990807e+04 -3.338111511277047539e-21 1.647603317745919505e-21
2.783752888289860130e+04 -2.392169971368967624e-23 1.673140864251071110e-21
2.784823076707233122e+04 3.960146016557435305e-21 1.858668170104658645e-21
2.785893262433361815e+04 1.302964259483060068e-21 1.670647762726221060e-21
2.786963445460917137e+04 -6.988262776634583010e-21 1.548175068520508451e-21
2.788033625789110738e+04 -3.774685996038591594e-21 1.620119261744824804e-21
2.789103803414653885e+04 -2.604507325791310060e-21 1.539846808423158661e-21
2.790173978334221101e+04 -4.073268237321576353e-21 1.638026450410798630e-21
2.791244150545202501e+04 -1.266576295715945564e-21 1.705829908884676348e-21
2.792314320045899876e+04 -1.363778227923738600e-21 1.486048897169064388e-21
2.793384486829924936e+04 5.167671343834377139e-21 1.503197361966225200e-21
2.794454650895870873e+04 3.390240541126392231e-21 1.671578802833280129e-21
2.795524812240181200e+04 -1.047683216075707023e-21 1.629453694118433333e-21
2.796594970860959438e+04 -2.476561003968797661e-21 1.618836029484057703e-21
2.797665126755811434e+04 1.362794361788326294e-21 1.538202973824364924e-21
2.798735279918377637e+04 -7.355799285309834588e-21 1.448111109425195415e-21
2.799805430347958827e+04 4.585484902037577169e-21 1.652506333104448194e-21
2.800875578040295295e+04 -3.897035733584838315e-21 1.738615982691234786e-21
2.801945722993718300e+04 1.503767065922895801e-21 1.754671555514733907e-21
2.803015865204945658e+04 -2.309984504309105750e-21 1.805013707018719607e-21
2.804086004670448165e+04 -5.265066248344680650e-21 1.727082052848254887e-21
2.805156141386449599e+04 -3.005888099387449117e-21 1.729381314705912176e-21
2.806226275350349169e+04 -6.760013773355983891e-21 1.638828857601039291e-21
2.807296406559316529e+04 -1.704349802134177732e-21 1.534213414438475085e-21
2.808366535011284213e+04 -5.223762036997185920e-21 1.545051388975891709e-21
2.809436660702483641e+04 -5.829325275069738554e-21 1.669169580602932646e-21
2.810506783628663834e+04 -2.447981498065654994e-21 1.793257307810150639e-21
2.811576903787693300e+04 -1.946994720669493904e-21 1.752457361992857666e-21
2.812647021176079215e+04 -8.661774542111668115e-21 1.633677138239502045e-21
2.813717135791983310e+04 -7.647873729303291205e-21 1.650152626497381483e-21
2.814787247631405262e+04 -3.847516780390905029e-21 1.707233698829477460e-21
2.815857356692977191e+04 -5.377819249611985722e-21 1.785007182757212790e-21
2.816927462970748456e+04 -6.731229970792650024e-21 1.563471935958702902e-21
2.817997566462917530e+04 -3.640124045900856051e-21 1.585850276682540226e-21
2.819067667166978936e+04 -2.657180811338107654e-21 1.703722307960750795e-21
2.820159594510476745e+04 -1.688647288510221634e-21 1.583517750431772642e-21
2.821229690897747787e+04 -2.397452875484063352e-21 1.659730977576281081e-21
2.822299784482289033e+04 -5.028721599955303075e-21 1.633072244047913822e-21
2.823369875264848088e+04 -4.632615803947847429e-21 1.487727974418414727e-21
2.824439963243578677e+04 -6.137314749876632892e-21 1.545771481628232016e-21
2.825510048415479469e+04 -5.406579565931852707e-21 1.559007858492353101e-21
2.826580130777995510e+04 -8.157715845175466190e-21 1.713901382809125307e-21
2.827650210327894820e+04 -6.867698599451405896e-21 1.885619305061875767e-21
2.828720287062359421e+04 -9.089528530820120727e-21 1.900342333988750469e-21
2.829790360976738157e+04 -3.567036684873761846e-21 1.639184799397061926e-21
2.830860432069185117e+04 -4.379066470386838504e-21 1.625836974043975430e-21
2.831930500336712430e+04 -1.086994925456834235e-20 1.622890371531371364e-21
2.833000565776789153e+04 -5.547585199016716708e-21 1.629924553077009258e-21
2.834070628386173485e+04 -7.062767526982092836e-21 1.721775055872867716e-21
2.835140688162094739e+04 -1.305983863076162706e-21 1.661341924146624939e-21
2.836210745099867199e+04 -7.431203518431605974e-22 1.627463029346970070e-21
2.837280799197692613e+04 -9.484092235864508680e-22 1.570936091880702585e-21
2.838350850452812665e+04 -5.795979282843966781e-21 1.706546351981747631e-21
2.839420898862001195e+04 -7.620674552554808012e-21 1.674037669485525139e-21
2.840490944422271787e+04 -1.181110561155052691e-21 1.556839896594796857e-21
2.841560987131336879e+04 1.841818916468713554e-21 1.604709727184467789e-21
2.842631026985260905e+04 2.516141919190650788e-21 1.754858582981373819e-21
2.843701063980788967e+04 -2.912900317168980710e-21 1.605364509146622484e-21
2.844771098115195855e+04 -2.699670305611213015e-21 1.573182067314410328e-21
2.845841129385967724e+04 -6.620323295347821170e-21 1.472291460612726046e-21
2.846911157789420031e+04 -7.813228999829634599e-21 1.667113267445510418e-21
2.847981183324256563e+04 -5.707535723621981694e-23 1.782068240094106543e-21
2.849051205986284185e+04 -3.730469561134031207e-21 1.564048550093934951e-21
2.850121225771808895e+04 -6.857118944102558191e-21 1.601472019171383531e-21
2.851191242678320123e+04 -2.818936648314218194e-21 1.688669918875542812e-21
2.852261256703107938e+04 -3.420375200551958142e-21 1.632637538572425930e-21
2.853331267843439855e+04 1.419153940980852796e-21 1.614091676753550336e-21
2.854401276095870708e+04 -2.387788456479178306e-21 1.620641133509660470e-21
2.855471281458651720e+04 -3.358589096016952387e-21 1.648984034328784963e-21
2.856541283927590848e+04 -1.718578624101005230e-21 1.669421964338292809e-21
2.857611283499488127e+04 -7.374951632144963515e-21 1.647645895316698723e-21
2.858681280171858452e+04 -4.439090658609535440e-21 1.647751239220397926e-21
2.859751273941508771e+04 -2.163555914775319730e-21 1.705258440931153863e-21
2.860821264805735336e+04 -6.497102743008585167e-21 1.591556341421272063e-21
2.861891252761819487e+04 -3.923569686516624919e-21 1.537542503435106130e-21
2.862961237807308498e+04 -5.360539182337633288e-21 1.597544989598932823e-21
2.864031219938017966e+04 -4.660917570081808138e-21 1.592877567539177779e-21
2.865101199151244145e+04 -7.570065458852000377e-21 1.591945378441148129e-21
2.866171175444288383e+04 -1.293093918271735661e-21 1.743071516304688196e-21
2.867241148813949621e+04 -2.415460907283615324e-21 1.737977238675302335e-21
2.868311119257547398e+04 -1.942799732276989586e-21 1.761463565300423339e-21
2.869381086772136041e+04 -2.133001663757071459e-22 1.689362966024406853e-21
2.870451051355763411e+04 -5.687825955009197745e-21 1.721170536861442965e-21
2.871521013004018823e+04 -1.184071560098447361e-21 1.841770823740551256e-21
2.872590971713951876e+04 -3.880022862662290278e-21 1.747016492129426995e-21
2.873660927483622436e+04 -7.245328826380699573e-21 1.696187824157008710e-21
2.874730880309113127e+04 -9.313240484852997108e-22 1.879089430926030774e-21
2.875800830188232794e+04 -1.334606957688703596e-21 1.808713104341646728e-21
2.876870777117571561e+04 1.371341349074035194e-21 1.798223943579606133e-21
2.877940721094683249e+04 -6.397314121467027635e-21 1.711096424606975913e-21
2.879010662116665117e+04 -3.381789601133260937e-21 1.627309652199310303e-21
2.880080600180568945e+04 -5.173680567149736416e-21 1.646903111471640993e-21
2.881150535282507190e+04 -5.990890730125968926e-21 1.666542114152505599e-21
2.882220467420782370e+04 -7.568701614027376820e-21 1.636294431400395143e-21
2.883290396591492390e+04 -6.640662785413209246e-21 1.669316200373670070e-21
2.884360322792470470e+04 -7.073688028927141266e-21 1.662683830465616487e-21
2.885430246020303457e+04 -6.787354797284170564e-21 1.613933495000744761e-21
2.886500166272584829e+04 -2.372176696140734952e-21 1.679395447357967063e-21
2.887570083546408932e+04 -3.068775182015963070e-21 1.749528141888318483e-21
2.888639997838356430e+04 -5.261026797041738170e-21 1.680191684722593717e-21
2.889709909145787969e+04 -1.374931923180035686e-21 1.666537230663665209e-21
2.890779817466031091e+04 -6.690923048287449208e-21 1.708720029370517453e-21
2.891849722795451453e+04 -1.364696134255650508e-20 1.466209692479129579e-21
2.892919625131892462e+04 -5.632895077579700120e-21 1.541826418456752764e-21
2.893989524471945333e+04 -4.390563692332324724e-21 1.609156047460346429e-21
2.895059420812742974e+04 -6.584392368479159150e-21 1.619710987757180540e-21
2.896129314152620645e+04 -7.001761706131533965e-21 1.672772448541930614e-21
2.897199204487444877e+04 -6.623545881102932009e-21 1.579486341107861898e-21
2.898269091814071726e+04 -1.167867977203264243e-21 1.674877246030236156e-21
2.899338976130107039e+04 4.818894049973115087e-21 1.713112745735777340e-21
2.900408857433424419e+04 6.031324968457508524e-22 1.636525309068024149e-21
2.901478735719635370e+04 -4.749898216207297451e-21 1.679675036876497739e-21
2.902548610986593121e+04 -2.779880100991133943e-21 1.709720634270207825e-21
2.903618483231434584e+04 -5.490764338429190935e-21 1.650927340263570378e-21
2.904688352451028550e+04 -5.561033736827463034e-21 1.624760092570992694e-21
2.905758218643747750e+04 -6.913714093483225252e-21 1.660700824005622386e-21
2.906828081804975227e+04 -4.514616895537328447e-21 1.537810366019710926e-21
2.907897941933060065e+04 -6.383017469439877597e-21 1.673310632258451022e-21
2.908967799024407213e+04 -4.163903434790990917e-21 1.544916763078995760e-21
2.910037653076378774e+04 -4.163234928561918997e-21 1.488483148354777880e-21
2.911107504085857727e+04 1.123041324005046000e-22 1.521562657592493241e-21
2.912177352050486661e+04 -5.082445853612265047e-21 1.482398994191499668e-21
2.913247196966885167e+04 -8.341147508624523758e-21 1.563147255776097807e-21
2.914317038832205071e+04 -4.885988834359360457e-21 1.624283421288410278e-21
2.915386877644596098e+04 -3.091709384091532190e-21 1.684532135110898893e-21
2.916456713400176523e+04 -1.685457900857090428e-21 1.686925728377435520e-21
2.917526546096349193e+04 -5.259720601610671624e-21 1.688449051378922424e-21
2.918596375730000727e+04 -5.170339205736535393e-22 1.677899000998960446e-21
2.919666202298779899e+04 -2.029327203700805945e-21 1.596137097632141096e-21
2.920736025799593335e+04 -2.470766836082740375e-22 1.391203303299662820e-21
2.921805846229328381e+04 -5.261636911953784625e-21 1.558166202923799476e-21
2.922875663585892471e+04 -3.567140202364199405e-21 1.593692515779401485e-21
2.923945477865181965e+04 -3.700472434941610938e-21 1.542460265058806901e-21
2.925015289065343313e+04 -5.219882571311953383e-21 1.558534798342566354e-21
2.926085097183308972e+04 -2.459571374799070785e-21 1.486421321867124692e-21
2.927154902216480332e+04 -7.004192166962433252e-21 1.599731700334087679e-21
2.928224704161501722e+04 -1.210139815793805975e-20 1.536011279025872921e-21
2.929294503021182027e+04 -2.251316307874447149e-21 1.537350417065026159e-21
2.930364299266774105e+04 -8.270274101258620486e-22 1.750100908652523541e-21
2.931456050842825061e+04 -9.837215415257235442e-21 1.550897878437422910e-21
2.932525841644475076e+04 -3.835040413121159780e-21 1.511900423078299566e-21
2.933595629343558903e+04 -2.659233969920320214e-21 1.606874777250747327e-21
2.934665413937775884e+04 -2.719966439064225147e-21 1.635234614768108608e-21
2.935735195423767436e+04 -5.841932562294847998e-21 1.593531896386523796e-21
2.936804973798941137e+04 -5.311181366812410870e-21 1.611443933985041128e-21
2.937874749060239628e+04 -6.342819722000329312e-21 1.573233235351400541e-21
2.938944521205631463e+04 -2.740974771302553626e-21 1.691322530397051335e-21
2.940014290231505947e+04 -7.042061069605336208e-21 1.584953474122131027e-21
2.941084056135574792e+04 -9.880812275040877098e-21 1.507100773203913134e-21
2.942153818914474687e+04 -5.176691117579058341e-21 1.503848570803378345e-21
2.943223578565648859e+04 -6.995029114128488256e-21 1.540290784439270755e-21
2.944293335086567458e+04 -4.981995926724396380e-21 1.681848415034848091e-21
2.945363088473888274e+04 -3.326638987826534044e-21 1.630456194236091945e-21
2.946432838725333204e+04 -4.994038832830267504e-21 1.536522212087188118e-21
2.947502585837564038e+04 -8.507559664273659373e-21 1.653814747076653170e-21
2.948572329808009454e+04 -1.175041043903166840e-20 1.588497742035556442e-21
2.949642070634148331e+04 -6.817206494842746984e-21 1.591555482227451010e-21
2.950711812763024500e+04 -5.214203785804847335e-21 1.488199150729803215e-21
2.951781563916877712e+04 -5.451988982734230863e-21 1.494354620051769854e-21
2.952851311918147621e+04 -5.939394513458879544e-21 1.646289610653529497e-21
2.953921056763500383e+04 -7.333770107769545912e-21 1.742757502732877646e-21
2.954990798449838621e+04 8.232244361977480568e-22 1.626944876069284218e-21
2.956060536974402930e+04 -2.778142620318976023e-21 1.634927794106481314e-21
2.957130272335196059e+04 -1.649001068223184418e-21 1.624332350064333776e-21
2.958200004528359568e+04 3.252586956430705005e-21 1.610046638167000528e-21
2.959269733552174512e+04 -8.851750125157363108e-21 1.600620242562001762e-21
2.960339459403306319e+04 -9.427031078340449542e-21 1.502653466053179194e-21
2.961409182078413505e+04 -8.582336378940282513e-21 1.623577373223704447e-21
2.962478901575541749e+04 -3.863562493750801173e-21 1.875868636820788545e-21
2.963548617891905451e+04 -4.833435974542001264e-21 1.644953837599152712e-21
2.964618331023917926e+04 -3.755584440499247204e-21 1.535547656690731616e-21
2.965688040969874783e+04 -3.884957398465597523e-21 1.516427566958364756e-21
2.966757747725907757e+04 -5.973313029135569620e-21 1.522725590109942549e-21
2.967827451290036333e+04 -7.355897763316800355e-21 1.583255477461633393e-21
2.968897151658969233e+04 -5.915962657787728136e-21 1.594820144866224100e-21
2.969966848830467643e+04 -7.904593035023994855e-21 1.625426642260016746e-21
2.971036542802033000e+04 -7.388395278891330656e-21 1.564360932571593388e-21
2.972106233569547476e+04 -4.791491026350163230e-21 1.457575795042992134e-21
2.973175921131031282e+04 -2.344553574766646924e-21 1.497903863166845001e-21
2.974245605484255066e+04 -4.923230119379556502e-21 1.655425232900407509e-21
2.975315286625391309e+04 -8.339993940790550665e-21 1.572449944525260190e-21
2.976384964552482779e+04 -5.595811580214222519e-21 1.474039701597073902e-21
2.977454639262771889e+04 -3.721615468460016858e-21 1.569249444824914858e-21
2.978524310752956444e+04 -3.319595303394587288e-21 1.481306007414667904e-21
2.979593979020258121e+04 -3.703873981959585135e-21 1.471254825356308971e-21
2.980663644062187086e+04 -6.612290746522436158e-21 1.768986024462463108e-21
2.981733305876548184e+04 -4.253190557145631154e-21 1.460887603199690082e-21
2.982802964459498980e+04 -3.879036095533725196e-21 1.543111131853638344e-21
2.983872619809104799e+04 -2.261972658626430191e-21 1.478231983620105746e-21
2.984942271922341752e+04 -4.734940038234905974e-21 1.526489011606765997e-21
2.986011920796174309e+04 -4.458498509132802872e-21 1.472569845187389056e-21
2.987081566428388396e+04 -6.929622100328673577e-21 1.369669239288271139e-21
2.988151208815716382e+04 -3.198433727542260798e-21 1.332868931177938003e-21
2.989220847955678983e+04 -1.990749591095047136e-22 1.354483413718587622e-21
2.990290483846084317e+04 -6.471653825570365894e-21 1.491328834607175367e-21
2.991360116483099046e+04 -6.828788209476787119e-21 1.458405416800902684e-21
2.992429745865067889e+04 -7.596796564347415654e-21 1.528633447663670816e-21
2.993499371988133498e+04 -7.026425494705912434e-21 1.545391544214027517e-21
2.994568994850410309e+04 -2.427635808439885529e-21 1.379265920299983440e-21
2.995638614448611406e+04 -3.069013567813338175e-21 1.389994886478064435e-21
2.996708230780550002e+04 -4.488510181466663372e-21 1.387453571184778326e-21
2.997777843842951916e+04 -3.306154494404359020e-21 1.503494204055038003e-21
2.998847453633626719e+04 -4.810357252004618845e-21 1.405639080218742552e-21
2.999917060149272220e+04 -8.553453289715304819e-22 1.546672434710138463e-21
3.000986663387732551e+04 -3.751821928986963155e-21 1.485876410058123453e-21
3.002056263345730986e+04 -1.072698059138360998e-21 1.433503217688698560e-21
3.003125860021096378e+04 -2.695482997299470141e-21 1.492315034920111460e-21
3.004195453410556729e+04 -2.313479972833026548e-21 1.551357736750281458e-21
3.005265043511662225e+04 -5.006343696974342138e-21 1.508475337387799874e-21
3.006334630321676377e+04 -2.799756872232986931e-21 1.461280121985848664e-21
3.007404213838432406e+04 -7.347594987178241056e-21 1.469663246399123944e-21
3.008473794058128260e+04 -7.738884704648329767e-21 1.328231949719480336e-21
3.009543370978591702e+04 -6.989714401347504135e-21 1.361327910228890692e-21
3.010612944597392197e+04 -7.614871643475486970e-21 1.393827007139606481e-21
3.011682514911262479e+04 -2.760335938388798009e-21 1.490652540765519244e-21
3.012752081917764008e+04 -6.773380912109049290e-21 1.463392180655011520e-21
3.013821645614436056e+04 -2.117926375462961469e-21 1.510969735575723502e-21
3.014891205998325677e+04 -1.131116130377705252e-21 1.504922259418101468e-21
3.015960763066444997e+04 -7.891059132744406600e-21 1.551713323803321139e-21
3.017030316816366394e+04 -8.033275136886660918e-21 1.587456143656567905e-21
3.018099867245387941e+04 -7.198546805528877196e-21 1.501332497533659974e-21
3.019169414350805891e+04 -6.722023428671990250e-21 1.558286802983175549e-21
3.020238958129904859e+04 -5.792327936816645862e-21 1.516400119367617763e-21
3.021308498579982916e+04 -7.752178520569157912e-21 1.436355857336062756e-21
3.022378035698360327e+04 -7.179676264337293120e-21 1.545341352064756802e-21
3.023447569482336985e+04 -5.253291158360384506e-21 1.475955927179767618e-21
3.024517099929220058e+04 -6.575016433192598563e-21 1.453043318219274704e-21
3.025586627036876598e+04 -8.892623003731089077e-21 1.378205540872101550e-21
3.026656150801494005e+04 -2.276079360246759761e-21 1.573060852045474575e-21
3.027725671220917138e+04 -8.424442599686869583e-21 1.409367727280322139e-21
3.028795188292476087e+04 -6.565446092525342238e-21 1.421779954722680097e-21
3.029864702013487840e+04 -2.209392899324318657e-21 1.403196806049252900e-21
3.030934212381264297e+04 -2.496965688929616621e-21 1.614747529975113324e-21
3.032003719393124993e+04 -1.122316712988165396e-21 1.532240504607873051e-21
3.033073223046384373e+04 -2.891250085922313060e-21 1.601315359686128117e-21
3.034142723338357609e+04 -6.334530456011276303e-21 1.421245961850660530e-21
3.035212220266339136e+04 -3.474401474732501503e-21 1.437976783394536614e-21
3.036281713827678686e+04 -2.968495723298631766e-21 1.414345434252307159e-21
3.037351204019695797e+04 -1.436281409688976776e-21 1.477988763743223870e-21
3.038420690839716553e+04 -2.084614865747359017e-21 1.422647189514964955e-21
3.039490174285066678e+04 -4.099174052762262369e-21 1.502082158414757787e-21
3.040559654353072983e+04 1.777562527768240359e-21 1.586040159104938882e-21
3.041629131041336950e+04 2.353312066365632786e-21 1.637634187668951542e-21
3.042698604346608045e+04 -4.011095156017625663e-21 1.539118649120220036e-21
3.043768074266526673e+04 -9.421635003683676657e-21 1.483412406870802142e-21
3.044837540798136251e+04 -8.248329717990979478e-21 1.481600380726880940e-21
3.045907003939337301e+04 -5.050199108893049276e-21 1.659396225231404762e-21
3.046976463687185969e+04 -1.545971606466306668e-21 1.672704666694728737e-21
3.048045920039016346e+04 -1.466134402381515886e-21 1.460757076364699635e-21
3.049115372992158518e+04 -9.210119804120531463e-21 1.450090369905747848e-21
3.050184822543938571e+04 -4.074894771572752960e-21 1.515985182948742489e-21
3.051254268691718607e+04 -5.752600750076435428e-21 1.568962072960662602e-21
3.052323711432558048e+04 -5.585987233352269980e-21 1.644752945833079077e-21
3.053393150764363963e+04 -3.914230410837702392e-21 1.563627877598318947e-21
3.054462586684203416e+04 -6.144551586499593644e-21 1.570040989393729370e-21
3.055532019189136918e+04 -6.036976982831264355e-21 1.519138670445104825e-21
3.056601448277073723e+04 -7.048884925048215175e-21 1.567019688762635016e-21
3.057670873944774576e+04 -7.389146729290388926e-21 1.507466426245182772e-21
3.058740296190189110e+04 -1.112212355385887782e-20 1.453874245386566868e-21
3.059809715010375658e+04 -8.314367673956223620e-21 1.441116945764538637e-21
3.060879130402691226e+04 -8.360061131516160491e-21 1.477809858062582097e-21
3.061948542364492459e+04 -8.433727105337658591e-21 1.416370469708569512e-21
3.063017950892850422e+04 -9.908228785547981145e-21 1.403453779794328174e-21
3.064087355985688555e+04 -1.080583781674391712e-20 1.383384938408754665e-21
3.065156757640063734e+04 -8.584254701211710658e-21 1.505359297893448552e-21
3.066226155853063392e+04 -4.088902495089301462e-21 1.463668745382998926e-21
3.067295550622625888e+04 -6.228778934991891700e-21 1.461718443574748057e-21
3.068364941945828468e+04 -6.655622836193434966e-21 1.459030219626837435e-21
3.069434329820034691e+04 -6.715413300354103291e-21 1.345450900755581612e-21
3.070503714242613933e+04 -3.622680594891926346e-21 1.471707830840957170e-21
3.071573095210642714e+04 -3.251535284575082880e-21 1.538571673066368063e-21
3.072642472722051025e+04 -1.868871147999689001e-21 1.580924691707869774e-21
3.073711846773631987e+04 -7.259813359243532378e-21 1.541529197312340322e-21
3.074781217363346514e+04 -7.703222922976653118e-21 1.537503306939644316e-21
3.075850584487991000e+04 -8.470564396263564666e-21 1.552629773509499208e-21
3.076919948144935915e+04 -9.371683330570010300e-21 1.522573085689810849e-21
3.077989308332423388e+04 -2.803184991238493744e-21 1.579322735199241547e-21
3.079058665046966780e+04 -4.352469831227803281e-21 1.461726138984782443e-21
3.080128018286226870e+04 -7.326683871783339572e-21 1.551672803551192801e-21
3.081197368047846976e+04 -5.767269489884936281e-21 1.587066385833788734e-21
3.082266714328945454e+04 -4.410647796953507238e-21 1.553239506058961245e-21
3.083336057126903688e+04 -4.180034780963861923e-21 1.594618484389272053e-21
3.084405396438524622e+04 -7.257426170151722544e-21 1.565246354783116640e-21
3.085474732262058751e+04 -5.715033534448116604e-21 1.539179609201108681e-21
3.086544064594895463e+04 1.695010008135464086e-22 1.564492369484851134e-21
3.087613393433840611e+04 -5.826187601778520225e-21 1.584129812381366799e-21
3.088682718776564434e+04 -5.144191229819653061e-21 1.417531884886491744e-21
3.089752040620730986e+04 -4.656010668122919215e-21 1.461602926758768847e-21
3.090821358963463717e+04 -9.463904887953211393e-21 1.566315447716407480e-21
3.091890673801573939e+04 -4.768168156233446715e-21 1.528557680241536415e-21
3.092959985133611190e+04 -2.087130450074647789e-21 1.438129080104690135e-21
3.094029292956103018e+04 -7.191095422892862190e-22 1.508442912059600968e-21
3.095098597267024888e+04 -1.820615626228613923e-22 1.605128801881607358e-21
3.096167898063192115e+04 -6.521175924076211250e-21 1.700464636925255486e-21
3.097237195342284394e+04 -4.954570183301879840e-21 1.598189678420141951e-21
3.098306489101692932e+04 -5.114962544566914354e-21 1.392367257445307446e-21
3.099375779339127621e+04 -2.987393204046073492e-21 1.537258068330931062e-21
3.100445066051407048e+04 -5.704144423183849285e-21 1.547455017641797030e-21
3.101514349235931877e+04 -2.148950915395291397e-21 1.448445818046284367e-21
3.102583628890691034e+04 -3.885751573749574776e-21 1.506448815673833978e-21
3.103652905013092459e+04 -7.690914703859621142e-21 1.510978601631130566e-21
3.104722177599664428e+04 -4.301993885003763192e-21 1.464085083309381871e-21
3.105791446648685087e+04 -8.001832710114869717e-21 1.550962266318368956e-21
3.106860712157259695e+04 -7.114142798424099092e-21 1.347196855824709781e-21
3.107929974122819840e+04 -4.402377988900665335e-21 1.438460505789430628e-21
3.108999232542773825e+04 -7.424390161878441565e-21 1.376393985150410945e-21
3.110068487414533956e+04 -5.187850561372417339e-21 1.333954278128152021e-21
3.111137738735809762e+04 -5.697886789350055193e-21 1.418321357506703584e-21
3.112206986503140070e+04 1.069153231561968162e-21 1.476768004635531207e-21
3.113276230714815756e+04 -1.225761515610271156e-20 1.449411232197225215e-21
3.114345471368256040e+04 -5.705710521858043055e-21 1.557358931963480618e-21
3.115414708460271140e+04 -5.088944937372929271e-21 1.488213061801071377e-21
3.116483941988012884e+04 -8.045321526160685046e-21 1.481219543357694832e-21
3.117553171950367323e+04 -7.932121503227630958e-21 1.469598508049649003e-21
3.118622398343581881e+04 -4.459612290033754914e-21 1.495295642266239447e-21
3.119691621165084871e+04 -5.402794074057223850e-21 1.593788446079485898e-21
3.120760840413178812e+04 2.240594715219104788e-21 1.441495220563240372e-21
3.121830056083824820e+04 -9.136163405702688594e-21 1.407479688022776598e-21
3.122899268175915495e+04 -4.737250965583664617e-21 1.424838252029274022e-21
3.123968476686572831e+04 -7.851823546428535059e-21 1.347941549893211158e-21
3.125037681612352026e+04 -5.600904501466284687e-21 1.363043185752195407e-21
3.126106882951574153e+04 -4.617914063388163858e-21 1.363159083330345482e-21
3.127176080701080355e+04 -9.653942790290537830e-21 1.532071968507696938e-21
3.128245274859190249e+04 -4.626090241355058385e-21 1.436430111399548093e-21
3.129314465422453941e+04 -8.770990193067717157e-21 1.446089917320402637e-21
3.130383652388309201e+04 -8.047902606813483115e-21 1.479323853550738469e-21
3.131452835754485568e+04 -5.959664186660276428e-21 1.380791439128307994e-21
3.132522015518714034e+04 -6.447235708696041536e-21 1.353540345901067144e-21
3.133591191678417090e+04 -8.495549956723127841e-21 1.510659987304652350e-21
3.134660364230167033e+04 -5.431586787051600065e-21 1.651129600289410974e-21
3.135729533172294759e+04 -6.533025664789826713e-21 1.299845286951406370e-21
3.136798698501648323e+04 -6.456186415774950485e-21 1.261156416486784918e-21
3.137867860216263580e+04 -2.517799392803550825e-21 1.358810682414434987e-21
3.138937018312996588e+04 -9.163026221170838548e-22 1.438516790970599319e-21
3.140006172789589982e+04 -6.316352658997241131e-21 1.626637909986111213e-21
3.141075323643785305e+04 -9.767524084381693531e-21 1.467774072174726378e-21
3.142144470872733291e+04 -3.989257855571486205e-21 1.454901656695493271e-21
3.143213614473566122e+04 -6.688596304958919100e-21 1.480374401917246999e-21
3.144282754444056263e+04 -4.549382847818971185e-21 1.429917950696725247e-21
3.145351890782245391e+04 -7.983078068351397692e-21 1.330572709622200750e-21
3.146421023484103353e+04 -8.702846303521449529e-21 1.350090953176850357e-21
3.147490152548566402e+04 -5.136108242179697784e-21 1.508295615559116388e-21
3.148559277972205018e+04 -5.955626564794008252e-21 1.338783685373153335e-21
3.149628399752767291e+04 -3.315687259818470375e-21 1.322753468269199602e-21
3.150697517888009315e+04 -1.993503500528012472e-20 1.794094987901174069e-21
