1.699485049592611904e+04 -1.424150104309973157e-21 5.606660934360338114e-21
1.700552274592679169e+04 2.766139766153569457e-21 4.492394471475668305e-21
1.701619502462949094e+04 4.649566759433432824e-21 4.652543445371399810e-21
1.702686733196994101e+04 1.346863719781269042e-20 4.964386849461601177e-21
1.703753966787810714e+04 1.332865412183705310e-20 4.851675451307956336e-21
1.704821203227417209e+04 2.181611309685202842e-20 4.735017086901710139e-21
1.705888442510078676e+04 2.611177320801423140e-20 5.012326078297928642e-21
1.706955684628290328e+04 1.289015138174297900e-20 4.682461580968613726e-21
1.708022929586660757e+04 6.865340846496000106e-21 3.998743084752268614e-21
1.709114546999652157e+04 3.131554254172484954e-20 5.310655977573194904e-21
1.710181799950499044e+04 1.160678936498327121e-20 4.605779864251317756e-21
1.711249055708758897e+04 7.861395115454939083e-21 4.580772697813500234e-21
1.712316314267402413e+04 8.522305687343245424e-21 4.456162243774861605e-21
1.713383575618942268e+04 1.227639154092484594e-20 4.646147162309184847e-21
1.714450839757396534e+04 5.513864347739622616e-21 4.780273433315512968e-21
1.715518106674968658e+04 4.309628511696074513e-21 4.524620632687448361e-21
1.716585376364866897e+04 1.283210013932798558e-20 4.196886137854219248e-21
1.717652648820422110e+04 5.041178871726839973e-21 4.791725456865305963e-21
1.718719924034888390e+04 1.342191282365996029e-20 4.324519557944849000e-21
1.719787202000522302e+04 1.235673457213392116e-20 4.536351287249862556e-21
1.720854482711278979e+04 1.432463803506163759e-20 4.445289285183082441e-21
1.721921766159372055e+04 1.918422933717489819e-21 4.110784145609744906e-21
1.722989052338950933e+04 -1.985355970336519722e-21 4.094805392842930795e-21
1.724056341242728013e+04 2.514414346377836233e-21 4.233607058051511788e-21
1.725123632862950763e+04 1.340814059620348699e-20 4.182558521108997127e-21
1.726190927194063261e+04 2.394639202358525168e-20 4.340935393592318906e-21
1.727258224228283143e+04 7.256074207727019908e-21 4.439658249938434203e-21
1.728325523958883423e+04 1.614384351855963805e-20 3.959776582479776547e-21
1.729392826379158214e+04 1.340596899246831477e-20 4.251738890627430441e-21
1.730460131482012366e+04 6.856124112335782815e-21 3.919648078471631954e-21
1.731527439260822212e+04 1.164415776967934966e-20 4.391533782036055769e-21
1.732594749708646486e+04 6.169444897994106551e-21 4.492035080957874622e-21
1.733662062818177219e+04 1.309068776199926438e-20 4.147930940384183802e-21
1.734729378583564176e+04 8.288253000804537420e-21 4.227640527603383681e-21
1.735796696997080653e+04 3.837425964616002125e-21 4.439302421900035339e-21
1.736864018051936000e+04 1.175162882895346784e-20 4.121655981521562670e-21
1.737931341741850338e+04 2.534758978185588879e-20 4.407684908704096435e-21
1.738998668058975454e+04 1.166789275115282219e-20 3.981930915908233049e-21
1.740065996997729235e+04 5.181566723168137933e-21 4.284988056509853194e-21
1.741133328550586157e+04 9.763463086141590668e-21 4.302080027997374596e-21
1.742200662710560209e+04 7.142199323643965521e-21 4.016558454552039069e-21
1.743267999471404255e+04 6.243951880922404180e-21 4.007121870610436127e-21
1.744335338825838335e+04 7.568842535929601268e-21 3.842290654307676598e-21
1.745402680766968842e+04 2.426364662578369682e-20 4.501978512888157013e-21
1.746470025288331453e+04 1.017889055430284797e-20 4.710496133107647056e-21
1.747537372382822286e+04 1.192478198712727032e-20 4.195545127004547504e-21
1.748604722043924266e+04 -1.236354855797666938e-21 4.097503798408695289e-21
1.749672074265110496e+04 8.945742226471232974e-21 4.011064824346194689e-21
1.750739429038982780e+04 1.162880888466251219e-20 3.803452826032501298e-21
1.751806786358567842e+04 9.817265705119958988e-21 4.093568160295024011e-21
1.752874146217608359e+04 6.829670376151958276e-21 4.078169547362151359e-21
1.753941508609592347e+04 5.449611228140628836e-21 4.043716032672820061e-21
1.755008873527265678e+04 1.803761952530175692e-20 3.774484731373989022e-21
1.756076240963672171e+04 1.918022734697380122e-20 3.915936980907844863e-21
1.757143610912450458e+04 9.456042054221616433e-21 3.802453907201635166e-21
1.758210983366513392e+04 1.314643676134614748e-20 3.701880511628381877e-21
1.759278358319693507e+04 1.157586032807796490e-20 3.916411270829988522e-21
1.760345735764813799e+04 1.722573808887186487e-20 4.016270724774730883e-21
1.761413115695173838e+04 2.566543689005860518e-20 4.074561755502937480e-21
1.762480498103715581e+04 1.317177709673194408e-20 4.025794901721831160e-21
1.763547882984041644e+04 1.330124082511003761e-20 4.045331319581603633e-21
1.764615270329704435e+04 5.931046700510292293e-21 3.894244066429794100e-21
1.765682660133888930e+04 1.424387522991422419e-20 3.326420693360985523e-21
1.766774544039725515e+04 2.498180848123568597e-20 3.742014212713486107e-21
1.767841942088363430e+04 1.786646949324124076e-20 3.999252227684069689e-21
1.768909341578088060e+04 2.036066218757891348e-20 4.010565828434675890e-21
1.769976743487511339e+04 4.250376866676465636e-21 3.946397137790454260e-21
1.771044147821215665e+04 1.551260955444013691e-20 4.043092958589825037e-21
1.772111554572228852e+04 1.454793174468897148e-20 3.720352761516234139e-21
1.773178963733938872e+04 5.450040334637167970e-21 3.957286675195016394e-21
1.774246375299682404e+04 1.045104178676081932e-20 3.682959107068639446e-21
1.775313789314953465e+04 1.134468425004100313e-20 3.644116612338804246e-21
1.776381210122123593e+04 1.158519461242905651e-20 4.155015458055765230e-21
1.777448634123887678e+04 -3.508792967193176728e-22 2.964113288402817555e-21
1.778516060511799515e+04 1.691557428939777426e-20 3.762389836735708758e-21
1.779583489270223799e+04 8.003738776017286931e-21 3.871641409047904685e-21
1.780650920404784119e+04 9.082462585947283597e-21 3.778543516950186726e-21
1.781718354891612762e+04 1.548277998922775038e-20 3.426436017205647239e-21
1.782810317551048138e+04 1.002378462949692565e-20 3.511266735628727866e-21
1.783877758059641928e+04 7.071200188630034633e-21 3.234231020962489009e-21
1.784945200904762896e+04 7.667059465113186491e-21 3.501579876762371661e-21
1.786012646080148261e+04 5.573960586341211434e-21 3.361563914155386207e-21
1.787080093579508321e+04 9.440486387349542985e-21 3.507841447493660084e-21
1.788147543395890534e+04 4.698245392476745584e-21 3.575444926280199602e-21
1.789214995522372192e+04 1.574338006278256808e-20 3.360685149613612285e-21
1.790282449953671676e+04 1.550755347832821346e-20 3.518487862948097198e-21
1.791349906681588618e+04 6.928078944333964970e-21 3.371053597691795547e-21
1.792417365700007576e+04 8.198381108837648680e-21 3.508914680230460517e-21
1.793484827002610109e+04 1.596198310910573178e-20 3.578813036749656210e-21
1.794552290582386195e+04 1.297261108879236150e-20 3.438286595221653661e-21
1.795619756433107250e+04 6.555768964533801916e-22 3.224791943432676963e-21
1.796687224547669757e+04 1.136855794151502235e-20 3.532661208344447443e-21
1.797754694920766269e+04 1.289678233645888931e-20 3.544208154310279752e-21
1.798822167544138574e+04 2.094775752881867690e-20 3.574206055645200983e-21
1.799889642411873865e+04 5.544632686550381295e-21 3.492394375970006725e-21
1.800957119517915635e+04 1.035118703403762798e-20 3.650727042504205155e-21
1.802024598854799478e+04 1.025379999181173402e-20 3.306686805641639032e-21
1.803092080416201497e+04 3.192575883314086019e-21 3.392268488461107546e-21
1.804159564196050269e+04 4.515939276042028126e-21 3.518695075968050449e-21
1.805227050187628265e+04 1.081427804839474323e-20 3.438645207250604736e-21
1.806294538384104817e+04 8.697030170501606816e-21 3.669944456479327569e-21
1.807362028778969761e+04 8.106192135846713884e-21 3.405089421961172480e-21
1.808429521365807886e+04 9.207467400640741612e-21 3.386671423693285472e-21
1.809497016137775427e+04 6.372544693450505095e-21 3.486157456297632881e-21
1.810564513088568492e+04 1.399989634611661872e-20 3.562307982415674988e-21
1.811632012211676920e+04 9.064548619716046462e-21 3.452131108577147818e-21
1.812699513500369358e+04 8.414731239482764493e-21 3.273015288994679839e-21
1.813767016948781747e+04 1.021590252832432253e-20 3.386943619777375131e-21
1.814834522549819303e+04 2.789846552231438037e-21 3.473720549963998917e-21
1.815902030296718658e+04 1.284185512063586960e-20 3.919570297653087015e-21
1.816969540183146455e+04 1.199486287120607457e-20 3.728932723895425116e-21
1.818037052203025814e+04 2.985390886036431851e-21 3.612955049275963552e-21
1.819104566349392189e+04 6.466804390498407000e-21 3.475255078333448075e-21
1.820172082615845284e+04 1.256582278923298349e-20 3.289171547581844335e-21
1.821239600996031368e+04 1.093789436080751452e-20 3.386766981704330820e-21
1.822307121483495212e+04 6.770461103997236842e-21 3.533112424236881181e-21
1.823374644071721923e+04 1.176215677897386027e-20 3.353509164098655947e-21
1.824442168753790247e+04 1.090441984972113815e-20 3.356828787571202036e-21
1.825509695523557821e+04 1.424970563416686982e-20 3.494159096956122311e-21
1.826577224374495199e+04 1.901396532256511556e-20 3.605828290869879053e-21
1.827644755300233010e+04 1.463158722442545527e-20 3.131228287989289388e-21
1.828712288294241444e+04 1.427808483353547830e-20 3.609967363288289242e-21
1.829779823350290826e+04 1.760680345674809873e-20 3.543475767845118718e-21
1.830847360461808785e+04 1.422286041370171045e-20 3.165509049866594708e-21
1.831914899621901350e+04 1.049975089058154306e-20 3.179806938068271773e-21
1.832982440824553487e+04 1.334574519506123158e-20 3.240360373813848774e-21
1.834049984063169541e+04 1.317724996449951638e-20 3.134516248073967885e-21
1.835117529331309561e+04 3.692731185259802385e-21 3.334223405260898545e-21
1.836185076622576889e+04 8.792762706065889761e-21 3.358640909996191766e-21
1.837252625930578142e+04 2.086275488128771885e-21 3.393960594940178383e-21
1.838320177248766777e+04 1.143883100683954522e-20 3.243213757044010003e-21
1.839387730571049542e+04 1.669887621119159810e-21 3.047145893813842915e-21
1.840455285890775849e+04 1.459177934957496045e-20 3.267993115161184844e-21
1.841522843201287469e+04 1.410924091727386832e-20 3.273773089020102257e-21
1.842590402496619208e+04 1.661258839716657614e-20 3.357674021545848773e-21
1.843682618613296290e+04 1.517184975953375275e-20 3.338579685750787856e-21
1.844750185151861660e+04 1.039166985197867984e-20 3.095816470267551815e-21
1.845817752677938188e+04 1.530119653371118471e-20 3.432986951069334084e-21
1.846885322151135915e+04 9.252864843874445719e-21 3.334774843549652137e-21
1.847952893576408314e+04 -5.126246302443507375e-21 3.254091478203906206e-21
1.849020466947379464e+04 2.675212015745291782e-21 3.370676365811481888e-21
1.850088042257939014e+04 9.587198101608177485e-21 3.398521326082607572e-21
1.851155619501247202e+04 1.562240877779445157e-20 3.135974050282886339e-21
1.852223198671229329e+04 1.201056723182947192e-20 3.561799853071179681e-21
1.853290779761608792e+04 3.352345809073578053e-20 3.818334438267624428e-21
1.854358362765967104e+04 8.119186653051282388e-20 4.412748563169565662e-21
1.855425947677640579e+04 8.396830076107932403e-20 4.248133850663396019e-21
1.856493534490672755e+04 4.161745017714813535e-20 3.770035802746370127e-21
1.857561123198421410e+04 1.871004475439109066e-20 3.378355724628208321e-21
1.858628713805810912e+04 1.783373730126510352e-20 3.213897871005788625e-21
1.859720996636291966e+04 1.660250797885078847e-20 3.382264909172746987e-21
1.860788593287844560e+04 2.578851806407318019e-20 3.069093737950844625e-21
1.861856191808412768e+04 7.694583375338006911e-21 3.062914902098026062e-21
1.862923792191791654e+04 9.928351775202765798e-21 3.223519682639491982e-21
1.863991394431392109e+04 1.328726307137682148e-20 3.156387962604148273e-21
1.865058998521021203e+04 1.231008387081339328e-20 3.097690272336829797e-21
1.866126604454492553e+04 9.997920023746646923e-21 3.049059658152714559e-21
1.867194212225275987e+04 7.622240883755741349e-21 3.154312466454661585e-21
1.868261821827130916e+04 9.093709294959618444e-21 2.969927801406259900e-21
1.869329433253810930e+04 1.230037776365584164e-20 2.807571102361012851e-21
1.870397046499012504e+04 1.950004266783437328e-20 2.938418680792631844e-21
1.871464661556205101e+04 4.773813965176632203e-21 3.003316717976006093e-21
1.872532278419498107e+04 1.482460866001711418e-20 3.015388556269704626e-21
1.873599897082469397e+04 1.551157924412023179e-20 2.963460657575003294e-21
1.874667517538644097e+04 1.681008565612677526e-20 2.942772646148231733e-21
1.875735139781986072e+04 5.170665283489361617e-21 2.952241495184309062e-21
1.876802763806338771e+04 1.230391349286556593e-20 2.967731759305534139e-21
1.877870389604854427e+04 1.141940524574663774e-20 3.119773847974411633e-21
1.878938017171875617e+04 1.132248217261582880e-20 2.889203014334794155e-21
1.880005646500860166e+04 5.618190620230002006e-21 2.831988244887595807e-21
1.881073277585750111e+04 7.350408127172010087e-21 3.074364744147713209e-21
1.882140910419784996e+04 1.083128982528669560e-20 3.179370304019261032e-21
1.883208544997266290e+04 1.970373939119288425e-20 3.178051376091959326e-21
1.884276181311772962e+04 1.287437307721915398e-20 3.150579552753705808e-21
1.885343819356927270e+04 1.155074483901643603e-20 2.845165738831435574e-21
1.886411459126641057e+04 1.235317198573260807e-20 2.731348869481707627e-21
1.887479100614697018e+04 6.294599468407418671e-21 2.489398545617764820e-21
1.888546743814858928e+04 1.265933087470800542e-20 2.754087795111567955e-21
1.889614388720895658e+04 4.728338033678968991e-21 2.732352843839254140e-21
1.890682035326623009e+04 1.161533290072574859e-20 3.821692015257687434e-21
1.891749683625558100e+04 7.869569388342917104e-21 3.392062672035728654e-21
1.892817333612040602e+04 1.623566372132273503e-20 2.705855291712408398e-21
1.893884985279423199e+04 1.806768763576435899e-20 3.059917573519165632e-21
1.894952638621500228e+04 1.283714803346951382e-20 2.985284005262936250e-21
1.896020293632269386e+04 1.543471313584146764e-20 2.818930163448828408e-21
1.897087950305348568e+04 1.116885851862106746e-20 2.937980267031429890e-21
1.898155608634797682e+04 1.463889603236205249e-20 3.146521802662270962e-21
1.899223268614127664e+04 1.491242732712507991e-20 3.101381471408855977e-21
1.900290930237676002e+04 1.801583502532180804e-20 2.987928339170263352e-21
1.901358593498759001e+04 1.226150301328526839e-20 3.069763247336644908e-21
1.902426258391343072e+04 1.344662677278352177e-20 3.042079159017800992e-21
1.903493924909166526e+04 1.197437196232156800e-20 3.085332905171653212e-21
1.904561593046346024e+04 1.436588821278832178e-20 3.147874200858769209e-21
1.905629262796375406e+04 6.640953859414521964e-21 2.972540053176870631e-21
1.906696934153469920e+04 1.051370365665446515e-20 2.929441301961468261e-21
1.907764607111238729e+04 1.019654070818428057e-20 2.910517895524114962e-21
1.908832281663552931e+04 1.245437810880984111e-20 2.907966960083976846e-21
1.909899957804339283e+04 4.081282675569663612e-21 3.054154702232358186e-21
1.910967635527606762e+04 8.110203166503641689e-21 2.947826646930518924e-21
1.912035314826703325e+04 1.465339502180988722e-20 2.993216366309681856e-21
1.913102995696165453e+04 2.104828728355932438e-20 3.377183746821935067e-21
1.914170678129580119e+04 1.430921227736893711e-20 3.168709482004782130e-21
1.915238362120445890e+04 1.314575012763191168e-20 3.000249995737035809e-21
1.916306047663309437e+04 8.537591897502339772e-21 3.117837406912945307e-21
1.917373734751491065e+04 8.757417303942568673e-21 3.166707780872380210e-21
1.918441423379505432e+04 2.157025534085393093e-20 3.248778351696650659e-21
1.919509113540330509e+04 2.012339824932520572e-20 2.992218433436313728e-21
1.920576805229020465e+04 1.532730995017878113e-20 3.111429293468690644e-21
1.921644498438386290e+04 1.495033491188955347e-20 2.915081832757401035e-21
1.922712193163125630e+04 1.827837991016931710e-20 3.173035533262707159e-21
1.923779889396607541e+04 2.159005795180718024e-20 3.165322410302780824e-21
1.924872411525548159e+04 3.560185809176679015e-20 3.267759171394371631e-21
1.925940113995586580e+04 2.691845335864816380e-20 3.156687280035285480e-21
1.927007816998433555e+04 1.785218449132874081e-20 2.925920567484247880e-21
1.928075521474263587e+04 1.043353256433680264e-20 3.189085251873841903e-21
1.929143227428003229e+04 8.500784087690290963e-21 3.077843138786181347e-21
1.930210934854121297e+04 1.199493605256195368e-20 2.861084322562948278e-21
1.931278643745940644e+04 1.908503245356444595e-20 3.271793019540272492e-21
1.932346354098019583e+04 1.399853151414877808e-20 3.076987084654364729e-21
1.933414065903788287e+04 1.507272056742415388e-20 3.509627859683239206e-21
1.934481779157632627e+04 1.700890867073887471e-20 3.213735786083180764e-21
1.935549493853207605e+04 8.214584653994023137e-21 2.817476013095910499e-21
1.936617209984602960e+04 1.336218409213040808e-20 3.008365041422736908e-21
1.937684927545701066e+04 6.269082145513652769e-21 2.820107099155754070e-21
1.938752646530562561e+04 1.406393403744994021e-20 3.290691162318663228e-21
1.939820366944723719e+04 9.520800715111588058e-21 2.968663700777517284e-21
1.940888089725811005e+04 1.113035554104499376e-20 3.163460111768594631e-21
1.941980673573581953e+04 1.249356976831215685e-20 3.184156217795507115e-21
1.943048400453730574e+04 1.312272418562745475e-20 2.966592572586220922e-21
1.944116128727020259e+04 1.734021569762809687e-20 2.821022937404275644e-21
1.945183858387395594e+04 1.771108036900220108e-20 2.723959842392519488e-21
1.946251589429088926e+04 1.526409060335944023e-20 2.940150586775356876e-21
1.947319321845928062e+04 1.370573474080868365e-20 2.932772654747931480e-21
1.948387055631867770e+04 1.070333669262395812e-20 2.659718359204966069e-21
1.949454790781265910e+04 1.040282378863866502e-20 2.677587659957866705e-21
1.950522527287723278e+04 1.748764646428911897e-20 2.856308981581462812e-21
1.951590265145459489e+04 1.935983162001114554e-20 2.764890964519840477e-21
1.952658004348571194e+04 1.658731181807818279e-20 2.811838286768619026e-21
1.953725744890705755e+04 1.390750807929243482e-20 2.547270232653844807e-21
1.954793486766328351e+04 1.551662794735296591e-20 2.824493750949493824e-21
1.955861229969285705e+04 1.376622864036178280e-20 2.878976799606729177e-21
1.956928974493635906e+04 1.475535986850116246e-20 2.852186852342147870e-21
1.957996720333350095e+04 1.223298620784398914e-20 2.690387451965146645e-21
1.959064467482762484e+04 8.671632752453538122e-21 2.794231788238322213e-21
1.960132215935604108e+04 1.546804721623392849e-20 2.799836867698729217e-21
1.961199965685972711e+04 1.410289950817356831e-20 2.571004169697422012e-21
1.962267716728068990e+04 1.512511876398396364e-20 2.668548573161318625e-21
1.963335469055914655e+04 1.338551159020116446e-20 2.459718562948472852e-21
1.964403222663597990e+04 1.705614554507823515e-20 2.526239118632757443e-21
1.965470977545087953e+04 8.319406868758692895e-21 2.504304099544330965e-21
1.966538733694559050e+04 1.165473418500410544e-20 2.681225066864633998e-21
1.967606491106084286e+04 8.707335051556322742e-21 2.580299567163994626e-21
1.968674249773671909e+04 1.002079790541627485e-20 2.641207761270476856e-21
1.969742009691383646e+04 1.685061130468812291e-20 2.675904999718943770e-21
1.970809770853514419e+04 2.338535218017023624e-20 2.841366141246005442e-21
1.971877533254004084e+04 1.648392031823294942e-20 2.586312935564502179e-21
1.972945296886915821e+04 1.721096598691476672e-20 2.540849783788294855e-21
1.974013061746639505e+04 1.599238058676260925e-20 2.643700044410971326e-21
1.975080827826946188e+04 1.467458382880045362e-20 2.780920408898457582e-21
1.976148595122004190e+04 9.979061379897111124e-21 2.822342401989232216e-21
1.977216363626080056e+04 1.554063885070294949e-20 2.665125145094492213e-21
1.978284133333224236e+04 9.954342796246444038e-21 2.385573289369535254e-21
1.979351904237491544e+04 9.120601892791274535e-21 2.410384754715020689e-21
1.980419676333123061e+04 1.246817017635618134e-20 2.531563640444713561e-21
1.981487449614237994e+04 1.214222087728477168e-20 2.680990128342718055e-21
1.982555224074969738e+04 8.289025680547588958e-21 2.631138687143424918e-21
1.983622999709271244e+04 8.807800353704617617e-21 2.470570545389189207e-21
1.984690776511596050e+04 6.067860579601159330e-21 2.624423097136419139e-21
1.985758554475954224e+04 1.169719526263006804e-20 2.598626620285922219e-21
1.986826333596351469e+04 1.467943258857805230e-20 2.656495765707769198e-21
1.987894113867237320e+04 1.167884854168001059e-20 2.893289875926159192e-21
1.988961895282600017e+04 1.196269725760416372e-20 2.836431998555478439e-21
1.990029677836622432e+04 9.851051843241265050e-21 2.741813956301628078e-21
1.991097461523421225e+04 1.295251195591587113e-20 2.550772008958943918e-21
1.992165246337279677e+04 1.093499502688842845e-20 2.631290056472723980e-21
1.993233032272349737e+04 9.403006556159374977e-21 2.425651204175791804e-21
1.994300819322821189e+04 1.477356935497939683e-20 2.443857533793999299e-21
1.995368607482687366e+04 1.326324557910612319e-20 2.422268164975591166e-21
1.996436396746441460e+04 2.008770588759800594e-20 2.524588836409492451e-21
1.997504187108038241e+04 1.981236857735487991e-20 2.587919911396720232e-21
1.998571978561942160e+04 2.243097926220977638e-20 2.442234476385668430e-21
1.999639771102026134e+04 1.812993724918941124e-20 2.804807440573064833e-21
2.000707564722726966e+04 1.068519650079123985e-20 2.272511674624828012e-21
2.001775359418183143e+04 7.828696730372833949e-21 2.341701919426866641e-21
2.002843155182650662e+04 1.329306716384270449e-20 2.540172084100469244e-21
2.003910952010241090e+04 5.203737707715509464e-21 2.639053814143339850e-21
2.004978749895175133e+04 7.834997292753802000e-21 2.523602571840240834e-21
2.006046548831858308e+04 1.166768063745513746e-20 2.518237656618057304e-21
2.007114348814361801e+04 2.175034145034807498e-20 2.694255294535516274e-21
2.008182149836811368e+04 1.335884280038940215e-20 2.818046572414808729e-21
2.009249951893676553e+04 8.620953179480824138e-21 2.676817946305480953e-21
2.010317754979529127e+04 6.825356734717018325e-21 2.513052963883627307e-21
2.011410562727037905e+04 1.364590950715137852e-20 2.658162184520437225e-21
2.012478370526460276e+04 1.314064113395830201e-20 2.603899652247572721e-21
2.013546179326692800e+04 1.001893891287349227e-20 2.546446693515867134e-21
2.014613989132082497e+04 1.070294337416021836e-20 2.443272571458574401e-21
2.015681799936740572e+04 1.710375808340460418e-20 2.631176432193292659e-21
2.016749611735198778e+04 1.105318020495094178e-20 2.534803745791070482e-21
2.017817424521482098e+04 1.608803370979318787e-20 2.607119846007562646e-21
2.018885238290057896e+04 1.354691396826544734e-20 2.594805866003859773e-21
2.019953053035080302e+04 1.276753903601326419e-20 2.667059760218174581e-21
2.021020868750894442e+04 4.816150781655758616e-21 2.508322012042498953e-21
2.022088685431799968e+04 1.257746111909078256e-20 2.623830798705227434e-21
2.023156503071972838e+04 1.590003734096505868e-20 2.709888328149977113e-21
2.024224321665828393e+04 8.974609790848901224e-21 2.453739447712433983e-21
2.025292141207577151e+04 7.876902346841884201e-21 2.296187849414696318e-21
2.026359961702883083e+04 7.085527110426926649e-21 2.738129660088787904e-21
2.027427784069970221e+04 1.216142994580346511e-20 2.527109904879953136e-21
2.028520644375132179e+04 1.316732416104719511e-20 2.517707863568428029e-21
2.029588469875035662e+04 1.818256783660192012e-20 2.876934894368552730e-21
2.030656296293852938e+04 2.084375543011266289e-20 2.851793617692345867e-21
2.031724123626273649e+04 1.729585807564771494e-20 2.489284023214943617e-21
2.032791951866190357e+04 1.110142526895546395e-20 2.236646975238699202e-21
2.033859781008248319e+04 1.183619862858452498e-20 2.364343145017804140e-21
2.034927611046513630e+04 7.182716183420977420e-21 2.528218294813127849e-21
2.035995441975570066e+04 1.041495622425246133e-20 2.583930877139493018e-21
2.037063273789663072e+04 9.769023458237292410e-21 2.650427271845500489e-21
2.038131106482997711e+04 1.199004892331854648e-20 2.494245929610045024e-21
2.039198940050012243e+04 1.311814715984746625e-20 2.607990009398540199e-21
2.040266774485302085e+04 2.089333592686592866e-20 2.916995688690472760e-21
2.041334609782780171e+04 2.289148967151344296e-20 3.089627622243840672e-21
2.042402445937237280e+04 1.434538954657960845e-20 2.708389582374608373e-21
2.043470282942696213e+04 7.527081514907976522e-21 2.667756327853335810e-21
2.044538120793793860e+04 1.717421037402427390e-20 2.791702910366749440e-21
2.045605959484761115e+04 1.032856952849579265e-20 2.975048453265025272e-21
2.046673799009898721e+04 1.041454364452195681e-20 2.495847296388309848e-21
2.047741639363800277e+04 1.132844428462674251e-20 2.503801684153119507e-21
2.048809480540581717e+04 9.482481808800576393e-21 2.719241612415022222e-21
2.049877322534889390e+04 1.208917082529114197e-20 2.646718495914252198e-21
2.050945165340998574e+04 1.286466764895771411e-20 2.802133784635470091e-21
2.052013008953200188e+04 1.187596657096826292e-20 2.710233795097653638e-21
2.053080853366117663e+04 1.444587962032329585e-20 2.634214180547520726e-21
2.054148698573832371e+04 7.778368372200497627e-21 2.544002554716294938e-21
2.055216544571123814e+04 9.886968997786137583e-21 2.230550342880949201e-21
2.056284391352169041e+04 8.635906884558269937e-21 2.436828185359526210e-21
2.057352238911474342e+04 1.203066186474590654e-20 2.645849474452048574e-21
2.058420087243472881e+04 1.018686356300517211e-20 2.625742312646406970e-21
2.059487936342424291e+04 1.469764313652980098e-20 2.750141420884301226e-21
2.060555786202956733e+04 7.741793103512016920e-21 2.523104533733512513e-21
2.061623636819362946e+04 1.649177072567011605e-20 2.685152661401486699e-21
2.062691488186077913e+04 1.108453148094050283e-20 2.582059287264728938e-21
2.063759340297634117e+04 1.123208376001762826e-20 2.447959635883899380e-21
2.064827193148455626e+04 9.818133329479433141e-21 2.511661293646613787e-21
2.065895046732971605e+04 1.300992191120864844e-20 2.431606633064560799e-21
2.066962901045634862e+04 9.490642494869858697e-21 2.410986357757848035e-21
2.068030756080697392e+04 9.023847622390138395e-21 2.461880162271518878e-21
2.069098611832977986e+04 8.535157771804175090e-21 2.571032505011659627e-21
2.070166468296652965e+04 1.770433610073800287e-20 2.332809187211803751e-21
2.071234325466367227e+04 7.736938495986097680e-21 2.257569892126200711e-21
2.072302183336470625e+04 8.315989652074488337e-21 2.199918286260305342e-21
2.073370041901359946e+04 1.189570575969743981e-20 2.114399193475728377e-21
2.074437901155803775e+04 1.056784107079310785e-20 2.264548440473478731e-21
2.075505761093999899e+04 1.476222515685821013e-20 2.369038267766064286e-21
2.076573621710613952e+04 1.590778246016364487e-20 2.298118552173512769e-21
2.077641483000134031e+04 6.151509608960451112e-21 2.445264616441219318e-21
2.078709344956738641e+04 1.221978165023471193e-20 2.334822943389968936e-21
2.079777207575269495e+04 1.221414248938672382e-20 2.452807702235884147e-21
2.080845070850183038e+04 1.166023911281173343e-20 2.420220825991747757e-21
2.081912934775750546e+04 1.736560202852601470e-20 2.391570450456328895e-21
2.082980799346825734e+04 1.435449370509406555e-20 2.213251754819753151e-21
2.084048664557513621e+04 1.199299039883297332e-20 2.332016242066653084e-21
2.085116530402654098e+04 8.286643256754298328e-21 2.244896176972835543e-21
2.086184396876597748e+04 3.415545052635039840e-21 2.307516746840561373e-21
2.087252263974012385e+04 8.246780915931019613e-21 2.491298362871828373e-21
2.088320131689271147e+04 1.250276770902012425e-20 2.394752496576871866e-21
2.089388000016997103e+04 1.148737326391582536e-20 2.566738915749655411e-21
2.090455868951627417e+04 9.144621958439708511e-21 2.432901124553356469e-21
2.091523738487859373e+04 1.679739241173279989e-20 2.624109660011064675e-21
2.092591608620068291e+04 1.912243858444194626e-20 2.470764275142036790e-21
2.093659479342846316e+04 1.148786683873854987e-20 2.377791903318454328e-21
2.094727350650753579e+04 2.570839872072120688e-21 2.317832416579998788e-21
2.095795222538438611e+04 1.082617116153470903e-20 2.289537022579638077e-21
2.096863095000298199e+04 1.006161675425594486e-20 2.490759491016468804e-21
2.097930968030958320e+04 1.556212462400598880e-20 2.508222169937550560e-21
2.098998841624945999e+04 1.346510913199424310e-20 2.467343302935474646e-21
2.100066715776875935e+04 1.730168574961965966e-20 2.559296590459677674e-21
2.101134590481372288e+04 1.269944530119248790e-20 2.363959578319146148e-21
2.102202465732798737e+04 9.949168072851225239e-21 2.520920487720761550e-21
2.103295530606416651e+04 1.148671434685412383e-20 2.335685179515948751e-21
2.104363409138796851e+04 7.798609795765516799e-21 2.230789639448297809e-21
2.105431288190907799e+04 1.070812061094103887e-20 2.359686767686561101e-21
2.106499167767887775e+04 1.430388415145983612e-20 2.361857225024470896e-21
2.107567047864487176e+04 1.226271064819779828e-20 2.150978303158126374e-21
2.108634928475295237e+04 1.432106894295164290e-20 2.294007524146773693e-21
2.109702809594817518e+04 7.596468684552361652e-21 1.914674281987944637e-21
2.110770691217816784e+04 1.013961793248244590e-20 2.322531156610858869e-21
2.111838573338711285e+04 1.248451430825466669e-20 2.424153500995068148e-21
2.112906455952272154e+04 1.318417985087751629e-20 2.107628524641094334e-21
2.113974339053004223e+04 1.527225630143018739e-20 2.085599670892468838e-21
2.115042222635584403e+04 9.238803676225982848e-21 1.895807292376607870e-21
2.116110106694625574e+04 1.201150479900364664e-20 2.088326549983856113e-21
2.117177991224761718e+04 1.223954810800654587e-20 2.480684104798806672e-21
2.118245876220496211e+04 1.238564294230002751e-20 2.266167531345492113e-21
2.119313761687957231e+04 8.196474013110242570e-21 2.466444565518650930e-21
2.120381648524573757e+04 1.001790461316336905e-20 2.316452814522554814e-21
2.121474760253014756e+04 1.641820229472560004e-20 2.275315828112262254e-21
2.122542649243117194e+04 1.615779038551878668e-20 2.245405232292851154e-21
2.123610538671811810e+04 9.218651050303992780e-21 2.270703570302617818e-21
2.124678428533504484e+04 3.495216138599373521e-21 2.334173747892297044e-21
2.125746318823178808e+04 6.492699024321701468e-21 2.126004414997853614e-21
2.126814209535210102e+04 8.893358442109442478e-21 2.286184507843752186e-21
2.127882100664385143e+04 9.969886775123981360e-21 2.293985026785148879e-21
2.128949992205373928e+04 7.771253822821230546e-21 2.241303070083777572e-21
2.130017884152835904e+04 1.639636966854358585e-20 2.324511926310556822e-21
2.131085776501459623e+04 1.727060904885889409e-20 2.256767528933057376e-21
2.132153669245837955e+04 1.479088654607179739e-20 2.243022863268417508e-21
2.133221562380777323e+04 1.273512355457962603e-20 2.193780541189726320e-21
2.134289455900876055e+04 5.919884118038421986e-21 2.146726407920640708e-21
2.135357349800906377e+04 8.658127310223336400e-21 2.132949984746433362e-21
2.136425244075453520e+04 4.134300760294531496e-21 2.215036231990203759e-21
2.137493138719344643e+04 8.680250207653227941e-21 2.202621566266675997e-21
2.138561033727161703e+04 3.532167711363150682e-21 2.206621189059684229e-21
2.139628929093651095e+04 6.235948953636778229e-21 2.284663882534167552e-21
2.140696824813550847e+04 5.617418291140271401e-21 2.110214575271381931e-21
2.141764720881509493e+04 1.879153763997081917e-21 2.110678285197884063e-21
2.142832617292332361e+04 1.015893280879641749e-20 2.171033381088748765e-21
2.143900514040598136e+04 6.895649546522191038e-21 2.157235001064467128e-21
2.144968411121220561e+04 7.329694089882851711e-21 2.087057542058431750e-21
2.146036308528748486e+04 6.511495768724946705e-21 2.122113563282024375e-21
2.147104206258037811e+04 1.076913529869255031e-20 2.195425843711469835e-21
2.148172104303746164e+04 8.562918917068030172e-21 2.405708385447638200e-21
2.149240002660673417e+04 9.999381036848039832e-21 2.196687497961592447e-21
2.150307901323472106e+04 8.798089485822165453e-21 2.197560644004121933e-21
2.151375800287005404e+04 6.864095872580389188e-21 2.246184935937134540e-21
2.152443699545871277e+04 2.438052418662351794e-21 2.015853452759084515e-21
2.153511599094984194e+04 3.291790607476505415e-21 2.313229279298199419e-21
2.154579498928922476e+04 5.853239401226909524e-21 2.411521290238772515e-21
2.155647399042628240e+04 9.412289875023107888e-21 2.313160352576150582e-21
2.156715299430734740e+04 7.850775335274012059e-21 2.282518047278544833e-21
2.157783200088059675e+04 1.403430349788929056e-20 2.373401209637162523e-21
2.158851101009399281e+04 1.859132684217428362e-20 2.456669938942772019e-21
2.159919002189425009e+04 2.684686951899946252e-20 2.662829349876374652e-21
2.160986903623069884e+04 1.802117691365526212e-20 2.502309440361510067e-21
2.162054805304971160e+04 4.371889530308018011e-21 2.238520398884268012e-21
2.163122707230046944e+04 6.598354092847963330e-21 2.201257714515695917e-21
2.164190609392868282e+04 1.217842384656766713e-20 2.413131321014592326e-21
2.165258511788514443e+04 1.424743656763999233e-20 2.327821155728254674e-21
2.166326414411506266e+04 6.877694153491093670e-21 2.140446677229435292e-21
2.167394317256862269e+04 1.228739053643432941e-20 2.195807780278003865e-21
2.168462220319219705e+04 9.375367465737142605e-21 2.238158744477754304e-21
2.169530123593478129e+04 1.145178947364172741e-20 2.037948133981343179e-21
2.170598027074479614e+04 9.281495727481206623e-21 2.146303297201908145e-21
2.171665930756918169e+04 1.084002858585154272e-20 2.143698950120188499e-21
2.172733834635746462e+04 8.303765567984999143e-21 2.227784979693281820e-21
2.173801738705631578e+04 5.938614629259092692e-21 2.146313320203733451e-21
2.174869642961592399e+04 8.544061191363509277e-21 2.341334508414273490e-21
2.175937547398211609e+04 1.124550692106522863e-20 2.431416640334196757e-21
2.177005452010595400e+04 1.141487935868205063e-20 2.293104932100047698e-21
2.178073356793328639e+04 6.250780880755047496e-21 2.182896785035721178e-21
2.179141261741422932e+04 1.280792208333916158e-20 2.167689203959113753e-21
2.180209166849611938e+04 7.476426577645563436e-21 2.217334281096878438e-21
2.181277072112787937e+04 2.890087118837494275e-21 2.155096845071963203e-21
2.182344977525856666e+04 1.229426247510273077e-20 2.236173817301091884e-21
2.183412883083539782e+04 8.189188472103303829e-21 2.216953000974484742e-21
2.184480788780843795e+04 1.044238137136177237e-20 2.393340739088164002e-21
2.185548694612448162e+04 4.915626245651570809e-21 1.957637789692248789e-21
2.186616600573442702e+04 9.621000819008177558e-21 2.156388604296626973e-21
2.187684506658452665e+04 3.513789209283354039e-21 2.186218558341311380e-21
2.188752412862574420e+04 6.096429360311967269e-21 2.196107134086967264e-21
2.189820319180491424e+04 1.045571221253144576e-20 2.277225226680583321e-21
2.190888225607232744e+04 4.947548017300667843e-21 2.069892822907768556e-21
2.191956132137538589e+04 1.305090137698043619e-20 2.189787944846022585e-21
2.193024038766398371e+04 -5.678783012086329911e-22 1.900838636210002922e-21
2.194091945488689089e+04 1.074265802617087763e-20 2.093485710151985880e-21
2.195159852299230624e+04 5.103365323991315389e-21 2.153679800334273384e-21
2.196227759193046222e+04 8.941860523491377220e-21 2.179214527179090091e-21
2.197295666164868089e+04 1.319904654799120662e-20 2.074075875196262266e-21
2.198363573209796959e+04 1.260517999922067857e-20 2.129843025846813362e-21
2.199431480322519201e+04 1.113396028337208309e-20 2.246678104421649045e-21
2.200499387498147917e+04 7.593652983509073054e-21 2.188822103005747173e-21
2.201567294731554284e+04 8.596673644964862783e-21 2.303689872963097089e-21
2.202660588718955478e+04 9.825719754768188283e-21 1.949451490739685393e-21
2.203728498215986474e+04 9.569241676901216872e-21 1.965909152339363122e-21
2.204796407744674798e+04 8.265746036141094617e-21 2.050693436905367518e-21
2.205864317310352635e+04 1.375436556560692069e-20 2.134427117807845881e-21
2.206932226907982476e+04 9.920849666653684663e-21 2.246440438010791176e-21
2.208000136532502074e+04 1.156816738426306000e-20 2.352243279768321019e-21
2.209068046178814257e+04 9.211640913380163071e-21 2.182444683066635251e-21
2.210135955841924078e+04 1.053835640657024439e-20 2.152269300773078183e-21
2.211203865516687074e+04 1.403098450175271967e-20 2.283564829423603299e-21
2.212271775198157411e+04 8.286805175264593402e-21 2.281935258798311944e-21
2.213339684881166249e+04 1.072567675786340782e-20 2.354193307821087010e-21
2.214407594560797588e+04 8.113604161602822176e-21 2.215853644532901447e-21
2.215475504231882587e+04 8.106483955134420766e-21 2.177693343513149096e-21
2.216543413889501971e+04 9.566503354103073694e-21 2.152126411918426243e-21
2.217611323528521825e+04 7.424401104938973036e-21 2.063798964789972268e-21
2.218679233144000682e+04 1.033170286499195229e-20 2.027536186936815278e-21
2.219747142741882635e+04 9.867576057871508285e-21 1.926844593479781920e-21
2.220815053198854366e+04 5.873372470503510363e-21 1.855032094448339440e-21
2.221908387206794214e+04 9.632702203940642358e-21 2.097330675623332295e-21
2.222976298823568504e+04 7.894841381091877835e-21 2.150507047895218595e-21
2.224044210391227170e+04 1.850676245871772990e-21 1.977262228017283816e-21
2.225112121904821834e+04 4.554419965630405999e-21 1.844722957680543111e-21
2.226180033359295703e+04 1.159137881711821814e-20 1.993795352875616256e-21
2.227247944749683666e+04 9.775079486445416726e-21 2.161854297635513422e-21
2.228315856070960217e+04 4.573383699480442813e-21 1.918749346891715654e-21
2.229383767318129685e+04 9.792111391413823134e-21 1.958845129088521692e-21
2.230451678486264427e+04 1.364957107522235040e-20 2.023134405185882872e-21
2.231519589570237076e+04 8.900675684990196415e-21 2.154470079895963022e-21
2.232587500565233859e+04 9.751538864598147709e-21 2.058676645463556479e-21
2.233655411466076475e+04 7.136328199533587706e-21 1.936473053209239746e-21
2.234723322268003540e+04 7.170601893420313312e-21 2.067626582721143393e-21
2.235791232965832751e+04 9.139503707297022788e-21 2.266062511936735176e-21
2.236859143554815819e+04 5.293530330133382438e-21 2.080280551253938400e-21
2.237927054029732244e+04 4.553013000768103614e-21 2.067533344492063801e-21
2.238994964385837375e+04 1.014111335460953120e-20 2.119894414276329792e-21
2.240062874618000569e+04 7.467729224692364982e-21 2.032670651728682588e-21
2.241130784721426971e+04 7.436079734645669259e-21 2.093251336486159622e-21
2.242198694690994671e+04 1.296229349524794961e-20 2.081360909135237770e-21
2.243266604521887712e+04 8.943978636287031557e-21 1.946172065110690551e-21
2.244334514209109693e+04 5.896086232191926810e-21 1.855251259687171528e-21
2.245402423731330782e+04 7.063533633964280396e-21 2.051906992348117549e-21
2.246470275678359758e+04 6.665619643694869170e-21 2.047128291547460607e-21
2.247538124208279260e+04 7.807433529104312535e-21 1.851127970562939636e-21
2.248605972573597683e+04 4.883656530396296289e-21 1.913313996276897158e-21
2.249673820770499515e+04 9.038884758069734967e-21 2.078961692249027578e-21
2.250741668794216821e+04 1.202835397952222037e-20 2.048279608951817045e-21
2.251809516639686262e+04 6.873038126568281673e-21 1.766730852091298236e-21
2.252877364302129718e+04 5.286751584081776554e-21 1.671374708557242440e-21
2.253945211776491851e+04 6.383038143383920412e-21 1.813482408179386015e-21
2.255013059057996725e+04 8.244099279194347406e-21 1.844946408438656364e-21
2.256080906141624291e+04 9.761851236302554714e-21 1.950894180366240474e-21
2.257148753022498931e+04 7.648975963704662536e-21 1.922660995256244108e-21
2.258216599695771583e+04 7.505904001894376900e-21 2.093476531924617673e-21
2.259284446156441118e+04 8.090343421589993695e-21 1.916329228420059924e-21
2.260352292399708676e+04 8.402326137125761368e-21 1.816236403209774195e-21
2.261420138420608782e+04 8.391599976570040551e-21 1.969002029479930231e-21
2.262487984214301468e+04 1.194609109693940766e-20 1.927433283422433126e-21
2.263555829775897655e+04 1.017003266712731395e-20 2.000279779437171462e-21
2.264623675100515175e+04 7.286800355434723400e-21 1.830639147779915495e-21
2.265691520183231478e+04 9.764574141716609545e-21 2.075772588772667737e-21
2.266759365019245888e+04 1.064396218660318325e-20 1.856244407258174171e-21
2.267827209603698066e+04 9.034987877555710526e-21 1.635213088305205151e-21
2.268895053931553412e+04 1.145554199683636460e-20 1.671849937034221843e-21
2.269962897998174958e+04 7.265913840086888101e-21 1.874479868980356148e-21
2.271030741798452436e+04 9.003495567077206659e-21 2.074561904962814473e-21
2.272098585327799810e+04 8.285365586605911831e-21 1.854150427432604516e-21
2.273166428581088621e+04 1.060665711787916750e-20 1.905130120070367333e-21
2.274234271553739745e+04 9.561484479492178513e-21 1.696977507625493487e-21
2.275302114240634182e+04 9.275132050367798363e-21 1.953142959531030332e-21
2.276369956637197902e+04 5.961992836369370319e-21 1.807702328221778649e-21
2.277437798738345009e+04 1.110571375241645960e-20 2.050563392770820889e-21
2.278505640539453816e+04 1.437677223854018457e-20 2.205531412721375452e-21
2.279573482035502093e+04 9.647622645884428464e-21 2.119823417404568320e-21
2.280641323221790299e+04 6.431174165780459895e-21 1.873931953665865324e-21
2.281709164093414074e+04 6.413270102872053563e-21 1.774865423061594830e-21
2.282777004645534544e+04 4.579877693432011491e-21 1.734186626013574436e-21
2.283844844873437978e+04 4.024313098939301057e-21 1.845823834843097458e-21
2.284912684772134526e+04 5.329213468868018205e-21 1.937190100061024325e-21
2.285980524336981398e+04 1.077241781651557697e-20 2.046510143585095576e-21
2.287048363563050225e+04 1.416294057188905590e-20 2.058663655616491300e-21
2.288116202445656745e+04 9.451187009808784006e-21 1.972784300814720870e-21
2.289184040979872225e+04 7.497448715210009925e-21 2.022027586435400762e-21
2.290251879160921817e+04 8.493431573737970168e-21 1.834089856046349866e-21
2.291319716984043043e+04 1.037423843883491754e-20 1.851641999139208849e-21
2.292387554444437774e+04 1.259906347914860693e-20 1.754763544820503679e-21
2.293455391537318792e+04 7.960065257102523206e-21 1.839599903263084552e-21
2.294523228257794472e+04 9.390423210324857602e-21 1.646534350034201660e-21
2.295591064601282778e+04 9.831349821333499279e-21 1.905370765959109778e-21
2.296658900562726194e+04 7.407389069467737732e-21 1.689379660086957723e-21
2.297726736137662010e+04 7.774681517601870152e-21 1.632980011625840997e-21
2.298794571320994510e+04 8.470420707071062205e-21 1.961978205718025570e-21
2.299862406108275536e+04 1.165203866128849920e-20 2.012765437284163925e-21
2.300930240494444661e+04 7.324378377821118003e-21 1.917937480802897495e-21
2.301998074474996974e+04 1.213622511157530524e-20 2.082907792837942081e-21
2.303065908044868047e+04 1.387482078554592956e-20 2.003062121978598747e-21
2.304133741199643555e+04 1.012911455055854222e-20 2.018166761719055484e-21
2.305201573934292901e+04 1.135725407376258954e-20 2.056249902896377692e-21
2.306269406244193306e+04 1.056702649356383378e-20 1.826023206585135457e-21
2.307337238124615033e+04 9.925724165863861114e-21 1.792569057698347373e-21
2.308405069570641353e+04 1.123285471615836381e-20 1.874318655473836929e-21
2.309472900577736800e+04 9.555488381043867118e-21 1.806480495723723292e-21
2.310566326415105141e+04 6.079437888718757915e-21 1.849392536310893710e-21
2.311634159518900196e+04 1.284399848920714442e-20 2.035408379393174498e-21
2.312701991303575778e+04 1.220577566270497857e-20 1.807632764719400415e-21
2.313769822619221304e+04 1.220555995213528907e-20 2.007277605749436120e-21
2.314837653471742306e+04 8.425385352423599310e-21 2.011689228110734828e-21
2.315905483856560750e+04 6.991394673539364740e-21 2.157707442042309062e-21
2.316973313768843582e+04 1.046619849059462269e-20 2.024034586338058676e-21
2.318041143203920728e+04 1.020016677575865470e-20 2.029423101821197796e-21
2.319108972157102471e+04 7.689113402594275666e-21 1.621656485728668078e-21
2.320176800623580493e+04 1.224147689575584697e-20 1.788407244174833804e-21
2.321244628598780400e+04 7.790526373284177024e-21 2.062782341401662924e-21
2.322312456077876050e+04 9.278294487847017835e-21 1.952489760321087576e-21
2.323380283056368353e+04 1.082156767414479843e-20 1.891357495036676895e-21
2.324448109529195062e+04 8.248820543474104172e-21 1.989382863792990467e-21
2.325515935492061544e+04 8.042581254596457934e-21 2.038726479881714894e-21
2.326583760940064894e+04 1.603571883758527502e-20 2.140701124836728787e-21
2.327651585868545226e+04 9.807096686283349113e-21 1.985098297319960401e-21
2.328719410272799360e+04 8.189089906843869435e-21 1.859302440400824918e-21
2.329787234158775391e+04 5.458030840304907179e-21 1.839399485730246862e-21
2.330880693730669009e+04 1.136465555803726468e-20 1.896384003986100288e-21
2.331948518639876784e+04 9.257742236886365887e-21 2.023098664762853001e-21
2.333016343005817907e+04 7.779268152290004205e-21 1.881090981118326755e-21
2.334084166823760097e+04 1.306926552068306540e-20 2.009659058302756937e-21
2.335151990089262836e+04 1.102808489703423160e-20 1.989764735228148784e-21
2.336219812797278792e+04 1.018277408328660501e-20 1.950123716293630605e-21
2.337287634943646481e+04 7.509658586426893436e-21 1.963553379436164964e-21
2.338355456523109387e+04 6.815543086838498349e-21 1.919752280739979422e-21
2.339423277531661370e+04 1.069947769388024372e-20 2.009909146603355211e-21
2.340491097964180153e+04 9.972262170693256527e-21 1.788871211846207084e-21
2.341558917816220855e+04 1.163009262024744950e-20 1.925416358235760479e-21
2.342626737083006810e+04 8.476492198510127472e-21 1.638018152442933277e-21
2.343694555760071307e+04 7.437074310250727398e-21 1.625059733437666817e-21
2.344762373842619854e+04 7.630023686438738674e-21 1.630381528264146972e-21
2.345830191326164277e+04 5.695646652745537861e-21 1.783094533224226366e-21
2.346898008206001759e+04 1.460731150665445121e-20 2.090362257879745817e-21
2.347965824477397473e+04 1.306741273152825097e-20 1.953367066276664737e-21
2.349033640136020404e+04 4.696400465535806541e-21 1.878552131592632168e-21
2.350101455176997115e+04 7.694283352445085138e-21 1.868359031003039355e-21
2.351169269595759397e+04 1.091629631769387143e-20 1.694974116155574509e-21
2.352237083387684106e+04 1.262628479357193395e-20 1.668959613265632137e-21
2.353304896548356191e+04 1.047967596237994370e-20 1.674323314165628564e-21
2.354372709072900034e+04 6.420980183030397080e-21 1.912048635783135666e-21
2.355440520956767432e+04 5.902146492604602067e-21 1.810168109179797871e-21
2.356508332195456023e+04 4.970841386359700236e-21 1.818284195845118258e-21
2.357576142784451804e+04 8.488022074518673333e-21 2.152404389576505744e-21
2.358643952718790388e+04 4.329469653510345716e-21 2.047029612457626929e-21
2.359711761994292465e+04 3.676210840133238963e-21 1.814851915852811936e-21
2.360779570606217749e+04 6.417837023990386126e-21 1.898380939833841047e-21
2.361847378549814312e+04 6.400598573065220902e-21 1.915815679493980161e-21
2.362915185820807892e+04 1.661382788461297400e-20 1.979607919174392894e-21
2.363982992414288674e+04 1.110949577061438465e-20 2.034899030534982414e-21
2.365050798326033691e+04 5.862115761193716275e-21 1.907383675374773669e-21
2.366118603551219712e+04 1.051644635616918701e-20 1.942260654912137013e-21
2.367186408085365838e+04 9.305728265658616508e-21 1.845747550649976305e-21
2.368254211923792900e+04 1.134741529398557666e-20 1.884014074304145579e-21
2.369322015062074206e+04 1.178706706886165000e-20 1.913630515354910603e-21
2.370389817495614261e+04 9.232586666817731429e-21 1.836081785764646239e-21
2.371457619219912885e+04 8.807684324511148120e-21 1.801300554462583075e-21
2.372525420230147938e+04 1.393147619120482277e-20 1.895444002656382449e-21
2.373593220522229967e+04 7.579933407403681678e-21 1.711543719894812076e-21
2.374661020091170940e+04 9.372745591523435536e-21 1.761467612078187995e-21
2.375728818932712238e+04 5.694376111221460397e-21 1.744651898597641281e-21
2.376796617042182334e+04 6.523712733629150901e-21 1.966944726199416875e-21
2.377864414415083957e+04 3.359162533775466795e-21 1.880274230721959712e-21
2.378932211046732846e+04 1.805132129053914968e-21 1.922735185965095577e-21
2.380000006932919132e+04 9.684443732550974744e-21 1.931783008837331442e-21
2.381067802068882156e+04 8.753512861348169854e-21 1.686983823897960123e-21
2.382135596450036246e+04 3.917529823655973826e-21 1.764679366800359298e-21
2.383203390072010370e+04 1.056833275527045296e-20 1.725719280636203456e-21
2.384271182930173381e+04 5.456729504902274796e-21 1.687562241013227464e-21
2.385338975020272846e+04 9.668205143189576233e-21 1.839795199805808743e-21
2.386406766337385852e+04 1.124825207538928670e-20 1.794585670648456529e-21
2.387474556877263240e+04 9.478823533817652518e-21 1.879633435682808788e-21
2.388542346635374633e+04 1.003560562644679617e-20 1.836420125259658479e-21
2.389610135607135453e+04 1.164992278377854861e-20 1.791981259106697467e-21
2.390677923788084445e+04 5.392994005943247834e-21 1.801435268656577507e-21
2.391745711173796008e+04 5.733781594450398116e-21 1.646262252056903434e-21
2.392813497759732127e+04 6.176969219620119281e-21 1.810252373018619111e-21
2.393881283541416997e+04 8.864130472206608388e-21 1.848993178267212094e-21
2.394949068514226383e+04 1.142356727855388324e-20 2.055172689930993617e-21
2.396016852673707035e+04 8.271991137983414843e-21 1.862418660191874406e-21
2.397084636015503202e+04 4.128576410114446802e-21 1.914108247881514904e-21
2.398152418535083052e+04 5.043402739147330505e-21 1.844412069317087089e-21
2.399220200228004978e+04 8.192076790622656796e-21 1.783019046158260870e-21
2.400287981089641107e+04 7.556018280381819159e-21 1.796487081208437289e-21
2.401355761115718633e+04 8.843107047808762794e-21 1.970427670469596185e-21
2.402423540301602407e+04 1.071266674095663463e-20 1.851358328443828752e-21
2.403491318642887927e+04 1.334681994363123775e-20 1.770780275277507569e-21
2.404559096135236541e+04 7.362042404138233682e-21 1.693407848356831215e-21
2.405626872773957439e+04 1.096626516239748803e-20 1.888646610865106551e-21
2.406694648554934247e+04 6.542558662335086357e-21 1.831542476995294353e-21
2.407762423473272065e+04 1.419875116813310784e-20 2.067387834350306076e-21
2.408830197524803589e+04 6.006462353745179252e-21 1.652702238150018824e-21
2.409897970705144689e+04 6.529364690590401697e-21 1.673997060929611730e-21
2.410965743009521975e+04 1.163353089952752382e-20 2.010985139587265722e-21
2.412033514433857999e+04 8.311518380845062848e-21 1.862949008295348348e-21
2.413101284973552174e+04 7.274496274464603348e-21 1.642713852298990342e-21
2.414169054624132696e+04 1.003860501896150147e-20 1.680275923931105218e-21
2.415236823381248178e+04 4.702038559583746428e-21 1.686153048201892715e-21
2.416304591240338777e+04 1.295339329033282059e-20 2.095576591980155120e-21
2.417372358197168069e+04 1.973403756474170609e-20 2.129700144515574660e-21
2.418440124247275890e+04 4.686102272186579357e-20 2.543295525871407013e-21
2.419507889386076204e+04 3.738601733191089582e-20 2.259277074760225813e-21
2.420575653609364599e+04 2.403771582184751631e-20 2.067635499678492008e-21
2.421643416912550674e+04 1.228991063107295154e-20 2.170991919325787283e-21
2.422711179291363442e+04 9.832507537914272384e-21 2.010978216989289168e-21
2.423778940741292899e+04 4.981657036847132699e-21 1.756709960914296322e-21
2.424846701258000758e+04 6.921436541236268948e-21 1.984636202448473516e-21
2.425914460837035949e+04 7.158393378621612173e-21 1.933143408070521833e-21
2.426982219473964142e+04 8.286310416365700623e-21 1.878906454056681601e-21
2.428049977164574739e+04 7.119056470226626416e-22 1.820292711036418066e-21
2.429117733904330089e+04 2.126702216596309479e-21 1.685277666377393789e-21
2.430185489688692905e+04 3.718305397888478923e-21 1.732861738070127177e-21
2.431279071581177050e+04 1.058305279293422336e-20 1.757121002775119730e-21
2.432346828353260935e+04 9.824338279980557394e-21 1.801914823701750243e-21
2.433414583326715365e+04 1.099016078235822167e-20 1.679036964938473166e-21
2.434482337316740814e+04 8.836870742429310547e-21 1.823946112595240476e-21
2.435550090329245359e+04 5.383444824024331286e-21 1.851884723220492197e-21
2.436617842359965289e+04 8.813070150976371326e-21 1.759442924281080404e-21
2.437685593404383690e+04 9.409860658007777671e-21 1.877096010414017082e-21
2.438753343458237941e+04 1.243142372552533111e-20 1.905034806742208617e-21
2.439821092517104262e+04 2.308822796804551080e-21 1.966632087651713398e-21
2.440888840576799339e+04 3.309442634547042432e-21 1.724500913585127178e-21
2.441956587632688388e+04 5.752678616762405190e-21 1.728022149045402844e-21
2.443024333680685595e+04 6.696223185039917199e-21 1.659052526700014009e-21
2.444092078716204560e+04 3.415855526211518572e-21 1.603291167178157848e-21
2.445159822735096532e+04 2.600390887050118454e-21 1.659516142110551688e-21
2.446227565732856601e+04 5.411946008044132169e-21 1.916900276490430106e-21
2.447295307705258892e+04 8.082143041248881942e-21 1.814175858294872937e-21
2.448363048647879259e+04 6.671769385222207353e-21 1.822261139443970488e-21
2.449430788556355765e+04 1.054159834800416774e-20 1.688296122379551843e-21
2.450498527426462169e+04 1.066032984980754178e-20 1.868294827336204452e-21
2.451566265253885285e+04 7.816677318652898143e-21 1.777346139653923557e-21
2.452634002044480803e+04 6.374291117532721483e-21 1.745192505021519804e-21
2.453727609100847621e+04 3.476120065913894015e-21 1.715316157312779228e-21
2.454795345837861169e+04 7.530337499954128312e-21 1.856443108760110290e-21
2.455863081514267105e+04 1.032917970283355558e-20 1.916430344159660062e-21
2.456930816126117134e+04 1.029756258866261365e-20 1.778944633286622225e-21
2.457998549668789565e+04 9.498064206215433074e-21 1.729531461185485567e-21
2.459066282138425595e+04 8.107317958293413349e-21 1.837269539515337228e-21
2.460134013530125230e+04 6.350016589243498581e-21 1.767816079380403509e-21
2.461201743840130439e+04 1.006985443983627460e-20 1.730015536594817088e-21
2.462269473063831174e+04 8.293468136193927527e-21 1.650665787468305972e-21
2.463337201196858223e+04 6.281524533169885342e-21 1.726339622555822057e-21
2.464404928235215993e+04 8.987112985845103545e-21 1.713257507552315724e-21
2.465472654174270065e+04 1.698963952885633759e-20 1.865433509320807774e-21
2.466540379010119068e+04 5.083235174960110305e-20 2.324236974896619226e-21
2.467608102738134403e+04 7.254282709839704177e-20 2.717153442432682614e-21
2.468675825354219705e+04 4.143179926823002183e-20 2.388333763024474157e-21
2.469743546853976295e+04 1.697526335794994924e-20 1.974165629534599188e-21
2.470811267233328181e+04 9.336553792895038093e-21 1.755976248157014155e-21
2.471878986487649308e+04 9.264214937143699449e-21 1.838341948630729617e-21
2.472946704613168913e+04 8.184660724119298949e-21 1.728393706106446280e-21
2.474014421605162715e+04 5.452163363767925633e-21 1.751214752891693530e-21
2.475082137459468868e+04 9.841802402082235017e-21 1.741977198803765750e-21
2.476149852172032843e+04 1.208398509554516138e-20 1.712136945739280442e-21
2.477217565738304256e+04 8.358896462712902376e-21 1.674362965518781209e-21
2.478285278154279149e+04 1.068698793725872704e-20 1.823896647494604243e-21
2.479352989415497359e+04 8.759151002271299097e-21 1.836328871650668793e-21
2.480420699517903267e+04 1.144586380846245404e-20 1.682504641095214558e-21
2.481488431678177949e+04 1.156695093137182580e-20 1.618022293297034509e-21
2.482556163106058375e+04 8.771196724461346051e-21 1.534121092055513587e-21
2.483623893362129456e+04 1.034682374066965676e-20 1.675350215148559426e-21
2.484691622442212247e+04 6.114307351285804892e-21 1.697512744647916705e-21
2.485759350342159451e+04 8.727654937756542741e-21 1.804210558082446943e-21
2.486827077057487259e+04 1.159583262754782780e-20 1.612986798149318665e-21
2.487894802584155696e+04 9.956859835791007900e-21 1.655760570771849788e-21
2.488962526918059302e+04 2.182617199885210900e-20 1.806886565288703203e-21
2.490030250054684075e+04 9.189034595598313809e-20 2.825133598662066845e-21
2.491097971990039514e+04 1.990845652938724847e-19 3.766369555328515898e-21
2.492165692719723666e+04 1.400922305532235142e-19 3.341471942075858577e-21
2.493233412239428799e+04 4.611495319020039242e-20 2.365162566771672500e-21
2.494301130545364504e+04 1.042634338494059748e-20 1.717784101234483098e-21
2.495368847632910183e+04 4.364981657954628477e-21 1.629675776773613706e-21
2.496436563498012765e+04 1.663961972422709609e-21 1.678196789460717160e-21
2.497504278136576613e+04 5.840157438036994343e-21 1.691320527062315161e-21
2.498571991544008779e+04 8.167345580584509743e-21 1.689242908922110971e-21
2.499639703716634540e+04 5.643101572579458051e-21 1.669620202698760382e-21
2.500707414649831117e+04 5.742363120416394058e-21 1.742683362811469124e-21
2.501775124339582180e+04 1.137846422576653362e-20 1.827985766632779921e-21
2.502842832781679681e+04 1.064503379248794411e-20 1.688142438916546408e-21
2.503910539971885009e+04 8.833873420312558594e-21 1.988994794694573382e-21
2.504978245906094526e+04 7.579656143716805770e-21 1.704918431320442481e-21
2.506045950580134377e+04 8.435202183615703877e-21 1.713448553636901495e-21
2.507113653989566592e+04 5.982527534448798739e-21 1.886546565828112246e-21
2.508181356130636050e+04 4.204398351369818989e-21 1.730908974062805961e-21
2.509249056998677406e+04 2.907478519696383208e-21 1.676302198096496265e-21
2.510316756590046134e+04 6.179948590514584563e-21 1.720749882283619902e-21
2.511384454900022320e+04 8.146281588976255556e-21 1.888972112009116845e-21
2.512452151924962891e+04 7.233297053076457609e-21 1.798656128166063607e-21
2.513519847660233791e+04 8.542014682383750945e-21 1.704248296643670193e-21
2.514587542102080624e+04 4.899655129494346767e-21 1.629645470717148982e-21
2.515655235246085431e+04 1.122605354292507388e-20 1.710773148468798613e-21
2.516722927088102733e+04 4.541520300861079614e-21 1.601031419587991581e-21
2.517790617623941580e+04 4.148058650860941973e-21 1.711837903723487826e-21
2.518858306849776636e+04 1.244833768632344984e-20 1.728643895132337299e-21
2.519925994761066613e+04 9.214024132503584688e-21 1.845908081223650384e-21
2.520993681353862848e+04 3.803885854046863958e-21 1.695947489977961528e-21
2.522061366623811773e+04 5.980975617277614818e-21 1.713528503910221797e-21
2.523129050567188096e+04 6.080966890752880633e-21 1.755162014983894072e-21
2.524196733179498915e+04 1.343867753303612650e-20 1.710222567869129675e-21
2.525264414456664963e+04 6.629685309088475652e-21 1.495704653671812469e-21
2.526332094394523301e+04 8.582641870345273735e-21 1.532421290303745412e-21
2.527399772989213307e+04 7.427283160632477918e-21 1.771332906047015046e-21
2.528467450236184959e+04 3.132327903312052655e-21 1.931584727943752785e-21
2.529535126131802099e+04 3.610381395521372792e-21 1.652695113079454720e-21
2.530602800671383739e+04 8.209525257385587426e-21 1.624123514545301105e-21
2.531670473851506176e+04 9.548064635114825815e-21 1.709597877889635848e-21
2.532738145667268327e+04 7.564791454624976592e-21 1.622265370462225828e-21
2.533805816115173366e+04 7.953089638848120787e-21 1.678918918537285164e-21
2.534873485190676365e+04 6.582341808626948482e-21 1.621510614953395998e-21
2.535941152889911973e+04 8.267990754634878736e-21 1.785042723506904196e-21
2.537008819208654677e+04 5.403943867615820627e-21 1.922484134384214265e-21
2.538076484143103880e+04 8.755985182670780453e-21 1.859392745100007182e-21
2.539144147688667363e+04 5.712201766653244588e-21 1.529031401763163649e-21
2.540211809841550348e+04 4.973613509726100683e-21 1.673773073671500537e-21
2.541279470597800173e+04 3.332139195602328594e-21 1.291997074039500642e-21
2.542347129953046533e+04 6.631525589555643765e-21 1.334191741863791941e-21
2.543414787903298929e+04 7.431730800205742380e-21 1.532052027693178058e-21
2.544482444444299836e+04 8.496059447158154446e-21 1.555676739202364892e-21
2.545550099572417093e+04 8.345178062886363807e-21 1.748112048660034508e-21
2.546617753282991907e+04 7.407180188304049898e-21 1.553377236148032152e-21
2.547685405572363743e+04 9.929281876678448266e-21 1.647670798912441493e-21
2.548753056436353290e+04 7.728797052325331528e-21 1.694330768033402642e-21
2.549820705870919119e+04 6.843728036617601658e-21 1.524860445941501241e-21
2.550888353871720028e+04 8.554293280211600887e-21 1.598362359335840097e-21
2.551956000434877569e+04 1.229376317337273968e-20 1.731298554826547483e-21
2.553023645556578049e+04 3.189801160559224407e-21 1.711115413818502861e-21
2.554091289232309646e+04 2.769794104526955997e-21 1.655691463632384029e-21
2.555158931458418738e+04 5.328584916581404170e-21 1.724680773344751278e-21
2.556226572230299644e+04 4.962856208507934252e-21 1.574475693941087989e-21
2.557294211544641803e+04 5.484864429155427056e-21 1.500961632865003449e-21
2.558361849396699836e+04 8.492115337273583286e-21 1.513536923426403305e-21
2.559429485782892152e+04 7.607133857448062466e-21 1.394495464458939473e-21
2.560497120698971776e+04 9.630523208404944458e-21 1.562531056124654576e-21
2.561564754140923105e+04 7.883911414933589922e-21 1.701861758500058669e-21
2.562632386104741818e+04 6.524749784458424928e-21 1.588470069981391062e-21
2.563700016586285710e+04 9.375611345125095591e-21 1.614707114445314369e-21
2.564767645581487523e+04 9.044753478573133293e-21 1.792673282762110187e-21
2.565835273086673624e+04 6.974693980701694434e-21 1.767575895772989737e-21
2.566902899097247064e+04 8.156082482852223857e-21 1.715752708557889623e-21
2.567970523609650627e+04 6.446501847597857262e-21 1.656827985460946950e-21
2.569064233912837517e+04 5.993656465578614979e-21 1.769137905460234139e-21
2.570131858249189099e+04 6.682974321054758087e-21 1.580559594351329424e-21
2.571199480279689305e+04 9.281370766284657406e-21 1.716847436306340882e-21
2.572267100785180446e+04 8.087057763012803531e-21 1.758940076350773830e-21
2.573334719771928212e+04 8.225987392441273346e-22 1.684561797568021208e-21
2.574402337236174208e+04 4.277319294386901769e-21 1.703323919561710720e-21
2.575469953173325121e+04 5.430250669694450767e-21 1.700771686221462186e-21
2.576537567579844472e+04 5.155675147312971498e-21 1.618082747857502555e-21
2.577605180451553679e+04 2.263657073618200565e-21 1.626321633065218308e-21
2.578672791784433502e+04 9.790219597216904267e-21 1.599228923898379136e-21
2.579740401574421048e+04 8.343803725392347018e-21 1.590823956570513154e-21
2.580808009817816856e+04 6.034562896354832488e-21 1.562777275183324220e-21
2.581875616510040345e+04 5.590145268513654986e-21 1.644544681859548877e-21
2.582943221647756218e+04 6.574456505919472252e-21 1.478655135320871995e-21
2.584010825226638190e+04 7.746722789791981713e-21 1.443491154319169963e-21
2.585078427242657563e+04 1.135694284215576674e-20 1.587286509826051793e-21
2.586146027692186544e+04 7.954481139293422340e-21 1.647232972601209353e-21
2.587213626570680935e+04 7.247369711802114487e-21 1.553173729049578351e-21
2.588281223874496209e+04 8.496638141367118781e-21 1.584613347347871522e-21
2.589348819599725903e+04 1.049752199003832022e-20 1.666461279375152899e-21
2.590416413742281657e+04 8.059617201686278454e-21 1.412357830423428165e-21
2.591484006298102031e+04 6.748219793498497728e-21 1.683268328428112117e-21
2.592551597263260192e+04 8.808187163804549635e-21 1.714466304220297575e-21
2.593619186644135334e+04 4.904806956675245292e-21 1.597613767588268666e-21
2.594712911090983835e+04 1.026030026790477691e-20 1.697095314390366079e-21
2.595780499280551157e+04 8.787168055770092560e-21 1.607438779863582799e-21
2.596848085863380038e+04 6.745837000495743744e-21 1.473898090676090330e-21
2.597915670835640412e+04 7.918211853402541248e-21 1.675337208179907829e-21
2.598983254193028552e+04 5.330764601489757406e-21 1.551483715278896947e-21
2.600050835931962865e+04 4.468526904668727884e-21 1.715315040535064113e-21
2.601118416048170548e+04 4.113780085760283519e-21 1.570772638701183369e-21
2.602185994537964871e+04 9.742176254668865307e-21 1.660598096343502715e-21
2.603253571397326959e+04 8.283382783430115292e-21 1.700975194660844147e-21
2.604321146622245942e+04 7.678008402497587581e-21 1.567801419191249452e-21
2.605388720208814266e+04 4.047127328811198804e-21 1.496074026608292093e-21
2.606456292152987226e+04 1.045444565724223831e-20 1.738660850843370554e-21
2.607523862450887464e+04 7.844741672063309006e-21 1.554365165406289543e-21
2.608591431098799148e+04 3.363373553343301133e-21 1.580246376420834250e-21
2.609658998092663751e+04 5.794771120493313239e-21 1.599150623645422125e-21
2.610726563428308509e+04 6.676702553040204504e-21 1.781225774191907624e-21
2.611794127101918639e+04 7.602529398721694844e-21 1.697658530826125034e-21
2.612861689110118459e+04 8.617007358285593547e-21 1.637418024607566742e-21
2.613929249448214250e+04 1.391918907368445212e-20 1.791195214394748694e-21
2.614996808112661165e+04 1.014523369668774772e-20 1.713066296925765224e-21
2.616064365099788483e+04 9.280025811319187902e-21 1.697028677483681988e-21
2.617131920404942503e+04 1.110501152824959888e-20 1.694992443457287797e-21
2.618199474025005111e+04 7.307296177287491784e-21 1.618131081440789230e-21
2.619267025955712597e+04 4.667026822800942864e-21 1.670188097629037561e-21
2.620334576193039175e+04 5.632878605722137362e-21 1.530449332844949053e-21
2.621402124733413439e+04 9.566651411205972574e-21 1.586171462755681046e-21
2.622469671572421430e+04 6.086090765321752612e-21 1.640557010571409356e-21
2.623537216706806794e+04 7.730239171571255218e-21 1.643960025412251178e-21
2.624604760132406591e+04 7.604009600759922429e-21 1.692329073028737668e-21
2.625672301844941830e+04 8.745077341580435179e-21 1.721748818110147480e-21
2.626739841841343150e+04 7.844701133777834375e-21 1.675504141232447827e-21
2.627807380116848071e+04 6.857824076415711534e-21 1.694331560659433195e-21
2.628874916668206788e+04 8.173421709332474272e-21 1.810368307931878292e-21
2.629942451491204702e+04 5.881428746204093619e-21 1.510247451405264229e-21
2.631009984582085235e+04 5.460000089411616902e-21 1.520692087011783214e-21
2.632077515937054704e+04 6.102238964279869667e-21 1.639214854810269394e-21
2.633145045552029842e+04 6.179126911454454589e-21 1.586567016761555729e-21
2.634212573423405047e+04 8.041517190525764931e-21 1.697360673662209593e-21
2.635280099546966449e+04 1.078896043871794447e-20 1.671250421963801076e-21
2.636347623919073885e+04 1.044959189334684262e-20 1.632195910831398809e-21
2.637415146535819804e+04 6.827643710222260311e-21 1.641075779764078074e-21
2.638482667393472730e+04 5.812444459875012701e-21 1.571424793778602847e-21
2.639550186487933024e+04 6.392728454168255736e-21 1.696456604925499469e-21
2.640617703815442655e+04 8.898556683841153686e-21 1.609978008797170801e-21
2.641685219372301071e+04 8.719741212545845241e-21 1.678382104844367572e-21
2.642752733154399903e+04 1.099091774462283591e-20 1.726285936796782381e-21
2.643820245157984755e+04 7.406024902859352957e-21 1.627363471016843375e-21
2.644887755379223381e+04 7.348966560543086889e-21 1.634205086075103871e-21
2.645955263814313366e+04 7.218501418449390737e-21 1.508164501174487372e-21
2.647022770459347521e+04 1.230213924055865047e-20 1.472081909761790371e-21
2.648090275310668585e+04 4.144556933396446767e-21 1.714573260835481976e-21
2.649157778364167461e+04 5.009192544454788030e-21 1.359490971381013689e-21
2.650225279616245825e+04 8.511798630871239021e-21 1.367647589115351463e-21
2.651292779062802947e+04 7.618288631841733313e-21 1.449097912877126694e-21
2.652360276700192844e+04 8.516095639082286525e-21 1.414548671175205383e-21
2.653427772524510510e+04 5.439800531249896085e-21 1.528381313889186668e-21
2.654495266531983361e+04 1.364984193378119636e-20 1.652626210227729183e-21
2.655562758718966143e+04 7.085762528182228452e-21 1.458200259440099831e-21
2.656630249081247894e+04 5.080252361724927621e-21 1.592321595552744324e-21
2.657697737615225924e+04 1.046799529781072384e-20 1.717325035190388704e-21
2.658765224317101092e+04 4.798345983226666148e-21 1.491658819641090854e-21
2.659832709182982580e+04 6.264298019519548301e-21 1.444378330905472896e-21
2.660900192208961744e+04 4.535157303283257322e-21 1.418404189294234875e-21
2.661967673391721110e+04 1.080654276070647087e-20 1.645794363496727008e-21
2.663035152727058085e+04 4.921313202629290961e-21 1.514824981495698808e-21
2.664102630211076030e+04 6.630054614789227257e-21 1.578550530716867449e-21
2.665170105840143879e+04 7.431430605074030328e-21 1.642995266502233641e-21
2.666237579610383546e+04 2.328894206663572769e-21 1.615659972507398998e-21
2.667305051517902757e+04 9.526643661292696574e-21 1.496781340114196563e-21
2.668372521559240340e+04 8.360923069461186582e-21 1.532330844755663567e-21
2.669439989730207162e+04 6.696586583716782083e-21 1.531875314300008969e-21
2.670507456027554872e+04 1.360326799146405770e-21 1.540312467648054648e-21
2.671574920447191471e+04 4.636405114482521136e-21 1.714648371021843982e-21
2.672642382985258519e+04 5.053331124094895541e-21 1.534046812680079994e-21
2.673709843637865924e+04 7.692303756920299201e-21 1.725338832605905328e-21
2.674777302401412817e+04 6.281510086214240490e-21 1.459228860162498951e-21
2.675844759271888688e+04 6.698311016025289448e-21 1.485311212652845837e-21
2.676912214245726500e+04 5.872863653040180740e-21 1.621815961540063831e-21
2.677979667319175496e+04 7.047919571641540741e-21 1.511426220673035719e-21
2.679047118488888373e+04 9.543629339942357929e-21 1.723622552707300450e-21
2.680114567750318383e+04 3.718724378738684486e-21 1.647600709027693591e-21
2.681182015100217541e+04 6.069189859353992574e-21 1.629347198752882135e-21
2.682249460534434184e+04 2.356339612510982840e-21 1.639422915601890352e-21
2.683316904049230652e+04 6.729491999822845224e-21 1.699321512348212747e-21
2.684384345641046457e+04 7.341857641344026463e-21 1.689254172461711948e-21
2.685451785306070087e+04 7.389409140966199312e-21 1.622903213370450047e-21
2.686519223040889119e+04 8.537376796399735351e-21 1.564282517108443516e-21
2.687586658841296594e+04 1.178314708441020069e-20 1.561529933153524102e-21
2.688654092703994684e+04 7.224575749488666028e-21 1.679577066097226083e-21
2.689721524624400263e+04 7.427370452770968789e-21 1.636377315737391779e-21
2.690788954599315184e+04 3.393696926430124137e-21 1.619793173565268897e-21
2.691856382624963226e+04 1.345800731475047585e-21 1.470893352709240983e-21
2.692923808697737695e+04 2.110382061592004479e-21 1.485490170664124619e-21
2.693991232813968963e+04 7.881550056511243022e-21 1.597398335685257059e-21
2.695058654969391864e+04 1.106008228807838632e-21 1.624554982755606955e-21
2.696126075161055996e+04 7.355775360894239338e-21 1.663594336311129529e-21
2.697193493384303656e+04 5.303506274161146255e-21 1.509984426277736128e-21
2.698260909635726057e+04 7.911293897161046360e-21 1.609505371818196009e-21
2.699328323912021006e+04 4.981370783462202061e-21 1.829995081807791983e-21
2.700395736209218740e+04 2.225299601054604648e-21 1.694862557900295710e-21
2.701463146523760952e+04 5.823012658204750598e-21 1.631478428468659498e-21
2.702530554851332272e+04 7.226632390555639425e-21 1.747308984374556784e-21
2.703597961189146736e+04 6.703791631457987416e-21 1.682637619053118517e-21
2.704665365532301803e+04 6.271732439254901231e-21 1.808359852371854121e-21
2.705732767878031154e+04 5.089693310269723067e-23 1.790812468139143705e-21
2.706800168222165303e+04 2.844167071756502631e-21 1.799294877209563203e-21
2.707867566561185231e+04 1.122726015314494884e-20 1.619720283528829146e-21
2.708934962891840041e+04 7.224388196529761647e-21 1.914129032310069380e-21
2.710002357209421461e+04 5.342804762215189228e-21 1.790152444587212393e-21
2.711069749510772454e+04 1.104942858219204157e-20 1.909650908818759636e-21
2.712137139792327798e+04 4.847784277023787911e-21 1.701159025970562919e-21
2.713204528050028239e+04 1.159017853752497659e-20 1.810722285617940462e-21
2.714271914280581041e+04 6.284990475597823393e-21 1.690226636171901446e-21
2.715339298476615295e+04 2.741500686273154814e-21 1.623623152418714230e-21
2.716406659653945826e+04 1.088421393264887091e-20 1.758602270390727938e-21
2.717474016927510820e+04 7.137402396326146868e-21 1.684480063117370892e-21
2.718541372159249659e+04 6.489789400856459758e-21 1.675020589950096749e-21
2.719608725345261701e+04 9.566068920221847015e-21 1.874435080678259528e-21
2.720676076481780547e+04 1.164070668989503832e-20 1.773335986944157715e-21
2.721743425565645521e+04 5.835173470176956905e-21 1.667945739583967244e-21
2.722810772592415015e+04 8.990689392205289197e-21 1.861788000307085051e-21
2.723878117558635131e+04 7.202524433222215010e-21 1.843237576763995682e-21
2.724945460461354014e+04 7.799308613433916483e-21 1.803959590934703781e-21
2.726012801296151883e+04 5.905757555967358446e-21 1.769958352206552116e-21
2.727080140059539190e+04 7.025000631448566126e-21 1.697590489990716964e-21
2.728147476747716792e+04 1.091932671056645413e-20 1.843200616175825111e-21
2.729214811356998689e+04 9.967601492203854294e-21 2.436007702296645421e-21
2.730282143884377001e+04 8.676091212425752658e-21 2.021410461499838741e-21
2.731349474325562187e+04 6.567673866966840052e-21 1.605410027795843772e-21
2.732416802676890075e+04 8.951781092819986032e-21 1.832227318751038790e-21
2.733484128934976616e+04 6.447437530102723230e-21 1.606827960734720667e-21
2.734577846407945253e+04 1.108529713250203425e-20 1.871611178075919307e-21
2.735645170459145447e+04 1.275391621939400751e-20 1.828091358582054297e-21
2.736712492396217931e+04 2.605791321045119149e-21 1.703565734679187760e-21
2.737779812224681154e+04 5.028043934959298315e-21 1.927226979488484557e-21
2.738847129941288949e+04 4.156771472196044209e-21 1.682041614523366691e-21
2.739914445542384783e+04 1.114960556707718424e-20 1.771454893964551157e-21
2.740981759024279017e+04 5.304646101891645815e-21 1.891662916822399419e-21
2.742049070383742583e+04 7.586350209325324436e-21 1.666790551283207919e-21
2.743116379616448103e+04 3.110016304049633967e-21 1.748858183233498594e-21
2.744183686719039542e+04 7.710445488657420993e-21 1.959103478753916542e-21
2.745250991687933856e+04 1.033797240196488592e-20 1.908873023961206342e-21
2.746318294519528354e+04 9.445267105586318865e-21 1.964713370361407254e-21
2.747385595210504471e+04 7.076715771104525573e-21 2.015931989122233303e-21
2.748452893756697085e+04 1.385422729501433130e-20 1.819615911068196460e-21
2.749520190154531520e+04 1.285144184115605638e-20 1.915080110861659758e-21
2.750587484400375251e+04 1.117993608943536034e-20 1.851436756399859681e-21
2.751654776491083248e+04 9.522688545890978325e-21 1.781855618577097635e-21
2.752722066422754870e+04 9.221673268798141944e-21 1.837993133322737470e-21
2.753789354191773600e+04 7.938863831649610845e-21 1.898553208555608213e-21
2.754856639794288276e+04 4.974250094534940294e-21 1.718710683586914827e-21
2.755923923226547049e+04 7.024878002136214225e-21 1.737004491282422624e-21
2.756991204485859635e+04 9.621911256051182647e-21 1.699564239875299987e-21
2.758058483568244992e+04 1.102414952690983164e-20 1.780823025897854145e-21
2.759125760469515808e+04 4.969096060368451409e-21 1.821651866357884702e-21
2.760193035186491034e+04 4.198654327034819616e-21 1.954588121037163198e-21
2.761260307715396266e+04 9.666102389120242916e-22 1.711228850277832745e-21
2.762327578053102843e+04 8.530373935520495937e-21 1.915233205105187810e-21
2.763394846205565045e+04 7.715931215263325172e-21 2.079294585720826377e-21
2.764488560830690403e+04 9.255610136416773776e-21 1.931385194586246736e-21
2.765555826545470700e+04 5.028634375581603711e-21 1.829847425140356535e-21
2.766623090054423665e+04 9.850385417697608853e-21 1.963829515161719899e-21
2.767690351353296137e+04 8.676856611808299688e-21 1.822190312686062484e-21
2.768757610439432756e+04 1.154697009355737643e-20 1.899619545505288930e-21
2.769824867308073226e+04 8.502792518680936439e-21 1.845529161605884149e-21
2.770892121956417031e+04 7.684429313863292096e-21 1.863955112965920903e-21
2.771959374380912413e+04 4.403157688726764019e-21 1.935541536701673760e-21
2.773026624577592884e+04 1.519216886661001261e-20 2.113959854266949031e-21
2.774093872543203179e+04 6.437484159762900195e-21 2.014470264523634122e-21
2.775161118273871398e+04 9.181191450103857539e-21 1.932541491786292846e-21
2.776228361766210583e+04 8.984027781810201787e-21 1.918334549448403893e-21
2.777295603016405948e+04 5.466963596973454126e-21 1.769366883720244959e-21
2.778362842021680990e+04 3.893981958670546020e-21 1.793770762096035945e-21
2.779430078777553717e+04 6.725053771597787142e-21 1.904014991026399058e-21
2.780497313280635353e+04 5.575628528965310173e-21 1.812880766115231128e-21
2.781564545527687369e+04 3.584475126751276087e-21 1.915409734149833337e-21
2.782631775515228946e+04 2.678692031975932846e-21 1.743260928562143567e-21
2.783699003239320155e+04 7.165963478598269758e-21 1.824855332160689321e-21
2.784766228696544931e+04 1.057353495730312434e-20 1.973795394538114332e-21
2.785833451883185262e+04 7.767753283083356329e-21 1.810454520399155082e-21
2.786900672796292929e+04 4.740096738741866350e-21 1.828362142206936842e-21
2.787967891431745011e+04 6.765767309228845159e-21 1.798074403520881578e-21
2.789035107786299704e+04 1.237940387997268098e-20 1.929514078913909177e-21
2.790102321855926857e+04 1.057928034932411646e-20 1.908575320731738678e-21
2.791169533637845961e+04 1.064510266891636295e-20 1.952129200989951919e-21
2.792236743127903537e+04 9.900353420223626462e-21 2.034410703501719242e-21
2.793303950322560195e+04 5.730352610771836985e-21 1.757075679032097808e-21
2.794371155218708009e+04 5.561316277599441907e-21 2.041752362004841135e-21
2.795438357812618779e+04 1.274096808408771470e-21 1.828376633985138989e-21
2.796505558100886628e+04 -4.614559724192268894e-22 1.812804148510294691e-21
2.797572756079270403e+04 6.736619604903031208e-21 1.902786648708519005e-21
2.798639951745220606e+04 8.512619613208323788e-21 1.770909070329140834e-21
2.799707145094997031e+04 5.772958597677904130e-21 1.717964296840000766e-21
2.800774336124645561e+04 9.461673973164016843e-21 1.972261901059942940e-21
2.801841524830908384e+04 9.574888247144766337e-21 1.656489379428119811e-21
2.802908711210261026e+04 9.872025846874412403e-21 1.815826162225933801e-21
2.803975895259137542e+04 3.551634893957958203e-21 1.813399903020571826e-21
2.805043076974040741e+04 7.685954117808834303e-21 1.898014101041730697e-21
2.806110256351296630e+04 7.252029625329586018e-21 2.008958992792656085e-21
2.807177433387780547e+04 4.820193182297379210e-21 1.931534975768511435e-21
2.808244608079912359e+04 4.221718878006713093e-21 1.630037247693334499e-21
2.809311780423471646e+04 8.410913734454967076e-21 1.839068440446833570e-21
2.810378950416133739e+04 6.772479946081483178e-21 1.915450566831666035e-21
2.811446118053590908e+04 8.941496419447041162e-21 1.854871485021479275e-21
2.812513283332496940e+04 3.403488922342045257e-21 1.685762243169415573e-21
2.813580446249613306e+04 4.244565786680448256e-21 1.623337744990825059e-21
2.814647606800849826e+04 8.753826134249156345e-21 1.693216119519282162e-21
2.815714764983064015e+04 6.596135494561166349e-21 1.670110143593357766e-21
2.816781920792961319e+04 -3.016901233134274181e-22 1.579990983302114020e-21
2.817849074226699304e+04 1.565452015334642508e-21 1.850306100064879293e-21
2.818916225281179868e+04 3.712789948787293061e-21 1.695488449131272024e-21
2.819983373952457623e+04 3.573286190651739885e-21 1.837017340414807793e-21
2.821050520237691671e+04 3.162194252963742716e-21 1.669938763471630620e-21
2.822117664132817663e+04 4.714910295879920938e-21 1.787135412456991660e-21
2.823184805634550503e+04 3.920871528822570955e-21 1.848320518027091648e-21
2.824251944739136161e+04 8.737637017076633278e-21 1.889697884791859680e-21
2.825319081443574760e+04 9.026191445357204550e-21 1.998381731539250690e-21
2.826386215743990033e+04 5.057353381275192038e-21 1.948060750531402775e-21
2.827453347637291154e+04 6.203893732833179860e-21 1.888677503294718111e-21
2.828520477119761927e+04 7.110224115349627610e-21 1.922703268130110881e-21
2.829587604187797115e+04 2.847763036106396925e-21 2.010263321097660082e-21
2.830654728838325173e+04 6.384445815311769852e-21 1.728207655904245666e-21
2.831721851067651369e+04 7.096889304701190059e-21 1.830602636089267315e-21
2.832788970872093705e+04 4.330532034759922934e-21 1.786401754391212553e-21
2.833856088248642845e+04 5.201825424697627329e-21 1.608664741286904291e-21
2.834923203193431618e+04 7.769160414006062724e-21 1.821425861094993286e-21
2.835990315703566739e+04 8.766273971942240363e-21 1.928802966318577225e-21
2.837057425774586955e+04 4.355684780250726572e-21 1.935812742582753346e-21
2.838124533404090471e+04 4.044230576382269339e-21 1.907706303954206172e-21
2.839191638588214482e+04 1.074632282525286164e-20 2.163760727381394311e-21
2.840258741323047070e+04 8.563105028605813363e-21 2.054076590377644491e-21
2.841325841606395988e+04 6.065565387993267061e-21 1.866082194686415302e-21
2.842392939433412539e+04 8.896004091484670531e-21 1.693580242000924180e-21
2.843460034801258371e+04 5.860586540236870049e-21 1.857474674871901223e-21
2.844527127706634565e+04 5.232825510120773673e-21 1.937185276575357208e-21
2.845594218145740888e+04 7.408406081342647673e-21 1.804686363049020441e-21
2.846661306115561456e+04 6.619636138489438392e-21 1.911061951250742458e-21
2.847728391612246560e+04 2.377580258716941946e-21 1.845078111458363773e-21
2.848795474632501282e+04 3.333989051531643805e-21 1.765907641658928544e-21
2.849862555173156579e+04 5.606930670120149793e-21 1.937613032641379010e-21
2.850929633230379113e+04 4.776192651727105383e-21 2.178253543959800680e-21
2.851996708801352361e+04 9.650975929614091376e-21 1.899524980929283461e-21
2.853063781881549949e+04 6.349854548597516842e-21 1.745099795498898194e-21
2.854130852468646117e+04 1.625287320115130388e-21 1.743956351858514669e-21
2.855197920558807527e+04 4.796108861585167732e-21 1.769000752320945686e-21
2.856264986148609751e+04 6.185956293362955929e-21 1.862342553710015917e-21
2.857332049234143415e+04 4.584842533607032043e-21 1.766321655020655126e-21
2.858399109812896495e+04 4.593035089414777826e-21 1.917814968169763149e-21
2.859466167880828652e+04 7.789797223595618382e-21 1.754438683067127419e-21
2.860533223434939646e+04 6.486201366323340634e-21 1.902520744045682524e-21
2.861600276471327015e+04 7.957264326029983235e-21 1.835309862053098090e-21
2.862667326987071283e+04 1.141779727841407800e-20 1.877480567429127312e-21
2.863734374978346023e+04 4.649536280742980569e-21 1.839637081203386523e-21
2.864801420441950540e+04 8.395424761755223072e-21 1.746850144166837303e-21
2.865868463374409475e+04 9.951593235781308163e-21 1.883035553703415647e-21
2.866935503772598531e+04 4.465799833310963200e-21 1.682742075798925891e-21
2.868002541632488283e+04 3.897239201874913934e-21 1.953231634255399494e-21
2.869069576951306954e+04 5.918493644148250425e-21 1.972514661392074753e-21
2.870136609725382368e+04 7.901030959744247177e-21 1.717707851637509969e-21
2.871203639951375226e+04 9.920283182960565216e-21 1.894725429243769001e-21
2.872270667626111026e+04 1.012127691889914423e-20 1.994595010943612962e-21
2.873337692745773893e+04 9.695893596599393932e-21 1.995613590713339751e-21
2.874404715306914295e+04 1.253410775999390241e-22 1.751310932855065432e-21
2.875471735306820483e+04 6.826266863167741804e-21 1.940723181026294944e-21
2.876538752741488133e+04 8.688876160354991007e-21 2.165016307040315785e-21
2.877605767607740927e+04 6.926600501332881814e-21 1.902985111991868468e-21
2.878672779902358889e+04 1.046268308860687814e-20 1.741390622358635593e-21
2.879739789621559976e+04 8.278235920308999531e-21 1.889924794458378098e-21
2.880806796762204249e+04 5.495096361282707293e-21 1.874950255283969387e-21
2.881873801321121209e+04 8.579194513002462042e-21 1.801093683371295892e-21
2.882940803294260331e+04 8.986801362205941174e-22 1.711925243688348742e-21
2.884007802678887310e+04 7.426681167417926726e-21 1.888467622918891192e-21
2.885074799471669394e+04 1.293651809126775848e-20 2.034249345144392554e-21
2.886141793668801256e+04 4.030818192677802291e-21 1.894416861505951156e-21
2.887208785266894483e+04 7.675244354686884907e-21 1.936482957822670812e-21
2.888275774263195854e+04 2.235103032007380459e-21 1.758017209478771840e-21
2.889342760653749065e+04 6.324724316046856576e-21 2.018137717757003885e-21
2.890409744435402172e+04 3.368707493594686529e-21 1.885563019960198142e-21
2.891476725604784951e+04 5.992677446111407209e-21 2.053653919607541775e-21
2.892543704158265245e+04 -5.722816504128398596e-22 1.970251078052767505e-21
2.893610680092980692e+04 7.639873354048460390e-21 2.108043436796718794e-21
2.894677653405358797e+04 4.718304461584092603e-21 1.680062477852075177e-21
2.895744624092042068e+04 8.376672078079624800e-21 1.922719844588425686e-21
2.896811592149834905e+04 6.199389578658850559e-21 2.082107352622316226e-21
2.897878557575003288e+04 1.043788138726688134e-20 1.884242745165714751e-21
2.898945520364423282e+04 5.928135086719621545e-21 1.860562204190449806e-21
2.900012480514747949e+04 3.084550697877970285e-21 1.989352203642206150e-21
2.901079438022370960e+04 1.257469561852380623e-20 2.154886111316096444e-21
2.902146392884392844e+04 4.441158825371853490e-21 2.047871470652511481e-21
2.903213345097503043e+04 9.891372248982334229e-21 2.011622964875184339e-21
2.904280294657705235e+04 4.039312165205243639e-21 1.891263969753723770e-21
2.905347241562298223e+04 4.517972496428393140e-21 1.942721987341900044e-21
2.906414185807688045e+04 5.954630392442343262e-21 1.656229959517882834e-21
2.907481127390592883e+04 1.043767638246528815e-20 1.937862574386290973e-21
2.908548066307681438e+04 1.731051619542683576e-21 2.021255851336180065e-21
2.909615002555395040e+04 5.178086983959749761e-21 1.922412199979541245e-21
2.910681936130787290e+04 9.726367814456963432e-21 1.817078973736054492e-21
2.911748867030138717e+04 5.154837639603324684e-22 1.616014410209824191e-21
2.912815795250570955e+04 2.193143873097435826e-21 1.778005602688507309e-21
2.913882720788757069e+04 9.319770214489668439e-22 2.074458527678636180e-21
2.914949643640683280e+04 6.297668530042566556e-21 1.952139534374812572e-21
2.916016563803679674e+04 9.556242376519275516e-21 2.032365407406376234e-21
2.917083481274248334e+04 4.818683012702341720e-21 1.682695744007858600e-21
2.918150396048842958e+04 2.993957999017284724e-21 1.755830949611167283e-21
2.919217308124589181e+04 3.353213646872292878e-21 1.723080724175265049e-21
2.920284217497885402e+04 9.647738552856426164e-21 1.797836999974415376e-21
2.921351124165263172e+04 7.906254820068737039e-21 1.877034833468300948e-21
2.922418028123853946e+04 8.242080920859687325e-21 1.946717068528559597e-21
2.923484929369901147e+04 1.012161696431466912e-20 1.991029592496983010e-21
2.924551827900506760e+04 8.801658587607845610e-21 2.132640699450408779e-21
2.925618723712145948e+04 6.718883387189233688e-21 1.892482216994571852e-21
2.926685616801766810e+04 3.699527566599583310e-21 1.935630106341642846e-21
2.927752507165397037e+04 4.789775444233353832e-21 1.956938539103290086e-21
2.928819394799957445e+04 3.868884931282950302e-21 2.078353648846103510e-21
2.929886279702972388e+04 9.155105765524783554e-21 1.988235747414932156e-21
2.930953161869872929e+04 7.592298526700965529e-21 2.126645989400422842e-21
2.932020041298700380e+04 2.910223619570956890e-21 1.842012684703687726e-21
2.933086917985266336e+04 3.207293036783294115e-21 1.672255307551311779e-21
2.934153791926245685e+04 9.698244612225882186e-21 1.919972837144163402e-21
2.935220663118563607e+04 8.493061336966532477e-21 1.878145759882877791e-21
2.936287531559417039e+04 2.567275800410866572e-22 1.900705765159095130e-21
2.937354397244393476e+04 5.057766724666442657e-21 1.806291575612549126e-21
2.938421260171101676e+04 5.354576271366214411e-21 1.745047188642763849e-21
2.939488120336431530e+04 5.623201136596340022e-21 1.759720015902871371e-21
2.940554977736236833e+04 8.044156676853816745e-21 1.957553632206898849e-21
2.941621832367703973e+04 6.770662516372313179e-21 2.010477442865272592e-21
2.942688684227545309e+04 3.878337046609407058e-21 1.826819690626198576e-21
2.943755533312927219e+04 5.375000371354461197e-21 1.890583582272387693e-21
2.944822379619395360e+04 9.293018103733453630e-21 1.988208212904644936e-21
2.945889223144862626e+04 9.497607442439852588e-21 1.935959152620737898e-21
2.946956063885373442e+04 6.582311445472089433e-21 2.018580309600883989e-21
2.948022901837885001e+04 3.245851085636578066e-21 1.641257131375797555e-21
2.949089736999318484e+04 5.447976689434632786e-21 1.757613971094006635e-21
2.950156569367877091e+04 8.215166530843737903e-21 2.004027555910804423e-21
2.951250191035222088e+04 2.277295083450015993e-21 1.767204717797889117e-21
2.952317030067256201e+04 3.822077010285045258e-21 1.886273234250997473e-21
2.953383865614549359e+04 4.576595202879673894e-24 1.900213420816116895e-21
2.954450698344522971e+04 3.850730853692373693e-21 1.669900239035663928e-21
2.955517528263295389e+04 5.506241872572505031e-21 1.879855743301630424e-21
2.956584355367652824e+04 2.236257572822244039e-21 1.515050210417194675e-21
2.957651179654555381e+04 5.585958218713220623e-21 1.614808991556445169e-21
2.958718001120305780e+04 5.920389939317205671e-21 1.661725066049472852e-21
2.959784819761829931e+04 9.937206159713587098e-21 1.583535229543758641e-21
2.960851635575888213e+04 3.324696976139947738e-21 1.684054428562020655e-21
2.961918448559255194e+04 6.731746031055047624e-21 1.953298467322386652e-21
2.962985258708682522e+04 1.297548927669634020e-20 2.158979147896770334e-21
2.964052066021141945e+04 7.182723104782692020e-21 1.789166844775961512e-21
2.965118870492898714e+04 3.905663768341524822e-21 2.029550554137280305e-21
2.966185672120731033e+04 -2.572519290124880176e-21 1.955742591718811261e-21
2.967252470902087225e+04 1.192177207476717105e-21 1.687370164282513945e-21
2.968319266833274742e+04 6.416570679358642175e-21 1.792696701157889700e-21
2.969386059910601034e+04 8.817742127289201610e-21 1.899615764001126785e-21
2.970452850131459491e+04 9.872746423733385651e-21 1.602715028893816507e-21
2.971519637492421680e+04 3.748217806332624937e-21 1.770951187042814128e-21
2.972586421990265080e+04 8.567816499270084086e-21 1.581618274661849272e-21
2.973653203621977445e+04 8.528373918906391932e-21 1.731718621021482900e-21
2.974719982383869865e+04 9.505793526973587233e-21 1.721189432903287666e-21
2.975786758272682346e+04 3.076133052239194556e-21 1.938321228539470688e-21
2.976853531286101133e+04 3.910935311699094779e-21 1.757536808757181240e-21
2.977920301419576572e+04 8.438174334023760180e-21 1.763944093943764916e-21
2.978987068670989902e+04 9.227243917072193312e-21 1.783697102882264627e-21
2.980053833036449578e+04 6.913845261454938821e-21 1.781691584085091433e-21
2.981120594512911703e+04 7.475283574267884170e-21 1.911884388936617375e-21
2.982187353096962033e+04 7.264479417445679661e-21 1.847364211469062918e-21
2.983254108786068537e+04 8.181626034257904611e-21 1.702639930535044060e-21
2.984320861576336029e+04 4.821038738754571724e-21 1.576841523272413518e-21
2.985387611464542351e+04 1.240924724854714700e-20 1.941758555749452063e-21
2.986454358448113271e+04 1.954189073239493408e-21 1.720281951753054517e-21
2.987521102522952060e+04 8.204110924074271482e-21 1.632746700835646670e-21
2.988587843686316774e+04 2.960638554366242343e-21 1.713968508505500151e-21
2.989654581935450915e+04 7.508873425497462578e-21 1.948312347079500619e-21
2.990721317266464757e+04 6.314876856942151538e-21 1.868151544883934076e-21
2.991788049676335504e+04 6.694615239517299089e-21 1.712513075142574999e-21
2.992854779171091650e+04 3.176969974108807300e-21 1.983743542322176795e-21
2.993921506439780205e+04 8.360592693360211758e-21 1.768594692300314103e-21
2.995015093734837501e+04 1.225857974653723433e-20 1.954177415530328661e-21
2.996081816349785731e+04 8.220595531815015740e-21 1.689900224522260186e-21
2.997148536027399678e+04 6.628256249982682963e-21 1.849624407967010162e-21
2.998215252764425168e+04 7.758563134893756616e-21 1.777080239133288426e-21
2.999281966557725900e+04 9.644848049626959350e-21 1.845193398716726104e-21
3.000348677403864349e+04 4.943782972004028754e-22 1.741817326022663955e-21
3.001415385300118578e+04 1.204648402059119924e-21 1.700996886944350012e-21
3.002482090243298444e+04 3.253147031394963404e-21 1.655325702506095714e-21
3.003548792229453466e+04 4.356068656088813092e-21 1.543643600386923190e-21
3.004615491255898451e+04 6.503090055834924235e-21 1.793315283673234605e-21
3.005682187319700461e+04 1.036635545844665802e-20 1.887514788047877507e-21
3.006748880417668988e+04 3.329209479095492670e-21 1.808654475025762901e-21
3.007815570545903029e+04 3.396123282085000722e-21 1.704458623275855601e-21
3.008882257701905837e+04 8.235268070286536039e-21 1.966580974706234936e-21
3.009948941882013241e+04 7.134761989522477718e-21 1.687661937738067732e-21
3.011015623083555693e+04 8.107374866752607614e-21 2.028294399461592013e-21
3.012082301303111672e+04 3.343610398884452193e-21 1.802197965115169509e-21
3.013148976537258932e+04 5.437079408786533321e-21 1.728205131938964211e-21
3.014215648783060169e+04 2.909012391118464970e-21 1.692523782703050666e-21
3.015282318037530058e+04 2.715316199546491056e-21 1.553362345539910735e-21
3.016348984297547213e+04 6.666177583892066163e-21 1.806339404182102732e-21
3.017415647559217905e+04 7.454257869049093175e-21 1.767030878362711143e-21
3.018482307819848938e+04 8.377612230621726548e-21 1.658376503146236180e-21
3.019548965076513559e+04 8.998799813605607358e-21 2.397956501455748665e-21
3.020615619325768785e+04 6.221221356240533144e-21 1.782242585679352928e-21
3.021682270564213468e+04 7.679011835760888953e-21 1.842912519576153458e-21
3.022748918788949231e+04 6.937760671915635907e-21 1.755544744922540218e-21
3.023815563996811397e+04 -2.986940948552350598e-21 1.565092079184534204e-21
3.024882206184875395e+04 8.015556124905243790e-21 1.612455665787349900e-21
3.025948845349739349e+04 8.975431359381872979e-21 1.735614829665446048e-21
3.027015481488190198e+04 9.410453396515653252e-21 1.695385370134029273e-21
3.028082114596879182e+04 2.781652850709678308e-21 1.695739684031469715e-21
3.029148744672894099e+04 7.183569885034580522e-21 1.703605627615431694e-21
3.030215371713319473e+04 5.887181368352696256e-21 1.616675274637327297e-21
3.031281995714268851e+04 5.379694037906111629e-21 1.546144211976901010e-21
3.032348616673543438e+04 1.272819293185778812e-20 1.701391410711655509e-21
3.033415234587251325e+04 7.718686575224567392e-21 1.830326978076054441e-21
3.034481849452515962e+04 4.874069702889387554e-21 1.907700585148615178e-21
3.035548461266434606e+04 6.438999492370519245e-21 1.739460146497207667e-21
3.036615070025613750e+04 1.257527209538552250e-21 1.878025059638260418e-21
3.037681675726906542e+04 8.063610485815117170e-21 1.849199291500935943e-21
3.038748278366638988e+04 7.673984263446583476e-21 1.702477041107091073e-21
3.039814877942673775e+04 7.625129927205585590e-21 1.944424285529597964e-21
3.040881474451146642e+04 5.927270255272602420e-21 2.053660105101327697e-21
3.041948067889162121e+04 2.756961855514042855e-21 1.757754790772136773e-21
3.043014658253825110e+04 7.787946052493456193e-21 1.638454080034340825e-21
3.044081245541507087e+04 4.936045285312492765e-21 1.692155689694138694e-21
3.045147829749268567e+04 9.019238000106673146e-21 1.813969809019188468e-21
3.046214410874016903e+04 4.882387894548318811e-21 1.841608443193063205e-21
3.047280988912624889e+04 5.223439761451108484e-21 1.640018001954399357e-21
3.048347563862206516e+04 6.008960719589916816e-21 1.662697377563741190e-21
3.049414135719132537e+04 7.499673061652717879e-21 1.726833549652148981e-21
3.050480704480520944e+04 5.458240546297869958e-21 1.755329120447267070e-21
3.051547270142946945e+04 7.102504440716143303e-21 1.704291329531095742e-21
3.052613832704077140e+04 6.580584409628436876e-21 1.807191256384480826e-21
3.053680392160288466e+04 7.878619039157005461e-21 1.759957253510697851e-21
3.054746948507960406e+04 1.118973450070682553e-20 1.699004218777668477e-21
3.055813501744964015e+04 8.360568079381701111e-21 1.899940750890012926e-21
3.056880051867425209e+04 8.928622427906507140e-21 1.863279707990268578e-21
3.057946598872181494e+04 4.129596945134082742e-21 1.690482980709039555e-21
3.059013142757155219e+04 8.929004780970610251e-21 1.887911308468237947e-21
3.060079683517737067e+04 1.222093485904219633e-20 1.827985211700744681e-21
3.061146221151802092e+04 5.345853276409048178e-21 1.755674902908129317e-21
3.062212755655737783e+04 3.010543926675946052e-21 1.721183020763851823e-21
3.063279287027179089e+04 4.430938084366547942e-21 1.649124145735933948e-21
3.064345815261964890e+04 6.428806708656112506e-21 1.752051143132474612e-21
3.065412340358030997e+04 5.587196459845622506e-21 1.688062665750218659e-21
3.066478862311522244e+04 5.419460213791826327e-21 1.629049007220955594e-21
3.067545381119322701e+04 5.320117179532968368e-21 1.750612855819448929e-21
3.068611896778579103e+04 1.408289722453118581e-21 1.594782919403785257e-21
3.069678409286684109e+04 6.095688632730146671e-21 1.519913351052004540e-21
3.070744918639741081e+04 6.415593168002557069e-21 1.631779202707285256e-21
3.071811424834676654e+04 7.429334157046607866e-21 1.650064359728489463e-21
3.072877927869154519e+04 3.047017893992105387e-21 1.746935194541880934e-21
3.073944427739063758e+04 3.661331817628187661e-21 1.790225708604327450e-21
3.075010924442058968e+04 6.515156377898116978e-21 1.754427781756237226e-21
3.076077417974791751e+04 9.498267252803089863e-21 1.839751418060690491e-21
3.077143908334136358e+04 7.847391379599443318e-21 1.858088444338008685e-21
3.078210395517002326e+04 6.186560597981381206e-21 1.769072605147072856e-21
3.079276879520317743e+04 5.325247545760306285e-21 1.722813845875509917e-21
3.080343360340734216e+04 5.980372743838526744e-21 1.676470755586834630e-21
3.081409837975917981e+04 1.187342337747651525e-21 1.622675590446567951e-21
3.082476312421766488e+04 -1.466255334275423468e-21 1.774165825486598018e-21
3.083542783676194085e+04 5.543537771632102295e-21 1.784889052886512709e-21
3.084609251734813006e+04 5.162850113492693175e-21 1.937505789935945452e-21
3.085675716595844642e+04 1.424910363978861082e-21 1.829126341932523172e-21
3.086742178255949329e+04 -4.639241124874137941e-21 1.672590940512779617e-21
3.087808636711278086e+04 1.621952319791406349e-21 1.636738106794758547e-21
3.088875091958746998e+04 5.246417132145566131e-21 1.746016235340399705e-21
3.089941543997055487e+04 8.047797915780849676e-21 1.715607886207825572e-21
3.091007992821055814e+04 3.818414290559774897e-21 1.704872019424350817e-21
3.092074438428701615e+04 1.824105667902733546e-23 1.826827106176821387e-21
3.093140880816673234e+04 2.914143264042494979e-21 1.811430636234581669e-21
3.094207319981896580e+04 3.373681158110332388e-21 1.571325643779936384e-21
3.095273755920779513e+04 1.358089443512273482e-21 1.683497468348832899e-21
3.096340188631529963e+04 8.371001109907224273e-21 1.817973299224550188e-21
3.097406618109788542e+04 4.358172687321826291e-21 1.744069674307377591e-21
3.098473044353213481e+04 5.345165475717415788e-21 1.748147680036107453e-21
3.099539467358001639e+04 2.640874626103836000e-21 1.722560265253248827e-21
3.100605887122371496e+04 1.381610895097956787e-21 1.465783839294755824e-21
3.101672303641710823e+04 3.176109499928706166e-21 1.702262132600988390e-21
3.102738716914235192e+04 9.412705147473503462e-21 1.812319441014378578e-21
3.103805126936367742e+04 4.201595529914164181e-21 1.778860139263601607e-21
3.104871533704769536e+04 3.586713062424347289e-21 1.736222530689356928e-21
3.105937937216613864e+04 6.664536989830463307e-21 1.889607253713195209e-21
3.107004337469129678e+04 4.668974420802600435e-21 1.791924723392909613e-21
3.108070734458996230e+04 1.060515199058547956e-20 1.713964732202308059e-21
3.109137128182895322e+04 8.844103055688770029e-21 1.898165273033092000e-21
3.110203518638282549e+04 5.802024299800346164e-21 1.651773564106414048e-21
3.111269905821323846e+04 9.063188373806594095e-21 1.639100559875570822e-21
3.112336289729982673e+04 4.742353151361923232e-21 1.763526874028417348e-21
3.113402670360670891e+04 -1.623931026358122642e-22 1.528680111557847317e-21
3.114469047709845836e+04 -6.338121712027926153e-22 1.432041014331638063e-21
3.115535421775488794e+04 6.900648210996482726e-21 1.553982816049071944e-21
3.116601792554289568e+04 4.882456493699860271e-21 1.650868618657222546e-21
3.117668160042156524e+04 4.714094110848889927e-21 1.677709594593026051e-21
3.118734524236817379e+04 5.043386184340875345e-21 1.863359450331994844e-21
3.119800885135735371e+04 5.442764118201904144e-21 1.948446857038754389e-21
3.120867242735319815e+04 8.290015666704892953e-21 1.914564838364070243e-21
3.121933597032557736e+04 6.328172942790778801e-21 1.690814914693039387e-21
3.122999948023879188e+04 5.608093895152200044e-21 1.543440950606323710e-21
3.124066295707022073e+04 5.539421588656918160e-21 1.699075294221077425e-21
3.125132640078946497e+04 5.406235336735332656e-21 1.699527001033467009e-21
3.126198981135822760e+04 4.197729214403045814e-21 1.905094099909907030e-21
3.127265318875393132e+04 6.167971933134054949e-21 1.583854245538923826e-21
3.128331653294318312e+04 8.404353731905649004e-21 1.637830648599346929e-21
3.129397984389861449e+04 7.201828128890867054e-21 1.540125951854474705e-21
3.130464312158460598e+04 5.768528610777225866e-21 1.755993920728483076e-21
3.131530636597341800e+04 7.984766801728404611e-21 1.921601905694887327e-21
3.132596957703994121e+04 6.639474522119828705e-21 1.823964986017599209e-21
3.133663275473807153e+04 6.390585073374835397e-21 1.821241012726084302e-21
3.134729589905061221e+04 1.002668251675249116e-20 1.839171279846948882e-21
3.135795900994960175e+04 1.161276664844464334e-20 1.711115422356048365e-21
3.136862208739697962e+04 9.623928468990913621e-21 1.836743272790496374e-21
3.137928513136783295e+04 7.235626612996716053e-21 1.589134755016054004e-21
3.138994814182397749e+04 4.608216789135960454e-21 1.670044945283965723e-21
3.140061111874304697e+04 5.870932226185178343e-21 1.760499686738135809e-21
3.141127406209477340e+04 7.485451868740339021e-21 1.778396145138027760e-21
3.142193697184097255e+04 4.339045205425072728e-21 1.501269585804170806e-21
3.143259984795666969e+04 2.861866174115034956e-21 1.429972600215912966e-21
3.144326269041126579e+04 5.773719227088882621e-21 1.725570850749660557e-21
3.145392549917757424e+04 3.398725295710180023e-22 1.765267965690384932e-21
3.146458827423067851e+04 3.461117745593449710e-22 1.708745699005374829e-21
3.147525101552447086e+04 5.834563100101251487e-21 1.840156439414934608e-21
3.148591372303407843e+04 6.091428333944596323e-21 1.673944505866050946e-21
3.149657639673461745e+04 3.818583775267145184e-21 1.785899331173870415e-21
3.150723903659324060e+04 -2.253563782714893856e-21 2.263855532463956914e-21
