1.735774935694527449e+04 1.682426685941037729e-19 1.125488927756302541e-20
1.736839366180032812e+04 1.026099087060712575e-19 9.980432246998765859e-21
1.737903792000871181e+04 7.631508393921648579e-20 9.151243715937651125e-21
1.738968213156615820e+04 7.358176779388242609e-20 8.246308931117960111e-21
1.740032629641942185e+04 8.289947836317943603e-20 8.817769921057598870e-21
1.741097041456434818e+04 1.163053603458756258e-19 9.522138847432889099e-21
1.742161448595267211e+04 9.094938607216011821e-20 9.299020977433768864e-21
1.743225851056055035e+04 1.040309224451810659e-19 8.898784185192511721e-21
1.744290248837400577e+04 9.746551095400914227e-20 9.291759897908320964e-21
1.745354641933491803e+04 1.186293114501003347e-19 9.592395600084068674e-21
1.746419030344398197e+04 1.023601124003767036e-19 9.558005944138443624e-21
1.747483414065288162e+04 1.079365996499455563e-19 9.703612539193782549e-21
1.748547793095252928e+04 1.180017089489947265e-19 8.825134098896353868e-21
1.749612167429212059e+04 1.023144686241238709e-19 8.732943127036804790e-21
1.750676537065276716e+04 1.074159276091906968e-19 8.522326713752373601e-21
1.751740902001311406e+04 1.055977509083808494e-19 8.938662733189732239e-21
1.752805262232969108e+04 8.908028217907939605e-20 9.211538262665021138e-21
1.753869617757871310e+04 1.008624168353904102e-19 9.098878491836312736e-21
1.754933968574128085e+04 8.680627074017040111e-20 8.577498062473333343e-21
1.755998314678130555e+04 1.003945465935824552e-19 8.297315395027404192e-21
1.757062656066266936e+04 1.121558430778071436e-19 8.606625429051736974e-21
1.758126992737635373e+04 1.010627810216011912e-19 9.465863652697473745e-21
1.759191324687628730e+04 1.144841973258308093e-19 8.965913153932064492e-21
1.760255651913875772e+04 1.009417848915824007e-19 8.423862141021275206e-21
1.761319974413255841e+04 9.321559450603801063e-20 8.230137992968786407e-21
1.762384292182401987e+04 8.693291501350111658e-20 8.775186909323001813e-21
1.763448605220418904e+04 1.036066109066344112e-19 8.787581826434994352e-21
1.764512913522947929e+04 9.179329597355344368e-20 8.975147231124441128e-21
1.765577217086868768e+04 1.136861992050127606e-19 8.616811697638557278e-21
1.766641515910048474e+04 1.196552985369375409e-19 8.254182375765734031e-21
1.767705809990110720e+04 1.050945487651262209e-19 8.400527974651512100e-21
1.768770099322940223e+04 1.104353989240236296e-19 8.342510132270477329e-21
1.769834383906158837e+04 1.321368723355428573e-19 8.680357722914350326e-21
1.770898663736392700e+04 1.615890006715752601e-19 8.514161262157408655e-21
1.771962938811763161e+04 1.440879681920155004e-19 8.180402194273109987e-21
1.773027209129145194e+04 1.052542528282454435e-19 8.051338144073021042e-21
1.774091474691654366e+04 1.091966667425996930e-19 8.467943468415695504e-21
1.775155762251016131e+04 1.194104918806668208e-19 8.519164899784389695e-21
1.776220060398219721e+04 1.039496487644947252e-19 8.062927302506044780e-21
1.777284353774369083e+04 1.039695144705476879e-19 8.856965463397716975e-21
1.778348642377583019e+04 8.915495528379324305e-20 7.726374040329766283e-21
1.779412926204735777e+04 8.244700508663511036e-20 7.136723065625858102e-21
1.780477205252450221e+04 8.642122079685279879e-20 8.317220377935201182e-21
1.781541479519347558e+04 9.850744470881575064e-20 7.708282738521317801e-21
1.782605749001050572e+04 8.957012310542886259e-20 7.352739114779985024e-21
1.783670013695433227e+04 9.463505251407610712e-20 7.662255127362741354e-21
1.784734273599113294e+04 8.489158194824228770e-20 7.873898813974011915e-21
1.785798528709464154e+04 8.922494680045784245e-20 7.495800144498630941e-21
1.786862779023107214e+04 1.079059301435004479e-19 7.567338538209717638e-21
1.787927024538663682e+04 1.141826356920004509e-19 8.027962404051949630e-21
1.788991265251753794e+04 1.052643266872222558e-19 7.918618780629204569e-21
1.790055501160499261e+04 1.043920750911350428e-19 7.990565047147917360e-21
1.791119732261005629e+04 9.133062598024963655e-20 7.493651447988567253e-21
1.792183958550905299e+04 1.109063214790812978e-19 7.561970953576835378e-21
1.793248180027569106e+04 7.335644475771255038e-20 7.096026264867080497e-21
1.794312396687865112e+04 8.746436216873381291e-20 7.535357392532853158e-21
1.795376608528913857e+04 7.587350366246469752e-20 6.396601315523972315e-21
1.796440815547581224e+04 9.406708371381071076e-20 6.800999029855914154e-21
1.797505017741237316e+04 9.713343149848612376e-20 8.115588354947554262e-21
1.798569215107505443e+04 1.043757226770882135e-19 8.012245573139134248e-21
1.799633407642493694e+04 9.418044765803991942e-20 7.825185895150531631e-21
1.800697595344329238e+04 9.863975096018491378e-20 7.769637983555401886e-21
1.801761778209121258e+04 6.330124113113372327e-20 8.532033941736718486e-21
1.802825956234994374e+04 8.951922528720267221e-20 8.888797779399432173e-21
1.803890129418057768e+04 7.920897327789806864e-20 7.870270272429514952e-21
1.804954297756426968e+04 9.997154548329744072e-20 8.229834456801503269e-21
1.806018461246213701e+04 9.726729550635375825e-20 7.796014892273857177e-21
1.807082619885548775e+04 8.963302703064413141e-20 7.788902322284106674e-21
1.808146773671040864e+04 9.159736156355514089e-20 7.714458904799568831e-21
1.809210922599553669e+04 9.786146555407946726e-20 7.605865716035564894e-21
1.810275066668455474e+04 8.627920417680148178e-20 7.346884686999853319e-21
1.811339205874859545e+04 1.059473376714274190e-19 7.108367022997478994e-21
1.812403340216133074e+04 8.976993856199193150e-20 7.414749759180689856e-21
1.813467469689139398e+04 9.524395671713092574e-20 6.927456751262362058e-21
1.814531594290482099e+04 9.742229389468360027e-20 7.624598834076805124e-21
1.815595714018290892e+04 9.604424480389027900e-20 7.488799771108216985e-21
1.816659828869170087e+04 9.633180364395079285e-20 7.417210249038280256e-21
1.817723938839718539e+04 9.227445973873761505e-20 7.935385154903196448e-21
1.818788043928571642e+04 9.903475000184117304e-20 7.873189681276496474e-21
1.819852144130815577e+04 9.504540815839739103e-20 7.738110808015607586e-21
1.820916239445087558e+04 9.282101108684381799e-20 7.570037028778145601e-21
1.821980329867990076e+04 1.139187264975671231e-19 7.775186739801087708e-21
1.823044415396379918e+04 1.072105864759016522e-19 7.996013043661890707e-21
1.824108496027875299e+04 1.020363560172403114e-19 7.950314522979800720e-21
1.825172571759335187e+04 9.273993540766094431e-20 7.589916951859187792e-21
1.826236642587865936e+04 7.710921738286088334e-20 7.629725637941008939e-21
1.827300708510833647e+04 7.709454757818196110e-20 7.129443929455324400e-21
1.828364769524582880e+04 7.615844889818878108e-20 7.502028105194772896e-21
1.829428825627241531e+04 1.017049972371046047e-19 8.048144708755138332e-21
1.830492876815139243e+04 8.852635341550323881e-20 7.676933850589855178e-21
1.831556923085652670e+04 1.034513602123695456e-19 8.029390310802179648e-21
1.832620964435887799e+04 9.042872380146366337e-20 7.841044168142060514e-21
1.833685000862698871e+04 9.308060529685037475e-20 7.975472226923766570e-21
1.834749032363704100e+04 8.199302100863274727e-20 7.349868131146023478e-21
1.835813058936265588e+04 1.047618365788835162e-19 7.656953219689385100e-21
1.836877080576464868e+04 1.103507189460210437e-19 7.656989604696373643e-21
1.837941097281920156e+04 1.143952862506281205e-19 7.150348059858355835e-21
1.839005109049994280e+04 1.235873787337677979e-19 7.229445450062078714e-21
1.840069115877791410e+04 1.600377407371612851e-19 7.902872393231055909e-21
1.841133117761388712e+04 1.833072615676896429e-19 9.176198119762763831e-21
1.842197114698902806e+04 3.054037448595872230e-19 1.019530452545469722e-20
1.843261106687196298e+04 1.040450507581289629e-18 1.516315030781905149e-20
1.844325093723885220e+04 2.756765800828368871e-18 2.329513690082133824e-20
1.845389075804788081e+04 2.624372840943083632e-18 2.267233872232950184e-20
1.846453052928036414e+04 7.653666034931567841e-19 1.325922449659765421e-20
1.847517025090987227e+04 1.823989465197122362e-19 8.578310508672225128e-21
1.848580992290488939e+04 1.527998364651973306e-19 8.536133919811816026e-21
1.849644954522610715e+04 2.769380345693092184e-19 9.144562258937790377e-21
1.850708911785483724e+04 4.015085836772665351e-19 1.024347157729533267e-20
1.851772864075692632e+04 2.557948223470338147e-19 9.169102619418055376e-21
1.852836811391099036e+04 1.025048591703075506e-19 7.205429254070591710e-21
1.853900753727779011e+04 9.225772815775625969e-20 6.988629027348294862e-21
1.854964691083609796e+04 1.046280271640359190e-19 7.096573257352324277e-21
1.856028623455947309e+04 8.654287374848882919e-20 7.176106964887721717e-21
1.857092550841116099e+04 9.971761215093090137e-20 7.393337495766638624e-21
1.858156473235955855e+04 9.557342094502054546e-20 7.202891677140680438e-21
1.859220390638080062e+04 9.470004745655586767e-20 6.967341383395337800e-21
1.860284303044843182e+04 1.084330582770458633e-19 7.161000470138645451e-21
1.861348210453344291e+04 9.326553503820769074e-20 7.234922194486846277e-21
1.862412112860678099e+04 9.510105162211791293e-20 7.627128716638380465e-21
1.863476010263149146e+04 8.168353254131529088e-20 7.075725920452416000e-21
1.864539902658122082e+04 8.611945778436014253e-20 7.259950090443225985e-21
1.865603790043472691e+04 8.327736383020999740e-20 7.184755134765478402e-21
1.866667672415517154e+04 7.638342439045126323e-20 6.584538574768026276e-21
1.867731549772126527e+04 7.503942442319237241e-20 7.609695905233298142e-21
1.868795422109617357e+04 8.496451223157657744e-20 6.815352945385518527e-21
1.869859289425600946e+04 8.410147791966890003e-20 6.974142046637897668e-21
1.870923151716129360e+04 1.093423295176216071e-19 7.412355199737324783e-21
1.871987008979074744e+04 1.054233963854885187e-19 7.122964091369633260e-21
1.873050861211781012e+04 8.858992533624118970e-20 7.185106196651472194e-21
1.874114708412115579e+04 9.249363998294160050e-20 7.016518828290209912e-21
1.875178550575357804e+04 8.905034214101136274e-20 7.149539634836775204e-21
1.876242387699118626e+04 1.064355674619847242e-19 7.631444707020474630e-21
1.877306219780487663e+04 1.182265425596065618e-19 7.845771920935970871e-21
1.878370046817333423e+04 1.101961400624580891e-19 7.711581428120683940e-21
1.879433868807007093e+04 9.662055857119458120e-20 7.624015676543232209e-21
1.880497685745292620e+04 9.509902128661784970e-20 7.549433920123263342e-21
1.881561497629277073e+04 8.385954733627035759e-20 6.882194209070354800e-21
1.882625304456300728e+04 8.697593837020677962e-20 7.519956549676992577e-21
1.883689106224487477e+04 8.931095133584358240e-20 6.788965689917643564e-21
1.884752902930416531e+04 1.066611642006179980e-19 7.948132257420015316e-21
1.885816694570646359e+04 1.218048475458140210e-19 7.734737901285616128e-21
1.886880481142002463e+04 2.248163105183973720e-19 8.801035688064071650e-21
1.887944262641829846e+04 2.695005188223510904e-19 8.951458542010669964e-21
1.889008039068782091e+04 1.861974147240333361e-19 8.419751804549499548e-21
1.890071810418111272e+04 1.527470143374000153e-19 8.186004886531586200e-21
1.891135576687160574e+04 2.078716264053219771e-19 8.463172439931885137e-21
1.892199337873003242e+04 2.693304006981832048e-19 8.866274255059192162e-21
1.893263093974030926e+04 1.698282848713342752e-19 7.768163113587021216e-21
1.894326844986285505e+04 1.025057517851879251e-19 7.439434425981560698e-21
1.895390590906059151e+04 1.087585650932020853e-19 6.816099158838632178e-21
1.896454331730694685e+04 1.090287613758004687e-19 7.508612560501972288e-21
1.897518067458585210e+04 9.431953523754751469e-20 7.305222565533110709e-21
1.898581798086808340e+04 9.993840560394096058e-20 6.932742967938897496e-21
1.899645523610605233e+04 1.089509142939754545e-19 7.023090749602384498e-21
1.900709244027839304e+04 8.341519418348146515e-20 6.900518466392578140e-21
1.901772959336093845e+04 8.875092011012610825e-20 6.863819401835942526e-21
1.902836669533784152e+04 9.524456641917282822e-20 6.822650962831249250e-21
1.903900374614296379e+04 9.796084795600530781e-20 6.050347998697400155e-21
1.904964074577605425e+04 7.700285358844505977e-20 6.731462302248233488e-21
1.906027769419731339e+04 9.787684882763782880e-20 7.272048059499181741e-21
1.907091459139067592e+04 7.938912114372900992e-20 7.332203467476956890e-21
1.908155143730312921e+04 6.003815777448383412e-20 6.644404321374255725e-21
1.909218823192915806e+04 8.233780123634796066e-20 7.021246127906773786e-21
1.910282497522350604e+04 1.003789886745808619e-19 7.574312663150128556e-21
1.911346166716753942e+04 8.762122626648216862e-20 7.230069323705650531e-21
1.912409830772145870e+04 8.694666153762057747e-20 6.923849913197628900e-21
1.913473489685065942e+04 9.494819935563643859e-20 7.169141705242466610e-21
1.914537143456820922e+04 1.064444016759975053e-19 6.828830093364259054e-21
1.915600792078657105e+04 8.984869892108531017e-20 7.295428372782607901e-21
1.916664435550287817e+04 1.049711984037843441e-19 6.870283832381689470e-21
1.917728073870375374e+04 7.879353259881392250e-20 7.051161480862872912e-21
1.918791707033319108e+04 9.991361429337381524e-20 7.241784667484681036e-21
1.919855335036725955e+04 9.820590414920386553e-20 6.646543675576245570e-21
1.920918957879259688e+04 9.330330668926534126e-20 6.779755199268763919e-21
1.921982575557987002e+04 9.070352252354484412e-20 7.511472585671062351e-21
1.923046188066256582e+04 5.408354318870669925e-20 7.148248135092495231e-21
1.924109795404849501e+04 9.065218412502910140e-20 7.178661482865722111e-21
1.925173397570299858e+04 1.157465700564801059e-19 7.099952679836477898e-21
1.926236994558608785e+04 9.442759557376896910e-20 7.404221386032459471e-21
1.927300586367879441e+04 8.964633042530664147e-20 7.287885548036815876e-21
1.928364172995195258e+04 8.379272115414731025e-20 6.908573830975716653e-21
1.929427754435488896e+04 7.379702021974385775e-20 6.772713794090098471e-21
1.930491330688484231e+04 8.248262764692059944e-20 6.904817320910752625e-21
1.931554901750175122e+04 1.098440523496627407e-19 7.019418432605003217e-21
1.932618467617088390e+04 8.510710887244388450e-20 6.796173738419578921e-21
1.933682028287351204e+04 8.631638456847566144e-20 7.521949412747734455e-21
1.934745583758011344e+04 6.815497384502252769e-20 6.784786917735565037e-21
1.935809134023986553e+04 1.015528360297374079e-19 6.954176230078370185e-21
1.936872679085015989e+04 1.128386453670891307e-19 7.218764322384470469e-21
1.937936218937624290e+04 9.581013802306018230e-20 7.185480966040196840e-21
1.938999753576728108e+04 8.079679820088861626e-20 7.022628812763758542e-21
1.940063283003124161e+04 9.591051792867595758e-20 7.282381912358649085e-21
1.941126807210659535e+04 9.082395031276127145e-20 6.498221762335093306e-21
1.942190326196385649e+04 8.519610093013976588e-20 6.882862870011936276e-21
1.943253839960010373e+04 8.032254465332343512e-20 6.989546546866344002e-21
1.944317348497000785e+04 9.988941677556487759e-20 6.448846242457665227e-21
1.945380851802266989e+04 8.783479189973845657e-20 6.632297881084547214e-21
1.946444349878218782e+04 9.542728087616782141e-20 7.087703664074420048e-21
1.947507842716545201e+04 8.562744054013713935e-20 6.975274317397280269e-21
1.948571330316439708e+04 8.482218154837610332e-20 6.396885929092584073e-21
1.949634812676026922e+04 9.992942147585346554e-20 6.690791696599887211e-21
1.950698289790724084e+04 9.319355809572455551e-20 7.087960315332747293e-21
1.951761761658128671e+04 8.950952775754352276e-20 7.203668302795353333e-21
1.952825228275292102e+04 8.253480060589862384e-20 7.113064603248557587e-21
1.953888689639263248e+04 8.059011408514388102e-20 6.812053655961981871e-21
1.954952145747622490e+04 7.699623667837160146e-20 6.742740535217549287e-21
1.956015596595262832e+04 1.013471643456203268e-19 6.344043392310116552e-21
1.957079042182997728e+04 8.615144312611616100e-20 6.399615104771787871e-21
1.958142482504619329e+04 9.193762445757173151e-20 6.657851567210560161e-21
1.959205917558259898e+04 9.052086435371736565e-20 6.526088705837196415e-21
1.960269347341506727e+04 9.816161754983755686e-20 7.202412517118555039e-21
1.961332771850321296e+04 8.639567235276915863e-20 6.563705753448421893e-21
1.962396191082823862e+04 9.034359946161113675e-20 6.872380585484595811e-21
1.963459605034434207e+04 8.832382959643807998e-20 6.902245179750858467e-21
1.964523013704892946e+04 7.182333139059445039e-20 6.491492277592938202e-21
1.965586417087973678e+04 9.306375429370872230e-20 6.450215654870990999e-21
1.966649815183433384e+04 9.668929956281704256e-20 6.318705963573544351e-21
1.967713207986689304e+04 8.076293218431112910e-20 6.189206959666344687e-21
1.968776595495861693e+04 8.935560979299555269e-20 6.255357644550213144e-21
1.969839977707443177e+04 8.541346035475615694e-20 6.672862148030221544e-21
1.970903354617385048e+04 8.619761352935301437e-20 6.748595335624351939e-21
1.971966726225428647e+04 7.060552065581612289e-20 6.196767166566751470e-21
1.973030092525332657e+04 8.926344245412031000e-20 6.898163576280642445e-21
1.974093453517405578e+04 8.305698295135684358e-20 6.067580459866879938e-21
1.975156809195423557e+04 8.166911541450262563e-20 6.175058995660035868e-21
1.976220159559674357e+04 8.115046160660939931e-20 5.928436255144993603e-21
1.977283504604473274e+04 6.919630826455458704e-20 6.543666692505965574e-21
1.978346844328477528e+04 8.918422258655028709e-20 6.270731486878608302e-21
1.979410178727618040e+04 8.838058561578051890e-20 6.455355750901960808e-21
1.980473507800553489e+04 7.510474470287295879e-20 6.442483947528222266e-21
1.981536831542143045e+04 9.073986489022655872e-20 6.407608611854944639e-21
1.982600149950503328e+04 7.077625160130946286e-20 6.038697170989547763e-21
1.983663463023205986e+04 8.511913098550686709e-20 6.724757750016109088e-21
1.984726770756728001e+04 1.020907387197190883e-19 6.298009151868605242e-21
1.985790073148641022e+04 1.281864937747757760e-19 6.691294347574034398e-21
1.986853370194305171e+04 1.138734815964649080e-19 6.846094617786499198e-21
1.987916661892402044e+04 1.106133317401418710e-19 6.543219232663815785e-21
1.988979948239409350e+04 8.983309315588748736e-20 6.312620828568758599e-21
1.990043229232346130e+04 8.922512682737953145e-20 6.274595349848642417e-21
1.991106504868232878e+04 8.424757324070127978e-20 6.488971421772362936e-21
1.992169775144089726e+04 8.433862143779544858e-20 6.255150742455661186e-21
1.993233040056917525e+04 8.593171600164158153e-20 6.893916435102406614e-21
1.994296299603738225e+04 8.488574835264923888e-20 6.478380817384302883e-21
1.995359553781578870e+04 8.117627833690497816e-20 6.113108155837062682e-21
1.996422802586907346e+04 7.307711511584274480e-20 5.998485462998113086e-21
1.997486046018929119e+04 8.263036911079833201e-20 6.335227868993798229e-21
1.998549284071372313e+04 8.163066015151315191e-20 6.449238218024404876e-21
1.999612516743432570e+04 8.122732804029996743e-20 6.288215724831493385e-21
2.000675744032110742e+04 7.190863212748826077e-20 5.854940686793101375e-21
2.001738965933343206e+04 9.430125399557951449e-20 6.177259651279841461e-21
2.002802182444684513e+04 9.014314842925945745e-20 6.600947150716430559e-21
2.003865393563173711e+04 8.768039118790910901e-20 5.854253872395223824e-21
2.004907525014164275e+04 1.387539492564737916e-19 6.549322133586048269e-21
2.005970723421468938e+04 1.469508945142044066e-19 6.804564033250423440e-21
2.007033916417734508e+04 1.125909649000727678e-19 6.673183409490624984e-21
2.008097104009673058e+04 9.392052604333720816e-20 6.381138204675171874e-21
2.009160286586623261e+04 8.236775489448765768e-20 5.828667651128246244e-21
2.010223501971783844e+04 9.319075584093537282e-20 6.545571561702711493e-21
2.011286729767123325e+04 8.517551723872994756e-20 5.748905690528593382e-21
2.012349952320436205e+04 8.119753328534844113e-20 5.703690390949970835e-21
2.013413169452468719e+04 8.380189884591024989e-20 6.412027856405682727e-21
2.014476381160768869e+04 7.833115179868057745e-20 6.390684235641950578e-21
2.015539587442347329e+04 7.252722113500583691e-20 6.495957830341190331e-21
2.016602788294737547e+04 8.603213727467137936e-20 6.572141969839720724e-21
2.017665983714405229e+04 8.042469264111831332e-20 7.191626755044386503e-21
2.018729173698316663e+04 9.045863429427239388e-20 6.700183663826862517e-21
2.019792358242941918e+04 6.366741921016091154e-20 5.955130155640478228e-21
2.020855537346353594e+04 9.163122293855775635e-20 6.574434327266929208e-21
2.021918711004480429e+04 8.244736766730454578e-20 5.757571685001722067e-21
2.022981879214851870e+04 6.256146086909992016e-20 6.233147385882768500e-21
2.024045041975001732e+04 7.421348192796467550e-20 5.726759254310485509e-21
2.025108199281368070e+04 9.259787130635876580e-20 6.495802584599450483e-21
2.026171351130942639e+04 8.333030051554934670e-20 6.347012689657064433e-21
2.027234497520725199e+04 7.503326731802848426e-20 5.997666346333562952e-21
2.028297638447705685e+04 7.547279102195181223e-20 5.463432435738384490e-21
2.029360773908860574e+04 8.919846831925447852e-20 5.681686258313411666e-21
2.030423903900114237e+04 9.110496249151441987e-20 6.181114725360733122e-21
2.031487028421120704e+04 8.107207672877515653e-20 6.374181407901903869e-21
2.032550147466735871e+04 8.891419021162015232e-20 6.327276897426105543e-21
2.033613261034473908e+04 9.373614048878220885e-20 6.321343447706861749e-21
2.034676369121326934e+04 9.509072214836459175e-20 6.265761144884484337e-21
2.035739471724808391e+04 8.662426644892912467e-20 6.362492619811198418e-21
2.036802568840277672e+04 7.713006548000057983e-20 6.223007419663094516e-21
2.037865660466318150e+04 8.361075959431360882e-20 6.052654444363282804e-21
2.038928746599393344e+04 8.229531611041486387e-20 6.187943648842226506e-21
2.039991827236483368e+04 7.722389077580983567e-20 6.549862270604096883e-21
2.041054902374564335e+04 7.381918518821391948e-20 5.718996226342271767e-21
2.042117972010618905e+04 8.217936451374060051e-20 5.998753425285616422e-21
2.043181036142139055e+04 8.131572212789803527e-20 6.106198937897308979e-21
2.044244094765020054e+04 8.072595326097533624e-20 5.950784565680996463e-21
2.045307147876247473e+04 7.951363185105020922e-20 6.049960052714351930e-21
2.046370195473885542e+04 6.161772430680893547e-20 6.363412526584392696e-21
2.047433237554908192e+04 9.308361709494468437e-20 6.071055415271886626e-21
2.048496274115197230e+04 8.092465294586713801e-20 5.987675109475589073e-21
2.049559305152775414e+04 7.937977294164604789e-20 6.167556153789972109e-21
2.050622330663020330e+04 8.790662749141395623e-20 5.966656339621728875e-21
2.051685350645062863e+04 8.079460949030497403e-20 6.067457902222066865e-21
2.052748365094793189e+04 8.884883952174650939e-20 6.104674065819283641e-21
2.053811374008627172e+04 9.860130745706571783e-20 6.305404045882470508e-21
2.054874377384057152e+04 8.907838877585665559e-20 6.102228611618110633e-21
2.055937375218601301e+04 8.539063704938414089e-20 6.194896499845763786e-21
2.057000367508679847e+04 1.072386005833432181e-19 6.257077072160430151e-21
2.058063354250186239e+04 1.074145109146651620e-19 6.270282276429837692e-21
2.059126335442784693e+04 1.032334957741294025e-19 6.297130430483444920e-21
2.060189311081257983e+04 1.069998242223730802e-19 6.330676236419970778e-21
2.061252281162007057e+04 9.620558957058606465e-20 6.592079542039179766e-21
2.062315245684175898e+04 8.842049118774003626e-20 6.441592638065158033e-21
2.063378204643119534e+04 7.524706316265656573e-20 6.378933739796242145e-21
2.064441158037402420e+04 7.720583051044593005e-20 6.653269504143018865e-21
2.065504105861813150e+04 9.367699926180914686e-20 6.287357100101770437e-21
2.066567048114907811e+04 7.622324423106634142e-20 5.912287273205604486e-21
2.067629984793116455e+04 7.342637623667968549e-20 5.881383980652408964e-21
2.068692915892853489e+04 8.823271164343574943e-20 5.915025048476058429e-21
2.069755841412152949e+04 9.142999888917794769e-20 6.347256689190204330e-21
2.070818761346894826e+04 8.857982697011081819e-20 6.336402755392589290e-21
2.071881675695628292e+04 6.820860437538129323e-20 5.626348768485414382e-21
2.072944584453677089e+04 7.241699074552002533e-20 6.456741904844846269e-21
2.074007487617994411e+04 9.020817488238068268e-20 5.733147430740154235e-21
2.075070385186617932e+04 7.954412715815269900e-20 5.447015807224655867e-21
2.076133277155417454e+04 7.081569818723933996e-20 5.057481508191021426e-21
2.077196163522946881e+04 8.654247034864855772e-20 5.603290515231381607e-21
2.078259044284517586e+04 7.963637047424975183e-20 5.842429049421385157e-21
2.079321919437621909e+04 8.904697032700520241e-20 5.903681541221927582e-21
2.080384788979206132e+04 8.873564416805373137e-20 5.790148238165212388e-21
2.081447652906207077e+04 8.278628912928381681e-20 5.302256539178642322e-21
2.082510511223989306e+04 6.499105475859308058e-20 5.546919642307437805e-21
2.083573364796442183e+04 7.109602087564509707e-20 5.723673474337626209e-21
2.084614991054870188e+04 7.384919252849685323e-20 5.268670233403796242e-21
2.085677830564325632e+04 8.453704622172051272e-20 5.555894496571994198e-21
2.086740664443841524e+04 9.101563564984815934e-20 6.025586592301637794e-21
2.087803492690327403e+04 7.918442804146741549e-20 5.179882983741162197e-21
2.088866315300160932e+04 7.742539508545213452e-20 5.727852243065316163e-21
2.089929132271974231e+04 7.451361961266281427e-20 5.459480175484888394e-21
2.090991943601575258e+04 8.202526946287653535e-20 5.678327943386902008e-21
2.092054749285328580e+04 9.055203996932238138e-20 5.709328431845014286e-21
2.093117549320139369e+04 8.994913085807894637e-20 5.725133254530173384e-21
2.094180343704633924e+04 7.112364062104593692e-20 5.673058191989049687e-21
2.095243132435189182e+04 7.487953644139273134e-20 5.562054752332895260e-21
2.096305915506470410e+04 7.617746877530242176e-20 6.218122673657354631e-21
2.097368692918225861e+04 7.562902185355939054e-20 5.788339270299038976e-21
2.098431464665662497e+04 6.331020803486971759e-20 5.304366903406419169e-21
2.099494230745709137e+04 9.112304129894449785e-20 5.795348229492106947e-21
2.100556991156994263e+04 7.317403371472897353e-20 5.647955248348233349e-21
2.101619745895872620e+04 7.143362007489059072e-20 5.673025691367956095e-21
2.102682494958132884e+04 7.611583971783936828e-20 5.465676992018428993e-21
2.103745238340099604e+04 6.633404643812159406e-20 5.359239576468838056e-21
2.104807976040401627e+04 7.241057232165771864e-20 5.272699987355322054e-21
2.105870708056529838e+04 6.791330324241076965e-20 5.324865459115749048e-21
2.106933434383699932e+04 8.122232783642167095e-20 5.825813784063054050e-21
2.107996155018824720e+04 8.805571942798148193e-20 5.348335725741842651e-21
2.109058869959353251e+04 8.351980403023575810e-20 5.564634614206142239e-21
2.110121579203350848e+04 7.541538469674782579e-20 5.654271163609074314e-21
2.111184282744900702e+04 8.804169959615364293e-20 5.621220152460035328e-21
2.112246980584311314e+04 6.669730260534284677e-20 5.546509476065377086e-21
2.113309672715653141e+04 7.321561916571741959e-20 5.647871564201635673e-21
2.114372359137503372e+04 7.479835207769194343e-20 4.948477662834376533e-21
2.115435039846230211e+04 7.923240854357931943e-20 5.131155549688541252e-21
2.116497714838739921e+04 8.622194384261229142e-20 5.546188165885932815e-21
2.117560384111932945e+04 7.267076900912321209e-20 5.218169739672707348e-21
2.118623047662132740e+04 7.491561326409972431e-20 5.658309212682242887e-21
2.119685705487930682e+04 8.014390268923467464e-20 5.644426887632749371e-21
2.120748357584543919e+04 8.853347013692494643e-20 5.427181379529257650e-21
2.121811003949440419e+04 7.390828488873710642e-20 5.941169657693791374e-21
2.122873644579516986e+04 6.828533592352164983e-20 5.443085008865843349e-21
2.123936279471646776e+04 7.998631735499527896e-20 5.460926968679482064e-21
2.124998908622731324e+04 8.058461246464218395e-20 5.467290526178741732e-21
2.126061532029108639e+04 7.188498910604910260e-20 5.334265367917528281e-21
2.127124149689380647e+04 7.151283704922722688e-20 5.388124836416191558e-21
2.128186761598728481e+04 7.942143392897450363e-20 5.330976164923379597e-21
2.129249367754007471e+04 8.155188057137115177e-20 5.845200721887806894e-21
2.130311968153847920e+04 8.688256287362091055e-20 5.406420548818041329e-21
2.131374562794001758e+04 7.781221076626375497e-20 5.302212374046622714e-21
2.132437151671352331e+04 7.979197667057811477e-20 5.829221806881879792e-21
2.133499734781633015e+04 8.687527207859939482e-20 5.598212488559009892e-21
2.134562312123997253e+04 7.307642919928206206e-20 5.773041043281633148e-21
2.135624883693068477e+04 8.137242764171807104e-20 5.728332877255674712e-21
2.136687449487441700e+04 7.960550871029140839e-20 5.484246973566581781e-21
2.137750009503996625e+04 7.455823673707891213e-20 5.697810695794436638e-21
2.138812563738443350e+04 7.404120771423431901e-20 5.876657708430345003e-21
2.139875112188818821e+04 8.339298271392211851e-20 6.037038954155530932e-21
2.140937654851440675e+04 8.499055326847373967e-20 5.724935559251442946e-21
2.142000191722610907e+04 7.929257416085154296e-20 5.372549111228042503e-21
2.143062722800338452e+04 7.340720334497335418e-20 5.526903938968847380e-21
2.144125248079760422e+04 7.627442244126427922e-20 5.096869353254198007e-21
2.145187767560066277e+04 8.087625114562841775e-20 5.459862667825423830e-21
2.146250281236981391e+04 8.093431692767229897e-20 5.918584541655122189e-21
2.147312789107377830e+04 7.022183115226654710e-20 5.261191119010517515e-21
2.148375291168092372e+04 9.284617655085645280e-20 5.970153781055555886e-21
2.149437787415439379e+04 8.914909546004630148e-20 6.003920601932347520e-21
2.150500277846866084e+04 7.085003446466330808e-20 5.731554937404604959e-21
2.151562762459810256e+04 8.290627488045491314e-20 5.878944096353539757e-21
2.152625241250550607e+04 8.187824969455419134e-20 5.612495579062263230e-21
2.153687714215936285e+04 7.905059522045302473e-20 5.874020265387447137e-21
2.154750181352850996e+04 5.570463744277995129e-20 5.538551765618485041e-21
2.155812642657582910e+04 8.158813685412842689e-20 5.459506626711511286e-21
2.156875098128138052e+04 7.151052309853903080e-20 5.763550962946976124e-21
2.157937547760762027e+04 8.356887697836786381e-20 5.775099128265751751e-21
2.158999991552345091e+04 8.572018003629420554e-20 6.251197181353302830e-21
2.160062429499743303e+04 8.907057242156382201e-20 5.733361235715999016e-21
2.161124861599811629e+04 5.597571912412136758e-20 5.417419828912294453e-21
2.162187287849378845e+04 7.219838003391756846e-20 5.537146970507879991e-21
2.163249708245302827e+04 8.177385274564985143e-20 5.694829766384056426e-21
2.164312122784445455e+04 8.430005782082399380e-20 5.767375638546158755e-21
2.165374531463658786e+04 7.228081154072178243e-20 5.236306302855792672e-21
2.166436934279780326e+04 8.260103816254615524e-20 5.432009984379555700e-21
2.167499331229634117e+04 7.402124138756647290e-20 5.351281872637996101e-21
2.168561722310092955e+04 8.278603802231978473e-20 5.453689116467777860e-21
2.169624107518002347e+04 7.445511887411689623e-20 5.322089806842939110e-21
2.170686486850204528e+04 6.961701762173251989e-20 5.445304911464551830e-21
2.171748860303499896e+04 7.283738616867479642e-20 5.306558104674863031e-21
2.172811227875341865e+04 8.353366807284591535e-20 5.567529766287199295e-21
2.173873589561415793e+04 7.644365939145525622e-20 5.312164953831512109e-21
2.174935945359137258e+04 8.643156386548314129e-20 5.442383411133295364e-21
2.175998295265890556e+04 7.508933963191254743e-20 5.197566757639704505e-21
2.177060639276790243e+04 8.072709236724156703e-20 5.695482123945157864e-21
2.178122977390994129e+04 8.513012338427366849e-20 5.864553709486013877e-21
2.179185309604178110e+04 9.086997550400875048e-20 5.895791878157070692e-21
2.180247635912575424e+04 8.454423994554078896e-20 5.941613577612384091e-21
2.181309956313590737e+04 8.190192524099620010e-20 5.438153744791453784e-21
2.182372270805227527e+04 8.954326655877852826e-20 5.116112237560348928e-21
2.183434579382001903e+04 5.850539087115853143e-20 5.007233895231690961e-21
2.184496882041881690e+04 6.160673334705688103e-20 5.074906876957868344e-21
2.185559178782253002e+04 6.763124523937769315e-20 5.051271582140445181e-21
2.186621469598807380e+04 7.837300734850809889e-20 5.227084461502778112e-21
2.187683754488946579e+04 7.283375201573795921e-20 5.344307283786468388e-21
2.188746033450063624e+04 7.096053130575272952e-20 5.309680535839402380e-21
2.189808306477789665e+04 7.618789637877296047e-20 5.502471905342025588e-21
2.190870573570133638e+04 8.393187207323419438e-20 5.440409762520506516e-21
2.191932834723330961e+04 7.477587504333413078e-20 5.573252912744641167e-21
2.192995089933618874e+04 8.547853935465507681e-20 5.765534310704113333e-21
2.194057339199508351e+04 8.261146008289949814e-20 5.554062093729977831e-21
2.195119582515530419e+04 7.654758553207322201e-20 5.253837456525677964e-21
2.196181819880235707e+04 6.918284671767483612e-20 5.371069356420636031e-21
2.197244051289275012e+04 7.676790951214299793e-20 5.485231592316630118e-21
2.198306276741157490e+04 7.715808011119483396e-20 5.568214473105386316e-21
2.199368496230399978e+04 8.718145274161410204e-20 5.506659603174776251e-21
2.200430709755555654e+04 5.696085812453489766e-20 5.260918186946167808e-21
2.201492917313427461e+04 5.757341364145508670e-20 5.576543303801426214e-21
2.202555118899037188e+04 8.030462483387750293e-20 5.533188608231975609e-21
2.203617314510960205e+04 7.650439873672421945e-20 5.643175720887832943e-21
2.204679504144837119e+04 7.854166977532933220e-20 5.419821499767727264e-21
2.205741687799213832e+04 8.348855810062970690e-20 5.473987744634850345e-21
2.206803865468522054e+04 6.644122380715175113e-20 5.509590738190361223e-21
2.207866037151914861e+04 8.399618579973669942e-20 5.178964447999822333e-21
2.208928202844443149e+04 6.647638884072523557e-20 5.626969835040387530e-21
2.209990362544070740e+04 7.662317111941055135e-20 5.315268727327609593e-21
2.211052516245799416e+04 7.234534074360492063e-20 5.232770041778292320e-21
2.212114663948780071e+04 8.019844963578154845e-20 5.529342590356630455e-21
2.213176805648059963e+04 7.813230771659055788e-20 6.156212844181274426e-21
2.214238941340424572e+04 8.668716840315353841e-20 6.295810029653197889e-21
2.215301071024958583e+04 7.768144466563121480e-20 5.826833892856336199e-21
2.216363194695556376e+04 7.922030658987210084e-20 5.403652481457809949e-21
2.217425312350173408e+04 7.679591080020103747e-20 4.795211163650382374e-21
2.218487423985595888e+04 7.790804752128171727e-20 5.404944767895691258e-21
2.219549529599142625e+04 7.539881168089210152e-20 4.878068540739173623e-21
2.220611629186461869e+04 6.859187538411181015e-20 5.728507866242617955e-21
2.221673722744918632e+04 8.037247047483672971e-20 5.215409804324714859e-21
2.222735810271873561e+04 7.215049295769361286e-20 4.887096369821642590e-21
2.223797891762888321e+04 9.001654858648955117e-20 5.247993135393446846e-21
2.224859967215360302e+04 7.119917112260199158e-20 5.581818805228727386e-21
2.225922036626649788e+04 7.018985318818627960e-20 5.279029328556078212e-21
2.226984099992935444e+04 7.213060810277842273e-20 5.017224501434684161e-21
2.228046157310954368e+04 7.727267754154024183e-20 4.797327493051689378e-21
2.229108208576920879e+04 7.477054098709448228e-20 5.354174477128023825e-21
2.230170253788190166e+04 7.172383999222446976e-20 5.226736812452265055e-21
2.231232292942102140e+04 8.030727864009104795e-20 5.422650529612880690e-21
2.232294326034810365e+04 6.010195313119474812e-20 4.819863022086496161e-21
2.233356353062519702e+04 6.440193236757217488e-20 5.153645030462549965e-21
2.234418374023754950e+04 6.232170587205215749e-20 4.993174201093862993e-21
2.235480388913493152e+04 7.793056228916937961e-20 5.548444335055022650e-21
2.236542397727897333e+04 6.626745631500632191e-20 5.137836118981727343e-21
2.237604400466093648e+04 7.025463889720747176e-20 4.901317661312769725e-21
2.238666397124253854e+04 7.342359871056908633e-20 5.069666924205421931e-21
2.239728387697340804e+04 7.790852899056462542e-20 5.151846373232970471e-21
2.240790372183287036e+04 8.373631986854749429e-20 5.121182315825778039e-21
2.241852350580034908e+04 7.406017599904122416e-20 5.479659202993443960e-21
2.242914322882573470e+04 8.130369128798986075e-20 5.015789492187310735e-21
2.243976289084230666e+04 8.058444486811238287e-20 4.529161803758513233e-21
2.245038236074107044e+04 6.889929859232417303e-20 4.610396270156270510e-21
2.246100163100430655e+04 6.752951942513317914e-20 5.041652501330322136e-21
2.247162084020569819e+04 7.025989102085994533e-20 5.064835377038493926e-21
2.248223998831229255e+04 7.837247846198251464e-20 4.855261811802519956e-21
2.249285907529773976e+04 7.246605677989237489e-20 4.991446509150221747e-21
2.250347810111180297e+04 7.710700877685051532e-20 4.991675981483986342e-21
2.251409706574524898e+04 6.890279326429843353e-20 4.771782661757072041e-21
2.252471596915349073e+04 7.518555688949618834e-20 5.004305045689117868e-21
2.253533481129233769e+04 6.629363577265715428e-20 5.434071726509649571e-21
2.254595359214685959e+04 7.688877186629122005e-20 5.357867606377800274e-21
2.255657231167815917e+04 6.113320320909270831e-20 5.112841445661144530e-21
2.256719096985361102e+04 6.325758563979640299e-20 5.002058930248633944e-21
2.257759416864241939e+04 6.787472506125275441e-20 4.524093011772787395e-21
2.258821269315657992e+04 7.980750866555169993e-20 4.908002929617517269e-21
2.259883114776204820e+04 8.435469274707201356e-20 5.280611969781628656e-21
2.260944954078633236e+04 7.631266715049575844e-20 5.125075047728451766e-21
2.262006787229034308e+04 7.645872984047083761e-20 5.068805638198455185e-21
2.263068614224679914e+04 7.449762333444807785e-20 5.137512800766075992e-21
2.264130435061153185e+04 5.964814562794821644e-20 4.953384117389212963e-21
2.265192249736896702e+04 7.503617089391697203e-20 4.869922451284570310e-21
2.266254058246332352e+04 7.411166456013912807e-20 5.088180681249415921e-21
2.267315860587279531e+04 5.899133925741658296e-20 4.396021575550884247e-21
2.268377656756492797e+04 7.546314819995321055e-20 4.713090187018553353e-21
2.269439446751265496e+04 6.707197732811517889e-20 4.505096171165313522e-21
2.270501230567724269e+04 7.443888700331460596e-20 4.797506945693976787e-21
2.271563008202538185e+04 7.636377134981840926e-20 4.996480307823657670e-21
2.272624779651876815e+04 6.672860750578117698e-20 4.719483032509607846e-21
2.273686544913598846e+04 6.667542263993898687e-20 4.995847771155302658e-21
2.274748303983800724e+04 6.084602772066299359e-20 4.896577047103488783e-21
2.275810056858625103e+04 7.067903527537428922e-20 5.162892048471225646e-21
2.276871803536513471e+04 6.381526646450274952e-20 4.786380719392397991e-21
2.277933544012426137e+04 6.347952545170777935e-20 5.115944193764646973e-21
2.278995278283027073e+04 6.663458117022791380e-20 5.043437053103301667e-21
2.280057006346198978e+04 7.181355093172927341e-20 5.560944829846091328e-21
2.281118728198075405e+04 8.329742233587597817e-20 5.209081799417425761e-21
2.282180443835893675e+04 7.456576939823253724e-20 4.961207131090859830e-21
2.283242153255171797e+04 7.260117143987702738e-20 5.102599522546169848e-21
2.284303856452058972e+04 7.621113705227347159e-20 5.486228092318935464e-21
2.285365553426121551e+04 9.040544053268363997e-20 5.309676316493152688e-21
2.286427244171146231e+04 7.717770394509962389e-20 5.191341160489990223e-21
2.287488928686146392e+04 7.757841379516164615e-20 5.251818890083979153e-21
2.288550606967221756e+04 7.955331892887265983e-20 4.847552275878869279e-21
2.289612279008142650e+04 6.112122822254617485e-20 4.956548218037046857e-21
2.290673944809042587e+04 7.006670521519046017e-20 5.286186150527526005e-21
2.291735604365506151e+04 6.424214119495254512e-20 4.908675584006622294e-21
2.292797257675348010e+04 6.741596356015152699e-20 4.452310084517907060e-21
2.293858904733453528e+04 5.936710892262007006e-20 4.733108123764598642e-21
2.294920545535369092e+04 6.169227455641211233e-20 5.047150794793646539e-21
2.295982180081252591e+04 5.979848508229308237e-20 4.716937738893784506e-21
2.297043808365464429e+04 7.115614398238854812e-20 5.084156314307735453e-21
2.298105430386374064e+04 8.213476983585827910e-20 5.405284384968072004e-21
2.299167046138348815e+04 7.879785618900489673e-20 5.125121616709044480e-21
2.300228655618056291e+04 6.742005110752463480e-20 4.586513088894074997e-21
2.301290258825046476e+04 6.268532366447110111e-20 4.444187733212084888e-21
2.302351855754849748e+04 7.781367924735352871e-20 5.011802544935459045e-21
2.303413446402373665e+04 9.630023187024956651e-20 5.596297302512671965e-21
2.304475030765409974e+04 8.478146471538308717e-20 5.342086001833653754e-21
2.305536608841213092e+04 8.308050036067862725e-20 5.211762907701190546e-21
2.306598180625885652e+04 7.067451236407641673e-20 5.103581161069845010e-21
2.307659746125674428e+04 7.071803516136998883e-20 5.109096034602736024e-21
2.308721306163426561e+04 8.097618563653903977e-20 4.886262334210461866e-21
2.309761224101214975e+04 7.480507160907129098e-20 4.974771372706067619e-21
2.310822768744765563e+04 7.320953152132566442e-20 4.969279786297919808e-21
2.311884307079072823e+04 8.363114851797195263e-20 5.142055010202087568e-21
2.312945839101431557e+04 7.269379259385262671e-20 5.080283131214483736e-21
2.314007364809092905e+04 7.703764353428389144e-20 4.989268656756901841e-21
2.315068884199271997e+04 7.988868933859132246e-20 5.117295664560602643e-21
2.316130397268612069e+04 7.008093849104072698e-20 4.921565749462259049e-21
2.317191904011969018e+04 7.799052166998354079e-20 4.840470935271167329e-21
2.318253404427777059e+04 7.427691784400091588e-20 5.232163451536596517e-21
2.319314898510832427e+04 6.101139037317196383e-20 4.798225194961913876e-21
2.320376386261420703e+04 6.888521096140367741e-20 4.758565467478831148e-21
2.321437867672563152e+04 6.529064005300123420e-20 4.966285068244377460e-21
2.322499342741446162e+04 6.627933067894734289e-20 5.091473503390359779e-21
2.323560811465335064e+04 6.749454460204247249e-20 5.081922342513320665e-21
2.324622273843278526e+04 7.005932527096069441e-20 5.067888773386858031e-21
2.325683729867049624e+04 7.200274511897127360e-20 4.903636261645234205e-21
2.326745179535684656e+04 7.729350865792569030e-20 5.025358476847311935e-21
2.327806622847640392e+04 6.932062600155817237e-20 4.899176474695311109e-21
2.328868059797115347e+04 6.783576319193302028e-20 4.959882318961470293e-21
2.329929490380087736e+04 8.409661413352817679e-20 4.715081892089399141e-21
2.330990914594421338e+04 6.564329719041502288e-20 4.778910616317666558e-21
2.332052332438551457e+04 6.753999527343010681e-20 4.376556821226510567e-21
2.333113743906622040e+04 7.940214810212115764e-20 4.659444125132042037e-21
2.334175148994074698e+04 6.536531499421451677e-20 4.243750828925742430e-21
2.335236547700548908e+04 4.832816129069846975e-20 4.332354679537267830e-21
2.336297940023231786e+04 5.539612371609800108e-20 4.598808746599240124e-21
2.337359325954495216e+04 6.132141650571900183e-20 4.625284987780115477e-21
2.338420705493389687e+04 5.773578515450370258e-20 5.071452979276173805e-21
2.339482078638319217e+04 6.957729587237280846e-20 4.804972917341633696e-21
2.340543445383441576e+04 6.494729248370433187e-20 4.542504410584446189e-21
2.341604805724783000e+04 7.048239379541401424e-20 4.929196353937803982e-21
2.342666159660760241e+04 6.200049244889510873e-20 4.690140206712158139e-21
2.343727507189134849e+04 6.412582568809993620e-20 4.662099153891246756e-21
2.344788848302906626e+04 7.535816669582504453e-20 4.563801935002800946e-21
2.345850182999277968e+04 7.550216677233477532e-20 5.034305481594311229e-21
2.346911511280261038e+04 7.085234169935478102e-20 4.713684882160155614e-21
2.347972833134580651e+04 6.492549565463281407e-20 4.676625155843230403e-21
2.349034148561869370e+04 6.268496159988645638e-20 4.729104730689402635e-21
2.350095457562941738e+04 6.423081362032494874e-20 4.723646838107302742e-21
2.351156760128305541e+04 5.927697994634444751e-20 4.549324465723392333e-21
2.352218056256997806e+04 5.970392517934052198e-20 4.647695009941540852e-21
2.353279345945579553e+04 4.794225762368328167e-20 3.779015951375114843e-21
2.354340629192442793e+04 6.706204153037873020e-20 5.446573898498432313e-21
2.355401905991151216e+04 5.992718914434690794e-20 6.456297819903554891e-21
2.356463176337659388e+04 6.455177129000206025e-20 4.730852398873953794e-21
2.357524440234602298e+04 7.614930805535789170e-20 4.957152545557676343e-21
2.358585697670669106e+04 6.536384885644453608e-20 4.503016816679709356e-21
2.359646948646087912e+04 6.527034122735051269e-20 4.573775076731723773e-21
2.360708193161033705e+04 7.237188351866229230e-20 5.018672818119759842e-21
2.361769431204802459e+04 5.889911207521729636e-20 4.503542605147306520e-21
2.362830662777619727e+04 6.270843168505861374e-20 4.323481949354054488e-21
2.363891887880278227e+04 5.481536367206723401e-20 4.692134242702658662e-21
2.364953106500214199e+04 6.163930680551288998e-20 4.874723944275443732e-21
2.366014318640102283e+04 5.777427577207621323e-20 4.614822684570820692e-21
2.367075524298297023e+04 6.031577438300865105e-20 4.506979398531617092e-21
2.368136723464647366e+04 5.830699554590401904e-20 5.036943217840353503e-21
2.369197916140005327e+04 6.482971365376838359e-20 4.583825442576640625e-21
2.370259102323341358e+04 6.342703856030642709e-20 4.767870527059174482e-21
2.371320282003865941e+04 4.955780139510180498e-20 4.668464636993152559e-21
2.372381455184270089e+04 6.560131529749062676e-20 4.508575257051392238e-21
2.373442621861693260e+04 7.811470769315587130e-20 4.745206300722172387e-21
2.374503782025931287e+04 6.696350920800742142e-20 4.825019500651782922e-21
2.375564935679683913e+04 6.795510221711403665e-20 4.867972012415668012e-21
2.376626082820091688e+04 5.668625768609215048e-20 4.699644268683347748e-21
2.377687223436926797e+04 6.860693128144670068e-20 4.573566264636470618e-21
2.378748357532893351e+04 6.610392799894143792e-20 4.588029455959030456e-21
2.379809485105132626e+04 6.252211368922342367e-20 4.736704499604181488e-21
2.380870606144010890e+04 5.202187111096003634e-20 4.468751623434681662e-21
2.381931720651622527e+04 5.719621579199277574e-20 4.423618333236834780e-21
2.382992828623265450e+04 6.138593675840060521e-20 4.145980110483190209e-21
2.384053930052968644e+04 5.336699681939050126e-20 4.545582249764036410e-21
2.385115024939764044e+04 6.151590679468918974e-20 4.428698060010216379e-21
2.386176113280786012e+04 7.571147743703061836e-20 4.678007278138753641e-21
2.387237195070051894e+04 4.816041128588380712e-20 4.421941816029985646e-21
2.388298270307823623e+04 5.048776272299825106e-20 4.401845530028208271e-21
2.389359338984463466e+04 6.127546648666540140e-20 4.189018421466493375e-21
2.390420401100744857e+04 6.191763548672035988e-20 4.251027621625468356e-21
2.391481456656315277e+04 5.939479620752356009e-20 4.560609531085107931e-21
2.392542505639682349e+04 6.603536069687073151e-20 4.869008621891836432e-21
2.393603548055927604e+04 6.689796461982150602e-20 4.649760372450724887e-21
2.394664583893600866e+04 6.414527618158054409e-20 5.168419867811154706e-21
2.395725613152909500e+04 6.627719184228557578e-20 4.671373654064819535e-21
2.396786635832774846e+04 5.596600672941617437e-20 4.393933361027560934e-21
2.397847651925429091e+04 6.945428328845323078e-20 4.383667960419834850e-21
2.398908661428613777e+04 6.285026453160269300e-20 4.510661344424892521e-21
2.399969664343097975e+04 6.091649260545279896e-20 4.294683526133872716e-21
2.401030660656780674e+04 4.670102916632430159e-20 4.201884391884140421e-21
2.402091650376051621e+04 5.255110960681503246e-20 4.450429943709883191e-21
2.403152633489310028e+04 6.361482002285250245e-20 4.803646962188585451e-21
2.404213609995575825e+04 5.636764773532357222e-20 4.240965218692877502e-21
2.405274579895673742e+04 5.428020079339543011e-20 4.378392384605482462e-21
2.406335543177991349e+04 4.188960238583378480e-20 4.578603569567277570e-21
2.407396499847115047e+04 6.325874311501798939e-20 4.603056561527715071e-21
2.408457449893342709e+04 6.747832101531219011e-20 4.678634841465502876e-21
2.409518393315573121e+04 6.195595608103639034e-20 4.505376932085288448e-21
2.410579330112825483e+04 5.894080026298853743e-20 4.159199424160286628e-21
2.411640260276000117e+04 6.476212821130462694e-20 4.882462050670016950e-21
2.412701183807717098e+04 6.884174945066865684e-20 4.682251564951071788e-21
2.413762100698928043e+04 6.402980612356714383e-20 4.662034377321868862e-21
2.414823010948583033e+04 6.658511201793859952e-20 4.747338807966919487e-21
2.415883914555587762e+04 5.669035654781621666e-20 4.319108638497743250e-21
2.416944811510875297e+04 6.430167677723614694e-20 4.115797410754321558e-21
2.418005701817120280e+04 6.622632819206545210e-20 4.678317475440742094e-21
2.419066585465152457e+04 6.735503892504790108e-20 4.663447834673839962e-21
2.420127462455834393e+04 6.527706605109947502e-20 4.676828283529976545e-21
2.421188332783131773e+04 6.132211014826096134e-20 4.745532546638956531e-21
2.422249196442226457e+04 5.726362423636474824e-20 4.239779598425910895e-21
2.423310053433973007e+04 6.319678754024554406e-20 4.732502006658681648e-21
2.424370903751083097e+04 5.986388585760569824e-20 4.464589847132961237e-21
2.425431747393718979e+04 5.825269874490813152e-20 4.245867672703227312e-21
2.426492584352769336e+04 5.821356221725870813e-20 4.268606137959297409e-21
2.427553414629645340e+04 5.537361218318215519e-20 4.337964926523485140e-21
2.428614238217665479e+04 6.801025771223649048e-20 4.279318385909406816e-21
2.429675055113312919e+04 5.893811527579233223e-20 4.251174610469079512e-21
2.430735865317368734e+04 5.555993685138774682e-20 4.284196024762739471e-21
2.431796668820658306e+04 5.895965883066662008e-20 4.582279345416627497e-21
2.432857465625893747e+04 5.733035736602170232e-20 4.576046739241116630e-21
2.433918255721363312e+04 5.123546882277860185e-20 4.305796245603403185e-21
2.434957169472402893e+04 5.075071643068456823e-20 4.063489857420332402e-21
2.436017945023068023e+04 5.619424751591231658e-20 4.124431761499294215e-21
2.437078713034567772e+04 6.484326895253288805e-20 4.216494776522522249e-21
2.438139474316961423e+04 6.053905589418547124e-20 4.525250182323906218e-21
2.439200228874823733e+04 5.674682139846604656e-20 3.944550670709069415e-21
2.440260976708164526e+04 6.563627650774534036e-20 4.508525150387458583e-21
2.441321717808642279e+04 5.677111727699041798e-20 4.660792262669549156e-21
2.442382452178079984e+04 5.986349729271633552e-20 4.297054826362884014e-21
2.443443179807455454e+04 7.299012582878830781e-20 4.210257438651160148e-21
2.444503900698018333e+04 6.955020889425065192e-20 4.598795641905985665e-21
2.445564614840165814e+04 5.747131755887195154e-20 4.812773486348817607e-21
2.446625322238729132e+04 5.886412968979218216e-20 4.485860636422600912e-21
2.447686022880508972e+04 5.571546605002538058e-20 4.744989336443932294e-21
2.448746716770311468e+04 6.462017471094052240e-20 4.450083775096218621e-21
2.449807403897937911e+04 6.020902765716698474e-20 4.222515739010747643e-21
2.450868084265240032e+04 6.750154687286484695e-20 3.992091580119223981e-21
2.451928757864355066e+04 6.156126985967920886e-20 4.315096781396027582e-21
2.452989424694137415e+04 5.568009401445674668e-20 4.402086400397210646e-21
2.454050084751607938e+04 6.671610509838559797e-20 4.537218882618647285e-21
2.455110738030083667e+04 6.043294379861707860e-20 4.690196413044578848e-21
2.456171384529032002e+04 6.373834264454121969e-20 4.697307283512934855e-21
2.457232024243647538e+04 7.127553095717518378e-20 4.501096664719644114e-21
2.458292657170272287e+04 5.409057850446732305e-20 4.244637355307353999e-21
2.459353283305342120e+04 6.454907105354939018e-20 4.448944629914788804e-21
2.460413902645224152e+04 6.635988223242653802e-20 4.574684726259313659e-21
2.461474515186290955e+04 5.371114681924175717e-20 4.454006116284060735e-21
2.462535120924963121e+04 5.524972275243680497e-20 4.288869867444112900e-21
2.463595719857589211e+04 6.052900245933082774e-20 4.494125952305715022e-21
2.464656311980545070e+04 6.310102437340774513e-20 4.413260374822183068e-21
2.465716897289037661e+04 5.481895868868202794e-20 4.511070587003204136e-21
2.466777475783037880e+04 6.121406120871447318e-20 4.618133593952926517e-21
2.467838047454101979e+04 5.763932693874882268e-20 4.225233389144527645e-21
2.468898612303450136e+04 5.436906943491425217e-20 4.017396744627424528e-21
2.469959170322565114e+04 5.888951035003006281e-20 4.533786311213743403e-21
2.471019721512714386e+04 5.856727346662412826e-20 4.306630532275256764e-21
2.472080265865999536e+04 6.621853894239663355e-20 4.232922180135154460e-21
2.473140803381790465e+04 6.282502125599819285e-20 4.046495128440220479e-21
2.474201334054674589e+04 6.246742578010812808e-20 4.317096770643012390e-21
2.475261857891231557e+04 6.511499678719733664e-20 4.418201372960644432e-21
2.476300429627594713e+04 6.186137051040061217e-20 4.327435167267085319e-21
2.477360937788766751e+04 5.748004935127908504e-20 4.150699684360274051e-21
2.478421439094145899e+04 5.283761714725190362e-20 4.208563441151805378e-21
2.479481933537606892e+04 5.996956152818345303e-20 4.459707363954459070e-21
2.480542399693949119e+04 5.907728160437590538e-20 4.106637779011238642e-21
2.481602857664384646e+04 6.031922558534957308e-20 4.060780226373942075e-21
2.482663308764922476e+04 6.264460056965833816e-20 4.136466067003650586e-21
2.483723752988064734e+04 6.561402991877542154e-20 4.232533159947791756e-21
2.484784190335240055e+04 5.477129730460169203e-20 4.259563857890615459e-21
2.485844620798368123e+04 5.811733953678569771e-20 4.518352674444670620e-21
2.486905044378176535e+04 6.803348149888932822e-20 4.500239287458268400e-21
2.487965461065967611e+04 7.010026731011071994e-20 4.734369667270956101e-21
2.489025870861880321e+04 6.097658475804678997e-20 4.598630481585097026e-21
2.490086273760934637e+04 6.719787725809624369e-20 4.361625842222339475e-21
2.491146669758240387e+04 8.016193920458499335e-20 4.594545240166159390e-21
2.492207058853271519e+04 7.494653795983247610e-20 4.417543320514916727e-21
2.493267441038534162e+04 5.829866267917390221e-20 4.704194326636965093e-21
2.494327816314840311e+04 4.303399249348016946e-20 4.322923054283202241e-21
2.495388184673997239e+04 6.306180413826273420e-20 4.605091216148583907e-21
2.496448546114915007e+04 4.371131711598923808e-20 4.841502215838304746e-21
2.497508900632631776e+04 5.747674959892243536e-20 4.469282069793920164e-21
2.498569248225334377e+04 5.216799648415056403e-20 4.147706815962309825e-21
2.499629588886837519e+04 4.872855244638690424e-20 3.890630604552980607e-21
2.500689922615328396e+04 5.709460582763406637e-20 4.469310682394582808e-21
2.501750249406479270e+04 5.119913020474939818e-20 4.517618268489526293e-21
2.502810569255989321e+04 6.305739691833275318e-20 4.393687796639661285e-21
2.503870882162659473e+04 5.994101403586064755e-20 4.006406062861129620e-21
2.504931188119003127e+04 5.988757349767847838e-20 4.491845450278060242e-21
2.505991487124511332e+04 5.623152376260045925e-20 4.202746238983239867e-21
2.507051779173525938e+04 6.229489772091276634e-20 4.311104048969094277e-21
2.508112064263030697e+04 5.786065819349663258e-20 4.362827764358207214e-21
2.509172342389279947e+04 5.531091026891440440e-20 4.372952171753655722e-21
2.510232613547935762e+04 5.743132857592609957e-20 4.431655570405360143e-21
2.511292877737874005e+04 6.753384166563734743e-20 4.817723512578551540e-21
2.512353134951474203e+04 4.346531526366498482e-20 4.146486464183971658e-21
2.513413385187643507e+04 5.227999195346168772e-20 4.290699756547825834e-21
2.514473628442642439e+04 6.259629901820635317e-20 4.465901774747620938e-21
2.515533864711449860e+04 5.739990324455620636e-20 4.020258529213953448e-21
2.516594093991026239e+04 5.794501175945800368e-20 4.014579936909820715e-21
2.517654316278240367e+04 5.338173274057978191e-20 4.344791722221869103e-21
2.518714531568753955e+04 6.378033854488100809e-20 4.374761770414527755e-21
2.519774739858203247e+04 6.381790323968580181e-20 4.509036545879156452e-21
2.520834941144094046e+04 5.672128010850979926e-20 4.456449334393532075e-21
2.521895135421464511e+04 6.896502999819884269e-20 4.440785844381629731e-21
2.522955322687184162e+04 6.468759322394778279e-20 4.263377816981755699e-21
2.524015502938167992e+04 5.513273055930480660e-20 3.952201257580582705e-21
2.525075676170058796e+04 6.876973115226105544e-20 4.367193536403653215e-21
2.526135842379050882e+04 5.092271348127162632e-20 4.445865973565467396e-21
2.527196001560818695e+04 6.877435020860935815e-20 4.491444480839238520e-21
2.528256153712878586e+04 6.450258809700287629e-20 4.228732749303034761e-21
2.529316298830824235e+04 5.818656687015252344e-20 4.638042410648881867e-21
2.530376436910942357e+04 4.813685067437460180e-20 4.381710796522969444e-21
2.531436567948781885e+04 5.220304123991783089e-20 4.332156370599025565e-21
2.532496691942566758e+04 5.749018092785421695e-20 4.243348579896867388e-21
2.533556808885947612e+04 7.745905867435342674e-20 4.378494306072405825e-21
2.534616918777073442e+04 6.839709785816710566e-20 4.555008212662230119e-21
2.535677021612229873e+04 5.462875697519301610e-20 4.316773086329965000e-21
2.536737117385667079e+04 6.218945210123569803e-20 4.307508634312989398e-21
2.537797206095584988e+04 5.904637700849652166e-20 4.280624815151492981e-21
2.538857287737575098e+04 6.114216293668183975e-20 4.489746156265087523e-21
2.539917362307822259e+04 5.920709310110078808e-20 4.368281818750620177e-21
2.540977429803260020e+04 6.335085830139831937e-20 3.872207128669724686e-21
2.542037490218768653e+04 5.989196182381232537e-20 4.409707383007190335e-21
2.543097543551889612e+04 5.823942609998407536e-20 4.575903818847244080e-21
2.544157589796263710e+04 6.611218334599907813e-20 4.522709695176551989e-21
2.545217628951298684e+04 8.339648267912373076e-20 5.030402653464290835e-21
2.546277661013919351e+04 7.419462859675895581e-20 4.738627127003045367e-21
2.547337685975108616e+04 1.024267352137203322e-19 5.038944755795899618e-21
2.548397703836280925e+04 2.084671756880343984e-19 5.875412647153027614e-21
2.549457714591070544e+04 2.545077673016459134e-19 6.284290838300443237e-21
2.550517718236276778e+04 1.760356002045950764e-19 5.388007057016263593e-21
2.551577714768165606e+04 8.164788247792388773e-20 4.334498322260227047e-21
2.552637704184200265e+04 6.016286908298321922e-20 4.192232034785698696e-21
2.553697686477990283e+04 6.140620034938756963e-20 4.090777977513149227e-21
2.554757661647056375e+04 5.788854164599980217e-20 3.965626620107914384e-21
2.555817629688186207e+04 5.708696586445635789e-20 4.315594894140296877e-21
2.556877590596336449e+04 5.073802350214129518e-20 3.965517679164464355e-21
2.557937544368958697e+04 5.547869997247999865e-20 4.305489407070773456e-21
2.558997491001600065e+04 4.600762508934380124e-20 4.681578340493054279e-21
2.560057430489817125e+04 5.477047699333566266e-20 4.203706228399875265e-21
2.561117362831042556e+04 5.332279603411575379e-20 4.342082260483015716e-21
2.562177288020869673e+04 6.235862910190962251e-20 4.027746613966773812e-21
2.563237206054779017e+04 4.788501541142104168e-20 3.969699695171234863e-21
2.564297116930272023e+04 5.915043582388561116e-20 3.963707306729229111e-21
2.565357020642883435e+04 4.954020102057764279e-20 4.242561581054980770e-21
2.566416917188087609e+04 5.579482026853656806e-20 4.277798337155699301e-21
2.567476806563418359e+04 6.127971548163644163e-20 3.879187928563037691e-21
2.568536688764994688e+04 6.118435347187579945e-20 4.265543102402225972e-21
2.569596563787047853e+04 4.994700926188934173e-20 4.325109080679103686e-21
2.570656431627708662e+04 5.248840272570068731e-20 4.473252310006709766e-21
2.571716292283100847e+04 5.997554203203117842e-20 4.300075434795289981e-21
2.572776145748127601e+04 5.639758899632254977e-20 4.384261622998947191e-21
2.573835992020198682e+04 6.887999565537187026e-20 4.116886138412836184e-21
2.574895831094199821e+04 5.896262438585463904e-20 4.386906479348380314e-21
2.575955662966268574e+04 6.439671328633401945e-20 4.433814732756087821e-21
2.577015487634504461e+04 5.872541862462903573e-20 4.286016300489454237e-21
2.578075305093144198e+04 5.819710182352543893e-20 4.345045103164646431e-21
2.579112974104207387e+04 4.732329222382457328e-20 4.054690789462165849e-21
2.580172775979763173e+04 5.608270462779922638e-20 3.971368241232672075e-21
2.581232569820095887e+04 5.282681120751578315e-20 4.026330976449436657e-21
2.582292356428482890e+04 4.441431942311478002e-20 4.318383480498611723e-21
2.583352135808460662e+04 5.333162298980591858e-20 4.314818008763670266e-21
2.584411907955478091e+04 5.635780556381514358e-20 4.125702307214362253e-21
2.585471672866359950e+04 6.462491958445498948e-20 4.442002677701104686e-21
2.586531430537821143e+04 5.094556317053252765e-20 4.125940271891270985e-21
2.587591180965392778e+04 5.836957803230639880e-20 4.390002398484449190e-21
2.588650924144527380e+04 5.916195102491476308e-20 4.423526353636677620e-21
2.589710660071996244e+04 5.591391042140420477e-20 4.423913235921405854e-21
2.590770388745209493e+04 4.826348382052199666e-20 4.155051734167548090e-21
2.591830110157053059e+04 4.329872275849979012e-20 4.341288935617690933e-21
2.592889824306884839e+04 6.504182297365799969e-20 4.278716850744336173e-21
2.593949531190147536e+04 9.326193129855773598e-20 4.831361218013173799e-21
2.595009230801665763e+04 7.355341960605280921e-20 4.718696463500931040e-21
2.596068923136925878e+04 5.142712708611770071e-20 4.521630143179527098e-21
2.597128608195199558e+04 7.387297634158778027e-20 4.113284869298069829e-21
2.598188285970085417e+04 6.522131201979695059e-20 4.356643008561967392e-21
2.599247956457611508e+04 6.569714213203060197e-20 4.432384447686809434e-21
2.600307619655214148e+04 5.409079375585952612e-20 4.869537296707450765e-21
2.601367275558324400e+04 5.313885876911981400e-20 5.016030207010326525e-21
2.602426924163035073e+04 5.480729573458959509e-20 3.875668821873455218e-21
2.603486565465452804e+04 5.244494714695603784e-20 4.061717252042265073e-21
2.604546199461618380e+04 5.306581458177655657e-20 3.861801474622966186e-21
2.605605826147049447e+04 5.461970856609915124e-20 4.350751588593824357e-21
2.606665445520325011e+04 5.669722660338425304e-20 4.228152130210016589e-21
2.607725057573729646e+04 6.041885725772353141e-20 4.324573427068250751e-21
2.608784662306507380e+04 4.938581527599977587e-20 3.982388002257994457e-21
2.609844259712184794e+04 5.613596359951227113e-20 4.127277186732973995e-21
2.610903849789420201e+04 5.835232054906475347e-20 3.842712183938562934e-21
2.611963432532318984e+04 4.923417189036691406e-20 3.873117071356179895e-21
2.613023007937640796e+04 5.441762806771775520e-20 4.252946676552822413e-21
2.614082576011815399e+04 4.655988570653453223e-20 4.083052233609169127e-21
2.615119929046164543e+04 5.376439161245203508e-20 4.366622747859447163e-21
2.616179480433998106e+04 5.892898019409525608e-20 4.220738914137115379e-21
2.617239024469661672e+04 6.026004034869829673e-20 4.364150009901975760e-21
2.618298561146561406e+04 6.024765317394944930e-20 4.228232061486519881e-21
2.619358090462044493e+04 5.020919286579235758e-20 3.760964071702081931e-21
2.620417612412219023e+04 4.845007678927788282e-20 3.889928645039598539e-21
2.621477126993733691e+04 6.337038504131309912e-20 4.137026786868253560e-21
2.622536634201362176e+04 5.560862233031238983e-20 4.118230534732073172e-21
2.623596134032445116e+04 4.889703463078653966e-20 4.019651307834357555e-21
2.624655626482372827e+04 6.259654216234231244e-20 4.014684856603138374e-21
2.625715111546523622e+04 5.291167187957508289e-20 4.105532905233584142e-21
2.626774589222908253e+04 5.107305220032795852e-20 4.227774204114113561e-21
2.627834059504940888e+04 4.140964114783229447e-20 3.783988415438893483e-21
2.628893522390586804e+04 5.340508728030131151e-20 3.905636282502485278e-21
2.629952977875275246e+04 5.147218713685269870e-20 4.252914701076592767e-21
2.631012425953652200e+04 5.205072521351168171e-20 4.403458656738058248e-21
2.632071866625109760e+04 5.589609591210984620e-20 3.938980382751478067e-21
2.633131299882990061e+04 3.758577970633054934e-20 3.962922740538294966e-21
2.634190725723965443e+04 5.225504874316490062e-20 4.215073532712590724e-21
2.635250144144093792e+04 5.491885192886989218e-20 4.567448671110029577e-21
2.636309555139324584e+04 5.701791228949773632e-20 4.188033025720579562e-21
2.637368958706412741e+04 5.401920296904334019e-20 4.435382367770377855e-21
2.638428354839295935e+04 6.321019212800484304e-20 4.204047349147178100e-21
2.639487743535365371e+04 5.615468642119700713e-20 3.759638177971472319e-21
2.640547124791948227e+04 5.116984641255543774e-20 3.683644509538640852e-21
2.641606498603033106e+04 6.030905630081482630e-20 4.305958753998553593e-21
2.642665864965311266e+04 5.072109552881017604e-20 3.884641781018829659e-21
2.643725223874740914e+04 4.320228410623185036e-20 3.885980398405353555e-21
2.644784575328046049e+04 5.062866583599776543e-20 4.018481618382601845e-21
2.645843919319803899e+04 5.757628992443494251e-20 4.226709642576799258e-21
2.646903255846745742e+04 5.280209215450421788e-20 3.967548112140378529e-21
2.647962584905480981e+04 4.645566332391743861e-20 4.480096477080887213e-21
2.649021906490680703e+04 4.445874176569052166e-20 4.047600646477155340e-21
2.650081220599662993e+04 4.637148534084691551e-20 4.240703874596849893e-21
2.651140527227052371e+04 5.287556158268947414e-20 4.291355600853821825e-21
2.652199826370201481e+04 4.659331584979568446e-20 4.136266759795066283e-21
2.653259118024364216e+04 4.850040854955974914e-20 4.076934654677406397e-21
2.654318402184225124e+04 5.525130178523444071e-20 4.083294070374802534e-21
2.655377678848384676e+04 4.075967595323198062e-20 4.187063026776058662e-21
2.656436948011524146e+04 5.342325142050800847e-20 4.307303116176350480e-21
2.657496209668210577e+04 5.472525901316786181e-20 4.258655688991054204e-21
2.658555463817817144e+04 5.263204563158616288e-20 4.094376309463709456e-21
2.659614710454261876e+04 5.622759193603466544e-20 4.256477169390877527e-21
2.660673949571468620e+04 6.102576197786986180e-20 4.333515642199637683e-21
2.661733181168797091e+04 5.160960425331696872e-20 4.443376665411496337e-21
2.662792405240805965e+04 6.333228647973137150e-20 4.478893434393674842e-21
2.663851621784182862e+04 4.977029568548707020e-20 3.916366511231129135e-21
2.664910830792086563e+04 4.570683224881272371e-20 4.193741085511832043e-21
2.665970032263927715e+04 5.112261379621481187e-20 4.184942091485015349e-21
2.667029226195589581e+04 4.562092432193031291e-20 3.964375149205557485e-21
2.668088412578986390e+04 4.546391028143846397e-20 4.192839009134405200e-21
2.669147591414097406e+04 4.610826794277161505e-20 4.358919931213136658e-21
2.670206762696192163e+04 4.789794164093365888e-20 3.845748800546705852e-21
2.671265926419848256e+04 5.095704934026041118e-20 3.827838263017185391e-21
2.672325082581653260e+04 4.370785462149968872e-20 3.671204192470556984e-21
2.673384231177571201e+04 4.849478271945789051e-20 4.025502619480681414e-21
2.674443372203474792e+04 5.207956127472391198e-20 4.246251014864084455e-21
2.675502505656031644e+04 5.721608584349708496e-20 4.652902877942486214e-21
2.676561631529724764e+04 8.549724949683763753e-20 4.811646150114311700e-21
2.677620749821223944e+04 2.475997874997541296e-19 6.591261086493026015e-21
2.678679860526387711e+04 4.510087098087383819e-19 7.865597317091388687e-21
2.679738963642530507e+04 4.982782790632273417e-19 8.494595154027133945e-21
2.680798059162127902e+04 2.071139760049360988e-19 6.117157393267647861e-21
2.681857147084507596e+04 9.189430927652428959e-20 4.781152647038448356e-21
2.682916227403528683e+04 9.680701465163432522e-20 4.817263638138176819e-21
2.683975300116441576e+04 9.213725067678934753e-20 4.619956313076585449e-21
2.685034365217812228e+04 7.301084784430009739e-20 4.557031915338270705e-21
2.686093422704853947e+04 5.648395685959607682e-20 4.340659369036067106e-21
2.687152472571474937e+04 4.985393533245317394e-20 4.230491555980007047e-21
2.688211514816903582e+04 5.018573741820779069e-20 4.373579667219124359e-21
2.689270549433692213e+04 4.569612166860439677e-20 4.174879745218913043e-21
2.690329576419708974e+04 5.575276041411631975e-20 4.149667910633680860e-21
2.691388595769526000e+04 4.751538447374428983e-20 4.448673530846410989e-21
2.692447607480346778e+04 5.603528772454035263e-20 3.923079465324633534e-21
2.693506611547398643e+04 5.243543734453059644e-20 4.299365683270761711e-21
2.694565607967221513e+04 5.219903088245570701e-20 3.871170917008173982e-21
2.695624596732956707e+04 5.833811592143217147e-20 4.331606138638945523e-21
2.696683577845276159e+04 4.935441009320850192e-20 4.435757319433632356e-21
2.697742551294544683e+04 5.218496329534883892e-20 3.981749397236868079e-21
2.698801517080772464e+04 5.402224825850804312e-20 4.308068282006187978e-21
2.699860475199092980e+04 5.619121482685571602e-20 4.753224060801224689e-21
2.700919425644051080e+04 6.016562379447019612e-20 4.247151522168830303e-21
2.701978368411433257e+04 4.395362485523206136e-20 4.212308396251229480e-21
2.703037303499243717e+04 4.912562261578555983e-20 4.777451521977200359e-21
2.704073850654588750e+04 5.244448357293272054e-20 4.728370864096850184e-21
2.705132769186901714e+04 6.936331623153152149e-20 4.420944081713790430e-21
2.706191679220301739e+04 4.677623058130889437e-20 4.487987101159536357e-21
2.707250581547199909e+04 4.948187014827608615e-20 4.696762488259017274e-21
2.708309476172112409e+04 4.736224532022580360e-20 4.404400149139543523e-21
2.709368363088294063e+04 4.683904659219754159e-20 4.110112290487095574e-21
2.710427242296862096e+04 4.777240297591896161e-20 4.201859897764427893e-21
2.711486113790390300e+04 5.359802613459628386e-20 4.391996732090341696e-21
2.712544977565986846e+04 5.565300817879519796e-20 4.657860762510832578e-21
2.713603833528048199e+04 5.812248556020513434e-20 4.368985313168641230e-21
2.714662672579046193e+04 5.310633034769388103e-20 4.326063987868537714e-21
2.715721426150260231e+04 5.293250176516829016e-20 4.289922319283531850e-21
2.716780171150898605e+04 5.834174889783144180e-20 4.607329716832724226e-21
2.717838908413309400e+04 4.791090257632867572e-20 4.799872219476798717e-21
2.718897637934676823e+04 5.429073082209656563e-20 5.107228407204980178e-21
2.719956359710105244e+04 5.651966767984077533e-20 4.558982458815290979e-21
2.721015073734789257e+04 3.755054410974311588e-20 4.341555728093912133e-21
2.722073780006482411e+04 5.754448982349476964e-20 4.507718978372257969e-21
2.723132478518376593e+04 6.274390641177376040e-20 5.055027092313323567e-21
2.724191169268209342e+04 4.677102800401724441e-20 4.804515318749256906e-21
2.725249852250525146e+04 4.743205655339377495e-20 4.310316479204985581e-21
2.726308527463049541e+04 5.647261061797168630e-20 5.181136656204625452e-21
2.727367194898310117e+04 5.741741667531474935e-20 5.014322373213092595e-21
2.728425854556715785e+04 5.208700810819843180e-20 4.795449031096309356e-21
2.729484506429418616e+04 6.009805974830456905e-20 4.911157344713312065e-21
2.730543150514161971e+04 4.950852858505545549e-20 4.971385405395009518e-21
2.731601786808130055e+04 4.658851653794875564e-20 4.662559798597152482e-21
2.732660415304382695e+04 3.668782269442855785e-20 4.814543216331424474e-21
2.733719036001415952e+04 5.404644706125115716e-20 4.524401065135186074e-21
2.734777648903551744e+04 5.070707777251090005e-20 4.457994142016979289e-21
2.735813816491011676e+04 4.629949123825111314e-20 4.589705448975255250e-21
2.736872411760489558e+04 4.963742472799221885e-20 4.701024644278975736e-21
2.737930999212321694e+04 5.877393925637909106e-20 5.333338733385266064e-21
2.738989578842237825e+04 4.266163934284306893e-20 4.608508366594085037e-21
2.740048150646728391e+04 4.164289738216961707e-20 4.415580917592124179e-21
2.741106714621531501e+04 5.082051854850108564e-20 4.711069956959334439e-21
2.742165270759619671e+04 3.133602121881354113e-20 4.392732060346750281e-21
2.743223819060238384e+04 3.521806416265485172e-20 5.014720735070975613e-21
2.744282359517042642e+04 5.337783330933673525e-20 5.338276544054962525e-21
2.745340892127180268e+04 5.980661092659481173e-20 4.847747774147393596e-21
2.746399416884994935e+04 5.398599583990189354e-20 4.564234847958781985e-21
2.747457933787637739e+04 5.644999232464602508e-20 4.626371912566576099e-21
2.748516442830138840e+04 6.062607551388649095e-20 4.600981525784982109e-21
2.749574944007545128e+04 4.147434237071757908e-20 4.411775174659225137e-21
2.750633437316979689e+04 4.901118101645583388e-20 4.650779419467845629e-21
2.751691922752793107e+04 5.629095304996919016e-20 5.084938759811296974e-21
2.752750400312093552e+04 4.969322974104112154e-20 4.852600538445199397e-21
2.753808869989230516e+04 4.986630872337040626e-20 4.777983518644479720e-21
2.754867331781302346e+04 5.048537293623182036e-20 4.881542519591111826e-21
2.755925785683367212e+04 5.156262610062835783e-20 5.103112953905255841e-21
2.756984231691097011e+04 7.128433791775998194e-20 5.323023801378211363e-21
2.758042669799551368e+04 4.325405862405939684e-20 5.483630892635360175e-21
2.759101100005804255e+04 4.585503953459699712e-20 5.183247196023658833e-21
2.760159522305620703e+04 6.394357342098018200e-20 5.378232988901980325e-21
2.761217936692529474e+04 6.981102949676276630e-20 5.533164941494327322e-21
2.762276343165125581e+04 4.424987600648950969e-20 4.993331235215613297e-21
2.763334741716217832e+04 5.321457953382969477e-20 4.574131209708936208e-21
2.764393132344401238e+04 5.669021823487565944e-20 4.882291233510646994e-21
2.765451515043183463e+04 4.857401951144571333e-20 4.605473115308371947e-21
2.766509889809741435e+04 4.592359238847418602e-20 4.473093372179958496e-21
2.767568256637569357e+04 4.728119452926801164e-20 4.566303592979183251e-21
2.768626615525265152e+04 5.540345348579428764e-20 4.850368883231878873e-21
2.769684966466313927e+04 3.721086546431620788e-20 4.455249423066583103e-21
2.770743309457178111e+04 4.880747914312329760e-20 4.145269459493424380e-21
2.771801644493466665e+04 5.127023708657133504e-20 4.774752475798742106e-21
2.772859971571641654e+04 4.836261762958426840e-20 4.905086637248872147e-21
2.773918290687305853e+04 4.335600137260366559e-20 4.753343266812466149e-21
2.774976601833350651e+04 4.696815802750187732e-20 4.570210918597599885e-21
2.776034905008224086e+04 3.907339529889180210e-20 4.564286459677056463e-21
2.777093200207667905e+04 4.953970383495711744e-20 4.889602080398605143e-21
2.778151487426555832e+04 4.935232392332854048e-20 4.618077099622296160e-21
2.779209766659906018e+04 5.039198365777944073e-20 4.657382484787308111e-21
2.780268037904737503e+04 4.721155757180864602e-20 4.635324625662276339e-21
2.781326301155341207e+04 4.284695978338016057e-20 4.872515213069679945e-21
2.782384556408732533e+04 4.693600335332125619e-20 4.639082302583471141e-21
2.783442803659197307e+04 4.749593902335368400e-20 4.109281199122972098e-21
2.784501042904463611e+04 5.139879936797741198e-20 5.103424249077310699e-21
2.785559274137374814e+04 4.546031367978686471e-20 4.691790767932934601e-21
2.786617497355656451e+04 4.212455705219007709e-20 5.122296357536716102e-21
2.787675712555012069e+04 5.066195340588290620e-20 4.636302640076071725e-21
2.788733919728859837e+04 5.940575216702877988e-20 4.670620040038251823e-21
2.789792118874326115e+04 5.421695908814460399e-20 4.310883842299886143e-21
2.790850309987705259e+04 5.779835151222676774e-20 4.913895698613495022e-21
2.791908493063957576e+04 6.132416147051655519e-20 4.719274646308223761e-21
2.792966668099375966e+04 4.681157181451441086e-20 4.705880294813774112e-21
2.794024835088190957e+04 5.145813342175159220e-20 4.594660344644071512e-21
2.795082994025971129e+04 6.862204653960326079e-20 5.281548405531877790e-21
2.796141144911261290e+04 4.632235690798948512e-20 4.657705160540568729e-21
2.797199287735306280e+04 4.635813129378312778e-20 4.697442679985254658e-21
2.798257422495913488e+04 4.917180394214100387e-20 4.865477751048713268e-21
2.799315549190828096e+04 3.989070509092049058e-20 4.942885039745086827e-21
2.800373667812068015e+04 4.554182074543109064e-20 4.802600855354802663e-21
2.801431778357377698e+04 3.578184560946687360e-20 4.519014256605143936e-21
2.802489880820206599e+04 3.252354069404564765e-20 4.742764278418601194e-21
2.803547975199029679e+04 4.408810368191795089e-20 4.332258435036178717e-21
2.804606061487276020e+04 6.744638102290402104e-20 4.874912509810953682e-21
2.805664139681254164e+04 5.552513729545939513e-20 5.183192648429129585e-21
2.806722209777278840e+04 5.291768969876841738e-20 4.483684389573000946e-21
2.807780271769484898e+04 4.576562531753086216e-20 4.979263862899542496e-21
2.808838325655624794e+04 5.054279817310547349e-20 4.794200611208970845e-21
2.809896371428381826e+04 4.688225609769452157e-20 4.582394661502455562e-21
2.810954409085496809e+04 5.012950513642732278e-20 4.540876909527119640e-21
2.812012438621106776e+04 5.386263447839820981e-20 4.744585555749452514e-21
2.813070460032939809e+04 4.114216246231742632e-20 4.646967974744259036e-21
2.814128473313852737e+04 5.681176806247574516e-20 4.875383899139522555e-21
2.815163885611667502e+04 5.745246914652547100e-20 4.562605512113568983e-21
2.816221880616691124e+04 5.154755884973983177e-20 4.527586618905495890e-21
2.817279867468637531e+04 4.758824760070788390e-20 5.096391659890088526e-21
2.818337846172313948e+04 6.674553044389630818e-20 5.074730868574761842e-21
2.819395816725334589e+04 4.666313135669226371e-20 5.055715418696188173e-21
2.820453779121188563e+04 3.531871762176416840e-20 5.017710209958349253e-21
2.821511733356051627e+04 4.831073517503661148e-20 4.968280113420284289e-21
2.822569679424832066e+04 6.315750403665830751e-20 5.007343330227177271e-21
2.823627617325153187e+04 8.160513985082655622e-20 5.539860769265012620e-21
2.824685547051172034e+04 1.109181589860529897e-19 5.495906698794414570e-21
2.825743468597660467e+04 9.180202788912029433e-20 5.750596475353193677e-21
2.826801381960176150e+04 6.555259568519464950e-20 4.916760430156189040e-21
2.827859287135666091e+04 3.923337951336384370e-20 4.434023105912916680e-21
2.828917184118973819e+04 3.972732957756802920e-20 4.933096654329632994e-21
2.829975072907026333e+04 4.451513427423195110e-20 5.256313862803185105e-21
2.831032953492481829e+04 5.271845921359372255e-20 4.755937508156728342e-21
2.832090825872280766e+04 4.329409302320184370e-20 4.926905582179359384e-21
2.833148690041225564e+04 3.119506890935781657e-20 4.836532449041792045e-21
2.834206545997003195e+04 4.398852400117548629e-20 4.732360665385781314e-21
2.835264393733652469e+04 5.427954796014754808e-20 5.103642761592066669e-21
2.836322233246013275e+04 4.479426619497428614e-20 5.064172824489369385e-21
2.837380064531657990e+04 4.755329368491797450e-20 5.218970781838543803e-21
2.838437887582584153e+04 5.708630511462160785e-20 5.174648457385996666e-21
2.839495702397799687e+04 5.746002019606804782e-20 5.053751347377507912e-21
2.840553508971434348e+04 5.333161443646262152e-20 4.814956655134385049e-21
2.841611307298201427e+04 5.447529113298587073e-20 5.346636101940235209e-21
2.842669097384107954e+04 4.740647189249744001e-20 5.095324674399767502e-21
2.843726880029637687e+04 3.454513943427110842e-20 4.796166479308621394e-21
2.844762003465490488e+04 4.520362239305597477e-20 5.141983975679089695e-21
2.845819766742284992e+04 4.522919460238828873e-20 4.574364123375528960e-21
2.846877521753874316e+04 4.745774812134280711e-20 4.697127664353539995e-21
2.847935268489085865e+04 5.590505670237679400e-20 4.747081359173322626e-21
2.848993006949287155e+04 5.588804438100520961e-20 5.073869398201510473e-21
2.850050737124055377e+04 5.033595137233547115e-20 4.626456606756086095e-21
2.851108459014737309e+04 4.466980197776878404e-20 4.399323679710523260e-21
2.852166172610912326e+04 5.026923447266134351e-20 4.605497213980267647e-21
2.853223877913919932e+04 4.842615788748773984e-20 4.765166020474123819e-21
2.854281574913327131e+04 4.836005035301380999e-20 4.965159249338585961e-21
2.855339263610489434e+04 5.212259619281931458e-20 4.880549202195805741e-21
2.856396943995681431e+04 5.033680832673069314e-20 4.796378191417071099e-21
2.857454616068050018e+04 5.222742190087938040e-20 4.840995549883826929e-21
2.858512279821560151e+04 4.772271601555734816e-20 4.889632365292191235e-21
2.859569935250156050e+04 5.031002147465641481e-20 4.873546447350926457e-21
2.860627582353750768e+04 5.232268494533970004e-20 4.800164868030382104e-21
2.861685221121067661e+04 4.150202892660822024e-20 4.805768188303893846e-21
2.862742851553490254e+04 4.647147585157909721e-20 5.152188315646579209e-21
2.863800473641997814e+04 3.680374475131211223e-20 5.063920482273272039e-21
2.864858087388705826e+04 4.691118643644287762e-20 4.752228251592394135e-21
2.865915692781603866e+04 4.188637890093730409e-20 4.523666996177449581e-21
2.866973289818290141e+04 5.674305623692518339e-20 4.940545519533182418e-21
2.868030878497249796e+04 4.209394982753983798e-20 4.618491667997805434e-21
2.869088458809335498e+04 5.016433319533076688e-20 5.301754000244371268e-21
2.870146030754507592e+04 4.322878601362896490e-20 4.816849325847728257e-21
2.871203594325894665e+04 5.534391772772443941e-20 4.399320553665970951e-21
2.872261149516646037e+04 5.103918271786702126e-20 4.458865618513749856e-21
2.873318696325942074e+04 5.343304889611776179e-20 4.836138237895446472e-21
2.874376234746136106e+04 4.648398023775216236e-20 4.386658637284441941e-21
2.875433764777945908e+04 4.729589663045735958e-20 4.499912636906738595e-21
2.876491286410674002e+04 4.744514047538469136e-20 4.597120306847216456e-21
2.877548799640526704e+04 4.012445850600103531e-20 4.756261975308869025e-21
2.878606304465837457e+04 4.969837452198999539e-20 4.606485239218708012e-21
2.879663800880549388e+04 5.621740455288082526e-20 4.860144873500217804e-21
2.880721288880745851e+04 5.216230792335005594e-20 4.936456491355040219e-21
2.881778768460325591e+04 5.948871111869157284e-20 4.836515545804869373e-21
2.882836239615400700e+04 4.984403292938467143e-20 4.644734986040489453e-21
2.883893702341343669e+04 4.063248864456067276e-20 4.686375287527356547e-21
2.884951156634297149e+04 5.070842731917083232e-20 4.701373871794615659e-21
2.886008602488074030e+04 4.964744608715280896e-20 4.860701458818226494e-21
2.887066039898844610e+04 4.912553782355661686e-20 4.562747514437041368e-21
2.888123468862663503e+04 5.068835677701151652e-20 4.903648289054856705e-21
2.889180889371913509e+04 5.543148317933257868e-20 4.828204711899615449e-21
2.890238301427209080e+04 4.895214810314344150e-20 4.844989211649314581e-21
2.891295705020145760e+04 4.786709622079962015e-20 4.763804577916233378e-21
2.892353100146038196e+04 4.417433735517232274e-20 4.321587127130688116e-21
2.893410486801765728e+04 4.091775625136153082e-20 4.625534767217807763e-21
2.894467864981149614e+04 4.918209996095334200e-20 4.439260559148868907e-21
2.895525234681028815e+04 5.080826163062431511e-20 4.431743000073486697e-21
2.896582595895251870e+04 5.029705722642880797e-20 5.002452922130611835e-21
2.897639948619856295e+04 5.185807079989377525e-20 4.772628565653272359e-21
2.898697292851763996e+04 4.894336760984114384e-20 4.712080901879352839e-21
2.899754628583942031e+04 4.451066130360067494e-20 4.472563773914269464e-21
2.900811955811000007e+04 4.866690320359186175e-20 4.615088043591051616e-21
2.901869274531287010e+04 4.971541390132631874e-20 4.936916629730840701e-21
2.902926584740128965e+04 5.030171178623085499e-20 5.249185863104143918e-21
2.903983886429018094e+04 5.225824008335427653e-20 4.794395209326462538e-21
2.905041179595532594e+04 5.331139379937356255e-20 4.796160086633942598e-21
2.906098464236561995e+04 5.395744785585782875e-20 4.809611386327756872e-21
2.907155740344272999e+04 5.478727562623699159e-20 4.872117852141509676e-21
2.908213007917107825e+04 4.998368725205099407e-20 4.986817084225596012e-21
2.909270266947233176e+04 4.465961787423657523e-20 5.105865900051433848e-21
2.910327517432286913e+04 5.892180539034964554e-20 5.158292292431115629e-21
2.911384759367545848e+04 4.616168053050426780e-20 4.868022737926244687e-21
2.912441992747522090e+04 4.619267237190377580e-20 4.518760291318416989e-21
2.913499217565215440e+04 4.683935163469994884e-20 4.784358167040763637e-21
2.914556433820486200e+04 5.345909912259077913e-20 5.043028087130185824e-21
2.915590850712766769e+04 4.430084688830427627e-20 4.838824768731807091e-21
2.916648048626461605e+04 4.986750392747776925e-20 4.604108495989758447e-21
2.917705237135731295e+04 4.720745167140529407e-20 4.666557450478390643e-21
2.918762417051358716e+04 5.097070705976611558e-20 4.960475820619366199e-21
2.919819588377679247e+04 4.783270886197046999e-20 4.581791634452567349e-21
2.920876751112246711e+04 4.753038037568246221e-20 4.305434164942736091e-21
2.921933905248788142e+04 4.551434999505002770e-20 4.258873764138251829e-21
2.922991050782582170e+04 4.170044418518430877e-20 4.698702627028362223e-21
2.924048187708084515e+04 4.298992843610354053e-20 4.695197517083914519e-21
2.925105316021341059e+04 5.706246087285241740e-20 4.711628379787651175e-21
2.926162435718351844e+04 5.183477947021608044e-20 4.742749821399946804e-21
2.927219546794335474e+04 3.956022410985840857e-20 4.953976528352095224e-21
2.928276649242307030e+04 4.141443547599143082e-20 5.018427439202814598e-21
2.929333743059698827e+04 5.715695295601580854e-20 4.893824105121860438e-21
2.930390828240317205e+04 4.662753744113650401e-20 5.052470402985899935e-21
2.931447904780839599e+04 5.016043381631651484e-20 4.798363061519951413e-21
2.932504972675788304e+04 4.747001295971376027e-20 4.888559352202543078e-21
2.933562031920367008e+04 4.387697451379494475e-20 4.546905066601231973e-21
2.934619082509793225e+04 6.171388496379391416e-20 4.775590477550040790e-21
2.935676124440074273e+04 5.393409071086067527e-20 4.580078970022330381e-21
2.936733157705599660e+04 4.760373830886370264e-20 4.340246311537226372e-21
2.937790182299371008e+04 4.941685060519289587e-20 4.571899423850804145e-21
2.938847198220331848e+04 5.295633111980197734e-20 5.380437350846797596e-21
2.939904205462233585e+04 2.137150498458615334e-20 5.022525385628844736e-21
2.940961204020264267e+04 3.448191038827809311e-20 4.395886452438744301e-21
2.942018193900698316e+04 3.724428538039690116e-20 4.344823312941817191e-21
2.943052332207383006e+04 4.949145561437590616e-20 4.412721449510020959e-21
2.944109302648219818e+04 5.647014464707095123e-20 4.754228105706936978e-21
2.945166264385734030e+04 4.804959697218740315e-20 4.385891564470810814e-21
2.946223217414357714e+04 4.272549294638056612e-20 4.464726683152462613e-21
2.947280161730819236e+04 3.477915293506956481e-20 4.192668782754592618e-21
2.948337097329561220e+04 4.678631923617817829e-20 4.605551639724630848e-21
2.949394024203813751e+04 4.544291282194259264e-20 4.942764623841873411e-21
2.950450938280492483e+04 3.847123474232744037e-20 4.678667807674129955e-21
2.951507842880362296e+04 4.188893498282819873e-20 4.649043631793307106e-21
2.952564738742505506e+04 4.998398660519845546e-20 4.922159207563047233e-21
2.953621625866042086e+04 4.184847278471461132e-20 4.472830043611499246e-21
2.954678504240572875e+04 4.798669143658484277e-20 4.620389004854773865e-21
2.955735373862886627e+04 4.432625916517033904e-20 4.419451656911686731e-21
2.956792234731242934e+04 4.453410369456185515e-20 4.711983111184049854e-21
2.957849086837677532e+04 4.418830991047511767e-20 4.776269863937901767e-21
2.958905930178113704e+04 4.838632301610912057e-20 4.381580230243499445e-21
2.959962764746890753e+04 4.281225039409499430e-20 4.551374057303539006e-21
2.961019590542362494e+04 3.736477995611196492e-20 4.455338409489570044e-21
2.962076407554844627e+04 4.439764107961428453e-20 4.630898055851325649e-21
2.963133215782710977e+04 3.708948040951897504e-20 5.254541662656892691e-21
2.964190015219469205e+04 4.678230684281410789e-20 4.448719806271920424e-21
2.965246805863432746e+04 4.470173982006622338e-20 4.391086521005555928e-21
2.966303587704984966e+04 4.054828753865895331e-20 4.363195480818610513e-21
2.967360360743169804e+04 3.527494679807850296e-20 4.288535945633371245e-21
2.968417124969986617e+04 4.806114917481268452e-20 4.467224884370222943e-21
2.969473880384484073e+04 3.708009501841167350e-20 4.691413892553158098e-21
2.970530626977022985e+04 3.894802984063477926e-20 4.870141431544644594e-21
2.971587364746702224e+04 4.881032950962760125e-20 4.253376960841252753e-21
2.972644093686201813e+04 4.420877431049868260e-20 4.120772185037385933e-21
2.973700813791471955e+04 5.059980112723735173e-20 4.292204664772260103e-21
2.974757525057562088e+04 5.106308476754959577e-20 4.352419539063146062e-21
2.975814227480407862e+04 5.196224041543158494e-20 4.895077848423198985e-21
2.976870921054295468e+04 4.407816482468698892e-20 5.092070310690173349e-21
2.977927605773492178e+04 5.378162250740108346e-20 5.015458389162422132e-21
2.978984281634731451e+04 4.847549704205636515e-20 5.126671714687039070e-21
2.980040948632236177e+04 4.555084096964028650e-20 4.233248252352921030e-21
2.981097606760338385e+04 4.314287058397275185e-20 4.051088593307895430e-21
2.982154256015699139e+04 5.710033217468338600e-20 4.320100052216582225e-21
2.983210896391777351e+04 5.187172780811694046e-20 4.682646114958797371e-21
2.984267527886090102e+04 3.981129768583936011e-20 4.199763214620077416e-21
2.985324150491234104e+04 4.136979255591415464e-20 4.691374470219879557e-21
2.986380764202331193e+04 4.305169744919007918e-20 3.972574828359438789e-21
2.987437369016026059e+04 4.862127447926700483e-20 4.777245230835203249e-21
2.988493964926563785e+04 4.082668567428594248e-20 4.621249618825303797e-21
2.989550551929843641e+04 4.066830987856991535e-20 4.274090415650700759e-21
2.990607130019240867e+04 3.815433424860145639e-20 4.232090185920724787e-21
2.991663699189863837e+04 4.885069782743362088e-20 4.866430844209831125e-21
2.992720259438343419e+04 5.491179946837076433e-20 4.745256896689169973e-21
2.993776810759714499e+04 5.664975806884583837e-20 4.427933999864675826e-21
2.994833353147437811e+04 4.890749634029286437e-20 4.313269145164302369e-21
2.995889886598102021e+04 3.585357680808690947e-20 4.520825415651906558e-21
2.996946411104370782e+04 4.657547708550034921e-20 4.493490813726524572e-21
2.998002926664486222e+04 4.585197559515175314e-20 4.751358588840858882e-21
2.999059433270221780e+04 4.771114104669594781e-20 4.350195154724970093e-21
3.000115930920690516e+04 4.336170999808274242e-20 3.999211140659454510e-21
3.001172419607609118e+04 4.158472432720066041e-20 4.353209155546559968e-21
3.002228899324424492e+04 4.081371538387741748e-20 4.743401084064562752e-21
3.003285370070995486e+04 3.703274067305930765e-20 4.331655329807973970e-21
3.004341831839880251e+04 2.916285026495725583e-20 4.454674279884268048e-21
3.005398284626941313e+04 4.211165802941529168e-20 5.001947709944079117e-21
3.006454728424684799e+04 4.023549952578185187e-20 4.844839023256694160e-21
3.007511163228964142e+04 4.196721555611447859e-20 4.523537333057974562e-21
3.008544613670615217e+04 4.211927870398191364e-20 4.362021322291441978e-21
3.009601029270385698e+04 4.105391379910876720e-20 4.347041990454682488e-21
3.010657435027249448e+04 4.370920229816668684e-20 4.342462333226016194e-21
3.011713831759525056e+04 4.873076855619181137e-20 4.365104464807718873e-21
3.012770219475431441e+04 3.400909816353162726e-20 4.564120423017594084e-21
3.013826598168420605e+04 3.465392719132138839e-20 4.353594056569077091e-21
3.014882967832633585e+04 5.376781226963643562e-20 4.739226429655587377e-21
3.015939328465440121e+04 3.304267718005910205e-20 4.305792675789074081e-21
3.016995680059439474e+04 4.695499632959768205e-20 4.518696105809737856e-21
3.018052022610350832e+04 4.770228023468484582e-20 4.455632220066371343e-21
3.019108356113966875e+04 4.249465780282710084e-20 4.726136252026039851e-21
3.020164680562849753e+04 4.158181486163601715e-20 4.929269209380338364e-21
3.021220995955918988e+04 3.978651723442854745e-20 4.442072067732745221e-21
3.022277302284184407e+04 4.784534509120147533e-20 4.175554382599426133e-21
3.023333599544103345e+04 3.502230471440548702e-20 4.302317829385758194e-21
3.024389887729132170e+04 3.837889650617861607e-20 4.373370700737284666e-21
3.025446166839709622e+04 4.392297977905540876e-20 4.302350293439642733e-21
3.026502436862882678e+04 5.801945495550515912e-20 4.719001475430367262e-21
3.027558697801471862e+04 5.071097296350558460e-20 4.734942409691390487e-21
3.028614949641718340e+04 4.087181068291655040e-20 4.544759665375145819e-21
3.029671192388850977e+04 4.757313955080654440e-20 4.425649558100698454e-21
3.030727426028304762e+04 5.438473693418266950e-20 4.893398790698669130e-21
3.031783650561276227e+04 4.602458937473623196e-20 4.208809185165467317e-21
3.032839865978787566e+04 4.043601967249054089e-20 4.558979735327478144e-21
3.033896072288779033e+04 5.257146550888239324e-20 4.892902109603319384e-21
3.034929243603482246e+04 3.797821328892591189e-20 4.200562986817953256e-21
3.035985429593472873e+04 5.461790452455126616e-20 4.228231659391265572e-21
3.037041606448148377e+04 5.658840560211445007e-20 4.536913685484582676e-21
3.038097774164083239e+04 5.724344884182959778e-20 4.824457219386958481e-21
3.039153932735366470e+04 4.009070663328126490e-20 4.293073956369183383e-21
3.040210082156834324e+04 4.316212874702068552e-20 4.564002093624955072e-21
3.041266222423439831e+04 6.528954852047087455e-20 4.708347139967489621e-21
3.042322353530047258e+04 1.209799016032631143e-19 5.067428739310558794e-21
3.043378475470693229e+04 2.458290560421218272e-19 6.821505578305973005e-21
3.044434588241959864e+04 4.156590817808703743e-19 8.454776143727842568e-21
3.045490691837850318e+04 3.346206593660581735e-19 8.526641985969452413e-21
3.046546786254929248e+04 1.493228524659253531e-19 6.019399250796577590e-21
3.047602871483923445e+04 7.840163478161514376e-20 5.202294787949376770e-21
3.048658947523801180e+04 5.045863810196180380e-20 4.716089541321358087e-21
3.049715014366991454e+04 4.961267803707745827e-20 4.805253812399051232e-21
3.050771072010000717e+04 5.251349216224047889e-20 4.746845079488301742e-21
3.051827120445159017e+04 4.070430191188458330e-20 5.038424772850586420e-21
3.052883159670705572e+04 4.711734329869002899e-20 4.550992403598455527e-21
3.053939189679779520e+04 4.215602168321005114e-20 4.384494637903984684e-21
3.054995210466408025e+04 3.101582108250990134e-20 4.277088873543196819e-21
3.056051222025456445e+04 4.522818002127617512e-20 4.823025849336578602e-21
3.057107224355057770e+04 4.816946602386422167e-20 4.172890540859110463e-21
3.058163217446750423e+04 3.896026974800486794e-20 4.737858353016174456e-21
3.059219201295360472e+04 4.490843230930584986e-20 4.872269310190728778e-21
3.060275175897356166e+04 4.430821324968862405e-20 4.358021787039972420e-21
3.061331141246777042e+04 4.192705512090731202e-20 4.723004868521343106e-21
3.062387097338414242e+04 4.411695078464263692e-20 4.461774454859303809e-21
3.063443044165406900e+04 4.381827454029335636e-20 4.143725617235174158e-21
3.064498981726801867e+04 5.550934736645574799e-20 4.070787418240208175e-21
3.065554910014009147e+04 4.431272566774394956e-20 3.953945648817275549e-21
3.066610829022703183e+04 4.930103788400970054e-20 4.166937257049553644e-21
3.067666738747707495e+04 4.840799749270529800e-20 4.480551342441584773e-21
3.068722639184609579e+04 4.624650646611763470e-20 5.094601287929548597e-21
3.069778530326581313e+04 4.370998019017515407e-20 4.810606217296905353e-21
3.070834412169243296e+04 3.867665493631501165e-20 4.349428247780780249e-21
3.071890284706512466e+04 5.341096952674928445e-20 4.727575827075093835e-21
3.072946147935760382e+04 7.150490554551329371e-20 4.593906495728283900e-21
3.074002001849210137e+04 1.221214014867970017e-19 5.324549071728872907e-21
3.075057846443327071e+04 1.350907203993566666e-19 5.643514078504724256e-21
3.076113681709536104e+04 1.016679930506180307e-19 4.853740325879189127e-21
3.077169507648501531e+04 5.653687419157049430e-20 4.418075058639819543e-21
3.078225324249932601e+04 2.954373977247977666e-20 4.451139906876766942e-21
3.079281131510308842e+04 3.665687179131039554e-20 4.432087001272556378e-21
3.080336929426041752e+04 2.610522714538974245e-20 4.569872420165723789e-21
3.081392717987693322e+04 2.679703213212912216e-20 4.300285585476283612e-21
3.082448497195120217e+04 1.899297426880904131e-20 4.128316170971947600e-21
3.083504267038772741e+04 4.159583582590105786e-20 4.309318573404415433e-21
3.084560027516012269e+04 3.078270444157557987e-20 4.704201578482651888e-21
3.085615778619866251e+04 4.098963796596737081e-20 4.444247792264025680e-21
3.086671520345898898e+04 3.375515032192148701e-20 4.121031952905200140e-21
3.087727252690601745e+04 2.389113997956260996e-20 4.198035713084688029e-21
3.088782975645275656e+04 3.561285272616320018e-20 4.118096629856460094e-21
3.089838689207204152e+04 4.969087828458028293e-20 4.695066619758449856e-21
3.090894393370295074e+04 4.571828229623671938e-20 4.382562410247999028e-21
3.091950088130097356e+04 4.101798741832715809e-20 4.340011321267935096e-21
3.093005773478777337e+04 3.961323468175325582e-20 4.538798533009448080e-21
3.094061449413658556e+04 3.616331497734009135e-20 4.628494718909167293e-21
3.095093966554458530e+04 4.107719705673847474e-20 4.093905297224174661e-21
3.096149622430764430e+04 5.189879506959718823e-20 4.250018487336072115e-21
3.097205268030079606e+04 4.203566322591247915e-20 4.329621254673433622e-21
3.098260904184639730e+04 4.100815024350908285e-20 4.592197498345522953e-21
3.099316530897000484e+04 4.242299009184504702e-20 5.348818303865421230e-21
3.100372148162709709e+04 4.953356355214385003e-20 4.505167595484777948e-21
3.101427755976438857e+04 4.364946574762194163e-20 4.567197791465454321e-21
3.102483354333723400e+04 4.869012102492358894e-20 5.350680891934355955e-21
3.103538943227603158e+04 4.879816041300931322e-20 4.818770902817760944e-21
3.104594522653556487e+04 3.893783668053057063e-20 4.625105174210827944e-21
3.105650092607119950e+04 4.561652877074073248e-20 4.189386805932480980e-21
3.106705653081325727e+04 4.694004892670327074e-20 4.509403619796399580e-21
3.107761204072458349e+04 4.342366216205969564e-20 4.600556701103748587e-21
3.108816745573569278e+04 5.195827300317715532e-20 3.881878554016391978e-21
3.109872277580994705e+04 3.451218423497060246e-20 4.600468239754057735e-21
3.110927800089361335e+04 3.997767313858092629e-20 4.157317590004939999e-21
3.111983313090847514e+04 3.793544649379557034e-20 4.076294495415454854e-21
3.113038816582597792e+04 3.913990221930151681e-20 4.280910386652022392e-21
3.114094310557591962e+04 4.040031265473528740e-20 4.229224600455007330e-21
3.115149795012163668e+04 3.282118397475186770e-20 4.404577799170387599e-21
3.116205269939315986e+04 2.942905224800118189e-20 4.450863352478476581e-21
3.117260735336983271e+04 3.900133540097299017e-20 4.209856776631454857e-21
3.118316191204520146e+04 4.133094435732393203e-20 4.629142100689827020e-21
3.119371638377074123e+04 3.307339565812726866e-20 3.922697024625529227e-21
3.120403876049365863e+04 3.358772918552040143e-20 4.303500862541008147e-21
3.121459301190406768e+04 3.512319340349367829e-20 4.506510644016693512e-21
3.122514716771552412e+04 4.482761674392284829e-20 4.237221158145369076e-21
3.123570122789126981e+04 4.599978035647671583e-20 4.192705581041523158e-21
3.124625519235163665e+04 4.084921796605957913e-20 3.903884821014264628e-21
3.125680906107774717e+04 3.808685225281411946e-20 3.798259521897195531e-21
3.126736283398906016e+04 4.686360364163967043e-20 4.507125923804325473e-21
3.127791651104947960e+04 4.217146730375035919e-20 3.630994465150714652e-21
3.128847009219636675e+04 3.732605001376314744e-20 3.725106393863947218e-21
3.129902357736650811e+04 3.424690944257306376e-20 4.024052411837559431e-21
3.130957696651497463e+04 4.228533900189953660e-20 4.291189101947474827e-21
3.132013025958776780e+04 2.824735778547282290e-20 4.298230216895960634e-21
3.133068345653905999e+04 2.447557927348138746e-20 3.998512219914027834e-21
3.134123655731507824e+04 3.014322214984892375e-20 4.059696032014977344e-21
3.135178956182665570e+04 3.096593463972331878e-20 4.417597734091726242e-21
3.136234247006296209e+04 3.277556753175367240e-20 4.380902307913616611e-21
3.137289528195253297e+04 3.144327631564737946e-20 3.983093967824774351e-21
3.138344799744118063e+04 1.866982710699304551e-20 3.931279308209620179e-21
3.139400061646534596e+04 3.922129428283987922e-20 4.004668798640749283e-21
3.140455313899732937e+04 3.678869460786332721e-20 4.134647734855014368e-21
3.141510556494766934e+04 3.614131878040293699e-20 4.030413441054840645e-21
3.142565789428794233e+04 3.832980092074116363e-20 3.965284963542811850e-21
3.143621012696389153e+04 4.252091109939795539e-20 4.334485881938105908e-21
3.144676226289472834e+04 3.093776214849771308e-20 3.782660515391047508e-21
3.145731430205199649e+04 3.518194222056281557e-20 4.351524425083714406e-21
3.146786624437244609e+04 4.026271129430032116e-20 4.431259198274489636e-21
3.147841808981048962e+04 3.624572389082091518e-20 4.261591442953371767e-21
3.148896983830233148e+04 2.999782218109617923e-20 4.049618073601353464e-21
3.149952148978448531e+04 2.882499921701951258e-20 4.180374542402480522e-21
3.151007304421131266e+04 4.417939153403819059e-20 1.411126195294509315e-20
