1.699058061567359255e+04 9.458834024388803393e-20 2.033618556282954389e-20
1.700126384178398439e+04 1.305515393233600204e-19 8.082272248953199502e-21
1.701194708437804002e+04 1.359162222062683534e-19 8.107673703209824601e-21
1.702263034339070509e+04 1.388916865169292125e-19 8.404838850316387278e-21
1.703331361876266965e+04 1.355561470846805303e-19 8.875082464813388842e-21
1.704399691043118582e+04 1.149036266007622866e-19 8.303506457076397929e-21
1.705468021833267267e+04 1.362668311352941685e-19 8.894509892320600729e-21
1.706536354240661603e+04 1.263396386573969594e-19 8.877030687585363194e-21
1.707604688259164323e+04 1.336334494236957328e-19 8.753840261091323035e-21
1.708673023882499183e+04 1.352927870870784300e-19 9.183114688853454007e-21
1.709741361104374664e+04 1.036421641035624353e-19 8.208392366148113320e-21
1.710809699918784827e+04 1.179652881887574666e-19 8.190357055600349993e-21
1.711878040319475258e+04 1.452864150323629881e-19 8.509579131647679650e-21
1.712946382300166806e+04 1.016633532995545345e-19 8.021233900504181144e-21
1.714014725854855715e+04 8.762650062557913007e-20 8.163570806797313725e-21
1.715083070977315583e+04 1.071527245908324807e-19 7.944780979691989787e-21
1.716151417661271626e+04 8.565744881161823920e-20 7.557129911540923255e-21
1.717219765900728089e+04 6.924873683413418575e-20 7.588611998957474552e-21
1.718288115689482947e+04 6.621499915757778193e-20 7.194025828716820651e-21
1.719356467021269418e+04 6.538666715919627247e-20 7.542860127392072689e-21
1.720424819890095387e+04 6.872543063413426725e-20 7.810890005007529542e-21
1.721493174289720264e+04 6.646071727252443858e-20 8.478544095868012590e-21
1.722584901855013959e+04 5.269115972911183861e-20 7.893369319007894602e-21
1.723653261441935319e+04 8.623444063582299345e-20 8.270842575208692005e-21
1.724721622549199674e+04 8.060789435592449152e-20 7.979421298922430208e-21
1.725789985162148514e+04 1.106491699072474607e-19 8.376975432764764344e-21
1.726858349274758439e+04 1.004541485890962267e-19 7.848323587950670750e-21
1.727926714881002044e+04 1.265524518362395127e-19 8.565040463089151074e-21
1.728995081974791538e+04 1.023317791997145788e-19 8.626123788857641775e-21
1.730063450549920162e+04 8.768895289698055825e-20 7.976482591517880425e-21
1.731131820600300853e+04 1.060787480633118887e-19 8.255527329276805940e-21
1.732200192119845815e+04 9.983941039698260496e-20 8.500486821086983627e-21
1.733268565102500725e+04 1.158291008831366392e-19 8.288446125141659445e-21
1.734336939542230539e+04 1.024637865603267282e-19 8.160578972136406165e-21
1.735405315432725547e+04 1.347943898381502384e-19 8.345714921226598066e-21
1.736473692767975081e+04 1.227879520366116721e-19 8.747488952396356257e-21
1.737542071542049598e+04 1.193867033577777223e-19 8.573251341234260523e-21
1.738610451748856576e+04 1.363240073596288308e-19 8.407717645064885175e-21
1.739678833373609814e+04 1.216921430769650208e-19 8.685979356055039250e-21
1.740747215662530289e+04 1.139155355754791908e-19 8.574303178666592360e-21
1.741839011203600239e+04 1.423332963513688744e-19 8.458734246108729621e-21
1.742907399224016990e+04 1.237810106784405846e-19 8.329864058703208008e-21
1.743975788646453293e+04 1.286592146192403811e-19 7.867502378476461823e-21
1.745044179464664558e+04 9.974034308515009387e-20 7.728601751313504204e-21
1.746112571672757622e+04 1.261670459474285230e-19 8.610248635777803624e-21
1.747180965264451515e+04 1.130710315563319027e-19 7.695575570157496257e-21
1.748249360233921470e+04 1.232823463201704848e-19 8.016429071417686759e-21
1.749317756575110616e+04 1.151163821230544911e-19 7.510478474701824371e-21
1.750386154281943527e+04 1.198986853796525785e-19 7.669244209573120288e-21
1.751454553348384798e+04 1.281787128982391299e-19 7.467206427365282168e-21
1.752522953768472144e+04 1.123114558569573278e-19 7.863523187742740727e-21
1.753591355536122137e+04 1.175949734238162196e-19 7.406847263536383775e-21
1.754659758645359034e+04 1.383961130903183107e-19 7.933757178248229762e-21
1.755728163090203816e+04 1.257257066090019036e-19 8.023719021512597303e-21
1.756796568864569417e+04 1.241633250126380579e-19 8.018229055832231958e-21
1.757864975962488097e+04 1.285639883115335356e-19 7.909780711888364620e-21
1.758933384378008850e+04 1.220369505852024162e-19 7.885408996769067683e-21
1.760001794105158478e+04 1.277508508920893811e-19 7.645723358198010550e-21
1.761070205137805533e+04 1.193941028102669607e-19 7.905633380444624832e-21
1.762138617470168901e+04 1.146302238763801704e-19 7.871846373157610808e-21
1.763207031096247010e+04 1.341663068398239206e-19 7.505022330710915283e-21
1.764275446009932057e+04 1.356005209212667228e-19 7.155936005953072214e-21
1.765343862205286496e+04 1.218791300647366220e-19 7.741111217368401071e-21
1.766412279676426988e+04 1.294167678351355613e-19 7.427478677871014965e-21
1.767480698417175518e+04 1.277712173415942713e-19 7.374909611627162867e-21
1.768549118421885214e+04 1.324328779904785710e-19 7.320958721492957493e-21
1.769617539684534131e+04 1.386923433039680949e-19 6.973444901063092948e-21
1.770685962198825291e+04 1.172085619125925702e-19 7.111817777305121640e-21
1.771754385959318461e+04 1.433911386146431465e-19 7.322695611616759533e-21
1.772822810959884373e+04 1.154596695269483673e-19 7.196792636465136461e-21
1.773891237197394366e+04 1.221280013883483828e-19 7.375709290047253861e-21
1.774959682264639923e+04 1.289442037311704737e-19 7.355674640639870227e-21
1.776028164823536645e+04 1.346956260222948202e-19 7.467718514779518470e-21
1.777096648598790125e+04 1.166792053511238903e-19 7.168635460792238460e-21
1.778165133584722935e+04 1.257395654871429120e-19 7.297685094398938787e-21
1.779233619775289480e+04 1.095598611898549473e-19 7.133075709532739455e-21
1.780302107164440167e+04 1.311720421345655017e-19 7.384537460952273528e-21
1.781370595746651816e+04 1.373563736923493746e-19 7.249717388152874216e-21
1.782439085515692932e+04 1.296521763238315281e-19 7.454252254088066423e-21
1.783507576465730745e+04 1.089599523945132467e-19 6.998473125012386877e-21
1.784576068590983414e+04 1.057906477209065232e-19 6.625206886544033368e-21
1.785644561885391522e+04 1.259225333474064582e-19 6.476908940228723038e-21
1.786713056343249627e+04 1.291220870361139395e-19 6.902407461598851461e-21
1.787781551958422642e+04 1.308164424145450367e-19 6.761657753026583301e-21
1.788850048725253509e+04 1.350872061783061826e-19 6.841457286309606790e-21
1.789918546637793770e+04 1.250452717826418976e-19 6.638281161071537429e-21
1.790987045690165542e+04 1.069373710836769128e-19 6.685937790771220029e-21
1.792055545876478573e+04 1.135981816882813336e-19 6.689873889913550005e-21
1.793124047191025238e+04 1.086658788514476893e-19 6.556053522996047436e-21
1.794192549627606058e+04 1.046986030318813234e-19 6.223121133179013013e-21
1.795261053180724412e+04 1.227343721314103584e-19 6.372938319604399060e-21
1.796329557844450756e+04 1.120047137429473432e-19 6.833692230128445721e-21
1.797398063612595070e+04 1.057064719340247602e-19 6.452345708166967576e-21
1.798466570479809161e+04 9.941991067418485271e-20 6.555095022250079730e-21
1.799535078440058714e+04 1.128103899287132711e-19 6.667113847943536966e-21
1.800603587487217374e+04 1.092642921382913326e-19 6.430608606353948506e-21
1.801672097616091196e+04 1.304646743187256316e-19 6.855861086180872839e-21
1.802740608820311172e+04 1.194199677702561988e-19 6.660566654896266694e-21
1.803809121094091461e+04 1.027976013937801566e-19 6.499337699022958568e-21
1.804877634432006380e+04 1.198660478583971837e-19 6.924626865400965663e-21
1.805946148827809520e+04 1.198303987258309061e-19 6.987922419173653331e-21
1.807014664275953692e+04 1.026546419309427124e-19 6.811312245864623776e-21
1.808083180770432955e+04 9.874760340118011333e-20 6.652553678680418571e-21
1.809151698305561877e+04 1.047531560649940848e-19 6.410029306755815244e-21
1.810243760443865176e+04 1.273188119809205941e-19 6.577845005044354371e-21
1.811312282148265513e+04 1.122606771881690414e-19 6.473478375186802374e-21
1.812380804883864403e+04 9.686599653651865629e-20 6.753295283552355018e-21
1.813449328636475911e+04 1.093896445097997892e-19 6.980662617992648513e-21
1.814517853400035165e+04 9.710066625831146882e-20 6.476374110361457714e-21
1.815586379169434804e+04 8.557638164332640594e-20 6.460502406844318016e-21
1.816654905938399315e+04 8.676232137052401818e-20 6.043146719972588463e-21
1.817723433701048270e+04 9.335274587304199833e-20 6.251334366813682275e-21
1.818791962452192456e+04 6.443505443884929839e-20 6.293271248894591258e-21
1.819860492185531257e+04 6.961253388753363504e-20 6.208152429931571383e-21
1.820929022895585877e+04 8.437706530444796879e-20 6.385169763549252438e-21
1.821997554576447510e+04 1.035623788268483745e-19 6.653847946313462297e-21
1.823066087222522037e+04 8.615387431817207893e-20 6.629385871315521610e-21
1.824134620828004699e+04 8.159181232083995899e-20 6.646621873782031645e-21
1.825203155386852450e+04 9.313276169248500447e-20 6.383943342911397633e-21
1.826271690893904815e+04 9.449116336518530971e-20 6.438311186586588071e-21
1.827340227343064907e+04 9.026020406411045318e-20 6.562037346576404846e-21
1.828408764719884493e+04 1.046776407182911870e-19 6.634476850352047251e-21
1.829477302289580621e+04 1.119078094790994347e-19 6.528012015717150729e-21
1.830569425925948963e+04 1.148554252213539647e-19 6.975886634392913048e-21
1.831637968191470645e+04 1.092531813131032858e-19 6.910174309367196634e-21
1.832706511370295993e+04 1.122790601370587470e-19 6.717645871174258655e-21
1.833775055456408154e+04 1.149430352060234687e-19 6.555994248899278601e-21
1.834843600444224285e+04 1.149219412332412034e-19 6.668148847444805078e-21
1.835912146327911614e+04 1.221757937942598630e-19 6.612192063792355272e-21
1.836980693102183068e+04 1.072375677493246859e-19 6.522638272758712614e-21
1.838049240760877365e+04 9.993177524944887081e-20 6.381874613318591230e-21
1.839117789298372008e+04 1.123420120068429913e-19 6.463152858159550524e-21
1.840186338709342090e+04 1.208433069775549967e-19 6.340937397090548479e-21
1.841254888987705999e+04 1.391292940564978882e-19 6.476125597789620902e-21
1.842323440128022048e+04 1.148940548943240400e-19 6.323720804630056836e-21
1.843391992124493481e+04 1.227035685886194214e-19 6.217311963566442304e-21
1.844460544971607305e+04 1.139825122083660154e-19 6.232388096705613439e-21
1.845529098663434343e+04 1.269898895031899866e-19 6.530592501297503357e-21
1.846597653194412487e+04 1.137769333450287729e-19 6.383337943513868534e-21
1.847666208559206279e+04 1.141737631448329773e-19 5.932354007858052354e-21
1.848734764751719558e+04 1.047013478233050984e-19 6.141042495473919257e-21
1.849803321766493536e+04 1.119901206516454513e-19 6.170081750586084291e-21
1.850871879597878069e+04 1.039494069190320570e-19 6.362319069611987651e-21
1.851940438240129515e+04 1.177151386541770204e-19 6.537746666302058940e-21
1.853008997687814190e+04 1.269607275960751501e-19 6.667838054640610449e-21
1.854077557935132427e+04 1.158031321724337618e-19 6.510993063937490420e-21
1.855146118976653452e+04 1.063188673846763101e-19 6.215635164883936483e-21
1.856214680806430624e+04 1.164450640997663586e-19 5.854859076550991673e-21
1.857283243418958955e+04 1.175230633376269525e-19 6.152321978469400822e-21
1.858351806808940819e+04 1.135699519078156686e-19 6.211048886934206604e-21
1.859420370970322620e+04 1.186758687036351344e-19 6.102296013383227757e-21
1.860488935897680130e+04 1.109838489094936098e-19 6.050998764786753549e-21
1.861557501585430509e+04 1.149898523191213887e-19 5.794302076274928537e-21
1.862626068028020381e+04 1.128501602327473023e-19 6.010584250099625698e-21
1.863694635219575503e+04 1.119495512363125246e-19 5.962643955662482955e-21
1.864763203154774965e+04 1.292094991065216778e-19 6.656201967097775745e-21
1.865831771828113779e+04 1.180118616862509705e-19 5.826412577641706445e-21
1.866900341233692234e+04 1.335449767886200049e-19 6.220697378494668168e-21
1.867968911366139582e+04 1.265829232364916346e-19 6.205110336015481230e-21
1.869037482219738740e+04 1.065486836280010721e-19 6.182680766295458387e-21
1.870106053789135331e+04 1.134076390746422460e-19 5.900906556421163684e-21
1.871174626068412545e+04 1.210635950761368177e-19 6.002735862339592344e-21
1.872243199052311320e+04 1.163758963660937037e-19 5.577085150892427857e-21
1.873311772735276099e+04 1.385829510099587287e-19 6.063467061223481423e-21
1.874380347111473384e+04 1.172824538273197627e-19 5.933641917616417095e-21
1.875448922175663756e+04 1.042970781068443927e-19 5.680287249795178573e-21
1.876517497922018811e+04 1.132611192290773004e-19 5.936124064188126732e-21
1.877586074345217276e+04 1.101331105476520733e-19 6.075776558371290953e-21
1.878654651439548252e+04 1.146548999425022892e-19 5.963094163488784886e-21
1.879723229199525667e+04 1.106554898494285035e-19 6.105478781007773458e-21
1.880791807619788233e+04 1.090284793996051279e-19 5.826383383687545793e-21
1.881860386694413319e+04 1.219405567940745947e-19 6.066003358580256714e-21
1.882928966418305936e+04 1.189070081695294071e-19 6.061298987982145391e-21
1.883997546785655504e+04 1.240578869544164629e-19 6.316652054977832105e-21
1.885066127791098552e+04 1.292419985921380717e-19 6.347484721172734170e-21
1.886134709428904534e+04 1.185830016924634030e-19 6.043512875994518770e-21
1.887203291693805659e+04 1.285700240925092729e-19 6.298970094671830463e-21
1.888271874580250733e+04 1.293172441496550051e-19 6.416906356351036939e-21
1.889340458082551049e+04 1.261716514515834314e-19 6.006001930537283600e-21
1.890409042195438815e+04 1.215547457179054724e-19 5.708388003602303491e-21
1.891477626913285712e+04 1.192714664762015374e-19 6.189696340134535080e-21
1.892546212230622768e+04 1.406520784488065488e-19 6.336727345984200494e-21
1.893614798141962819e+04 1.180729935283997154e-19 5.944700437790886481e-21
1.894683384641836165e+04 1.297186077661831233e-19 5.943646992493576794e-21
1.895751971724763280e+04 1.365501884963529779e-19 6.243465344461678261e-21
1.896820559385170054e+04 1.132256502657582245e-19 6.124494679994024586e-21
1.897889147617773779e+04 1.327293734609268683e-19 6.185163845454323072e-21
1.898957736416957050e+04 1.166436265241508445e-19 5.935368837293158867e-21
1.900026325777307648e+04 1.070676755546345606e-19 5.818202135297853693e-21
1.901094915693372241e+04 1.120931941360046970e-19 5.716164008929388474e-21
1.902163506159631652e+04 1.208143776206043549e-19 6.011789929462329493e-21
1.903232097170651468e+04 1.079247702863690760e-19 6.069371332531816788e-21
1.904324412307019520e+04 1.268978227657043927e-19 6.346844244819281894e-21
1.905393006457176671e+04 1.196175948552062651e-19 6.056265680602868236e-21
1.906461601143237567e+04 1.070874644212545383e-19 6.063045300828245425e-21
1.907530196351871200e+04 1.117145204702989871e-19 6.035480150484781077e-21
1.908598792077574763e+04 1.193819444707213113e-19 5.969123898572586041e-21
1.909667388315123753e+04 9.975553552571494912e-20 5.260144411182544465e-21
1.910735985058861479e+04 1.198164080650425900e-19 5.770444651388309347e-21
1.911804582303387724e+04 1.278835375679379830e-19 5.995109232952137457e-21
1.912873180043440152e+04 1.087036879997530881e-19 5.792229547574145915e-21
1.913941778273547243e+04 1.120651842936203838e-19 5.860038846130992369e-21
1.915010376988226926e+04 1.291015795894957396e-19 6.073348320471038154e-21
1.916078976182044789e+04 1.271419052093540510e-19 5.900504590174375833e-21
1.917147575849759232e+04 1.134212096799021662e-19 6.002283040705682525e-21
1.918216175985815426e+04 1.076795016929087609e-19 6.052033585005609798e-21
1.919284776584854262e+04 1.264772303007667532e-19 6.233032903580749921e-21
1.920353377641572661e+04 1.072876094648710708e-19 5.874122920142005195e-21
1.921421979150488187e+04 1.238738606749071851e-19 5.931324945747073212e-21
1.922490581106254831e+04 1.245875356976847796e-19 5.936788149334483997e-21
1.923559183495170510e+04 1.243991700722219448e-19 5.786312479573201051e-21
1.924651549240671011e+04 1.207859147383621350e-19 5.814378838156229744e-21
1.925720154570178420e+04 1.219236502518653737e-19 5.842048542662020422e-21
1.926788760324569375e+04 1.244104670293896975e-19 6.080705947402955791e-21
1.927857366498581541e+04 1.185324987572583470e-19 5.755817076043780447e-21
1.928925973086767772e+04 1.149805710875224748e-19 5.677209217299617867e-21
1.929994580083768960e+04 1.066628995956388332e-19 5.815008903213903654e-21
1.931063187484150330e+04 1.226571943813880486e-19 5.691188732932730346e-21
1.932131795282753956e+04 1.269923239945771118e-19 6.000293117030690954e-21
1.933200403474086852e+04 1.173005166296796349e-19 5.669915192173599660e-21
1.934269012052819016e+04 1.199857246449033480e-19 5.887405962742430511e-21
1.935337621013637181e+04 1.328273119995142733e-19 6.163401417042842524e-21
1.936406230351284830e+04 1.188328625328501060e-19 5.887929653771901303e-21
1.937474840060255883e+04 1.206795087481019252e-19 5.894858409141314441e-21
1.938543450135307648e+04 1.291154775704409176e-19 6.111847285259944479e-21
1.939612060571214533e+04 1.282468043124248099e-19 6.039869398536236546e-21
1.940680671362505382e+04 1.252455095742621186e-19 6.148025345713185434e-21
1.941749282503923678e+04 1.184203631800273250e-19 5.918875106103417555e-21
1.942817893990142329e+04 1.227575766040158352e-19 5.956600942754635838e-21
1.943886505815930650e+04 1.172404928069096440e-19 5.887339224540436341e-21
1.944955117975838948e+04 1.242267999051640896e-19 5.658068435213838748e-21
1.946023730464697292e+04 1.261064759707567499e-19 5.634671718611086527e-21
1.947092343277168402e+04 1.197793411383460712e-19 5.472356352334577964e-21
1.948160956407963022e+04 1.226665511115276239e-19 5.470741628122225984e-21
1.949229569851708584e+04 1.310936167214797153e-19 5.925585910272130225e-21
1.950298183603180223e+04 1.151246684319981241e-19 5.715790707251756421e-21
1.951366797657192001e+04 1.159524539184941665e-19 5.351978387570319125e-21
1.952435412008259664e+04 1.277072156822732366e-19 5.657158038665946740e-21
1.953504026651262029e+04 1.232524304336239706e-19 5.796703073432384899e-21
1.954572641580912750e+04 1.137253622734636957e-19 5.495617827245928819e-21
1.955641256791906198e+04 1.163862283581655877e-19 5.685535082849203960e-21
1.956709872278941475e+04 1.164542351946678089e-19 5.352360555908340045e-21
1.957778488036839190e+04 1.163369243480339349e-19 5.419456551699233908e-21
1.958847104060311176e+04 1.234264317872637241e-19 5.385034874366228384e-21
1.959915720344112560e+04 1.130192175498271462e-19 5.300144030466864958e-21
1.960984336882973366e+04 1.124204206071787793e-19 5.563970558597194752e-21
1.962052953671605792e+04 1.143803170914668688e-19 5.661586892013850177e-21
1.963121570704912301e+04 1.231334988564962945e-19 5.437438780855554425e-21
1.964190187977461392e+04 1.148290558891223980e-19 5.558534405501272274e-21
1.965258805484178447e+04 1.272319208951421684e-19 5.603880206463397181e-21
1.966327423219748016e+04 1.195242025011962739e-19 5.414288533965408236e-21
1.967396041178986343e+04 1.186718315123261873e-19 5.483843534994334185e-21
1.968464659356606353e+04 1.256183459747320581e-19 5.597203089672530145e-21
1.969533277747478860e+04 1.065071280402645452e-19 5.046944937785115494e-21
1.970601896346327339e+04 1.267480005687323449e-19 5.383926676173868497e-21
1.971670515147930564e+04 1.322489531656519900e-19 5.535579963386575695e-21
1.972739134147130244e+04 1.169914683079630952e-19 5.359787970487082125e-21
1.973807753338659677e+04 1.255112003930525542e-19 5.460386297727543816e-21
1.974876372717407503e+04 1.197726826808209018e-19 5.467984705277968519e-21
1.975944992278038262e+04 1.109478440172882066e-19 5.200520088995833431e-21
1.977013612015517720e+04 1.108395294227750522e-19 5.252828481148954847e-21
1.978082231924526786e+04 1.231618702799784149e-19 5.222141884288366906e-21
1.979150851999961014e+04 1.265451313089632947e-19 5.566195795040451709e-21
1.980219472236552974e+04 1.173889310280821739e-19 5.254871403062925278e-21
1.981288092629233506e+04 1.159242865532249367e-19 5.215476340388839640e-21
1.982356713172721720e+04 1.167514843853192264e-19 5.560042699897128055e-21
1.983425333861922627e+04 1.207838398930536871e-19 5.562412381365758273e-21
1.984493954691636463e+04 1.099675669984150455e-19 5.460406263811169920e-21
1.985562575656681656e+04 1.133153037804767537e-19 5.222309729099192799e-21
1.986631196751928655e+04 1.234263521295207216e-19 5.040955948556575248e-21
1.987699817972176243e+04 1.189652794286257143e-19 5.310258416573221421e-21
1.988768439312368355e+04 1.224052510597844635e-19 5.401424689875704901e-21
1.989837060767209914e+04 1.159654309757276851e-19 5.344879431429226177e-21
1.990905682331688149e+04 1.314112425015953579e-19 5.558365025167733594e-21
1.991974304000542543e+04 1.275884371482987691e-19 5.191395171751357469e-21
1.993042925768761779e+04 1.088148839258370979e-19 4.887286463004536915e-21
1.994111547631079884e+04 1.206151996099411548e-19 5.234281050394073833e-21
1.995180169582488816e+04 1.197981142368755592e-19 5.093487079734033997e-21
1.996248791617750976e+04 1.091052592620737379e-19 5.167904957029432238e-21
1.997317413731835768e+04 1.186344206107391653e-19 5.068767337022445921e-21
1.998386035919528877e+04 1.102983358602774398e-19 5.262191384276989634e-21
1.999454658175787335e+04 1.144914020265020564e-19 5.413471380182427159e-21
2.000523280495477229e+04 1.087653484122468122e-19 5.433110123928105821e-21
2.001591902873461368e+04 1.081572692445710057e-19 5.150466938010647111e-21
2.002660525304679686e+04 1.213510773541495845e-19 5.183823343991394625e-21
2.003729147783960070e+04 1.116963296382094525e-19 5.147992359118004495e-21
2.004821683323039179e+04 1.121121105603153422e-19 4.933268721581990962e-21
2.005890307211133768e+04 1.197231582041941817e-19 5.328231533398901589e-21
2.006958931829010544e+04 1.215454593392179283e-19 5.247417396093840014e-21
2.008027556482192085e+04 1.152172301707057977e-19 5.040285558856280228e-21
2.009096181177562903e+04 1.107955035216434564e-19 5.216184007813318268e-21
2.010164807625626054e+04 1.139492269747277381e-19 5.331828793526458904e-21
2.011233435760699285e+04 1.156468030076303506e-19 5.053102166997235039e-21
2.012302063921499212e+04 1.168895434892801140e-19 4.564755247408994083e-21
2.013370692084283655e+04 1.162790592054519230e-19 4.498801382020948473e-21
2.014439320243881593e+04 1.127220610495432073e-19 4.980990100272708902e-21
2.015507948395327185e+04 1.289959635308924626e-19 5.527480420372799838e-21
2.016576576533473053e+04 9.903538899419917138e-20 5.255364779504930429e-21
2.017645204653336987e+04 1.235737248986843960e-19 5.202538892154405493e-21
2.018713832749812354e+04 1.063882369236386420e-19 5.299500933160791275e-21
2.019782460817878382e+04 1.038645167230266078e-19 5.106212387766728346e-21
2.020851088852487374e+04 1.261528861426591706e-19 5.152940989608329627e-21
2.021919716848581447e+04 1.138150077268972791e-19 5.121912152422496828e-21
2.022988344801148924e+04 1.037206701571097979e-19 4.888174218265446980e-21
2.024056972705114458e+04 1.179292821372528334e-19 5.387871552274514875e-21
2.025125600555507117e+04 1.176688973215388521e-19 5.658427989870989781e-21
2.026194228339354959e+04 1.043203596823930554e-19 5.415248174337218012e-21
2.027286811067050076e+04 1.167078956191423701e-19 5.429395880206910624e-21
2.028355440751102287e+04 1.111793798188622502e-19 5.382604572840344243e-21
2.029424070361151826e+04 1.026205031313330067e-19 5.360886714847912848e-21
2.030492699892008022e+04 1.117828588234398267e-19 5.125673281713220072e-21
2.031561329338804717e+04 1.001337427234193844e-19 5.093652072888789584e-21
2.032629958696405447e+04 1.098860066980521586e-19 5.178017482737945861e-21
2.033698587959939687e+04 9.001413799147479609e-20 4.914390607123583646e-21
2.034767217124283343e+04 7.445514368156590616e-20 4.922579812075813202e-21
2.035835846184564798e+04 8.176883618635378393e-20 4.490126046656620255e-21
2.036904475135656685e+04 8.547951181947024097e-20 4.825991592416305975e-21
2.037973103972700119e+04 8.679524102569801626e-20 4.594715838889045973e-21
2.039041732690592471e+04 7.133305183437894366e-20 4.591522668696250997e-21
2.040110361284469764e+04 6.875308027769164159e-20 4.510171089709857580e-21
2.041178989749258835e+04 6.706014354678504111e-20 4.677393045013769782e-21
2.042247618080057146e+04 8.023416836328706401e-20 4.787893432366185943e-21
2.043316246271794080e+04 8.825995583575433778e-20 4.964279737642203388e-21
2.044384874319632218e+04 8.193655766589477475e-20 4.812555785689429130e-21
2.045453502218514041e+04 1.047728542202615253e-19 4.963182595615128615e-21
2.046522129963535554e+04 1.041079489776728170e-19 5.121721525171473294e-21
2.047590757549677801e+04 1.087666540376217331e-19 5.012672454391075945e-21
2.048659384972056068e+04 1.077776890933704515e-19 5.023544726299675930e-21
2.049728012225630300e+04 1.121278262922069508e-19 4.869962347704511183e-21
2.050796639305580538e+04 1.170855548817214382e-19 5.207733832652136591e-21
2.051865266206840533e+04 1.073334353772965509e-19 4.896265066811963158e-21
2.052933892924592874e+04 1.108765167545492014e-19 5.082888400030530665e-21
2.054002519453770947e+04 1.034344299169500430e-19 5.151183339766390063e-21
2.055071145789523871e+04 1.022841824274194177e-19 5.230622714518436099e-21
2.056139771926905451e+04 1.109178881085995341e-19 5.068319975920473449e-21
2.057208397861003687e+04 1.099582050078772796e-19 5.030421735411173109e-21
2.058277023586874202e+04 1.153547521585044438e-19 5.100659581880539863e-21
2.059345649099631191e+04 1.202824605279516969e-19 5.046909121972402425e-21
2.060414274394299355e+04 1.175406760100549896e-19 5.297053089391232653e-21
2.061482899466024901e+04 1.225954141705175999e-19 5.197672793140147581e-21
2.062551524309844535e+04 1.148914873933329879e-19 5.061283519118824479e-21
2.063620148920940119e+04 1.024252326530271559e-19 4.785683008553389251e-21
2.064688773294346174e+04 1.099455624858216072e-19 4.714834052265096113e-21
2.065757397425175805e+04 1.032105349125699906e-19 4.449351652762160839e-21
2.066826021308523195e+04 1.096401730330603155e-19 5.065312955375282673e-21
2.067894644939527279e+04 1.141876546501234902e-19 5.104445971788399126e-21
2.068963268313294247e+04 1.253640995061690078e-19 5.263043096676620878e-21
2.070031891424946662e+04 1.112372239402782495e-19 4.911206033605065194e-21
2.071100514269578343e+04 1.144658368633859865e-19 5.023647435110982137e-21
2.072169136842315856e+04 1.034693578673485181e-19 4.826320418418361325e-21
2.073237759138282854e+04 1.164762214206529385e-19 4.856345854140845156e-21
2.074306381152636823e+04 1.040593460957260982e-19 4.848149440422721875e-21
2.075375002880479951e+04 1.138541200944417469e-19 5.018233047035403605e-21
2.076443624317006470e+04 1.192298064581182707e-19 5.089717303785622646e-21
2.077512245457251993e+04 1.084399991719473915e-19 5.131088710601122290e-21
2.078580866296489330e+04 1.146440926152791478e-19 4.868360835268438132e-21
2.079649486829805392e+04 1.198017999355050671e-19 4.973726299269927941e-21
2.080718107052298728e+04 1.169369611017902787e-19 4.934554627085327636e-21
2.081786726959194857e+04 1.162210862852854680e-19 4.842625825457851663e-21
2.082855346545631619e+04 1.157946127557051779e-19 4.835111359974545485e-21
2.083923965806761771e+04 1.105352612556632521e-19 4.901387325034070840e-21
2.084992584737736252e+04 1.212576829413242142e-19 4.928331870360985053e-21
2.086061203333784943e+04 1.251524608949016597e-19 4.920944870620212345e-21
2.087129821590019492e+04 1.196325938985850130e-19 5.064741497365107035e-21
2.088198439501620305e+04 1.062735356369716115e-19 4.918519085617133950e-21
2.089267057063788889e+04 1.132057990991360872e-19 4.855984393121731364e-21
2.090335674271653625e+04 1.166477422814776088e-19 4.747582618510093932e-21
2.091404291120482230e+04 1.332633707993575572e-19 4.960200047897744021e-21
2.092472907605376895e+04 1.168331891381230436e-19 4.887608567654262695e-21
2.093541523721647172e+04 1.121508649697025843e-19 4.934456849262831313e-21
2.094610139464335953e+04 1.094669367359975892e-19 4.954826357006091453e-21
2.095678754828829915e+04 1.123184710667508513e-19 4.711383975566638539e-21
2.096747369810111923e+04 1.131171040426330334e-19 4.867175795709329355e-21
2.097815984403550465e+04 1.293052657788205946e-19 5.053672354356216634e-21
2.098884598604242274e+04 1.557626062859383713e-19 5.254598193874349202e-21
2.099953212407547107e+04 1.358261301543783108e-19 4.968305061264156941e-21
2.101021825808500944e+04 1.266760194440052593e-19 5.281994340173008320e-21
2.102090438802473000e+04 1.170900114147296029e-19 4.950026339597783415e-21
2.103159051384593840e+04 1.256386326741604107e-19 4.747225474533776557e-21
2.104227663550120633e+04 1.150334094587312171e-19 4.581127066608060455e-21
2.105296275294280349e+04 1.225759942587157296e-19 4.773254004981311852e-21
2.106364886612373084e+04 1.118743564740557498e-19 5.300830241075663024e-21
2.107433497499501755e+04 1.130376225330791711e-19 5.185463210422140272e-21
2.108502107951006110e+04 1.137247538562557491e-19 4.759160511666399542e-21
2.109570717962026174e+04 1.114990404517837388e-19 4.957034731703544023e-21
2.110639327527935893e+04 1.143371088160275803e-19 4.893343482525196160e-21
2.111707936643905850e+04 1.087043913301187475e-19 4.824405841228691003e-21
2.112776545305251420e+04 1.104470819416543603e-19 4.720515453282186923e-21
2.113845153507114082e+04 1.082759156611402569e-19 5.458574975103902216e-21
2.114913761244847774e+04 1.121807088447534999e-19 5.174416349010197062e-21
2.116006486457922074e+04 1.044837659702953410e-19 4.667625165410428268e-21
2.117075094563049061e+04 9.366891371288030601e-20 4.872183327768363749e-21
2.118143702862780628e+04 1.041706175082607321e-19 4.750014279041346399e-21
2.119212310686892306e+04 1.079766212706617423e-19 4.401686791009097856e-21
2.120280918022833066e+04 9.649171494119659836e-20 4.317734471324882590e-21
2.121349524865796411e+04 1.022369197944406602e-19 4.407260102003876009e-21
2.122418131211163563e+04 1.011555094387651947e-19 4.608984726817419106e-21
2.123486737054183686e+04 1.134379132802966501e-19 4.407754290240042449e-21
2.124555342390156511e+04 1.191509571608415443e-19 4.532059294411310321e-21
2.125623947214318468e+04 1.069838179971971709e-19 4.780524431654500696e-21
2.126692551522104986e+04 1.093489108601899888e-19 4.579507876254999864e-21
2.127761155308668094e+04 1.045260338170003837e-19 4.636113847693730414e-21
2.128829758569389014e+04 1.034538479329286475e-19 4.561611488396253448e-21
2.129898361299488533e+04 1.131176091655345079e-19 4.758691725484253234e-21
2.130966963494443189e+04 1.033643523937584110e-19 4.633134672342884303e-21
2.132035565149394461e+04 1.111692922695765416e-19 4.694170196776526139e-21
2.133104166259746853e+04 1.134389232059339681e-19 4.616371552901648519e-21
2.134172766820743345e+04 1.123303088428521862e-19 4.635479444074391922e-21
2.135241366827841557e+04 1.125288643935074059e-19 4.570751447054720389e-21
2.136309966276218256e+04 1.125889403090751979e-19 4.634269341855009933e-21
2.137378565161286679e+04 1.180507710383770032e-19 4.642388560514281473e-21
2.138447163470491432e+04 1.106091081797209510e-19 4.743917642653962267e-21
2.139515760536928792e+04 1.155246971604490646e-19 4.927262056934148307e-21
2.140608521341529195e+04 1.089407845075642550e-19 4.613848403054880102e-21
2.141677119908982786e+04 1.256296535148333367e-19 4.941054382852523345e-21
2.142745717889466323e+04 1.109936102221255741e-19 4.744766699302674034e-21
2.143814315278243521e+04 1.094086357519433385e-19 4.781043057122071384e-21
2.144882912070677048e+04 1.114528221791558391e-19 4.779449014307182572e-21
2.145951508262190328e+04 1.158046889154657907e-19 4.646572595579629223e-21
2.147020103848218787e+04 1.186758046192164627e-19 4.810252222052921537e-21
2.148088698823814048e+04 1.185236756025494495e-19 4.824989359503043167e-21
2.149157293184650553e+04 1.175406396287593132e-19 4.683978904570908176e-21
2.150225886925976374e+04 1.197903572963318871e-19 4.855746058589725116e-21
2.151294480043222211e+04 1.182241350469108649e-19 4.770545771222639576e-21
2.152363072531641228e+04 1.102244149558418675e-19 4.739139526523652672e-21
2.153431664386749981e+04 1.149162163369026709e-19 4.714984058558040806e-21
2.154500255603868936e+04 1.133310828512831933e-19 4.625921996636082283e-21
2.155568846178272361e+04 1.119082981599481769e-19 4.551348372863525508e-21
2.156637436105578672e+04 1.094176083290378657e-19 4.548889012759440723e-21
2.157706025380975552e+04 1.041009700541825439e-19 4.906687904295452174e-21
2.158774614000033762e+04 1.146752049653364661e-19 4.866418318328583666e-21
2.159843201958006830e+04 1.018489141809525631e-19 4.698011042654013288e-21
2.160911789250404763e+04 1.097255057060837580e-19 4.579952929486170090e-21
2.161980375872512013e+04 1.029351252386593636e-19 4.675741967827210795e-21
2.163048961819759279e+04 1.180071282070558046e-19 4.912618692138894209e-21
2.164117547087684579e+04 1.089412813621971925e-19 4.551382006961169983e-21
2.165186131671505063e+04 1.046254420058194500e-19 4.552824427677418004e-21
2.166254715566822051e+04 1.134417125359269063e-19 4.574241807042514929e-21
2.167323298768937093e+04 9.574857998800033681e-20 4.622384006909134066e-21
2.168391881273427862e+04 9.537369600471801690e-20 4.514275045151767107e-21
2.169460463075484222e+04 9.776170975546291158e-20 4.591664853966784963e-21
2.170529044170693305e+04 1.045259708318287491e-19 4.721663890465074854e-21
2.171597624554413414e+04 1.063653966291173576e-19 4.658419255206935198e-21
2.172666204222175293e+04 1.096029099700098870e-19 4.613645265664603008e-21
2.173734783169416551e+04 1.038940822502609643e-19 4.701897923870307657e-21
2.174803361391486033e+04 1.044370764247451356e-19 4.663246859331897024e-21
2.175871938883860639e+04 1.113812721300196928e-19 4.811937270692207364e-21
2.176940515642054015e+04 1.231089721852504481e-19 4.815602177085027775e-21
2.178009091661325874e+04 1.120633301508397808e-19 4.556807658530674671e-21
2.179077666937395770e+04 1.184203138421926721e-19 4.882875709988087747e-21
2.180146241465605272e+04 1.092212581925524949e-19 4.776210578603669497e-21
2.181214815241391625e+04 1.088180903266380284e-19 4.814441803873971379e-21
2.182283388260216452e+04 1.181289240585070498e-19 4.854630309150533361e-21
2.183351960517582847e+04 1.093257209922753773e-19 4.773966006856566623e-21
2.184420532009005183e+04 1.078209444335587028e-19 4.604212219953431500e-21
2.185489102729783917e+04 1.110984558791701363e-19 4.732764464431065529e-21
2.186557672675634967e+04 1.226545860701475254e-19 4.663918608397958286e-21
2.187626241841803494e+04 1.162444311924744715e-19 4.614358591520495096e-21
2.188694810223984314e+04 1.075935761761680307e-19 4.592820197820604527e-21
2.189763377817557193e+04 1.100090959839680253e-19 4.624519006658280340e-21
2.190831944617904082e+04 1.001605180404507411e-19 4.600049386585131485e-21
2.191900510620779460e+04 9.859828664429755090e-20 4.761941171474867100e-21
2.192969075821507067e+04 9.806550908496498927e-20 4.558139085197575365e-21
2.194037640215668216e+04 1.090783286601042979e-19 4.596465937488058192e-21
2.195106203798663410e+04 1.129915568835169571e-19 4.739054895809555673e-21
2.196174766566055769e+04 1.188710668827987337e-19 4.787938419290683940e-21
2.197243328513344750e+04 1.160579789389998532e-19 4.485836956795875616e-21
2.198311889636097476e+04 1.140779708380739648e-19 4.361637705628606876e-21
2.199380449929698807e+04 1.230458658870019863e-19 4.838275462119182791e-21
2.200449009389815546e+04 1.071848388542969189e-19 4.530441559185434180e-21
2.201517568011860931e+04 1.170542958944615737e-19 5.012807968749670712e-21
2.202586125791431914e+04 1.131910992946136359e-19 4.407040712105133471e-21
2.203654682724015220e+04 1.064832307444493433e-19 4.521196249078874764e-21
2.204723238805163783e+04 1.253364448634298369e-19 4.390754533262744043e-21
2.205791794030461460e+04 1.032497435416117168e-19 4.327276364161537310e-21
2.206860348395329129e+04 1.092365233922324476e-19 4.512859203505430367e-21
2.207928901895404852e+04 1.185171718777181416e-19 4.525134311055158188e-21
2.208997454526180809e+04 1.047264269101390309e-19 4.511760995011509805e-21
2.210066006283080060e+04 1.022474026707204694e-19 4.369595300963037790e-21
2.211134557162009878e+04 1.117838237653594878e-19 4.273910784511141436e-21
2.212203107158066996e+04 1.205851443799650925e-19 4.759801081758314592e-21
2.213271656267228900e+04 1.158804953592294028e-19 4.502737412466606930e-21
2.214340204484872083e+04 1.218768024222451523e-19 4.595093511135689078e-21
2.215408751806542568e+04 1.163326289481427548e-19 4.432527992833332119e-21
2.216477298227779465e+04 1.132720903242294851e-19 4.461532090405785235e-21
2.217545843744209196e+04 1.129334893712519797e-19 4.392712952577814070e-21
2.218614388351256275e+04 1.059039132438977209e-19 4.130876899876182003e-21
2.219682932044869813e+04 1.175509085566985655e-19 4.435593816859201801e-21
2.220751474820084331e+04 1.121744223743963407e-19 4.397945817585842766e-21
2.221820016672997008e+04 1.150705591782546316e-19 4.373273583291635494e-21
2.222888557598893749e+04 1.061377374773635859e-19 4.176062880650677207e-21
2.223957097593453364e+04 1.087967764082837476e-19 4.256264358014829161e-21
2.225025636652283720e+04 1.079892210579898133e-19 4.534146292494989624e-21
2.226094174770872269e+04 1.064631100028351292e-19 4.468215983891962305e-21
2.227162711945086630e+04 1.125780755524853429e-19 4.164178995188274536e-21
2.228231248170084655e+04 1.168124548841242017e-19 4.429953873121964219e-21
2.229299783441805630e+04 1.159543861721451223e-19 4.210914280007667565e-21
2.230368317755751923e+04 1.113979353699407515e-19 4.479159151089285390e-21
2.231436851107548136e+04 1.094476989130324869e-19 4.305484515537223442e-21
2.232505383492840338e+04 1.077332933510462304e-19 4.307678173301429772e-21
2.233573914907192375e+04 1.028537665982245085e-19 4.279533312320999811e-21
2.234642445346222303e+04 1.028949326025296948e-19 4.444834517779799570e-21
2.235710974805592195e+04 1.065029780312841470e-19 4.655741102024131616e-21
2.236779503280706194e+04 1.229212424245165478e-19 4.777623970760281881e-21
2.237848030767655655e+04 1.159705199861814482e-19 4.437337802670601386e-21
2.238940897169528034e+04 1.119374534199840442e-19 4.413806529340338785e-21
2.240009423957988474e+04 1.119277337856780733e-19 4.513230796936217484e-21
2.241077950393007995e+04 1.162615025735999649e-19 4.606394025843027939e-21
2.242146475829317205e+04 1.171202656429357166e-19 4.527384246985298592e-21
2.243215000255262566e+04 1.068152162930748636e-19 4.481799172537096385e-21
2.244283523273175160e+04 1.115398178390720055e-19 4.436506619196197816e-21
2.245352011704772667e+04 1.191694081133162953e-19 4.491843478304716833e-21
2.246420482590632309e+04 1.045188834720718603e-19 4.517737371534939894e-21
2.247488952262720341e+04 9.336393114942165545e-20 4.380999640393729326e-21
2.248557420902523518e+04 1.164064272433867266e-19 4.661712904435247428e-21
2.249625888505680632e+04 1.186493336175000548e-19 4.486587580228513915e-21
2.250694355068064760e+04 1.117583686408426528e-19 4.506396465648926454e-21
2.251762820585100053e+04 1.094403789589029333e-19 4.385900305905551766e-21
2.252831285052705425e+04 1.185709873854375133e-19 4.470234589778773742e-21
2.253899748466400342e+04 1.120832154862783078e-19 4.515828522159859049e-21
2.254968210821903631e+04 1.164272058494864834e-19 4.428091579720185349e-21
2.256036672114902831e+04 1.160818616298008983e-19 4.576520117038511303e-21
2.257105132341025455e+04 1.176308145754578533e-19 4.517597556685373581e-21
2.258173591496047084e+04 1.153240745843130872e-19 4.472140107194466848e-21
2.259242049575460987e+04 1.082695118827154145e-19 4.362268924653566959e-21
2.260310506575214094e+04 1.098720105192062698e-19 4.290613838123701340e-21
2.261378962490874255e+04 1.099719164251371528e-19 4.271200783059798337e-21
2.262447417318139560e+04 1.067930059295094116e-19 4.290699624142909177e-21
2.263515871045066524e+04 1.150468805319999819e-19 4.270954130504197145e-21
2.264584323028193830e+04 1.137946498266226639e-19 4.243961075830633245e-21
2.265677161897395126e+04 1.008562474906501397e-19 4.316510529717765514e-21
2.266745614266777193e+04 1.081623539719193617e-19 4.511027750660467180e-21
2.267814065526042759e+04 1.076132446066660161e-19 4.492108425329226379e-21
2.268882515670923385e+04 1.076307904613740581e-19 4.232366291930825244e-21
2.269950964696827577e+04 1.044231389868371684e-19 4.090952138168007612e-21
2.271019412599819043e+04 1.085978533021075810e-19 4.378425818888883751e-21
2.272087859375423795e+04 1.075699844109361087e-19 4.153351246094423915e-21
2.273156305019458159e+04 1.125591334987278698e-19 4.314771830914729645e-21
2.274224749527542008e+04 1.193731131519383721e-19 4.508384644362117374e-21
2.275293192895631364e+04 1.136426847770647058e-19 4.469516407326845857e-21
2.276361635119197308e+04 1.128634326962465910e-19 4.404909218515736900e-21
2.277430076194126377e+04 9.725623297969215507e-20 4.250709866283899140e-21
2.278498516116174142e+04 1.084878409772100621e-19 4.193146831747378669e-21
2.279566954881113998e+04 1.019400843526442232e-19 4.219292897421035759e-21
2.280635392484530894e+04 1.052742143420615920e-19 4.276622433179820419e-21
2.281703828922303364e+04 1.119408003781543594e-19 4.248599386558973958e-21
2.282772264190014175e+04 1.023008415574981429e-19 4.063466454282945403e-21
2.283840698283684833e+04 1.089430451181118215e-19 4.041941221164118785e-21
2.284909131198914838e+04 1.055182931832133921e-19 4.274072792420390923e-21
2.285977562931587454e+04 1.041494424619367797e-19 4.255835775603404251e-21
2.287045993477139564e+04 9.696836671837694616e-20 4.141717305142336658e-21
2.288114422831794946e+04 1.064079593547305266e-19 3.995494608894820833e-21
2.289182850991066880e+04 1.086918704948681325e-19 3.987771192069996309e-21
2.290251277950636359e+04 1.123647176426529578e-19 3.929171188773853026e-21
2.291319703706599830e+04 1.050272428237493223e-19 4.041215607316445907e-21
2.292388128254480398e+04 1.031631592534157654e-19 4.187523968471449451e-21
2.293456551590089657e+04 1.045126626090231873e-19 4.219755043625093291e-21
2.294524973709299593e+04 1.077188408072131072e-19 4.160879748573766264e-21
2.295593394607801747e+04 1.061816773184572930e-19 4.134359957593500162e-21
2.296661814281454281e+04 1.054478484097929686e-19 4.142038563281064649e-21
2.297730232726137911e+04 9.654290746389280758e-20 4.254349901092139000e-21
2.298798649937329537e+04 1.111829366993480063e-19 4.131049206451030176e-21
2.299867065911272221e+04 1.172830641781776958e-19 4.127112123195862411e-21
2.300935480643490882e+04 1.099722587948648347e-19 4.291343098421967622e-21
2.302003894129675609e+04 1.059857020497964431e-19 4.234813743654234031e-21
2.303072306365905388e+04 1.200606596718743488e-19 4.389012391807751918e-21
2.304140717347943428e+04 1.061110114284185106e-19 4.382099458477833653e-21
2.305209127071316107e+04 9.676199187831494377e-20 4.147110006736966542e-21
2.306277535532389811e+04 1.025630218863134914e-19 3.916827947489257155e-21
2.307345942726406429e+04 1.162420304974037273e-19 4.106636233707577033e-21
2.308414348649461317e+04 1.156680192360236046e-19 3.910369299361548632e-21
2.309482753297610179e+04 1.158569393866041659e-19 4.195822332987674136e-21
2.310551156666201496e+04 1.177267282995296276e-19 4.289443306388591269e-21
2.311619558751349905e+04 1.151913247006286388e-19 4.230735454235565952e-21
2.312687959549048173e+04 1.101591605725876743e-19 4.171092067653759150e-21
2.313756359054563654e+04 1.089916304129683902e-19 4.160760826277725052e-21
2.314824757264345317e+04 1.080516482068355611e-19 4.139530747145528341e-21
2.315893154174035226e+04 1.080716484586553052e-19 4.040879868971206291e-21
2.316961549779011330e+04 1.148262847786693045e-19 3.937660719131359101e-21
2.318029944076030733e+04 1.079756359993305990e-19 4.147668800463929383e-21
2.319098337060389167e+04 1.042202525893376279e-19 4.060129482768012212e-21
2.320166728727672307e+04 1.004287794499959211e-19 4.169558138448368772e-21
2.321235119074503018e+04 9.855283830683201409e-20 3.994849585346334923e-21
2.322303508096091537e+04 1.074997898438929678e-19 4.153566125695259690e-21
2.323371895788419351e+04 1.133571257863224049e-19 4.024502753894667941e-21
2.324440282147784455e+04 1.059317892284286483e-19 4.308598427707730986e-21
2.325508667169471664e+04 1.089426116619689152e-19 4.221031892072981105e-21
2.326577050849443185e+04 1.133878591419904164e-19 4.397803285262330331e-21
2.327645433184216381e+04 1.234529528717705541e-19 4.217161113630010707e-21
2.328713814168871977e+04 1.030030612096322199e-19 4.196848358520603613e-21
2.329782193799451125e+04 1.006182736471617331e-19 4.163021370706192091e-21
2.330850572072419527e+04 1.059865194498147435e-19 4.171833197897927890e-21
2.331918948982862275e+04 1.110875402365395369e-19 4.395829786576636483e-21
2.332987324527039527e+04 1.033431617403641638e-19 4.253504755626396961e-21
2.334055698701211804e+04 1.101264280539209819e-19 4.181610984950256907e-21
2.335124071500536593e+04 1.035048382053207551e-19 4.059818527993755500e-21
2.336192442921123802e+04 1.026748714757720820e-19 3.965949237309632869e-21
2.337260812959538816e+04 1.067498188968847205e-19 3.909529937383574213e-21
2.338329181610884916e+04 1.123691748334767709e-19 4.092258668359247290e-21
2.339397548871093750e+04 1.133465261917131022e-19 4.223982003711546474e-21
2.340465914736875129e+04 1.108608989309764400e-19 4.092768558952251073e-21
2.341534279203158439e+04 1.005437677165999688e-19 4.062805691666242949e-21
2.342602642266275507e+04 1.059639518435427086e-19 4.025949037642253914e-21
2.343671003922611271e+04 1.083791071313808242e-19 3.940685552109138628e-21
2.344739364167147505e+04 1.062541352426049940e-19 4.073207344415151971e-21
2.345807722996314624e+04 1.155866949386928797e-19 4.104734853255691820e-21
2.346876080406430265e+04 1.068621797085693572e-19 4.269845199113376128e-21
2.347944436392546049e+04 1.007932040704535223e-19 3.997173949937313591e-21
2.349012790951081115e+04 1.138013392056772401e-19 4.158543522438713143e-21
2.350081144078207581e+04 1.064052780654505733e-19 4.063304245480393302e-21
2.351149495769374698e+04 1.046087791980166930e-19 4.113611885201476468e-21
2.352217846020546858e+04 1.050277531947692099e-19 4.116641761914105291e-21
2.353286194828320367e+04 1.180123174453241175e-19 4.234253819202862160e-21
2.354354542187875631e+04 1.127248754092942016e-19 3.852469750451187528e-21
2.355422888095548115e+04 1.094225799211708960e-19 3.735119881359308203e-21
2.356491232547052277e+04 9.807882141572995103e-20 3.863732057856658653e-21
2.357559575538512581e+04 1.067698565968136872e-19 3.966779442617989588e-21
2.358627917066011651e+04 9.983205805658907824e-20 3.897191430140966589e-21
2.359696257125021657e+04 1.107215104271741501e-19 4.234801672417208568e-21
2.360764595711953734e+04 1.034622194105108761e-19 4.211302759879867425e-21
2.361832932822688963e+04 1.060748265415807052e-19 4.036120831701185841e-21
2.362901268453060766e+04 1.115686073984055423e-19 4.100241671146656244e-21
2.363969602599105565e+04 1.048969188821718304e-19 4.120551372544964961e-21
2.365037935256996934e+04 1.078932810450782261e-19 4.133003394617362865e-21
2.366106266422331100e+04 1.111495520425865785e-19 4.079964322745480727e-21
2.367174596091111016e+04 1.097375081849756016e-19 4.153263843802439088e-21
2.368242924259808933e+04 1.086331185761312083e-19 4.121967945408663269e-21
2.369311250923877014e+04 9.654508342110021206e-20 3.779028582072479960e-21
2.370379576079430626e+04 1.019871741546700423e-19 4.106393169387960281e-21
2.371447899722657530e+04 1.048520921760849617e-19 4.221985370305128630e-21
2.372516221849403883e+04 9.700558561273142016e-20 4.193820510932517422e-21
2.373584542455408882e+04 1.070835020514098362e-19 4.141991847389415578e-21
2.374652861537179706e+04 1.197180757897833276e-19 4.158986306752800999e-21
2.375721179090421720e+04 1.024197433748835584e-19 3.971773432388885993e-21
2.376789495111052020e+04 1.124447811669822335e-19 4.194126489579108319e-21
2.377857809595230356e+04 1.010738379557729524e-19 3.927582133967663268e-21
2.378926122538848358e+04 9.981530316466367246e-20 4.223938501250285978e-21
2.380019021498244911e+04 9.799261973813039150e-20 3.964089229610751196e-21
2.381087333243499961e+04 9.754678125255283917e-20 4.143449912685039706e-21
2.382155643443685040e+04 1.116846001737774900e-19 4.201396324788341022e-21
2.383223952087030557e+04 1.063782205963648652e-19 3.819994011634857319e-21
2.384292259169293902e+04 1.015770520398367020e-19 3.551920400198162617e-21
2.385360564687259830e+04 1.036599482101159066e-19 3.731290391081092108e-21
2.386428868636458355e+04 1.079972785111652887e-19 3.762571373974386543e-21
2.387497171012728359e+04 1.149504912690489270e-19 4.061492771751090644e-21
2.388565471812697069e+04 1.037397859173003796e-19 4.164133281329173849e-21
2.389633771031873039e+04 1.150058551856346531e-19 4.095809478100856677e-21
2.390702068666305786e+04 1.149982184830036784e-19 4.010990215389593201e-21
2.391770364712573064e+04 9.966929623291566271e-20 3.870004475420443623e-21
2.392838659166366051e+04 1.141877401631267135e-19 3.983555058662860470e-21
2.393906952023434496e+04 1.051883565933075351e-19 4.097086873190977655e-21
2.394975243280019276e+04 1.042812798409390830e-19 3.877651007595096712e-21
2.396043532932694870e+04 1.095821407048113867e-19 4.200878132097656485e-21
2.397111820976700619e+04 1.071530406615677377e-19 4.131295386895484905e-21
2.398180107408373442e+04 1.067338775429788366e-19 4.049173799107533251e-21
2.399248392224165218e+04 1.077352716865295296e-19 4.023576177883739345e-21
2.400316675419704188e+04 1.145807680347988521e-19 4.306087653003995339e-21
2.401384956990971114e+04 1.149226356656501379e-19 4.384655731795405136e-21
2.402453236934406596e+04 1.129470798417197136e-19 4.380351779248778431e-21
2.403521515246035779e+04 1.145377668807650419e-19 4.145927181377546858e-21
2.404589791921697906e+04 1.052727969444359699e-19 3.989536351318564873e-21
2.405658066957266419e+04 1.073603852314974163e-19 4.238253393770976542e-21
2.406726340349370003e+04 1.055351887316887478e-19 4.010428312868752181e-21
2.407794612086288180e+04 1.105761618310195697e-19 4.000982316783554858e-21
2.408862881539779119e+04 1.116801158412967494e-19 3.960329955639365056e-21
2.409955791312225119e+04 1.103008321239021678e-19 4.282777313641471346e-21
2.411024059983394545e+04 1.038386164538634034e-19 4.106445064948183015e-21
2.412092326990783113e+04 9.986874429438192309e-20 3.970439465853288051e-21
2.413160592330784493e+04 1.088802118725697539e-19 3.918776651906927377e-21
2.414228855999319785e+04 1.102249863589426211e-19 3.901006922602340125e-21
2.415297117992489439e+04 1.154429229082749144e-19 4.051766718265605736e-21
2.416365378306439015e+04 1.119748955776111284e-19 4.020890627735313477e-21
2.417433636936950643e+04 1.039826038141992306e-19 3.813829055544862368e-21
2.418501893880784337e+04 1.009495426374609373e-19 3.816278313424811352e-21
2.419570149133586528e+04 1.067148168247883873e-19 4.041228732827206533e-21
2.420638402691376905e+04 1.034656860870747194e-19 4.144665364974891585e-21
2.421706654550580788e+04 1.054743029616487798e-19 3.919597729132474017e-21
2.422774904707333917e+04 1.106023610771920307e-19 4.043673010114157180e-21
2.423843153157277266e+04 1.088271912193038533e-19 4.125623445325767964e-21
2.424911399896871080e+04 1.109156885875411219e-19 4.046385232244933273e-21
2.425979644922357329e+04 1.027400317690039189e-19 3.820424900829006279e-21
2.427047888229533055e+04 9.897919294888195036e-20 3.872179461650675570e-21
2.428116129814857413e+04 1.004218046103774421e-19 3.799211671923473485e-21
2.429184369674316258e+04 1.015591970241674832e-19 3.823950137205445210e-21
2.430252607804116269e+04 1.005101338852655270e-19 3.931563559694063889e-21
2.431320844200078500e+04 1.107292025230877050e-19 4.104601644211003107e-21
2.432389078858565699e+04 1.062996255686130660e-19 3.838898109804492900e-21
2.433457311776068309e+04 1.103021745456497404e-19 3.891763411106358112e-21
2.434525542948022485e+04 1.060514459673883537e-19 3.861263061143999103e-21
2.435593772371045634e+04 1.039173568740814379e-19 3.988398876104714763e-21
2.436662000041142164e+04 1.009222568257687220e-19 3.861660927883314737e-21
2.437730225954383786e+04 1.097212366699510657e-19 3.924702572461455459e-21
2.438798450107264580e+04 1.048670882301580038e-19 3.883892513419391319e-21
2.439866672495420426e+04 1.071738685813117090e-19 3.761310553201794132e-21
2.440934893115316663e+04 1.190923292676731778e-19 3.937829884678248760e-21
2.442003111963313859e+04 1.143680825876006596e-19 3.912672489706314271e-21
2.443071329035201052e+04 1.085785017729006486e-19 4.058561849540253915e-21
2.444139544327312251e+04 1.034414725017263651e-19 4.008944922832604422e-21
2.445207757835752273e+04 1.140340997146005077e-19 3.783151835912042369e-21
2.446275969556717246e+04 1.008146446404002687e-19 3.694524560995267053e-21
2.447344179486415305e+04 9.573954418026497863e-20 3.811637704639212074e-21
2.448412387620951631e+04 1.053891094203852419e-19 3.538224973598749744e-21
2.449480593956541998e+04 1.107132476969754271e-19 3.431144013228117876e-21
2.450548798489394540e+04 1.080008726386311663e-19 3.486959711363725058e-21
2.451617001215619894e+04 1.011275653961747870e-19 3.509575902645983744e-21
2.452685202131446567e+04 9.825211012425098316e-20 3.716753177120744012e-21
2.453753401233088516e+04 9.320865057690181636e-20 3.660431684110818829e-21
2.454821598516660015e+04 1.131564217341369254e-19 3.834994871580495604e-21
2.455889793978270609e+04 1.091284189840612646e-19 3.723577725652688152e-21
2.456957987614538069e+04 1.136544909942896726e-19 4.062742359036834035e-21
2.458026179421183406e+04 1.127515090341403642e-19 3.991753007713073861e-21
2.459094369394591558e+04 1.052749508801326172e-19 3.942645168113468921e-21
2.460162557531122729e+04 1.087697614061862546e-19 4.027999431859193810e-21
2.461230743826635080e+04 1.117299272890074803e-19 3.820391650581402292e-21
2.462298928277520463e+04 1.045885332075074872e-19 3.920515975981334023e-21
2.463367110879877509e+04 1.058988771469807769e-19 3.840701148863416547e-21
2.464435291630113716e+04 1.079260600820642108e-19 3.949454761542860274e-21
2.465503470524495424e+04 9.734535977316050582e-20 3.943536399918449419e-21
2.466571647558987752e+04 1.048722831195232420e-19 3.873048377181379521e-21
2.467639822729874140e+04 9.614415369578129874e-20 3.690862543124845490e-21
2.468707996033426025e+04 7.667513235591065290e-20 3.542063809217377259e-21
2.469776167465886101e+04 6.561046572578634866e-20 3.599906927576031012e-21
2.470844337023415574e+04 6.368513617100240335e-20 3.451386606297650893e-21
2.471912504702283331e+04 6.360154497379344302e-20 3.400977110235709475e-21
2.472980670498746986e+04 6.977577729113174513e-20 3.417942774133073735e-21
2.474048834409115079e+04 7.838250119925959177e-20 3.546863654534331726e-21
2.475116996429378923e+04 8.861622432042458971e-20 3.715225749234195401e-21
2.476185156555947469e+04 1.009555355259297542e-19 3.684278968503004601e-21
2.477253314785000111e+04 9.637693027934781169e-20 3.639705578787838665e-21
2.478321471112805739e+04 1.090415134068265673e-19 3.877379911648290226e-21
2.479389625536027233e+04 1.092406794780375723e-19 3.971786488339085682e-21
2.480457779151482828e+04 1.051022295741048997e-19 3.981667683157760934e-21
2.481525931177259554e+04 1.031334702821633592e-19 3.832232637552793773e-21
2.482594081286680739e+04 1.010219557702882171e-19 3.819079035069848379e-21
2.483662229476086213e+04 1.164524986046704692e-19 3.785760918570133759e-21
2.484730375741877651e+04 9.911823181951540417e-20 3.647596214422865683e-21
2.485798520079928858e+04 1.060356963329535193e-19 3.856133106129395745e-21
2.486866662487182111e+04 1.015728468698823186e-19 3.676999879667395532e-21
2.487934802959170702e+04 1.015740866722635819e-19 3.814187630851065988e-21
2.489002941492500031e+04 1.036951797618823214e-19 3.794030398735921386e-21
2.490071078083414614e+04 1.104714224239334133e-19 3.938658212928813353e-21
2.491139212728149869e+04 1.080758338793604197e-19 3.962267828013199563e-21
2.492207345423326115e+04 1.067237974748756126e-19 3.768579714135763417e-21
2.493275476164348584e+04 1.079621143976735870e-19 3.880053778427250324e-21
2.494343604948439679e+04 1.028246314261670141e-19 3.807419943981896538e-21
2.495411731771524137e+04 1.095037112273520292e-19 3.778657249194378386e-21
2.496479856629739515e+04 1.066431186158646948e-19 3.736816978827343340e-21
2.497547979519434011e+04 8.910769224234547209e-20 3.808299417489530333e-21
2.498616100437124624e+04 9.914714816333200510e-20 3.915160389490384203e-21
2.499684219378812850e+04 1.148669948277342086e-19 3.969755347514465354e-21
2.500752336341005866e+04 1.022622409799358400e-19 3.832379487364968949e-21
2.501820451319773929e+04 1.092303116343489430e-19 3.986851976509514909e-21
2.502888564311572554e+04 1.066535383247819550e-19 3.832286698104378505e-21
2.503956675312637162e+04 1.070327637449741531e-19 4.101437863797683045e-21
2.505024784319604805e+04 1.093493750415072922e-19 4.040816156371393802e-21
2.506092891328215046e+04 1.085606531649046680e-19 3.821763844569168058e-21
2.507160996334876836e+04 1.045025683804086682e-19 3.800183364202627825e-21
2.508229099336494983e+04 1.084171100011257117e-19 3.843208333434483357e-21
2.509297200328684266e+04 1.090680097084064950e-19 3.903248606677971158e-21
2.510365299308172689e+04 1.033513710544497736e-19 3.870341299118119071e-21
2.511433396270955564e+04 1.021658507278701620e-19 3.850664655554957064e-21
2.512501491213404370e+04 1.109348963894912482e-19 3.901260892203733191e-21
2.513569584132426098e+04 1.082841025569138010e-19 3.811137451317672346e-21
2.514637675023538395e+04 1.046766137051150991e-19 3.882246813209537355e-21
2.515705763883587861e+04 1.037741678402522484e-19 3.869959179291295782e-21
2.516773850708602549e+04 1.052552026680956571e-19 3.800930135902279582e-21
2.517841935495136568e+04 1.086143418541393082e-19 3.847560493428914501e-21
2.518910018239443889e+04 1.057465927454437257e-19 3.681876051294357553e-21
2.519978098937563118e+04 1.060342675040251799e-19 3.796255714077260788e-21
2.521046177586379054e+04 1.065164178023210690e-19 3.888948799732775985e-21
2.522114254181809883e+04 1.016402667799914922e-19 3.740939797254805767e-21
2.523182328720677106e+04 9.952218083889423692e-20 3.597377466920962137e-21
2.524250401198683903e+04 9.254707975053575073e-20 3.663597343874027640e-21
2.525318471612468420e+04 9.763924215109120465e-20 3.681382926348648794e-21
2.526386539958581125e+04 1.014582002326633756e-19 3.660976221200018176e-21
2.527454606233203594e+04 1.030144567024277741e-19 3.895117902302489598e-21
2.528522670432638188e+04 1.019305025945495909e-19 3.771690900237429129e-21
2.529590732553154885e+04 9.996488356713338719e-20 3.840450247234482631e-21
2.530658792591265228e+04 1.021205693311618645e-19 3.747632315009924923e-21
2.531726850543409091e+04 1.019928403291483736e-19 3.899806103386779247e-21
2.532794906405862275e+04 1.100681159474598372e-19 3.861820968790447739e-21
2.533862960174842374e+04 1.041360579068040613e-19 3.575382536602812443e-21
2.534931011847133050e+04 9.870250125166734550e-20 3.753878046983515823e-21
2.535999061418653946e+04 1.021193839760424566e-19 3.645810208125833746e-21
2.537067108885656853e+04 1.007111327340128684e-19 3.545082647268437466e-21
2.538135154245111698e+04 1.078153219340602125e-19 3.862350165243037218e-21
2.539203197493048356e+04 1.109244850877424824e-19 3.618731202287229468e-21
2.540271238625905971e+04 1.084609823001393568e-19 3.491418696222295594e-21
2.541339277639908687e+04 9.858894605117403907e-20 3.619537985897467637e-21
2.542407314531829616e+04 8.493342886921699203e-20 3.574236643043319988e-21
2.543475349297504727e+04 1.056003131138970377e-19 3.753611883112627681e-21
2.544543381933636192e+04 1.050111929970043761e-19 3.804319502210834972e-21
2.545611412436878527e+04 9.908692609553799453e-20 3.635450583281111328e-21
2.546679440802970203e+04 1.045363756969955026e-19 3.795802694322374857e-21
2.547772344721007903e+04 1.023201242375832314e-19 3.712931438949650755e-21
2.548840370649813121e+04 1.089661160022828784e-19 3.612158866439026640e-21
2.549908394437859533e+04 1.024201306138892130e-19 3.623314735094673320e-21
2.550976416074760346e+04 9.566872223820999299e-20 3.713427751569688852e-21
2.552044435556311510e+04 9.543863755390535729e-20 3.671146468132354424e-21
2.553112452879310513e+04 1.006708012937386879e-19 3.733657559724831794e-21
2.554180468039757397e+04 1.034885103216537909e-19 3.749489077440922020e-21
2.555248481034843644e+04 1.005535330880716937e-19 3.685369736416490232e-21
2.556316491860342649e+04 1.050539341493282675e-19 3.723172871120401369e-21
2.557384500512795421e+04 1.030514576675245868e-19 3.981676826896377290e-21
2.558452506988674213e+04 9.747836415399640805e-20 3.927434328536236145e-21
2.559520511284389795e+04 9.671020996690620944e-20 3.847635755367824331e-21
2.560588513396141570e+04 1.036335381338733051e-19 3.655440595215642185e-21
2.561656513320733575e+04 1.077745565787812886e-19 3.779259191062534365e-21
2.562724511054439790e+04 9.741909031382921008e-20 3.676041518163270901e-21
2.563792506593800499e+04 9.432965656381438707e-20 3.754659948713540907e-21
2.564860499934783002e+04 1.017232837775960714e-19 3.883748151266606019e-21
2.565928491074322665e+04 9.425900687242315969e-20 3.780297678915594422e-21
2.566996480008694925e+04 1.015946690443143816e-19 3.841953399289373072e-21
2.568064466734268717e+04 9.492524743305753995e-20 3.795054699760510482e-21
2.569132451247400240e+04 1.044728325502335628e-19 3.796108664887699761e-21
2.570200433544842235e+04 1.011699340918467015e-19 3.790341453925865313e-21
2.571268413622995286e+04 1.002296425983625680e-19 3.866108010370713307e-21
2.572336391478000223e+04 1.087555435322739314e-19 3.947103319173814085e-21
2.573404367106335485e+04 1.131369747326892861e-19 4.237069081921020797e-21
2.574472340504762178e+04 1.098472850696479067e-19 3.987639205048878535e-21
2.575540311669670700e+04 1.087505262729927756e-19 3.959701658987662471e-21
2.576608280597269186e+04 1.018995742218017540e-19 3.767330488154998196e-21
2.577676247284164856e+04 9.837304087900108269e-20 3.700699451493082840e-21
2.578744211726776848e+04 1.013703429596839275e-19 3.776798263424454203e-21
2.579812173921580325e+04 9.496153911092830138e-20 3.726906698082189260e-21
2.580880133865225798e+04 9.450700903656002559e-20 3.661472024673682478e-21
2.581948091546308933e+04 9.300320466441321711e-20 3.695545173500926705e-21
2.583016046353615093e+04 9.177614726965959008e-20 3.773942602237888127e-21
2.584108940722271655e+04 9.855985844550812269e-20 3.664629731132810632e-21
2.585176893470097639e+04 9.570209389904854918e-20 3.591897762258356914e-21
2.586244843948315611e+04 1.037545015497923190e-19 3.697430434379787617e-21
2.587312792153725240e+04 1.042334173784224942e-19 3.716099982452592069e-21
2.588380738083183314e+04 9.780400890715333525e-20 3.713250899338624319e-21
2.589448681732665864e+04 1.005555751008402595e-19 3.716476496173381156e-21
2.590516623098588752e+04 9.874431288350655409e-20 3.802887288625134926e-21
2.591584562178167107e+04 9.910560677235982842e-20 3.935663459157875531e-21
2.592652498966885832e+04 9.230029328274112578e-20 3.664486932314268660e-21
2.593720433462053916e+04 9.312439534906378190e-20 3.704875395650888691e-21
2.594788365659792908e+04 9.785838932266542650e-20 3.808146664868040367e-21
2.595856295556311670e+04 9.728427513745230461e-20 3.740663456916025063e-21
2.596924223148950477e+04 1.048062578690152133e-19 3.705082399071153339e-21
2.597992148433138573e+04 9.749391916409096344e-20 3.733217244404953665e-21
2.599060071406081624e+04 8.882506512562228459e-20 3.534502697696867067e-21
2.600127992064303544e+04 9.501357164661895605e-20 3.589940626698105030e-21
2.601195910403963353e+04 9.546023784665308082e-20 3.623528050121327243e-21
2.602263826421669000e+04 1.019456422292067895e-19 3.846843542874966640e-21
2.603331740114172862e+04 9.303601253787351733e-20 3.718060018286583465e-21
2.604399651477810767e+04 9.106275626917592055e-20 3.379255901267993460e-21
2.605467560508551105e+04 9.388817359769847028e-20 3.547501153202456465e-21
2.606535467203919688e+04 9.953566652859458879e-20 3.742029892708541954e-21
2.607603371559795050e+04 9.310894751542456731e-20 3.538061398698743513e-21
2.608671273573033250e+04 9.133437644487099009e-20 3.585986244163955843e-21
2.609739173239760930e+04 1.044915614626907785e-19 3.620921710313777340e-21
2.610807070556875624e+04 9.911962083107257179e-20 3.702434806063655883e-21
2.611874965520404294e+04 1.036117831067816073e-19 3.658405817681483758e-21
2.612942858127388536e+04 1.047059387637028204e-19 3.655148181830702546e-21
2.614010748374286777e+04 1.013720151180995795e-19 3.350727019004245902e-21
2.615078636257531980e+04 9.776390594561082384e-20 3.543883232394480827e-21
2.616146521773477798e+04 9.327476365736748229e-20 3.572498784876344707e-21
2.617214404918810033e+04 9.369130338110741402e-20 3.478425130029312919e-21
2.618282285690388380e+04 9.638931846186610444e-20 3.442067279402508940e-21
2.619350164083929849e+04 1.022577252915303400e-19 3.599137994632968484e-21
2.620418040096669574e+04 9.869270121008564244e-20 3.582379069390167189e-21
2.621485913725110004e+04 9.303985869167691288e-20 3.523204251993277541e-21
2.622553784965633167e+04 1.057316108716746041e-19 3.704116318043640291e-21
2.623621653814642923e+04 1.014626600642360347e-19 3.644686172127551355e-21
2.624689520269032073e+04 1.005150435149284280e-19 3.612366712251238004e-21
2.625757384325121893e+04 9.682619433647552025e-20 3.670184969307580346e-21
2.626825245979334068e+04 9.310761915644196452e-20 3.547649790193079230e-21
2.627893105228411150e+04 1.017301599633943059e-19 3.620162902791031478e-21
2.628960962068907247e+04 9.998984218292265635e-20 3.639739574812308730e-21
2.630028816497316075e+04 1.030284314540081446e-19 3.604810820991494968e-21
2.631096668510623567e+04 9.221965778117630965e-20 3.706669595939196419e-21
2.632164518104677336e+04 1.047044263072800132e-19 3.713306332131568534e-21
2.633232365276563360e+04 9.696343603285798985e-20 3.700382139916589947e-21
2.634300210022451574e+04 9.059507222823405687e-20 3.600450662290597578e-21
2.635368052339326459e+04 9.055397761252067040e-20 3.557023015598019492e-21
2.636435892223573319e+04 9.640778703285458691e-20 3.709410991815616578e-21
2.637503729671563269e+04 9.872010948166718012e-20 3.720777358053700781e-21
2.638571564680391384e+04 9.096940755054443769e-20 3.668423062401582589e-21
2.639639397245784494e+04 9.457200943979910133e-20 3.748461446953338589e-21
2.640707227365392100e+04 1.053964020556971937e-19 3.856266035039278253e-21
2.641775055034862089e+04 1.044467752760315075e-19 3.773227111535424100e-21
2.642842880251322276e+04 9.872345680151684717e-20 3.624111283518829686e-21
2.643910703011031001e+04 1.026213128898266084e-19 3.538709499796566310e-21
2.644978523311112804e+04 1.052100285979246552e-19 3.606785108050902222e-21
2.646046341147570638e+04 9.876277530609575975e-20 3.651471192684854867e-21
2.647114156517016090e+04 1.031946650505415314e-19 3.456293893292348287e-21
2.648181969416066568e+04 1.018912733545870182e-19 3.666546184420354990e-21
2.649249779842040880e+04 9.557134088234999109e-20 3.554777454570125685e-21
2.650317587790574544e+04 1.032800562601273264e-19 3.673644172357194732e-21
2.651385393258849945e+04 1.079680376281987873e-19 3.884868280651905185e-21
2.652453196242937338e+04 9.355650656579894030e-20 3.515049902090639866e-21
2.653520996740348346e+04 9.185053828047564599e-20 3.492313252108514984e-21
2.654588794746720305e+04 1.084037950473823872e-19 3.750809411231017713e-21
2.655656590259619406e+04 1.051064269526752911e-19 3.579506977425483847e-21
2.656724383274381762e+04 1.065962754127516878e-19 3.853140598644355052e-21
2.657792173788900254e+04 9.454452259020147971e-20 3.625855293703087879e-21
2.658859961798812583e+04 9.707952689961497418e-20 3.882633699241916870e-21
2.659927747301702402e+04 1.073453821859366012e-19 3.792036097810371257e-21
2.660995530292905460e+04 1.046356481031552476e-19 3.594965499799008158e-21
2.662063310770511816e+04 9.981041735167069750e-20 3.676092080256303943e-21
2.663131088729606563e+04 9.614938851274504701e-20 3.790953698642321529e-21
2.664198864168345608e+04 8.394451220743755395e-20 3.588954265935076721e-21
2.665266637081874433e+04 9.366629308956304355e-20 3.651159793589997120e-21
2.666334407467743949e+04 8.414260716525631410e-20 3.871642146338082223e-21
2.667402175322530456e+04 9.365343434550274337e-20 4.040780400300593522e-21
2.668469940642909933e+04 1.040195137410597981e-19 4.104982806952786784e-21
2.669537703424962820e+04 1.045498354718719377e-19 3.696670330498698819e-21
2.670605463665882780e+04 1.032521936830622607e-19 3.587187334353256472e-21
2.671673221362062759e+04 9.746989329488775748e-20 3.807932020394397963e-21
2.672740976510370820e+04 1.007398510000784959e-19 3.634766945638234718e-21
2.673808729106897226e+04 1.053625004839349603e-19 3.837952435979106213e-21
2.674876479149029547e+04 9.852370511455811160e-20 3.606748122308772280e-21
2.675944226632612845e+04 1.016122601046460658e-19 3.745525807828105021e-21
2.677011971555075434e+04 9.891697409389565026e-20 3.613614194673134958e-21
2.678079713912330044e+04 9.800201844911506558e-20 3.788587559401129291e-21
2.679147453701774793e+04 1.033730910096100436e-19 3.857607083558435713e-21
2.680215190919265660e+04 9.135114225117568822e-20 3.826931658642402876e-21
2.681282925562228047e+04 8.348905160578519277e-20 3.875092611600056091e-21
2.682350657626776592e+04 8.919375089565803582e-20 3.820986275049919651e-21
2.683418387109750256e+04 9.077424760963344306e-20 3.832893121953287893e-21
2.684486114007587094e+04 8.232137396867918877e-20 3.731903305888902723e-21
2.685553838317516420e+04 7.852237619845466206e-20 3.628153659216503790e-21
2.686621560035475341e+04 9.368261217418702251e-20 3.630753397734145697e-21
2.687689279159074795e+04 9.503528604323657169e-20 3.897092548064652521e-21
2.688756995683625064e+04 9.312309433660305441e-20 3.770941518457718118e-21
2.689824709607298792e+04 8.661102401260686094e-20 3.744083787743383486e-21
2.690892420925474289e+04 9.603645521962330768e-20 3.598001063222947584e-21
2.691960129635774138e+04 1.031345293742376279e-19 3.806821638153997254e-21
2.693027835734097243e+04 1.033184661431936332e-19 3.634024139456192217e-21
2.694095539218030535e+04 9.322107997389413292e-20 4.048836677385757155e-21
2.695163240083349592e+04 9.468838301555387960e-20 3.926235438614175805e-21
2.696230938326920659e+04 9.094901228563949154e-20 3.695166443232484135e-21
2.697298633946000700e+04 9.993574310786754154e-20 3.931729362177037368e-21
2.698366326936639234e+04 1.024438884858732740e-19 3.803135267562992278e-21
2.699434017295761078e+04 1.018341128612320360e-19 3.756488610714317270e-21
2.700501705020061490e+04 9.608274485718768844e-20 3.753525885391583220e-21
2.701569390106418359e+04 1.002243200683151819e-19 3.849241010122229357e-21
2.702637072551094752e+04 8.977845348605249231e-20 3.782217636329632331e-21
2.703704752351187199e+04 9.540721048464789075e-20 3.926370044266751867e-21
2.704772429502830346e+04 9.109261463701827079e-20 3.700393740932416351e-21
2.705840104003688975e+04 9.048934284315602191e-20 3.982907269381189842e-21
2.706907775849464088e+04 9.300229116752268330e-20 3.876214642482260991e-21
2.707975445037223835e+04 1.052553778424521425e-19 3.845553105980069527e-21
2.709043111563714046e+04 1.058392246045387816e-19 3.846246289929163910e-21
2.710110775425631800e+04 9.929550948415069041e-20 3.820275572434709415e-21
2.711178436619680724e+04 9.218329276743016407e-20 3.761920636561332565e-21
2.712246095142702688e+04 9.404307183323197175e-20 4.008484121788534996e-21
2.713313750991271809e+04 8.947760038847485994e-20 3.919071993363386983e-21
2.714381404161704631e+04 1.097533862573401435e-19 4.081864343490008188e-21
2.715449010801946133e+04 1.032618353468651902e-19 3.883112087073128253e-21
2.716516601334345978e+04 1.021503409906243631e-19 4.137975972188461903e-21
2.717584189179154055e+04 9.680294271694459890e-20 3.850273994320701790e-21
2.718651774333705907e+04 1.050233793985977390e-19 3.939765137650113070e-21
2.719719356794319901e+04 9.191675327854887180e-20 4.080660384063059018e-21
2.720786936557900481e+04 9.553106322621007400e-20 4.027647202422038050e-21
2.721854513621338629e+04 1.044976452333842123e-19 3.911830281819223436e-21
2.722922087981008008e+04 9.896763979125807129e-20 3.886963795835785432e-21
2.723989659633830524e+04 9.522359229371649439e-20 3.990024262806860025e-21
2.725057228576734633e+04 1.030538114118086143e-19 3.851922343550265815e-21
2.726124794806201317e+04 1.056705048838111775e-19 3.886774411786270774e-21
2.727192358318798870e+04 1.047404567753296175e-19 3.919814762218938350e-21
2.728259919111474301e+04 9.307647845210125797e-20 3.863817104391390451e-21
2.729327477181157155e+04 1.023736798083924510e-19 3.834168865906335352e-21
2.730395032524167618e+04 9.781030351550579571e-20 4.080925881197304680e-21
2.731462585137621500e+04 9.524515384632687256e-20 3.983235386407368978e-21
2.732530135018102737e+04 9.363989359996067279e-20 3.858792951944250288e-21
2.733597682162350247e+04 9.902517390616651373e-20 3.894272035404597438e-21
2.734665226567103309e+04 9.171230276066149647e-20 4.195446524493983012e-21
2.735732768229066278e+04 9.113555707743937387e-20 4.021889102798048129e-21
2.736800307144612088e+04 9.644099017139826040e-20 4.171675622181275672e-21
2.737867843311316392e+04 9.758705108976467999e-20 4.259109981608498978e-21
2.738935376725313836e+04 1.004691107775825081e-19 4.292841270158188135e-21
2.740002907383955971e+04 9.298461578738568407e-20 4.281947857511112802e-21
2.741070435283354527e+04 9.453263438326076691e-20 4.164253616683415728e-21
2.742137960420313175e+04 1.121611508635160489e-19 4.031682340725648451e-21
2.743205482791993563e+04 1.250389290482800581e-19 4.240333368458830144e-21
2.744273002394948344e+04 1.280059109446520984e-19 4.606548067093799287e-21
2.745340519225495518e+04 1.268627983170714968e-19 4.848802468535173289e-21
2.746408033281639291e+04 1.329919043423583862e-19 4.611728797109440857e-21
2.747475544558735055e+04 1.319564473546126494e-19 4.584910091683508587e-21
2.748543053054363190e+04 1.217548607047746367e-19 4.508101785486861757e-21
2.749610558764880625e+04 1.445888361599655712e-19 4.614561354019398716e-21
2.750678061687618174e+04 1.783294765770150269e-19 5.080122481213996120e-21
2.751745561818579154e+04 1.567196190051576964e-19 4.934641452618236194e-21
2.752813059155365409e+04 1.317839724105628728e-19 4.556345040933286584e-21
2.753880553693918409e+04 1.235134287374870624e-19 4.639754855293366559e-21
2.754948045431411083e+04 1.135072156272757412e-19 4.250547827522433833e-21
2.756015534365014537e+04 1.290085546698042646e-19 4.570020384340616044e-21
2.757083020490719355e+04 1.288373328319477626e-19 4.470399084200716673e-21
2.758150503806136476e+04 1.676268010604562020e-19 5.496721236323233813e-21
2.759217984307421284e+04 2.093769053577911196e-19 5.461125205713530839e-21
2.760285461991537159e+04 2.379518037889462388e-19 5.670180731014967182e-21
2.761352936855066946e+04 2.134610428419534688e-19 5.564929451961779169e-21
2.762420408895453147e+04 1.866159689735108504e-19 5.248584153570308296e-21
2.763487878108644145e+04 1.555268952172426607e-19 5.089958840288427354e-21
2.764555344491848518e+04 1.358249163618470217e-19 4.610352692698702145e-21
2.765622808042447286e+04 1.473581233143030560e-19 4.838852914727122145e-21
2.766690268755795114e+04 1.243739527852371107e-19 4.395801935032120872e-21
2.767757726630181787e+04 1.212948854199660090e-19 4.473656049761304009e-21
2.768850431320909411e+04 1.053853500888866533e-19 4.213332716778503655e-21
2.769917885300049602e+04 1.023032549144692543e-19 4.228063954348262497e-21
2.770985336437182559e+04 9.679356437184008220e-20 4.153300065331728778e-21
2.772052784721681019e+04 9.739352035693079723e-20 4.122279421640124612e-21
2.773120230150564748e+04 9.533509733123586286e-20 4.022804717071426655e-21
2.774187672720227420e+04 9.276592559471684053e-20 4.357316295641953641e-21
2.775255112427677523e+04 8.768723153075729504e-20 4.161974500195099451e-21
2.776322549269677620e+04 9.893828983301265324e-20 4.122464708808675832e-21
2.777389983242884773e+04 1.030710456008209339e-19 4.214301393970303750e-21
2.778457414344931385e+04 1.058410462563565754e-19 4.369173876130529491e-21
2.779524842571402405e+04 1.068034677245002735e-19 4.407487281161509297e-21
2.780592267920131417e+04 1.031676282634742755e-19 4.159353202168605131e-21
2.781659690387485171e+04 1.033394889961322510e-19 4.126434948483988039e-21
2.782727109969908997e+04 1.046052193647683315e-19 4.491862453631582490e-21
2.783794526664847217e+04 9.055021309151639742e-20 3.945397059997441765e-21
2.784861940468920875e+04 9.600843747142001286e-20 4.060531009204828520e-21
2.785929351379148284e+04 9.509383986176298948e-20 4.039994436066629217e-21
2.786996759391700107e+04 9.289815914711908270e-20 4.037515313516034654e-21
2.788064164504269138e+04 9.423591441579848984e-20 4.461441362234283862e-21
2.789131566713275242e+04 9.874453087198967876e-20 4.390733311851137870e-21
2.790198966015131009e+04 9.745593912074594131e-20 4.786964202504443803e-21
2.791266362407699125e+04 9.587793448895963657e-20 4.944098722636387473e-21
2.792333755886531435e+04 9.892623104483521731e-20 4.940271835886882761e-21
2.793401146449531007e+04 9.201321272808776858e-20 4.290413659646794617e-21
2.794468534092511254e+04 9.394208184030901699e-20 4.082978426013247204e-21
2.795535918813763419e+04 9.449175869832953882e-20 4.053214536681624415e-21
2.796603300608877544e+04 1.019317153386831118e-19 3.786385769072453751e-21
2.797670679475065481e+04 9.189759798275820444e-20 3.600534720339068804e-21
2.798738055409625667e+04 9.953667979056410416e-20 4.018376700796152239e-21
2.799805428408362059e+04 1.039907183847690919e-19 4.376378500396151414e-21
2.800872798469168265e+04 8.869645251873394267e-20 4.281094456608769369e-21
2.801940165588468881e+04 9.910671090210806574e-20 4.127103313823983296e-21
2.803007529762661215e+04 1.017348127338652589e-19 4.407960299893108250e-21
2.804074890989875712e+04 8.567276858388246334e-20 4.238253288343613106e-21
2.805142249265083228e+04 9.111371973450204315e-20 4.155251572258361204e-21
2.806209604586826754e+04 9.547358916847189667e-20 4.236869056804910452e-21
2.807276956951537068e+04 9.488388599152118505e-20 4.285766015183207323e-21
2.808344306354989385e+04 9.845113271098674327e-20 4.360443510232420042e-21
2.809411652795942064e+04 9.847245000042456896e-20 4.309048711200423724e-21
2.810478996269379786e+04 8.728320920650657802e-20 4.247681158315666257e-21
2.811546336773215080e+04 9.971097900719373720e-20 4.137551034191904391e-21
2.812613674304318920e+04 9.967908940439995814e-20 4.275193232176338546e-21
2.813681008859123540e+04 1.034127053020033558e-19 4.260937226584516629e-21
2.814748340435307910e+04 1.102289646465751784e-19 4.415011782805615054e-21
2.815815669028285265e+04 1.135467124456183599e-19 4.532206135467848362e-21
2.816882994635991781e+04 1.187738618057903051e-19 4.649737396953218934e-21
2.817950317255299888e+04 1.105536068972696826e-19 4.490623275592364056e-21
2.819017636882446823e+04 1.126962767668527231e-19 4.692671509133549844e-21
2.820084953508042599e+04 1.174072334509003227e-19 4.536622956102579402e-21
2.821177604804918155e+04 1.124820689544977201e-19 4.458927119200860894e-21
2.822244917228917984e+04 1.178479734874157830e-19 4.489098683345764312e-21
2.823312226649144941e+04 1.037063077490616415e-19 4.403191761888336466e-21
2.824379533060677932e+04 1.053117803205391503e-19 4.482165532259395521e-21
2.825446836462409556e+04 1.021812045887223001e-19 4.313222140247172930e-21
2.826514136849622810e+04 1.102710941109625877e-19 4.290828230988193123e-21
2.827581434220367737e+04 1.016805867052550225e-19 4.179690168545001073e-21
2.828648728571528773e+04 1.035710981735688595e-19 4.234675002142692890e-21
2.829716019898409650e+04 1.037006379383162565e-19 4.264506278018996532e-21
2.830783308200159809e+04 1.030963559567759854e-19 4.208131469341762407e-21
2.831850593472272885e+04 1.043854817802497716e-19 4.615916430565574212e-21
2.832917875710761655e+04 1.059270849999297085e-19 4.262088245290959498e-21
2.833985154915026942e+04 9.396403263884854554e-20 3.997705953230648097e-21
2.835052431080142924e+04 1.050489827558102566e-19 4.499077570823681457e-21
2.836119704203233414e+04 1.028811674986057652e-19 4.195319889634305232e-21
2.837186974282093797e+04 9.732216285521744642e-20 4.156552420509674135e-21
2.838254241311546502e+04 8.612333993497539559e-20 4.100955251066022823e-21
2.839321505291265566e+04 9.751471887663165062e-20 4.283961983053241548e-21
2.840388766216557269e+04 9.709457008241939320e-20 4.347045093698634677e-21
2.841456024083634111e+04 9.917551989864558354e-20 4.145345265417911020e-21
2.842523278891689552e+04 9.631962178595630916e-20 3.940044921197784584e-21
2.843590530634853349e+04 9.486492721758315122e-20 3.965024357200129874e-21
2.844657779312332059e+04 9.813688227813451926e-20 4.031585097285272617e-21
2.845725024920602664e+04 9.365646316915873522e-20 3.942832526126780956e-21
2.846792267454267858e+04 9.296563149904677730e-20 3.956108438489611176e-21
2.847859506913691439e+04 9.598506853855335190e-20 3.958383206896021017e-21
2.848926743294409243e+04 9.999774527841359712e-20 3.951369588212387364e-21
2.849993976591443425e+04 9.337863624088747410e-20 4.137189115157954219e-21
2.851061206804982430e+04 9.748483859230960210e-20 4.130416010222986548e-21
2.852128433929405583e+04 1.025558893038603980e-19 3.958651516285194241e-21
2.853195657962555197e+04 9.784997171363401208e-20 3.683499311517343511e-21
2.854262878902045486e+04 1.016171921170452184e-19 3.941627480600381145e-21
2.855330096742707246e+04 1.058521416038170020e-19 4.191201059947747159e-21
2.856397311484210150e+04 9.907390335095642691e-20 4.300400054205453849e-21
2.857464523122363971e+04 9.812225982866388905e-20 4.209143015250092469e-21
2.858531731652227245e+04 1.018940558376668092e-19 4.327361142175117634e-21
2.859598937073756315e+04 1.047543316517241230e-19 4.159865069765190943e-21
2.860666139382715846e+04 9.825542225381078848e-20 4.013426239750473386e-21
2.861733338574154186e+04 9.925779786612245926e-20 4.221219185575774048e-21
2.862800534648249959e+04 8.540233092475162538e-20 4.003398321892611140e-21
2.863867727599164573e+04 9.073149203402947869e-20 4.307166909475937065e-21
2.864934917425470849e+04 1.008277460251795176e-19 4.188084297151857803e-21
2.866002104124342077e+04 9.891922021466491151e-20 4.370835021461444779e-21
2.867069287690359488e+04 1.007048135148767833e-19 4.428448663367537901e-21
2.868136468123509258e+04 9.079530054243344116e-20 4.149451524663151286e-21
2.869203645419534587e+04 9.746853809694820138e-20 3.976486354110049226e-21
2.870270819573287736e+04 9.695967553698106068e-20 4.086075408143944150e-21
2.871337990585481748e+04 9.727201088562290675e-20 4.238746558664777855e-21
2.872405158451414900e+04 9.708027061716670709e-20 4.163322861729452818e-21
2.873472323165657872e+04 9.711932441529496127e-20 4.121175948466767421e-21
2.874539484729176911e+04 1.076084366639897123e-19 4.308744168170304230e-21
2.875606643136759158e+04 1.000118050431733397e-19 4.229490805754065187e-21
2.876673798384203474e+04 1.035839440466270394e-19 4.037900585772919067e-21
2.877740950471548422e+04 9.576230770242337896e-20 4.210125836453745773e-21
2.878808099393844532e+04 1.002908018960484425e-19 4.110888758106617490e-21
2.879875245147086025e+04 9.704325214990393806e-20 4.176936814722378755e-21
2.880942387730613336e+04 1.094038138070133754e-19 4.334609440154997072e-21
2.882009527140389764e+04 9.824047918835399530e-20 4.080069487003411854e-21
2.883076663371737232e+04 1.050640501356014785e-19 4.297131188228574378e-21
2.884143796424247921e+04 1.002705255876488765e-19 4.354305698789796661e-21
2.885210926293922603e+04 1.058349614508909308e-19 4.362147861466653735e-21
2.886278052975804167e+04 9.873626226111451446e-20 4.093499643919651387e-21
2.887345176470213846e+04 1.017020634547324262e-19 4.237919644523973935e-21
2.888412296771917318e+04 9.423175021646465663e-20 4.160981213138137223e-21
2.889479413877426123e+04 8.964437602441651430e-20 4.287890141976159603e-21
2.890546527786368461e+04 9.736312944325913499e-20 4.225767710828158452e-21
2.891613638493293183e+04 1.049570009241998488e-19 4.268213278672711560e-21
2.892680745994931203e+04 1.016432983070264765e-19 4.001380285473232980e-21
2.893747850290666611e+04 9.916863989727368964e-20 4.322214601471746127e-21
2.894814951375277451e+04 9.222257148793722163e-20 4.276701550799807725e-21
2.895882049246213137e+04 8.829608486289006385e-20 4.130211802004010755e-21
2.896949143901688512e+04 9.261642926700809260e-20 3.979595485689357104e-21
2.898016235336977115e+04 8.561392244536750472e-20 4.150044648131194440e-21
2.899083323549538909e+04 9.401657840217067599e-20 4.354583497807906380e-21
2.900150408537569456e+04 8.572871523047279985e-20 3.891711367269146310e-21
2.901217490296343749e+04 9.809871120228961809e-20 4.007344049930820970e-21
2.902284568823044538e+04 1.042656931609483491e-19 4.443399361585058485e-21
2.903351644116647367e+04 9.713368950585920914e-20 4.039118159659931059e-21
2.904418716172182030e+04 1.029920668256028207e-19 4.137874314134781498e-21
2.905485784985651117e+04 1.017734153530739374e-19 4.478614054999580971e-21
2.906552850557469355e+04 9.972021710872894062e-20 4.187767021599745341e-21
2.907619912882172503e+04 9.048903166741117179e-20 3.823868375187470391e-21
2.908686971955750778e+04 9.994153688328892391e-20 4.199945233898190897e-21
2.909754027778622913e+04 9.225841561373064609e-20 3.823496731826495067e-21
2.910821080345347946e+04 9.340297777724633024e-20 4.115138554468447250e-21
2.911888129651929557e+04 9.824650284413476295e-20 4.050277312124827049e-21
2.912955175698811217e+04 9.372183843919812219e-20 4.217394099944985306e-21
2.914022218480769880e+04 9.802633252740306274e-20 4.229429120395745916e-21
2.915089257993314823e+04 9.787907727102552834e-20 3.987384035697229638e-21
2.916156294236880058e+04 9.833476750676165538e-20 3.945513132262132439e-21
2.917223327206744580e+04 8.924902117608793414e-20 4.110362579942173252e-21
2.918290356898681057e+04 8.556744655813166875e-20 3.923626511096992260e-21
2.919357383311675221e+04 8.867324549639368836e-20 4.181409101268789201e-21
2.920424406442480540e+04 9.683941744498275642e-20 3.996332122766004100e-21
2.921491426286854767e+04 9.522015877539412940e-20 4.168714399083975732e-21
2.922558442842547811e+04 9.678616295891942933e-20 3.966692541002827029e-21
2.923625456107035643e+04 9.790488297604398809e-20 3.950565695025252067e-21
2.924692466076847995e+04 9.899369788201631370e-20 4.306862853238459655e-21
2.925759472748002008e+04 9.388882557495558203e-20 4.246055297819009447e-21
2.926826476119755898e+04 9.745487808799586959e-20 4.150930579059240098e-21
2.927893476187618580e+04 9.804631964295046271e-20 4.211367093636791875e-21
2.928960472947845847e+04 9.391571134917238592e-20 4.141935930827505437e-21
2.930027466399713376e+04 9.028461598388519333e-20 4.202586559045691859e-21
2.931094456538946906e+04 8.697303864494731880e-20 4.275546082878714132e-21
2.932161443361326383e+04 9.247334840648212575e-20 4.162716717512699222e-21
2.933228426865890287e+04 9.123927921961613027e-20 3.878195272660463318e-21
2.934295407049655478e+04 7.925802551086901967e-20 3.981823336071139293e-21
2.935362383907876210e+04 9.232221817949935182e-20 3.917325452246581726e-21
2.936429357438577790e+04 9.509153847697290943e-20 3.831553237290623003e-21
2.937496327639290757e+04 8.378189018646572256e-20 3.835387265943373888e-21
2.938563294506759121e+04 9.738295287223329850e-20 4.271697912645280620e-21
2.939630258036495434e+04 9.627936486862188776e-20 4.092523256954022049e-21
2.940697218227820485e+04 9.127780681006916093e-20 3.985015373518745503e-21
2.941764175077000618e+04 9.613177071375652999e-20 3.894209087230263665e-21
2.942831128579789947e+04 8.483328589357385552e-20 3.925459786731203555e-21
2.943898078734996307e+04 9.963841503120970492e-20 4.122983210144798398e-21
2.944965025538885675e+04 9.204057855286376582e-20 3.918591313276476304e-21
2.946031968988222070e+04 9.064903911281838624e-20 3.985519188027227585e-21
2.947098909080277008e+04 9.767257685805355918e-20 4.057620024155493834e-21
2.948165845812111002e+04 9.256581855129774011e-20 4.055421106241758475e-21
2.949232779190265137e+04 9.896622926262521560e-20 4.099654215227491002e-21
2.950299730935779371e+04 1.010608873767756790e-19 4.075956307210373791e-21
2.951366691680471195e+04 8.000565539956327745e-20 3.792834907242244532e-21
2.952433649053784029e+04 9.596702675497611787e-20 4.188282432544470024e-21
2.953500603050960854e+04 8.913851421343703290e-20 3.904317001013880702e-21
2.954567553669779591e+04 9.269093040923706504e-20 4.054405891068131966e-21
2.955634500907046095e+04 9.888813761642386951e-20 4.007432382528186757e-21
2.956701444761097446e+04 3.531713213400438982e-20 3.987442091038301831e-21
2.957768385226913961e+04 9.972183537704582015e-20 4.015888077832188378e-21
2.958835322302570057e+04 9.872840908153761884e-20 3.851848396920948128e-21
2.959902255985884040e+04 8.982712562595028950e-20 4.143686714003645045e-21
2.960969186272868683e+04 9.642101024527141303e-20 4.177717542234416443e-21
2.962036113160566674e+04 9.725817069978248694e-20 4.240147012791716974e-21
2.963103036645999236e+04 9.515428174728932479e-20 4.191120509030979284e-21
2.964169956727543104e+04 9.837125393312490484e-20 4.264599737878198972e-21
2.965236873400173863e+04 1.016270912302408218e-19 3.938140596798892229e-21
2.966303786662499988e+04 9.335701544117454789e-20 4.090936483608263922e-21
2.967370696511052302e+04 1.008284328842468734e-19 4.140144287711301200e-21
2.968437602942885496e+04 1.004768221195031838e-19 4.129628079054399070e-21
2.969504505955056084e+04 9.719970241937947352e-20 3.918408254669674757e-21
2.970571405544084701e+04 9.254637034076995116e-20 4.084360531559144290e-21
2.971638301708320068e+04 9.696982756618278654e-20 4.087407416522110671e-21
2.972705194443539585e+04 9.656623254919226651e-20 4.060928969859775932e-21
2.973772083747323995e+04 9.075250904975430881e-20 3.928516015387857839e-21
2.974838969616732356e+04 9.815347938234364380e-20 4.048480806188540405e-21
2.975905852049351233e+04 8.714739583310698006e-20 3.947768018615162570e-21
2.976972731041455700e+04 9.451058937001941360e-20 4.103811857917566605e-21
2.978039606590370386e+04 9.459604223843575077e-20 4.096895906015759451e-21
2.979106478692629389e+04 9.733568286969885969e-20 3.931856355953512352e-21
2.980173347346853552e+04 9.366170441731740499e-20 4.069222384646234268e-21
2.981240212548296768e+04 8.884248607582882761e-20 3.892656669394355475e-21
2.982307074295076382e+04 8.939087880021204063e-20 4.006649082754530413e-21
2.983373932583738133e+04 9.700987071926346288e-20 3.827191245030105496e-21
2.984440787412403370e+04 8.502512962090096979e-20 4.035691600889550633e-21
2.985507638776560270e+04 8.801402229177709492e-20 3.884598672386167914e-21
2.986574486673805586e+04 9.666825138014647599e-20 3.751182961089730849e-21
2.987641331102008189e+04 9.331599621657802458e-20 3.984606591946623152e-21
2.988708172057949923e+04 8.941106211781005871e-20 3.857887438250082082e-21
2.989775009538197628e+04 8.870762581078415555e-20 3.862905811934144460e-21
2.990841843539833644e+04 9.049136824537122144e-20 3.949117436517112356e-21
2.991908674060463090e+04 8.918130958158588478e-20 4.020620734219557245e-21
2.992975501097165761e+04 9.185598529915106333e-20 3.895421650526064729e-21
2.994042324646222551e+04 9.181334673951948386e-20 3.709065962167578522e-21
2.995109144705511062e+04 9.804087049437921337e-20 3.960263400104983040e-21
2.996175961271844426e+04 1.044149882123176516e-19 3.886756603473047562e-21
2.997242774342299163e+04 1.018821013964048278e-19 3.992644558631916198e-21
2.998309583914208997e+04 9.584644597175578084e-20 3.846107157706012988e-21
2.999376389983880290e+04 8.657382468887997113e-20 3.896711337886331847e-21
3.000443192549200467e+04 9.426385226536165913e-20 3.915727379553826224e-21
3.001509991607255506e+04 8.894437681690174366e-20 3.842853754277117893e-21
3.002576787154861813e+04 9.240372339006727796e-20 3.846729623690840832e-21
3.003643579188306830e+04 9.702476751991846509e-20 3.966601472624067433e-21
3.004710367706287798e+04 9.624441837717208502e-20 3.608682785570663219e-21
3.005777152704818218e+04 9.072433180728634887e-20 3.381638744665197616e-21
3.006843934181518853e+04 8.991162399330413378e-20 3.467219243247618766e-21
3.007910712132396293e+04 9.224072326297080147e-20 3.781735567976259577e-21
3.008977486556179429e+04 9.697270009587423146e-20 3.934610160108905193e-21
3.010044257449152428e+04 8.800387010053861338e-20 3.818454044735636049e-21
3.011111024808140428e+04 7.592741404142814155e-20 3.865494266694212375e-21
3.012177788630241048e+04 8.236832512939130069e-20 3.942065821308802607e-21
3.013244548913359176e+04 8.829429286655627505e-20 4.190786819087656144e-21
3.014311305654052921e+04 8.998995367204777007e-20 3.935541229864793978e-21
3.015378058849149602e+04 8.862460570701975642e-20 3.711235763573295897e-21
3.016444808495745019e+04 1.015182039012607934e-19 3.987008841276592640e-21
3.017511554592005996e+04 9.114158271907776742e-20 3.842959950970638213e-21
3.018578297133700107e+04 8.179667802148691961e-20 3.944280631535494048e-21
3.019645036118202916e+04 8.932725232092014566e-20 3.929801869798575928e-21
3.020711771543703799e+04 9.490894377833906481e-20 3.847555954974156453e-21
3.021778503405676383e+04 9.636371397007420938e-20 3.925232695551920386e-21
3.022845231702586170e+04 9.478442168045919535e-20 3.890786237203716977e-21
3.023911956430995269e+04 9.265019318048397916e-20 4.013008800964307627e-21
3.024978677587739367e+04 9.527119691624745634e-20 3.946540011108287034e-21
3.026045395170470147e+04 9.791514961080837970e-20 4.007053236454223424e-21
3.027112109175732985e+04 9.676000688869864401e-20 3.920687111576327772e-21
3.028178819600921997e+04 8.714557266384445715e-20 3.807167455990727786e-21
3.029245526443154813e+04 8.920907168230375981e-20 3.817795205449478172e-21
3.030312229700096213e+04 9.274702810399339015e-20 4.148760999200645514e-21
3.031378929367757883e+04 9.564403889880431515e-20 3.870616522364991759e-21
3.032445625443803874e+04 9.012824395276171920e-20 4.003327313503921385e-21
3.033512317925623938e+04 8.445458600049465172e-20 3.899503947633298571e-21
3.034579006809784914e+04 8.603196820579761456e-20 4.093069230365938081e-21
3.035645692094225524e+04 8.935258549550069727e-20 3.970295885727860960e-21
3.036712373774965454e+04 9.617564228090551748e-20 3.868378209191625204e-21
3.037779051849928510e+04 9.797377810908025785e-20 3.931074048819865234e-21
3.038845726315970387e+04 9.832290193744848535e-20 4.034102405716726564e-21
3.039912397169666656e+04 9.211209522515973971e-20 3.752090305795148982e-21
3.040979064409245257e+04 9.476335149468210624e-20 4.105383048836419279e-21
3.042045728031272665e+04 9.653544051867124905e-20 4.110700659087125835e-21
3.043112388032595481e+04 9.649314696591870480e-20 3.886264159571813393e-21
3.044179044410893039e+04 9.222121124543592800e-20 3.802423334359423847e-21
3.045245697163012301e+04 8.219570465864307555e-20 3.913616238477474659e-21
3.046312346285798776e+04 8.840292629351383766e-20 4.004019406975080007e-21
3.047378991776658222e+04 1.031835935965476077e-19 3.918777419483441139e-21
3.048445633633265606e+04 9.147236416360442471e-20 3.778820443316489022e-21
3.049512271852464255e+04 1.002506109165424914e-19 4.024930359298319829e-21
3.050578906430006464e+04 9.684688066563568436e-20 3.935250806518234051e-21
3.051645537364414486e+04 9.062491820678731884e-20 3.819500894364709887e-21
3.052712164653099171e+04 9.488777852724644465e-20 3.770627816272898598e-21
3.053778788292355239e+04 8.318112612114798995e-20 4.013605054439874843e-21
3.054845408279313779e+04 9.384062151530894190e-20 3.812476876803093050e-21
3.055912024611666493e+04 8.951566436346407989e-20 3.825875611891145510e-21
3.056978637285990044e+04 9.960830938122658551e-20 3.896201654202099827e-21
3.058045246300539293e+04 9.710323633168296045e-20 3.807662530439124735e-21
3.059111851650767858e+04 9.199583815571814404e-20 3.947150210708481314e-21
3.060178453334642472e+04 9.689850247389723036e-20 3.640618799054594481e-21
3.061245051349859568e+04 1.018026683958736557e-19 4.145791014496318088e-21
3.062311645692448292e+04 9.843525020537494296e-20 3.873792436131463533e-21
3.063378236360674418e+04 9.248780728721950519e-20 4.052964086273945920e-21
3.064444823350830848e+04 1.000402211794018997e-19 3.980367014736529643e-21
3.065511406660623834e+04 8.865631759692403491e-20 3.692245963919130018e-21
3.066577986286064333e+04 9.789592515004450117e-20 3.827191925116413388e-21
3.067644562225990740e+04 9.850404968065190943e-20 4.115854598357078234e-21
3.068711134476132429e+04 1.001782778057291696e-19 3.819899485872714606e-21
3.069777703034764272e+04 9.879763558299641712e-20 4.046082695482348361e-21
3.070844267898184626e+04 1.000610837235363547e-19 4.073732977100744349e-21
3.071910829063819256e+04 8.692035895377830842e-20 4.120932964004979676e-21
3.072977386529079376e+04 8.959927032314433200e-20 3.973104474011070037e-21
3.074043940289997408e+04 9.429599073331824923e-20 3.647954369161918465e-21
3.075110490345709695e+04 9.615690637777853144e-20 3.974089708021781401e-21
3.076177036691660760e+04 9.763234541971867390e-20 3.838301124278546753e-21
3.077243579325854444e+04 8.340633758857086494e-20 3.967043273673579051e-21
3.078310118244587284e+04 9.983055956002617986e-20 3.888670100752884845e-21
3.079376653446146884e+04 9.236881949835674309e-20 3.731350899806823171e-21
3.080443184926262984e+04 9.023234004714017481e-20 3.843156118399081537e-21
3.081509712684085025e+04 9.159473391460991572e-20 4.052090140758203885e-21
3.082576236715053892e+04 8.887607618897941514e-20 3.759430919253608557e-21
3.083642757017180338e+04 8.973381988478361264e-20 3.796175345238989429e-21
3.084709273587048301e+04 8.518506997247508803e-20 3.730579833224947744e-21
3.085775786422082820e+04 8.499112600749843532e-20 3.768073109620276698e-21
3.086842295519453546e+04 8.706151340741926234e-20 3.809830889115390067e-21
3.087908800876610621e+04 8.826963697655885200e-20 3.628371078613799394e-21
3.088975302490135800e+04 9.333415153705284922e-20 3.540239657745648593e-21
3.090041800357763350e+04 9.417410185321787527e-20 3.727991807238188702e-21
3.091108294476081210e+04 9.760890892915303220e-20 3.948178220496119814e-21
3.092174784842532608e+04 8.878823008425026504e-20 3.724087786571126486e-21
3.093241271454282105e+04 8.967785943357338384e-20 4.022583981382174382e-21
3.094307754309069060e+04 7.891686775671677443e-20 3.651671042514098897e-21
3.095374233402900791e+04 9.618116051259883406e-20 3.932935787463521089e-21
3.096440708733518113e+04 1.034563065046066404e-19 4.019397059918751146e-21
3.097507180298662570e+04 9.865158377280767850e-20 3.859163613343704233e-21
3.098573648094344753e+04 9.438428088637737108e-20 3.851000672109582259e-21
3.099640112118293837e+04 9.264966328542198411e-20 3.840494461473503601e-21
3.100706572367684930e+04 8.344378225501884860e-20 3.689407270410175699e-21
3.101773028839979816e+04 9.906026283587994047e-20 3.988434011929671881e-21
3.102839481532059290e+04 9.004719224224049050e-20 3.930842838385696249e-21
3.103905930441090823e+04 9.445868962339892577e-20 3.983007141061657728e-21
3.104972375563951937e+04 9.547312129137946998e-20 3.811241719643266224e-21
3.106038816898395817e+04 9.057790583142098506e-20 3.941817927744571420e-21
3.107105254441302168e+04 9.568183554485403727e-20 4.028982146292303272e-21
3.108171688189550332e+04 8.637635630957085499e-20 3.954392016350100976e-21
3.109238118140896404e+04 9.100412776578017800e-20 3.829302742942380998e-21
3.110304544291929051e+04 9.520927191213279497e-20 3.831091362797947675e-21
3.111370966640699044e+04 8.841815890330152099e-20 3.860571780059513365e-21
3.112437385182917569e+04 8.916424079899202251e-20 4.093311261316549399e-21
3.113503799917516517e+04 8.500634181358973636e-20 4.377726129319523002e-21
3.114570210840488653e+04 8.773548909656627416e-20 3.502083761444729328e-21
3.115636617949014908e+04 8.831209578200915506e-20 3.830210169264525039e-21
3.116703021240867383e+04 8.787630058868399384e-20 4.006836510555525444e-21
3.117769420712634019e+04 8.806442876247516892e-20 3.772239703617464948e-21
3.118835816362375772e+04 8.582844521496380537e-20 3.637488997761168240e-21
3.119902208186391726e+04 9.060422863847148419e-20 3.801278568615159293e-21
3.120968596182153124e+04 9.019687398903463654e-20 4.063395906239380743e-21
3.122034980346548764e+04 9.520873446853138319e-20 4.021351817849475197e-21
3.123101360677639968e+04 9.078590603805780160e-20 3.829766262187169532e-21
3.124167737171433691e+04 8.783732591788594751e-20 3.789115022636366062e-21
3.125234109826289568e+04 9.379830433283433673e-20 3.914474626473388963e-21
3.126300478638210916e+04 9.696247533173472624e-20 3.880752608066807741e-21
3.127366843605267786e+04 9.799535872907593965e-20 3.622210274616960396e-21
3.128433204724052121e+04 9.628081648907347523e-20 3.940846329384776585e-21
3.129499561992933013e+04 8.109142105599728695e-20 3.624751285828359476e-21
3.130565915407022840e+04 8.298189071863371100e-20 3.751481573814716087e-21
3.131632264965567811e+04 9.788504962760947480e-20 3.827733940664347709e-21
3.132698610664883381e+04 9.418551362655606374e-20 3.799830186716814501e-21
3.133764952501857260e+04 9.767862476350041738e-20 3.909790658375896795e-21
3.134831290473679474e+04 1.007068506279079342e-19 3.688321304502873537e-21
3.135897624578131945e+04 9.035609134004508963e-20 3.722939054825216077e-21
3.136963954812107841e+04 9.280909375717115344e-20 3.823671089790548587e-21
3.138030281173095136e+04 9.324380463960216373e-20 3.780996927394144671e-21
3.139096603657688684e+04 9.259842190871901764e-20 4.090479099266792096e-21
3.140162922263378277e+04 9.788985557553871002e-20 4.048829178788946369e-21
3.141229236987355034e+04 8.315175756940575241e-20 3.801990272241308374e-21
3.142295547827112387e+04 9.041772662362749227e-20 3.650754031113434541e-21
3.143361854778943962e+04 9.598306877489774641e-20 3.618344261282402614e-21
3.144428157841241045e+04 9.764871073122938325e-20 3.712977697546066858e-21
3.145494457010301994e+04 8.729270996040058452e-20 3.721101626220665981e-21
3.146560752283920374e+04 9.145769325398542849e-20 3.790848373306459694e-21
3.147627043658691400e+04 9.163341522679718004e-20 3.887984651281280104e-21
3.148693331132412277e+04 9.139032797548235880e-20 3.986901974062699723e-21
3.149759614701365354e+04 9.548361500443743737e-20 4.020639921346073445e-21
3.150825894363661064e+04 8.578335197384187308e-20 6.517740482213895172e-21
