1.699323262774305840e+04 2.546062188574240144e-19 4.362245662258307867e-20
1.700390662782379150e+04 3.335950341592788817e-19 3.096879822366470901e-20
1.701458064716006265e+04 2.935541812990834033e-19 3.335017663013938929e-20
1.702525468567539428e+04 3.697644270958479293e-19 3.094415794042087961e-20
1.703592874331847634e+04 3.550018699975884433e-19 3.412403302884673959e-20
1.704660282001898304e+04 4.000646324139725991e-19 3.302621803199506436e-20
1.705727691571145988e+04 3.445607355281619279e-19 3.229829989823680756e-20
1.706795103034166459e+04 3.206689954511530669e-19 3.201188864376449766e-20
1.707862516383512047e+04 2.914734322833706045e-19 3.203620661998874686e-20
1.708929931613492954e+04 3.234790149262109535e-19 3.334988058072944015e-20
1.709997348717799832e+04 2.872387696745694273e-19 3.313536967669379427e-20
1.711064767689538348e+04 2.506994572031536672e-19 3.249923178957319291e-20
1.712132188523151854e+04 2.229756564465822976e-19 3.070022014078060544e-20
1.713199611211998854e+04 2.871599254655821603e-19 3.234138226460085932e-20
1.714267035749366551e+04 3.188905036056902292e-19 3.306911591279922600e-20
1.715334462129627718e+04 3.383134174989092827e-19 3.374507715846446441e-20
1.716401890345838910e+04 3.163060916361249223e-19 3.448086364782362473e-20
1.717493584701484724e+04 3.643354666070905776e-19 3.355044649110262082e-20
1.718561018913911903e+04 2.513597705656384391e-19 3.118854448012655375e-20
1.719628454928864085e+04 3.463389683048717360e-19 3.334957970508004651e-20
1.720695892754151282e+04 3.414215297697013114e-19 3.389171632398422206e-20
1.721763332383933448e+04 2.835388846145299828e-19 2.818397602938054119e-20
1.722830773811996187e+04 2.555879560162142601e-19 3.472796220862790302e-20
1.723898217031652166e+04 3.614470526140309099e-19 3.369494354567564158e-20
1.724965662036680806e+04 2.741707366781044639e-19 3.036206302118634418e-20
1.726033108820925190e+04 2.352442656183927528e-19 3.312891041108703129e-20
1.727100557378280428e+04 2.509567327747302802e-19 3.304942631025643776e-20
1.728168007702361501e+04 2.282914907994885206e-19 2.987837483372261155e-20
1.729235459786749925e+04 2.511545516340423013e-19 2.968072041937496767e-20
1.730302913625471774e+04 2.570106724965038279e-19 2.897652900598554008e-20
1.731370369227495030e+04 3.390972093551390978e-19 2.824898156779758011e-20
1.732437827888671745e+04 1.994750461303541881e-19 3.076109110900688435e-20
1.733529584800179873e+04 3.603113791281648769e-19 3.201978600115742049e-20
1.734597047914138966e+04 4.268457445405441614e-19 3.487392603776310768e-20
1.735664512750822905e+04 2.989026606646553853e-19 3.017440977890843986e-20
1.736731979303508706e+04 2.128532584657273840e-19 3.275511256463009435e-20
1.737799447566549134e+04 3.542627543305371604e-19 3.211581124729848470e-20
1.738866917533360538e+04 5.327645813983138563e-19 3.262811563367531552e-20
1.739934389198138160e+04 4.307189760676011394e-19 3.369171041723281318e-20
1.741001862553886167e+04 3.108608400803145170e-19 3.321112362542713217e-20
1.742069337595225443e+04 9.214413825769700802e-19 3.991150459711827731e-20
1.743136814315478114e+04 2.001467690432218308e-18 5.421088601252175033e-20
1.744204292708726643e+04 1.234482827321289394e-18 4.570568166068920402e-20
1.745271772768682422e+04 4.179788729824974985e-19 3.517998639465554009e-20
1.746339254488964070e+04 2.907368038732186015e-19 3.051938847828227358e-20
1.747406737863671879e+04 4.604840526481270972e-19 3.070939682866371392e-20
1.748474222886444477e+04 8.539666043553232576e-19 4.018028155988744973e-20
1.749541709550800442e+04 6.925941372281695378e-19 3.584152056250357682e-20
1.750609197851662975e+04 4.235422994817084621e-19 3.001054272797576510e-20
1.751676687781868532e+04 2.563125873420075160e-19 2.968337327468309991e-20
1.752744179335388981e+04 3.210554858465245047e-19 3.000379965226941628e-20
1.753811672506289688e+04 2.509254909478399597e-19 2.857893017140862135e-20
1.754879167288163444e+04 3.299365132137651628e-19 3.075557715656005523e-20
1.755946663675109448e+04 3.714972653362880968e-19 3.113438444130511369e-20
1.757014161660773607e+04 3.441329321414698185e-19 3.815194685476439678e-20
1.758081661239466848e+04 3.503174405768878621e-19 3.006618488831577027e-20
1.759149162404623348e+04 2.781733949013699542e-19 3.136963786471983936e-20
1.760216665149973414e+04 3.294870814207554031e-19 3.157236005715424723e-20
1.761284169469751942e+04 3.229082232708516029e-19 3.058560380962361697e-20
1.762351675357621571e+04 3.543229978251210808e-19 2.656965818572109260e-20
1.763419182807594916e+04 4.204481794406080638e-19 3.151793024361604743e-20
1.764486691813628568e+04 3.466187595160676117e-19 3.056302283296045556e-20
1.765554202369414634e+04 3.036764651140989205e-19 2.840343397620062149e-20
1.766621714469148719e+04 3.273078319007225238e-19 3.051411031351730029e-20
1.767689228105943403e+04 2.912588301128210899e-19 2.986898942751224563e-20
1.768756743274758992e+04 3.326689622750524172e-19 2.773873893837355684e-20
1.769824259968643673e+04 3.313445716729510939e-19 2.936365047425034759e-20
1.770891778182159032e+04 3.232943496794267844e-19 2.830694574092047841e-20
1.771959297908852386e+04 3.330359264294742266e-19 2.784011403114100421e-20
1.773026819142349996e+04 2.632536534071739746e-19 2.719523173194830504e-20
1.774094341877222905e+04 3.580686531032838611e-19 3.148809435806964548e-20
1.775161866105099398e+04 2.987945317478941762e-19 2.924255074286487154e-20
1.776229379515814435e+04 2.924960116948414569e-19 2.742205323199541186e-20
1.777296884913199392e+04 2.942732888865536364e-19 2.724981736828510433e-20
1.778364391787512795e+04 3.104382477829119720e-19 2.832303398432001957e-20
1.779431900132325609e+04 2.588689208114155939e-19 2.630960326041418560e-20
1.780499409941830891e+04 3.337883709114474146e-19 2.857263569236576357e-20
1.781566921209826251e+04 2.470485160779641768e-19 2.713705740488087516e-20
1.782634433929996521e+04 2.814008141767659252e-19 2.733489936568317582e-20
1.783701948096988417e+04 5.047302468303604106e-19 2.857087080639596520e-20
1.784769463704253576e+04 5.760556416112106330e-19 3.119081132487279965e-20
1.785836980746123663e+04 3.206234232806223509e-19 2.689799959510568777e-20
1.786904499216081240e+04 4.052698758013523855e-19 2.834868716483307099e-20
1.787972019108492168e+04 5.823716817084826498e-19 3.083927394312029997e-20
1.789039540417252647e+04 3.805792443228543936e-19 2.689457542576149011e-20
1.790107063135950011e+04 2.118620406546705100e-19 2.347671032654902925e-20
1.791174587259399777e+04 3.113738963564636075e-19 2.816947406267405064e-20
1.792242112780808020e+04 3.075860301632887672e-19 2.905559251323706603e-20
1.793309639694652287e+04 2.471015553283964915e-19 2.440551421606379612e-20
1.794377167994705451e+04 2.626773026636850029e-19 2.491975577938899499e-20
1.795444697674889176e+04 2.631844577667163846e-19 2.643213259227119090e-20
1.796512228729519848e+04 3.238814351232821519e-19 2.844657931306147398e-20
1.797579761152209539e+04 3.019094298238742951e-19 2.682461070751115295e-20
1.798671728911159153e+04 1.978816429733013361e-19 2.607352460226772208e-20
1.799739267657709206e+04 3.130352013009824862e-19 2.858529818026310959e-20
1.800806806456447521e+04 2.317355358583241723e-19 2.419462018812181771e-20
1.801874346583965234e+04 2.503776729799200943e-19 2.617894247358004863e-20
1.802941888049210684e+04 3.036262444592231066e-19 2.663774283655711963e-20
1.804009430846551550e+04 3.047467469143246875e-19 2.714595422871297985e-20
1.805076974969693401e+04 2.428926604727678967e-19 2.530231263308710948e-20
1.806144520413167265e+04 2.610173190666635178e-19 2.532241808244692597e-20
1.807212067170393493e+04 2.713118595229064273e-19 2.520309078713038540e-20
1.808279615236199243e+04 2.817365256167203859e-19 2.754485697727973939e-20
1.809347164604183126e+04 2.528640714448699590e-19 2.622725085602486013e-20
1.810414715268314831e+04 3.020321776446035006e-19 2.712552254506786158e-20
1.811482267222971495e+04 3.414221620728155591e-19 2.738017271778762667e-20
1.812549820461843410e+04 2.575909946923663487e-19 2.606704221747862962e-20
1.813617374994365309e+04 2.591558631753661443e-19 2.661320967186480999e-20
1.814709400409018781e+04 3.062329737750167548e-19 2.788683339779294809e-20
1.815776959751006507e+04 3.155302578408927810e-19 2.673102914814388853e-20
1.816844520353274856e+04 3.040131126919683890e-19 2.650389700910941659e-20
1.817912082209961591e+04 2.214895549272888890e-19 2.441262179946734996e-20
1.818979645315380549e+04 2.585846902592019544e-19 2.427995781185553478e-20
1.820047209662955720e+04 2.398486712082782660e-19 2.574385961378763465e-20
1.821114775247404032e+04 2.302315961949169974e-19 2.453069877600449512e-20
1.822182342062501630e+04 2.774909690403888716e-19 2.495608855583217382e-20
1.823249910102444119e+04 2.168356025556747123e-19 2.485572805995585469e-20
1.824317479361369624e+04 3.260481382495198327e-19 2.654229875204277533e-20
1.825385049833363155e+04 3.211692165990340762e-19 2.418988146478812168e-20
1.826452621512610494e+04 3.198126489764819432e-19 2.653849965053609812e-20
1.827520194393219572e+04 2.828271471203457485e-19 2.719517901432778078e-20
1.828587768469496223e+04 3.096241449015310620e-19 2.825368882187897583e-20
1.829655343735243150e+04 3.013666415345505355e-19 2.716454547077502764e-20
1.830722920184695249e+04 2.668517396607464574e-19 2.523559474649265202e-20
1.831790497812281319e+04 3.484044772484674758e-19 2.547298831034630379e-20
1.832858076611624710e+04 2.456265498275646039e-19 2.387855300855631221e-20
1.833925656577186601e+04 3.481880869030353005e-19 2.573975067596807057e-20
1.834993237702947954e+04 3.547091492811757869e-19 2.740876265918964123e-20
1.836060819983308102e+04 2.894485034721322637e-19 2.520740976443095149e-20
1.837128403412358239e+04 2.666067902497253216e-19 2.577539775910660772e-20
1.838195987984286330e+04 2.902484670688375346e-19 2.585963622208861247e-20
1.839263573693109356e+04 3.118178353560753222e-19 2.498907124435947900e-20
1.840331160533132061e+04 2.589282932200748305e-19 2.462717989640723418e-20
1.841398748498454006e+04 2.100631161953757540e-19 2.457745568509486961e-20
1.842466337583366840e+04 2.727654764798418017e-19 2.339824292521118902e-20
1.843533927782159299e+04 2.621348685257285187e-19 2.448737936954718084e-20
1.844601519088574423e+04 2.354431991383013625e-19 2.393565510860308985e-20
1.845669111497099220e+04 2.392863734983016328e-19 2.353076953475718023e-20
1.846736705001794689e+04 2.607055635584447475e-19 2.308376847572110285e-20
1.847804299597049976e+04 2.617422251693653118e-19 2.410949021600118680e-20
1.848871895277164003e+04 2.430521409125242661e-19 2.396735632483782407e-20
1.849939492036036972e+04 2.301424670862663049e-19 2.483003115023270513e-20
1.851007089867917239e+04 2.297856821052165116e-19 2.289117777122454242e-20
1.852074688767226689e+04 2.836471236550179026e-19 2.423656303158866961e-20
1.853142288728052881e+04 2.269016027184825117e-19 2.320346160493452644e-20
1.854209889744509201e+04 2.775729677534036918e-19 2.406971551520516857e-20
1.855277491811266736e+04 2.862281424506374557e-19 2.478705593604029560e-20
1.856345094922127464e+04 3.061310881241941957e-19 2.569654065664464835e-20
1.857412699071541283e+04 2.853983342112766842e-19 2.516278223899993982e-20
1.858480304253556824e+04 2.824809286986810019e-19 2.461169131091885319e-20
1.859547910462398431e+04 2.710568211436965519e-19 2.330783678585748184e-20
1.860615517692668800e+04 3.385400793551754514e-19 2.474992157368844891e-20
1.861683125938255034e+04 3.362621284470598394e-19 2.352813487226698192e-20
1.862750735193518267e+04 2.890773985011621557e-19 2.329357636382951909e-20
1.863818345452662834e+04 2.406689860191851683e-19 2.391136913512621499e-20
1.864885956710123355e+04 2.728589395938701932e-19 2.364483467030537373e-20
1.865953568960085249e+04 2.529146598161910222e-19 2.410615236830827835e-20
1.867021182196732116e+04 2.463633788903856252e-19 2.402620060850631255e-20
1.868088796414475291e+04 2.776397489113248312e-19 2.483726607028573426e-20
1.869156411607642076e+04 2.856909628797935786e-19 2.489891699165942772e-20
1.870224027770480461e+04 2.349409107376789472e-19 2.349135632447225244e-20
1.871291644896991784e+04 2.979290741110895763e-19 2.461215548804385247e-20
1.872359262982027212e+04 3.269144114274059849e-19 2.414537427739889910e-20
1.873426882019155892e+04 2.809976020746571726e-19 2.301844972729483435e-20
1.874494502003179150e+04 2.134686734797399763e-19 2.224887078123575344e-20
1.875562122928266035e+04 2.755037029052964074e-19 2.245697870483782352e-20
1.876629744788735115e+04 2.550571767516174390e-19 2.264586355944854610e-20
1.877697367578938429e+04 2.789712111317785692e-19 2.246017879280422856e-20
1.878764991293165076e+04 3.255611320579289694e-19 2.333539743172885864e-20
1.879832615925566643e+04 2.794575950670039882e-19 2.135771014885035904e-20
1.880900241470894252e+04 3.002672872758186410e-19 2.257509457815753417e-20
1.881967867922944788e+04 2.648818295218977114e-19 2.318679793728737278e-20
1.883035495276420261e+04 3.144566851646058903e-19 2.379051514900039330e-20
1.884103123525744013e+04 3.793424417423408482e-19 2.472050469184735722e-20
1.885195366694755648e+04 2.977506713976068882e-19 2.263786774959439692e-20
1.886263000263618960e+04 3.000682956847068691e-19 2.352138632794037303e-20
1.887330633436104108e+04 2.547807027420494302e-19 2.326265333119875357e-20
1.888398267466017933e+04 2.542975500819581884e-19 2.241465018075279801e-20
1.889465902362812994e+04 2.311610908184785670e-19 2.306276952759662433e-20
1.890533538121012316e+04 2.973350120345988451e-19 2.227720338353377327e-20
1.891601174734740198e+04 2.650282789846298122e-19 2.137928979474436068e-20
1.892668812198616797e+04 2.786845563444669672e-19 2.161045641364130142e-20
1.893736450506732945e+04 2.724978557344754417e-19 2.239976805292527299e-20
1.894804089653664414e+04 2.848875323246943726e-19 2.353466405189900369e-20
1.895871729633714494e+04 2.885429106564121029e-19 2.236555485407682298e-20
1.896939370441339270e+04 2.365546466230496560e-19 2.261071597634851358e-20
1.898007012070815836e+04 2.836006785740812552e-19 2.285058381510826219e-20
1.899074654516624651e+04 2.112481249743791934e-19 2.200707526713234873e-20
1.900142297773217797e+04 2.021905457653358973e-19 2.177743326755139772e-20
1.901209941849761526e+04 2.728959893975988237e-19 2.145421638744344759e-20
1.902302238072147156e+04 2.477966057160239082e-19 2.286732763536116433e-20
1.903369885976051592e+04 2.580498778360957489e-19 2.430226772767903095e-20
1.904437534667587897e+04 2.397401875638250678e-19 2.454975429843219648e-20
1.905505184141487916e+04 3.346983152214506615e-19 2.329420328851939813e-20
1.906572834392094228e+04 2.832476349397939391e-19 2.429108143924907074e-20
1.907640485413780698e+04 2.601421963980998014e-19 2.316292364163792801e-20
1.908708137201004865e+04 2.753088192122055162e-19 2.359205118893620996e-20
1.909775789748249008e+04 3.664407524203990941e-19 2.412525898624743401e-20
1.910843443049721827e+04 2.814202748115404772e-19 2.381285666346233313e-20
1.911911097100240295e+04 2.847155662188739689e-19 2.295098102927706596e-20
1.912978751893881054e+04 2.154614637076347622e-19 2.270971407378334742e-20
1.914046407425379221e+04 2.851314013292729283e-19 2.279186943590749148e-20
1.915114063688822716e+04 2.730111983011634787e-19 2.187756916273905042e-20
1.916181720679063801e+04 2.224234692929734996e-19 2.130629226008109543e-20
1.917249378390314087e+04 2.588969416332981289e-19 2.169627447785217146e-20
1.918317036817109692e+04 2.748953933725509072e-19 2.240749400887560022e-20
1.919384695953938353e+04 3.042381163510197070e-19 2.162056450098094401e-20
1.920452355795103358e+04 2.238950463944481279e-19 2.029691469850998548e-20
1.921520016335181936e+04 3.053118960033152948e-19 2.284731879062018463e-20
1.922587677568696745e+04 2.300407790351943386e-19 2.237165775164054285e-20
1.923655339490088954e+04 2.871292650940477267e-19 2.252271520172415819e-20
1.924723002093794275e+04 2.346685968001617100e-19 2.270993432712356624e-20
1.925790665374312812e+04 2.520466268726703742e-19 2.312771689462044463e-20
1.926858329326226522e+04 2.535129708721973864e-19 2.270607132598047952e-20
1.927925993943912545e+04 2.385040135383145237e-19 2.203599827919480373e-20
1.928993659221833877e+04 2.830775102964389438e-19 2.078204882279113600e-20
1.930061325154611768e+04 2.690937448104947567e-19 2.278243055618546210e-20
1.931128991736761236e+04 2.230426253043897402e-19 2.158647501751210192e-20
1.932196658962637594e+04 3.235624348583800908e-19 2.295152192493114180e-20
1.933264326826885372e+04 2.703511796104267484e-19 2.498676754853399965e-20
1.934331995323902447e+04 2.883597475058250011e-19 2.525455118515898389e-20
1.935399664448408657e+04 2.999909520362542801e-19 2.321273959324381536e-20
1.936467334194619980e+04 2.681599894717410490e-19 2.346356271939616889e-20
1.937535004557387583e+04 2.985214730201276790e-19 2.409092321115698137e-20
1.938602675531058412e+04 2.422930279328484986e-19 2.372175908041980621e-20
1.939670347110199145e+04 3.045341693602462959e-19 2.117619974560684805e-20
1.940738019289402291e+04 2.960824054168056100e-19 2.221047672079755458e-20
1.941805692063050083e+04 3.170782756445899896e-19 2.274467158671660857e-20
1.942873365425793236e+04 2.352641066794159992e-19 2.047905546799843040e-20
1.943941039372137311e+04 2.832457366691112741e-19 2.256073034635097092e-20
1.945008713896755944e+04 2.389632028668078760e-19 2.195676600585240446e-20
1.946076388994176523e+04 2.983082924621425282e-19 2.365536424519506236e-20
1.947144064658794377e+04 2.524685924117865742e-19 2.209761245482038259e-20
1.948211740885368999e+04 3.057594634531557424e-19 2.233804140693962192e-20
1.949279417668261158e+04 2.612109154683768922e-19 2.162536634953778166e-20
1.950347095002251081e+04 2.568746395539576053e-19 1.982884004572013901e-20
1.951414772881739918e+04 2.604896232248005460e-19 1.924371214720909702e-20
1.952482451301543915e+04 2.696409952531468485e-19 2.113389125522142896e-20
1.953550130255983822e+04 3.750882597700436961e-19 2.333100306840107845e-20
1.954617809739754739e+04 2.637542372585577034e-19 2.187833933847084539e-20
1.955685489747414613e+04 3.320259220090825965e-19 2.123181750002098732e-20
1.956753170273635988e+04 3.276458576314282439e-19 2.478494684606067886e-20
1.957820851312900049e+04 2.261926156231125855e-19 2.231739503443802987e-20
1.958888532859920088e+04 2.867560609175028578e-19 1.974890357550450486e-20
1.959956214909293703e+04 3.224688549887494697e-19 1.913235094452027551e-20
1.961023897455521364e+04 2.975936187060050334e-19 1.887719951047440471e-20
1.962091580493320362e+04 3.231703376075160502e-19 2.152437531889121562e-20
1.963159264017199530e+04 2.808435067165898035e-19 2.192174744482770879e-20
1.964226948021900171e+04 2.671569456781230678e-19 2.014087206991307599e-20
1.965294632501951492e+04 2.593796273340950913e-19 1.958520126752279593e-20
1.966362317452098796e+04 2.620436456297532668e-19 2.096117393211319016e-20
1.967430002866782525e+04 2.148385657451914317e-19 1.967168990188565081e-20
1.968497688740883314e+04 1.694166048203715193e-19 2.093628823395530655e-20
1.969565375068780850e+04 2.502939866116958852e-19 2.088069642020273124e-20
1.970633061845288466e+04 3.052206887103319282e-19 2.012750547838170792e-20
1.971700749064987031e+04 2.614577122574694942e-19 1.999077301557595990e-20
1.972768436722517436e+04 2.586581574396728129e-19 1.879197586010281695e-20
1.973836124812656635e+04 3.051803293585399000e-19 2.206381388876291780e-20
1.974903813329827608e+04 2.440710191648494967e-19 2.027928339201052155e-20
1.975971502268813856e+04 1.951230672128705921e-19 1.952001751590380882e-20
1.977039191624338127e+04 2.405369802045906400e-19 1.978392764615179292e-20
1.978106881391330171e+04 3.110000625218815396e-19 2.079300720445007675e-20
1.979199379487553233e+04 2.606049306090082924e-19 2.138460374299698457e-20
1.980267072292873490e+04 2.956310749707927395e-19 2.151392410813912739e-20
1.981334765478363261e+04 2.749938417052372424e-19 1.962833474121555234e-20
1.982402459053329585e+04 3.278701467531145321e-19 2.287281624992675201e-20
1.983470153012315859e+04 2.815466242917660500e-19 2.199810841570998926e-20
1.984537847350180164e+04 2.379674485648646697e-19 1.827792873023554369e-20
1.985605542061503729e+04 3.105785699187300781e-19 1.986261198751930633e-20
1.986673237141070058e+04 2.314563979042043870e-19 1.889180962399544614e-20
1.987740932583533868e+04 1.930119623437792845e-19 2.035181954425296753e-20
1.988808628383597897e+04 2.752516050999171005e-19 1.947556180244501878e-20
1.989876324536019092e+04 2.133280424316780067e-19 2.031788100711882817e-20
1.990944021035449259e+04 2.246674028927161960e-19 2.108871551100967028e-20
1.992011717876601324e+04 2.879557019940788283e-19 2.069037234098177291e-20
1.993079415054247147e+04 2.941202747585734920e-19 2.199261884186344449e-20
1.994147112563031988e+04 2.703696260631246161e-19 1.989642749011580233e-20
1.995214810412532461e+04 3.020060488022026670e-19 2.016598168368651977e-20
1.996307351929268771e+04 2.348471729915396901e-19 1.855714413951571266e-20
1.997375052611203137e+04 2.662307450814715999e-19 1.984100151180405960e-20
1.998442753602753874e+04 2.727009717165844846e-19 2.089417625400243952e-20
1.999510454898882017e+04 2.428600101570529766e-19 2.141247777358265639e-20
2.000578156494095310e+04 2.668921382239561967e-19 2.158787480563070627e-20
2.001645858383327868e+04 2.731220034969142854e-19 2.064556145766841986e-20
2.002713560561178383e+04 2.886750890844359417e-19 2.101951481764709084e-20
2.003781263022482381e+04 2.337190383541377828e-19 1.923838978060642372e-20
2.004848965761961153e+04 2.371744521739284673e-19 2.053000054932871670e-20
2.005916668774436039e+04 2.439110274096556949e-19 1.977179523981214982e-20
2.006984372054656342e+04 2.462684865425095865e-19 2.037897281328287760e-20
2.008052075597332441e+04 2.029360347736574756e-19 1.982910738658730316e-20
2.009119779397273305e+04 2.417245171985202295e-19 2.050432119277655511e-20
2.010187483450545187e+04 2.176919772983733581e-19 1.946228817129644120e-20
2.011255194845483129e+04 2.672011471401031351e-19 2.052492636622951919e-20
2.012322911390885201e+04 2.270040735974913705e-19 2.016803973484423151e-20
2.013390628172622019e+04 2.460636587926804178e-19 2.025399092801536807e-20
2.014458345185644430e+04 3.071135215823255619e-19 2.058668174024392763e-20
2.015526062424542761e+04 2.454691125464528162e-19 2.027417345294549220e-20
2.016593779884342439e+04 2.555120107857423023e-19 2.056638320171758298e-20
2.017661497559640702e+04 2.322827450556736870e-19 2.008495946094172995e-20
2.018729215445379668e+04 2.379819119003415903e-19 1.872155908246815935e-20
2.019796933536311553e+04 2.199398598318747334e-19 1.852897200937590226e-20
2.020864651827223133e+04 2.711997001653831784e-19 2.107627019760519337e-20
2.021932370313015053e+04 2.692147618601514304e-19 2.051362094470770254e-20
2.023000088988385323e+04 2.386497094247436212e-19 1.926512791574463590e-20
2.024067807848315351e+04 2.408382164419221016e-19 1.993816206553941870e-20
2.025135526887432570e+04 2.606080068408111784e-19 1.980428637393215396e-20
2.026203246100802426e+04 2.730412272490138810e-19 1.882595341610729342e-20
2.027270965482990505e+04 2.889960677943430037e-19 2.082461322964863566e-20
2.028338685029084809e+04 2.962379037030853320e-19 2.028372713310224602e-20
2.029406404733762611e+04 2.570487522138555036e-19 1.920925792436179058e-20
2.030474124591940199e+04 2.550225158043252643e-19 2.056675423413761019e-20
2.031541844598444732e+04 2.457738476074981778e-19 2.035817080660382916e-20
2.032609564748115008e+04 2.584364244578662070e-19 2.047072630718430663e-20
2.033677285035873138e+04 2.120233729964053737e-19 1.868622056812637991e-20
2.034745005456432773e+04 2.781770990129594400e-19 1.984061488910299579e-20
2.035812726004841898e+04 2.490226847348941654e-19 2.023058710358970664e-20
2.036880446675790517e+04 2.953085185098577708e-19 2.100377802401914747e-20
2.037948167464282233e+04 2.432946129787954372e-19 1.937276710855842876e-20
2.039015888365108185e+04 2.071530274024786581e-19 1.834945487872970175e-20
2.040083609373184299e+04 2.239973127282849875e-19 1.964186348620821936e-20
2.041151330483363927e+04 2.880606561834574140e-19 2.090212558614563775e-20
2.042219051690543347e+04 2.530061978482031921e-19 2.038243671095671281e-20
2.043286772989625388e+04 2.341129901005211179e-19 1.905047596045014914e-20
2.044354494375449576e+04 2.978645337170886711e-19 2.083023172603308320e-20
2.045422215842996593e+04 2.729903322303841450e-19 2.031975192482166476e-20
2.046489937387039390e+04 2.404768837921973294e-19 1.939150102097569127e-20
2.047557659002614673e+04 2.834856757103688848e-19 2.064657326148961896e-20
2.048625380684501943e+04 2.968637735020056421e-19 2.105793842434595871e-20
2.049693102427716804e+04 2.607605071122089773e-19 1.980316664431443318e-20
2.050760824227085686e+04 2.752735807571049097e-19 2.051743872879248881e-20
2.051828546077582723e+04 2.572521988356515240e-19 2.036675392641034736e-20
2.052896267974093644e+04 2.796995005827414268e-19 1.978376913939897390e-20
2.053963989911539829e+04 2.709463475257204579e-19 2.021718253491535929e-20
2.055031711884878314e+04 2.850393857806037178e-19 1.994684047131288436e-20
2.056099433888977001e+04 2.216171892638731239e-19 1.870051442085381402e-20
2.057167155918855860e+04 2.510430776817445645e-19 1.943893388781805204e-20
2.058234877969332592e+04 2.638243154647035335e-19 1.904320362180966194e-20
2.059302600035484284e+04 2.873075402504584108e-19 1.944291552406014063e-20
2.060370322112111171e+04 2.256694686492345837e-19 2.044093555955667427e-20
2.061438044194289978e+04 2.470925065999685280e-19 2.027063562206474921e-20
2.062505766276858776e+04 2.843001829091702344e-19 2.155224437718441921e-20
2.063573488354864821e+04 2.745630377163671411e-19 2.120829060776579270e-20
2.064641210423189477e+04 2.358170015053496104e-19 1.940216816874453674e-20
2.065708932476843256e+04 2.467349834463268306e-19 1.920307278997487512e-20
2.066776654510766821e+04 3.039372370216844540e-19 1.948072699560878280e-20
2.067844376519920479e+04 2.806900343696709944e-19 2.004082877429986974e-20
2.068912098499309286e+04 2.189247338047610150e-19 1.993057476182261382e-20
2.069979820443841163e+04 2.644997021568691482e-19 1.948951202925758771e-20
2.071047542348587740e+04 3.316655292547995648e-19 2.134560759638505340e-20
2.072115264208419831e+04 2.953059731770223078e-19 2.150967310573251668e-20
2.073182986018433076e+04 3.115053329574059653e-19 2.180518000516451363e-20
2.074250707773490649e+04 2.977775863491405791e-19 1.814363447784634818e-20
2.075318429468721661e+04 2.795610896267605132e-19 1.866531903434441495e-20
2.076386151098999471e+04 2.153907155638338542e-19 1.868948195626797114e-20
2.077453872659409899e+04 2.670400931074706053e-19 1.952791541742535841e-20
2.078521594144890332e+04 2.497607841612129243e-19 1.966521233233622551e-20
2.079614326116849770e+04 2.688487327728367760e-19 2.039829817150909764e-20
2.080682049631404152e+04 1.965866407915336460e-19 1.746487659083860715e-20
2.081749773041226581e+04 2.546154788592650045e-19 1.783574245874424774e-20
2.082817496355774711e+04 2.477482179909204660e-19 1.742410651668171210e-20
2.083885219570104891e+04 2.093034686569372181e-19 1.699811711343903502e-20
2.084952942679218540e+04 2.028007049454098653e-19 1.756204739502813303e-20
2.086020665678129080e+04 2.264493368500485375e-19 1.759811527382908602e-20
2.087088388561922329e+04 2.432340151520940790e-19 1.668112659973480543e-20
2.088156111325542224e+04 2.803807588851647229e-19 1.829332468951414997e-20
2.089223833964118603e+04 2.044042615635953790e-19 1.803550808162869262e-20
2.090291556472604134e+04 2.298912476560443723e-19 1.764398178862599612e-20
2.091359278846116649e+04 2.580786978884270742e-19 1.916932326715284829e-20
2.092427001079625188e+04 2.554584741437194037e-19 1.848479504198849721e-20
2.093494723168282508e+04 2.619756935482008049e-19 1.804796540757184510e-20
2.094562445107036910e+04 2.377811892245034173e-19 1.882548723412439433e-20
2.095630166891013505e+04 2.872683357655678471e-19 1.855539494139492298e-20
2.096697888530244381e+04 2.110686403866249310e-19 1.843136519385188912e-20
2.097765611231280491e+04 2.376057041882692091e-19 1.818423188739443586e-20
2.098858381017977808e+04 2.380300135158082524e-19 1.787785152871707202e-20
2.099926104305827903e+04 2.098199718500944495e-19 1.871809405370114769e-20
2.100993827413699182e+04 2.261556722734032570e-19 1.854491547756841330e-20
2.102061550336886648e+04 2.686621902469500595e-19 1.921959612314692028e-20
2.103129273070352428e+04 2.091062456994572858e-19 1.852287982910488551e-20
2.104196995609195073e+04 1.937244774505468091e-19 1.734911973371389950e-20
2.105264717948523685e+04 2.444442425847838466e-19 1.796799592775196312e-20
2.106332440083442998e+04 2.422193994628837866e-19 1.876683084393309410e-20
2.107400162008916595e+04 2.404191192413061396e-19 1.862737834355592478e-20
2.108467883720210011e+04 2.539037082704402996e-19 1.932242070895958318e-20
2.109535605212342489e+04 2.364439595847284446e-19 1.766993366683465660e-20
2.110603326480410760e+04 2.250498479939081949e-19 1.840893387745626257e-20
2.111671047519594867e+04 2.282534063695847380e-19 1.816045138598889459e-20
2.112738768324921693e+04 2.376388590427535552e-19 1.961205549443226280e-20
2.113806488891539266e+04 2.155982872137112657e-19 1.853555534634894926e-20
2.114874209214551229e+04 1.970055107147827650e-19 1.749770463677963831e-20
2.115941929289101245e+04 2.430654226368980647e-19 1.873935463319571380e-20
2.117009649110279497e+04 2.263059086172116351e-19 1.986999964700303644e-20
2.118077368673255114e+04 2.276813506490392913e-19 2.041464255930793800e-20
2.119145087973074988e+04 2.173907478297443528e-19 1.907674976078166960e-20
2.120212807005030481e+04 2.316170994006802078e-19 1.730818877929300300e-20
2.121280525764024424e+04 2.335452244673718945e-19 1.779358438556442319e-20
2.122348244245476235e+04 2.816126329925095133e-19 1.847472783851297450e-20
2.123415962444274192e+04 2.763143507891720202e-19 1.694900866291071012e-20
2.124483680355797696e+04 2.388190342781033808e-19 1.708678251071207780e-20
2.125551397974953579e+04 2.442262054351650627e-19 1.785396953722762957e-20
2.126619115297185272e+04 2.334971728377791281e-19 1.758459929450956598e-20
2.127686832317280277e+04 2.608640361347749536e-19 1.800805646257619081e-20
2.128754549030734779e+04 2.744082741685905690e-19 1.785246769891342736e-20
2.129822265432520726e+04 2.870093511027519855e-19 1.709264525357697679e-20
2.130889981517968044e+04 2.604569898680599294e-19 1.738244121682722608e-20
2.131957697281999572e+04 2.517777746603062752e-19 1.848210894048650798e-20
2.133025412720039822e+04 2.499761224649901582e-19 1.798926442878520988e-20
2.134093127827091303e+04 2.544437624462549452e-19 1.856177331133624333e-20
2.135160842598430463e+04 2.692310554479095026e-19 1.816878928368535369e-20
2.136228557029179137e+04 2.296147557726959291e-19 1.934024327958334647e-20
2.137296271114632327e+04 2.022892341120019468e-19 1.834702026067633083e-20
2.138363984849831468e+04 1.876769017829197291e-19 1.728212228113357175e-20
2.139431698230117399e+04 2.117609448089336827e-19 1.748503384112691021e-20
2.140499411250539197e+04 2.342816189893868482e-19 1.797804238231294336e-20
2.141567123906397683e+04 2.332000558652468936e-19 1.707298844633215867e-20
2.142634836192887815e+04 2.360783574625955105e-19 1.684685639708583102e-20
2.143702548105176538e+04 2.655050066565436323e-19 1.869687789382937858e-20
2.144770259638469361e+04 2.817197144502004537e-19 1.977220733693952979e-20
2.145837970788027087e+04 2.807959847647242417e-19 1.850330013340823598e-20
2.146905681549068686e+04 2.533220741940559046e-19 1.911025127265005011e-20
2.147973391916761102e+04 2.738825656303311148e-19 1.920076558241224999e-20
2.149041101886382239e+04 2.430509158578120544e-19 1.846969660189851627e-20
2.150108811453051385e+04 2.279917076785360556e-19 1.741377798071928605e-20
2.151176520612205786e+04 2.510047888535379373e-19 1.773922546496625988e-20
2.152244229358819211e+04 2.517266418428070041e-19 1.851221275130845733e-20
2.153311937688283797e+04 2.496895200451212137e-19 1.837649857301645425e-20
2.154379645595886177e+04 2.672856179885662879e-19 1.903433893907085912e-20
2.155447353076776199e+04 2.296274827913534577e-19 1.755420043890200901e-20
2.156515060126181561e+04 2.654377959236257198e-19 1.834062615376246527e-20
2.157582766739372164e+04 2.598622916611491278e-19 1.762830788533115519e-20
2.158650472911681936e+04 2.895520336277867190e-19 1.843891546902945162e-20
2.159718178638234167e+04 2.706638553568977666e-19 1.808862992676206406e-20
2.160785883914417718e+04 2.669464536679343616e-19 1.906671312320878573e-20
2.161853588735367885e+04 2.414201290254660734e-19 1.797221710554124277e-20
2.162921293096413501e+04 2.667412050910961096e-19 1.953538829207476603e-20
2.163988996992764078e+04 2.604820954636722022e-19 1.792198157517621963e-20
2.165056700419917979e+04 2.354257619815717879e-19 1.726699706261273554e-20
2.166124403372811867e+04 2.130764574802328884e-19 1.718146718903755385e-20
2.167192105847057246e+04 2.662967798238902474e-19 1.796483861483038131e-20
2.168259807837607514e+04 2.386260754845510380e-19 1.849474441430946656e-20
2.169327509340070537e+04 2.612023248424640208e-19 1.865926267478613295e-20
2.170395210349352783e+04 2.358752721150932868e-19 1.743710244412425388e-20
2.171462910861184355e+04 2.824576576001484449e-19 1.680593283426726245e-20
2.172530610870482997e+04 2.449973603008732080e-19 1.804121345324606498e-20
2.173598310372856940e+04 2.425139522241206163e-19 1.831716768637040355e-20
2.174666009363305056e+04 2.467758267271519455e-19 1.757331252223371060e-20
2.175733707837358816e+04 2.408561842738203102e-19 1.735613881271349175e-20
2.176801405790168064e+04 2.071949873759716275e-19 1.730223683555613623e-20
2.177869103217191878e+04 2.074437271823284085e-19 1.776167506991901965e-20
2.178936800113668869e+04 2.293976247737237547e-19 1.658402919592889574e-20
2.180004496474918415e+04 2.033121143214074470e-19 1.752969660685893911e-20
2.181072192296266076e+04 2.435882105547294759e-19 1.775992172588609942e-20
2.182139887572948646e+04 2.636761543661766897e-19 1.684954597986758465e-20
2.183207582300526337e+04 2.465633150172618899e-19 1.798492119860051689e-20
2.184275276474013299e+04 2.001955738862128347e-19 1.643114468163599709e-20
2.185342970089069422e+04 2.476702921750922711e-19 1.693212739866640594e-20
2.186410663140623365e+04 2.445965680891595119e-19 1.687297887302468307e-20
2.187478355624569303e+04 2.736394539295236324e-19 1.885644770011686588e-20
2.188546047535612524e+04 2.392186743749719546e-19 1.765396509829374349e-20
2.189638966266928765e+04 2.550367465193014878e-19 1.850454321968933426e-20
2.190706660378358720e+04 2.392133487061832862e-19 1.758112426398614069e-20
2.191774352698055009e+04 2.575044267741338987e-19 1.750800886491618463e-20
2.192842044411364623e+04 2.306601053419002344e-19 1.788303894423300562e-20
2.193909735528757665e+04 2.584412986268998303e-19 1.803694525958527331e-20
2.194977426045053289e+04 2.109439395456805088e-19 1.717599336906996318e-20
2.196045115956154768e+04 2.618640986036145172e-19 1.937060192434973737e-20
2.197112805256975844e+04 2.678609025679736258e-19 1.667502224411515675e-20
2.198180493943256806e+04 2.377145233935906935e-19 1.838753997315357476e-20
2.199248182010009623e+04 1.994287156186297473e-19 1.728710979275440639e-20
2.200315869452961851e+04 2.027186006245456308e-19 1.687920971565403148e-20
2.201383556267156746e+04 2.177440823273733454e-19 1.651891821531522505e-20
2.202451242448225094e+04 2.234783646290309710e-19 1.651825597624158276e-20
2.203518927991470991e+04 2.199327921526104154e-19 1.662349995715812096e-20
2.204586612892274934e+04 2.420788291957337089e-19 1.673952301282572873e-20
2.205654297146053432e+04 2.378050506782231419e-19 1.709475040555878381e-20
2.206721980748084388e+04 2.342923408560628147e-19 1.673366787763891662e-20
2.207789663693978946e+04 2.128250660566200334e-19 1.773807783891908261e-20
2.208857345993574199e+04 2.256820053340410873e-19 1.683833154938487907e-20
2.209950296828342834e+04 2.174211116679238571e-19 1.594308744371002629e-20
2.211017979910715076e+04 1.721142386330157078e-19 1.568372086594277797e-20
2.212085662318403774e+04 2.524281239788135810e-19 1.741252790444491839e-20
2.213153344046304483e+04 2.297896028055520553e-19 1.750479954235290763e-20
2.214221025090275361e+04 2.404657521855534906e-19 1.716120446707287580e-20
2.215288705445314190e+04 2.478014339831664719e-19 1.657405038287188706e-20
2.216356385107162350e+04 2.491665451621012840e-19 1.697201229074646608e-20
2.217424064071122484e+04 1.784869533730686775e-19 1.508371697772191679e-20
2.218491742332556532e+04 2.102702898863992041e-19 1.754164504401366627e-20
2.219559419886982869e+04 2.032192784342742004e-19 1.803957042263366928e-20
2.220627096729908590e+04 2.077356448873493392e-19 1.679486406027961863e-20
2.221694772856723284e+04 2.064235676884680729e-19 1.601735820160259061e-20
2.222762448262811085e+04 2.376257417187305083e-19 1.647540924429535038e-20
2.223830122943698007e+04 2.373711505825364445e-19 1.620929669547925052e-20
2.224897796894548446e+04 2.482698113615330381e-19 1.594836026747899098e-20
2.225965470111391551e+04 2.452882119659308176e-19 1.536681450697318437e-20
2.227033142588992996e+04 2.163525435528191072e-19 1.668031600074714286e-20
2.228100814323590748e+04 2.144041910091940452e-19 1.701348112372204786e-20
2.229168485309794778e+04 2.838641526145212860e-19 1.711688744897474669e-20
2.230236155543903078e+04 2.582965120970436797e-19 1.714043524126510765e-20
2.231303825020473596e+04 2.785878605860757712e-19 1.807696570166175193e-20
2.232371493736053526e+04 2.046552546094047095e-19 1.698226302982694567e-20
2.233439161684867577e+04 1.780020227489183652e-19 1.657952673430230779e-20
2.234506828863718692e+04 1.996831215785424714e-19 1.681446924392588963e-20
2.235574495266871236e+04 2.401091546668574531e-19 1.638212564330222187e-20
2.236642160890718151e+04 2.300238570651003475e-19 1.744051401309947562e-20
2.237709825730241209e+04 2.347105830808759770e-19 1.618643316576471569e-20
2.238777489781017721e+04 2.566470377866172600e-19 1.685327275464048792e-20
2.239845153038861099e+04 2.549581886603629581e-19 1.537753879015178109e-20
2.240912815498539567e+04 2.341840568330630868e-19 1.699841118241066330e-20
2.241980477156666893e+04 2.349679896054856649e-19 1.684939014549164549e-20
2.243048138007449961e+04 2.304939739967474919e-19 1.684766790078604238e-20
2.244115798047568023e+04 2.329555436793087224e-19 1.652974393149464296e-20
2.245183457261080912e+04 2.226646428264154725e-19 1.635408205971582581e-20
2.246251093551688609e+04 1.873412251069672203e-19 1.628017095267311114e-20
2.247318713484581895e+04 2.301641522859479103e-19 1.623098800947225903e-20
2.248386332588214646e+04 2.121598161789259582e-19 1.670639693595892093e-20
2.249453950857928794e+04 2.139188279805265856e-19 1.676107580609136776e-20
2.250521568289876450e+04 2.640136547211229295e-19 1.677106644802447133e-20
2.251589184879071763e+04 2.225284690230505840e-19 1.677844661978263174e-20
2.252656800621653747e+04 2.391612923057888812e-19 1.763847391137594710e-20
2.253724415512321502e+04 2.314580750022076408e-19 1.669675432821384754e-20
2.254792029547472703e+04 2.075999377749326997e-19 1.664880950397546296e-20
2.255859642721958517e+04 1.998864718867711776e-19 1.535931296133889165e-20
2.256927255031610548e+04 1.925295393893240990e-19 1.578709826002420901e-20
2.257994866472405556e+04 1.687222912812067846e-19 1.687347790431482701e-20
2.259062477038945508e+04 2.481797825791200834e-19 1.767260731111002368e-20
2.260130086727806338e+04 2.355269947276788880e-19 1.651111725047803104e-20
2.261197695533650403e+04 1.736661215638805084e-19 1.577035831576062723e-20
2.262265303452787703e+04 2.826782686905989307e-19 1.767287931775128804e-20
2.263332910479909697e+04 2.380548386295803727e-19 1.692131245242576257e-20
2.264400516611696366e+04 1.831569914705505809e-19 1.634421678966205403e-20
2.265468121842451365e+04 2.258200636509015142e-19 1.685396386251984427e-20
2.266535726168925248e+04 2.145485354841693482e-19 1.575643937041065151e-20
2.267603329585693791e+04 1.401286399191744666e-19 1.528961039015055812e-20
2.268670932089022244e+04 1.827138349398960912e-19 1.524790893224394228e-20
2.269738533674096834e+04 1.825170471208395642e-19 1.655394124675233067e-20
2.270806134336697505e+04 2.060437090935462085e-19 1.542887441938454476e-20
2.271873734072398656e+04 2.244389010072425687e-19 1.624124205704986774e-20
2.272941332876451270e+04 2.537206442794195762e-19 1.640414074067521693e-20
2.274008930745268299e+04 2.240470728697524011e-19 1.554634610071388256e-20
2.275076527673352030e+04 2.268543698325801243e-19 1.654938363248993571e-20
2.276144123657423188e+04 2.403329368564625327e-19 1.674822852322665803e-20
2.277211718692030990e+04 2.047845418643941956e-19 1.593250139268113350e-20
2.278279312773749189e+04 2.414221703627828771e-19 1.529584729511767067e-20
2.279346905897044053e+04 2.604466956187496477e-19 1.558532387171648150e-20
2.280414498058812023e+04 2.279227130311964794e-19 1.627229217606083566e-20
2.281482089253463710e+04 2.277612103201974247e-19 1.612042684665835758e-20
2.282549679477688187e+04 2.547188549561124340e-19 1.613653710880098330e-20
2.283617268726054317e+04 2.214367993790442830e-19 1.584770274478899654e-20
2.284684856994585789e+04 2.151524357245596999e-19 1.613741829689552411e-20
2.285752444279623887e+04 1.995754562271420657e-19 1.559561983515524923e-20
2.286820030575545388e+04 2.508242838725212181e-19 1.575325214973032097e-20
2.287887615879392979e+04 2.404448390514215774e-19 1.679180199402680808e-20
2.288955200185085778e+04 2.098932321676507080e-19 1.582781261602753909e-20
2.290022783489984795e+04 2.346307750425338314e-19 1.608963360858743514e-20
2.291090365788254348e+04 2.237810789858833022e-19 1.657962557532790507e-20
2.292157947076857818e+04 2.183844130828082716e-19 1.553012026329884370e-20
2.293225527350271659e+04 2.541886877902233411e-19 1.532240696854556359e-20
2.294293106605142748e+04 2.217250030560043611e-19 1.609544043616487126e-20
2.295360684836024302e+04 2.216361071637288571e-19 1.525143990579000011e-20
2.296428262039495530e+04 2.455408967954784346e-19 1.614314410915220150e-20
2.297495838210806323e+04 2.474399315316871446e-19 1.633922109384183261e-20
2.298563413345501976e+04 2.424824021813925651e-19 1.614256240754496789e-20
2.299630987439976525e+04 1.954117111809542396e-19 1.472280484591374618e-20
2.300698560488807925e+04 2.168727236104619455e-19 1.543535958977140054e-20
2.301766132488707808e+04 1.574339108035548533e-19 1.382489214783225109e-20
2.302833703433941628e+04 1.941455423004992986e-19 1.545513294523667690e-20
2.303901273321933331e+04 2.211167360351072324e-19 1.607752977185553159e-20
2.304968842146882162e+04 2.076910441239429258e-19 1.655651457868422107e-20
2.306036409905675828e+04 2.251083323458566676e-19 1.638633977612687416e-20
2.307103976592893014e+04 2.586866105872248269e-19 1.627091179607937393e-20
2.308171542204960861e+04 2.386479129157762233e-19 1.621443739689705431e-20
2.309239106737305337e+04 2.017046417616464909e-19 1.575040865197047723e-20
2.310306670185248731e+04 2.683170450965310314e-19 1.617646244758196946e-20
2.311374232545473205e+04 2.368226247483394501e-19 1.679627308357534755e-20
2.312441793812895776e+04 2.375560329742684505e-19 1.751046549373743644e-20
2.313534823038071772e+04 2.398918909813869870e-19 1.569667510887977239e-20
2.314602384219844316e+04 2.349468932303812261e-19 1.637676796613339977e-20
2.315669944281830249e+04 2.280691679678728719e-19 1.582963477948991016e-20
2.316737503232816016e+04 2.085922472775898300e-19 1.542184684761095151e-20
2.317805061070035299e+04 2.356322126590497096e-19 1.412581075682558651e-20
2.318872617788039497e+04 2.271226760610942071e-19 1.477585611048293638e-20
2.319940173383169167e+04 2.350264029562575785e-19 1.565932660082705074e-20
2.321007727851078744e+04 1.902683364821589351e-19 1.542669752925477336e-20
2.322075281187113069e+04 2.386014667441304149e-19 1.669568849022644087e-20
2.323142833387819337e+04 2.291715235506583275e-19 1.583227910075175691e-20
2.324210384447772230e+04 2.174230992700455051e-19 1.693336222555966195e-20
2.325277934363739041e+04 2.322558155437683419e-19 1.617497462280077969e-20
2.326345483130546199e+04 2.251485607445577949e-19 1.548476097193383391e-20
2.327413030744946445e+04 2.219072160987813440e-19 1.579581121805585583e-20
2.328480577201279448e+04 2.213671409912818946e-19 1.647889476853727109e-20
2.329548122496637734e+04 2.362597714176835489e-19 1.532646749101217387e-20
2.330615666626138045e+04 2.175098978587097277e-19 1.604907096565258953e-20
2.331683209585154691e+04 2.255284077116825312e-19 1.579988653357574392e-20
2.332750751371060323e+04 2.420165691209427961e-19 1.618586323728597593e-20
2.333818291977309127e+04 2.518228751636281480e-19 1.740134655354053605e-20
2.334885831416011570e+04 2.215364806793755588e-19 1.569517857832272725e-20
2.335978882709031677e+04 2.199595014033117290e-19 1.594877961581987124e-20
2.337046421846602607e+04 2.069272072257420297e-19 1.568068947997621276e-20
2.338113959787818385e+04 2.351858916808399454e-19 1.699694607406361106e-20
2.339181496529099240e+04 2.611824552217178251e-19 1.592427990255638570e-20
2.340249032065947540e+04 2.622525462327925690e-19 1.562274039993467869e-20
2.341316566394602705e+04 2.374954267796055844e-19 1.595503708017055279e-20
2.342384099510312808e+04 1.928337314439879032e-19 1.664540433485371328e-20
2.343451631408800677e+04 2.229380464165271487e-19 1.558401146659163317e-20
2.344519162086810320e+04 2.382125061677883114e-19 1.626633812319966148e-20
2.345586691538824743e+04 2.339946113474633247e-19 1.571584559263973321e-20
2.346654219761678178e+04 2.190245682226786713e-19 1.586040012048186526e-20
2.347721746750199964e+04 2.106533492931137449e-19 1.502750589156088914e-20
2.348789272501176674e+04 2.434941160542599160e-19 1.489435480489826164e-20
2.349856797009381989e+04 2.632002727083589300e-19 1.646742928001764917e-20
2.350924320271308170e+04 2.462940722087982696e-19 1.529726046741685233e-20
2.351991842282564176e+04 2.107569847939710609e-19 1.468486952002677074e-20
2.353059363038778247e+04 2.106139193465411174e-19 1.554349120239208853e-20
2.354126882536439734e+04 2.340168882417832961e-19 1.477713621486276568e-20
2.355194400770157881e+04 2.260247682603145202e-19 1.535064848342201245e-20
2.356261917737095064e+04 2.217216248543362174e-19 1.570865739208934843e-20
2.357329433432070073e+04 2.225333868200687817e-19 1.677811971116184588e-20
2.358396947851366349e+04 2.018414181172040776e-19 1.516456630050821884e-20
2.359464460990385123e+04 2.433590254899773143e-19 1.521035826032709187e-20
2.360531972845465498e+04 2.319113127166253834e-19 1.593322606355206501e-20
2.361599483411910842e+04 2.255592763110172441e-19 1.561740795653783127e-20
2.362666992685958758e+04 2.017470644373326961e-19 1.549383100747255185e-20
2.363734500663607105e+04 2.377646053695819273e-19 1.480984812140008467e-20
2.364802007339776537e+04 2.420632826838386767e-19 1.497549174217981681e-20
2.365869512711471180e+04 2.452167672707750540e-19 1.542463974149238365e-20
2.366937016773518189e+04 2.621390548938710239e-19 1.681653637758950576e-20
2.368004519522174451e+04 2.531140670616023846e-19 1.622686131781115773e-20
2.369072020953779065e+04 2.473184959213902163e-19 1.560227516444223443e-20
2.370139521063251232e+04 1.839892679653576745e-19 1.482365387431295470e-20
2.371207019847139600e+04 1.494952105871254783e-19 1.470848424356434748e-20
2.372274517300591833e+04 1.873233047083304537e-19 1.435263976941128239e-20
2.373342013420713920e+04 2.425193928916198782e-19 1.497651985600616232e-20
2.374409508201716380e+04 2.571271123882670859e-19 1.578170047441837154e-20
2.375477001640665549e+04 2.404318885845039416e-19 1.494727938356094520e-20
2.376544493733150375e+04 2.026806950793537457e-19 1.512979438053889035e-20
2.377611984474641577e+04 2.230369220816841520e-19 1.483678653287956273e-20
2.378679473861791848e+04 2.320708047193603124e-19 1.558258443229962678e-20
2.379746961889450176e+04 2.328109386381461932e-19 1.623391808627562649e-20
2.380814448554224509e+04 2.252871401821574573e-19 1.561496285247978982e-20
2.381881933851547728e+04 2.443649381158650674e-19 1.535804446276532050e-20
2.382949417778067073e+04 2.543598133799459265e-19 1.499309560277488233e-20
2.384016900328611882e+04 2.586603530047988248e-19 1.488815798887639323e-20
2.385084381499540905e+04 2.287958494551013320e-19 1.511596207966242949e-20
2.386151861287326756e+04 2.255161776883620485e-19 1.549028260403343921e-20
2.387219339686565945e+04 2.408610573534451123e-19 1.449095479418953674e-20
2.388286816694764639e+04 2.466181790811076897e-19 1.476000688536525768e-20
2.389354292305912895e+04 2.224321433157683863e-19 1.500864893644482805e-20
2.390421766517572905e+04 2.345828503593344355e-19 1.569501232764281924e-20
2.391489239324692971e+04 2.111809083553916941e-19 1.638192189131701629e-20
2.392556710723615834e+04 2.043462171362189183e-19 1.602382047825803801e-20
2.393624180710461951e+04 8.645831854782550937e-20 1.539896441500371530e-20
2.394691649280115234e+04 1.072603121040345998e-19 1.599314197850692800e-20
2.395759116429787173e+04 2.021355567633024709e-19 1.464861381678276683e-20
2.396826582154269272e+04 2.252271067600096317e-19 1.501705210131342550e-20
2.397894046450117821e+04 2.523296612139687441e-19 1.479305164520300895e-20
2.398961509313077840e+04 2.182305486833144245e-19 1.484274375988506834e-20
2.400028970738943826e+04 2.214415195349150349e-19 1.492036120039114258e-20
2.401096430724068705e+04 2.313589694525362750e-19 1.567850430793586551e-20
2.402163889263581586e+04 2.378065655226567418e-19 1.519612243478166761e-20
2.403231346354628113e+04 2.325597372993538936e-19 1.605343434867765072e-20
2.404298801991849177e+04 2.184117103637498499e-19 1.469632513556365861e-20
2.405366256171968780e+04 2.475191465757843274e-19 1.519155373149426961e-20
2.406433708890662820e+04 2.234259898094020644e-19 1.558328411526433804e-20
2.407501160143917878e+04 2.921533577434775230e-19 1.599581941362470284e-20
2.408568609927696525e+04 3.303760656196794155e-19 1.670629766250894060e-20
2.409636058237478210e+04 3.283656284028645170e-19 1.660983950651546526e-20
2.410703505070228493e+04 2.689988514279645665e-19 1.591846934081333785e-20
2.411770950420930967e+04 2.688785067777756758e-19 1.592424971913281410e-20
2.412838394286257972e+04 2.444505420470211097e-19 1.517842010265496487e-20
2.413905836661855574e+04 2.465342971208922251e-19 1.481777603141165289e-20
2.414973277543222866e+04 2.382028313323957766e-19 1.510007194411155465e-20
2.416040716926942332e+04 2.457514698056862958e-19 1.588253412386586311e-20
2.417108154808417748e+04 2.140045743726112936e-19 1.514337009993212221e-20
2.418175591184650330e+04 2.503746660047584015e-19 1.499328316757673318e-20
2.419243026050406115e+04 2.278967257416483668e-19 1.507964899378151913e-20
2.420310459402333072e+04 2.113280665650046335e-19 1.476521128626235960e-20
2.421377891236413052e+04 2.400760325405606759e-19 1.438540231535801605e-20
2.422445321547732965e+04 2.680548618068222466e-19 1.434686350945609380e-20
2.423512750333676013e+04 2.788038260124156620e-19 1.458193922851439526e-20
2.424580177589174491e+04 1.963100954798583595e-19 1.408407647323691585e-20
2.425647603310768682e+04 2.501387212462741091e-19 1.480806247017921761e-20
2.426715027494373135e+04 2.011481511024137762e-19 1.477262732842355335e-20
2.427782450135499312e+04 2.525514374339964816e-19 1.521039681357085931e-20
2.428849871230647113e+04 2.543139478022916856e-19 1.508202079555417916e-20
2.429917290775431320e+04 2.487744121518787536e-19 1.479892322325048703e-20
2.430984708766472249e+04 2.338265901986517985e-19 1.606152243673795036e-20
2.432052125198912108e+04 2.270343735467024109e-19 1.532661037337869809e-20
2.433119540069206414e+04 2.127638393210183670e-19 1.493273180335388421e-20
2.434186953373746655e+04 2.347299071072668839e-19 1.496022486598508485e-20
2.435254365107872582e+04 2.489018611467564723e-19 1.427351748094003510e-20
2.436321775267692283e+04 2.631279117885849744e-19 1.462346354066958946e-20
2.437389183849362962e+04 2.398365818560381645e-19 1.462205270915491870e-20
2.438456590848877386e+04 2.664641356536010230e-19 1.503169852930135227e-20
2.439523996262507353e+04 2.294606067882058349e-19 1.414423420235881059e-20
2.440591400086005524e+04 2.427935861691434481e-19 1.464653835221122586e-20
2.441658802315432331e+04 2.271455405253806829e-19 1.476340161083545621e-20
2.442726202946836929e+04 2.203388786758977196e-19 1.452137841366227890e-20
2.443793601976151331e+04 2.196236886152444124e-19 1.433580978786616313e-20
2.444860999399299180e+04 2.006955441122095369e-19 1.501511563662431094e-20
2.445928395212686155e+04 2.104112979787842524e-19 1.458737943326692449e-20
2.446995789412085287e+04 2.229530651802833209e-19 1.462635414986613073e-20
2.448063181993422404e+04 1.859886536183052642e-19 1.419821881961861681e-20
2.449130572953075898e+04 2.151953646637300371e-19 1.318266442690198941e-20
2.450197962286486654e+04 1.988976771672927579e-19 1.318132411417429820e-20
2.451265349990551113e+04 1.930715955098201073e-19 1.298353699942643905e-20
2.452332736060836760e+04 2.080661352690702334e-19 1.380729243541583173e-20
2.453400120493644499e+04 2.007506186166519589e-19 1.482877486457129518e-20
2.454467503284244594e+04 1.990592940102896828e-19 1.392851114872276107e-20
2.455560623960756129e+04 2.500215806699011547e-19 1.474088121301982385e-20
2.456628006668662783e+04 3.020323249660353429e-19 1.555449735261678124e-20
2.457695386580377817e+04 3.163047309129002598e-19 1.605626684007886645e-20
2.458762764820280063e+04 2.423260418120734956e-19 1.480417090779682177e-20
2.459830141398372871e+04 2.173829130793162967e-19 1.495103678077256108e-20
2.460897516311286381e+04 2.374847063928557872e-19 1.577090754652354455e-20
2.461964889554241017e+04 2.103084726202227705e-19 1.361666965233384500e-20
2.463032261123787248e+04 1.677594871613511117e-19 1.417556091718846264e-20
2.464099631016150306e+04 1.960254381570096333e-19 1.389705892371781251e-20
2.465166999226995176e+04 2.319515133517581079e-19 1.515785529029769403e-20
2.466234365752855956e+04 2.037074652176635274e-19 1.453932957597342316e-20
2.467301730589549697e+04 1.907142358100781056e-19 1.420799522738476105e-20
2.468369093732782494e+04 1.874126393045562395e-19 1.339198942133336797e-20
2.469436455179477343e+04 2.259061748300251242e-19 1.507381469212701586e-20
2.470503814925046754e+04 2.198837484803939625e-19 1.520082088695919650e-20
2.471571172966039376e+04 2.063049825948110584e-19 1.508339196613440137e-20
2.472638529298157300e+04 2.423806238462128576e-19 1.435573227494615765e-20
2.473705883917618485e+04 2.352594717574459770e-19 1.458865556655487735e-20
2.474773236820803140e+04 2.294611267644191675e-19 1.462641649100714700e-20
2.475840588003397716e+04 2.342260386781029062e-19 1.416107270479850318e-20
2.476907937461843176e+04 1.994147296276543840e-19 1.431320166636454931e-20
2.477975285192120282e+04 2.039079497897696366e-19 1.325538670398286682e-20
2.479042631189904569e+04 2.074371589716214857e-19 1.334239559072873418e-20
2.480109975251361902e+04 2.274393882618666680e-19 1.432733648547377320e-20
2.481203089688858745e+04 2.374944681746792658e-19 1.388991663022065975e-20
2.482270399406821889e+04 2.206319038189708821e-19 1.423963636641730179e-20
2.483337707376754770e+04 1.843467489360775422e-19 1.321744035053114215e-20
2.484405013595507262e+04 2.150647296871151017e-19 1.402531194740747695e-20
2.485472318058304154e+04 2.304491884509047089e-19 1.404305661443266996e-20
2.486539620761451079e+04 2.361774770164040109e-19 1.383494806922171216e-20
2.487606921701792817e+04 2.371451292129567282e-19 1.442754715188394842e-20
2.488674220874546154e+04 1.989397911144916145e-19 1.407457242037211886e-20
2.489741518276700663e+04 1.964504939377381749e-19 1.386480668180565454e-20
2.490808813904234921e+04 1.809571806213463903e-19 1.397940668358021289e-20
2.491876107752352254e+04 1.850682512819829438e-19 1.337216375020438117e-20
2.492943399818078979e+04 2.251719793005701263e-19 1.350032195057257202e-20
2.494010690097383485e+04 2.466443807286938390e-19 1.432873342830565775e-20
2.495077978586561949e+04 2.206587453672163685e-19 1.423788213495094520e-20
2.496145265281355023e+04 2.205900583829918401e-19 1.351181376218597842e-20
2.497212550178384481e+04 1.915127287659000556e-19 1.414525867123654279e-20
2.498279833273288750e+04 2.124892780015505353e-19 1.417274421185574872e-20
2.499347114562490242e+04 1.813257935808044627e-19 1.475008581344103539e-20
2.500414394042167987e+04 1.959005418566174174e-19 1.486033994651594086e-20
2.501481671708626527e+04 2.026278799403539441e-19 1.463570228274793217e-20
2.502548947557864449e+04 2.000783640404227420e-19 1.375423540922300415e-20
2.503616221585616950e+04 2.035209643478977951e-19 1.401287923011562262e-20
2.504683493788858686e+04 2.214675529058919004e-19 1.416553231924910582e-20
2.505750764162936684e+04 2.017529103660180150e-19 1.445728530304835122e-20
2.506818032704924190e+04 1.951038566726734747e-19 1.462216487833784955e-20
2.507885299410241350e+04 2.274945517922169096e-19 1.456416820349939831e-20
2.508952564275363329e+04 1.854687524393568797e-19 1.333982236878460394e-20
2.510019827296470248e+04 1.946692317880254501e-19 1.256047186104598727e-20
2.511087088469662194e+04 1.811719875704441985e-19 1.341621207499980783e-20
2.512154347791201872e+04 2.115800695689495202e-19 1.325910391996610248e-20
2.513221605257503325e+04 1.887685022985895917e-19 1.397151208079219427e-20
2.514288860864212984e+04 2.433303541734647010e-19 1.525151869531739503e-20
2.515356114608061034e+04 2.469384091094560577e-19 1.446238449066731013e-20
2.516423366484556027e+04 2.191119253779999569e-19 1.410888136882604181e-20
2.517490616490489265e+04 1.959706308897612085e-19 1.405899617756844396e-20
2.518557864621914996e+04 2.225155195770805449e-19 1.459719172769354780e-20
2.519625110875033715e+04 1.896471870901522027e-19 1.436279660710927847e-20
2.520692355246187799e+04 1.884906392560195946e-19 1.411348956519938629e-20
2.521759597731440590e+04 1.981771635162431910e-19 1.449932799324424047e-20
2.522826838326300640e+04 2.422412010153339663e-19 1.369506123803783192e-20
2.523894077028281026e+04 2.048849803788256557e-19 1.364125216243148765e-20
2.524961313832749511e+04 2.013053081641570905e-19 1.399076070047536868e-20
2.526028548736149241e+04 2.087342037726045412e-19 1.356726895282470126e-20
2.527095781734381671e+04 1.891933391418951156e-19 1.363953113123610635e-20
2.528163012824443285e+04 2.097543716451552108e-19 1.300232502199461629e-20
2.529230242001855004e+04 2.443857041658086999e-19 1.425484200487016394e-20
2.530297469263230960e+04 3.441748917809789466e-19 1.543922196573637889e-20
2.531364694604161195e+04 4.954468243115939635e-19 1.833284020077641137e-20
2.532431918021817910e+04 3.531254164180800718e-19 1.604452518405850571e-20
2.533499139511418980e+04 2.103908336307076223e-19 1.388403615432739335e-20
2.534566359069957980e+04 1.805676522946325213e-19 1.297399473347531745e-20
2.535633576693448776e+04 2.182216425907424564e-19 1.436959009224576304e-20
2.536700792378297774e+04 1.969606040209291135e-19 1.413831285497412490e-20
2.537768006120075370e+04 1.965702836203619382e-19 1.332667051619602909e-20
2.538835217915756584e+04 2.001986575179982182e-19 1.352914110808418867e-20
2.539902427761286890e+04 1.882064665196355491e-19 1.354869446897244792e-20
2.540969635652940997e+04 2.087123308030831977e-19 1.356912364009386326e-20
2.542036841586995070e+04 2.319125879533845001e-19 1.360835801628522862e-20
2.543104045559888618e+04 2.007776995869319264e-19 1.436210856791298397e-20
2.544171247567404134e+04 2.009109691721590435e-19 1.367850312786029290e-20
2.545238447605837064e+04 2.075470361585235052e-19 1.390666782397216941e-20
2.546305645671881939e+04 1.974216098241029093e-19 1.356690912341771863e-20
2.547372841761543168e+04 2.096100932958684237e-19 1.407546386698479142e-20
2.548440035871381406e+04 1.988695629552786566e-19 1.363111186006369354e-20
2.549507227996659640e+04 1.838663962315968369e-19 1.464155153392972422e-20
2.550574418135056476e+04 2.007252258279918158e-19 1.301638421539884843e-20
2.551641606281699569e+04 2.065756551074678091e-19 1.312528212222668672e-20
2.552708792433567214e+04 1.920134179664321051e-19 1.442060093524637015e-20
2.553775976586378601e+04 2.049707990635361711e-19 1.333467771486483310e-20
2.554843158737226986e+04 2.090677229075196793e-19 1.358678471205981862e-20
2.555910338881645657e+04 2.276111296558842725e-19 1.498233216012155512e-20
2.556977517016316415e+04 2.467756297883669318e-19 1.450849253126257992e-20
2.558044693136635033e+04 1.689440023722359375e-19 1.284119919710980276e-20
2.559111867240347055e+04 1.879888629712867261e-19 1.303858889431112878e-20
2.560179039322687458e+04 2.076757335289843909e-19 1.380256649602222865e-20
2.561246209379508946e+04 1.809258766166227725e-19 1.261217889753037032e-20
2.562313377409085297e+04 1.770780401885178618e-19 1.352262905620017265e-20
2.563380543405926801e+04 2.327995514914058614e-19 1.332326888176165051e-20
2.564447707366601753e+04 2.075652526192778678e-19 1.454031874810348470e-20
2.565514869287681358e+04 1.937057081414912353e-19 1.340404115123591069e-20
2.566582029165674612e+04 2.030421955759129477e-19 1.346776129754932703e-20
2.567649186996625576e+04 2.092464029225066878e-19 1.374435929194202250e-20
2.568716342776887541e+04 1.851626385149706525e-19 1.474927431438512283e-20
2.569783496502742491e+04 1.960212327386711224e-19 1.319240926111436930e-20
2.570850648170198838e+04 2.223806589371511777e-19 1.269922336881737433e-20
2.571917797776141015e+04 1.829741128367441783e-19 1.321794329982584252e-20
2.572984945316625090e+04 2.043795032636289938e-19 1.459791921930227590e-20
2.574052090787877751e+04 2.160653259988253197e-19 1.464874919879713505e-20
2.575119234186307222e+04 2.214420508717294382e-19 1.509045162403012208e-20
2.576186375507722914e+04 2.201489046723086135e-19 1.393871250734020788e-20
2.577253514749389069e+04 2.268879658098810011e-19 1.381689129042095951e-20
2.578320651907170759e+04 1.987845129154960000e-19 1.424498011468593919e-20
2.579387786977413271e+04 2.111348889651786745e-19 1.452917054701971080e-20
2.580454919956144295e+04 2.268099629153438256e-19 1.469303461605495294e-20
2.581522050840204611e+04 2.036630268248416010e-19 1.335313952980437854e-20
2.582589179625458564e+04 2.009667244085447027e-19 1.307405710199249983e-20
2.583656306308730200e+04 2.022230571311643256e-19 1.401916199198059564e-20
2.584723430885795096e+04 1.865028188474809253e-19 1.278460286280713813e-20
2.585790553353574433e+04 2.267670652902517382e-19 1.336785940303342390e-20
2.586857673707890717e+04 1.883524407995828011e-19 1.277276324039902228e-20
2.587924791945522156e+04 2.018630538110658111e-19 1.374709192253700415e-20
2.588991908062375660e+04 2.012208438253086700e-19 1.415548976070455648e-20
2.590059022055571404e+04 2.251357216363392576e-19 1.399084217789178440e-20
2.591126133920376742e+04 1.802748443270189575e-19 1.384334437921919577e-20
2.592193243653935497e+04 2.055908470216027679e-19 1.353203759336319944e-20
2.593260351252121109e+04 2.204604945443860129e-19 1.407383088764283116e-20
2.594327456711517152e+04 1.723153161470302115e-19 1.384210469299229912e-20
2.595394560028702108e+04 1.751484046869147960e-19 1.310237580626920159e-20
2.596461661199586160e+04 1.981538635002536606e-19 1.248492460568638001e-20
2.597528760221042467e+04 1.832985167633880091e-19 1.394427194611183886e-20
2.598595857088838238e+04 2.039263506376648849e-19 1.283425942157904977e-20
2.599662951800197698e+04 2.227390580960063528e-19 1.335358602576135057e-20
2.600730044350184107e+04 2.529034349692581667e-19 1.394182787408020699e-20
2.601797134736690714e+04 2.106517255377500389e-19 1.400513130759213218e-20
2.602864222954789875e+04 2.223850341235579716e-19 1.349921955520801102e-20
2.603931309001685440e+04 2.114910011666184176e-19 1.366173105534651822e-20
2.604998392873205739e+04 1.901003458257051388e-19 1.320357201386387348e-20
2.606065474565937620e+04 1.962577264909261464e-19 1.398289253129853747e-20
2.607132554076339511e+04 2.296916733135202315e-19 1.412496277089808699e-20
2.608199631401050647e+04 2.145736037695720639e-19 1.293054381310731942e-20
2.609266706535862249e+04 2.128984577433988314e-19 1.321290192431187213e-20
2.610333779477742064e+04 2.169103719452104062e-19 1.351148639135605165e-20
2.611400850222566442e+04 2.167793172511953248e-19 1.329518503510462720e-20
2.612467918766689036e+04 1.899111806002161276e-19 1.269711954877798923e-20
2.613534985107282773e+04 2.537185622954120111e-19 1.461672887997468146e-20
2.614602049240270571e+04 2.489421007200145598e-19 1.447357617700273031e-20
2.615669111161504043e+04 2.196500140641893368e-19 1.473096427651499193e-20
2.616736170868111003e+04 2.402814946844372179e-19 1.377681089103254890e-20
2.617803228356838372e+04 1.950779763852975726e-19 1.285027663974936060e-20
2.618870283622748684e+04 2.141395822596899389e-19 1.270221711703872454e-20
2.619937336663012684e+04 2.310669199406590973e-19 1.347331010682745140e-20
2.621004387474844771e+04 1.768025504929635249e-19 1.349415183841409241e-20
2.622071436053082289e+04 2.216758307722344486e-19 1.403668388607279673e-20
2.623138482395211395e+04 2.291095693231783960e-19 1.438965867645116254e-20
2.624205526497838218e+04 2.236136250627275393e-19 1.362176196655522502e-20
2.625272568356108604e+04 1.724614951628151550e-19 1.240446499129537257e-20
2.626339607967521806e+04 1.762810770466405476e-19 1.349142068440359305e-20
2.627406645328730156e+04 1.901111547115999472e-19 1.330236300796323668e-20
2.628499743711035626e+04 2.113827153287590031e-19 1.357199661430451021e-20
2.629566779680017498e+04 1.748756442054096484e-19 1.256832614042099325e-20
2.630633812290514470e+04 2.005041101013413469e-19 1.224316967048694290e-20
2.631700842621358970e+04 2.192536259323126134e-19 1.208529554087859074e-20
2.632767870683877118e+04 2.134736136911197121e-19 1.165909518885250015e-20
2.633834896473998378e+04 1.875109988416665394e-19 1.276454045144655984e-20
2.634901919987603469e+04 1.840789490646196201e-19 1.340648978028179234e-20
2.635968941221882415e+04 1.512428785890733936e-19 1.297109754301073357e-20
2.637035960173340936e+04 1.306377839181898195e-19 1.279058181752893739e-20
2.638102976837885217e+04 1.630684783767834163e-19 1.235416519868258540e-20
2.639169991212163950e+04 1.952214158705070216e-19 1.293745692150455401e-20
2.640237003292392183e+04 1.794000037635471268e-19 1.219640503498185057e-20
2.641304013076105548e+04 1.851846477805788544e-19 1.387916120140601618e-20
2.642371020558138116e+04 1.677361830197393213e-19 1.299790008401525722e-20
2.643438025735686824e+04 1.733810591075610010e-19 1.368517314082653095e-20
2.644505028605541520e+04 2.104398892196540283e-19 1.434194460169662018e-20
2.645572029164161722e+04 2.441278646888498884e-19 1.436493956325076566e-20
2.646639027407420872e+04 2.237749496889778898e-19 1.347980846978783980e-20
2.647706023331775577e+04 1.644240048673975488e-19 1.350659416303425648e-20
2.648773016934542829e+04 1.677904603875811420e-19 1.303304417293771394e-20
2.649840008211639724e+04 1.916958830936163021e-19 1.229383799450381980e-20
2.650906997158927697e+04 1.685863696927441214e-19 1.296336493030819826e-20
2.651973983773733926e+04 1.323002812216120992e-19 1.281868502821385179e-20
2.653040968052540484e+04 1.455667504134826193e-19 1.360193093531511463e-20
2.654107949990718043e+04 1.839509538491004355e-19 1.343216064364056063e-20
2.655174929586048165e+04 2.261106185496842492e-19 1.373744256242702989e-20
2.656241906834540350e+04 2.200644340647391892e-19 1.364417838120685369e-20
2.657308881732926966e+04 2.178028648087201701e-19 1.384192895756151017e-20
2.658375854276831160e+04 1.885780712983442803e-19 1.313835808227879386e-20
2.659442824477599424e+04 2.088960974602015370e-19 1.356375316273983745e-20
2.660535916872349844e+04 1.869766845465820154e-19 1.262228250788366228e-20
2.661602884336063653e+04 2.094074900908932851e-19 1.379769467663958013e-20
2.662669849430667819e+04 1.765357318066798962e-19 1.285132861081439696e-20
2.663736812154374638e+04 1.869773833979900460e-19 1.200793694230827548e-20
2.664803772502568972e+04 1.846151187583533064e-19 1.266491820196641034e-20
2.665870730471453498e+04 2.045122197747615694e-19 1.269061575260047864e-20
2.666937686059172484e+04 1.693642173718365309e-19 1.320815847617127622e-20
2.668004639260277327e+04 2.019060506053443450e-19 1.432951393349013317e-20
2.669071590072422259e+04 2.329328437344019689e-19 1.465487119612604833e-20
2.670138538491521103e+04 1.968208447900300406e-19 1.298661521976879337e-20
2.671205484514594718e+04 1.824661501796330482e-19 1.362747910235695822e-20
2.672272428138221221e+04 1.704851634853920941e-19 1.165541788572908555e-20
2.673339369358033946e+04 1.734586900081862818e-19 1.226613920486144790e-20
2.674406308171669298e+04 2.216140717580465565e-19 1.330443208105549724e-20
2.675473244574461933e+04 1.993603068007710346e-19 1.334344915449269104e-20
2.676540178563550580e+04 2.430527393841478391e-19 1.407839374945709993e-20
2.677607110136030678e+04 2.209803833378335291e-19 1.354793261084313278e-20
2.678674039286916377e+04 2.202767024270957879e-19 1.273490830359274997e-20
2.679740966014487276e+04 2.431274705956227631e-19 1.496810672633117349e-20
2.680807890313841199e+04 1.965207541490923931e-19 1.398967733060496985e-20
2.681874812182368623e+04 2.082326462110875379e-19 1.363561751673766348e-20
2.682941731616243123e+04 1.910442533206426224e-19 1.241118850664871013e-20
2.684008648611743411e+04 2.227598019964549479e-19 1.439024049728471436e-20
2.685075563165997301e+04 2.228746566587672992e-19 1.407117220669596384e-20
2.686142475274944445e+04 1.786450302374460659e-19 1.414639627664176981e-20
2.687209384935928756e+04 1.904929397875663820e-19 1.311618039886204760e-20
2.688276292144080435e+04 2.108269342975988471e-19 1.254394189526633081e-20
2.689343196897705639e+04 1.836558478926368579e-19 1.386257599269268179e-20
2.690410099192151756e+04 2.188027459305392042e-19 1.367863665363752512e-20
2.691476999023894314e+04 2.058343439916065477e-19 1.438858808519913006e-20
2.692543896389844303e+04 1.785217836213694569e-19 1.369582292771985079e-20
2.693610791286834865e+04 1.943419973431371806e-19 1.496387357837552474e-20
2.694677683710804558e+04 2.307941502452972638e-19 1.469071446848789626e-20
2.695744573658546506e+04 1.748949361903634933e-19 1.402495913066359918e-20
2.696811461126973882e+04 1.934056126003489783e-19 1.368982873992360966e-20
2.697878346112333384e+04 2.227197631862655757e-19 1.345651117628025791e-20
2.698945228611157654e+04 2.041822404422641057e-19 1.299690601599787264e-20
2.700012108619666833e+04 1.778420339393062909e-19 1.328315254281775094e-20
2.701078986135072410e+04 1.668915749107109603e-19 1.355210172431947481e-20
2.702145861153327860e+04 1.996823524098193253e-19 1.416294530463547709e-20
2.703212733671269962e+04 1.787279012910848972e-19 1.271581859902426306e-20
2.704279603685731854e+04 1.928881743120972428e-19 1.321731956013537774e-20
2.705346471193030447e+04 2.106764147687879670e-19 1.476559553652304599e-20
2.706413336189424808e+04 2.153254994864733808e-19 1.389867624499291741e-20
2.707480198672060578e+04 2.138872130460533337e-19 1.303596987423764448e-20
2.708547058636576912e+04 2.146956888570813662e-19 1.372322593154204982e-20
2.709613916080803756e+04 2.211277071219778461e-19 1.359510194948821303e-20
2.710680771000704044e+04 1.570359315516890936e-19 1.369408441956246925e-20
2.711747623392523747e+04 1.821909400498028356e-19 1.494076850463797646e-20
2.712814473253121469e+04 1.749430028050759706e-19 1.338483554094208505e-20
2.713881320579122621e+04 1.798977725982967239e-19 1.321163685754213183e-20
2.714948165354537923e+04 2.142681558642980126e-19 1.446049786860362484e-20
2.716014974827491824e+04 1.885899873147666270e-19 1.357197192235161419e-20
2.717081730455282013e+04 2.131365790696896088e-19 1.512260196927752915e-20
2.718148483534797924e+04 1.992053971857320036e-19 1.376390824071586150e-20
2.719215234064146716e+04 1.996342349233319723e-19 1.344618416707073689e-20
2.720281982038070419e+04 2.138832883339509232e-19 1.466962472137420090e-20
2.721348727454649998e+04 2.057115085440192009e-19 1.485956588236567112e-20
2.722415470309926241e+04 1.689171538561024459e-19 1.409968681084738365e-20
2.723482210599877362e+04 2.017721655903859236e-19 1.504478819207345309e-20
2.724548948322314391e+04 2.188613335477261366e-19 1.568519690307793734e-20
2.725615683472864475e+04 2.017092682417511750e-19 1.489547651029244539e-20
2.726682416048500090e+04 2.545330145862997692e-19 1.456774182640463588e-20
2.727749146046128226e+04 2.069386918987048930e-19 1.515402961975464383e-20
2.728815873461427327e+04 1.772836532864158090e-19 1.361523041625766657e-20
2.729882598292165130e+04 2.134922443587062524e-19 1.428066237192443831e-20
2.730949320534097205e+04 2.039254729940813166e-19 1.325364183418834791e-20
2.732016040184141093e+04 1.756083441660167557e-19 1.294611320624551265e-20
2.733082757238902559e+04 1.699682542687555985e-19 1.474950380365369024e-20
2.734149471695246757e+04 1.790313336212820589e-19 1.416894652666352620e-20
2.735216183549221023e+04 2.110390979333355962e-19 1.517291179001793797e-20
2.736282892797761087e+04 2.205559365468644862e-19 1.555621875180497457e-20
2.737349599437478901e+04 2.147982519139543601e-19 1.407078575824191012e-20
2.738416303465263263e+04 2.170886608756963596e-19 1.445408134821455827e-20
2.739483004876512132e+04 2.298531385659126139e-19 1.426641895086542269e-20
2.740549703670056988e+04 2.035718576357450384e-19 1.529463149606120428e-20
2.741616399840333179e+04 2.020472512433759277e-19 1.541658404911377034e-20
2.742683093385500979e+04 2.106737488288797458e-19 1.442861162756865778e-20
2.743749784300929241e+04 1.708578428953040815e-19 1.455535491155547841e-20
2.744816472584542862e+04 1.781932317155074363e-19 1.496802708414716917e-20
2.745883158231713969e+04 1.919709125515126994e-19 1.507136527208070288e-20
2.746949841240634851e+04 1.774234026066347384e-19 1.386658549790090521e-20
2.748016521606013703e+04 1.640090587657227656e-19 1.474934565763267759e-20
2.749083199325800888e+04 1.786455495974803574e-19 1.528078709005813533e-20
2.750149874396005180e+04 2.139294843683265579e-19 1.568102040615680697e-20
2.751216546814210960e+04 1.265089250535791316e-19 1.609421722825951573e-20
2.752283216575108599e+04 1.783383637783731838e-19 1.458865373901968572e-20
2.753349883678550395e+04 1.670594100060801092e-19 1.314729620675741826e-20
2.754416548117718412e+04 2.020381621923439068e-19 1.465780293666606519e-20
2.755483209892100422e+04 2.328633980362411361e-19 1.504251137730776882e-20
2.756549868995779980e+04 2.098815487561746463e-19 1.550498269364200456e-20
2.757616525427945817e+04 1.973678675150481374e-19 1.513239822454093019e-20
2.758683179183066750e+04 2.234453841541305389e-19 1.600730494618058076e-20
2.759749830259378723e+04 1.989787258399951407e-19 1.459573094045408147e-20
2.760816478651621219e+04 1.840510096858790407e-19 1.459488574290608024e-20
2.761883124359266367e+04 1.857471603224045740e-19 1.548049116562339387e-20
2.762949767376489763e+04 1.900412131902190122e-19 1.513259572406753998e-20
2.764016407701222488e+04 1.828263338256094227e-19 1.478500320342746340e-20
2.765083045329487868e+04 1.985645625442003688e-19 1.532186541040471288e-20
2.766149680258539229e+04 2.167517194390475405e-19 1.537470710408760263e-20
2.767216312485076560e+04 1.741045036819356152e-19 1.588195842754204010e-20
2.768282942004509096e+04 1.745825953580171638e-19 1.412754995270369234e-20
2.769349568815419843e+04 1.775257139183636298e-19 1.436093395982604699e-20
2.770416192912540646e+04 1.919279179180401740e-19 1.521970718540123905e-20
2.771482814295081698e+04 2.036178429240081263e-19 1.540151796736051145e-20
2.772549432956558667e+04 2.048973032423721518e-19 1.490095950139686335e-20
2.773616048896214124e+04 1.592636355384613311e-19 1.514815756899497342e-20
2.774682662108795193e+04 1.731128890781213870e-19 1.520990566186649087e-20
2.775749272593180649e+04 2.121966758695312650e-19 1.611547823660157965e-20
2.776815880343517711e+04 2.237639363979735429e-19 1.550332480225697795e-20
2.777882485358113991e+04 1.761039632065259865e-19 1.461158405882958231e-20
2.778949087633971794e+04 1.675679413571014588e-19 1.503018656886077696e-20
2.780015687166469070e+04 1.813046933730108418e-19 1.542760790878521459e-20
2.781082283953559818e+04 1.224550954303898030e-19 1.498428274442683449e-20
2.782148877990360779e+04 1.589625690699567280e-19 1.469405425021709957e-20
2.783215469275505893e+04 1.478835967273959872e-19 1.557503497000599948e-20
2.784282057803741918e+04 1.232348825741763049e-19 1.378703024037084106e-20
2.785348643573661684e+04 1.708752361768191640e-19 1.449726729735083618e-20
2.786415226580045419e+04 2.361675934130217437e-19 1.663602534105481554e-20
2.787481806820905331e+04 1.955178246701753374e-19 1.580909715532308263e-20
2.788548384293265553e+04 2.006107123339853007e-19 1.587197203304764072e-20
2.789614958992517131e+04 1.878375503403966129e-19 1.580894453899006280e-20
2.790681530916618067e+04 2.235468538976594501e-19 1.525479771749644133e-20
2.791748100060696015e+04 2.230903200191487170e-19 1.458168862175691473e-20
2.792814666423089875e+04 1.972728910559639428e-19 1.468579502660322647e-20
2.793881229999851712e+04 1.917632467021949051e-19 1.483242432513784869e-20
2.794947790786681435e+04 1.718625903489720865e-19 1.466713902443608538e-20
2.796014348782900197e+04 1.772722258944849443e-19 1.470699674535280670e-20
2.797080903982636664e+04 1.667007737545801634e-19 1.491632791975587111e-20
2.798147456383914323e+04 1.981819944091315944e-19 1.508212099835697474e-20
2.799214005982790331e+04 2.428822235522932569e-19 1.633544671358066649e-20
2.800280552776265176e+04 1.487943681065403822e-19 1.467292797069467825e-20
2.801347096761413195e+04 1.689446024887236925e-19 1.363160226382769723e-20
2.802413637934315921e+04 1.935442392670044288e-19 1.398294790247593171e-20
2.803480176292352189e+04 1.789358489103383502e-19 1.473056657589538691e-20
2.804546711831253197e+04 2.193157150027957620e-19 1.537282502765485738e-20
2.805613244549005321e+04 2.020796366733052606e-19 1.483251207542412153e-20
2.806679774441731934e+04 1.838622408909336947e-19 1.550280795005110012e-20
2.807746301505502925e+04 1.567554365300020586e-19 1.414773633436624180e-20
2.808812825738699757e+04 1.803712799923229478e-19 1.387329176915667134e-20
2.809879347136057550e+04 1.474939386052246142e-19 1.382753966023315108e-20
2.810945865695591056e+04 1.642397423657752704e-19 1.585274630915666488e-20
2.812012381414420088e+04 1.827855291739187187e-19 1.496734505713672792e-20
2.813078894287617732e+04 2.387928518765547217e-19 1.656818894334313920e-20
2.814145404313584004e+04 1.666609969526130798e-19 1.561779010303379342e-20
2.815211911487707766e+04 1.583952224492232092e-19 1.499135500606121638e-20
2.816278415808034333e+04 1.503163037484050306e-19 1.463935251559033245e-20
2.817344917270687074e+04 1.973777943340989928e-19 1.605185434419496163e-20
2.818411415871736972e+04 1.869251677685686757e-19 1.489488006974442651e-20
2.819477911609265357e+04 2.280155853069748473e-19 1.442165207016615112e-20
2.820544404478660363e+04 1.925921973217801325e-19 1.478635222797170280e-20
2.821610894477655529e+04 2.246237352903076291e-19 1.532186918005598105e-20
2.822677381603376125e+04 2.070875082244619379e-19 1.542721502103006043e-20
2.823743865850560906e+04 2.223279724171425847e-19 1.449080695524311434e-20
2.824810347218645620e+04 2.000423628761276986e-19 1.519077435429298800e-20
2.825876825702008864e+04 1.665864811507383237e-19 1.522236469259181705e-20
2.826943301298738879e+04 1.645973716641562115e-19 1.527558462844036260e-20
2.828009774005629515e+04 2.341662150029171519e-19 1.544807888192895131e-20
2.829076243818427974e+04 2.288811738469319476e-19 1.779433515782352138e-20
2.830142710735242144e+04 1.971576359082670104e-19 1.711838615312429903e-20
2.831209174751463797e+04 1.516252252271316284e-19 1.353556085591030863e-20
2.832275635864851210e+04 1.663248265873227712e-19 1.502577356687665597e-20
2.833342094072206601e+04 1.885935185019411887e-19 1.462369349093531758e-20
2.834408549369621323e+04 2.362673127819055571e-19 1.669621079666967978e-20
2.835475001753861216e+04 1.839626155983382452e-19 1.573318136706949827e-20
2.836541451222693286e+04 1.851123386382959254e-19 1.433528656640572337e-20
2.837607897771510397e+04 1.443615530627419065e-19 1.252620677984237119e-20
2.838674341398481192e+04 1.892249929637330302e-19 1.507875500316443294e-20
2.839740782099360149e+04 1.996770738417125012e-19 1.453963465384650582e-20
2.840807219870923655e+04 1.917256986170553953e-19 1.430126643692098057e-20
2.841873654710957271e+04 1.645769711286239672e-19 1.426576074383037197e-20
2.842940086614838947e+04 2.077675407555788587e-19 1.345136640684582557e-20
2.844006515580076666e+04 2.286350527356084687e-19 1.494501640264101074e-20
2.845072941604474909e+04 2.110500197007292805e-19 1.476913974704397930e-20
2.846139364682769883e+04 2.301943447566215222e-19 1.574672801730357119e-20
2.847205784813450737e+04 1.759680369993145011e-19 1.471745614398327133e-20
2.848272201991884140e+04 1.571696419862791690e-19 1.473751479621671579e-20
2.849338616215586444e+04 2.233621665527967955e-19 1.619147982872517102e-20
2.850405027482039077e+04 2.017355710541036236e-19 1.421831166522942927e-20
2.851471435786657821e+04 1.874836871682534718e-19 1.469379981709079735e-20
2.852537841126920102e+04 1.583123801043612567e-19 1.553806316814824502e-20
2.853604243500267694e+04 1.773936218609239647e-19 1.394047318879868560e-20
2.854670642902482359e+04 1.870726942913680485e-19 1.444465511268920944e-20
2.855737039330723928e+04 2.018952118465491660e-19 1.397447634398386539e-20
2.856803432781442098e+04 2.054495757228019494e-19 1.512075553297991062e-20
2.857869823252123388e+04 1.826649375588663848e-19 1.659638174485571569e-20
2.858936210738863520e+04 1.981662835491206417e-19 1.530853054900838993e-20
2.860002595239475704e+04 1.751846815975536317e-19 1.571529313244116934e-20
2.861068976749074136e+04 1.897475391216768713e-19 1.468141670908055092e-20
2.862135355266537954e+04 1.776327441012785889e-19 1.479877301078206389e-20
2.863201730786942062e+04 1.891035673377854010e-19 1.595034283553883074e-20
2.864268103308130594e+04 1.939680454867431966e-19 1.489490596621037001e-20
2.865334472826169440e+04 1.494484906114533192e-19 1.402321081249027654e-20
2.866400839338606602e+04 1.704590088936657659e-19 1.476910399723919736e-20
2.867467202841857943e+04 1.795222405039676943e-19 1.485484774620639119e-20
2.868560066867926798e+04 1.531875242868546480e-19 1.477757726524982574e-20
2.869626426314427226e+04 1.609872509887840027e-19 1.493503160681172129e-20
2.870692782727978556e+04 1.722164996702086160e-19 1.288000128060794759e-20
2.871759136119758114e+04 1.819240616348492512e-19 1.355973582900850062e-20
2.872825486486286900e+04 2.019566385242897662e-19 1.422374027748875428e-20
2.873891833825053982e+04 1.853180200629563904e-19 1.460756209953210671e-20
2.874958178131538807e+04 2.511326266776803833e-19 1.586562119720786507e-20
2.876024519403236263e+04 3.819699929964515512e-19 1.835667409384889394e-20
2.877090857637612498e+04 2.785189352051795530e-19 1.643636875994601157e-20
2.878157192829814812e+04 2.277939345263672731e-19 1.527653643240719443e-20
2.879223524978366913e+04 2.081686791082986147e-19 1.512734287348685314e-20
2.880289854079104043e+04 1.872151701228917446e-19 1.514175041923560431e-20
2.881356180129523273e+04 1.980160423895513525e-19 1.444477964676733970e-20
2.882422503126112861e+04 1.949580828967543752e-19 1.432053904238178312e-20
2.883488823065335600e+04 1.914172036862756915e-19 1.467230726410633951e-20
2.884555139944381517e+04 1.905860714339063611e-19 1.543722879399167190e-20
2.885621453760438453e+04 2.003373783772724556e-19 1.455495535628456916e-20
2.886687764509669069e+04 1.928066458505873248e-19 1.548187088636011898e-20
2.887754072189243016e+04 1.975666141302364104e-19 1.617063844398931216e-20
2.888820376795999618e+04 1.823195307562758294e-19 1.442605872227021635e-20
2.889886678327429399e+04 1.773828135921230624e-19 1.500228096143038241e-20
2.890952976778701850e+04 1.511554575550433138e-19 1.268514890577702080e-20
2.892019272148356322e+04 2.005364139043032130e-19 1.479006088634734062e-20
2.893085564432226238e+04 2.010958982487625244e-19 1.562540793759041562e-20
2.894151853627157470e+04 1.406340321263928028e-19 1.453518497759104344e-20
2.895218139730998155e+04 1.574310729651961114e-19 1.372847172949010650e-20
2.896284422739581714e+04 1.600327508002497116e-19 1.361978808282245075e-20
2.897350702650777384e+04 1.270068451162083682e-19 1.281418980018092308e-20
2.898416979459744471e+04 1.337546153890274086e-19 1.372848910778400134e-20
2.899483253164692724e+04 1.688752849215405370e-19 1.483741195989951433e-20
2.900549523762148237e+04 2.020366579125727519e-19 1.517219089175461621e-20
2.901615791248944515e+04 1.443537108780821314e-19 1.547306887908301588e-20
2.902682055622269399e+04 1.476314851811572746e-19 1.344497103480579705e-20
2.903748316878323021e+04 1.795391751475048249e-19 1.510201992868524624e-20
2.904814575014642105e+04 2.155226710720002030e-19 1.567183322376787388e-20
2.905880830027407501e+04 2.880706065911657243e-19 1.629507210891242119e-20
2.906947081913819420e+04 2.064317511132854359e-19 1.355948336610367755e-20
2.908013330670724827e+04 1.896885291929385211e-19 1.406128826355784633e-20
2.909079576294986327e+04 1.288682495236783946e-19 1.336723042969646051e-20
2.910145818783823779e+04 2.178137746555123728e-19 1.518950820738130023e-20
2.911212058133079699e+04 1.630565624928760035e-19 1.532744565514305513e-20
2.912278294340653156e+04 1.333072291486960203e-19 1.499387303300407772e-20
2.913344527403076427e+04 1.470958432259699449e-19 1.463961513116020831e-20
2.914410757317203752e+04 1.895353251299905784e-19 1.528989245151956397e-20
2.915476984080234979e+04 1.861331894054772095e-19 1.490407671394700773e-20
2.916543207701290885e+04 1.577156087040968132e-19 1.567565978784289283e-20
2.917636021543393144e+04 1.537707203681233157e-19 1.509635205631331715e-20
2.918702240782002991e+04 1.617456423375794564e-19 1.586581286718242467e-20
2.919768456856516059e+04 1.494988950726104623e-19 1.557539909594323735e-20
2.920834669763450802e+04 1.297922533672881665e-19 1.382074190976842637e-20
2.921900879500743758e+04 1.732725184208769858e-19 1.440399015469040546e-20
2.922967086064195246e+04 1.832359819926344308e-19 1.338488726286564972e-20
2.924033289450344819e+04 1.402955737464804398e-19 1.525800662859239314e-20
2.925099489658247694e+04 1.321266922670977886e-19 1.516822977140934177e-20
2.926165686682618980e+04 1.304330038260967148e-19 1.451027592310673092e-20
2.927231880520706909e+04 1.372504882640217769e-19 1.481934589815844510e-20
2.928298071170477488e+04 1.278935485235464934e-19 1.495839960157889597e-20
2.929364258627334129e+04 1.052475168768649245e-19 1.496680500298447385e-20
2.930430442888932885e+04 1.658581467039522080e-19 1.603659811545766578e-20
2.931496623953252856e+04 1.746726074404686443e-19 1.635991710635025964e-20
2.932562801814647173e+04 1.515192883725746037e-19 1.504355352799157683e-20
2.933628976472183786e+04 1.455154843712529261e-19 1.468494084555586029e-20
2.934695147921669559e+04 1.186666576664021350e-19 1.390392672742521889e-20
2.935761316161060313e+04 1.503478241787176250e-19 1.452196689557712609e-20
2.936827481185814395e+04 1.465265414464643139e-19 1.424940258364317232e-20
2.937893642994297625e+04 1.372993710009639154e-19 1.222714939083572067e-20
2.938959801581957436e+04 1.843597553324622400e-19 1.243141452476365533e-20
2.940025956946417136e+04 1.679355812091502697e-19 1.302689822822020898e-20
2.941092109085677657e+04 1.938027403129878625e-19 1.525550633967371634e-20
2.942158257994082669e+04 1.447168878353517687e-19 1.355088286877483268e-20
2.943224403670319953e+04 1.311016894036397503e-19 1.410533217313186733e-20
2.944290546111342337e+04 1.498391845681264858e-19 1.505226773865645233e-20
2.945356685314053539e+04 1.737106998824304256e-19 1.542307733287611490e-20
2.946422821273897716e+04 1.465962296643525300e-19 1.530856055021132461e-20
2.947488953989247966e+04 1.966595334559354557e-19 1.811876620148748884e-20
2.948555083457016735e+04 1.975192073590325420e-19 1.787521760104679256e-20
2.949621209674296188e+04 1.745284254668080509e-19 1.560422441830909871e-20
2.950687336368635442e+04 1.703649674736771586e-19 1.568784474655127742e-20
2.951753488426674448e+04 2.059245943093884758e-19 1.495102164101642307e-20
2.952819637224486723e+04 1.536064758247328360e-19 1.472056285908325648e-20
2.953885782757885681e+04 1.263466080645152210e-19 1.481628547774923921e-20
2.954951925024521188e+04 1.502678796976697892e-19 1.484060828201845613e-20
2.956018064021312239e+04 1.492924620533264956e-19 1.448473256657916198e-20
2.957084199745526348e+04 1.509941427649830236e-19 1.472276079186499180e-20
2.958150332193347276e+04 1.740057430323008163e-19 1.444333459861635958e-20
2.959216461362084010e+04 1.978479352429001100e-19 1.417028437503194091e-20
2.960282587248660639e+04 1.695549290540549327e-19 1.373000784894489896e-20
2.961348709850370142e+04 1.572406704656989096e-19 1.383850380860842966e-20
2.962414829163769537e+04 1.848588858501861077e-19 1.410441046730366550e-20
2.963480945185412565e+04 2.107881895261018996e-19 1.497187216291265058e-20
2.964547057912947639e+04 2.083440926661774368e-19 1.594997706772645413e-20
2.965613167342560700e+04 1.489548384700737505e-19 1.374072681954425239e-20
2.966679273471945635e+04 1.817679352774442449e-19 1.499229975625237260e-20
2.967745376296916947e+04 1.938532425310986870e-19 1.418075486737770401e-20
2.968811475815894664e+04 1.555078936925198494e-19 1.418223064652406004e-20
2.969877572024695837e+04 1.602434061137323360e-19 1.495654934674189059e-20
2.970943664920997981e+04 1.415237077197432239e-19 1.280802442865464801e-20
2.972009754500977215e+04 1.279073384730888005e-19 1.423671529173726151e-20
2.973075840761931249e+04 1.635142454661541982e-19 1.351713765007958180e-20
2.974141923700822736e+04 1.917844290150310515e-19 1.318870756141744223e-20
2.975208003314591042e+04 1.736566906133765646e-19 1.313259548131986142e-20
2.976274079600176265e+04 1.968687065336930850e-19 1.453471532822068138e-20
2.977340152554892120e+04 1.500324546522929175e-19 1.360629600545327237e-20
2.978406222174933646e+04 1.479464098567035451e-19 1.467210430771660391e-20
2.979472288457614559e+04 1.768791427218141680e-19 1.284879263348921470e-20
2.980538351399844396e+04 1.727886920576654428e-19 1.370672162003825434e-20
2.981604410998602907e+04 1.842028162843976437e-19 1.416668869134253916e-20
2.982670467251216178e+04 1.745139195634219233e-19 1.533433099004407307e-20
2.983736520153502715e+04 2.072946284117292337e-19 1.536487390513508000e-20
2.984802569703537301e+04 1.621542069580401194e-19 1.441861538732780595e-20
2.985868615898271310e+04 1.676499768583634564e-19 1.387483112306773889e-20
2.986934658733904871e+04 1.626456486290919450e-19 1.450991455819459005e-20
2.988000698207741880e+04 1.407294226024806605e-19 1.311734033787628386e-20
2.989066734316737711e+04 1.543959376298768262e-19 1.148107991068721069e-20
2.990132767057487581e+04 1.504071663316305550e-19 1.346941591185986393e-20
2.991198796427702837e+04 1.609519438376468745e-19 1.463803419924405866e-20
2.992264822424337035e+04 1.421731689519901986e-19 1.393870066842259412e-20
2.993330845043217414e+04 1.561079740049600304e-19 1.312229006113226967e-20
2.994396864282810566e+04 1.783201074199206023e-19 1.362383935680085660e-20
2.995462880138565015e+04 1.484716442595941156e-19 1.342680736721523065e-20
2.996528892608545721e+04 1.739053568947403557e-19 1.370117962115348514e-20
2.997594901689358085e+04 1.645215923329334624e-19 1.304837574972879108e-20
2.998660907377590775e+04 1.794195209239617513e-19 1.356462560913476852e-20
2.999726909671727117e+04 1.612199304710178133e-19 1.450862410686225025e-20
3.000792908566453843e+04 1.724921613418427744e-19 1.338361502625033122e-20
3.001858904060255736e+04 1.574022326605282498e-19 1.307593161160817842e-20
3.002924896149337656e+04 1.055576386284357951e-19 1.360817576582669765e-20
3.003990884831430230e+04 1.952684657668953487e-19 1.426644857955155997e-20
3.005056870103468100e+04 1.491230077507287230e-19 1.463888927104340700e-20
3.006122851961687775e+04 1.373764743823659843e-19 1.312485384685033051e-20
3.007188830403064276e+04 1.748544766357636952e-19 1.383981752712464617e-20
3.008254805424948790e+04 1.938883004349481245e-19 1.469326300596694899e-20
3.009320777024699055e+04 1.480681512982853824e-19 1.412832654094711889e-20
3.010386745198904828e+04 1.661828545662617463e-19 1.527288417812021690e-20
3.011452709944540766e+04 1.529149689935353894e-19 1.464146613018732639e-20
3.012518671258584800e+04 1.132035377190781318e-19 1.265233207462837534e-20
3.013584629137604134e+04 1.340224578614493697e-19 1.250429577666417398e-20
3.014650583579357772e+04 1.774890022092169259e-19 1.390870105953124450e-20
3.015716534580451480e+04 1.530813009603034316e-19 1.412998567168718859e-20
3.016782482137479747e+04 1.709722629557867693e-19 1.439046563984504035e-20
3.017848426247809766e+04 1.420868935874117261e-19 1.319204556227192013e-20
3.018914366909190721e+04 1.632887039619391047e-19 1.449596150554980278e-20
3.019980304117070045e+04 1.363464854762996406e-19 1.316498049150064872e-20
3.021046237869196921e+04 1.457495980293914010e-19 1.235605703497814362e-20
3.022112168162549642e+04 1.636649854838961702e-19 1.296058895407322956e-20
3.023178094994866842e+04 1.602089466726342419e-19 1.328547612786990460e-20
3.024244018361619237e+04 1.681284503775182666e-19 1.371280665536066474e-20
3.025309938260951458e+04 1.580329004364698563e-19 1.419712764967171276e-20
3.026375854688696927e+04 1.714396883381804935e-19 1.350863052737434670e-20
3.027441767643772255e+04 1.614358332415692133e-19 1.390680757426230554e-20
3.028507677121625602e+04 2.115606257417094279e-19 1.477706204572266885e-20
3.029573583119247996e+04 1.572680533008718287e-19 1.358660516788125422e-20
3.030639485634018638e+04 1.365254592123314345e-19 1.289619685180254001e-20
3.031705384663299992e+04 1.831605567018301776e-19 1.347255956008620038e-20
3.032771280203312926e+04 1.376138268412836813e-19 1.276953628160605682e-20
3.033837172251458469e+04 1.560181446022079379e-19 1.361460919447270680e-20
3.034903060804731285e+04 1.484967301425626320e-19 1.299775775256146304e-20
3.035968945860518215e+04 1.887715865196142046e-19 1.367950417177621364e-20
3.037034827415040127e+04 1.702859065712311190e-19 1.273300003073308892e-20
3.038100705466073850e+04 1.888043188876319606e-19 1.366545043469106520e-20
3.039166580009842801e+04 1.777595756633913202e-19 1.392550611213500150e-20
3.040232451043735273e+04 1.641926912276152041e-19 1.409659186514922091e-20
3.041298318564737929e+04 1.651679025909878249e-19 1.479434187011233256e-20
3.042364182569854529e+04 1.825369600512598071e-19 1.416603535653200713e-20
3.043430043056495197e+04 1.699597637584645151e-19 1.374471900746013695e-20
3.044495900020884073e+04 1.751981419875353298e-19 1.411004642531018961e-20
3.045561753460416730e+04 2.049034786744461421e-19 1.354344305100749294e-20
3.046627603372100566e+04 1.727143652787184468e-19 1.308996794135687037e-20
3.047693449753334789e+04 1.577037609001738237e-19 1.304791443331904912e-20
3.048759292600345725e+04 1.594415438658160562e-19 1.357437567448613439e-20
3.049825131910140772e+04 1.778529059091472890e-19 1.391059816014285097e-20
3.050890967680511676e+04 1.566973260548606889e-19 1.294412897908285155e-20
3.051956799908838002e+04 1.477292022102664399e-19 1.305191221959804039e-20
3.053022628590590102e+04 1.373070227789903766e-19 1.308819666997696711e-20
3.054088453723567000e+04 1.856763583140922812e-19 1.385124280532044893e-20
3.055154275304783005e+04 1.877315189626168947e-19 1.306003867899060939e-20
3.056220093331251337e+04 1.417201664399757032e-19 1.301641641271373926e-20
3.057285907799988490e+04 1.417754764754492747e-19 1.322070078812610180e-20
3.058351718708010594e+04 1.466742843804345740e-19 1.318157274111973569e-20
3.059417526051943787e+04 1.290323590577545286e-19 1.224193650721077517e-20
3.060483329829984723e+04 1.610689035550465343e-19 1.377462054763344169e-20
3.061549130037961731e+04 2.035066650299193829e-19 1.405130694713570650e-20
3.062614926672887304e+04 1.948721405350957055e-19 1.449229073632472130e-20
3.063680719732588841e+04 1.506945246219009431e-19 1.300544410006877601e-20
3.064746509214090474e+04 1.645762711019072936e-19 1.413012853732432097e-20
3.065812295113623986e+04 1.621755579186472298e-19 1.287092714735981391e-20
3.066878077428610050e+04 1.832375669484112462e-19 1.272868961072961564e-20
3.067943856156069523e+04 1.682999636088778699e-19 1.318706434244695687e-20
3.069009631292634367e+04 1.605121873941530612e-19 1.339739981437938360e-20
3.070075402835727436e+04 1.643079327963845597e-19 1.264032340315117086e-20
3.071141170783168127e+04 1.415657372516618218e-19 1.394777122244076794e-20
3.072206935131184946e+04 1.785901862195799571e-19 1.269345898544092021e-20
3.073272695875996942e+04 1.451944667390449284e-19 1.430726442235780406e-20
3.074338453015449340e+04 1.430900459630449716e-19 1.376510090603635970e-20
3.075404206546971909e+04 1.739213846663007549e-19 1.233469934244582224e-20
3.076469956467196607e+04 1.480456166335616589e-19 1.245084641306091136e-20
3.077535702773155208e+04 1.669856343969138906e-19 1.348262195724922572e-20
3.078601445461883850e+04 1.660843006796926243e-19 1.435650671106394054e-20
3.079667184530413942e+04 1.702869095708290599e-19 1.358732564283953441e-20
3.080732919975383993e+04 1.533174787261743079e-19 1.284941098939237234e-20
3.081798651795021942e+04 1.507672485748817783e-19 1.370100321493849752e-20
3.082864379984773404e+04 1.580607132144599808e-19 1.372480394816324308e-20
3.083930104542458139e+04 1.765945027893185621e-19 1.400309401672626466e-20
3.084995825465509552e+04 1.902920644030652892e-19 1.312845962359895953e-20
3.086061542750186345e+04 2.150529941658530442e-19 1.262219602154285352e-20
3.087127256394324286e+04 1.350646369187884270e-19 1.266655479543051310e-20
3.088192966394165342e+04 1.443342602517010305e-19 1.392873148158681504e-20
3.089258672747952005e+04 1.790151757952154318e-19 1.378613553560887152e-20
3.090324375450722800e+04 1.656191584351243623e-19 1.409277159482395936e-20
3.091390074501524214e+04 1.210798312524116636e-19 1.331306769779510388e-20
3.092455769896598576e+04 1.500314755939785525e-19 1.219111073330814830e-20
3.093521461632991486e+04 1.493391614210436079e-19 1.176701092218257286e-20
3.094587149707345816e+04 1.469802784702424436e-19 1.283091148125926727e-20
3.095652834117103703e+04 1.488031914391300712e-19 1.356923003698752219e-20
3.096718514859698189e+04 1.181786882740167805e-19 1.351291093600766791e-20
3.097784191931391251e+04 1.007111235717892810e-19 1.421475083018134932e-20
3.098849865329638487e+04 1.565696758580237578e-19 1.420040643683961801e-20
3.099915535051483312e+04 1.431055732693202719e-19 1.266242046036940803e-20
3.100981201093980417e+04 1.425269299182809811e-19 1.360878123962531770e-20
3.102046863454581398e+04 1.733419482848562435e-19 1.320936953832341771e-20
3.103112522129933859e+04 1.661784938157231803e-19 1.389756087532750457e-20
3.104178177116689403e+04 1.375767774205395092e-19 1.301239575871400754e-20
3.105243828412707080e+04 1.257404303728785943e-19 1.208720056343123470e-20
3.106309476014231041e+04 1.515037205173504497e-19 1.251661350959555692e-20
3.107375119918723067e+04 1.817786323992591700e-19 1.320868223557942267e-20
3.108440760123232394e+04 1.347711836557631625e-19 1.258174296232854638e-20
3.109506396625202979e+04 1.495152905660409742e-19 1.444436903398724872e-20
3.110572029421306797e+04 1.494618424379957085e-19 1.374008622382162830e-20
3.111637658508198001e+04 1.681286479546875234e-19 1.452971804792971252e-20
3.112703283883745098e+04 1.927601564954292175e-19 1.320785077247974324e-20
3.113768905543788787e+04 1.599319615564799662e-19 1.349897838210881467e-20
3.114834523487013939e+04 1.644839083073554808e-19 1.323289621184536647e-20
3.115900137708853435e+04 1.666221187683461438e-19 1.328634052826121107e-20
3.116965748207593060e+04 1.522860731104550563e-19 1.401853062295960506e-20
3.118031354980287870e+04 1.604171803562248212e-19 1.336267716770191150e-20
3.119096958023600382e+04 1.466040752423857205e-19 1.283791186501878574e-20
3.120162557333776203e+04 1.344748172508169702e-19 1.240099768196535168e-20
3.121228152909509299e+04 1.837622545693387037e-19 1.203921705905440807e-20
3.122293744746230368e+04 1.494754108470401223e-19 1.369831952431936522e-20
3.123359332841805735e+04 1.305874900935723719e-19 1.258432845369972579e-20
3.124424917194133741e+04 1.791758426433912273e-19 1.222674886781335864e-20
3.125490497799060176e+04 1.301990476465749827e-19 1.159068400029342758e-20
3.126556074654469558e+04 1.499842682843170356e-19 1.199365045852067040e-20
3.127621647756201492e+04 1.560187901732339599e-19 1.364058723147428938e-20
3.128687217102553768e+04 1.519882254280208757e-19 1.265283966341493982e-20
3.129752782690185268e+04 1.444708887383526603e-19 1.327998425378817391e-20
3.130818344516579236e+04 1.332849133121609735e-19 1.485464679567194035e-20
3.131883902577574190e+04 1.624315682136667877e-19 1.322663204519870089e-20
3.132949456871062648e+04 1.658122784355889696e-19 1.216994808907571990e-20
3.134015007394527493e+04 1.925933186820897668e-19 1.425104051013881941e-20
3.135080554145042333e+04 2.000498717198717322e-19 1.425001940656146772e-20
3.136146097118859689e+04 1.627076987595224043e-19 1.210705303698062566e-20
3.137211636313049530e+04 8.353888678338644362e-20 1.229570635379184661e-20
3.138277171725496737e+04 1.454024691662145605e-19 1.308941825357372032e-20
3.139342703352882381e+04 1.502184195765637768e-19 1.375705445242324557e-20
3.140408231191870436e+04 1.301554402213165312e-19 1.279531483160475437e-20
3.141473755240774699e+04 1.612338432744006999e-19 1.302959751618541565e-20
3.142539275495024413e+04 1.558413254720394404e-19 1.247674845421290280e-20
3.143604791952936284e+04 1.457874455121848016e-19 1.335612152684466310e-20
3.144670304611175743e+04 1.716096830676348822e-19 1.286277238987028240e-20
3.145735813466821128e+04 1.808497028055226821e-19 1.339482437957963391e-20
3.146801318516956235e+04 1.477174076658600784e-19 1.297222356919311936e-20
3.147866819757833218e+04 1.746755389527652409e-19 1.309818489760845638e-20
3.148932317188599700e+04 1.972779375121751626e-19 1.230078636683683113e-20
3.149997810804274195e+04 1.791617398906887291e-19 1.230555151598458720e-20
3.151063300602762683e+04 1.940255341336080651e-19 4.151264205008637087e-20
