9.795120245937327127e+03 5.020245869712627630e-19 1.521296802077277279e-19
9.801483259240520056e+03 5.107335770605694387e-19 8.524470585719321484e-20
9.807846241737441233e+03 4.519244473472265440e-19 8.102179989833513491e-20
9.814209193411885281e+03 2.818037178748949692e-19 8.283205619447179060e-20
9.820572114251704988e+03 2.179088578877434481e-19 7.633123923297464310e-20
9.826935004242037394e+03 3.019634555610352780e-19 7.767678342758940443e-20
9.833297863373452856e+03 4.005212703349797395e-19 7.454235608925788348e-20
9.839660691629702342e+03 2.704523821363390533e-19 7.246263772781653267e-20
9.846023488994529544e+03 3.075103825411149963e-19 7.369911435988157872e-20
9.852386255459876338e+03 6.525003545071540828e-20 7.521042284280745479e-20
9.858748991008094890e+03 2.402820629268434471e-19 7.163192560924026324e-20
9.865111695627023437e+03 4.894491013913029234e-19 7.372118035536765788e-20
9.871474369304489301e+03 1.029658407633324614e-19 6.789996388201190766e-20
9.877837012022808267e+03 2.076626508418559400e-19 7.259959587382037408e-20
9.884199623773913117e+03 3.358955884238265483e-19 7.207454402868841952e-20
9.890562204542904510e+03 1.857429133842624967e-19 7.167437750066559757e-20
9.896924754310726712e+03 6.301282185155804933e-19 7.502295596523553736e-20
9.903287273070684023e+03 3.362543954766313477e-19 7.213178112026158165e-20
9.909649760805081314e+03 6.079290634105995372e-19 7.102438593170144609e-20
9.916012217501705891e+03 2.763677722167082862e-19 6.999399984384140398e-20
9.922374643148377800e+03 2.597326493823662274e-19 7.609818369501323038e-20
9.928737037728740688e+03 3.355514041636847776e-19 6.507435452391999479e-20
9.935099401233346725e+03 1.620358937892791274e-19 6.304581650079842767e-20
9.941461733643081971e+03 3.346913239212100309e-19 7.092938155496601511e-20
9.947824034948458575e+03 2.357818650683198946e-19 7.171689180989637618e-20
9.954186305134524446e+03 3.266647326325059428e-19 7.041678154810760094e-20
9.960548544186300205e+03 2.830401247507358084e-19 7.154064293466617651e-20
9.966910752091544055e+03 2.923992988092921509e-19 6.848027315837740433e-20
9.973272928839403903e+03 3.188946268098584981e-19 6.971377459417622916e-20
9.979635074410736706e+03 2.419447872639011279e-19 6.793754605840923606e-20
9.985997188797437047e+03 3.502568081099215787e-19 6.875428109350662408e-20
9.992359271980347330e+03 2.393341473161477771e-19 7.260365109143690720e-20
9.998721323949974249e+03 2.215262621559135794e-19 6.644181288014974620e-20
1.000508334469130205e+04 4.260267772972828760e-19 6.975084959979576942e-20
1.001144533419064464e+04 2.530636982151242868e-19 6.737217007689226280e-20
1.001780729243437963e+04 1.885182009290098948e-19 6.861194764264825857e-20
1.002416921940885914e+04 2.042398206326419802e-19 6.758046066714852159e-20
1.003053111510042072e+04 3.415568543704161719e-19 7.302576990514357175e-20
1.003689297949538923e+04 2.111464022533319195e-19 6.571945939092003036e-20
1.004325481257872525e+04 4.201172281537356871e-19 6.360454853897088758e-20
1.004961661434090092e+04 3.801558289434961770e-19 6.859348413018951315e-20
1.005597838476407196e+04 4.706936181903594558e-19 6.969303770802935916e-20
1.006234012383595109e+04 1.412430508983489228e-19 6.549489174352111646e-20
1.006870183154284496e+04 2.364475733568024367e-19 7.412729773378381742e-20
1.007506350787100018e+04 3.999715440669105456e-19 6.787830923901486265e-20
1.008142515280677617e+04 2.382657092254815404e-19 6.645001946789115359e-20
1.008778676633923533e+04 3.700441646603792674e-19 6.221729144361910943e-20
1.009414834844910547e+04 3.868969041950613075e-19 6.940612030129693025e-20
1.010050989912684781e+04 4.971275187398154669e-19 6.733161128002667861e-20
1.010687141835455441e+04 3.555595516761861400e-19 6.160029983407822138e-20
1.011323290612269557e+04 2.815656679416773538e-19 6.255194436286947597e-20
1.011959436241751428e+04 2.763395937795845013e-19 6.422234844527648946e-20
1.012595578722389837e+04 4.264712880244122730e-19 6.113084559542911295e-20
1.013231718052808355e+04 2.011552664611535017e-19 6.015573413872475160e-20
1.013867854231351521e+04 4.162041758391010716e-19 6.686790809686298666e-20
1.014503987257204790e+04 1.839716758415623344e-19 6.253149191803788291e-20
1.015140117128575184e+04 2.366311258804407782e-19 6.553156461301566460e-20
1.015776243844223791e+04 4.149774732626567366e-19 6.217361195964769693e-20
1.016412367402914424e+04 3.259394477653867664e-19 6.304662338775450826e-20
1.017048487803130774e+04 2.127700459385798760e-19 6.202772805358164285e-20
1.017684605043633383e+04 3.273503301613498096e-19 5.980830305422233422e-20
1.018320719122484115e+04 1.374990315448539102e-19 6.303947653874640689e-20
1.018956830039003944e+04 2.079487025559317344e-19 6.091465183240303548e-20
1.019592937791388795e+04 3.452751497633633201e-19 6.222706118494013809e-20
1.020229042378682971e+04 2.542048578214216231e-19 6.231937961707451531e-20
1.020865143798946519e+04 1.956441684936672814e-19 6.097839027543302198e-20
1.021501242051216650e+04 3.123097294264623550e-19 5.606444828697698068e-20
1.022137337133972142e+04 2.488913194362179505e-19 5.480969907325715421e-20
1.022773429045831290e+04 2.878931532473501224e-19 5.868358238250669157e-20
1.023409517785410753e+04 3.212225174646655041e-19 6.069351450829703679e-20
1.024045603351326281e+04 2.676679937919176966e-19 5.524068760525363707e-20
1.024681685742054651e+04 3.039041909427565981e-19 6.087534465757909027e-20
1.025317764956628343e+04 3.553486606618984878e-19 5.972091942266951608e-20
1.025953840993243102e+04 2.665284921575674186e-19 5.687534571812228975e-20
1.026589913850514313e+04 2.839716278072049858e-19 6.000940147947019146e-20
1.027225983527337667e+04 1.864411640936261284e-19 6.215700492249850653e-20
1.027862050022184667e+04 2.687082750352280880e-19 5.719721675547824787e-20
1.028498113333668880e+04 2.536401773650882569e-19 5.898447194780263992e-20
1.029134173460542661e+04 5.295631446847567501e-20 6.107590561603667716e-20
1.029770230401135086e+04 2.264401514730540857e-19 6.096225116397947172e-20
1.030406284154197965e+04 2.474849659890636308e-19 6.291208614561966473e-20
1.031042334718479651e+04 3.951008685646896693e-19 6.594835032249789852e-20
1.031678382092168613e+04 3.805385856709089187e-19 6.043554118675519502e-20
1.032314426274441212e+04 4.405898412069551937e-19 6.342975344858145250e-20
1.032950467263480641e+04 3.134913165021125768e-19 6.237239541675332591e-20
1.033586505058177681e+04 2.042042800557251785e-19 5.985626274759285767e-20
1.034222539656858135e+04 3.891026654781579602e-19 5.931892941658949542e-20
1.034858571058268353e+04 1.874412353397669503e-19 5.812699529705072661e-20
1.035494599261157236e+04 2.900891343291953236e-19 5.860766759303975646e-20
1.036130624263844402e+04 2.999174634674006835e-19 6.109167530769840455e-20
1.036766646065076384e+04 1.748139048383305945e-19 5.750284710929582142e-20
1.037402664663744690e+04 2.849733322199600801e-19 5.925602379028236338e-20
1.038038680057884449e+04 2.859513611585945673e-19 6.171813704553264588e-20
1.038674692246383893e+04 2.839401922390567197e-19 5.796786810987531466e-20
1.039310701227985555e+04 3.432826593605805540e-19 5.772765205411843707e-20
1.039946707001152572e+04 2.661706682716557753e-19 5.551200376074168007e-20
1.040582709564340803e+04 3.459319686318368963e-19 5.641460113466799208e-20
1.041218708916437390e+04 1.922007324245072542e-19 5.755029881102044121e-20
1.041854705055895101e+04 7.731783273019747514e-20 5.421685231348891357e-20
1.042490697981318590e+04 2.767124816191819169e-19 6.061545960342020905e-20
1.043126687691164261e+04 1.804573221861256085e-19 5.916675881913553578e-20
1.043762674184316165e+04 3.331953921460705317e-19 5.636084653522877160e-20
1.044398657459227616e+04 2.553274465270574823e-19 5.535333919964057742e-20
1.045034637514354836e+04 2.176552028005624547e-19 6.017990837882648317e-20
1.045670614348579693e+04 4.989845587995700162e-20 5.277675320668328287e-20
1.046306587960353500e+04 2.191616754667786621e-19 5.630257457951057939e-20
1.046942558348268904e+04 1.008076591856608709e-19 5.624106699067428369e-20
1.047578525510924374e+04 1.579576152036960737e-19 5.438339371842331612e-20
1.048214489446914376e+04 5.635339561033397381e-20 5.387776803695100378e-20
1.048850450154974715e+04 2.538764427900313176e-19 5.578382474195027657e-20
1.049486407633412091e+04 2.900581645661783211e-19 5.554575769531418356e-20
1.050122361880962308e+04 1.848563575316039283e-19 5.608530299043915295e-20
1.050758312896073585e+04 1.997174173646500283e-19 5.377775830764863171e-20
1.051394260677622515e+04 2.765284918899717256e-19 5.432091918923456641e-20
1.052030205224196106e+04 2.756896255191581192e-19 5.369360495248870921e-20
1.052666146534099607e+04 2.345666957194753194e-19 5.390622509582715513e-20
1.053302084606067729e+04 2.202223278314692547e-19 5.312451986938169258e-20
1.053938019438686933e+04 1.979200968063070372e-19 5.295364443529717560e-20
1.054573951030690478e+04 1.962041064379740531e-19 5.072280526306341677e-20
1.055209879380520761e+04 1.610826878809713855e-19 5.454497395056249034e-20
1.055845804486620546e+04 3.600898987112331672e-19 5.790244324611282146e-20
1.056481726347574295e+04 2.536231355027035397e-19 5.545838829483429195e-20
1.057117644962395389e+04 2.834750745728859092e-19 5.288881955512626563e-20
1.057753560329240463e+04 3.567201811798045584e-19 4.756041514259475646e-20
1.058389472446981745e+04 3.669640141647134723e-19 5.147970106742556645e-20
1.059025381314058359e+04 2.430841726125599382e-19 5.146054473678680655e-20
1.059661286928764457e+04 4.566682127949659013e-20 4.712387263007438267e-20
1.060297189290258757e+04 1.598170616189906259e-19 5.194974062090549936e-20
1.060933088396688800e+04 3.028961376720248912e-19 5.360727303087044032e-20
1.061568984247067783e+04 2.222467915126989404e-19 5.293569992143505591e-20
1.062204876839539065e+04 1.781274315290874983e-19 5.492465096941221859e-20
1.062840766172685835e+04 1.943437260331692703e-19 5.013145818245607951e-20
1.063476652245231708e+04 2.126436275494217058e-19 5.021494225206859773e-20
1.064112535055897570e+04 2.516131436794717717e-19 5.072877543820080237e-20
1.064748414603262427e+04 3.198427660298522076e-19 5.093734184963603919e-20
1.065384290885467635e+04 3.158972892530419053e-19 4.835273295636527457e-20
1.066020163901522938e+04 1.911180371886376250e-19 5.026796692486799066e-20
1.066656033649855090e+04 3.358725713233787854e-19 5.481706432921386079e-20
1.067291900128895577e+04 2.665184568447151016e-19 5.373672412225703107e-20
1.067927763337510078e+04 1.823390287748027531e-19 5.046252456482162752e-20
1.068563623274127349e+04 4.072079130198945874e-19 5.218937998928763703e-20
1.069199479937173055e+04 2.468278596681074800e-19 5.241338227521494858e-20
1.069835333324981730e+04 2.603771816391942010e-19 5.516480596854736886e-20
1.070471178054640041e+04 1.405369046099647343e-19 5.539039455076382145e-20
1.071107019445961487e+04 1.028004406699870976e-19 5.191450555097242634e-20
1.071742857558074320e+04 1.928871357734156791e-19 5.270127979211482750e-20
1.072378692389843673e+04 3.305828659498165002e-19 5.556802947543776013e-20
1.073014523939108767e+04 3.679511518479261434e-19 5.475363189694714579e-20
1.073650352205601303e+04 4.095556665080528826e-19 5.585571628630903286e-20
1.074286177187016074e+04 2.664577946479028645e-19 5.291596082949291059e-20
1.074921998882500338e+04 1.652365890350475762e-19 5.226906278071209519e-20
1.075557817290328239e+04 1.906048194510117610e-19 4.883826993030591018e-20
1.076193632408915437e+04 3.425774832022195980e-19 4.968297627081771725e-20
1.076829444237120515e+04 2.609951276333683760e-19 5.348488262854377414e-20
1.077465252773216343e+04 1.768360770176555996e-19 4.988623702339434156e-20
1.078101058016203388e+04 3.221918701528884418e-19 4.846085990543170726e-20
1.078736859964059477e+04 2.403509091647110219e-19 4.626121327701810207e-20
1.079372658615637192e+04 1.997446060369204609e-19 5.360479038405877478e-20
1.080008453969497350e+04 3.824536536263437520e-19 4.550415670656025953e-20
1.080644246024047789e+04 3.379740998931495152e-19 5.314159333185557221e-20
1.081280034778292247e+04 2.596937874834898524e-19 4.724749033184273770e-20
1.081915820230496320e+04 1.828039482104262899e-19 4.908479443849834183e-20
1.082551602378924508e+04 1.457686060633298197e-19 5.128075396998386739e-20
1.083187381222866497e+04 2.219002991652120094e-19 5.498013695799580403e-20
1.083823156760145321e+04 3.463361837067961784e-19 5.568479467196743835e-20
1.084458928989609194e+04 2.726226772690941085e-19 5.366572270285457118e-20
1.085094697909956085e+04 1.720813387989115665e-19 5.045851627460060955e-20
1.085730463519448494e+04 1.795912584589907818e-19 4.754258028267478530e-20
1.086366225817082523e+04 2.318940218713776920e-19 4.610863313059685745e-20
1.087001984800822174e+04 2.187703605038374651e-19 4.579477105022840668e-20
1.087637740469808159e+04 2.372967904046766504e-19 5.200833204653742991e-20
1.088273492822001754e+04 1.438795833783429209e-19 5.078327651511885603e-20
1.088909241856396147e+04 1.225102368717002612e-19 4.925865049053107202e-20
1.089544987571386264e+04 1.700419555847379170e-19 4.741717238515020950e-20
1.090180729965527280e+04 1.808895285245254091e-19 4.861420181233196292e-20
1.090816469037368006e+04 2.736545364899965131e-19 4.757373104030445234e-20
1.091452204785454160e+04 2.874045447828998838e-19 4.636740633270705586e-20
1.092087937208333824e+04 1.164226533406916723e-19 4.735816191818031262e-20
1.092723666304552171e+04 1.973381346375720817e-19 4.669993001023608119e-20
1.093359392072652008e+04 2.386035134750148465e-19 4.514880066798303455e-20
1.093995114511175416e+04 3.087969001642569193e-19 4.794509046250788411e-20
1.094630833618669385e+04 3.015876941558887885e-19 5.175114775905306349e-20
1.095266549393677997e+04 2.082340390142619149e-19 4.716672166313339458e-20
1.095902261834742058e+04 1.807373615722076152e-19 4.446713101200168677e-20
1.096537970940403284e+04 -1.667586095641009430e-20 4.484653644482475236e-20
1.097173676709201936e+04 2.741557879724835275e-19 4.767865772153521996e-20
1.097809379139675002e+04 2.452202701370178331e-19 4.657147667832218711e-20
1.098445078230360741e+04 1.558315700767960783e-19 4.572336767662535647e-20
1.099080773980098093e+04 2.788439940312114620e-19 4.826099289734064669e-20
1.099716466386977845e+04 1.699911921352836802e-19 4.858165669006613311e-20
1.100352155449686506e+04 1.960740799167540181e-19 5.069116683769638672e-20
1.100987841166610815e+04 2.863976323733240665e-19 4.813624344770910912e-20
1.101623523536581524e+04 3.208405728128753877e-19 4.468662723094313777e-20
1.102259202557831486e+04 2.759875649099233330e-19 4.679964556525179065e-20
1.102894878229196365e+04 3.102474867530918284e-19 4.599617178893975572e-20
1.103530550548762221e+04 1.972075192311553443e-19 4.700078874200237626e-20
1.104166219515657031e+04 1.513146650282793763e-19 4.061631534469072432e-20
1.104801885127965943e+04 3.067716750835588554e-19 4.369768245435500283e-20
1.105437547384515346e+04 2.186643607715161976e-19 4.650878715780949131e-20
1.106073206283386753e+04 2.529170207267417836e-19 4.527328321882385977e-20
1.106708861823703046e+04 1.780995374827259052e-19 4.553217577544066735e-20
1.107344514003548466e+04 2.613622217530804289e-19 4.715392581974764619e-20
1.107980162821599515e+04 3.490833109421454039e-19 4.903838372282403384e-20
1.108615808276831558e+04 2.418604397726100900e-19 4.393412226856714831e-20
1.109251450367022153e+04 2.667640562213400343e-19 4.577712594311479817e-20
1.109887089090845438e+04 9.068685278783949309e-20 4.540464225818058819e-20
1.110522724447119253e+04 2.317667069848871614e-19 4.993051907109870872e-20
1.111158356434370944e+04 2.890859889945053727e-19 4.671080313945491735e-20
1.111793985050675474e+04 2.807199499277405751e-19 4.505895864214962471e-20
1.112429610295002385e+04 1.964370440840083496e-19 4.507778889772588635e-20
1.113065232165423549e+04 1.768284239356616103e-19 4.135455301335085327e-20
1.113700850661359073e+04 3.377776395942808180e-19 4.142621113917714419e-20
1.114336465780423350e+04 2.942825433519613711e-19 4.217339502738445471e-20
1.114972077521435131e+04 2.257857754106985574e-19 4.260699206680338359e-20
1.115607685883067279e+04 2.647769004198467187e-19 4.592051668861544370e-20
1.116243290863382572e+04 8.812557010729244024e-20 4.493688853831911275e-20
1.116878892461500072e+04 2.036598619003694981e-19 4.531819902180297539e-20
1.117514490675181332e+04 9.451671374313947934e-20 4.452347560765208927e-20
1.118150085503993432e+04 2.353019989682337303e-19 5.007479901464539905e-20
1.118785676945542582e+04 3.052862011205554236e-19 4.513465342424887922e-20
1.119421264998648076e+04 2.906519098752464045e-19 4.586316498976790947e-20
1.120056849661974047e+04 2.571117762756745232e-19 4.324216876180730106e-20
1.120683800633614374e+04 1.210376586024822420e-19 4.644727869770173002e-20
1.121319378077854890e+04 2.882574822305610429e-19 4.738373593486074716e-20
1.121954951986305969e+04 2.585873110866805262e-19 4.635243065605863457e-20
1.122590522498175596e+04 1.035753909248114020e-19 4.385929967783527724e-20
1.123226089612342003e+04 1.558787190807111696e-19 4.607603206609790901e-20
1.123861653328049397e+04 2.042111558392482626e-19 4.541544157762126206e-20
1.124497213643064424e+04 1.907334201987106411e-19 4.406494268845451983e-20
1.125132770556477590e+04 1.386363306242567901e-19 4.571021214706799260e-20
1.125768324066056994e+04 3.054550226278095085e-19 4.465698474770945208e-20
1.126403874170893687e+04 2.217541992823973716e-19 4.600662846778077004e-20
1.127039420869497553e+04 2.376746364501706400e-19 4.634893313750175920e-20
1.127674964160221498e+04 1.600508496065826748e-19 3.960328034581600626e-20
1.128310504041710374e+04 1.920113147429457497e-19 4.268165956454176541e-20
1.128946040511866704e+04 2.913856809897532995e-19 4.368123172448902558e-20
1.129581573569788270e+04 2.487406610887972600e-19 4.495871768566742898e-20
1.130217103214122108e+04 2.917419317318969640e-19 4.405747505797719864e-20
1.130852629443068327e+04 1.131622733414844633e-19 4.353153757315627195e-20
1.131488152254820852e+04 3.033058123914730381e-19 4.802340566279380132e-20
1.132123671648028721e+04 3.705703189582377601e-19 4.749683504953929010e-20
1.132759187621929595e+04 2.359237554238073684e-19 4.356224684318277918e-20
1.133394700174124955e+04 2.253987317980800109e-19 4.282066796780894614e-20
1.134030209303397351e+04 3.187384718178291048e-19 4.540676579430911910e-20
1.134665715007949257e+04 3.388102532047840524e-19 4.453140665655789477e-20
1.135301217287167128e+04 2.071755988912275113e-19 4.187350889053178136e-20
1.135936716138793963e+04 2.549810864692393075e-19 4.756557610447271411e-20
1.136572211561160657e+04 3.210566321968979846e-19 4.678819989857098310e-20
1.137207703552913154e+04 1.482445662366097299e-19 3.978968582575240451e-20
1.137843192113286750e+04 1.730885474755388038e-19 4.250886886134987406e-20
1.138478677240020625e+04 2.808038152365452853e-19 4.346982504250702027e-20
1.139114158931445127e+04 1.717609972267421248e-19 4.412348171286910252e-20
1.139749637186200380e+04 2.497016762077593339e-19 4.292120701383524452e-20
1.140385112003668110e+04 2.360635714110072229e-19 3.983127192321678602e-20
1.141020583381132383e+04 3.088904032482576381e-19 4.375914651901487774e-20
1.141656051317369383e+04 7.219429554743728332e-20 4.253054639770434496e-20
1.142291515811170757e+04 2.151746076996796588e-19 4.165436296378604435e-20
1.142926976861313778e+04 1.637007029325576489e-19 4.194612472888992749e-20
1.143562434465221850e+04 2.061193170468806898e-19 4.321799876370474636e-20
1.144197888621978200e+04 1.312512701884852333e-19 4.164206237397001879e-20
1.144833339330811214e+04 1.014383778048691843e-19 4.286562106845166590e-20
1.145468786588692092e+04 2.230640239908959568e-19 4.060533334275760069e-20
1.146104230394700062e+04 2.366104045833142190e-19 4.532316635874336014e-20
1.146739670748218305e+04 2.928605387130768598e-19 4.246762622671756630e-20
1.147375107646660945e+04 1.306333348577681242e-19 4.282222204681261938e-20
1.148010541088501304e+04 2.592649560457990359e-19 4.299631954160529271e-20
1.148645971072964676e+04 1.870820730292141337e-19 4.417150634811279275e-20
1.149281397597920659e+04 7.207276319039479165e-20 4.274627182637881527e-20
1.149916820661539350e+04 3.720185145307581811e-21 4.201735789601585456e-20
1.150552240263650128e+04 2.633484248341597299e-19 3.824825410343173087e-20
1.151187656401205095e+04 2.802396055180985121e-19 4.307537968816722277e-20
1.151823069072976978e+04 1.779673341060692591e-19 4.003056903976933390e-20
1.152458478278642906e+04 1.431950714484684890e-19 4.167214125463436908e-20
1.153093884015158073e+04 2.241505720165296414e-19 3.965754369168076126e-20
1.153729286281589702e+04 2.813616974793017970e-19 3.834898530072441389e-20
1.154364685076704882e+04 2.159809624501151334e-19 3.909599131032040583e-20
1.155000080398361933e+04 3.589194054629793059e-19 4.071871864267196345e-20
1.155635472245627534e+04 3.234869364891467072e-19 3.830062079530897842e-20
1.156270860616507161e+04 2.218997880907607984e-19 4.266539774946928656e-20
1.156906245509311702e+04 1.921026181751963039e-19 4.319509725303568146e-20
1.157541626923412150e+04 2.326777111491206136e-19 4.419247195088995045e-20
1.158177004856202984e+04 1.599860151095786613e-19 4.160458153114688167e-20
1.158812379307052106e+04 2.298117966642239799e-19 4.165076251583768922e-20
1.159447750273652491e+04 2.326882579363399316e-19 4.351364740273380675e-20
1.160083117754463638e+04 2.019836694402539692e-19 4.124066351510285532e-20
1.160718481748854356e+04 1.909363728442958427e-19 3.888329689493491226e-20
1.161353842254212213e+04 1.994738390344487994e-19 4.105760688123357247e-20
1.161989199269749224e+04 1.897852525654554175e-19 3.946587322676165699e-20
1.162624552793611292e+04 2.401025112050585963e-19 4.003624786225067849e-20
1.163259902823794437e+04 2.547874329322317980e-19 3.933749449613210123e-20
1.163895249359968329e+04 2.823079045640022385e-19 4.241360086519046528e-20
1.164530592399059606e+04 2.969449338381335852e-19 4.269886746257540654e-20
1.165165931941034978e+04 2.633251114038224363e-19 3.933849615909064114e-20
1.165801267982971513e+04 2.396862072946805874e-19 4.261953681393839216e-20
1.166436600524074493e+04 2.170064080857331400e-19 3.893169320199980294e-20
1.167071929562795958e+04 2.028121946127999698e-19 3.772995743858399064e-20
1.167707255097273992e+04 8.103148785449994903e-20 3.697881889359318985e-20
1.168342577126404285e+04 1.542150018410515746e-19 3.848136016190247152e-20
1.168977895647868172e+04 1.461215364943866313e-19 4.025159887148484646e-20
1.169613210661021549e+04 2.268955557026549902e-19 3.974946641156166507e-20
1.170248522163543385e+04 1.901211062018406180e-19 4.095069164474375378e-20
1.170883830154330462e+04 2.741323465109922741e-19 4.048499715304293687e-20
1.171519134631515408e+04 1.744327575445296394e-19 4.080551587709036694e-20
1.172154435593995368e+04 2.569195185762185755e-19 3.861836392290256659e-20
1.172789733039744897e+04 3.216404968859837628e-19 3.824177793653345188e-20
1.173425026967352460e+04 1.457039776452965206e-19 4.254049740065830042e-20
1.174060317375252998e+04 7.783752956300793495e-20 3.926727387632477109e-20
1.174695604261572771e+04 1.839569027410809137e-19 3.986929697811524949e-20
1.175330887625512332e+04 2.394195803753090312e-19 3.951180189891251841e-20
1.175966167464890168e+04 2.154331510669989554e-19 4.330727483813905723e-20
1.176601443778287103e+04 2.275146432896926409e-19 4.340586919898639984e-20
1.177236716564134804e+04 1.445352386006717388e-19 4.122477070288993960e-20
1.177871985820863665e+04 2.385951270058364860e-19 3.899658796452732785e-20
1.178507251547049964e+04 1.560407500017057664e-19 4.010162502907551987e-20
1.179142513740813047e+04 2.072063203863991370e-19 4.043489045524982692e-20
1.179777772400576396e+04 1.371524707855309838e-19 3.811773612292148562e-20
1.180413027525078905e+04 2.449798516244916629e-19 4.240098333652733153e-20
1.181048279112743876e+04 2.186564887894472575e-19 3.896716934708426319e-20
1.181683527162676728e+04 2.434294145058527726e-19 3.987239065784704578e-20
1.182318771814213869e+04 1.778797556599318752e-19 3.568407318641901802e-20
1.182945325827435227e+04 1.897293989892147458e-19 3.819932147371607701e-20
1.183580562671833286e+04 2.158508589649515369e-19 3.867732276629702148e-20
1.184215795970826366e+04 2.870942551555233729e-19 3.442683340072530447e-20
1.184851025723620478e+04 1.572162176547810064e-19 3.473094639209565015e-20
1.185486251928316233e+04 2.469926837615706657e-19 3.711422246806063822e-20
1.186121474583173404e+04 1.016771137486390388e-19 3.715502924063688547e-20
1.186756693686924518e+04 1.312007474182657452e-19 3.686847173259682612e-20
1.187391909237663458e+04 1.931201611866314688e-19 3.753617418547142552e-20
1.188027121234116203e+04 9.646342142016699955e-20 3.661755232140244982e-20
1.188662329674217654e+04 6.728339675441057341e-20 3.491695688141187420e-20
1.189297534557177642e+04 1.866159607316232204e-19 3.764026979051765967e-20
1.189932735880448490e+04 2.028250174196613128e-19 3.813893055061129076e-20
1.190567933643395554e+04 2.148754572895676959e-19 4.074687318247834862e-20
1.191203127843622678e+04 2.112366957789847306e-19 3.958788626402784098e-20
1.191838318480016096e+04 4.633532887581598738e-20 3.616508915509177752e-20
1.192473505550984737e+04 1.544306471708880957e-19 3.859874839362908070e-20
1.193108689054293063e+04 2.837808116430571931e-19 3.668248795573067429e-20
1.193743868989302973e+04 2.829570982054314153e-19 3.749744781412895988e-20
1.194379045353770198e+04 1.761378771663332056e-19 3.851081536577005493e-20
1.195014218146099120e+04 2.722446952717346954e-19 4.152883709561907367e-20
1.195649387365332223e+04 2.505896833815974903e-19 3.839808776463221227e-20
1.196284553008746479e+04 1.545858681960750205e-19 4.091241610136491536e-20
1.196919715075862223e+04 1.237751280422002919e-19 3.902467029404422140e-20
1.197554873564267655e+04 1.177154249983521528e-19 3.650767856653601673e-20
1.198190028473003440e+04 1.988910064615123157e-19 3.813739809646047583e-20
1.198825179799985017e+04 1.633183384541607550e-19 3.520049635425807871e-20
1.199460327543926905e+04 1.059569912480462223e-19 3.785365001318999549e-20
1.200095471702739451e+04 1.380943388129593114e-19 3.474634943459382587e-20
1.200730612275289059e+04 2.753955837660606621e-19 4.043116818535109948e-20
1.201365749259971562e+04 2.600244704790993345e-19 3.856155809880501122e-20
1.202000882654855741e+04 1.452829125501202582e-19 3.589941504220986506e-20
1.202636012458651203e+04 1.108219321667744519e-19 3.766641689050600496e-20
1.203271138669423453e+04 2.192729156956951452e-19 3.943466748255796068e-20
1.203906261285711480e+04 2.161874012108357538e-19 3.668916993866356249e-20
1.204541380305907114e+04 1.773847721381187106e-19 3.478111107473581147e-20
1.205176495728394730e+04 2.500802746735082110e-19 3.570069619609291849e-20
1.205811607551718953e+04 1.204651344938552275e-19 3.820341420258093631e-20
1.206446715774098629e+04 1.513382236104942118e-19 3.622184639468324305e-20
1.207081820393745875e+04 2.041907014584269069e-19 3.999384187150709438e-20
1.207716921409371753e+04 2.939076356328791161e-19 3.944628006572838142e-20
1.208352018818868964e+04 1.743971721727573601e-19 3.764409119377230337e-20
1.208987112621423512e+04 2.687865595655776682e-19 3.807316040588596546e-20
1.209622202814600678e+04 1.913127348326795222e-19 3.900146170632474953e-20
1.210257289397257409e+04 2.206724211067168518e-19 3.925673137994092309e-20
1.210892372367612188e+04 1.738872932459516785e-19 3.865981372126913906e-20
1.211527451724037019e+04 1.478270600148063374e-19 3.775738245018305321e-20
1.212162527464743107e+04 1.125936106992444617e-19 3.943875141753770993e-20
1.212797599588419871e+04 3.348260116545295759e-19 3.771558147823300505e-20
1.213432668093113170e+04 2.885640703376677414e-19 4.134059022765678851e-20
1.214067732977683227e+04 3.215661800606472610e-19 4.079613834329009258e-20
1.214702794239847572e+04 2.846640278595135292e-19 4.135883687537921924e-20
1.215337851878460060e+04 2.941894931088526143e-19 4.133874101579638639e-20
1.215972905891878872e+04 1.921310725816179815e-19 3.987591622052393533e-20
1.216607956277986341e+04 2.256124858051183693e-19 4.138061228659532452e-20
1.217243003035634865e+04 2.454508642384307115e-19 3.606291615468261687e-20
1.217878046163186809e+04 2.837140506703352259e-19 3.674416847804746313e-20
1.218513085658348791e+04 2.671878263212152360e-19 3.617373087001545469e-20
1.219148121520617315e+04 1.624494468749058709e-19 3.869362906328100046e-20
1.219783153747215874e+04 3.032525866639205528e-19 4.081171011874029100e-20
1.220418182337318831e+04 1.265856294016302675e-19 3.587621256087954069e-20
1.221053207288954582e+04 1.262689543651551798e-19 3.762352091391072247e-20
1.221688228600148432e+04 2.049381568123716833e-19 3.782353701742894260e-20
1.222323246269908304e+04 2.472599995268093685e-19 3.658675785405847476e-20
1.222958260296100889e+04 2.388809911713988707e-19 3.692138234159127302e-20
1.223593270677241708e+04 2.172645796450990207e-19 3.736978947305062972e-20
1.224228277411681483e+04 2.902709385542191841e-19 3.657264356575084589e-20
1.224863280497926644e+04 2.205311249518045876e-19 3.468453348979109872e-20
1.225498279934003222e+04 2.575906484465323794e-19 3.538605105041712491e-20
1.226133275718425830e+04 1.716829658080848854e-19 3.605234091292682514e-20
1.226768267849702897e+04 1.999135822567340376e-19 3.502068934272702032e-20
1.227403256326015071e+04 2.012444555661734528e-19 3.726177380688036012e-20
1.228038241145699976e+04 2.917537889110499242e-19 3.798161565468244219e-20
1.228673222307109791e+04 1.046471997750254664e-19 3.599758527813434740e-20
1.229308199808419886e+04 1.911956357952227741e-19 3.577213599565529663e-20
1.229943173648300217e+04 2.614456192774256936e-19 3.739630518102441145e-20
1.230578143824590370e+04 9.939132352448467694e-20 3.850462442679797239e-20
1.231213110336291356e+04 1.018199789110729784e-19 3.395610925858629005e-20
1.231848073181413201e+04 8.480495517973486300e-20 3.597429952813255433e-20
1.232483032358292439e+04 1.356176592183629736e-19 3.298627741205681368e-20
1.233117987865261784e+04 1.925265443556747685e-19 3.676178584126279915e-20
1.233752939700484785e+04 2.090663182487588341e-19 3.522716393937920324e-20
1.234387887862796379e+04 2.544402294055703403e-19 3.485935583888430689e-20
1.235022832350032695e+04 2.336331721830997870e-19 3.770805968181614879e-20
1.235657773160690340e+04 1.461932696779173013e-19 3.490940036018946587e-20
1.236292710293089658e+04 1.284020890696395137e-19 3.449437608666905686e-20
1.236927643745564819e+04 1.575688007075094467e-19 3.678686930538344731e-20
1.237562573516443990e+04 2.472325316362535606e-19 3.729423796076637451e-20
1.238197499604052064e+04 2.863689170030634237e-19 3.520129720549391760e-20
1.238832422006880006e+04 2.033635561842364814e-19 3.722866808366279368e-20
1.239467340722746485e+04 2.618726996879581139e-19 3.966124901237607782e-20
1.240102255750645418e+04 1.540687595971078905e-19 3.865664051686407437e-20
1.240737167088398564e+04 1.125908423479234085e-19 3.669915236900701958e-20
1.241372074734493981e+04 1.160375182688196377e-19 3.461579622065563861e-20
1.242006978687074297e+04 1.480542021401913452e-19 3.732430590919419196e-20
1.242641878944962264e+04 1.963083150195710824e-19 3.546917757752557079e-20
1.243276775506144259e+04 1.494140197148563398e-19 3.546359647226282517e-20
1.243911668368934988e+04 1.697466072765612325e-19 3.460414102004844131e-20
1.244546557531312465e+04 1.541414269675072825e-19 3.436451768412422024e-20
1.245181442992251505e+04 1.922196410927233959e-19 3.373899683644293231e-20
1.245816324749570958e+04 1.774313187191959959e-19 3.646846317235153657e-20
1.246451202801915497e+04 2.094655760919313413e-19 3.617402888458990554e-20
1.247086077147258766e+04 2.686356062158148096e-19 3.326125588351267933e-20
1.247720947784067903e+04 2.002424029105788428e-19 3.323977297751719304e-20
1.248355814710992308e+04 2.202398667014338656e-19 3.545382723594482243e-20
1.248990677925670752e+04 1.756547028502094914e-19 3.483568213769932836e-20
1.249625537426907431e+04 1.826271955410448058e-19 3.438617254082028521e-20
1.250260393212832969e+04 2.450810807989574923e-19 3.515560731411066451e-20
1.250895245281752796e+04 1.976459552639488612e-19 3.471884314185143605e-20
1.251530093631802993e+04 1.162974162646318023e-19 3.512482632812953227e-20
1.252164938261450516e+04 1.819424635908196504e-19 3.687733798600580938e-20
1.252799779169326393e+04 1.314890660789521522e-19 3.653474748628493097e-20
1.253434616353054116e+04 2.368183013531509892e-19 3.352429971153534502e-20
1.254069449811438426e+04 1.999404428546121471e-19 3.465849928638629506e-20
1.254704279542607765e+04 2.555043442984227612e-19 3.533743722327791375e-20
1.255339105544686026e+04 1.739997407737208977e-19 3.516562897714668403e-20
1.255973927816461946e+04 1.671493852584243250e-19 3.426579608834066480e-20
1.256608746355731819e+04 1.904723941449784064e-19 3.521811777405895243e-20
1.257243561160953141e+04 1.604332235176353055e-19 3.878039103805292900e-20
1.257878372230414971e+04 2.069462484290118768e-19 3.636509192879146224e-20
1.258513179562396544e+04 2.456699507270062125e-19 3.452835352094443606e-20
1.259147983155528345e+04 1.830245580585736966e-19 3.284666237198721453e-20
1.259782783007254329e+04 1.385952844928392840e-19 3.424655516091864380e-20
1.260417579116700290e+04 2.513262658039381248e-19 3.505049131938844021e-20
1.261052371481638147e+04 1.415059841386838162e-19 3.631054953995230691e-20
1.261687160100520487e+04 1.930569131687060657e-19 3.134168328292459061e-20
1.262321944971629637e+04 2.315737002440285430e-19 3.645955600642947019e-20
1.262956726093245561e+04 2.103273527675281217e-19 3.758924476008109740e-20
1.263591503463643130e+04 1.756823274504164988e-19 3.568854125053901644e-20
1.264226277081264925e+04 1.741834397198658800e-19 3.191442437199301820e-20
1.264861046944053487e+04 3.358916320878548954e-21 3.320870622374938422e-20
1.265495813050452489e+04 2.884329822070443574e-19 3.415834919675710977e-20
1.266130575399072222e+04 9.054661292065893081e-19 4.356917927577921319e-20
1.266765333987668964e+04 2.966265280714369235e-18 5.546455081737533348e-20
1.267400088814691480e+04 2.180814151896733933e-18 5.633449376032844813e-20
1.268034839878239109e+04 2.242497856678476951e-19 3.238459532347228445e-20
1.268669587176748610e+04 1.636367124453637730e-19 3.268781728680951334e-20
1.269304330708476300e+04 2.156842548158547239e-19 3.452286765330373380e-20
1.269939070471698869e+04 2.054892740990435603e-19 3.425991167978249173e-20
1.270573806465019879e+04 3.163764152096238643e-19 3.495581981158953711e-20
1.271208538686361680e+04 2.536280606938368653e-19 3.474108521553298971e-20
1.271843267133637710e+04 2.375077063712972065e-19 3.462116113300823843e-20
1.272477991805455895e+04 2.079612297964910510e-19 3.344152124802889602e-20
1.273112712700245538e+04 1.520352738294700965e-19 3.309233032438390124e-20
1.273747429816095973e+04 1.861767360222743764e-19 3.206876315333404242e-20
1.274382143151255696e+04 2.198727261336918617e-19 3.519021410259450515e-20
1.275016852704155281e+04 2.396449191471465413e-19 3.373440765944457855e-20
1.275651558472539364e+04 1.909017855718027353e-19 3.450618267460177402e-20
1.276286260455173033e+04 6.231511679345380302e-20 3.337630098018662598e-20
1.276920958650129978e+04 1.690391154201783142e-19 3.333656620060554175e-20
1.277555653055834773e+04 2.217443781320427500e-19 3.643045363991736172e-20
1.278190343670368929e+04 6.335909166391088781e-20 3.242506920859672121e-20
1.278825030491810139e+04 1.276169245901984680e-19 3.371020205788124958e-20
1.279459713518397075e+04 1.860074630040886656e-19 3.348122194777435864e-20
1.280094392748894279e+04 1.551055450844150327e-19 3.419579949297328950e-20
1.280720288717000585e+04 1.192328228612613961e-19 3.370977132137884097e-20
1.281354959907864941e+04 7.169374428668152909e-20 3.351590481197564780e-20
1.281989627151952482e+04 2.689930965076933223e-19 3.516845258398941511e-20
1.282624290591840509e+04 2.552715914059193705e-19 3.294834751556736439e-20
1.283258950226613888e+04 1.782917553472652426e-19 3.499016635931135879e-20
1.283893606053831900e+04 2.254131641882681936e-19 3.394146692258544243e-20
1.284528258072405515e+04 1.332096670550154174e-19 3.718082584645389117e-20
1.285162906280740208e+04 2.414877188393164473e-19 3.339701297212858236e-20
1.285797550676398350e+04 2.327287654909664597e-19 3.535682442853190381e-20
1.286432191258111197e+04 1.446489344773183620e-19 3.356735597046145081e-20
1.287066828024111237e+04 1.801152697635894689e-19 3.477172103660217917e-20
1.287701460972120731e+04 1.586125118594902854e-19 3.606613089938951623e-20
1.288336090100542242e+04 2.649863495521486185e-19 3.334191748678761745e-20
1.288970715408439719e+04 2.122448268993263285e-19 3.340179433195723014e-20
1.289605336892692321e+04 1.581596817235836831e-19 3.149682907668164701e-20
1.290239954552366544e+04 2.073026384401770989e-19 3.320314166715059524e-20
1.290874568385860948e+04 2.150508378823072379e-19 3.298383863863602534e-20
1.291509178390883426e+04 2.393450283762624125e-19 3.494346996761069855e-20
1.292143784565823626e+04 7.151119076734129970e-20 3.219068267630420333e-20
1.292778386908902758e+04 1.139048482400693017e-19 3.369675934083176357e-20
1.293412985418338940e+04 1.713267137815788652e-19 3.293338448329722981e-20
1.294047580092176759e+04 2.253141077003869547e-19 3.443960425116064755e-20
1.294682170929139647e+04 2.461002881735710490e-19 3.616185692107717044e-20
1.295316757926767787e+04 2.209675053441482608e-19 3.589494987935984608e-20
1.295951341083949774e+04 3.862424560865854510e-19 3.412423721917310999e-20
1.296585920398388225e+04 5.121837872942734700e-19 3.692701207198386917e-20
1.297220495868630496e+04 3.177824657759169588e-19 3.459553780280678278e-20
1.297855067492714988e+04 2.373827542270077665e-19 3.472218620148865952e-20
1.298489635268340680e+04 2.880508272288727755e-19 3.939812741868165696e-20
1.299124199194560788e+04 4.605523060507276185e-19 4.423900265568662554e-20
1.299758759269413713e+04 3.790486732934109229e-19 4.242697309067342310e-20
1.300393315490763780e+04 1.927533183179926487e-19 3.400320312052978853e-20
1.301027867857150704e+04 1.248697310893821477e-19 3.445875449204288587e-20
1.301662416366433717e+04 1.458352982033907340e-19 3.422366793162678447e-20
1.302296961017149079e+04 1.593910439834796404e-19 3.548684233847344313e-20
1.302931501806991582e+04 1.937712828768725446e-19 3.357827102979791370e-20
1.303566038735006259e+04 1.258438995142315504e-19 3.629655692893315592e-20
1.304200571798535384e+04 7.713240878800973194e-20 3.279892246959515259e-20
1.304835101051607489e+04 1.967079925909561951e-19 3.302202230684095285e-20
1.305469634319132274e+04 2.522908893621970009e-19 3.400444984600263070e-20
1.306104163834076462e+04 1.238560438067276316e-19 3.255139512753631199e-20
1.306738689477756088e+04 1.018216337861804539e-19 3.443258464830769214e-20
1.307373211248269399e+04 1.105386191356121259e-19 3.343487154807791316e-20
1.308007729143636789e+04 2.190397981422083137e-19 3.293574209232128401e-20
1.308642243161868646e+04 1.752910280497984318e-19 3.672890901659940462e-20
1.309276753301662211e+04 2.019937525705964095e-19 3.547700497784078620e-20
1.309911259560518010e+04 1.298866418145168069e-19 3.304256142972659032e-20
1.310545761937131647e+04 2.290803746986809872e-19 3.722896278814579449e-20
1.311180260429508780e+04 2.319678282570799704e-19 3.586217702310850895e-20
1.311814755035661619e+04 1.313570403423211065e-19 3.646316106030951154e-20
1.312449245754622098e+04 2.021167913836485774e-19 3.438273291004436841e-20
1.313083732583024903e+04 1.649352483270237305e-19 3.457811323404119702e-20
1.313718215520410558e+04 2.300479738563342535e-19 3.230287702469865531e-20
1.314352694564098601e+04 1.647270552254124979e-19 3.476014410437233918e-20
1.314987169712778632e+04 1.851132921305286041e-19 3.437938472718978449e-20
1.315621640964622384e+04 1.960476139747630969e-19 3.465930245355891061e-20
1.316256108317450708e+04 1.345509707589320577e-19 3.748486958074413026e-20
1.316890571769601775e+04 7.098227835476569768e-20 3.320189860707698890e-20
1.317525031319247864e+04 1.564890972085127711e-19 3.229620216034626497e-20
1.318159486964552343e+04 1.126472836629437608e-19 3.444256678206328225e-20
1.318793938703850108e+04 1.692177337869078230e-19 3.382445160304379163e-20
1.319428386534958008e+04 1.408202141701269440e-19 3.298800455070272848e-20
1.320062830456212760e+04 1.817667933835349764e-19 3.362473220513052915e-20
1.320697270465943620e+04 9.468560018351176051e-20 3.487183157010593196e-20
1.321331706561964165e+04 1.234635215696686814e-19 3.568370531862524404e-20
1.321966138742777912e+04 8.339695299348902431e-20 3.198140436697079351e-20
1.322600567006368510e+04 2.146182054781270326e-19 3.461197889593720479e-20
1.323234991351868848e+04 1.354273854119908869e-19 3.443475099359145334e-20
1.323860592278864715e+04 2.339415771294617360e-19 3.401691453380103677e-20
1.324495008188302927e+04 1.837476178003822152e-19 3.221221204552690110e-20
1.325129420172878054e+04 1.772046508620817009e-19 3.337933241484967683e-20
1.325763828231092339e+04 1.280069628151749234e-19 3.460251620607772693e-20
1.326398232360920701e+04 2.404908420725929059e-19 3.543209211575848317e-20
1.327032632560332058e+04 1.831906988355638723e-19 3.240432705809990508e-20
1.327667028827994000e+04 2.130523451424415783e-19 3.393068218770775812e-20
1.328301421161344115e+04 1.956846416037159334e-19 3.437200595092951450e-20
1.328935809558882283e+04 1.517214535334167280e-19 3.278971259768190642e-20
1.329570194019102746e+04 7.862875803690080403e-20 3.375823355950085496e-20
1.330204574539424357e+04 2.630678082374210947e-19 3.616416104404579890e-20
1.330838951118704790e+04 2.309269691005062863e-19 3.340321209494337848e-20
1.331473323754368175e+04 1.538707659258726773e-19 3.367739105425286593e-20
1.332107692445256362e+04 2.202422977743184988e-19 3.542050727169912910e-20
1.332742057189144361e+04 1.601257849762963334e-19 3.164636709798845317e-20
1.333376417983991087e+04 1.698329486741497999e-19 3.389446349652432170e-20
1.334010774827926980e+04 4.292937187032047501e-19 3.526293225843185521e-20
1.334645127719427728e+04 2.457950310187115030e-19 3.439222046501712466e-20
1.335279476656628685e+04 2.113068806345545223e-19 3.614220409494159226e-20
1.335913821637299043e+04 1.586394819543070070e-19 3.464165516773363398e-20
1.336548162659918489e+04 1.270533645896225692e-19 3.154047938709247625e-20
1.337182499722246212e+04 1.292748138090384311e-19 3.285902305873695899e-20
1.337816832822590550e+04 8.661429475722229972e-20 3.120934673090485456e-20
1.338451161959072488e+04 2.228136031551031320e-19 3.280936435467929273e-20
1.339085487130160800e+04 6.039886713291788779e-20 2.984300870202740259e-20
1.339719808333259243e+04 1.430264194873198628e-19 2.954199181558856478e-20
1.340354125566845323e+04 9.172322684472454504e-20 3.217904411475182442e-20
1.340988438829213555e+04 1.172647952058531786e-19 3.278791446846876671e-20
1.341622748118285199e+04 1.445615975049172475e-19 3.272570133553214967e-20
1.342257053431824352e+04 9.481780774701670172e-20 3.211683931343926821e-20
1.342891354768659221e+04 1.424341697862325442e-19 3.419035415603651676e-20
1.343525652126712885e+04 1.980994160929406184e-19 3.417178544616738019e-20
1.344159945503372728e+04 7.028506002090087845e-20 3.142515245870296843e-20
1.344794234897829483e+04 1.709149442606009538e-19 3.154775558757818811e-20
1.345428520307467261e+04 7.863385608081014139e-20 3.058406646119704752e-20
1.346062801730378487e+04 1.531091093597131091e-19 3.132246255547995584e-20
1.346697079164853130e+04 1.118229904573797002e-19 3.121146807745439885e-20
1.347331352609353053e+04 1.133374676448208561e-19 3.539366837028458154e-20
1.347965622061251088e+04 1.808966639291799456e-19 3.411865714204849895e-20
1.348599887519361801e+04 1.043343246009222462e-19 3.658927941601020358e-20
1.349234148981066392e+04 1.266358320745615693e-19 3.333754080653816132e-20
1.349868406445180881e+04 1.449554844023505805e-19 3.263449776595740801e-20
1.350502659909246177e+04 2.830075121340635438e-19 3.555021554550503996e-20
1.351136909371541333e+04 1.158330138409685818e-19 3.638813157132022783e-20
1.351771154830158048e+04 1.598143875409463781e-19 3.625212291703000229e-20
1.352405396283180198e+04 1.694172688816790565e-19 3.584465674123418681e-20
1.353039633728870649e+04 1.649464267522060694e-19 3.400904714837682836e-20
1.353673867164961302e+04 1.061892133695761237e-19 3.450392065149847600e-20
1.354308096589716661e+04 2.608327314991950233e-19 3.454310545770767356e-20
1.354942322001207867e+04 1.580536849937194543e-19 3.418044886315638510e-20
1.355576543397705973e+04 1.467469796200891228e-19 3.223731366909230707e-20
1.356210760776928328e+04 1.664297792943391991e-19 3.250118463155074333e-20
1.356844974137311146e+04 1.308653194859729911e-19 3.624518922047825788e-20
1.357479183476746584e+04 1.065530821726264789e-19 3.146569582385455845e-20
1.358113388792953810e+04 9.804730770645806620e-20 3.283616872530527915e-20
1.358747590084730291e+04 1.515358508226148527e-19 3.467222060764520062e-20
1.359381787349776278e+04 2.073054888877290906e-19 3.678084893519141376e-20
1.360015980585987745e+04 1.908467276454346646e-19 3.348478045566100518e-20
1.360650169791618646e+04 1.225965887989481951e-19 3.388864073026608500e-20
1.361284354964909835e+04 2.947444362902452875e-19 3.585152116152288229e-20
1.361918536103563747e+04 1.705340631816938425e-19 3.522506857560783510e-20
1.362552713206196677e+04 1.545459521282958452e-19 3.441073880760193357e-20
1.363186886270142350e+04 1.966077270450099678e-19 3.491844052466642322e-20
1.363821055294180587e+04 1.780641260775784617e-19 3.269307578660072223e-20
1.364455220275651300e+04 1.137082333761019371e-19 3.354066866059126958e-20
1.365089381213161687e+04 1.736266060231221123e-19 4.051398307741363182e-20
1.365723538104395084e+04 1.569331543981851602e-19 3.267416916655500773e-20
1.366357690948141135e+04 1.294123486438190714e-19 3.465329219165058054e-20
1.366991839741177137e+04 1.332543073893524933e-20 3.355345469054236164e-20
1.367625984482833337e+04 1.491258963137499409e-19 3.937839531031229633e-20
1.368260125170239007e+04 1.810477996263633285e-19 3.584752900967023755e-20
1.368894261802184701e+04 1.414518724347845503e-19 3.507973104375529368e-20
1.369528394376168399e+04 -1.550312174840878345e-20 3.358069475976502260e-20
1.370162522890410037e+04 1.830425270311529296e-19 3.483803997314635361e-20
1.370796647343144832e+04 1.121644558272011554e-19 3.400657457691879250e-20
1.371430767732050663e+04 1.850427470086915245e-19 3.175586304474410279e-20
1.372064884055532093e+04 1.695844064729832805e-19 3.308251527102986772e-20
1.372698996310891380e+04 6.607546084625695682e-20 3.076407585155803504e-20
1.373333104497459499e+04 1.598945065669472601e-19 3.336907040822500806e-20
1.373967208612357354e+04 1.584590027458714827e-19 3.182866298108019100e-20
1.374601308653604610e+04 1.610391619687858151e-19 3.363545595255612167e-20
1.375235404619433575e+04 1.467066521330551213e-19 3.254106838904684888e-20
1.375869496507691474e+04 1.106593322296766264e-19 3.521977430154710525e-20
1.376503584317138120e+04 2.717720543126369715e-19 3.760036233108498048e-20
1.377137668045068858e+04 2.466817277305898303e-19 3.677451782897563878e-20
1.377771747689516451e+04 2.348047988312406995e-19 3.401514404182455209e-20
1.378405823248871820e+04 1.017053643524744851e-19 3.275128445608408133e-20
1.379039894720786288e+04 1.717195492276615255e-19 3.566453483373059752e-20
1.379673962103659323e+04 2.001285424735010598e-19 3.321873268477681245e-20
1.380308025395144796e+04 1.304690958516748000e-19 3.437986957141971319e-20
1.380942084593617619e+04 1.651879765482906845e-19 3.233941114855695081e-20
1.381576139697111284e+04 1.439008457857089942e-19 3.329390818118924361e-20
1.382210190703085573e+04 1.398445227139367482e-19 3.513161502898840595e-20
1.382844237610104210e+04 1.292355275050373996e-19 3.233435674300560767e-20
1.383478280415999143e+04 1.977409648989624793e-19 3.374116383492015223e-20
1.384112319118786581e+04 1.163345731641031793e-19 3.361828037723441276e-20
1.384746353716287376e+04 8.289232977185408634e-20 3.428339942403979809e-20
1.385380384207064162e+04 6.950140337313922831e-20 3.382909745713466443e-20
1.386014410588760802e+04 1.901043296658422110e-19 3.336230252404098606e-20
1.386648432859011700e+04 1.901132529534039509e-19 3.235282888143565399e-20
1.387282451016366758e+04 1.853192786984403685e-19 3.221552259909484449e-20
1.387916465058840731e+04 1.360091271931590195e-19 3.075296240695517978e-20
1.388550474983877939e+04 1.438268327494434422e-19 3.623235397186004216e-20
1.389184480790211637e+04 2.739107681920859471e-19 3.758279885200075449e-20
1.389818482475287965e+04 2.299882036960843879e-19 3.653897301577486871e-20
1.390452480037293935e+04 1.595588092528156526e-19 3.333903883046013279e-20
1.391086473474403283e+04 1.100389284997941880e-19 3.550506328330417707e-20
1.391720462784237498e+04 1.502475663485914561e-19 3.340354980008850592e-20
1.392354447965167128e+04 1.331941027298466269e-19 3.321580396917595482e-20
1.392988429014807116e+04 2.069312702863920236e-19 3.488505949759371647e-20
1.393622405931325193e+04 1.315059907124938672e-19 3.400987114973086637e-20
1.394256378712905280e+04 9.191028334607018845e-20 3.620344528710170985e-20
1.394890347357345672e+04 1.612197013912221262e-19 3.580166630644631273e-20
1.395524311862431023e+04 8.085452051504803542e-20 3.377444285920706906e-20
1.396158272226717781e+04 1.395706192584054247e-19 3.417282609127101207e-20
1.396792228447437810e+04 9.455384509335699489e-20 3.122240509946292445e-20
1.397426180522935465e+04 1.354044553862127631e-19 3.150260423186119993e-20
1.398051236349448300e+04 9.229687061925361964e-20 3.357022774894534732e-20
1.398685179677367159e+04 2.091560654151981717e-19 3.337026814947905972e-20
1.399319118706138943e+04 9.335167859440007785e-20 3.152776396614619723e-20
1.399953053580265077e+04 5.902260470760550654e-20 3.157002539743387962e-20
1.400586984298780771e+04 8.015795736200417516e-20 3.311564543362925805e-20
1.401220910860022013e+04 2.175612424822942368e-19 3.361670231426232695e-20
1.401854833261776002e+04 1.280104788662750240e-19 3.395101641735782153e-20
1.402488751502193372e+04 7.962787810875099012e-20 3.189388773378456362e-20
1.403122665578865963e+04 5.933779515965578104e-20 3.328655378012132191e-20
1.403756575489758143e+04 1.410845316517401574e-19 3.466190851165822296e-20
1.404390481233571882e+04 1.736468906925813756e-19 3.553176946255851176e-20
1.405024382807156690e+04 1.331800838078719086e-19 3.372551144991866857e-20
1.405658280209021359e+04 1.592612467004918472e-19 3.471430807730847752e-20
1.406292173437502242e+04 1.516467942255253570e-19 3.528813978419179093e-20
1.406926062490178629e+04 1.971960816902518890e-19 3.525891070906450576e-20
1.407559947364818800e+04 1.318399219004851373e-19 3.331288421510916222e-20
1.408193828059928819e+04 1.254814572203769546e-19 3.525842740661090927e-20
1.408827704572350558e+04 1.455523931442587713e-19 3.323744546000728000e-20
1.409461576901507760e+04 2.501502373119822865e-19 3.298806279565851748e-20
1.410095445044246480e+04 7.602064703099845522e-20 3.430092210948629455e-20
1.410729308999057866e+04 1.053026292239707146e-19 3.343325680855287286e-20
1.411363168763333306e+04 1.991352495615022897e-19 3.227687319359543425e-20
1.411997024335757123e+04 1.727065427960366522e-19 3.367664785758547355e-20
1.412630875713901878e+04 1.711372880755752862e-19 3.253763351705062380e-20
1.413264722895701379e+04 1.419998585367365522e-19 3.198872045250466273e-20
1.413898565879090347e+04 1.317073271412298808e-19 3.299739329655904685e-20
1.414532404661638611e+04 2.354637805766852910e-19 3.466492027563979334e-20
1.415166239242019037e+04 8.929167029214220445e-20 3.440097700649428099e-20
1.415800069617795452e+04 2.382223591019853724e-19 3.578012964119960196e-20
1.416433895786899666e+04 8.683200986761645295e-20 3.748275978296920152e-20
1.417067717747255847e+04 1.785317976177180637e-19 3.528740884301734007e-20
1.417701535496790348e+04 1.739126747067913064e-19 3.616587920224305188e-20
1.418335349033249804e+04 1.273291754021223884e-19 3.439082536275404829e-20
1.418969158355110994e+04 1.373568418013789565e-19 3.338345982895433111e-20
1.419602963459737293e+04 1.471659464091441324e-19 3.315155164136465009e-20
1.420236764345239135e+04 5.837823415209322715e-20 3.085511167033115420e-20
1.420870561009345147e+04 1.118103824756897872e-19 3.416258697884043529e-20
1.421504353450535200e+04 1.782373669295135825e-19 3.323524497032443609e-20
1.422138141666353658e+04 1.841491513851268895e-19 3.398450588872591259e-20
1.422771925654334518e+04 1.703272886322468401e-19 3.145230780588741991e-20
1.423405705412953102e+04 1.732763897036224695e-19 3.365534153060770904e-20
1.424039480940125031e+04 1.219585286284512711e-19 3.201636445396851527e-20
1.424673252233382118e+04 1.119982946345868564e-19 3.362452010421896994e-20
1.425307019291002871e+04 9.270235275625464980e-20 3.188395745763476769e-20
1.425940782110523287e+04 1.996331995530421046e-19 3.611364634525352873e-20
1.426574540690032700e+04 2.166548280818970582e-19 3.368815247415394557e-20
1.427208295027807799e+04 1.369900368676334489e-19 3.300007249282830166e-20
1.427842045121000410e+04 1.250238462642830018e-19 3.369926636499931295e-20
1.428475790967882858e+04 1.068495060379702812e-19 3.157197133388110033e-20
1.429109532566539747e+04 1.483225012358367749e-19 3.334844049687257431e-20
1.429743269914496523e+04 1.310567998285389690e-19 3.283027656649751709e-20
1.430377003010207409e+04 2.162360831724062643e-19 3.457605669791924016e-20
1.431010731850810043e+04 1.673453972398865023e-19 3.414992533764582166e-20
1.431644456434571475e+04 1.086228108278190090e-19 3.323674107844104680e-20
1.432278176760455972e+04 1.280840677841134140e-19 3.184204454035231918e-20
1.432911892974483271e+04 1.509581010716418310e-19 3.309702957801611464e-20
1.433536678928178662e+04 2.248415240626652246e-19 3.432459688264634170e-20
1.434170385858650116e+04 1.565458663897135454e-19 3.285372168484749403e-20
1.434804088521619633e+04 2.063491321482520257e-19 3.230385111373570379e-20
1.435437786914782555e+04 1.883721522257009488e-19 3.325740342729881201e-20
1.436071481036398291e+04 1.072411808628665114e-19 3.526161606409148029e-20
1.436705170884148538e+04 2.055308110207424303e-19 3.360166108622980278e-20
1.437338856455915447e+04 3.388052974937653914e-19 3.481790255711479777e-20
1.437972537749568983e+04 2.530908214356336281e-19 3.295552235708622086e-20
1.438606214763364005e+04 1.837044886997344642e-19 3.210926113934519357e-20
1.439239887494212235e+04 1.875000424459923420e-19 3.440746878924960319e-20
1.439873555940944061e+04 1.600721882663647380e-19 3.209946049865597658e-20
1.440507220101036910e+04 1.300280015580846788e-19 3.210588194859203191e-20
1.441140879971976028e+04 1.668818549717976464e-19 3.435613344338065159e-20
1.441774535552394991e+04 2.051978446961262222e-19 3.093891579974089990e-20
1.442408186839765403e+04 1.444756748330165327e-19 3.051822040785080846e-20
1.443041833831566328e+04 1.613278245343587830e-19 3.180683327743289043e-20
1.443675476526428065e+04 1.679385359619194911e-19 3.308279334236700784e-20
1.444309114921814944e+04 5.792433439636115285e-20 3.375156060523355464e-20
1.444942749015203299e+04 1.132951248914540851e-19 3.424439908335492708e-20
1.445576378805021704e+04 8.340474972718762221e-20 3.282171799540368285e-20
1.446210004289315293e+04 1.193599978532732807e-19 3.310749657466276312e-20
1.446843625464968318e+04 1.666668540515682870e-19 3.428171723595408024e-20
1.447477242330990885e+04 1.282097493367292529e-19 3.262481261538881351e-20
1.448110854884252876e+04 8.501966866840554058e-20 3.243940321702574847e-20
1.448744463123193782e+04 1.350962097026852166e-19 3.400925604871741744e-20
1.449378067045453281e+04 1.628546911833259364e-19 3.156552067484993482e-20
1.450011666648870414e+04 2.233140374358659181e-19 3.634796384450707738e-20
1.450645261931099412e+04 1.793782963448877948e-19 3.343852790089071866e-20
1.451278852890554845e+04 2.289406383298634235e-19 3.315396179146646482e-20
1.451912439524487854e+04 6.790426598760370510e-20 3.319731657569298432e-20
1.452546021830738209e+04 1.978654508356292232e-19 3.462430877510321354e-20
1.453179599807718296e+04 9.294851799521610953e-20 3.511260268430315208e-20
1.453813173452673436e+04 1.171945795691576435e-19 3.505732324447071439e-20
1.454446742763634938e+04 8.553012877256688557e-20 3.118324485130940998e-20
1.455080307738419287e+04 8.222586166014121604e-20 3.342081159875818782e-20
1.455713868374858430e+04 1.020263818249409662e-19 3.119168144429596228e-20
1.456347424670975124e+04 1.444411092597673138e-19 3.421424860221746172e-20
1.456980976623797505e+04 1.825601717371927902e-19 3.374364904144777530e-20
1.457614524232328768e+04 1.290585843861734770e-19 3.418156896299584780e-20
1.458248067493804228e+04 1.165924912685910012e-19 3.460093014149914343e-20
1.458881606405831553e+04 1.340602378542052113e-19 3.360552582898591852e-20
1.459515140966823674e+04 9.928008557208140126e-20 3.383642712961007962e-20
1.460148671173810908e+04 1.913866776041794387e-19 3.525869959544263663e-20
1.460782197025182722e+04 1.129867908115964067e-19 3.301425221397244903e-20
1.461415718517970345e+04 1.959995423463917160e-19 3.230595269413963926e-20
1.462049235651363961e+04 1.374232291771427565e-19 3.282683470180668320e-20
1.462682748422170880e+04 1.526534867422134780e-19 3.534608496892315367e-20
1.463316256828207952e+04 1.566177064219276816e-19 3.174848418988626463e-20
1.463949760867672194e+04 2.018087712612837319e-19 3.387694526799843388e-20
1.464583260537957904e+04 1.094058610245282316e-19 3.120578724830742845e-20
1.465216755837271558e+04 1.527000858918551552e-19 3.423411513128571118e-20
1.465850246763211362e+04 7.842501324656709346e-20 3.121065291377417847e-20
1.466483733313563607e+04 1.208204716025187102e-19 3.499310043084692031e-20
1.467117215486134410e+04 1.514086735127215319e-19 3.362272917295550804e-20
1.467750693278710241e+04 7.774200697776171704e-20 3.390701079135692521e-20
1.468384166688681034e+04 1.595136706297243852e-19 3.501506704083349831e-20
1.469017635714834796e+04 8.666588781375850049e-20 3.423613676607187680e-20
1.469651100354357914e+04 8.515025411800812844e-20 3.562450617492469502e-20
1.470284560604637772e+04 1.740110621879752414e-19 3.235745184752989681e-20
1.470918016463860477e+04 1.090967065730048812e-19 3.756041767052074763e-20
1.471551467930396757e+04 1.566348899990661095e-19 3.577674205083773253e-20
1.472184915001035370e+04 8.995565046115577042e-20 3.333352853560007089e-20
1.472818357674154868e+04 2.312155181025595942e-19 3.362415704571317686e-20
1.473451795946726816e+04 1.932241089406564431e-19 3.261123753243190610e-20
1.474085229817923937e+04 1.863853903194318900e-19 3.460261911398357436e-20
1.474718659284328351e+04 1.540115501227053299e-20 3.605157061867315094e-20
1.475352084344097784e+04 1.924803291975891061e-19 3.390750153939919075e-20
1.475985504995209521e+04 1.316160446925185904e-19 3.546103304623500974e-20
1.476618921234834670e+04 1.810376048068445372e-19 3.310495316647919140e-20
1.477252333061721401e+04 9.860798629700368473e-20 3.374570790912920715e-20
1.477885740472651742e+04 2.090303187998362680e-19 3.474615986472662547e-20
1.478519143465781599e+04 1.193535874954885724e-19 3.600221056409511859e-20
1.479152542039062791e+04 6.014708068766859342e-20 3.400603001499313387e-20
1.479785936190066059e+04 5.936023045146036433e-20 3.556502263441570174e-20
1.480419325916340495e+04 1.545833746593947230e-19 3.522440537365960390e-20
1.481052711216038915e+04 1.184445209784602945e-19 3.431646402183399597e-20
1.481686092086521057e+04 1.952644958244656575e-19 3.398541106050812555e-20
1.482319468525931370e+04 1.125943328234784770e-19 3.170874629704880819e-20
1.482952840532020673e+04 1.298694633390661478e-19 3.145276561180485295e-20
1.483586208101941520e+04 1.670109867670057743e-19 3.368713594204201536e-20
1.484219571234028081e+04 1.117317729026674539e-19 3.128950283480442388e-20
1.484852929925834360e+04 7.799417768422106393e-20 3.259812428073146535e-20
1.485486284175102810e+04 7.163673270656107075e-20 3.087305701594811769e-20
1.486119633979559330e+04 1.195029189927086286e-19 3.456216076041604241e-20
1.486752979337158104e+04 1.726602577420625926e-19 3.348973344358381546e-20
1.487386320245231764e+04 1.112754492389807646e-19 3.007111880509154454e-20
1.488019656701503118e+04 9.570985236769770688e-20 3.259642924527253677e-20
1.488652988704121344e+04 1.209824342296595394e-19 3.274316112325489587e-20
1.489286316250810705e+04 2.363138480925951952e-19 3.443347268214534763e-20
1.489919639339095920e+04 1.631229497454274242e-19 3.398709777796017867e-20
1.490552957966309623e+04 1.425399171102489792e-19 3.268687964559730878e-20
1.491186272130976067e+04 1.664820900905416613e-19 3.219116273284494990e-20
1.491819581830013522e+04 1.525570206066567151e-19 3.275391994413437579e-20
1.492452887061957517e+04 1.528044661980786442e-19 3.540413388183901841e-20
1.493086187824111767e+04 1.545396674063419452e-19 3.264550408475088554e-20
1.493719484114204897e+04 1.507706534647617627e-19 3.249917299595645912e-20
1.494352775929960444e+04 1.053505366178975215e-19 3.200818954080277249e-20
1.494977075484256602e+04 1.483181820176449479e-19 3.213535357159271604e-20
1.495610357882466633e+04 1.449529007700532333e-19 3.181419439154932773e-20
1.496243635648320014e+04 8.203574451308689597e-20 3.031014401197717691e-20
1.496876908929080309e+04 1.562699166342249525e-19 3.394140799869855443e-20
1.497510177724142704e+04 8.423642092294855116e-20 3.050461179249527769e-20
1.498143442030818915e+04 2.178038093816746109e-19 3.269367592036177573e-20
1.498776701847407276e+04 1.127690182454140199e-19 3.122773874855696233e-20
1.499409957170814232e+04 1.191971353628709125e-19 3.189556390503782733e-20
1.500043207999333936e+04 1.528513227786685689e-19 3.698610658163339230e-20
1.500676454330668457e+04 7.462399610550476930e-20 3.100959470115696811e-20
1.501309696161912507e+04 1.186792792080354446e-19 3.044516469497213906e-20
1.501942933491555232e+04 1.341316286171829564e-19 3.075875097336129768e-20
1.502576166316696799e+04 1.410070085092108588e-19 3.059098777960727507e-20
1.503209394635218268e+04 3.817954322396319264e-20 3.053969748169850929e-20
1.503842618444615619e+04 1.534148549817635681e-19 3.274038797219844425e-20
1.504475837743171542e+04 2.281709555515759802e-19 3.128634166521975925e-20
1.505109052527971471e+04 1.385263826676164667e-19 3.056272341419884801e-20
1.505742262796899922e+04 7.953394919891501445e-20 3.238248088880467850e-20
1.506375468547635137e+04 4.488929696239862770e-20 3.089618333104913525e-20
1.507008669778055082e+04 1.622405937588469153e-19 3.102900661922407990e-20
1.507641866485442915e+04 1.227286773717669654e-19 3.113417112615562005e-20
1.508275058667867233e+04 1.441991201214146906e-19 3.026375857166827089e-20
1.508908246322604464e+04 2.206772730098050467e-19 3.368649562946088784e-20
1.509541429447725568e+04 2.114455753011127844e-19 3.257819600300391269e-20
1.510174608040499334e+04 1.400777552696650528e-19 3.247577012949187889e-20
1.510807782098994721e+04 1.129181243354786519e-19 3.380252953927154838e-20
1.511440951620477063e+04 8.810759208456207127e-20 3.111872595179691055e-20
1.512074116603007678e+04 8.947451994279707980e-20 3.010310708480089860e-20
1.512707277043854810e+04 1.082160274002275813e-19 3.060182475948501973e-20
1.513340432941073777e+04 6.401287386187589228e-20 3.236262775303664876e-20
1.513973584292124906e+04 1.488346482838238162e-19 3.280288252667267125e-20
1.514606731094664065e+04 2.188299077644163791e-19 3.263467940412313249e-20
1.515239873346143577e+04 1.505464642542163691e-19 3.124887897873435541e-20
1.515873011044822488e+04 1.272139372773585207e-19 3.099400291095665281e-20
1.516506144187746759e+04 1.646754342636769802e-19 3.201172423587020339e-20
1.517139272772761069e+04 1.489822061884049302e-19 3.275729047201904799e-20
1.517772396797520560e+04 7.485016243215315023e-20 3.132286950663921169e-20
1.518405516259664364e+04 1.489405245958621705e-19 3.067617178499000380e-20
1.519038631156836163e+04 1.456807677825954343e-19 3.236565659422047487e-20
1.519671741486678911e+04 1.139538507364296114e-19 3.247736439767186906e-20
1.520304847246630015e+04 1.206926814237356042e-19 3.276340510659620533e-20
1.520937948434931968e+04 6.504068118120546879e-20 3.035808613646586966e-20
1.521571045048413180e+04 1.201892803244189437e-19 3.239376001545481111e-20
1.522204137085311959e+04 7.013271042999943616e-20 3.153050025597734561e-20
1.522837224543266348e+04 7.977172781295941381e-20 3.073904889273525766e-20
1.523470307419695200e+04 9.191580326937669940e-20 3.375626927476094305e-20
1.524103385711824012e+04 9.791227305135626092e-20 3.092759058807098570e-20
1.524736459419198945e+04 1.378351134833471993e-19 2.940935699341708860e-20
1.525369528690100560e+04 1.875827989730661094e-19 3.195602173962128393e-20
1.525993575210920426e+04 1.128135123279976988e-19 3.151586887626971946e-20
1.526626634524836663e+04 1.877125689770411682e-19 3.464786546716326452e-20
1.527259689242865352e+04 8.027981408268048075e-20 3.322465810615435803e-20
1.527892739362625070e+04 1.342833603810732703e-19 3.143900355029100563e-20
1.528525784881512845e+04 1.896872189320930357e-19 3.245167647966034001e-20
1.529158825797569625e+04 1.649128514406137024e-19 3.282987197562653229e-20
1.529791862108188434e+04 5.739613247824018676e-20 3.366335293459925357e-20
1.530424893810980939e+04 9.100387591386421657e-20 3.159844793565104883e-20
1.531057920903560989e+04 9.144821343669047666e-20 3.313165304776985202e-20
1.531690943383515514e+04 1.246403087795791084e-19 3.112336224198660137e-20
1.532323961248464548e+04 1.423269930710053244e-19 3.585085232299700470e-20
1.532956974496002840e+04 1.677208967067976972e-19 3.349343621713468221e-20
1.533589983123723323e+04 9.368227968028891512e-20 3.046222399441199014e-20
1.534222987129235844e+04 1.418674909373771491e-19 3.315403896571231978e-20
1.534855986510120783e+04 1.225075826994705914e-19 3.041751927748113243e-20
1.535488981263981623e+04 7.232900594042206519e-20 3.101196488649589758e-20
1.536121971388407837e+04 1.515482073795338372e-19 3.071766229593589871e-20
1.536754956880980899e+04 1.149502449496321119e-19 3.069997623540923192e-20
1.537387937739299741e+04 1.425855237781927630e-19 3.196800802228913263e-20
1.538020913960939833e+04 7.482569581470437482e-20 3.249804395918283188e-20
1.538653885543697470e+04 1.856692522585865465e-19 3.170629899290554639e-20
1.539286852484742121e+04 1.848698310025843108e-19 3.025597862654586215e-20
1.539919814885388041e+04 8.726948272770389085e-20 2.995357114569667076e-20
1.540552773363544657e+04 1.321469928986896125e-19 3.220117717441047494e-20
1.541185727193478488e+04 4.329537215377010110e-20 3.196067655642218524e-20
1.541818676372186565e+04 1.519432179567003571e-19 3.226548864995944493e-20
1.542451620896828717e+04 1.208723726670348228e-19 3.018841734000005925e-20
1.543084560765381866e+04 6.434179582356249062e-20 2.963143295180683427e-20
1.543717495975635393e+04 -4.164314140645154055e-20 3.016733530578316452e-20
1.544350426525154035e+04 7.884402970829964622e-20 3.245963639258694079e-20
1.544983352410861153e+04 1.071736800256944072e-19 3.269299661397360505e-20
1.545616273631173681e+04 7.226811789268973918e-20 2.876768000365769556e-20
1.546249190183216706e+04 9.445393794926621362e-20 3.170934051816605872e-20
1.546882102064135870e+04 1.245545331517060998e-19 3.323871057249273815e-20
1.547515009271907729e+04 1.089861005725388260e-19 3.253703230142316623e-20
1.548147911804077557e+04 1.594655530360016381e-19 3.121565744430961597e-20
1.548780809658632825e+04 1.278823782406817842e-19 3.146308868285402181e-20
1.549413702832267154e+04 1.223033513947269025e-19 3.120666080945639773e-20
1.550046591322955101e+04 1.226319725748393512e-19 3.223371236131421346e-20
1.550679475128460945e+04 1.401379815263505174e-19 3.195803255454175488e-20
1.551312354246101677e+04 1.232239910942961305e-19 3.204528268203509585e-20
1.551945228673435122e+04 1.216142849336262748e-19 3.230462453313507547e-20
1.552578098407991274e+04 1.279246843090165617e-19 3.334282197055630459e-20
1.553210963447947870e+04 8.620622565384617042e-20 3.045342863332442865e-20
1.553843823789999260e+04 1.331781747885929777e-19 3.142457435418458877e-20
1.554476679431448611e+04 1.347549350543031081e-19 3.151189038663399581e-20
1.555109530370271750e+04 1.199468101241193531e-19 3.168715127241856503e-20
1.555742376603989032e+04 1.778507994395783310e-19 2.908833962496613571e-20
1.556375218129915811e+04 3.022501047867726794e-19 3.383551260544287369e-20
1.557008054946225820e+04 9.326416190153635077e-20 3.243317324366342097e-20
1.557640887049572848e+04 9.582398638710865857e-20 3.204724091168637471e-20
1.558273714438136631e+04 1.649091213420595261e-19 3.344922825779086740e-20
1.558906537109428245e+04 1.669189212534677990e-19 3.097052202182749369e-20
1.559539355060752314e+04 8.108876335070862131e-20 3.138322639932150952e-20
1.560172168290274567e+04 8.556852426611387694e-20 3.410063894721881118e-20
1.560804976794212052e+04 1.118297915940873315e-19 3.229394004067037564e-20
1.561437780570517498e+04 1.335574049615066442e-19 3.285306820165649708e-20
1.562070579616909708e+04 1.152458334807669079e-19 3.343527963028240487e-20
1.562703373930892849e+04 1.201097307138215291e-19 3.233731244820101022e-20
1.563336163509984726e+04 1.432572123101633021e-19 3.153028789608167751e-20
1.563968948351457584e+04 8.536326392326346029e-20 3.164094618886966724e-20
1.564601728454112708e+04 1.769854935014640621e-19 3.251828606279434937e-20
1.565234503814590789e+04 1.267769630127402526e-19 3.096020491415246467e-20
1.565867274429098507e+04 1.219146739675053724e-19 3.393319653956822916e-20
1.566500040296212865e+04 5.609125323649755737e-20 3.468609098288924363e-20
1.567132801413413836e+04 1.183449656296619227e-19 3.106081002799313235e-20
1.567765557778205402e+04 1.224347731943297772e-19 3.324860927582794615e-20
1.568398309388074267e+04 1.446471423326095942e-19 3.185454052674272296e-20
1.569031056240718317e+04 1.133531281836833134e-19 3.691547315155155995e-20
1.569663798334711282e+04 1.586429654780927318e-19 3.472825400835957129e-20
1.570296535664938165e+04 1.164509919762847306e-19 3.383945258334755772e-20
1.570929268229971422e+04 1.196649758817751209e-19 3.536516536767601886e-20
1.571561996027498208e+04 8.507277898913564292e-20 3.455856786363989839e-20
1.572194719054995949e+04 6.877818658327136244e-20 3.257059742147834999e-20
1.572827437310165442e+04 1.552951514117295029e-19 3.269435715656972159e-20
1.573460150791543310e+04 1.371155748573790525e-19 3.259563996085897424e-20
1.574092859494026925e+04 1.744607776870829977e-19 3.238571183511526683e-20
1.574725563416371187e+04 8.524935591134028996e-20 3.279205275480397724e-20
1.575358262555831061e+04 9.696769733810486831e-20 3.493900430241328835e-20
1.575990956910092063e+04 5.807391404660397862e-20 3.614843743809608650e-20
1.576623646477036891e+04 2.077505440532851163e-19 3.339663518995205855e-20
1.577256331254795441e+04 1.296268432477095106e-19 3.415457346320900889e-20
1.577889011238213425e+04 1.537326611559207870e-19 3.564505632962290227e-20
1.578521686426488668e+04 7.402310026442232857e-20 3.187363291334068509e-20
1.579154356816642758e+04 2.291072816026567015e-19 3.372002177658034931e-20
1.579777948656966691e+04 5.820306474901538515e-20 3.248555527356291351e-20
1.580410608817885986e+04 8.662805447602057840e-20 3.326889283677269973e-20
1.581043264170341172e+04 9.838800802323668394e-20 3.290794282172896406e-20
1.581675914714567625e+04 8.525905829430501863e-20 3.375237480788297817e-20
1.582308560447805394e+04 9.514512296156351323e-20 3.091650136916114781e-20
1.582941201367936264e+04 2.508442809563332303e-20 3.073780926457642777e-20
1.583573837473670756e+04 8.812260041543982992e-20 3.283131388615415116e-20
1.584206468759459676e+04 -2.644032956613671204e-20 3.278891822141786416e-20
1.584839095224227640e+04 9.344026753775975569e-20 3.108822696944185651e-20
1.585471716865622875e+04 8.909199845875850686e-20 3.435449801146599023e-20
1.586104333680243872e+04 5.056982146420277316e-20 3.161925414732033351e-20
1.586736945668066437e+04 1.314181239322904545e-19 3.299318980787148530e-20
1.587369552823105914e+04 -1.989892053294822866e-20 3.451788940985609072e-20
1.588002155144277822e+04 9.768733467463279272e-20 3.395001788348400537e-20
1.588634752629230570e+04 1.413696890492603379e-19 3.529582206500156432e-20
1.589267345276243941e+04 1.179522260520860739e-19 3.156169006196991547e-20
1.589899933080586561e+04 1.426862527557624239e-19 3.468762106444197155e-20
1.590532516040528753e+04 2.222152673179017581e-19 3.383553364417753222e-20
1.591165094153933751e+04 1.792081703171594295e-19 3.305574285582414531e-20
1.591797667419061872e+04 2.019404965763830357e-19 3.349399529892701624e-20
1.592430235831183199e+04 1.577980238900690580e-19 3.211574675317299242e-20
1.593062799388552412e+04 9.255654039791453407e-20 3.388352113760127541e-20
1.593695358089025103e+04 1.009174444306960116e-19 3.210412380008494453e-20
1.594327911930433220e+04 1.084500090346987271e-19 3.323252405281908344e-20
1.594960460909312678e+04 1.631810217194509463e-19 3.684730039018443713e-20
1.595593005022637226e+04 1.724687277068501510e-19 3.367230382751476299e-20
1.596225544268670092e+04 1.636751534632348501e-19 3.449643702056219710e-20
1.596858078645672504e+04 1.274261058759654027e-19 3.080703592645678254e-20
1.597490608148876709e+04 5.803582169733132227e-20 3.317061077535855321e-20
1.598123132776535022e+04 7.154102212145685976e-20 3.413991844001293105e-20
1.598755652526484118e+04 1.635256150260822254e-20 3.287016616390137708e-20
1.599388167396968493e+04 6.333436635604808981e-20 3.221523593565301487e-20
1.600020677383217298e+04 1.169013672557785252e-19 3.632617756488325438e-20
1.600653182483476485e+04 8.040845071883199595e-20 3.299944497990281632e-20
1.601285682696861841e+04 8.714127786645529070e-20 3.260409832787131880e-20
1.601918178017941318e+04 9.324941470416153721e-20 3.520120660124499875e-20
1.602550668445595329e+04 9.450235807671307368e-20 3.445260217130902490e-20
1.603183153976787980e+04 1.326758767491869974e-19 3.573730954560766265e-20
1.603815634610179040e+04 4.080281856171788200e-20 3.232195534957844474e-20
1.604448110340978747e+04 1.017090201581671380e-19 3.314012994960936402e-20
1.605080581167425225e+04 1.603256154665501757e-19 3.217013950721846094e-20
1.605713047089050997e+04 6.521024183994447251e-20 3.427311894152776772e-20
1.606345508100258849e+04 4.603281968695179427e-20 3.320856488314709495e-20
1.606977964355797849e+04 1.640361916569799701e-19 3.323979346330140338e-20
1.607601313858319918e+04 8.209578239892349340e-20 3.100590549584201665e-20
1.608233759490879493e+04 8.205786890864458824e-20 3.049089534443532711e-20
1.608866200203584958e+04 5.485469075026686789e-20 3.343584114228748362e-20
1.609498635994223150e+04 7.800610758763065622e-20 3.222950823098192979e-20
1.610131066859050043e+04 9.806262722737042515e-20 3.279193342789124371e-20
1.610763492795402271e+04 1.150365991407927121e-19 3.316427483743938019e-20
1.611395913801528877e+04 9.773381113142588930e-20 3.366683785382821446e-20
1.612028329874773954e+04 1.203461159009160166e-19 3.278331035247992602e-20
1.612660741011586470e+04 1.644845579577792052e-19 3.285532151968250460e-20
1.613293147210210554e+04 1.023740103564198122e-19 3.228977416881536243e-20
1.613925548467078625e+04 2.208110458508332464e-19 3.237310627130824688e-20
1.614557944779544414e+04 8.865976566278672655e-20 3.223322852250006915e-20
1.615190336145822948e+04 1.285254967179948340e-19 3.305858622094139609e-20
1.615822722563482785e+04 7.074822504873958751e-20 3.193288976706305975e-20
1.616455104028284222e+04 7.274835430265406198e-21 3.086991108804288823e-20
1.617087480539346507e+04 8.560571450656349129e-20 3.317598120177579750e-20
1.617719852092213659e+04 1.827565443701006067e-20 3.275772052904858748e-20
1.618352218684867512e+04 1.159532682845634042e-19 3.194828857022053405e-20
1.618984580315992935e+04 8.550979187909670761e-20 3.134620708700800460e-20
1.619616936981551225e+04 1.545170855963165769e-19 3.368375586424115704e-20
1.620249288677973345e+04 1.044896525225531480e-19 3.043218975052340153e-20
1.620881635405488851e+04 1.047837351466244668e-19 3.172522362427156705e-20
1.621513977158493435e+04 7.462757165827973887e-20 3.222938652326475786e-20
1.622146313934977843e+04 1.219942819775201858e-19 3.202618276927513312e-20
1.622778645734040037e+04 1.093392070445526607e-19 3.356041123074918425e-20
1.623410972550754377e+04 5.995647087157354396e-21 3.218426065139840435e-20
1.624043294383984903e+04 1.260548926082404832e-19 3.238729921384255435e-20
1.624675611229697824e+04 1.241523467018304474e-19 3.065543020496817195e-20
1.625307923085636685e+04 2.091096670459146199e-19 3.103469055032862348e-20
1.625940229950682260e+04 1.856813707740097550e-20 3.276155801586946647e-20
1.626572531819202595e+04 2.458457498465950747e-20 3.135023706849349446e-20
1.627204828690966315e+04 4.298255685601178816e-20 3.195357827162279803e-20
1.627837120562376367e+04 7.402973228531879067e-20 2.933683635283121425e-20
1.628469407429801322e+04 8.879263439973068869e-20 3.029624001918105879e-20
1.629101689293485288e+04 -1.895949782204423194e-20 3.015087779469982156e-20
1.629733966146635430e+04 1.114550923653098571e-20 3.104046751812898158e-20
1.630366237989932233e+04 1.302964799372287677e-19 3.421705810109077636e-20
1.630998504818394213e+04 9.498452181391128551e-20 3.180116124093509463e-20
1.631630766630202743e+04 7.330145370194812778e-20 3.157266948699961331e-20
1.632263023423779123e+04 1.602024634766911176e-19 3.163611519826993038e-20
1.632895275193661837e+04 1.358615456639154070e-19 3.246197673884824190e-20
1.633527521940317638e+04 1.038854795977795503e-19 3.161326820814292283e-20
1.634159763658278280e+04 1.552731006993423718e-20 3.350961777227209326e-20
1.634792000346413988e+04 1.271616104806139307e-19 3.562461821321995231e-20
1.635424232001531709e+04 7.778921666390170266e-20 3.254510572808047872e-20
1.636056458620896774e+04 1.326241255441861580e-19 3.159140859952809672e-20
1.636688680202455544e+04 1.700723991380053490e-19 3.294830175239017515e-20
1.637320896741187789e+04 1.556331078940748305e-19 3.042629150854794692e-20
1.637953108237093875e+04 1.345667603739306181e-19 3.218238148235155245e-20
1.638585314686045967e+04 5.449340237842415853e-20 3.089553458842591748e-20
1.639217516085544048e+04 1.050668778664170189e-19 3.072016751184686635e-20
1.639849712432825618e+04 7.342819725210101256e-20 3.170516570708377247e-20
1.640481903724920267e+04 9.510434876453422806e-20 3.268569821921251715e-20
1.641114089959983903e+04 -2.789015823993100002e-20 3.257935900762019685e-20
1.641746271134119888e+04 1.595308425669843565e-20 3.144613308153372665e-20
1.642378447245718780e+04 1.424699006173286454e-19 3.410557949997077913e-20
1.643010618289722697e+04 1.274243190913344594e-19 3.332302195853799418e-20
1.643642784267047682e+04 1.711496024445690195e-19 3.337657609559133882e-20
1.644274945170787760e+04 4.660659124846410021e-20 3.031915852316714050e-20
1.644907101001860792e+04 1.043636932090487190e-19 3.636250867895222276e-20
1.645539251754734869e+04 7.913272787304316881e-20 3.248060463210805748e-20
1.646171397428712953e+04 5.855494734312318211e-20 3.429731365105759311e-20
1.646803538019869302e+04 1.044391561230587418e-19 3.217699837313956304e-20
1.647435673525890161e+04 1.174931501154897550e-19 3.356837667976361897e-20
1.648067803942851242e+04 1.254564731406631493e-19 3.380573786672663312e-20
1.648699929269574932e+04 1.426766329089669212e-19 3.302483172945899727e-20
1.649332049502601512e+04 9.061433440983315026e-20 3.614243224037348028e-20
1.649964164639363298e+04 1.798131227240242181e-19 3.254473580356354764e-20
1.650596274676397661e+04 1.973900825881890149e-19 3.341503739064437532e-20
1.651228379611593482e+04 1.675724958308164493e-19 3.434565404575525433e-20
1.651860479441942880e+04 8.141076450761023184e-20 3.478450152108621864e-20
1.652492574164874895e+04 7.499974094319487220e-20 3.195127050431060822e-20
1.653124663776905072e+04 -9.695203725699081973e-21 3.056347664018217586e-20
1.653756748276392682e+04 9.108684182559994009e-20 3.174305025766331983e-20
1.654388827658916853e+04 2.193454327487870884e-19 3.265678564611325282e-20
1.655020901923830752e+04 5.225912967226175493e-20 3.568215105349621624e-20
1.655643818124407699e+04 1.349922764268468326e-19 3.235746253999932799e-20
1.656275881501585536e+04 6.990550072827546705e-20 3.289808115838990730e-20
1.656907939748450372e+04 9.184922521338297665e-20 3.195719543966424665e-20
1.657539992866020111e+04 1.102044585241726053e-20 3.028668941651658242e-20
1.658172040849687255e+04 1.800276628035939056e-19 2.944903513831393905e-20
1.658804083699119292e+04 1.597943637798168308e-19 3.246987126973366721e-20
1.659436121408324470e+04 9.813268812894746129e-20 3.257922501301781051e-20
1.660068153976522080e+04 1.158532990313431931e-19 3.439586604921104658e-20
1.660700181400444853e+04 1.107864152863974432e-19 3.510520278834576991e-20
1.661332203677721918e+04 1.330423349995799024e-19 3.579307014013902943e-20
1.661964220804609431e+04 1.876492029527372406e-19 3.574879074936636939e-20
1.662596232778285412e+04 8.768676627961689093e-20 3.371081847803427544e-20
1.663228239597516222e+04 1.328386074069210350e-19 3.183207062805107298e-20
1.663860241258098904e+04 8.767189445446437986e-20 2.977898654219650917e-20
1.664492237756966642e+04 1.455186525878446036e-19 3.277644541445257759e-20
1.665124229091741290e+04 6.458740165872449538e-20 3.382531294599935278e-20
1.665756215260723548e+04 1.655079806067213014e-20 3.275047248993322797e-20
1.666388196258327662e+04 5.392739821586837490e-20 3.213526621104495732e-20
1.667020172083767466e+04 3.989014922857540079e-20 3.031251125207021296e-20
1.667652142734427252e+04 4.211708188891182803e-20 3.252447881021322330e-20
1.668284108206089877e+04 1.916282060989119954e-19 3.478874976532357349e-20
1.668916068497036395e+04 4.657205176753211050e-20 3.316229133234646864e-20
1.669548023603509500e+04 9.539670766191149167e-21 3.340574772254830396e-20
1.670179973523795343e+04 -9.588272316976135358e-21 3.299164205682246444e-20
1.670811918254112243e+04 8.703117950829589454e-20 3.293390198088535562e-20
1.671443857790922630e+04 6.015732693773302541e-20 3.232610838256268024e-20
1.672075792133882351e+04 5.546877593387074376e-20 3.303421745549509764e-20
1.672707721277837118e+04 4.958209472393901156e-20 3.485517234789322803e-20
1.673339645220137754e+04 1.793333072397809863e-19 3.612500904325208934e-20
1.673971563959070045e+04 5.942438875802746091e-20 3.245301687524816834e-20
1.674603477490383375e+04 1.490006950011303527e-19 3.189117729263539077e-20
1.675235385812124878e+04 7.608353808621262998e-20 3.282450946873003942e-20
1.675867288921419458e+04 9.542958398260224183e-20 3.415628083230298277e-20
1.676499186815393114e+04 1.035186594564146906e-19 3.160680440448457868e-20
1.677131079490694538e+04 7.951056215226637752e-20 3.260064142320162244e-20
1.677762966944446816e+04 2.939302661498133347e-20 3.458437301890140876e-20
1.678394849174684350e+04 6.990254891916191082e-20 3.101728561692417273e-20
1.679026726176902230e+04 1.170343710545450019e-19 3.312736656646503157e-20
1.679658597950541662e+04 5.136734824481735130e-20 3.036299414759758799e-20
1.680290464650902140e+04 1.149955645920678973e-19 3.257809800972946087e-20
1.680913147020541510e+04 8.253601862636561224e-20 3.528083072883540039e-20
1.681545002437503717e+04 2.232235849279573990e-19 3.716688796202348393e-20
1.682176852613247320e+04 8.986585908956007263e-20 3.159011159097781414e-20
1.682808697543920789e+04 8.764059561389051951e-20 3.406602821392779478e-20
1.683440537226626475e+04 1.132332298026003467e-19 3.486390349308207036e-20
1.684072371659871715e+04 1.322290030505356703e-19 3.177355693499665031e-20
1.684704200839337136e+04 1.134678963271394890e-19 3.490515765193985680e-20
1.685336024762572924e+04 4.286110905944617211e-20 3.195029953580567399e-20
1.685967843426683248e+04 1.922070591426767147e-19 3.107060425192452371e-20
1.686599656828733714e+04 9.818851410331835265e-20 3.353007365888581437e-20
1.687231464966301064e+04 5.686609596858422068e-20 3.154361340737415115e-20
1.687863267835497754e+04 1.182121066609864421e-19 3.192486351412986896e-20
1.688495065433892887e+04 1.366565584483580141e-19 3.044314777622339356e-20
1.689126857759026097e+04 1.281874907694643098e-19 3.209395604367350424e-20
1.689758644807504243e+04 1.557040457215053698e-19 3.348441548109261331e-20
1.690390426575437596e+04 8.536782932583129934e-20 3.107998152783517110e-20
1.691022203061807522e+04 5.980081166870544109e-20 3.302281832056891168e-20
1.691653974262723204e+04 1.393354053129184454e-19 3.300058535561107313e-20
1.692285740174773673e+04 7.711367016439800478e-20 3.319870481503475228e-20
1.692917500795975866e+04 1.699557574144895875e-21 3.334147570664469077e-20
1.693549256122429870e+04 6.050691144061853195e-20 3.338464382255197322e-20
1.694181006152156988e+04 1.999694644694848947e-19 3.467904785862899079e-20
1.694812750881724060e+04 1.187307131611781699e-19 3.434697880466733862e-20
1.695444490307955493e+04 1.275479522811122043e-19 3.428071242380629870e-20
1.696076224428127171e+04 9.472569610158707014e-20 3.500385407185270675e-20
1.696707953239063499e+04 1.044412114555397122e-19 3.306375544433148170e-20
1.697339676738272101e+04 1.787409154503752220e-19 3.400408650519255785e-20
1.697971394922814943e+04 5.835185086346948481e-20 3.083608416214003985e-20
1.698603107789474234e+04 2.072424308043965073e-20 3.109746785351614858e-20
1.699234815335306848e+04 8.897417612184261353e-20 3.435893105788617824e-20
1.699866517556852705e+04 1.063455752605234153e-19 3.501221033769161953e-20
1.700498214452362299e+04 1.293873101346461414e-19 3.568400762506975036e-20
1.701129906017410030e+04 1.031036196848037137e-19 3.593697057701447325e-20
1.701761592249998284e+04 8.095779092066121649e-20 3.216470815111779076e-20
1.702393273147390209e+04 7.754251514783026597e-20 3.244379264326046351e-20
1.703024948705890711e+04 1.202204659435208179e-19 3.250598014719239811e-20
1.703656618923000860e+04 1.044106331989853258e-19 3.536735921858564103e-20
1.704288283794778545e+04 1.087224519606270659e-19 3.752855509311874327e-20
1.704919943319446975e+04 1.922835697908038041e-19 3.348906363291704700e-20
1.705551597494021189e+04 7.226244581792166908e-20 3.533278781775611189e-20
1.706183246314308417e+04 8.450770706876107235e-20 3.357906244127880928e-20
1.706814889777555072e+04 8.359509745471588650e-20 3.318049201514338038e-20
1.707446527882713053e+04 1.230832790526561582e-19 3.360383713076015890e-20
1.708078160624601878e+04 1.738043957502339868e-19 3.191796191834000988e-20
1.708709788000960543e+04 1.167638658436959179e-19 3.282056205889496022e-20
1.709341410008535968e+04 1.295196516033365800e-19 3.296076005412792427e-20
1.709973026644825950e+04 1.245225848956212321e-19 3.303887020956023301e-20
1.710604637907055439e+04 4.431341899693774509e-20 3.361108287705662379e-20
1.711236243791021479e+04 9.636734179636925251e-20 3.382152306964180490e-20
1.711867844294667157e+04 8.146256857762088352e-20 3.387348327186812621e-20
1.712499439415246161e+04 1.429042507937062770e-19 3.442518510175394085e-20
1.713131029148752714e+04 1.448130816995932030e-19 3.345988577224642982e-20
1.713762613492921810e+04 1.123350806219281984e-19 3.291834136763777034e-20
1.714394192444228975e+04 9.925692908366476954e-20 3.296428385351067359e-20
1.715025765999915893e+04 1.170330244836624295e-19 3.186260072728618911e-20
1.715657334157187870e+04 4.640345027691997965e-20 3.416770489213652327e-20
1.716288896912546261e+04 1.101182476351750743e-19 3.207383952787479341e-20
1.716920454263929059e+04 2.196856415292136884e-19 4.076872768226858367e-20
1.717552006206853184e+04 8.546059137167474518e-20 3.449274039132139447e-20
1.718183552739007064e+04 1.548041380370111140e-19 3.531290441742526556e-20
1.718815093858100590e+04 1.256719795801468750e-19 3.413877527086514711e-20
1.719446629559622306e+04 9.702026442887907613e-21 3.450793833468879013e-20
1.720078159841518573e+04 3.923500269829767436e-20 3.208953843438453004e-20
1.720709684700496291e+04 1.087440632496387007e-19 3.211750087693766919e-20
1.721341204133273277e+04 8.873099935237311503e-20 3.203688835678513814e-20
1.721972718137533593e+04 1.791898506794178932e-19 3.411642838962562313e-20
1.722604226709251452e+04 1.517338527832331025e-19 3.391271058937087701e-20
1.723235729846601316e+04 -7.219954747497824493e-20 3.356663740335820831e-20
1.723867227545305650e+04 3.015019338662952148e-20 3.079402882647702134e-20
1.724489492886191510e+04 8.851427984640913372e-20 3.125504211096972370e-20
1.725120979204555624e+04 1.100962848548206920e-19 3.289087268150991957e-20
1.725752459913226630e+04 1.076717309549793625e-19 3.205601165348764990e-20
1.726383935171379562e+04 1.130121698620570221e-19 3.294360099353894564e-20
1.727015404974983539e+04 1.009973266576758032e-19 2.988764130354695692e-20
1.727646869322884959e+04 1.091014355931449303e-19 3.193408559781322190e-20
1.728278328210093605e+04 3.914607922341423531e-20 3.114531838188273580e-20
1.728909781635221589e+04 1.004587096782700640e-19 3.116593816338862803e-20
1.729541229594229299e+04 7.590128817062690448e-20 3.074943238127533602e-20
1.730172672084040460e+04 5.674625153597520374e-20 3.076381953126555820e-20
1.730804109102051734e+04 4.929233974790430450e-20 3.200636106380860506e-20
1.731435540644469802e+04 8.189206152401051487e-20 3.197802630635801766e-20
1.732066966709649205e+04 5.518587560352822262e-20 2.934814993006717954e-20
1.732698387292584448e+04 4.532592463867059187e-20 3.494315941506306262e-20
1.733329802392585043e+04 2.890676853522466064e-20 3.129171688788683594e-20
1.733961212003427499e+04 1.144369674722674915e-19 3.119147210565512536e-20
1.734592616124667256e+04 3.264055209106381224e-20 3.117288632411529274e-20
1.735224014752011863e+04 3.558446455768581442e-20 3.242862602013293340e-20
1.735855407882593499e+04 5.597633941918516596e-20 2.988411182625066987e-20
1.736486795513075776e+04 7.363086901957179601e-20 3.371248191674093791e-20
1.737118177641082730e+04 -1.740307602396053462e-20 3.089694742681781656e-20
1.737749554263267783e+04 5.290190619039582154e-20 3.007368482446871082e-20
1.738380925375788502e+04 1.383339309476311517e-19 3.296192069492447400e-20
1.739012290976504664e+04 1.921065266303591702e-19 3.091885172887328972e-20
1.739643651061089258e+04 1.701802243807662873e-19 3.339971714466757064e-20
1.740275005627884457e+04 5.094086573846490338e-20 3.454264837870525816e-20
1.740906354672311863e+04 4.812469599003907997e-20 3.346388784072651379e-20
1.741537698192225434e+04 1.573706663982170508e-19 3.095491034552376511e-20
1.742169036184261131e+04 1.031042507635157993e-19 3.274775303390800526e-20
1.742800368645542039e+04 1.561957623177043445e-19 3.213283388510141380e-20
1.743431695572931494e+04 1.198987633330188878e-19 3.183750308100430166e-20
1.744063016962329493e+04 1.006188565478661608e-19 3.228291793599841033e-20
1.744694332812304128e+04 1.251581162373866253e-19 3.317895047692054298e-20
1.745325643117779691e+04 9.908873906476090724e-20 3.061452478315713893e-20
1.745956947877801213e+04 6.600183094211735982e-20 2.967285736844749441e-20
1.746588247086554838e+04 2.868705763650389045e-20 3.087310022534083446e-20
1.747219540745063568e+04 1.526390409664348921e-19 3.199414300251579137e-20
1.747850829008669825e+04 4.777382535384935988e-20 3.376178628220851913e-20
1.748472859540607533e+04 1.156508877495742049e-19 3.369874551307777997e-20
1.749104135856451103e+04 3.926445247479838401e-20 3.170124635870312417e-20
1.749735406606854303e+04 1.063875623331076605e-19 3.422031336636878225e-20
1.750366671788177700e+04 1.975537515105631015e-19 3.370487402247363996e-20
1.750997931398002765e+04 1.694144073164531436e-19 3.059099895885147329e-20
1.751629185432179656e+04 7.019169366819050293e-20 2.950275929795038656e-20
1.752260433888535044e+04 1.158030410647063169e-19 3.216411854699945649e-20
1.752891676762411953e+04 2.319603143158447693e-19 3.366701363175143976e-20
1.753522914052641863e+04 1.228792747839995311e-19 3.087236591120875239e-20
1.754154145754558704e+04 9.109943906677017908e-20 3.116014638353059552e-20
1.754785371865984780e+04 3.219440222075831820e-20 3.109745598743880292e-20
1.755416592382751332e+04 6.473300057179053346e-20 3.055482716734472566e-20
1.756047807302676665e+04 8.224272099760220808e-20 3.066739992408192924e-20
1.756679016621585470e+04 1.753826923019016169e-20 2.971287328330955152e-20
1.757310220337293504e+04 1.348558559584764043e-19 3.094918906964682326e-20
1.757941418445617819e+04 4.170347761855522947e-20 3.089238581178154920e-20
1.758572610943865584e+04 1.134720855130942310e-19 3.053216266568739315e-20
1.759203797828858296e+04 9.258159066042572174e-20 3.414066223043225350e-20
1.759834979097903488e+04 8.676953910274586676e-20 3.062751135200811370e-20
1.760466154747307519e+04 7.407720013667642156e-20 3.110490827979892476e-20
1.761097324773867877e+04 1.184287991804447030e-19 3.159347252187888349e-20
1.761728489173882554e+04 3.652927057589304813e-20 3.558480495721515537e-20
1.762359647945161487e+04 1.134883148591468812e-19 3.202794991801457035e-20
1.762990801083488623e+04 -6.870019599293312032e-22 3.164425289168274222e-20
1.763621948586670987e+04 9.708929611120177347e-20 3.399544045021845570e-20
1.764253090450486343e+04 -2.029037133608484184e-20 3.002080365452853910e-20
1.764884226673248850e+04 1.943487018918968367e-20 3.003811832109511667e-20
1.765515357249706358e+04 9.295665588655843899e-20 3.042147780202265391e-20
1.766146482178427686e+04 1.149129793270044079e-20 3.137166749895339078e-20
1.766777601454663454e+04 1.248407357707256451e-19 3.173518173996509013e-20
1.767408715076469525e+04 8.292250975297717671e-20 3.153565282209896696e-20
1.768039823039599287e+04 7.901787462454272486e-20 3.195605737385879789e-20
1.768670925342362898e+04 3.691822225010258331e-20 3.432825636807611074e-20
1.769302021979482015e+04 1.547242758901046317e-19 3.200253812899584307e-20
1.769933112949778297e+04 1.211934644196955287e-19 3.153592295593667323e-20
1.770564198248474713e+04 1.807024115361137462e-19 3.043059907886011967e-20
1.771195277872599763e+04 1.129071301254730084e-19 3.200515495478385095e-20
1.771826351819418051e+04 7.018423262828274827e-20 2.998568404909413650e-20
1.772457420085443664e+04 1.432935113133378450e-19 3.022050043525978064e-20
1.773088482667932476e+04 4.735745909836458015e-20 3.116363379334177895e-20
1.773719539562114369e+04 1.052130519213700773e-19 3.260952216185840146e-20
1.774350590766541791e+04 6.732410613066130049e-20 3.237283138407024206e-20
1.774981636387353137e+04 7.716698237007842336e-20 3.232589351405589458e-20
1.775612676699291842e+04 1.575822759003247643e-19 3.909929531483276237e-20
1.776243711310930303e+04 7.133549374430012261e-20 3.372446806744392237e-20
1.776874740219247906e+04 3.361276467130383564e-20 3.486749636796390573e-20
1.777505763419970390e+04 8.457190757292057736e-20 3.124814478659079638e-20
1.778136780912140239e+04 1.694474502264934487e-19 3.331261389011243070e-20
1.778767792689924318e+04 8.639551810461087565e-20 3.276744798766791995e-20
1.779398798750817150e+04 1.815972592727948652e-19 3.093395399416776841e-20
1.780029799093107431e+04 7.608898098273477235e-20 3.250506771864282350e-20
1.780660793710930011e+04 1.434459234126831837e-19 3.123161974448494363e-20
1.781291782603083266e+04 1.618227086243903458e-19 3.180630143880202669e-20
1.781922765764990982e+04 1.277864237582852712e-19 3.083426847321879739e-20
1.782553743193891205e+04 -9.772417167938108051e-23 3.021275964145220805e-20
1.783184714886241636e+04 1.196715202489203940e-19 2.980727925530929958e-20
1.783815680840309506e+04 4.246554826032167425e-20 3.353909336876948431e-20
1.784446641050736071e+04 5.681822108539249386e-20 3.082125902485635850e-20
1.785077595514744826e+04 8.149531451822291334e-20 3.044518539707494705e-20
1.785708544229826293e+04 7.405324375297780389e-20 3.059967840892462298e-20
1.786339487191896114e+04 1.228294196378048620e-19 2.919317398405971908e-20
1.786970424398187606e+04 1.178013588777711318e-19 3.183209117626995388e-20
1.787601355844346836e+04 6.451949392951023508e-20 3.012475673159420651e-20
1.788222984508302034e+04 6.907224056812347080e-20 2.967390681796743194e-20
1.788853903921108576e+04 5.579818661256007450e-20 3.050179243096436512e-20
1.789484817398401719e+04 1.982861569272965004e-20 3.346301665550711718e-20
1.790115725103030491e+04 7.716597336583054637e-20 3.197203848529997256e-20
1.790746627030864693e+04 9.964135093635173855e-20 3.109063117777382509e-20
1.791377523179095442e+04 7.491194531869959378e-20 3.026773382419549724e-20
1.792008413545679650e+04 1.596385484598511314e-19 3.355430797621945892e-20
1.792639298125514688e+04 1.036287227237996252e-19 3.340395723618880879e-20
1.793270176916285709e+04 1.122631123494076012e-19 2.995687002454686129e-20
1.793901049914165560e+04 4.256132807126953268e-20 3.049100228290666443e-20
1.794531917116335171e+04 1.126676135116138129e-19 3.365464175128143121e-20
1.795162778519716448e+04 1.133907704538260018e-19 3.150518631355920486e-20
1.795793634119183116e+04 8.779490731558204331e-20 2.860325595968647830e-20
1.796424483913701624e+04 6.800839130736525164e-20 3.200709159310929933e-20
1.797055327898405085e+04 8.766631853599055974e-20 3.146482842728512706e-20
1.797686166071228581e+04 1.407041342704095091e-19 2.969858994776189419e-20
1.798316998427540966e+04 -4.525421588054979811e-21 3.091348481476849055e-20
1.798947824964255051e+04 1.216879855318873514e-19 3.049184093062805381e-20
1.799578645678788598e+04 9.664400169533141758e-20 3.245301265672407332e-20
1.800209460566771668e+04 4.565975476073540697e-20 2.998542914337291302e-20
1.800840269626127701e+04 8.537888069779880413e-20 3.360987968478939533e-20
1.801471072852215002e+04 8.300285697218433025e-20 3.256469211327623314e-20
1.802101870242189761e+04 8.378066040908461441e-20 3.031242447742309616e-20
1.802732661793201260e+04 4.922818969005807955e-20 3.081395409800964832e-20
1.803363447500602342e+04 7.588706929423082664e-20 2.918902521598439160e-20
1.803994227362307720e+04 8.548675398894210761e-20 3.072577008845237220e-20
1.804625001374436397e+04 9.452532864581319411e-20 3.046457003976994587e-20
1.805255769532843988e+04 1.166434891090275976e-19 3.145249654071800393e-20
1.805886531836478753e+04 7.228342318767424530e-20 3.336231833987795207e-20
1.806517288279378772e+04 9.587016018159432576e-20 2.950378360879387583e-20
1.807148038859195003e+04 6.846108728003350691e-20 3.123779488104041547e-20
1.807778783573067267e+04 7.152916412728269066e-20 3.011241241255833280e-20
1.808409522417092739e+04 8.924739147914523559e-20 3.197126477781572062e-20
1.809040255387360230e+04 1.354631017101671540e-19 3.043412394062558473e-20
1.809670982482788895e+04 1.075783787269669647e-19 3.036875479276845830e-20
1.810301703862846261e+04 1.005626319641860702e-19 3.181788268712872455e-20
1.810923097886666437e+04 1.255137360150857313e-20 3.144974373959449217e-20
1.811553806653046922e+04 3.988705532067734185e-20 3.339191168324510536e-20
1.812184509529061324e+04 8.023164457086286741e-20 3.321856934374353863e-20
1.812815206511851284e+04 1.380789047888952022e-19 3.076135113559180133e-20
1.813445897596671784e+04 1.230123365359087735e-19 3.087542256376662511e-20
1.814076582781716206e+04 9.277669342429005695e-20 3.182447102219789431e-20
1.814707262062775044e+04 1.320924252011619954e-19 3.202575387215124479e-20
1.815337935435363761e+04 8.544717638427252878e-20 3.170807780424204083e-20
1.815968602897673190e+04 5.240084330840410439e-20 3.414158166145650177e-20
1.816599264446276720e+04 6.654620535545471952e-20 3.578732622234475854e-20
1.817229920076429335e+04 9.968559938565560436e-20 3.321480038145865260e-20
1.817860569786294582e+04 7.039128936806815874e-20 3.130024983229592082e-20
1.818491213571661865e+04 1.225444165148500761e-19 3.034051389645930008e-20
1.819121851428017180e+04 2.045213367664691387e-20 3.064656148999788967e-20
1.819752483354080687e+04 5.599691259506786303e-20 3.335013264244178932e-20
1.820383109345340927e+04 1.832731899380151079e-19 3.234652900223712784e-20
1.821013729397828138e+04 1.151444793987999918e-19 3.237421201084947592e-20
1.821644343509176178e+04 6.359898801954469579e-20 3.436993056880430806e-20
1.822274951675402190e+04 1.704178162977414924e-19 3.468706578708636021e-20
1.822905553892533862e+04 1.047524986326676012e-19 3.358907303488971387e-20
1.823536150158184682e+04 9.636098635738544183e-20 3.275340098616150473e-20
1.824166740468384160e+04 7.997260974624233461e-20 3.122020362015441198e-20
1.824797324819123969e+04 -2.386912549707959809e-20 3.100717356224165388e-20
1.825427903208043426e+04 4.505319313245631242e-21 3.091504951573805435e-20
1.826058475631129841e+04 6.210136952750280988e-20 3.174274005981905270e-20
1.826689042084399262e+04 1.273228420569817989e-19 3.259364876690558095e-20
1.827319602565456807e+04 6.710056085328350966e-20 3.354913166386711411e-20
1.827950157070302157e+04 3.727862156824727590e-20 3.174637660499811328e-20
1.828580705594928804e+04 8.845827239232524433e-20 3.329818053312186038e-20
1.829211248136941504e+04 1.391225900271262996e-19 3.348596290991368128e-20
1.829841784692875444e+04 2.950768547941547477e-20 3.107335609040568663e-20
1.830472315257621813e+04 7.587069453686575385e-20 3.449828224001935701e-20
1.831102839829338700e+04 1.388574714890835192e-19 3.040544823976327481e-20
1.831733358404257524e+04 1.275183353513225295e-19 3.128098109350283840e-20
1.832363870978371415e+04 4.650447237538846861e-20 3.142529944749742323e-20
1.832994377547908880e+04 1.141305397439643962e-19 3.169674694482991851e-20
1.833624878111016369e+04 1.540404344805487804e-19 3.221986907930176819e-20
1.834255372662570880e+04 4.107850229694005769e-20 3.184423294162329473e-20
1.834885861199078863e+04 1.316922323315083809e-19 3.274043778614344840e-20
1.835516343718677308e+04 1.313123871166212859e-19 3.177339343130792183e-20
1.836146820216499691e+04 2.337540439023781925e-20 3.101453229149544756e-20
1.836777290688513676e+04 1.207240044716567835e-19 3.205974310548899232e-20
1.837407755133100363e+04 8.378116076772135473e-20 3.274329918569153875e-20
1.838038213545683175e+04 1.084118299917481544e-19 3.198133241991746687e-20
1.838668665921921638e+04 5.142105075850933538e-20 3.095032150669783732e-20
1.839299112259400499e+04 2.345035773681690385e-19 3.289169632701098314e-20
1.839929552554875409e+04 4.054070156600315527e-19 3.532423598201082914e-20
1.840559986804009168e+04 1.964154601381347070e-19 3.157193148632117535e-20
1.841190415003012822e+04 8.904412835087302707e-20 3.028022715926074448e-20
1.841820837149447470e+04 9.672810290543710725e-20 3.070351587075297721e-20
1.842451253239527796e+04 1.780632154638181509e-19 3.401538627008577817e-20
1.843081663269160344e+04 9.445707706497840719e-20 3.350351581068423603e-20
1.843712067234559436e+04 -5.531522545648206990e-21 3.435733772909318560e-20
1.844342465133819132e+04 3.962483047539867801e-20 3.160616641427129911e-20
1.844972856961771686e+04 1.561430343686893338e-20 3.058336940165486351e-20
1.845603242715145461e+04 9.262319524639739765e-20 3.418473870622069164e-20
1.846233622390673554e+04 4.489250268839359651e-20 3.073981059014949406e-20
1.846863995985915608e+04 7.099587034097066731e-20 3.129552358958316913e-20
1.847494363494843856e+04 5.200930210839556177e-20 3.136084095429305952e-20
1.848115360405563843e+04 1.849034005908503138e-19 3.297615509963630313e-20
1.848745715217810721e+04 6.383682475531766917e-20 3.204214595530383412e-20
1.849376063766568041e+04 5.767724750608443582e-20 2.954462765138661769e-20
1.850006406214223171e+04 3.143898560670468663e-20 2.953376135606051084e-20
1.850636742558747937e+04 9.598845067067151971e-20 3.024161924599457223e-20
1.851267072797394940e+04 -3.289532924783292270e-20 2.905752829352885606e-20
1.851897396926059446e+04 1.128349230274392693e-19 3.176839645650556838e-20
1.852527714941166414e+04 9.463571436852151286e-20 3.329903251558402878e-20
1.853158026838344813e+04 7.280481357878366548e-20 3.282057089977251415e-20
1.853788332616446496e+04 1.686788062862867642e-19 3.416783194550369846e-20
1.854418632269471709e+04 1.940126582780160788e-20 3.141464348246770990e-20
1.855048925794631577e+04 6.170533817456337024e-20 3.020959577771784799e-20
1.855679213187551068e+04 5.023035295659594550e-20 2.970957304584702532e-20
1.856309494446539611e+04 8.096261670250044729e-20 3.168858234055403620e-20
1.856939769567204348e+04 3.577805824856032330e-20 3.007854500519149282e-20
1.857570038545125499e+04 3.930108133910123179e-20 3.313972470284417690e-20
1.858200301376451534e+04 1.122890222818739986e-19 3.200966478840255394e-20
1.858830558060026669e+04 4.441760521110728234e-20 3.226481652094366654e-20
1.859460808589816952e+04 7.286475516002112572e-20 2.856059326953509808e-20
1.860091052963027687e+04 2.283640777154579645e-20 3.248369512897102057e-20
1.860721291176059094e+04 3.209416188712154750e-20 3.146566543795510999e-20
1.861351523225314668e+04 1.043242150335122153e-19 3.277539494347168656e-20
1.861981749107994983e+04 7.933726972665801376e-20 3.115032230793185602e-20
1.862611968818857713e+04 4.293934889017836514e-20 3.001993338306386617e-20
1.863242182355096884e+04 9.773168752143678345e-20 3.273882799125000241e-20
1.863872389712837685e+04 7.201958973435699333e-20 3.076775134027157741e-20
1.864502590889824205e+04 9.527132052794622362e-20 3.152693257225731106e-20
1.865132785880793745e+04 1.173052712722304638e-19 3.252298524831300491e-20
1.865762974682117419e+04 1.106456022126312669e-19 2.994676270656825476e-20
1.866393157290991439e+04 7.007157249867924916e-20 2.797554967527977998e-20
1.867023333703800745e+04 -3.868319976822848550e-20 2.879151686083338127e-20
1.867653503917450143e+04 1.372336997416018843e-19 2.987233091104137128e-20
1.868283667927985152e+04 1.211754699079937045e-19 3.171295219978730620e-20
1.868913825900486336e+04 1.287468405032461277e-19 3.128472879287061945e-20
1.869534589561145913e+04 2.059335899920113738e-19 3.205489249615927182e-20
1.870164734246274020e+04 1.721859011490667928e-19 3.260624596042303487e-20
1.870794872713631776e+04 1.141702432986247027e-19 3.145446522115446942e-20
1.871425004959000216e+04 1.158580243867645939e-19 3.209749875132006962e-20
1.872055130977619046e+04 6.704701885031492635e-20 3.019700282682763476e-20
1.872685250767224352e+04 1.090766803317810999e-19 3.176630264860025072e-20
1.873315364324736584e+04 1.260856411646319945e-19 3.125526044625059372e-20
1.873945471645643920e+04 2.353720546846200800e-19 3.633010553922981700e-20
1.874575572726288010e+04 3.262664734935693151e-20 3.290310211375038703e-20
1.875205667561881273e+04 2.439471515012964865e-20 3.230602726624415280e-20
1.875835756150153975e+04 1.374487722200744688e-19 3.209028256943927806e-20
1.876465838488015288e+04 1.100067251823303039e-19 2.979254600100442644e-20
1.877095914570933382e+04 9.443855510591546267e-20 3.050901116393988141e-20
1.877725984395243722e+04 1.560896435603470729e-20 3.035993900369059408e-20
1.878356047956698239e+04 3.860680377540182857e-20 2.913773702010861403e-20
1.878986105252179186e+04 6.709776862484597939e-20 3.137135505871746063e-20
1.879616156278295239e+04 1.326671958697466586e-20 3.018437821928505081e-20
1.880246201030779412e+04 -7.183970250006026784e-21 3.996087721576866817e-20
