9.795940016399457818e+03 9.851764314826444965e-20 4.269425361944899050e-20
9.802271457834009198e+03 8.417737449629880434e-20 2.728063550320127900e-20
9.808602870471064307e+03 9.899127344810494921e-21 2.516456291909103760e-20
9.814934254288431475e+03 1.355541413089778348e-20 2.323232386756702354e-20
9.821265609270143614e+03 1.097873529926761586e-19 2.302778463281329124e-20
9.827596935396664776e+03 1.904402654536498931e-20 2.287272150991507054e-20
9.833928232649368510e+03 4.777314581853685044e-20 2.332418680881774503e-20
9.840259501010461463e+03 1.788646082314270020e-20 2.228055027253584321e-20
9.846590740459489098e+03 7.588671888421240015e-20 2.328023705684216229e-20
9.852921950978767200e+03 8.627904126942452112e-22 2.234972290928114837e-20
9.859253132548758003e+03 8.060059694666674553e-20 2.217507214569875343e-20
9.865584285152601296e+03 1.092678187035317765e-19 2.162246808283980025e-20
9.871915408771646980e+03 2.888630945624254114e-20 2.145284476050511833e-20
9.878246503386350014e+03 1.022969085574794479e-19 2.116876251865306094e-20
9.884577568977178089e+03 5.486776950556270582e-20 2.093214023512620863e-20
9.890908605525472012e+03 4.318115713300882770e-20 2.104042372742857364e-20
9.897239613014360657e+03 6.307283207665976141e-20 2.050764345609428813e-20
9.903570591425197563e+03 5.684882713079644793e-20 2.108942064988332343e-20
9.909901540737537289e+03 -2.276384760882935413e-20 1.928805955431354566e-20
9.916232460933586481e+03 5.649474506232284542e-20 2.046010728393512735e-20
9.922563351995528137e+03 3.258208554863783762e-20 2.058625996449117654e-20
9.928894213902993215e+03 1.611604923370837457e-20 1.979936843478059416e-20
9.935225046638204731e+03 4.940426333932371438e-20 2.101705767769690844e-20
9.941555850183414805e+03 8.447139154875738527e-21 2.172673823424844305e-20
9.947886624518143435e+03 3.571428993843216110e-20 1.947418967569298555e-20
9.954217369625528590e+03 3.316605244408405873e-20 2.027333245324877134e-20
9.960548085485106640e+03 9.585067187312955007e-20 2.074364846617319481e-20
9.966878772079990085e+03 3.990596585029738407e-20 1.951393334413900000e-20
9.973209429389728029e+03 7.371856026095477768e-20 2.147084473518440240e-20
9.979540057397434794e+03 5.033580599047683682e-20 1.967815325147696815e-20
9.985870656083539870e+03 5.851868442784809519e-21 1.913625912583545494e-20
9.992201225429244005e+03 5.029454705684035770e-20 2.094097764906110501e-20
9.998531765415089467e+03 6.455996425424683845e-20 1.977887815857017410e-20
1.000486227602418694e+04 5.093908668631209073e-20 2.044450065212021879e-20
1.001119275723696592e+04 1.576838085800497120e-20 1.923692784435243706e-20
1.001752320903473264e+04 6.780026009685567273e-20 1.970915318295331933e-20
1.002385363139880246e+04 1.182285092518229775e-19 2.193588458497014126e-20
1.003018402430868628e+04 5.104362146171777198e-20 1.989632367382090214e-20
1.003651438775019960e+04 8.294161875202515496e-20 1.921925016509020597e-20
1.004284472170104345e+04 3.499947933327645656e-20 1.959725255794818661e-20
1.004917502614342811e+04 1.008175440967135073e-19 2.015393162291073411e-20
1.005550530105679536e+04 5.282875454810119915e-20 1.970463974504201704e-20
1.006183554642605850e+04 4.731677522907522879e-21 1.967820228857560788e-20
1.006816576223075208e+04 5.763005999801890356e-20 1.931516460774523539e-20
1.007449594845310639e+04 2.740499421969860712e-20 1.845888630726900628e-20
1.008082610507259960e+04 7.113326301221360958e-20 1.876304712978088795e-20
1.008715623207143108e+04 6.108640968114006914e-20 2.049268201681159793e-20
1.009348632943088342e+04 8.394583426508367379e-20 2.116957006470238571e-20
1.009981639713226468e+04 3.252598667520740321e-20 1.906407125943818830e-20
1.010614643515775606e+04 7.316991546778854889e-20 2.038171639662825134e-20
1.011247644348683752e+04 8.017277124886869033e-20 2.047255723554877797e-20
1.011880642210165570e+04 7.972797629819305595e-20 2.004899029120187112e-20
1.012513637098345498e+04 6.180068604857051071e-20 1.956518086685966239e-20
1.013146629011359073e+04 6.395836901555951728e-20 1.833485003424945860e-20
1.013779617947335100e+04 1.417846869942063089e-20 1.954760525364635761e-20
1.014412603904400567e+04 1.842932387598125419e-20 1.887215847323118654e-20
1.015045586880683186e+04 1.091352144691907109e-20 2.025790089736335717e-20
1.015678566874310491e+04 -1.394350264492850638e-20 1.832770810828344538e-20
1.016311543883408740e+04 3.501162758710646157e-20 1.852580681693940412e-20
1.016944517906288456e+04 5.454483775518081160e-20 1.975834613686363452e-20
1.017577488940708827e+04 3.304928037250878338e-20 1.787758951063906852e-20
1.018210456984970006e+04 4.522169636787637227e-20 1.841967036360534399e-20
1.018843422037296841e+04 7.309550437091899075e-20 1.740676282264802854e-20
1.019476384095726644e+04 2.032234024334356317e-20 1.849291717003566403e-20
1.020109343158293268e+04 -5.239405368207956350e-21 1.820803455542949851e-20
1.020742299223213558e+04 -1.708294740793551179e-20 1.639765035048255056e-20
1.021375252288611955e+04 3.836226039721922415e-20 1.849938649808082766e-20
1.022008202352799162e+04 3.804058518304911632e-20 1.962823313985516552e-20
1.022641149413531093e+04 4.100953131170499605e-20 1.926232074268843751e-20
1.023274093469207583e+04 8.242423603309657710e-20 1.950939285911096078e-20
1.023907034517760258e+04 6.734219185747574079e-20 1.683615982564127301e-20
1.024539972557408873e+04 3.364627918899577299e-20 1.859914748569799564e-20
1.025172907586375186e+04 1.349000739023328881e-20 1.861919788517570911e-20
1.025805839602782908e+04 5.602012622946584398e-20 1.894273448594713883e-20
1.026438768604477082e+04 3.084148516714539762e-20 1.879031038924954264e-20
1.027071694589858635e+04 1.580139068709445714e-20 1.868077298154145540e-20
1.027704617556958146e+04 7.159045659390409865e-20 1.850456748814489365e-20
1.028337537503897511e+04 4.997758395386124941e-20 1.756360243514589359e-20
1.028970454428706216e+04 4.641834014504459487e-20 1.757184311598261924e-20
1.029603368329679324e+04 1.110927227313411937e-20 1.837841234123106806e-20
1.030236279204950006e+04 4.615852027842343237e-20 1.857206984145936498e-20
1.030869187052362213e+04 6.794627904937339442e-20 1.852438459624448738e-20
1.031502091870410004e+04 -3.156296072250650057e-20 1.791442815945820716e-20
1.032134993656841107e+04 1.010965510983349793e-20 1.875263054568001528e-20
1.032767892410056083e+04 4.473024282779008608e-20 1.833767040491348019e-20
1.033400788128082422e+04 3.319847975691787494e-20 1.824984988546021945e-20
1.034033680809039288e+04 4.644623541565487160e-20 1.878099226134565806e-20
1.034666570451040934e+04 4.669502603638336768e-20 1.841694136617031030e-20
1.035299457052205616e+04 3.348029906708887653e-20 1.770423403167801750e-20
1.035932340610659594e+04 6.150027250395871772e-20 1.742766271549981229e-20
1.036565221124616983e+04 4.833920189652381881e-20 1.811834295898118593e-20
1.037198098592009774e+04 2.025851903722390894e-20 1.897484972014643076e-20
1.037830973011142305e+04 6.647115361831856726e-20 1.825371285636966369e-20
1.038463844379854163e+04 7.161628586009028833e-20 1.842907992178804709e-20
1.039096712696635041e+04 6.390832082894859626e-20 1.857265699919319162e-20
1.039729577959319249e+04 4.043029397900674557e-20 1.873360306466432013e-20
1.040362440166110900e+04 1.063348012657776642e-20 1.746739734924981215e-20
1.040995299315137891e+04 2.783763607621284683e-20 1.768609706013525971e-20
1.041628155404705831e+04 5.335204035964170667e-20 1.822017508193035264e-20
1.042261008432554809e+04 1.131571607765877729e-20 1.699860915188011659e-20
1.042893858396894939e+04 5.132973601014028858e-20 1.701851519062312955e-20
1.043526705296125147e+04 6.425203268537424363e-20 1.859408760131095305e-20
1.044159549128172512e+04 7.283606811848763538e-20 1.781112796086794948e-20
1.044792389891146195e+04 5.327839003823769599e-20 1.676186549463159758e-20
1.045425227583064407e+04 1.840067807755105828e-20 1.637249576111225388e-20
1.046058062202144902e+04 3.919864113503924538e-20 1.760612339662235769e-20
1.046690893746691472e+04 4.187909819166797122e-20 1.795011956051202355e-20
1.047323722214347436e+04 9.093560402995189774e-20 1.761926537155546663e-20
1.047956547603791842e+04 6.826951417131759604e-20 1.849652468665446982e-20
1.048589369912666734e+04 2.116327177538109560e-20 1.780875635219384351e-20
1.049222189139368857e+04 8.387906514331612942e-20 1.787510321901796821e-20
1.049855005281809463e+04 4.280187003059665533e-20 1.785929383452887387e-20
1.050487818338299803e+04 7.376025847364190244e-20 1.754192665920609002e-20
1.051120628306860090e+04 4.954673418067749761e-20 1.734077274181953731e-20
1.051753435185509807e+04 8.671948083943825679e-20 1.815772020782965017e-20
1.052386238972643696e+04 1.744523903683131664e-19 1.840929520244688496e-20
1.053019039666089702e+04 2.176340297554554917e-19 1.923796160461725648e-20
1.053651837263958078e+04 1.629475356426458930e-19 1.816972917667542442e-20
1.054284631764733786e+04 6.233982784302749177e-20 1.840678760028331200e-20
1.054917423165858236e+04 4.595279182360360406e-20 1.757620449475345131e-20
1.055550211466021574e+04 1.110794385402800560e-20 1.735929141215713609e-20
1.056182996663239828e+04 7.890835561945139680e-20 1.711562213561786480e-20
1.056815778755336760e+04 1.037952500688300510e-19 1.803136057410594251e-20
1.057448557740802426e+04 5.753424188191201940e-20 1.714913659183635121e-20
1.058081333617459677e+04 9.396558199533710783e-21 1.669067682501917425e-20
1.058714106383510807e+04 4.628963134151801972e-20 1.737004778586025626e-20
1.059346876037050060e+04 7.598951043440294912e-20 1.706854339826742015e-20
1.059979642576201513e+04 7.061322108862617653e-20 1.760058956521495613e-20
1.060612405999168550e+04 5.106339009535307793e-20 1.647906115923368837e-20
1.061245166303867336e+04 9.031940594277867631e-20 1.717504313584846219e-20
1.061877923488403940e+04 5.814901779238636103e-20 1.820238677093938102e-20
1.062510677551268236e+04 9.330464888975726701e-20 1.843676426634345380e-20
1.063143428489990401e+04 8.491788455215695974e-20 1.802846913776444229e-20
1.063776176303139982e+04 7.007087193117867217e-20 1.652544208902166118e-20
1.064408920988552563e+04 5.050529042718509692e-20 1.658807910377524468e-20
1.065041662544524661e+04 1.763435568175828731e-20 1.578472591338123757e-20
1.065674400968970076e+04 3.408109363820026423e-20 1.708416409955913426e-20
1.066307136260279003e+04 2.736655154322365540e-20 1.744409014045193109e-20
1.066939868416078389e+04 3.456502067983240649e-20 1.805555552093641233e-20
1.067572597434946147e+04 1.215642353790758718e-19 1.799789685695182870e-20
1.068205323314687848e+04 6.638149046909200138e-20 1.720319550464149740e-20
1.068838046053613471e+04 8.793753822397552380e-20 1.795238639200042049e-20
1.069470765648065026e+04 9.022438290130529017e-20 1.669222343680631017e-20
1.070103476204653998e+04 8.309661233857671045e-20 1.700557191837754265e-20
1.070736171833593471e+04 2.485420749136425315e-20 1.654550681348816241e-20
1.071368864313998529e+04 3.518842510638295621e-20 1.669331681946003451e-20
1.072001553644352134e+04 8.651844959808085867e-20 1.752500698625845587e-20
1.072634239822562813e+04 5.174157591325551925e-20 1.705714585209004079e-20
1.073266922847031310e+04 2.474954421619174060e-20 1.702233091187404481e-20
1.073899602715471883e+04 2.373463838803707831e-20 1.760179213508479105e-20
1.074532279426273635e+04 9.527916459674030214e-20 1.762414723123080107e-20
1.075164952977439680e+04 6.571419301660557550e-20 1.668607741792725708e-20
1.075797623366972766e+04 1.076867561361364044e-19 1.862661948640616970e-20
1.076430290593243990e+04 8.552780026049598211e-20 1.773612873507593483e-20
1.077062954654078021e+04 7.936406615188012854e-20 1.682677789935146448e-20
1.077695615547575835e+04 5.734268471967956150e-20 1.602325432960910016e-20
1.078328273272027218e+04 1.202378213673956856e-20 1.717105869095001078e-20
1.078960927825531144e+04 5.927709116400550550e-20 1.756225772555018234e-20
1.079593579205989590e+04 1.029620677814284273e-19 1.721115493928400996e-20
1.080226227411585933e+04 6.196481477641922319e-20 1.735675219339479959e-20
1.080858872440320738e+04 4.970648383475420246e-20 1.696075359929682137e-20
1.081491514290493978e+04 8.002289854767336339e-20 1.670784034038883669e-20
1.082124152960200990e+04 2.302054480278664081e-20 1.634470300216850848e-20
1.082756788447341933e+04 3.084646443756551820e-20 1.686570348341912978e-20
1.083389420750206591e+04 6.518323918444535086e-20 1.818930453665212953e-20
1.084022049866591260e+04 3.257562406612944952e-20 1.805797557862700622e-20
1.084654675794872674e+04 2.810534909059057050e-20 1.643274643278508477e-20
1.085287298533159992e+04 4.905514425333675178e-20 1.639442591715272057e-20
1.085919918079449053e+04 5.234526711226580281e-20 1.590747767548736910e-20
1.086552534431734421e+04 3.197389214118200132e-20 1.662693877420747510e-20
1.087185147588107429e+04 4.252791225370415301e-20 1.608424116615013048e-20
1.087817757546952816e+04 4.890275464026126508e-20 1.590077404275965318e-20
1.088450364306247138e+04 4.725400882581386981e-20 1.716575078455743609e-20
1.089082967863806698e+04 5.838689169486359783e-21 1.560973780608116746e-20
1.089715568217819236e+04 3.705693923107148838e-20 1.583750415617197680e-20
1.090348165366769172e+04 3.746380281786800203e-20 1.733436266070872785e-20
1.090980759308351298e+04 5.269323769342314622e-20 1.728206330092004284e-20
1.091613350040655678e+04 4.624588145768110879e-20 1.641834330619504725e-20
1.092245937561850769e+04 5.789803355666370723e-20 1.633206785165038350e-20
1.092878521870044278e+04 7.086922346160169581e-20 1.528970458448470473e-20
1.093511102963423946e+04 7.789538400815198951e-20 1.575628368601294982e-20
1.094143680840077286e+04 9.745142335261616197e-20 1.574543361181340093e-20
1.094776255497696548e+04 3.951551550766783591e-20 1.530737124111329700e-20
1.095408826934860008e+04 2.776674718224199258e-20 1.550632062424942744e-20
1.096041395149440359e+04 7.784153928885633818e-20 1.561410375238355864e-20
1.096673960139642440e+04 2.109766027429978374e-20 1.443030129998885816e-20
1.097306521903154498e+04 3.825062360721477761e-20 1.665014934050439819e-20
1.097939080438558085e+04 7.430455920027965711e-20 1.616027915506938174e-20
1.098571635743837942e+04 4.536893126073736486e-20 1.620690286682421302e-20
1.099204187816974081e+04 1.115615328737259209e-19 1.652823134662876015e-20
1.099836736655742425e+04 5.501696610932428490e-20 1.539342392518160680e-20
1.100469282258739440e+04 6.203675464357428206e-20 1.590917993261248470e-20
1.101101824623948050e+04 4.544779507470644888e-20 1.601107828294039091e-20
1.101734363749352451e+04 2.602805988098589712e-20 1.623112823997735754e-20
1.102366899632735658e+04 7.548819047176867282e-20 1.721798067904726733e-20
1.102999432272663944e+04 5.394402772169315046e-20 1.520137634745467907e-20
1.103631961667123142e+04 7.172631949873387471e-20 1.518723666157421013e-20
1.104264487814103632e+04 7.920613028093365962e-20 1.692177704494815775e-20
1.104897010711386065e+04 7.530322488882414450e-20 1.662636085212997147e-20
1.105529530357650583e+04 8.621961013793194707e-20 1.609068484887644129e-20
1.106162046750674926e+04 8.219410218441525416e-20 1.616703352256440158e-20
1.106794559888419280e+04 5.982598066276136636e-20 1.742822583813483774e-20
1.107427069768980800e+04 6.337305221885832866e-20 1.578127767399773480e-20
1.108059576390939947e+04 5.323088992386715235e-20 1.552011871225095923e-20
1.108692079751572601e+04 5.875537989302789677e-20 1.564407508039396744e-20
1.109324579849356815e+04 6.171458967829193740e-20 1.593898862363919053e-20
1.109957076682661864e+04 9.076559547507707991e-20 1.553308073101621545e-20
1.110589570249157441e+04 5.356226553624588052e-20 1.542372266328787279e-20
1.111222060546832836e+04 5.101409531091832508e-20 1.698637109540112244e-20
1.111854547573963828e+04 5.063707426575763374e-20 1.675906820720069874e-20
1.112487031328927515e+04 6.518987196392375316e-20 1.544413405353868283e-20
1.113119511809395954e+04 7.519783324778565101e-20 1.610990813303975094e-20
1.113751989013421371e+04 8.727301435332331363e-20 1.610479068203556318e-20
1.114384462939298464e+04 7.173707677052531967e-20 1.556600272948325120e-20
1.115016933585103288e+04 9.407324861733851005e-20 1.591766343145170164e-20
1.115649400948501534e+04 6.226433583160641639e-20 1.509054490853218884e-20
1.116281865027871027e+04 5.480588527059896502e-20 1.483423932168885000e-20
1.116914325821775674e+04 9.094214354385068155e-20 1.579080805377266532e-20
1.117546783327274898e+04 4.970288921391993804e-20 1.519558724959426872e-20
1.118179237543060299e+04 7.605556953942155894e-20 1.481934209188062968e-20
1.118811688467301974e+04 4.260119137535392089e-20 1.565121812454458158e-20
1.119444136097764931e+04 5.706678234496378984e-20 1.638522597197646296e-20
1.120076580432513219e+04 2.365557150788607822e-20 1.556149890815011047e-20
1.120709021469907384e+04 5.487338441438769244e-20 1.503565015185798245e-20
1.121341459207729167e+04 5.713138018138981556e-20 1.512136795466779066e-20
1.121973893643944211e+04 8.129549918964623092e-20 1.582233956099492663e-20
1.122606324777129157e+04 6.185157150242323610e-20 1.427610647283183757e-20
1.123238752605044647e+04 3.723222327856676007e-20 1.357747096924907869e-20
1.123871177125527720e+04 4.721789136143721347e-20 1.560499086185904095e-20
1.124503598336976575e+04 6.979440435487656140e-20 1.548760671346903407e-20
1.125136016237455806e+04 1.899602357677386081e-20 1.381266415547910023e-20
1.125768430824722054e+04 8.109919269677032372e-20 1.503796448780626455e-20
1.126400842097351779e+04 9.068471883981702985e-20 1.404518610063489559e-20
1.127033250052875883e+04 6.993784921370969473e-20 1.534871303793236427e-20
1.127665654689374787e+04 8.234237277979037192e-20 1.402329214766821354e-20
1.128298056005530088e+04 6.267140976747015300e-20 1.462465798389236439e-20
1.128930453998789017e+04 1.175535223204354452e-20 1.540612599103449606e-20
1.129562848667313847e+04 4.512921275071518531e-20 1.492250754195031152e-20
1.130195240009456211e+04 8.493324906870345043e-20 1.519878529416386553e-20
1.130827628023084253e+04 1.360825996796228231e-19 1.663281447734596344e-20
1.131460012706058296e+04 1.101691810943125111e-19 1.486703622831806765e-20
1.132092394057056117e+04 7.541855985519145138e-20 1.495653621444010989e-20
1.132724772073310669e+04 3.987768834192983232e-20 1.547186475256435430e-20
1.133357146753274355e+04 7.833089117825788809e-20 1.608044432745994641e-20
1.133989518095535459e+04 1.012565450213315456e-19 1.520796519572173374e-20
1.134621886097021343e+04 8.373905797725734795e-20 1.495938123638977091e-20
1.135254250756510919e+04 3.921649809573175305e-20 1.444372343059590783e-20
1.135886612072578646e+04 5.495626267790731349e-20 1.449079858424352414e-20
1.136518970041913963e+04 6.376395256526740058e-20 1.409432772989749922e-20
1.137151324663313426e+04 6.023581378272750089e-20 1.512563281261494851e-20
1.137783675935562133e+04 8.566630176558448423e-20 1.694887757739485540e-20
1.138416023855366257e+04 5.684357908612365368e-20 1.415719896509510832e-20
1.139048368421505074e+04 6.028883996601906398e-20 1.495210371960260471e-20
1.139680709632112666e+04 1.026271960758824169e-19 1.457592574812162342e-20
1.140313047484847448e+04 6.616302140972498123e-20 1.488836317227445050e-20
1.140945381978388104e+04 3.884516630098030728e-20 1.483165824424699694e-20
1.141577713109768592e+04 4.968809905642483429e-20 1.364783403684642862e-20
1.142196424469443809e+04 8.382471757969384675e-20 1.512110206034386672e-20
1.142828747471483985e+04 9.207334299698915054e-20 1.376297596337645726e-20
1.143461067102553534e+04 8.234848568323830892e-20 1.597779403330973619e-20
1.144093383364635338e+04 1.022486637800512656e-19 1.475900567230035971e-20
1.144725696255278308e+04 7.962045440486978724e-20 1.456571012008092933e-20
1.145358005772528122e+04 7.772215839136671524e-20 1.470170427189228057e-20
1.145990311914914128e+04 7.862815836650840208e-20 1.496146895097520538e-20
1.146622614679496837e+04 5.055474148649685411e-20 1.503551160585496116e-20
1.147254914065232151e+04 6.492249193668461186e-20 1.473322325379105126e-20
1.147887210070070614e+04 9.099806042763856321e-20 1.432764529156332115e-20
1.148519502691636808e+04 1.071133754562778520e-19 1.510697712611812232e-20
1.149151791928272178e+04 8.542743547000044181e-20 1.473322641660651206e-20
1.149784077777732091e+04 7.257778407117706941e-20 1.451105906843409765e-20
1.150416360238168090e+04 3.228732599848702203e-20 1.410538734774626348e-20
1.151048639308328711e+04 2.914323463558699766e-20 1.441844704898653902e-20
1.151680914984922674e+04 8.074650753056981211e-20 1.420768415191312849e-20
1.152313187267317153e+04 5.836161215792071867e-20 1.395982585560983096e-20
1.152945456152552470e+04 7.406264076789571504e-20 1.498888761603661544e-20
1.153577721639375159e+04 9.309524642673324932e-20 1.479414411365878693e-20
1.154209983725412349e+04 5.395848267035682052e-20 1.443074713029355473e-20
1.154842242408281891e+04 6.740099795465437429e-20 1.515478818452873632e-20
1.155474497687368967e+04 4.147443690448298161e-20 1.486299590558984472e-20
1.156106749559394666e+04 3.299845350309571690e-20 1.498342315364701699e-20
1.156738998023303793e+04 7.020048874732411131e-20 1.502581617887985754e-20
1.157371243076406972e+04 2.419037917975763624e-20 1.449762263411107127e-20
1.158003484716947969e+04 3.138169409561199182e-20 1.387594654608958436e-20
1.158635722943486326e+04 6.766929474596304786e-20 1.417219736051499076e-20
1.159267957753038718e+04 5.515089886862963345e-20 1.462033457847983959e-20
1.159900189144962314e+04 5.041517407155125230e-20 1.438160525859256354e-20
1.160532417116051329e+04 5.741460102320797142e-20 1.351797208298553413e-20
1.161164641665374438e+04 5.082628955427646599e-20 1.357281696917790279e-20
1.161796862789844818e+04 7.365293164998182337e-20 1.443349610707218953e-20
1.162429080488515865e+04 7.627084189929914134e-20 1.536825478423795677e-20
1.163061294758792246e+04 7.262335596918751862e-20 1.377592915188795023e-20
1.163693505598914089e+04 1.090735915141451702e-19 1.550230824262764357e-20
1.164325713007130435e+04 9.336474570280635801e-20 1.357114737867988028e-20
1.164957916981063318e+04 9.089032647691203950e-20 1.426862246194778327e-20
1.165590117519348860e+04 5.671958777753883768e-20 1.592912079676513903e-20
1.166222314619073768e+04 5.530917301370379894e-20 1.423504065230578193e-20
1.166854508279212314e+04 5.933343435445496586e-20 1.306735537249147190e-20
1.167486698496972895e+04 4.923281244315880666e-20 1.334739570033205120e-20
1.168118885273757041e+04 7.313882253722002994e-20 1.425964339301195922e-20
1.168751068839493928e+04 2.570781236788914156e-20 1.420164335628839408e-20
1.169369571678932152e+04 9.189215328305145897e-20 1.397728423813955539e-20
1.170001746704015204e+04 1.029138439973140848e-19 1.396207013426598913e-20
1.170633918277116754e+04 5.327963360797138333e-20 1.418284473184553117e-20
1.171266086396685023e+04 7.356199556466939296e-20 1.425518017395095776e-20
1.171898251059976246e+04 6.787922757544446454e-20 1.422719169338499481e-20
1.172530412266003259e+04 9.575827505795577074e-20 1.499940114348210064e-20
1.173162570011819116e+04 8.271737901847261067e-20 1.404223110136029742e-20
1.173794724296306958e+04 7.921771281266183067e-20 1.482884490916761669e-20
1.174426875116487281e+04 1.212673431932897873e-19 1.519618736915164605e-20
1.175059022471273784e+04 9.310596170475766484e-20 1.439682445104759923e-20
1.175691166358253213e+04 7.110076989874580932e-20 1.427832170088892437e-20
1.176323306775660603e+04 7.239258407689951766e-20 1.459472136775898971e-20
1.176955443721276970e+04 6.990484933020982767e-20 1.460780078152193996e-20
1.177587577193349716e+04 9.520522535961851107e-20 1.514893481140674336e-20
1.178219707189795372e+04 1.009583966741170599e-19 1.371328470744967808e-20
1.178851833708630875e+04 6.535734527270907071e-20 1.320935854151300117e-20
1.179483956747746561e+04 6.980815243530310471e-20 1.338875716099885331e-20
1.180116076305377646e+04 6.089227174061452819e-20 1.368861360780982792e-20
1.180748192379444117e+04 4.993476026006489132e-20 1.458091454727645330e-20
1.181380304967958728e+04 5.650744996386680344e-20 1.318822987669183347e-20
1.182012414068815087e+04 8.749700065655724574e-20 1.342598327614030324e-20
1.182644519680343910e+04 5.373211035445072589e-20 1.346034574508159450e-20
1.183276621800032081e+04 8.191282788846232297e-20 1.336749723047011152e-20
1.183908720426543914e+04 6.817522690469567959e-20 1.317026982485308562e-20
1.184540815557339010e+04 1.074615553507340202e-19 1.378421617640330990e-20
1.185172907190845945e+04 9.038806898314847630e-20 1.339328257886379824e-20
1.185804995324661468e+04 6.268154040278591635e-20 1.300243107514510290e-20
1.186437079957230526e+04 7.969600094562749850e-20 1.333658018149475141e-20
1.187069161086120948e+04 9.428259676857157169e-20 1.385256815519012250e-20
1.187701238709862264e+04 4.311206798369243609e-20 1.275085945207653110e-20
1.188333312825723624e+04 4.227703189092729168e-20 1.262866792332595891e-20
1.188965383432476665e+04 5.609495372562343034e-20 1.375424601998932920e-20
1.189597450527575893e+04 6.401576414278066315e-20 1.325457310650494626e-20
1.190229514109657430e+04 6.493476194782598951e-20 1.375938019269803002e-20
1.190861574175657552e+04 6.199468571873229253e-20 1.325902644528616905e-20
1.191493630724897412e+04 5.770664671037462540e-20 1.275073333033904618e-20
1.192125683754388047e+04 9.250085229131889054e-20 1.295396095355661120e-20
1.192757733262432885e+04 3.811895616099771526e-20 1.293299474922954142e-20
1.193389779247063780e+04 6.576334057769010961e-20 1.236559056927289564e-20
1.194021821706390256e+04 6.867969941685606899e-20 1.328991134334928722e-20
1.194653860638191873e+04 8.084811788649134867e-20 1.390267781144886548e-20
1.195285896040656917e+04 7.375239754670595581e-20 1.337655742305872647e-20
1.195917927911597144e+04 8.923752427751785557e-20 1.353361913250832302e-20
1.196549956249117713e+04 5.226380356904753199e-20 1.289290997153193145e-20
1.197181981051325602e+04 6.329050024519083782e-20 1.281538181816467038e-20
1.197814002316077676e+04 4.015265452850864469e-20 1.307176203559063055e-20
1.198446020041290831e+04 6.674544548535773533e-20 1.294671436787209285e-20
1.199078034225180272e+04 7.311786202480382570e-20 1.344491528333408490e-20
1.199710044865514283e+04 7.566727106724754611e-20 1.282022636110138414e-20
1.200342051960484605e+04 7.210180683741501498e-20 1.324900018170157292e-20
1.200974055508113452e+04 8.246249839558957234e-20 1.318082335919878856e-20
1.201606055505947370e+04 6.941100709971311037e-20 1.326642346024229323e-20
1.202238051952526803e+04 5.801722804141912826e-20 1.386557941265807198e-20
1.202870044845602752e+04 7.341909156955391212e-20 1.243974502004943454e-20
1.203502034183301294e+04 5.033926932558827763e-20 1.245630218167229069e-20
1.204134019963278479e+04 5.973297314784012598e-20 1.271479564543347515e-20
1.204766002183732962e+04 6.324387118603858298e-20 1.340170908149073690e-20
1.205397980842755715e+04 7.274595361366513073e-20 1.334438755701099749e-20
1.206029955938243984e+04 4.243487280143639976e-20 1.242194550358567478e-20
1.206661927468407703e+04 5.467268290935685820e-20 1.186911788752901866e-20
1.207293895430544035e+04 7.636093556932521392e-20 1.221822644353611897e-20
1.207925859823423343e+04 7.238692961597225911e-20 1.228664625214718889e-20
1.208557820644598178e+04 8.101992414397270313e-20 1.292412809961816273e-20
1.209189777892164057e+04 2.712394387706166986e-20 1.159499012858863404e-20
1.209821731564192123e+04 4.098613877046091036e-20 1.193605816848585745e-20
1.210453681658343157e+04 5.126573101213291403e-20 1.192575619302771656e-20
1.211085628173056466e+04 5.380159784628439146e-20 1.132512369919528715e-20
1.211717571106088326e+04 6.966520103643287314e-20 1.226585053726082952e-20
1.212349510455163727e+04 7.799444424363581262e-20 1.343841963343719459e-20
1.212981446218627934e+04 1.403129944668715644e-19 1.349810439269366547e-20
1.213613378394574647e+04 8.398671970793297849e-20 1.327320930943102152e-20
1.214245306980412352e+04 2.911786662049340625e-20 1.259255043538384796e-20
1.214877231974659480e+04 6.342003405502781079e-20 1.210885299126922999e-20
1.215509153375096867e+04 5.623750736583915524e-20 1.220360055743335606e-20
1.216141071179585015e+04 5.094467907447889160e-20 1.226929076717214110e-20
1.216772985386085566e+04 5.340978214988356322e-20 1.253179398190220180e-20
1.217404895993019272e+04 4.593856599141058745e-20 1.218750789895533580e-20
1.218036802997928680e+04 7.509727912218704181e-20 1.297544827341094083e-20
1.218668706398897666e+04 5.366793135002779175e-20 1.278005431466471974e-20
1.219300606193760723e+04 4.606685965907817239e-20 1.339945991595808755e-20
1.219932502380619371e+04 7.571518081416241068e-20 1.313141270790428073e-20
1.220564394957678996e+04 5.790019586550717601e-20 1.240347931819011546e-20
1.221196283922453586e+04 2.587349601249284122e-20 1.274351687075989799e-20
1.221828169273221829e+04 3.978382774068269764e-20 1.263104621314980756e-20
1.222460051007758921e+04 7.297247523708680383e-20 1.469278474482602515e-20
1.223091929124258786e+04 5.398874884176256164e-20 1.433760969370161555e-20
1.223723803620560648e+04 9.264821372907985620e-20 1.335540428697029902e-20
1.224355674494623418e+04 5.983853256948600001e-20 1.295251688700557492e-20
1.224987541744434384e+04 6.336649453331802317e-20 1.259565352864092636e-20
1.225619405367843501e+04 9.671698997651717935e-20 1.262435971736089840e-20
1.226251265363014500e+04 9.057223701105109325e-20 1.295423159000318678e-20
1.226883121727931393e+04 4.507350528253357939e-20 1.315845284695213292e-20
1.227514974460334815e+04 5.334189223583593731e-20 1.353068307973198389e-20
1.228146823558294818e+04 6.595802267733605856e-20 1.258414769800903172e-20
1.228778669019863810e+04 7.776789824367784720e-20 1.336206674354360534e-20
1.229410510842687290e+04 9.028531274509119328e-20 1.282801870507808896e-20
1.230042349025296971e+04 7.763499607226134241e-20 1.192895177367805920e-20
1.230674183564942359e+04 4.408799846740024626e-20 1.173624585905626246e-20
1.231306014460046936e+04 5.635399939457486025e-20 1.320833137069975046e-20
1.231937841708467204e+04 1.069116224831371555e-19 1.283461967488712371e-20
1.232569665308271760e+04 6.263924204720272134e-20 1.263403459438558071e-20
1.233201485257039712e+04 7.040501748501230464e-20 1.249947260536692770e-20
1.233833301553220190e+04 6.682530736266611624e-20 1.334141936651260356e-20
1.234465114194419402e+04 8.120884870129323874e-20 1.316874957540341259e-20
1.235096923178803445e+04 6.463020792503782613e-20 1.265409932177358827e-20
1.235728728504211540e+04 7.699820544436885890e-20 1.385620017141448224e-20
1.236360530168611876e+04 1.134397528198721705e-19 1.420171019238817359e-20
1.236992328169838038e+04 9.005774708504897298e-20 1.346880941453045284e-20
1.237624122506036474e+04 1.266602337399129516e-19 1.354909262657944556e-20
1.238255913174961097e+04 6.618233282418855199e-20 1.317819577248455782e-20
1.238887700174790734e+04 6.242840035994047630e-20 1.256494428309542622e-20
1.239519483503222909e+04 2.388015306082284011e-20 1.235480250650148653e-20
1.240151263158437177e+04 5.439694358547493543e-20 1.309451479782488443e-20
1.240783039138282220e+04 4.223257288247785301e-20 1.301814843206889023e-20
1.241414811440582525e+04 7.315617233577350824e-20 1.314926093118582142e-20
1.242046580063483452e+04 4.240307301957356302e-20 1.364692720964255212e-20
1.242678345004847688e+04 8.570050324377181259e-20 1.458144639826292499e-20
1.243310106262616137e+04 7.569498795099654703e-20 1.352274356494103777e-20
1.243941863834709511e+04 4.342856127690484349e-20 1.250282275387943809e-20
1.244573617718960668e+04 4.330208108498502488e-20 1.230562995537606152e-20
1.245205367913556256e+04 8.490141638541746380e-20 1.293790302596650513e-20
1.245837114416428449e+04 4.841517086326114874e-20 1.240991366524229862e-20
1.246468857225261127e+04 6.102211808464947273e-20 1.225588811500097309e-20
1.247100596338138712e+04 6.482724296432491252e-20 1.161789365824256873e-20
1.247732331752996652e+04 5.500182438323130488e-20 1.168816680566589357e-20
1.248364063467742380e+04 3.310434547567448260e-20 1.146301161805421968e-20
1.248995791480450680e+04 7.960116124951353363e-20 1.338381972331917028e-20
1.249627515788828714e+04 4.351678831853464094e-20 1.166932612176881717e-20
1.250259236390912702e+04 9.210149712767683394e-20 1.177536433294048823e-20
1.250890953284627722e+04 6.140185400826927826e-20 1.221012304602906337e-20
1.251522666467929776e+04 4.985010262390122410e-20 1.272992742246719827e-20
1.252154375938863086e+04 5.216870817924488333e-20 1.282139758067117261e-20
1.252786081695209032e+04 5.900719730435025198e-20 1.238193829656973339e-20
1.253417783734815566e+04 6.765453880519525969e-20 1.299395552211152163e-20
1.254049482055727276e+04 7.504280356948253436e-20 1.249170228491167958e-20
1.254681176655845593e+04 9.618430886704556448e-20 1.274608933202894675e-20
1.255312867533232384e+04 9.310082931978333580e-20 1.361403433685473375e-20
1.255944554685588810e+04 7.735656187162000204e-20 1.310596617584319470e-20
1.256576238110941995e+04 6.267533652348093189e-20 1.278280509961139314e-20
1.257207917807327613e+04 5.013594778982212060e-20 1.246715787548253518e-20
1.257839593772693843e+04 5.359919146713571876e-20 1.253120808467161713e-20
1.258471266004484096e+04 6.649525356712709621e-20 1.211597612259510531e-20
1.259102934501182244e+04 4.992700338405922797e-20 1.196840936554530626e-20
1.259734599260508912e+04 7.140918247200079412e-20 1.250045500304229482e-20
1.260366260280382085e+04 3.393865901960262568e-20 1.231594183672531195e-20
1.260997917558572590e+04 5.994006754864571263e-20 1.171369094705048403e-20
1.261629571093379673e+04 6.714778590928690530e-20 1.243612013276500087e-20
1.262261220882371163e+04 7.450000403876507604e-20 1.261042054811346096e-20
1.262892866923443216e+04 6.509508140064780787e-20 1.221498971816581751e-20
1.263524509214634963e+04 7.582353262931879922e-20 1.299621506741965249e-20
1.264156147754115955e+04 6.607453253335766120e-20 1.256436513054672037e-20
1.264787782539432010e+04 3.188279476732932360e-20 1.147186457828872420e-20
1.265419413568720302e+04 6.730670094966984055e-20 1.234957227471876764e-20
1.266051040839563939e+04 6.336473231265350217e-20 1.170839636321918111e-20
1.266682664350346386e+04 9.560462799847474621e-20 1.244691042635619967e-20
1.267314284098468670e+04 6.764829019925212698e-20 1.152050697459848430e-20
1.267945900082407388e+04 6.206147995765421062e-20 1.168196093253955085e-20
1.268563611789378956e+04 5.631781821963428219e-20 1.209661838124920490e-20
1.269195218828113684e+04 4.219548171528765961e-20 1.173987956861239157e-20
1.269826822093201008e+04 6.742027841137879233e-20 1.205034912905423399e-20
1.270458421585274482e+04 9.811187760166176003e-20 1.228734882193647364e-20
1.271090017302335764e+04 5.806830438931307806e-20 1.188720956327236136e-20
1.271721609242524755e+04 7.761845013855978444e-20 1.256154144556456677e-20
1.272353197403298873e+04 6.142670101099566998e-20 1.234722300738527755e-20
1.272984781782774553e+04 3.267135498369753105e-20 1.305024713826718333e-20
1.273616362378848862e+04 6.718590598641772058e-20 1.303926592690084082e-20
1.274247939189563294e+04 8.612005970638013696e-20 1.175279636308435077e-20
1.274879512212577174e+04 5.294320276988438224e-20 1.141657891285364479e-20
1.275511081445995114e+04 8.527423559462026146e-20 1.249684153436929134e-20
1.276142646887288356e+04 6.994044338017292800e-20 1.293783847440775367e-20
1.276774208535162143e+04 9.028614219203209446e-20 1.267257213019634226e-20
1.277405766386905816e+04 6.314721558415360050e-20 1.256646742448872983e-20
1.278037320440675467e+04 7.319618226811674900e-20 1.274497590124096063e-20
1.278668870694014004e+04 6.876778303683367995e-20 1.244800741702283768e-20
1.279300417144900894e+04 4.427225709013934113e-20 1.262526466853896300e-20
1.279931959791731424e+04 7.213118802046624484e-20 1.276568310679182069e-20
1.280563498631933362e+04 6.504342623874374713e-20 1.269348599027980701e-20
1.281195033663477625e+04 4.271626229900348713e-20 1.338153606991574981e-20
1.281826564884168511e+04 5.641787678308217470e-20 1.399923357235627238e-20
1.282458092292249967e+04 -4.546588929007336309e-20 1.002847670982067561e-20
1.283089615885116109e+04 6.498361430450399869e-20 1.088778820720010205e-20
1.283721135661139306e+04 7.757467315425154261e-20 1.907753324168637401e-20
1.284352651617753327e+04 5.677538616034020726e-20 1.083415383745355640e-20
1.284984163753397115e+04 3.521972719605730925e-20 1.022170572986327069e-20
1.285615672065269609e+04 9.018408622996460982e-20 1.288393911724371836e-20
1.286247176551733355e+04 5.203398312850397400e-20 1.273080373404094162e-20
1.286878677213532683e+04 2.678380854951803474e-20 1.217094666377362506e-20
1.287496231125917075e+04 7.540434776520103803e-20 1.239069489593240692e-20
1.288127722708655892e+04 3.686402639472855260e-20 1.252041376412478169e-20
1.288759210457321933e+04 4.089920107453087451e-20 1.261075632622880109e-20
1.289390694369914490e+04 7.161981556384246778e-20 1.283381004031660858e-20
1.290022174444212396e+04 1.047067986590182429e-19 1.355181546762284294e-20
1.290653650677830410e+04 9.362006240051383134e-20 1.148297055629370200e-20
1.291285123069127076e+04 8.016942850597107311e-20 1.240698084670181190e-20
1.291916591615760262e+04 3.361343441095985177e-20 1.138169939776006560e-20
1.292548056315463509e+04 5.751834882198306320e-20 1.205552554114139963e-20
1.293179517166225014e+04 7.587330763488716660e-20 1.262487757694781714e-20
1.293810974166066808e+04 6.385463487797450093e-20 1.340747394433369641e-20
1.294442427312720793e+04 5.196754929742603689e-20 1.318570089162209383e-20
1.295073876603803183e+04 4.275835246740167134e-20 1.231314229117142328e-20
1.295705322037825135e+04 6.848002640769971166e-20 1.312729914179794606e-20
1.296336763612023242e+04 4.444236332442067442e-20 1.277506506919521105e-20
1.296968201324627080e+04 6.375089314766421547e-20 1.258774597949734152e-20
1.297599635173406205e+04 5.308902588137778494e-20 1.277822550358860895e-20
1.298231065156209479e+04 5.577204907371958369e-20 1.259352949978946749e-20
1.298862491271018553e+04 8.120084833773591809e-20 1.310232224017967610e-20
1.299493913515352688e+04 8.396562119487766216e-20 1.268492496652612936e-20
1.300125331887302491e+04 6.371937925528466154e-20 1.281625643352951718e-20
1.300756746384850703e+04 3.106773672039224867e-20 1.253290547014963040e-20
1.301388157005759240e+04 3.323153853846378395e-20 1.232469935403539394e-20
1.302019563747989196e+04 5.844576283778770778e-20 1.292213441325101612e-20
1.302650966609032184e+04 4.627921222428728018e-20 1.160448103956702525e-20
1.303282365587261665e+04 7.328294602368796818e-20 1.199515609921355559e-20
1.303913760680016458e+04 6.113636306974878167e-20 1.174408203990557060e-20
1.304545151887395150e+04 4.069341501571011723e-20 1.222480365654587915e-20
1.305176546749050613e+04 5.627971892996440486e-20 1.213253045778140135e-20
1.305807946697161242e+04 6.473954429040167190e-20 1.223361466952565776e-20
1.306439342751170079e+04 5.913269085722643416e-20 1.164044569700023163e-20
1.307070734908944360e+04 6.217799092154935541e-20 1.253401879671207925e-20
1.307702123168305661e+04 3.452774215212606557e-20 1.225978870596151810e-20
1.308333507527249276e+04 5.664540833011443750e-20 1.191245206251940194e-20
1.308964887983386870e+04 6.681003730117476291e-20 1.293734712113408572e-20
1.309596264534780676e+04 8.252804586236607727e-20 1.301629293745731940e-20
1.310227637179184603e+04 2.682551591241670076e-20 1.255031307670108923e-20
1.310859005914201771e+04 5.879586467543768558e-20 1.272374618308792666e-20
1.311490370738136153e+04 7.417293622225326440e-20 1.221429598173103269e-20
1.312121731648623063e+04 6.529747032866205852e-20 1.183016300690112931e-20
1.312753088643380215e+04 6.189550976426484903e-20 1.180707475641935273e-20
1.313384441720463656e+04 4.436241122304062161e-20 1.183807809023067303e-20
1.314015790877631480e+04 7.854725077118660001e-20 1.234133537084698699e-20
1.314647136112714725e+04 4.830475348331013165e-20 1.183546012240581759e-20
1.315278477423278673e+04 6.072740000344505219e-20 1.206379218681003331e-20
1.315909814807698240e+04 3.429620572025729849e-20 1.167686458963216136e-20
1.316541148263543619e+04 5.271775466979206195e-20 1.220694315366793983e-20
1.317172477788641299e+04 4.301474419347421923e-20 1.232312688837499853e-20
1.317803803380981117e+04 2.603687246493873726e-20 1.199904226210463410e-20
1.318435125037997932e+04 4.974322527438898314e-20 1.166903673243675992e-20
1.319066442757906043e+04 7.342529354396356182e-20 1.145640359283555939e-20
1.319697756538433168e+04 3.683166507302766931e-20 1.120371798181295596e-20
1.320329066377380150e+04 3.977353491693623344e-20 1.228282881967628789e-20
1.320960372272597124e+04 7.786195066759506147e-20 1.292780382833757844e-20
1.321591674221927860e+04 7.127133070235814380e-20 1.173452928954944987e-20
1.322222972223034230e+04 6.760371421344348352e-20 1.229790359189852924e-20
1.322854266274160000e+04 7.294972420521891547e-20 1.146807462549662911e-20
1.323485556372751853e+04 7.584412209723182117e-20 1.155130742765812832e-20
1.324116842516854740e+04 3.926603391696136125e-20 1.106178113237760871e-20
1.324748124703954818e+04 5.364267933500059749e-20 1.118422801271677693e-20
1.325379402932241283e+04 8.516091648981570306e-20 1.218158165402774654e-20
1.326010677199393103e+04 7.217217885526009196e-20 1.234633388928481043e-20
1.326641947503517986e+04 4.722430546839699765e-20 1.166015837031602138e-20
1.327273213841905817e+04 8.251792033325202915e-20 1.093971511081634868e-20
1.327904476212633745e+04 7.614346266913397316e-20 1.217087532229578025e-20
1.328535734613668865e+04 6.281121255334142302e-20 1.181236357165443716e-20
1.329166989042540081e+04 5.008903620054935153e-20 1.124347748170963557e-20
1.329798239497344002e+04 3.409044035362656972e-20 1.181354369723344868e-20
1.330429485975777789e+04 7.934113300729218341e-20 1.183111353313542963e-20
1.331060728475486758e+04 6.919612476374966458e-20 1.116775169956548833e-20
1.331691966994457107e+04 7.771562753243371042e-20 1.213335453535405221e-20
1.332323201530488950e+04 8.014850661342287255e-20 1.262759320162074954e-20
1.332954432081499908e+04 6.910000230585234956e-20 1.195699660838404443e-20
1.333585658645207513e+04 7.205656307089028764e-20 1.172405619829747883e-20
1.334216881219397692e+04 7.488975373694461165e-20 1.236848887223180607e-20
1.334848099801882745e+04 4.409971247177243185e-20 1.060619411535802772e-20
1.335479314390364198e+04 5.862590179566076256e-20 1.257223256297515845e-20
1.336110524982739480e+04 5.652054591421663096e-20 1.140752565897582983e-20
1.336741731577097562e+04 6.711464982326789924e-20 1.160104570098435603e-20
1.337372934170736335e+04 3.752663968866484252e-20 1.203988401312097548e-20
1.338004132761934125e+04 5.560572551398089943e-20 1.205522427810603034e-20
1.338635327348025385e+04 8.739693364859504297e-20 1.298126979675452990e-20
1.339266517927302084e+04 5.923969971194101685e-20 1.136442454596279157e-20
1.339897704497173982e+04 4.935728613797078707e-20 1.127932443593058181e-20
1.340528887055595078e+04 1.844864759984339005e-20 1.149835454686166989e-20
1.341160065600332928e+04 2.103910306233305450e-20 1.230113150313278395e-20
1.341791240129330072e+04 6.132285952637306152e-20 1.215531013648976610e-20
1.342422410640139969e+04 3.078710024723909636e-20 1.179512350670236699e-20
1.343053577130770827e+04 6.418254883813155519e-20 1.151077659458839395e-20
1.343684739598933993e+04 3.631359665117285585e-20 1.185794829254831047e-20
1.344315898042404842e+04 3.975731113239703880e-20 1.195413057022612225e-20
1.344947052458835242e+04 7.490912715875784806e-20 1.209045025600126462e-20
1.345578202846175554e+04 7.254463557997473266e-20 1.239507678348061386e-20
1.346209349202181329e+04 5.462133687632936567e-20 1.223845917237228903e-20
1.346840491524788376e+04 2.571955997301319036e-20 1.193791370632614914e-20
1.347471629811541243e+04 8.386257092613082448e-20 1.273138246439488195e-20
1.348102764060311529e+04 4.697413585007906424e-20 1.147708098288102559e-20
1.348733894268931545e+04 5.682904206653732330e-20 1.249698010257788616e-20
1.349365020435164843e+04 5.275228410249414802e-20 1.211143398384398398e-20
1.349996142556787163e+04 6.414916585797208212e-20 1.189214414561075152e-20
1.350627260631995523e+04 7.642843230672011113e-20 1.206599829533360409e-20
1.351258374657891000e+04 7.317886745042725750e-20 1.212392027934914095e-20
1.351889484632409403e+04 7.473317831842866513e-20 1.161485524949700127e-20
1.352520590553461443e+04 9.446094084560125155e-20 1.254048529826534840e-20
1.353151692419050778e+04 7.855151707755206239e-20 1.231280870571465884e-20
1.353782790226479119e+04 6.868692714685195945e-20 1.203489371511705702e-20
1.354413883973754309e+04 6.893191060507855254e-20 1.234584406032167343e-20
1.355044973658914751e+04 4.859657747619601630e-20 1.202808703075178128e-20
1.355676059279367655e+04 4.383065282426434667e-20 1.234598521503004173e-20
1.356307140833230369e+04 5.551578752922050003e-20 1.232399594342539255e-20
1.356938218317669089e+04 2.294614889865682336e-20 1.229810424831493620e-20
1.357569291730828445e+04 5.852860998466542604e-20 1.173538143789013173e-20
1.358200361070463805e+04 7.012232611076667039e-20 1.243786507424429643e-20
1.358831426334505159e+04 3.060934160899292368e-20 1.356007834828016488e-20
1.359462487520812283e+04 1.168820320255563304e-19 1.363943425009978033e-20
1.360093544626659059e+04 7.133215034335478237e-20 1.321675528613516373e-20
1.360724597650071883e+04 6.684246242692500187e-20 1.278562265629400458e-20
1.361355646588818854e+04 5.753384057937084247e-20 1.204907585742769818e-20
1.361972578176204479e+04 7.668179142736838667e-20 1.220291939263287099e-20
1.362603617519624640e+04 8.799373122913306354e-20 1.207648880682392508e-20
1.363234652768377055e+04 1.084125773333675832e-19 1.248436066481169406e-20
1.363865683923313918e+04 7.551253594092415420e-20 1.270285718680167413e-20
1.364496710982400509e+04 1.108389390475675540e-19 1.302418686813188056e-20
1.365127733943066596e+04 5.876841710169750118e-20 1.258334770251323111e-20
1.365758752803549214e+04 7.189817985912167716e-20 1.264946202588073122e-20
1.366389767561473855e+04 2.683496948285888194e-20 1.182771093522830442e-20
1.367020778214117308e+04 4.004107270529102456e-20 1.257372532115279397e-20
1.367651784759939255e+04 5.720851709145130883e-20 1.150128276957641762e-20
1.368282787195982564e+04 5.942194728079255236e-20 1.265281838764604112e-20
1.368913785520609235e+04 5.525173031085485667e-20 1.221927803871064024e-20
1.369544779731311792e+04 8.076255654125123616e-20 1.142509713665373103e-20
1.370175769825989846e+04 6.203114599561456339e-20 1.244113784413645263e-20
1.370806755801969484e+04 4.085862824151220660e-20 1.182037144358705658e-20
1.371437737657411344e+04 2.594048553348068565e-20 1.104201565044236120e-20
1.372068715389928730e+04 9.109355984903649502e-20 1.183149287337357459e-20
1.372699688997371413e+04 1.389390656368340677e-19 1.333250662839144456e-20
1.373330658477135694e+04 1.223446571840770120e-19 1.309219474957707803e-20
1.373961623827173753e+04 4.114986396446199631e-20 1.221155244470994357e-20
1.374592585045395026e+04 4.595876289112398773e-20 1.062965623348283610e-20
1.375223542129651105e+04 2.632812925873308397e-20 1.236886659512320479e-20
1.375854495077029969e+04 7.515301276185943660e-20 1.217683431577126802e-20
1.376485443888636109e+04 6.570026886056016908e-20 1.183223369946505224e-20
1.377116388801850189e+04 4.280811989650454150e-20 1.150148130969261053e-20
1.377733180230924336e+04 3.351601039097135736e-20 1.227360583217256266e-20
1.378364115185364244e+04 5.440112183911676338e-20 1.238940370223171562e-20
1.378995045992302767e+04 3.732519249476596222e-20 1.192065219822851450e-20
1.379625972648847710e+04 2.829209508362307814e-20 1.232655910605856454e-20
1.380256895152818288e+04 4.852044896260469856e-20 1.159374329203669448e-20
1.380887813502241625e+04 3.731201859720639148e-20 1.157779880906950951e-20
1.381518727694835798e+04 3.756433813561207966e-20 1.142117150773353009e-20
1.382149637728182643e+04 8.887876378869593063e-20 1.308385775702381319e-20
1.382780543599906559e+04 6.063433974925427017e-20 1.323778529873812821e-20
1.383411445307951726e+04 4.461186810476384272e-20 1.226840157342439878e-20
1.384042342849817942e+04 7.192984237972198064e-20 1.244058541180169851e-20
1.384673236223340427e+04 7.026303657364475785e-20 1.216149068419807614e-20
1.385304125426370956e+04 6.219440995953659584e-20 1.191725413141438393e-20
1.385935010456653617e+04 7.625544445147915144e-20 1.247093687425123460e-20
1.386565891311461928e+04 7.592483236959892191e-20 1.267310149188580510e-20
1.387196767989094769e+04 6.481759527768475612e-20 1.238013060620808771e-20
1.387827640486706332e+04 4.442866481189763670e-20 1.231935032874380921e-20
1.388458508802152755e+04 5.675022674315132991e-20 1.229734915492652820e-20
1.389089372933827872e+04 1.146536196319167609e-20 1.127674683720581164e-20
1.389720232878611387e+04 1.485597784296093101e-20 1.138803444934878835e-20
1.390351088634258304e+04 7.282094374513200452e-20 1.166205143440156534e-20
1.390981940199104429e+04 8.326915642246908093e-20 1.255410348867505375e-20
1.391612787570355431e+04 5.232035283249028214e-20 1.249771477012778632e-20
1.392243630745846713e+04 7.157289453996140595e-20 1.259405149186303068e-20
1.392874469723401489e+04 7.476715347573695547e-20 1.356675155366076785e-20
1.393505304500361308e+04 6.798642530783874412e-20 1.275039375178658162e-20
1.394136135074914637e+04 4.538162119753776415e-20 1.158668168093474862e-20
1.394766961444544177e+04 5.205006614359745628e-20 1.268512344861425767e-20
1.395397783606661142e+04 4.309089093579056897e-20 1.244824079510677791e-20
1.396028601559371054e+04 3.130779832163287845e-20 1.220562156453172046e-20
1.396659415300390174e+04 7.462013804809551367e-20 1.155328792316989752e-20
1.397290224827247403e+04 8.389976232350924630e-20 1.178575222289773095e-20
1.397921030137550952e+04 7.161544241905036803e-20 1.182246958473321800e-20
1.398551831229224263e+04 5.470456704299579622e-20 1.218039654606534330e-20
1.399182628099724207e+04 4.390423996339850874e-20 1.134265191635822903e-20
1.399813420746869451e+04 4.462647900822570945e-20 1.165600536206432093e-20
1.400444209168476118e+04 1.306604177633838686e-19 1.261413068500241646e-20
1.401074993362132773e+04 1.027425758774568763e-19 1.211620576958985864e-20
1.401705773325479458e+04 5.756440594577327425e-20 1.196741538884246544e-20
1.402336549056123113e+04 5.877749289290352394e-20 1.195704298878306363e-20
1.402967320551984994e+04 7.678975159873797354e-20 1.232709464910885039e-20
1.403598087810635479e+04 4.712560629557251809e-20 1.315143424725537962e-20
1.404228850829761723e+04 6.595286742923838848e-20 1.210667397104581704e-20
1.404859609606759113e+04 5.215032799370655730e-20 1.151177077115664149e-20
1.405490364140020756e+04 5.828188373668560927e-20 1.122952469274114244e-20
1.406121114426772510e+04 6.612480899143212811e-20 1.196384301369705633e-20
1.406751860464341553e+04 7.264670866933019512e-20 1.173855747386256630e-20
1.407382602251049684e+04 4.185387129077903003e-20 1.183896136964866385e-20
1.408013339784454729e+04 5.899124304604058010e-20 1.214417041184866550e-20
1.408644073062102325e+04 6.578559643717642973e-20 1.107764565689638976e-20
1.409274802081378584e+04 5.249372047942587424e-20 1.117745676598690864e-20
1.409905526840265156e+04 4.280774302633699422e-20 1.165096987173302261e-20
1.410536247336651832e+04 3.566035567890252627e-20 1.160507699972671645e-20
1.411166963567994208e+04 6.318896552544328407e-20 1.163167308726087820e-20
1.411797675531793175e+04 3.803655103690412670e-20 1.094295918532565487e-20
1.412428383226006736e+04 6.659424584285186635e-20 1.158016248082147913e-20
1.413059086647897129e+04 9.254695476605526820e-20 1.205673631065724605e-20
1.413689785795522221e+04 1.969390146578354734e-19 1.432203203186054303e-20
1.414320480666580625e+04 2.759367320096073775e-19 1.430250041223110743e-20
1.414951171258688555e+04 1.205384009086460745e-19 1.242029305169969042e-20
1.415581857569019121e+04 4.162795279309360551e-20 1.206051951397658970e-20
1.416212539595872659e+04 5.938966057248445533e-20 1.289868928418278314e-20
1.416843217336666385e+04 6.714270389879275599e-20 1.310994368394304328e-20
1.417473890788776953e+04 4.958397785108223871e-20 1.272135240018935696e-20
1.418104559950402472e+04 4.248613007124201152e-20 1.209107610850276626e-20
1.418735224818813731e+04 5.693771327789665841e-20 1.219531025012028385e-20
1.419365885392038763e+04 7.274650829739542985e-20 1.200894042830408191e-20
1.419996541667235033e+04 8.153429278057271086e-20 1.244538096656808295e-20
1.420627193642413476e+04 6.215960593182110542e-20 1.203606486306653784e-20
1.421257841315136648e+04 4.382376236250296648e-20 1.297603601432460905e-20
1.421888484683026400e+04 2.667499029896643781e-20 1.312159352781183409e-20
1.422519123743746241e+04 6.931017430620411213e-20 1.219574317538457622e-20
1.423149758494947309e+04 6.773903413680436432e-20 1.106602361738627120e-20
1.423780388934260554e+04 7.820588535475138502e-20 1.217671196982843225e-20
1.424411015059363672e+04 7.713228680071442806e-20 1.114447939271490684e-20
1.425041636867719717e+04 3.593573113168880124e-20 1.157562773961287661e-20
1.425672254357433303e+04 2.859668243081183830e-20 1.065750216204317860e-20
1.426302867525690999e+04 6.690429767172237355e-20 1.143186620790560370e-20
1.426933476370170501e+04 6.686222925527325127e-20 1.142203777380233498e-20
1.427564080889037723e+04 5.627102226311546007e-20 1.126995375724094075e-20
1.428194681079254951e+04 4.713169980790771165e-20 1.162810503055606333e-20
1.428825276938601928e+04 6.286478616570125390e-20 1.210994949112011324e-20
1.429455868465246567e+04 2.172105357814713214e-20 1.150595702011072051e-20
1.430086455656167709e+04 5.151034543900537112e-20 1.161313238876413076e-20
1.430717038509230224e+04 4.846224093568980380e-20 1.214415652934895099e-20
1.431347617022254599e+04 6.642229764894006183e-20 1.109492827283111555e-20
1.431978191192547820e+04 7.489549526465339376e-20 1.107878110385345808e-20
1.432608761017919642e+04 9.745682113580829462e-20 1.163733271695225982e-20
1.433239326496107424e+04 7.255643879130892027e-20 1.198915450693248176e-20
1.433869887624479270e+04 4.165375419845838198e-20 1.231731860541635005e-20
1.434500444400934430e+04 7.590894799397214759e-20 1.142797931257698018e-20
1.435130996822951056e+04 4.283206686479437175e-20 1.147198770564579386e-20
1.435761544888034950e+04 2.930033938632704959e-20 1.162393901606361952e-20
1.436392088594191227e+04 5.725445548953495002e-20 1.199591898558920795e-20
1.437022627938393816e+04 4.205106765154648848e-20 1.248696172948843553e-20
1.437653162919037277e+04 3.803676751900363746e-20 1.251113493163497930e-20
1.438283693533104088e+04 3.934764569751966466e-20 1.187260922989887116e-20
1.438914219778793995e+04 5.015530943776283429e-20 1.189656609551675026e-20
1.439530450144271526e+04 1.032006521359653383e-19 1.143450285317794350e-20
1.440160966215860390e+04 6.930168135033968066e-20 1.109562980435887377e-20
1.440791477908116940e+04 6.980643148619191089e-20 1.340269293639871132e-20
1.441421985222441072e+04 4.865792025747294771e-20 1.213329878628128893e-20
1.442052488155632091e+04 4.302575604149319556e-20 1.164354091389671485e-20
1.442682986705985786e+04 4.059791242046949375e-20 1.122624853474326151e-20
1.443313480870547755e+04 4.436519357617120256e-20 1.280615134502714453e-20
1.443943970647498827e+04 5.553625732881442517e-20 1.252085202077293633e-20
1.444574456033861316e+04 5.980700571326835161e-20 1.189922226882833111e-20
1.445204937027829510e+04 6.209602446029259620e-20 1.284136889553930718e-20
1.445835413626686022e+04 4.701675140562315160e-20 1.232016072961151129e-20
1.446465885827807142e+04 4.407862668039151121e-20 1.144067654503411462e-20
1.447096353629298756e+04 5.609215240638163300e-20 1.222932760450712193e-20
1.447726817028514415e+04 6.653578550556355220e-20 1.170147251687940599e-20
1.448357276022904625e+04 8.935573637264370149e-20 1.253369154096129804e-20
1.448987730610336621e+04 7.829317373733517040e-20 1.186907694125616359e-20
1.449618180788277823e+04 8.717821867126526205e-20 1.275467061414961591e-20
1.450248626554171824e+04 4.819721173775087356e-20 1.231706498914197649e-20
1.450879067905905322e+04 4.684034336613354807e-20 1.173409725996153790e-20
1.451509504840902082e+04 8.658998423615601546e-20 1.133650500823129389e-20
1.452139937359541000e+04 7.192937720660442914e-20 1.230105725186690708e-20
1.452770365699839385e+04 9.538543400371039793e-20 1.270827941962671179e-20
1.453386466078816193e+04 6.488967773789673603e-20 1.255039334302667697e-20
1.454016883888231314e+04 5.082238157609140786e-20 1.256498535825588262e-20
1.454647297269219052e+04 6.489690136264697014e-20 1.268349356859505699e-20
1.455277706218484309e+04 6.707133653454157602e-20 1.218508452219098180e-20
1.455908110734200091e+04 5.497338460725739818e-20 1.181523014592953733e-20
1.456538510813924586e+04 5.768180543553394791e-20 1.218484562083730208e-20
1.457168906454829812e+04 9.143634145800985197e-20 1.251509123525897168e-20
1.457799297655050395e+04 5.390299889554903978e-20 1.260647928763855015e-20
1.458429684411879680e+04 6.586498754133300797e-20 1.185794830201239642e-20
1.459060066722619740e+04 7.472958354848321089e-20 1.264397835560169547e-20
1.459690444585252408e+04 7.808230092656044805e-20 1.332552525196356078e-20
1.460320817997371159e+04 5.456643013154580367e-20 1.174298482506605860e-20
1.460951186956097445e+04 3.483269911521481427e-20 1.148642404453270445e-20
1.461581551459597722e+04 6.579681535172131192e-20 1.286829978539822978e-20
1.462211911505121134e+04 6.923087622457575636e-20 1.282467810316237629e-20
1.462842267089995948e+04 9.411438715686389651e-20 1.245660188084141687e-20
1.463472618212302041e+04 4.695504570158680063e-20 1.288448613640249754e-20
1.464102964869378775e+04 6.797763098701237814e-20 1.189553553752512664e-20
1.464733307058728496e+04 7.902202125310199565e-20 1.182943432201592868e-20
1.465363644777688569e+04 3.894647219247340618e-20 1.266071410193045967e-20
1.465993978024475109e+04 6.048198606776032061e-20 1.286087242725422067e-20
1.466624306795843768e+04 4.809516422029143179e-20 1.293784746304666429e-20
1.467254631090021030e+04 5.251958347754529297e-20 1.292358015462181926e-20
1.467884950904172001e+04 2.497440426862001328e-20 1.264690698499997659e-20
1.468515266236248863e+04 4.246446938489296860e-20 1.237894023102040318e-20
1.469145577083402713e+04 6.597606453129836444e-20 1.236357741754346803e-20
1.469775883443310340e+04 4.636164968694842849e-20 1.249345839192375286e-20
1.470406185313393871e+04 3.314600728032596452e-20 1.137612257962887459e-20
1.471036482691620404e+04 3.934104924318476605e-20 1.176916075591591111e-20
1.471666775574973872e+04 2.235704117439755511e-20 1.116349464280129599e-20
1.472297063961570166e+04 5.734577947389362609e-20 1.198848005376319938e-20
1.472927347848381578e+04 6.064971172121409810e-20 1.270162538246939392e-20
1.473557627233530002e+04 3.589591414829468681e-20 1.248731056816255343e-20
1.474187902113976997e+04 6.262159577133768349e-20 1.277155305297017107e-20
1.474818172487706579e+04 6.229333587287013760e-20 1.271810864852922440e-20
1.475448438352239100e+04 4.207303431465732223e-20 1.216524585709264078e-20
1.476078699704852806e+04 4.474942227213217561e-20 1.112503078565721808e-20
1.476708956543200475e+04 4.183306543810972543e-20 1.249222306150549728e-20
1.477339208864846842e+04 4.363092028213915410e-20 1.206087968790501444e-20
1.477969456667438135e+04 2.011510159969509329e-20 1.148679405513134939e-20
1.478599699948112720e+04 6.295738701375459040e-20 1.237325509955243432e-20
1.479229938705081258e+04 3.854120384998508652e-20 1.177769116270432392e-20
1.479860172935198352e+04 6.232988837201168432e-20 1.223646332539530941e-20
1.480490402636380713e+04 4.287681610854586497e-20 1.240535197017533951e-20
1.481120627805769436e+04 3.137262873755774436e-20 1.165140529821501167e-20
1.481750848441562266e+04 3.186438632850660160e-20 1.267089649419606470e-20
1.482381064540471198e+04 4.671911697419042662e-20 1.210781181278817132e-20
1.483011276100832220e+04 5.459187660116981626e-20 1.200659680758063148e-20
1.483641483119499208e+04 4.957266018362528406e-20 1.233546352514326549e-20
1.484271685594516384e+04 5.552935424986482055e-20 1.259121342300221019e-20
1.484901883522738171e+04 5.477370933855401242e-20 1.240829739687467718e-20
1.485532076902489098e+04 5.498678203225788815e-20 1.160297888890512398e-20
1.486162265730623403e+04 5.782520861403224652e-20 1.129817174768948924e-20
1.486792450005176215e+04 3.722229372325263946e-20 1.257776238014792087e-20
1.487422629723284626e+04 3.244438395712648833e-20 1.189633243787672997e-20
1.488052804882405690e+04 4.537943463475694360e-20 1.090278071945406653e-20
1.488682975480394998e+04 5.544459414631022272e-20 1.192752264035399597e-20
1.489313141514704148e+04 5.593372926001992011e-20 1.154766761811517850e-20
1.489943302982611749e+04 5.906211712566280007e-20 1.183795451584443314e-20
1.490573459881710369e+04 2.933529309623989285e-20 1.166024064559480636e-20
1.491203612209562380e+04 9.572028304778495015e-20 1.268951164301573929e-20
1.491833759963471857e+04 9.564218557610463991e-20 1.177969383501537622e-20
1.492463903141430819e+04 5.939600898175728368e-20 1.150637372817635143e-20
1.493094041740305329e+04 7.727879584284127758e-20 1.220034731328334665e-20
1.493724175758230012e+04 5.163381437679624519e-20 1.174868967911539584e-20
1.494354305192358152e+04 7.357417243064999411e-20 1.210171266206971186e-20
1.494984430040242842e+04 7.723823072915303646e-20 1.327331137983483053e-20
1.495614550299178700e+04 3.363996295387907107e-20 1.185979342520018764e-20
1.496244665966859429e+04 3.875073579378785532e-20 1.113065918916642357e-20
1.496874777040868867e+04 3.854047872909543896e-20 1.169207732982834064e-20
1.497504883518752467e+04 5.426590926713194485e-20 1.156328323282057827e-20
1.498134985397511264e+04 3.924128694860983800e-20 1.105766867553761109e-20
1.498765082674975019e+04 3.661781333591830729e-20 1.143472141129736864e-20
1.499395175348727207e+04 5.432904133316300271e-20 1.215958949252372103e-20
1.500025263416009693e+04 6.144285490650294038e-20 1.252864733646005390e-20
1.500655346874696806e+04 6.164453827604571888e-20 1.175579324476972311e-20
1.501285425721735010e+04 7.141791215424518586e-20 1.173592448780234469e-20
1.501915499954997540e+04 8.252023441646583600e-20 1.272891327053074738e-20
1.502545569571861051e+04 5.791213465311244688e-20 1.137022352702754585e-20
1.503175634569618524e+04 5.605382873609124377e-20 1.304785672294770481e-20
1.503805694946221956e+04 6.140746695905384423e-20 1.210544210348392515e-20
1.504435750698673655e+04 4.208214598848341563e-20 1.153977918222999671e-20
1.505065801824481059e+04 4.982306849298796683e-20 1.147695746796390179e-20
1.505695848321669655e+04 5.387289438450540464e-20 1.200004169098220565e-20
1.506325890187105506e+04 6.122330115795488277e-20 1.240787023963876995e-20
1.506941479374585469e+04 4.935699056785794725e-20 1.229504069948324809e-20
1.507571510529901389e+04 5.611698910767150109e-20 1.176601300514807140e-20
1.508201537042506970e+04 8.303381119889486800e-20 1.267869771903272690e-20
1.508831558913747722e+04 3.993226509067642326e-20 1.180613704525494261e-20
1.509461576140370198e+04 5.089971522908892510e-20 1.267952077251186008e-20
1.510091588720126492e+04 4.148210682640065515e-20 1.316043584081650719e-20
1.510721596650615356e+04 5.655894857677277216e-20 1.249072140571478146e-20
1.511351599929014083e+04 4.781990986655917498e-20 1.149938701526006350e-20
1.511981598552925243e+04 4.770979601225040992e-20 1.146307364393721300e-20
1.512611592519941769e+04 7.268274539168439908e-20 1.192068114065027359e-20
1.513241581827387927e+04 4.505060973128629099e-20 1.155550035034382522e-20
1.513871566472556879e+04 5.053636827710966348e-20 1.179490453302719088e-20
1.514501546453207629e+04 4.222897828956186906e-20 1.113699827138736969e-20
1.515131521766479273e+04 3.746584171203099145e-20 1.124313746060251383e-20
1.515761492410140636e+04 3.912603907403632955e-20 1.156948056696343584e-20
1.516391458381458688e+04 2.824542740786100558e-20 1.154319567659821857e-20
1.517021419678063830e+04 5.265021625859203300e-20 1.114475050682679944e-20
1.517651376296779017e+04 8.120759481139146323e-20 1.181956596504909232e-20
1.518281328238722926e+04 7.885566247877867397e-20 1.159416912165046646e-20
1.518911275742124781e+04 4.142577235724640432e-20 1.202475701033609013e-20
1.519526741152974682e+04 4.692169595330718871e-20 1.200134746284182638e-20
1.520156677592170854e+04 5.177260849323778033e-20 1.171989382588833250e-20
1.520786609341358599e+04 5.796122019156468809e-20 1.239342459678303444e-20
1.521416536397192249e+04 6.464437296839859408e-20 1.165663813220151424e-20
1.522046458757734217e+04 5.764097664340868965e-20 1.134901668549708409e-20
1.522676376420386987e+04 6.091616878714791453e-20 1.189651430451055847e-20
1.523306289382605974e+04 7.128153016988731382e-20 1.230256152395700798e-20
1.523936197640767750e+04 9.316763997562143471e-20 1.241316006047447687e-20
1.524566101194088697e+04 5.447245150566332767e-20 1.183880021538471419e-20
1.525196000039104183e+04 4.167299081033515551e-20 1.171918329373443795e-20
1.525825894173086817e+04 6.059128583183625319e-20 1.118045960101034570e-20
1.526455783593027627e+04 6.140013052806930609e-20 1.144261300743001235e-20
1.527085668297663506e+04 2.002444774415687891e-20 1.149376018242722551e-20
1.527715548283854332e+04 2.887064969557932971e-20 1.193198658043147996e-20
1.528345423548233885e+04 4.799653044569647166e-20 1.126233754932108129e-20
1.528975294088864212e+04 5.991276559930333343e-20 1.162815859211581663e-20
1.529605159903552703e+04 3.624268182626027806e-20 1.021979934176624927e-20
1.530235020989475743e+04 5.708196950021449412e-20 1.113852300968786960e-20
1.530864877343248008e+04 4.788104922818754540e-20 1.133104391226982981e-20
1.531494728962774207e+04 6.288460267338006314e-20 1.100979768815878350e-20
1.532124575846323387e+04 4.953752822467647154e-20 1.154674173862362501e-20
1.532754417990588081e+04 5.817587612829563329e-20 1.107671442790872835e-20
1.533384255392206433e+04 3.544357387166079381e-20 1.169462480498257740e-20
1.534014088049643942e+04 1.871739318452098129e-20 1.091752821524698839e-20
1.534643915960452614e+04 5.518742469761472814e-20 1.094931319228914696e-20
1.535273739121579092e+04 5.895034357660021719e-20 1.206304135123445197e-20
1.535903557529992577e+04 5.410444522914803803e-20 1.251782743880627382e-20
1.536533371183215422e+04 3.903746920963455542e-20 1.138779414035661927e-20
1.537163180079734957e+04 4.845874727558130920e-20 1.216633043614651234e-20
1.537792984216146215e+04 2.558149215788501412e-20 1.197325729139113588e-20
1.538422783590050494e+04 3.025153412776057781e-20 1.190512686815215696e-20
1.539052578197141884e+04 5.695227030062880600e-20 1.137691150440831001e-20
1.539682368037707238e+04 6.692381115800808750e-20 1.192647554753948440e-20
1.540312149945738020e+04 7.155911895676449372e-20 1.145670966678149352e-20
1.540941925524402359e+04 5.392160774683232141e-20 1.148247313780369227e-20
1.541571696327288009e+04 2.828906057744142781e-20 1.109136512693722153e-20
1.542201462351037844e+04 3.828588086907396530e-20 1.121757201694114610e-20
1.542831223594997209e+04 4.448619461881587569e-20 1.193830301944607664e-20
1.543460980055478649e+04 5.440736119684352465e-20 1.123118964382263178e-20
1.544090731730196603e+04 5.891252906416951956e-20 1.269217660495050221e-20
1.544720478614525382e+04 6.036952829861599101e-20 1.162752553023058821e-20
1.545350220709063251e+04 3.865834720192959046e-20 1.163861835978031873e-20
1.545979958009478833e+04 5.612001493286785424e-20 1.139113570434019543e-20
1.546609690513342866e+04 5.804286550467337212e-20 1.250770581960936443e-20
1.547239418218146602e+04 4.763213170967708347e-20 1.170393148001624537e-20
1.547869141120983113e+04 5.071645482568591372e-20 1.178926184912907980e-20
1.548498859218303551e+04 5.171246112928449753e-20 1.208222980500072453e-20
1.549128572509596233e+04 5.458688424017515528e-20 1.170075052346209214e-20
1.549758280991183710e+04 6.589693624581851871e-20 1.196592540267787635e-20
1.550387984660555958e+04 5.889684850839836904e-20 1.187267052417148531e-20
1.551017683514814598e+04 4.335656533737787224e-20 1.142700414163338703e-20
1.551647377550665988e+04 3.262790960683103868e-20 1.196792552080157723e-20
1.552277066766737516e+04 4.411997094737247577e-20 1.140772823184655318e-20
1.552906751160346539e+04 7.714397466745715793e-20 1.273285900735449591e-20
1.553536430728430969e+04 6.611676262140500551e-20 1.180204329724425409e-20
1.554166105468021306e+04 5.895368539104902961e-20 1.164406513297535571e-20
1.554795775377242353e+04 7.256179889693884779e-20 1.232756041121403869e-20
1.555425440452235671e+04 5.901590998171635371e-20 1.162358037594273153e-20
1.556055100690789004e+04 5.917740780921343843e-20 1.150310976156784943e-20
1.556684756091661257e+04 2.230090517619081409e-20 1.133058150994693632e-20
1.557314406650781712e+04 4.860605441786623849e-20 1.187452855418178885e-20
1.557944052366160031e+04 4.616655113778126921e-20 1.106941567446982031e-20
1.558573693234489656e+04 4.030313502888761953e-20 1.090803316311645515e-20
1.559203329253298762e+04 6.944872478076125501e-20 1.204182004166637365e-20
1.559832960419911433e+04 4.555422815787541643e-20 1.180658178580955373e-20
1.560462586731826559e+04 5.128395104067578475e-20 1.158228427660539096e-20
1.561092208186704192e+04 7.971967979494274039e-20 1.192497320447125946e-20
1.561721824781696341e+04 8.353652328892415849e-20 1.101878059937492831e-20
1.562351436514032684e+04 4.277382038661472326e-20 1.109381253483833257e-20
1.562981043380845040e+04 3.378320069395858725e-20 1.118321661148935234e-20
1.563610645379822199e+04 3.889708413605201962e-20 1.101491242633989544e-20
1.564240242507952826e+04 6.455544805283241431e-20 1.192949696550109033e-20
1.564869834762588835e+04 4.593449382335317327e-20 1.220366673072265400e-20
1.565499422141208379e+04 7.596221088761881436e-20 1.232535857606676153e-20
1.566129004641277606e+04 6.091820095596545205e-20 1.177326293913553562e-20
1.566758582260003277e+04 3.497199047540184975e-20 1.165707543894421999e-20
1.567373565331957798e+04 4.067533734436536155e-20 1.279169980208852115e-20
1.568003131730816131e+04 3.432111919519612041e-20 1.157186779189908296e-20
1.568632693237067360e+04 4.591094134658708373e-20 1.110138272952911173e-20
1.569262249850852641e+04 4.619616647737940523e-20 1.166582911391531259e-20
1.569891801569912968e+04 3.986409708992059367e-20 1.259477656990700527e-20
1.570521348390824096e+04 5.791845833685518993e-20 1.262281000615455595e-20
1.571150890311971489e+04 6.608296848493041038e-20 1.284526398341087031e-20
1.571780427330476778e+04 4.819447819324642277e-20 1.176559888295005605e-20
1.572409959443251319e+04 7.576694941989895327e-21 1.193984638629623585e-20
1.573039486647555714e+04 7.343051709305236351e-20 1.244221886392883481e-20
1.573669008940737331e+04 6.356675311556515817e-20 1.205903505667272526e-20
1.574298526320686142e+04 4.665450005498277996e-20 1.230315540494067614e-20
1.574928038784253840e+04 4.385515282317719951e-20 1.288975734252313040e-20
1.575557546328468561e+04 7.445754682896833634e-21 1.202244275829579849e-20
1.576187048951181714e+04 4.849940364957930656e-20 1.244283276152825465e-20
1.576816546649448355e+04 3.844804795467974242e-20 1.250139504871885924e-20
1.577446039420072884e+04 7.857688938478101816e-20 1.209664777929134809e-20
1.578075527263920230e+04 4.504317710794267715e-20 1.171976784165138216e-20
1.578705010420554208e+04 6.970789906933723552e-20 1.182732068277777753e-20
1.579319870867789359e+04 6.926636138170210408e-20 1.230331343820631313e-20
1.579949342448388779e+04 4.529104740773540659e-20 1.184341831153144873e-20
1.580578809088465641e+04 1.484204615822755853e-20 1.196695446033477311e-20
1.581208270785049353e+04 4.030407763245742483e-20 1.252181767549884363e-20
1.581837727535232625e+04 4.119841292094971244e-20 1.086901830781141275e-20
1.582467179336321351e+04 4.189387242185261570e-20 1.140047532132284196e-20
1.583096626186069989e+04 5.362960550957272261e-20 1.115517340839330526e-20
1.583726068081422090e+04 4.634354365060830440e-20 1.090289091002557305e-20
1.584355505019544398e+04 4.091350557471440259e-20 1.066978247137684787e-20
1.584984936997826298e+04 2.127154077540979718e-20 9.886129072851448911e-21
1.585614364013743943e+04 3.412739276026315991e-20 1.225183516675523081e-20
1.586243786064234155e+04 4.387337267841064195e-20 1.132107385529945856e-20
1.586873203146888227e+04 4.575713928309141208e-20 1.176781427689791305e-20
1.587502615258688456e+04 4.158569578968376700e-20 1.142225521622470085e-20
1.588132022397170840e+04 5.931586595864821768e-20 1.145122418638371845e-20
1.588761424559344414e+04 5.967281380414649878e-20 1.110600499856708359e-20
1.589390821742754815e+04 8.393426316077094702e-20 1.228634393204230221e-20
1.590020213944529860e+04 1.242654914586962271e-19 1.285564723781158283e-20
1.590649601161937608e+04 4.928103939527140184e-20 1.177792904317197784e-20
1.591278983392367809e+04 4.718851070062419272e-20 1.167071394842955845e-20
1.591908360632811309e+04 5.519766792904461081e-20 1.079564836358734999e-20
1.592537732880643671e+04 4.843990586756478072e-20 1.231443179921216677e-20
1.593167100133154599e+04 6.063591005720520333e-20 1.196892255860638769e-20
1.593796462387589054e+04 5.973568267359081802e-20 1.150484574021262918e-20
1.594425819641187991e+04 6.071501993891208192e-20 1.081239692803273830e-20
1.595055171891237660e+04 6.858240832123406121e-20 1.224860149647214304e-20
1.595684519134945549e+04 3.955887267139515590e-20 1.144647573282922281e-20
1.596313861369603910e+04 7.056947902301593623e-20 1.153777337301487435e-20
1.596943198592436784e+04 4.406601418205832929e-20 1.209638538487151040e-20
1.597572530800690947e+04 2.197781034021474383e-20 1.115961642868019638e-20
1.598201857991635188e+04 3.208009873017180119e-20 1.119556886817059724e-20
1.598831180162784949e+04 6.653565006793886563e-20 1.105979418868600340e-20
1.599460497310796018e+04 6.940500266512190616e-20 1.219493970207610189e-20
1.600089809433195478e+04 3.417491396821396586e-20 1.257224240377819862e-20
1.600719116527226834e+04 5.640251979755099195e-20 1.147246702991688535e-20
1.601348418590465553e+04 5.298488495662914982e-20 1.279518004012208763e-20
1.601977715619465926e+04 4.509208032745805539e-20 1.182680853729630051e-20
1.602607007611827976e+04 5.943810460590071475e-20 1.171137734919921396e-20
1.603236294565070421e+04 7.265483165160345377e-20 1.137666899578886008e-20
1.603865576475797207e+04 6.027557406564342573e-20 1.198338489920826335e-20
1.604494853341889029e+04 6.555898520343915560e-20 1.138007397917792372e-20
1.605124125159891082e+04 2.822816205845571552e-20 1.149775965854188915e-20
1.605753391927556913e+04 3.926018417379159869e-20 1.165440852227036624e-20
1.606382653641760771e+04 4.865510557399436907e-20 1.188036778729637781e-20
1.607011910300209456e+04 5.934105099428069987e-20 1.291701017115082028e-20
1.607641161899661529e+04 5.915405810124016900e-20 1.138610535082911881e-20
1.608270408437612423e+04 6.483513145346236873e-20 1.201735337377593118e-20
1.608899649911167762e+04 4.566452219043460614e-20 1.215140399670434125e-20
1.609528886317193064e+04 4.755171423622442192e-20 1.149136639852972560e-20
1.610158117653225963e+04 7.001500943180807124e-20 1.236227958580183118e-20
1.610787343916977807e+04 5.119129487981817302e-20 1.105796955472341084e-20
1.611416565104656365e+04 2.668503206772318601e-20 1.168124090893406785e-20
1.612045781214315866e+04 6.503411985263116208e-20 1.205472270347192831e-20
1.612674992242658664e+04 5.668215062719585308e-20 1.160120692072195376e-20
1.613304198186885151e+04 4.112837812030321193e-20 1.138498539575011001e-20
1.613933399045026817e+04 4.307161628522149558e-20 1.197802392835240345e-20
1.614562594812961652e+04 3.477692316892377293e-20 1.186609736398478564e-20
1.615191785489051654e+04 6.555446282900665328e-20 1.174492648668066668e-20
1.615820971069836742e+04 6.282791389765302462e-20 1.187261525066302101e-20
1.616450151552337593e+04 5.162752597971737977e-20 1.148320675516289645e-20
1.617079326934264645e+04 5.310127812402447327e-20 1.186541302430004040e-20
1.617708497212775546e+04 6.168125363883999521e-20 1.166950312973792413e-20
1.618337662385250587e+04 8.597417905000649208e-20 1.243097347447453483e-20
1.618966822448070889e+04 9.483981783547122599e-20 1.182805903952990301e-20
1.619595977398715149e+04 6.162904496084290218e-20 1.088116872964389224e-20
1.620225127235222135e+04 5.013148622742227508e-20 1.161791740960559006e-20
1.620854271953614261e+04 7.280551763555893026e-20 1.112850833625220568e-20
1.621483411551731115e+04 4.190192913562299048e-20 1.227819274007021469e-20
1.622097826516451460e+04 2.313270893278324730e-20 1.168209530153256663e-20
1.622726954653183748e+04 5.976609969230094021e-20 1.171442562769178314e-20
1.623356077413574894e+04 3.373396616511805749e-20 1.096619915331403641e-20
1.623985195039483006e+04 5.788131716348936167e-20 1.180337928819334432e-20
1.624614307530567385e+04 5.776971045995197031e-20 1.129711836763128847e-20
1.625243414884184494e+04 2.700276027308251874e-20 1.145610063039234197e-20
1.625872517097623313e+04 3.521544737102315121e-20 1.220383079155313720e-20
1.626501614167462139e+04 6.399669021833173024e-20 1.201739126371284472e-20
1.627130706092118817e+04 3.994567696176734534e-20 1.250704420201806273e-20
1.627759792867784927e+04 4.505776508731730480e-20 1.136758783249468642e-20
1.628388874491505157e+04 4.323274687896131073e-20 1.101246976931710626e-20
1.629017950960728558e+04 5.236865005209685140e-20 1.197020784184923660e-20
1.629647022272465983e+04 6.694382048746177115e-20 1.181036569472805491e-20
1.630276088424368027e+04 5.845239431247593299e-20 1.150391693709089914e-20
1.630905149413091203e+04 5.292489748284786606e-20 1.109064653712991464e-20
1.631534205236442722e+04 4.075768811473800750e-20 1.236023706171612323e-20
1.632163255890475739e+04 4.942647216848213421e-20 1.159058297732901830e-20
1.632792301376749128e+04 5.394264225079064775e-20 1.153675605739193377e-20
1.633406596087336220e+04 4.823999060574311908e-20 1.155924945851713244e-20
1.634035629754485853e+04 4.834321612485740215e-20 1.069660401268024130e-20
1.634664658241226243e+04 3.015647008322000016e-20 1.176452196954495678e-20
1.635293681545078653e+04 4.223940654509464145e-20 1.221820267026153537e-20
1.635922699662823106e+04 3.516949498394558350e-20 1.143558879257280677e-20
1.636551712591632531e+04 5.120926064444694643e-20 1.210377143726995735e-20
1.637180720328972529e+04 4.248685737379589215e-20 1.213376442459338490e-20
1.637809722871780104e+04 4.597898887075871571e-20 1.239990114463808353e-20
1.638438720217404625e+04 2.606475516466050653e-20 1.129760682380855293e-20
1.639067712362626844e+04 4.279698321780486467e-20 1.152289038630815809e-20
1.639696699305067159e+04 5.076381825133588861e-20 1.152936908299868692e-20
1.640325681041389180e+04 5.230848624602753334e-20 1.164478012858503574e-20
1.640954657568362381e+04 7.542676264003278141e-20 1.202494811220446147e-20
1.641583628884119753e+04 3.357023038157929958e-20 1.086864697187385109e-20
1.642212594985139003e+04 4.995523137001419682e-20 1.131087438816363265e-20
1.642841555868998694e+04 8.219904035906669306e-20 1.080871468871994550e-20
1.643470511532206729e+04 7.146556402584952210e-20 1.173152401468178120e-20
1.644099461972362042e+04 2.255871244617062743e-20 1.179776905363926360e-20
1.644728407186230834e+04 3.403801012712693097e-20 1.233762463513325612e-20
1.645357347171465881e+04 4.311063866068087095e-20 1.198348621812968471e-20
1.645986281924659488e+04 5.343690709981069532e-20 1.186637859567305539e-20
1.646615211442926739e+04 6.270098769757364274e-20 1.228045310427127999e-20
1.647244135723895670e+04 4.475595015445161785e-20 1.135432112119005974e-20
1.647873054763985783e+04 5.074888975762091055e-20 1.141195792327082088e-20
1.648501968560821842e+04 2.279552031511388855e-20 1.124133844952764707e-20
1.649130877111185328e+04 6.811699555289705208e-20 1.237062974811483289e-20
1.649759780412643522e+04 4.288089322280680544e-20 1.249045042942978732e-20
1.650388678461675590e+04 5.037444290127673709e-20 1.161765988862608355e-20
1.651017571256202791e+04 4.957460210446118682e-20 1.212151136634766959e-20
1.651646458792297199e+04 2.490249483602590880e-20 1.203426049735396968e-20
1.652275341067932823e+04 5.576338379480251237e-20 1.218954679557513325e-20
1.652904218079850762e+04 5.979300011838582825e-20 1.177627297275130172e-20
1.653533089824800118e+04 4.392907244312751761e-20 1.085124539880006307e-20
1.654161956300570455e+04 5.916636894766577187e-20 1.175473858762618305e-20
1.654790817503892686e+04 3.459296061184424582e-20 1.069056681520997187e-20
1.655419673431694537e+04 2.871560189957377347e-21 1.172836119077363785e-20
1.656048524081415235e+04 6.788856823991435209e-20 1.220471772312909896e-20
1.656677369449941762e+04 5.423914410266624189e-20 1.245926404336150917e-20
1.657306209534380469e+04 1.469825743155096913e-20 1.193691804237289296e-20
1.657935044331484823e+04 3.442791181953845137e-20 1.139574712805714658e-20
1.658563873838970176e+04 6.585098818149071720e-20 1.126085060538017454e-20
1.659192698053613276e+04 5.372591964651135179e-20 1.226718265417261816e-20
1.659821516972656536e+04 4.812383708463284691e-20 1.229376218182506977e-20
1.660450330592803948e+04 4.437404888106563290e-20 1.185762846154872115e-20
1.661079138911339396e+04 4.787130220341313760e-20 1.209435739048866399e-20
1.661707941925321938e+04 5.853683552995335510e-20 1.179940330319548006e-20
1.662336739631789897e+04 3.349988097613857710e-20 1.267743816126834852e-20
1.662965532027856534e+04 1.989728903169047234e-20 1.116173131568382287e-20
1.663594319110231299e+04 4.660754828263149510e-20 1.184433575450186096e-20
1.664223100876967146e+04 4.830992077780599585e-20 1.192961750724721823e-20
1.664851877324154339e+04 4.019577078813272924e-20 1.180410842101623351e-20
1.665480648449166983e+04 2.439204189140341657e-20 1.129994790579594250e-20
1.666109414249056499e+04 1.696555015592484447e-20 1.078870340360029014e-20
1.666738174721245014e+04 3.177967195538610895e-20 1.156881749788397551e-20
1.667366929862088000e+04 2.450948933295590181e-20 1.117887407594062770e-20
1.667995679669313904e+04 4.630430352182345752e-20 1.135775866763794645e-20
1.668624424138985705e+04 3.907609151718950030e-20 1.197931302691786224e-20
1.669253163269474680e+04 4.030394120112689683e-20 1.252677399559342734e-20
1.669881897056824891e+04 3.506276963264633286e-20 1.143795075114014650e-20
1.670510625498436275e+04 2.684807803402349903e-20 1.188673727273571697e-20
1.671139348591326052e+04 8.947385813865226976e-21 1.156551805098993668e-20
1.671768066332887247e+04 3.770779080206854390e-20 1.183446449477998014e-20
1.672396778719497888e+04 1.647814176348426138e-20 1.120679970364077761e-20
1.673025485748704523e+04 3.087773356004916283e-20 1.246519255351653085e-20
1.673639345009929457e+04 3.046673355796323056e-20 1.093483363098694857e-20
1.674268039846370448e+04 3.736839497389303905e-20 1.230563215478892468e-20
1.674896729313316246e+04 6.953541331256639262e-20 1.104335330865866897e-20
1.675525413410375768e+04 5.222768032679705388e-20 1.141205203085702481e-20
1.676154092135067185e+04 5.518961180369584202e-20 1.251740647706308576e-20
1.676782765483906769e+04 3.145382622780768662e-20 1.219357264174501778e-20
1.677411433454427606e+04 3.891357941999397766e-20 1.321505884075589196e-20
1.678040096043507583e+04 6.597660130511151204e-20 1.220581231493814135e-20
1.678668753248460416e+04 2.732303134141890158e-20 1.142008213130087759e-20
1.679297405065509156e+04 6.215851987467990630e-20 1.225202512199744710e-20
1.679926051492495753e+04 6.909292639623578299e-20 1.236810224862404002e-20
1.680554692525923019e+04 4.642488143144839924e-20 1.223322040632544090e-20
1.681183328162986800e+04 5.809007736135472547e-20 1.268288894123655375e-20
1.681811958400873118e+04 5.293854617376609708e-20 1.243901000945980798e-20
1.682440583236239399e+04 4.712961998281383262e-20 1.199092532712239662e-20
1.683069202669504011e+04 3.770662179881532365e-20 1.161101646702129447e-20
1.683697816942912323e+04 4.082993204333252570e-20 1.089810598940008303e-20
1.684311557856208310e+04 6.108652308277024696e-20 1.164833981212465600e-20
1.684940159578577732e+04 4.492089013361996811e-20 1.180943234113305980e-20
1.685568755883528502e+04 5.195592337313622337e-20 1.151132743778269309e-20
1.686197346768209536e+04 7.237578528934590586e-20 1.316358705708012535e-20
1.686825932228940655e+04 6.893527730311007078e-20 1.198793965041515988e-20
1.687454512263934885e+04 5.403282075483889077e-20 1.463996994232224188e-20
1.688083086868964892e+04 3.604935360347040099e-20 1.262714134359663432e-20
1.688711656041711831e+04 1.626265080647236537e-20 1.248760049666085325e-20
1.689340219779014660e+04 4.109171530614728319e-20 1.272545563599422527e-20
1.689968778077844399e+04 4.100118971889239767e-20 1.300101464090622711e-20
1.690597330935353966e+04 7.740729735561234521e-20 1.219140799380488247e-20
1.691225878348209153e+04 8.209935926490852892e-20 1.228914496198243482e-20
1.691854420313724768e+04 5.971446159533171979e-20 1.122603552777039467e-20
1.692482956828519673e+04 4.081120417261776228e-20 1.159037298639713217e-20
1.693111487889780256e+04 8.028109653681670843e-20 1.234243738658492743e-20
1.693740013494642699e+04 2.523665001180174273e-20 1.199989752235968214e-20
1.694368533639887391e+04 1.811155208112863383e-20 1.270909858157079576e-20
1.694997048322179398e+04 4.431412941381417748e-20 1.186909933638040142e-20
1.695625557539174406e+04 4.830940752876263279e-20 1.193739483015967424e-20
1.696254061287464719e+04 6.417239319354916083e-20 1.248701551113117755e-20
1.696882559563886025e+04 2.510564062826543777e-20 1.163276009483719454e-20
1.697511052365570868e+04 7.371847653450722097e-20 1.224153406359685466e-20
1.698139539689975209e+04 7.596470022763663882e-20 1.236974251919530987e-20
1.698768021533052524e+04 4.379474529295958236e-20 1.221113027384300616e-20
1.699396497892457774e+04 5.884675102634987992e-20 1.240520113528256431e-20
1.700024968764777805e+04 5.402220888626556406e-20 1.196109093106452808e-20
1.700653434147334337e+04 4.349306764114191625e-20 1.156945723710518102e-20
1.701281894037092934e+04 5.976993692190239778e-20 1.167508401801897893e-20
1.701910348430294471e+04 7.341938410337841857e-20 1.188366862484448491e-20
1.702538797324930056e+04 5.924394033854323904e-20 1.245028673753676571e-20
1.703167240717625828e+04 5.653703418063776220e-20 1.201914753345600303e-20
1.703795678604620844e+04 3.138011598214409927e-20 1.245856369377100999e-20
1.704424110983537685e+04 4.531101931361512569e-20 1.170676183272621400e-20
1.705052537851355373e+04 4.318137560138953655e-20 1.351795883790011625e-20
1.705680959204659666e+04 3.278204783602890812e-20 1.368412702850335882e-20
1.706309375040532177e+04 4.264374459192132196e-20 1.360068633043350055e-20
1.706937785356126187e+04 4.131663672241615406e-20 1.185969719979226996e-20
1.707566190147848465e+04 6.612328522548467079e-20 1.248998002600017345e-20
1.708194589413655922e+04 5.079619237647774513e-20 1.215057127305968134e-20
1.708822983149105858e+04 4.515379605053083520e-20 1.299424099412197528e-20
1.709451371352010028e+04 4.512481232703016200e-20 1.224299376908064734e-20
1.710079754019277971e+04 6.623593645205593351e-20 1.256947532974071863e-20
1.710708131147837776e+04 5.056428971410962677e-20 1.176599965488291428e-20
1.711336502734110036e+04 4.226611798607459596e-20 1.162953716912738035e-20
1.711964868775533614e+04 8.006031356236180167e-20 1.273775669148317523e-20
1.712593229269008589e+04 5.772335411864288874e-20 1.449207980838035880e-20
1.713221584210961373e+04 2.881910113593083486e-20 1.259225417901993241e-20
1.713849933598830467e+04 5.980762820413129450e-20 1.246395876877958090e-20
1.714478277429503942e+04 4.895243502977375129e-20 1.225791996404695347e-20
1.715106615699395115e+04 6.924541201173464676e-20 1.164043102822904126e-20
1.715734948405947580e+04 4.664092328040159205e-20 1.266964996850600836e-20
1.716363275545699798e+04 6.869858833902434290e-20 1.203222134530409772e-20
1.716991597116443518e+04 5.328435691529726959e-20 1.180014353486716027e-20
1.717619913113694929e+04 4.460484279378193421e-20 1.188144263122130006e-20
1.718248223535230863e+04 5.909940382756384833e-20 1.241074666255793082e-20
1.718876528377928480e+04 4.988836172186807502e-20 1.141011171013815896e-20
1.719504827638547431e+04 5.522010916012367902e-20 1.176612470484442961e-20
1.720133121313629454e+04 3.588772930524960214e-20 1.124528406325878808e-20
1.720746453113063399e+04 5.749755822701992211e-20 1.207187488950339613e-20
1.721374734380470909e+04 8.450910452639218034e-20 1.283775012353211095e-20
1.722003009803457462e+04 6.044704757978791809e-20 1.222663881122138503e-20
1.722631279625785828e+04 5.146682362702469053e-20 1.303908529947934401e-20
1.723259543847076202e+04 6.285553596713662664e-20 1.253497776042655721e-20
1.723887802464075503e+04 3.399974337080866383e-20 1.170133350964173426e-20
1.724516055474521636e+04 3.599020603900424773e-20 1.086599754702032893e-20
1.725144302874750792e+04 5.854803372412117080e-20 1.266604218493894604e-20
1.725772544660992571e+04 1.426843766446258213e-20 1.202277579330964245e-20
1.726400780831496377e+04 1.510193118636801394e-20 1.161631936725461199e-20
1.727029011382445242e+04 2.579962895890837577e-20 1.183608848349598165e-20
1.727657236310531152e+04 7.207357918475305636e-20 1.225505836756341877e-20
1.728285455612649457e+04 4.221737051354606459e-20 1.263721773414801966e-20
1.728913669286016011e+04 4.782080865041536553e-20 1.120414769984628456e-20
1.729541877327471957e+04 3.266736871573408576e-20 1.171473956617246462e-20
1.730170079736851039e+04 2.296333192849778963e-20 1.146143937258905107e-20
1.730798276757179337e+04 5.378148703072116771e-20 1.228061814145663393e-20
1.731411486399412388e+04 2.522580516788852699e-20 1.297338394401876333e-20
1.732039670397484224e+04 4.258874176240051624e-20 1.160728462906545845e-20
1.732667848748239339e+04 3.131155942562971073e-20 1.192211411827956978e-20
1.733296021447995736e+04 3.419770086119174294e-20 1.204074015691730592e-20
1.733924188493402835e+04 5.071492806654730137e-20 1.181532810150741629e-20
1.734552349881342161e+04 2.810481394660528003e-20 1.040535557129951303e-20
1.735180505609564716e+04 4.145199632073265063e-20 1.227646434335295374e-20
1.735808655673653266e+04 3.719361534029144259e-20 1.139272930551765420e-20
1.736436800070806567e+04 3.195991028649342216e-20 1.177559868629478698e-20
1.737064938798789808e+04 4.265166913818228143e-20 1.221087904078839930e-20
1.737693071853190122e+04 2.657961597036760991e-20 1.177576765911377532e-20
1.738321199231543869e+04 1.512943699123615340e-20 1.245908753221412586e-20
1.738949320930528847e+04 1.522890723079684534e-20 1.113605061000957410e-20
1.739577436946813759e+04 3.915808172613786102e-20 1.257627702789266979e-20
1.740205547278127415e+04 5.280353333691683836e-20 1.217573703403279641e-20
1.740833651919482872e+04 5.956441991014206810e-20 1.128608883003295588e-20
1.741461750869902971e+04 2.932268821805096919e-20 1.036277209324483246e-20
1.742089844124415686e+04 5.615164238599346428e-20 1.129735783158675989e-20
1.742717931680552647e+04 3.272644590229156974e-20 1.205864500722812878e-20
1.743346013535865495e+04 3.623912227871740672e-20 1.091124942544347716e-20
1.743974089685753279e+04 2.619061467458228701e-20 1.119497978873801155e-20
1.744602160128298419e+04 3.970438516981053943e-20 1.076210782428920687e-20
1.745230224859212467e+04 2.743427232673296517e-20 1.145534165986133515e-20
1.745858283876242058e+04 5.102058878738417333e-20 1.032715570451824223e-20
1.746486337175848166e+04 5.596505582457749797e-20 1.199812983245983429e-20
1.747114384754476851e+04 4.415549843524337779e-20 1.174010120397160023e-20
1.747742426609642280e+04 2.783847477893221717e-20 1.181333356824478631e-20
1.748370462738005517e+04 4.162661308150724185e-20 1.144163254081860427e-20
1.748998493135649551e+04 4.393917489452313573e-20 1.108157136415845856e-20
1.749626517800635338e+04 5.469603833606887833e-20 1.166640298887672247e-20
1.750254536728678067e+04 1.951082434141939380e-20 1.160867003047855656e-20
1.750882549916779317e+04 3.155979480482196142e-20 1.206381656123196148e-20
1.751510557362104737e+04 5.269183866010444315e-20 1.149135996393129620e-20
1.752138559061247724e+04 6.455063967517119462e-20 1.099812075579380229e-20
1.752766555011020318e+04 7.095278115578580471e-20 1.094929271327786198e-20
1.753394545208409909e+04 1.698923772542376046e-20 1.121534184379412966e-20
1.754022529649479475e+04 6.088000964415639327e-20 1.148422622309435978e-20
1.754650508332450045e+04 7.338988813957713243e-20 1.154007621349230386e-20
1.755278481252498750e+04 7.873962133453630533e-20 1.235355525191371582e-20
1.755906448407509015e+04 2.914631013766020369e-20 1.090472378006702395e-20
1.756534409793714076e+04 2.800756240309120160e-20 1.086063459285517344e-20
1.757162365408055848e+04 6.600197490452867136e-20 1.162828012354855523e-20
1.757790315247527906e+04 3.801637264776976780e-20 1.083703880299894393e-20
1.758418259308909182e+04 5.427270330543602921e-20 1.200812286701003898e-20
1.759046197588056020e+04 3.380025232316231907e-20 1.093335277745422738e-20
1.759674130083372438e+04 1.194533063158268524e-20 1.053424765824138530e-20
1.760302056789827475e+04 2.253893891616761885e-20 1.098408483567749073e-20
1.760929977705657802e+04 7.111138877851360797e-20 1.238626087152615473e-20
1.761557892827253454e+04 8.948237415065464686e-20 1.270447851884361279e-20
1.762185802150824748e+04 6.216089117168889739e-20 1.177686803161049535e-20
1.762813705674076846e+04 3.373938897033675706e-20 1.162857553832769109e-20
1.763441603392300385e+04 5.293541954197510636e-20 1.159158880352460975e-20
1.764069495304081647e+04 3.137684571732668612e-20 1.181236002924920575e-20
1.764697381404706903e+04 3.446286430860817882e-20 1.102978942672929575e-20
1.765325261691693595e+04 4.234485925108934215e-20 1.130152223868157382e-20
1.765938070225924457e+04 3.163200993659383566e-20 1.148656637470065903e-20
1.766565937388634120e+04 6.160503703709718857e-20 1.142638165258762073e-20
1.767193798723473083e+04 5.968397501551745805e-20 1.052001333435770629e-20
1.767821654231728462e+04 4.646672739264423340e-20 1.204944677379560003e-20
1.768449503910503336e+04 2.362815493281447638e-20 1.190415237728810387e-20
1.769077347755107621e+04 6.064004969269133582e-20 1.076457269778285404e-20
1.769705185763338523e+04 5.668378332411053886e-20 1.060292537866482535e-20
1.770333017931606446e+04 6.104211198101517369e-20 1.177617053522498736e-20
1.770960844256472046e+04 4.875984122128351853e-20 1.141171217047097325e-20
1.771588664735189377e+04 7.762039769705839049e-20 1.174236218201476680e-20
1.772216479363606049e+04 3.514676176847756265e-20 1.152696013979111689e-20
1.772844288139711352e+04 4.336455511945889491e-21 1.172395794649789280e-20
1.773472091058822843e+04 2.142538103938125855e-20 1.250073734790323223e-20
1.774099888119070965e+04 1.513396172893753206e-20 1.082426165549368618e-20
1.774727679235266623e+04 5.223983940140802771e-20 1.122888288504113517e-20
1.775340369546032889e+04 5.007839402960708305e-20 1.157289574103762270e-20
1.775968138033277864e+04 5.299734294048041947e-20 1.137652482995631843e-20
1.776595900649113537e+04 4.612235353714991281e-20 1.100076132574265397e-20
1.777223657388563879e+04 5.564836828925856653e-20 1.069956400480594330e-20
1.777851408248744337e+04 4.396195162021252371e-20 1.144003526169849946e-20
1.778479153226742710e+04 5.414525484505511790e-20 1.106130593050467719e-20
1.779106892319272083e+04 4.997235734021353915e-20 1.061141876226130866e-20
1.779734625522829083e+04 3.614366065851182366e-20 1.149765042067583574e-20
1.780362352833963814e+04 4.087452813940550061e-20 1.138188265588038239e-20
1.780990074249758618e+04 4.583945250135711002e-20 1.080328617200435746e-20
1.781617789766356145e+04 4.913400351200362188e-20 1.076032772805165450e-20
1.782245499381187255e+04 4.384109701860778750e-20 1.159488660343285161e-20
1.782873203090406241e+04 5.279997258807777023e-20 1.187103823421824159e-20
1.783500900891092897e+04 3.867929428772155823e-20 1.246725611830171451e-20
1.784128592779758401e+04 4.076048710608374952e-20 1.138745344521848040e-20
1.784756278753080915e+04 6.955546558408859800e-21 1.136638000196588541e-20
1.785383958807569070e+04 2.358128603006861083e-21 1.101069571122554349e-20
1.786011632940676282e+04 5.727321784933838248e-20 1.086931490743888839e-20
1.786639301147779406e+04 4.501122991263897597e-20 1.114564285475327354e-20
1.787266963426494840e+04 5.820928848684838414e-20 1.161723861182057260e-20
1.787894619773683007e+04 4.275681654750917883e-20 1.188947003286772203e-20
1.788522270185671005e+04 3.759196628774824816e-20 1.136308930050544778e-20
1.789149914658951457e+04 3.815032182801342733e-20 1.212609620655502566e-20
1.789777553190013714e+04 4.127722636365268686e-20 1.161430427734406408e-20
1.790405185776641156e+04 6.230020005015271447e-20 1.135251329946542400e-20
1.791032812414398722e+04 4.077725591513122215e-20 1.159021166370835343e-20
1.791660433100338923e+04 5.701561185404732410e-20 1.090541622616147782e-20
1.792288047830943833e+04 5.512940598265075073e-20 1.081746000180057142e-20
1.792915656603811294e+04 4.022108673841396682e-20 1.111855485765645630e-20
1.793543259414096610e+04 4.397804589886323431e-20 1.088005539652179220e-20
1.794170856259803259e+04 6.115798370956303537e-20 1.111552574235028763e-20
1.794798447136643881e+04 6.635430252979628428e-20 1.146922192174615737e-20
1.795426032041656072e+04 5.262776766869282632e-20 1.064402132384355530e-20
1.796053610971855596e+04 7.003822776628253855e-20 1.179362329908191098e-20
1.796681183923163189e+04 6.611482252614469376e-20 1.169692910244591763e-20
1.797308750892613898e+04 2.856766831389240466e-20 1.143253687239237415e-20
1.797936311877237677e+04 2.555006699706323809e-20 1.053570545545397391e-20
1.798563866872907602e+04 1.050452004688689503e-20 1.090105358080218135e-20
1.799191415877039617e+04 1.402702217529621594e-20 1.079158768720866395e-20
1.799818958885527900e+04 3.347034408178943873e-20 1.064785691306354415e-20
1.800446495895777480e+04 3.259171451191523088e-20 1.083157160335167596e-20
1.801074026903665435e+04 5.278505584728446516e-20 1.089591335086073376e-20
1.801701551906571694e+04 3.104582425004359298e-20 1.000272010302992318e-20
1.802329070900394436e+04 3.037372092729727403e-20 9.913177666148952497e-21
1.802956583882533232e+04 3.498856767422285735e-20 9.928502832914915046e-21
1.803584090848856795e+04 2.487749653262094446e-20 9.731824788999923411e-21
1.804211591797130677e+04 4.707230330231517729e-20 1.098812549994284455e-20
1.804839086722069987e+04 3.999421997663156193e-20 1.140696911348208167e-20
1.805466575622610981e+04 4.500027660586682167e-20 1.127583696373715526e-20
1.806094058493465127e+04 5.652124905415535313e-20 1.086691766244574155e-20
1.806721535332596977e+04 5.101520510537546702e-20 1.120466615806846115e-20
1.807349006135844320e+04 3.843647533971573357e-20 1.183495322892668489e-20
1.807961301823042231e+04 3.218989459688627818e-20 1.091947193396807833e-20
1.808588759302593098e+04 5.816955191068043928e-20 1.091229862928119837e-20
1.809216210481990493e+04 7.504769809216478212e-20 1.172125999242900010e-20
1.809843655609070629e+04 5.765901482264580506e-20 1.129249658325213816e-20
1.810471094683578849e+04 6.258701452945776910e-20 1.111392903771017604e-20
1.811098527701593048e+04 4.207398022168834707e-20 9.961136637821671624e-21
1.811725954660638308e+04 4.859252063310889811e-20 1.126215402537849840e-20
1.812353375556030733e+04 4.886079263534032045e-20 1.146729083924626294e-20
1.812980790385843648e+04 3.120374157815607543e-20 1.005168263664899470e-20
1.813608199145551043e+04 4.504234706847196882e-20 1.159483590063579669e-20
1.814235601831953682e+04 1.997163513064504677e-20 1.137080827286113102e-20
1.814862998442209209e+04 4.917635972560665688e-20 1.012194472508483311e-20
1.815490388972537403e+04 3.976210822236848398e-20 1.022676769190049575e-20
1.816117773419144214e+04 2.248613307520281743e-20 1.064004166197386658e-20
1.816745151782371249e+04 6.404140277781747324e-20 1.199406512807651926e-20
1.817372524310024164e+04 3.895925205113054865e-20 1.112704940932565470e-20
1.817984697403977407e+04 2.661427731035764959e-20 1.251711229178494535e-20
1.818612055982068705e+04 4.882249842914656189e-20 1.107383082398430859e-20
1.819239408459029073e+04 7.560874877736436852e-20 1.196338959072704726e-20
1.819866754832787046e+04 3.722114448500432981e-20 1.116368933757321372e-20
1.820494095098965772e+04 4.668022736643619712e-20 1.141410022740477382e-20
1.821121429254528630e+04 5.440686810362725292e-20 1.102761647324999109e-20
1.821748757295462201e+04 3.283301332949928931e-20 1.091731878650315155e-20
1.822376079218718587e+04 2.603420798632273233e-20 1.044102514184793831e-20
1.823003395021052347e+04 5.697286070977884370e-20 1.094798948449825967e-20
1.823630704699046692e+04 3.750149320460414974e-20 1.078872565918617895e-20
1.824258008249265549e+04 2.501262145547653200e-20 1.045556404517501892e-20
1.824885305667097418e+04 3.528820218003292504e-20 1.080685694643554392e-20
1.825512596951051455e+04 2.153484333369634729e-20 1.081713892913430999e-20
1.826139882096499059e+04 4.703946070876413992e-20 1.211656946266300410e-20
1.826767161099816803e+04 2.464603323374724839e-20 1.084319853952464141e-20
1.827394433958146328e+04 1.662472834645847106e-20 9.949757832149277857e-21
1.828021700668039557e+04 1.887535648930322227e-20 1.124049324766925363e-20
1.828648961225649691e+04 1.061987124261507785e-20 1.083625763939345513e-20
1.829276215627896818e+04 3.081383747546044865e-20 1.172887061885846550e-20
1.829903463870954874e+04 1.994166295760353453e-20 1.192655158965307855e-20
1.830530705951758864e+04 1.872238798511028689e-20 1.207524440130025023e-20
1.831157941866456167e+04 3.579735536814853163e-20 1.100371014204787588e-20
1.831785171611978876e+04 6.421801255778514853e-20 1.166735226105980262e-20
1.832412395184447814e+04 4.469080025127900012e-20 1.101284126848344033e-20
1.833039612581402253e+04 3.971643081511808141e-20 1.142583953385544456e-20
1.833666823797993857e+04 4.717625054432266010e-20 1.185462595566858485e-20
1.834294028830556272e+04 4.141853792330397928e-21 1.094826985255414758e-20
1.834921227677393108e+04 4.426582576572120626e-20 1.131565434309805166e-20
1.835548420334030379e+04 5.420366808796903239e-20 1.030609805940900910e-20
1.836175606797191722e+04 2.431718281962415125e-20 1.016879557211460096e-20
1.836802787062615971e+04 5.511721007328092194e-20 1.123702644123873390e-20
1.837429961127218121e+04 5.918450526136180452e-20 1.195492753412908342e-20
1.838057128988308250e+04 2.988126514691080117e-20 1.154198777760249369e-20
1.838684290641803454e+04 3.518772342788301668e-20 1.096861765154337417e-20
1.839311446084396812e+04 2.840685830009838005e-20 1.119100486678449068e-20
1.839938595311826066e+04 3.147158563254286929e-20 1.051513283545491481e-20
1.840565738321392564e+04 4.200356121885783340e-20 1.064631379070865214e-20
1.841192875109603483e+04 3.131351337913420813e-20 1.190722054229290107e-20
1.841820005672762636e+04 5.438034337167996625e-20 1.190303102446238504e-20
1.842447130007358646e+04 2.075123570060866324e-20 1.151560216006252492e-20
1.843074248109697874e+04 7.238317261585675442e-20 1.247380976757374924e-20
1.843701359976684762e+04 6.593226753416242687e-20 1.150763749963567437e-20
1.844328465605013116e+04 6.061312680856893528e-20 1.091264670237755592e-20
1.844955564989980121e+04 6.464114426584416605e-20 1.213414604096501306e-20
1.845582658129073025e+04 4.282128019625013200e-20 1.138239401323669854e-20
1.846209745018760441e+04 4.937607956098281500e-20 1.177934814956678118e-20
1.846836825655751818e+04 5.408597509837009086e-20 1.205024709070506282e-20
1.847463900035730694e+04 5.263661435945958232e-20 1.198048335314830053e-20
1.848090968155421069e+04 4.156724119757255383e-20 1.284910276567292678e-20
1.848702760462684819e+04 5.541413933626866356e-20 1.115725744296347259e-20
1.849329814547127899e+04 7.529123741980537557e-20 1.225377646431233970e-20
1.849956862357096907e+04 6.872741858680653370e-20 1.103842220207996838e-20
1.850583903892713715e+04 3.363353367386873428e-20 1.154977743527964318e-20
1.851210939150645208e+04 7.978125963711363373e-20 1.278814905204680919e-20
1.851837968127167551e+04 5.285545840001752877e-20 1.182815485986281646e-20
1.852464990818738806e+04 8.011054105737701435e-20 1.352845342213670137e-20
1.853092007221439053e+04 2.421238049648774049e-19 1.543575300482407644e-20
1.853719017332686417e+04 3.205441978793920024e-19 1.578649268997298489e-20
1.854346021147994907e+04 1.179852612241425021e-19 1.306669077487624161e-20
1.854973018664592018e+04 1.886920534644702936e-20 1.247144716058007277e-20
1.855600009878354467e+04 1.985616613202273702e-20 1.155840639565865249e-20
1.856226994785921488e+04 1.996487654971605341e-20 1.106677399360137117e-20
1.856853973387035876e+04 4.861694127040667023e-21 1.195007580178366302e-20
1.857465654995503792e+04 3.752884586822794173e-20 1.103069300735378656e-20
1.858092619452948566e+04 6.052378841555688856e-20 1.209152521454567614e-20
1.858719577590071640e+04 6.027313228118312522e-20 1.258947412416423710e-20
1.859346529403112436e+04 1.050387233899182982e-19 1.183907450711527220e-20
1.859973474888715646e+04 5.039696505840523934e-20 1.151862191209999217e-20
1.860600414042913690e+04 1.589199723682879784e-20 1.140582727258661079e-20
1.861227346862325066e+04 4.125691637263789006e-20 1.105069705364007359e-20
1.861854273343608656e+04 5.575353483738477953e-20 1.047912190475746855e-20
1.862481193482993694e+04 1.966638160510106087e-20 1.176898321702234707e-20
1.863108107276909504e+04 3.667661548337018763e-20 1.134513814252767449e-20
1.863735014721375774e+04 2.669368421961862724e-20 1.140525379853635513e-20
1.864361915813634914e+04 -2.461195089454976389e-21 1.084597376234444794e-20
1.864988810549685513e+04 1.100229813304124667e-20 1.087388172905335900e-20
1.865615698925960533e+04 6.531077347705512419e-20 1.091915772959550087e-20
1.866242580938474930e+04 3.436807695621552936e-20 1.230847961699452995e-20
1.866869456584462023e+04 2.083671506806643175e-20 1.138018990236813084e-20
1.867496325860336947e+04 3.950789706529628763e-20 1.094952853003412951e-20
1.868123188761900019e+04 4.815379882605925326e-20 1.156808878403628829e-20
1.868750045285143278e+04 5.453670318686610269e-20 1.160970865260018948e-20
1.869376895427902491e+04 6.940907596748029261e-20 1.347338814597971643e-20
1.870003739184957885e+04 5.536698314572217545e-20 1.197354718542812421e-20
1.870630576553941137e+04 9.445762294034495748e-21 1.176694285330559095e-20
1.871257407531256467e+04 3.637012150071384731e-20 1.075663018030473112e-20
1.871884232112068639e+04 5.067483800546839618e-20 1.227558413681534232e-20
1.872511050294420420e+04 6.603950789995789549e-20 1.232653895703548278e-20
1.873137862073662109e+04 6.174811322632033928e-20 1.098370034201564891e-20
1.873764667445786108e+04 5.496429939711154591e-20 1.192886284472085935e-20
1.874391466409039640e+04 5.283190394106692885e-20 1.256104115119380812e-20
1.875018258957338912e+04 5.233748007004702391e-20 1.290073317312362787e-20
1.875645045089336418e+04 4.592637432149400059e-20 1.249841719635380983e-20
1.876271824799354727e+04 3.052141731817387361e-20 1.150897480791479944e-20
1.876898598085629783e+04 5.029687109912185345e-20 1.163472383312471130e-20
1.877525364943286695e+04 7.598127054054627153e-20 1.176295214180839770e-20
1.878152125369133137e+04 7.835964490477563175e-20 1.190519807937149643e-20
1.878778879360162682e+04 4.995752256486159515e-20 1.200235561185503813e-20
1.879405626911508807e+04 4.834432532721984063e-20 1.195349557718762731e-20
1.880032368020782451e+04 -1.673672266421455314e-20 1.334196798092484319e-20
