9.796538209889557038e+03 8.307763438178583208e-20 3.486412050134609332e-20
9.802907055946716355e+03 2.912877639057438077e-20 2.482745406728659911e-20
9.809275913502679032e+03 4.112573472138105399e-20 2.533155393633566470e-20
9.815644782518116699e+03 8.054197415184374450e-21 2.433868307177050189e-20
9.822013662957515407e+03 -1.152878631391002461e-20 2.406712239037313205e-20
9.828382554780942883e+03 -2.299491248059642936e-20 2.277213938221824341e-20
9.834751457948899770e+03 -1.977621600924392971e-20 2.280647442807493098e-20
9.841120372423647495e+03 2.490498869482321357e-20 2.405832787123441572e-20
9.847489298169397443e+03 3.887409931635911144e-21 2.287172699387956424e-20
9.853858235145158687e+03 2.195952248897321053e-20 2.183426965247003783e-20
9.860227183313927526e+03 3.476192764538625536e-20 2.286410738257504966e-20
9.866596142638461970e+03 3.786835868732681949e-20 2.462835345551969243e-20
9.872965113078769718e+03 2.493356292287622387e-20 2.378119086576408573e-20
9.879334094598500087e+03 -3.743119980692976086e-20 2.089961039946961699e-20
9.885703087157420669e+03 -2.642520707315172332e-20 2.183079362612535073e-20
9.892072090720481356e+03 1.253856357579414540e-20 2.311708375551885817e-20
9.898441105247246014e+03 3.618531014534517662e-20 2.317301401040354216e-20
9.904810130701625894e+03 5.016330389782878635e-20 2.265663807545866889e-20
9.911179167043979760e+03 6.547170222026392222e-20 2.212788872344951545e-20
9.917548214236167041e+03 8.304698559584038764e-20 2.259115370499540891e-20
9.923917272243004845e+03 1.472819577888048420e-20 2.189018758070807883e-20
9.930286341024275316e+03 3.169718875711609837e-20 2.209471199351166077e-20
9.936655420543258515e+03 2.313096278805625077e-20 2.007928645630840580e-20
9.943024510761104466e+03 4.979569950361158701e-20 2.064507630213399163e-20
9.949393611640778545e+03 -8.645430647235440040e-21 2.103314251107392347e-20
9.955762723144829579e+03 1.750639799133336666e-20 2.120394139240715723e-20
9.962131845234438515e+03 2.812024259234974000e-20 2.080545114965522762e-20
9.968500977873467491e+03 8.148470596116984197e-20 2.067820938559433307e-20
9.974870121023079264e+03 1.055745800023809432e-20 2.041471243542354686e-20
9.981239274645171463e+03 4.360465713595684274e-20 2.037396898931836622e-20
9.987608438702993226e+03 1.625239338432836006e-20 2.147795074903202858e-20
9.993977613159324392e+03 1.518883226898017030e-20 2.165376024998470174e-20
1.000034679797456920e+04 -5.246500534099782824e-21 2.086170412095807033e-20
1.000671599311356476e+04 5.617883045201842913e-20 2.257474802616170746e-20
1.001308519853848338e+04 3.187101762590188328e-20 2.174947513069577785e-20
1.001945441421118448e+04 8.077135178548242050e-20 2.078669066138320428e-20
1.002582364009441517e+04 8.615998459883806200e-20 2.101194252259871851e-20
1.003219287614975292e+04 7.490394510051888017e-20 2.138913343096595378e-20
1.003856212234123268e+04 3.791958695371006409e-20 2.179493941964791834e-20
1.004493137863027368e+04 -1.978706162600799666e-20 1.974066940911519339e-20
1.005130064498074535e+04 4.906294946987130239e-20 2.112797171169219291e-20
1.005780917099989711e+04 7.591707991285048954e-20 2.167915313463368682e-20
1.006417846520623243e+04 1.427476591635703072e-20 2.089283297436602347e-20
1.007054777437004668e+04 -7.131956722828441755e-20 2.037314875933541270e-20
1.007691709349986559e+04 3.770307743191180687e-20 2.114226667111676000e-20
1.008328642250269149e+04 3.861752087493329005e-20 2.182573399484880316e-20
1.008965576133847935e+04 -1.453397960289128030e-20 2.055151870313390951e-20
1.009602510997176068e+04 2.590251846765007918e-21 2.003689512852500746e-20
1.010239446836447678e+04 -4.323727022078554124e-20 2.038252644626775519e-20
1.010876383648071715e+04 6.028934422130241152e-20 2.017779272211877407e-20
1.011513321428171002e+04 3.308230561584623051e-20 1.944607658548988793e-20
1.012150260173216338e+04 5.338828987727512604e-20 2.017392760759298633e-20
1.012787199879425498e+04 -6.385657706137411669e-21 2.155547101646137738e-20
1.013424140543056819e+04 3.266211212215454261e-20 2.117866060647348698e-20
1.014061082160327351e+04 3.613216691106389214e-20 1.979758626291654676e-20
1.014698024727922893e+04 2.324265806460401908e-20 2.122397011910689480e-20
1.015334968241587558e+04 -1.057550329778912578e-20 1.912881963043537752e-20
1.015971912698067172e+04 1.120930234360966545e-20 2.060064695185746913e-20
1.016608858088051420e+04 3.642193634071785860e-20 1.943884990558246718e-20
1.017259752080210274e+04 6.841559249205822775e-20 1.897851079331020382e-20
1.017896700628970939e+04 3.473383026278237339e-20 1.898351572453187550e-20
1.018533650105445122e+04 3.305283187849829808e-22 1.933258721558824032e-20
1.019170600505912626e+04 1.785987043996282384e-20 1.899064341460033314e-20
1.019807551826548297e+04 1.890531549998140220e-20 1.805660957349692032e-20
1.020444504063798558e+04 1.007065657861911026e-20 1.856535404486808670e-20
1.021081457214018155e+04 8.795869326176850910e-21 1.967192321155887423e-20
1.021718411273587481e+04 9.661710997678069275e-21 1.819992107417373877e-20
1.022355366238628812e+04 -3.749608972934772112e-20 1.850962567636638815e-20
1.022992322105706262e+04 -1.029209692550870760e-20 1.848972690197404086e-20
1.023629278870945200e+04 3.929758932155336254e-20 2.059496860930112312e-20
1.024266236530796414e+04 5.915734378576445034e-20 1.887845631034734563e-20
1.024903195081643935e+04 7.254845789891268717e-21 1.865123759686419451e-20
1.025540154519810130e+04 5.054190364949751271e-20 1.911444509976323260e-20
1.026177114841558978e+04 7.451809571935496578e-21 1.817408327199187944e-20
1.026814076043414570e+04 4.770996483366750285e-20 1.943821857527758562e-20
1.027451038121577767e+04 4.611359081694478351e-20 2.007408895100294434e-20
1.028088001072378211e+04 4.783818315032035322e-20 1.960941620275833715e-20
1.028724964892293974e+04 3.227183482640023437e-20 1.875890449610163838e-20
1.029361929577655792e+04 -5.099978614363319841e-21 1.769685443206008466e-20
1.029998895124793307e+04 -1.256012185069507281e-20 1.852765578626925089e-20
1.030635861530019065e+04 5.558681967671726543e-20 1.879426339042521922e-20
1.031272828789908817e+04 8.862621374720891135e-21 1.841935663701450300e-20
1.031909796900552101e+04 5.730799883300482102e-20 1.926199883396014946e-20
1.032546765858524486e+04 2.851609930483459387e-20 1.922287152929483028e-20
1.033183735660158345e+04 1.345617426397592930e-20 1.910815801427559873e-20
1.033820706301728387e+04 8.523086942403481483e-20 1.993005346354183331e-20
1.034457677779889309e+04 4.419506790399974814e-20 1.852909215193463741e-20
1.035094650090672985e+04 4.628939056705520756e-20 1.921700744034072336e-20
1.035731623230657533e+04 4.335955426098853238e-20 1.817486083745196718e-20
1.036368597196157862e+04 7.125306976706391633e-20 1.874905902296105791e-20
1.037005571983684058e+04 4.142884727705576211e-20 1.921539630064630894e-20
1.037642547589519381e+04 4.735340685537634296e-20 1.720252211315887561e-20
1.038279524010174282e+04 1.900140159007783332e-20 1.693159873087346720e-20
1.038916501241859260e+04 1.536175507151790924e-21 1.865777661231712697e-20
1.039553479281170621e+04 5.025478475872961565e-20 1.869775904593925148e-20
1.040190458124275574e+04 3.444155769300630377e-20 1.777781228730121122e-20
1.040827437767899573e+04 3.616317080350561321e-20 1.906760315222468936e-20
1.041464418208262396e+04 -2.631363984661399974e-20 1.846759101115059398e-20
1.042101399441758076e+04 6.422357911159556442e-20 1.970308911268959289e-20
1.042738381464766462e+04 2.518679380909720138e-21 1.805927434772348811e-20
1.043375364273823470e+04 3.429785123989535005e-20 1.802558041241457589e-20
1.044012347865372249e+04 1.250501574254333596e-20 1.942278639797501606e-20
1.044649332235622751e+04 4.445877350609754723e-20 1.935397180022299811e-20
1.045286317381196568e+04 1.653604555085444418e-20 1.935113545950461164e-20
1.045923303298418250e+04 3.038886223084394463e-20 1.888355442167205815e-20
1.046560289983887014e+04 5.540189247928231846e-20 1.893979725458510562e-20
1.047197277433754971e+04 1.095411124442736719e-19 1.982178381644165059e-20
1.047834265644668267e+04 3.530664997948334214e-20 1.800777804261754296e-20
1.048471254613014571e+04 -2.715560640389800208e-20 1.785370688679868353e-20
1.049108244335131894e+04 4.095002239072101805e-20 1.719930303331276893e-20
1.049745234807646557e+04 5.997648300663885016e-20 1.795793419828980084e-20
1.050382226026826720e+04 2.176047111623049800e-20 1.774814104696427672e-20
1.051019217989158278e+04 4.021193689396919183e-20 1.750005756608140580e-20
1.051656210691211345e+04 3.757080337251793743e-20 1.774362176183295149e-20
1.052293204129290098e+04 5.712987892459795147e-20 1.784455857020367280e-20
1.052930198299975200e+04 2.492833046259085277e-20 1.840045927581735250e-20
1.053567193199517715e+04 6.280749040653892777e-21 1.779342826035615638e-20
1.054204188824573430e+04 5.361027700956473056e-20 1.733888629396535463e-20
1.054841185171553116e+04 -1.196643863816424087e-20 1.721602278904424552e-20
1.055478182236917382e+04 3.267308203085924571e-20 1.765310597062896867e-20
1.056115180017043895e+04 2.416535515823693524e-20 1.728386788678651156e-20
1.056766203409061745e+04 -2.052364866775452949e-20 1.724507848468162316e-20
1.057403203378259968e+04 3.084790379455751281e-20 1.691789079864493147e-20
1.058040204544607150e+04 1.346699044495902860e-20 1.661789313260206794e-20
1.058677206417009074e+04 1.926496850198730311e-20 1.652944987686670895e-20
1.059314208986237827e+04 5.471168979567002141e-20 1.767763262645922046e-20
1.059951212248989577e+04 4.736663060618905171e-20 1.712854141964913699e-20
1.060588216201602336e+04 1.516666655022817601e-21 1.662614108298408653e-20
1.061225220840508882e+04 -1.086642947940053205e-20 1.745776318662790169e-20
1.061862226162385377e+04 1.496307569056637299e-20 1.680159694143215504e-20
1.062499232163531815e+04 -1.709313829342580498e-20 1.818929810649719817e-20
1.063136238840551050e+04 -3.014831764798844982e-20 1.688425715225651003e-20
1.063773246189949532e+04 -1.673104672163879294e-20 1.670769967849850569e-20
1.064410254208081278e+04 2.232886491141977152e-20 1.779384338402614059e-20
1.065047262891664650e+04 5.438408768687129731e-20 1.805801928428820522e-20
1.065684272237018740e+04 2.664187504484813186e-20 1.774902710465173651e-20
1.066321282240681285e+04 2.743954883050418945e-20 1.659629433707658041e-20
1.066958292899348453e+04 1.348116211384782328e-20 1.669637625858818092e-20
1.067595304203720298e+04 1.800611020595870183e-20 1.652808070190843303e-20
1.068246363356521579e+04 8.757057566255574174e-21 1.680139139843376020e-20
1.068883377222470335e+04 1.006049423749669513e-21 1.594732418860334048e-20
1.069520391728156028e+04 6.681575988089092384e-20 1.770628310802163126e-20
1.070157404027015400e+04 6.167043205029270768e-20 1.676659674951909516e-20
1.070794415424252657e+04 2.286867427729632686e-20 1.653971799633984749e-20
1.071431427451546551e+04 1.537592987654969498e-20 1.755445668897754467e-20
1.072068440105795889e+04 2.301185606197815967e-20 1.650498924053235274e-20
1.072705453383073473e+04 2.758421455871473739e-20 1.541785405730399895e-20
1.073342467280196070e+04 3.215533180184908284e-20 1.674525751985452998e-20
1.073979481793667946e+04 3.479544288724147175e-20 1.603862697812869274e-20
1.074616496919924248e+04 6.930774931728051021e-20 1.652898780571425680e-20
1.075253512655633494e+04 5.143095933695019691e-20 1.617471814342822880e-20
1.075890528997201181e+04 6.057507638093092453e-20 1.765419750813375861e-20
1.076527545941292010e+04 3.808253028354230814e-22 1.751678674953875316e-20
1.077164563484371683e+04 -4.075552499086000030e-21 1.741297036399459761e-20
1.077801581622977938e+04 1.026278513636085963e-20 1.730464891499377004e-20
1.078438600353774746e+04 8.866610811567716368e-21 1.690465013354016802e-20
1.079075619673186156e+04 -7.992348343560260648e-22 1.652608762535776077e-20
1.079712639577776827e+04 4.734658169352874975e-20 1.651983333765962746e-20
1.080349660064256204e+04 5.675393791257870196e-21 1.575926830577362024e-20
1.080986681129048702e+04 5.459365094100637026e-20 1.630216066353610867e-20
1.081623702768771909e+04 5.635169785826114645e-20 1.722375772222244174e-20
1.082260724979930092e+04 4.944109224630754329e-20 1.742269642783807380e-20
1.082897747759104459e+04 8.127129923662478025e-21 2.091677288312410314e-20
1.083534771102881678e+04 5.786057568989588105e-20 2.077830114588843099e-20
1.084171795007940818e+04 1.533616217446708146e-20 1.769047007887683048e-20
1.084808819470689923e+04 4.502314114832926752e-20 1.629200151812939014e-20
1.085445844487792965e+04 1.857857143627862907e-20 1.683568137664871440e-20
1.086082870055777494e+04 5.219990320305235176e-20 1.648997662635192663e-20
1.086719896171332402e+04 2.484197886645165375e-20 1.573629226694953142e-20
1.087356922830920303e+04 4.185330787803028352e-20 1.666500104048140226e-20
1.087993950031216991e+04 7.988595552147372994e-21 1.641063654990939827e-20
1.088630977768797311e+04 1.109067310202067828e-20 1.613897117842930576e-20
1.089268006040158980e+04 3.366609651731071348e-20 1.681251804525601473e-20
1.089905034842034911e+04 3.327858290461396433e-20 1.475541634100172522e-20
1.090542064170912272e+04 3.820076890008784545e-20 1.565322235652312552e-20
1.091179094023457401e+04 3.182255610841621087e-20 1.542160097521212725e-20
1.091816124396236955e+04 6.150524061929822985e-20 1.592912690423228669e-20
1.092453155285838511e+04 5.641038228854021055e-21 1.541902429216084866e-20
1.093090186688953327e+04 7.386274057142993780e-20 1.672520550179239997e-20
1.093727218602100038e+04 6.113539675114308790e-20 1.548499398616913002e-20
1.094364251021934251e+04 3.015354344375020263e-20 1.583433424455706240e-20
1.095001283945052637e+04 3.399246309978910138e-20 1.541945298997301557e-20
1.095638317368086064e+04 3.760352492613869482e-20 1.568110852119094965e-20
1.096275351287623926e+04 4.888328355840746705e-20 1.607960521164854239e-20
1.096912385700315644e+04 2.091859301298210192e-20 1.570660577525994389e-20
1.097549420602812825e+04 2.140511332257979023e-20 1.639099945007010506e-20
1.098186455991631192e+04 5.471640737413584744e-20 1.567163936481962036e-20
1.098823491863548952e+04 1.250148492569878657e-20 1.554102629939846383e-20
1.099460528214995247e+04 5.499081653813765428e-20 1.581269285499794065e-20
1.100097565042870337e+04 6.515631038005021987e-20 1.624035755048976799e-20
1.100734602343595543e+04 4.499246413922267469e-20 1.499254072662414909e-20
1.101371640113910144e+04 4.787086509363730798e-20 1.657990097624237635e-20
1.102008678350362788e+04 4.680312719294620225e-20 1.712188194258315714e-20
1.102645717049663290e+04 5.720800911863897780e-20 1.643011521534808615e-20
1.103282756208523278e+04 2.319177793576188514e-20 1.619473463904321976e-20
1.103919795823376808e+04 1.477253422219131896e-20 1.502330753844026844e-20
1.104556835891139963e+04 3.669298912849506334e-20 1.501207993694168033e-20
1.105193876408208598e+04 4.259843566056905662e-20 1.570866666922926656e-20
1.105830917371436226e+04 1.527551749418156654e-20 1.496003738229757131e-20
1.106467958777444255e+04 6.102518443735566079e-20 1.492472530497128614e-20
1.107105000622687476e+04 3.575425609517169165e-20 1.591918824794061342e-20
1.107742042904148911e+04 1.422594161429102057e-20 1.487554562841722282e-20
1.108379085618209501e+04 5.192891270240206170e-20 1.453669684764181626e-20
1.109016128761793880e+04 1.934514169441333443e-20 1.585049089230584111e-20
1.109653172331315363e+04 1.427717232830043488e-20 1.474185474222517877e-20
1.110290216323403365e+04 4.514255189613427791e-20 1.599565306594064776e-20
1.110941389376176630e+04 3.994200148177032718e-20 1.546464546360260965e-20
1.111578435443856506e+04 4.245536420580982328e-20 1.535232506331748179e-20
1.112215481929385896e+04 6.058036298358854796e-20 1.518107208041248300e-20
1.112852528824108231e+04 6.347217988170676056e-20 1.526501004004683735e-20
1.113489576124625819e+04 4.649296173250383608e-20 1.478463935675781332e-20
1.114126623827705225e+04 4.658545883545593389e-20 1.571478682854437352e-20
1.114763671930022974e+04 3.685381373822837716e-20 1.569712321035018438e-20
1.115400720428190652e+04 1.981478035740626752e-20 1.551569280111115207e-20
1.116037769319029030e+04 3.718461928236736700e-20 1.533513703738146707e-20
1.116674818599092941e+04 1.187581136316019823e-20 1.541188472002924303e-20
1.117311868265195153e+04 3.772917886835380610e-21 1.469232974787461437e-20
1.117948918313920149e+04 -4.269135567551276807e-21 1.564380208821324097e-20
1.118585968742088880e+04 1.839057068272044117e-20 1.460027791211822778e-20
1.119223019546327487e+04 3.961149473197190452e-20 1.525411732406663402e-20
1.119860070723337049e+04 5.785805842402726973e-20 1.540019941772538355e-20
1.120497122269891406e+04 2.773127269368364747e-20 1.563557464646725356e-20
1.121134174182592869e+04 2.569461334462330380e-20 1.592263538348683271e-20
1.121771226458304773e+04 4.039229781353870771e-20 1.594844145556288796e-20
1.122408279088122981e+04 4.915286156546978441e-20 1.632818966492683955e-20
1.123059484335523121e+04 3.567392066242096671e-20 1.481547826295824889e-20
1.123696538920574494e+04 4.808247723167488991e-20 1.512042085758750640e-20
1.124333593855185245e+04 3.149626739317745996e-20 1.511059143722470044e-20
1.124970649136037900e+04 3.171355421046900228e-20 1.591530813052437857e-20
1.125607704759887747e+04 -1.144230362769503381e-20 1.537518501812930387e-20
1.126244760723433683e+04 4.418343868220106037e-20 1.558789772285652745e-20
1.126881817023406256e+04 5.383369782834456483e-20 1.573120234887401809e-20
1.127518873656580035e+04 7.357739860851416084e-20 1.542396719309720476e-20
1.128155930619686478e+04 1.662710726171303937e-20 1.496591877899274368e-20
1.128792987909380281e+04 5.888178319450399007e-20 1.501769269918604041e-20
1.129430045522525870e+04 5.771945203207746608e-20 1.532925751783221392e-20
1.130067103455796132e+04 7.931336165978171675e-20 1.454726838279995009e-20
1.130704161705919614e+04 2.056799675791376397e-20 1.516158176805114446e-20
1.131341220269663245e+04 4.295309459601108255e-20 1.531823109853670308e-20
1.131978279143786858e+04 2.750021282607770418e-20 1.538406728377976526e-20
1.132615338325040830e+04 1.576407794016095862e-20 1.553394969214277820e-20
1.133252397810157345e+04 4.043086677495030859e-20 1.405249061985962240e-20
1.133889457595944441e+04 3.277472503077561957e-20 1.510503727421506232e-20
1.134526517679098470e+04 1.513257255909375547e-20 1.447264997937956559e-20
1.135163578056398728e+04 1.911189475773784500e-20 1.444357509246916263e-20
1.135800638724661439e+04 3.725813674360645186e-20 1.451988108054005503e-20
1.136437699680560218e+04 -1.568209744223661254e-20 1.431207421681945976e-20
1.137074760920920016e+04 -2.892091625003946879e-20 1.405672927789844666e-20
1.137711822442482480e+04 1.779477951304759204e-20 1.474124465940493157e-20
1.138348884242069471e+04 4.235197004915882355e-20 1.511068538827840079e-20
1.138985946316359696e+04 2.873859194363845987e-20 1.533102288048545411e-20
1.139623008662240500e+04 4.895814805956740663e-20 1.489025979331166489e-20
1.140260071276470080e+04 -6.254960886633597358e-21 1.499540799180292486e-20
1.140897134155734602e+04 9.972007918538192314e-21 1.485117535364635224e-20
1.141534197296937964e+04 1.852859295157844256e-20 1.401209973726233211e-20
1.142171260696775062e+04 3.081250351092301281e-20 1.449636216811211175e-20
1.142808324352105228e+04 3.202943053548298430e-20 1.444939691185887716e-20
1.143445388259643005e+04 2.465258308733381155e-20 1.408810456390776746e-20
1.144082452416250089e+04 5.887874433387325325e-20 1.456035482934761871e-20
1.144719516818702141e+04 5.084379245195317472e-20 1.468709833715774199e-20
1.145356581463759358e+04 3.695640549707542589e-20 1.510386516802914950e-20
1.145993646348283983e+04 4.592557979590088565e-21 1.392162112295460840e-20
1.146630711468988193e+04 -4.732717253714928796e-21 1.260170460436005640e-20
1.147267776822782434e+04 -1.191844988600660792e-21 1.332208405049376256e-20
1.147904842406393800e+04 4.061244140835003863e-20 1.384029703243305764e-20
1.148541908216673437e+04 2.148131239023625660e-20 1.371481798567133674e-20
1.149178974250384636e+04 2.693321617616295774e-20 1.381890289349766800e-20
1.149816040504400735e+04 3.061906068141229997e-20 1.423200549717788105e-20
1.150453106975521041e+04 1.963918198855407520e-20 1.444000645371585161e-20
1.151090173660494838e+04 -1.294520235365745528e-21 1.391315838435722770e-20
1.151727240556250217e+04 4.654989371022448978e-20 1.394743515172782737e-20
1.152364307659507176e+04 3.219988298285965662e-20 1.421502981830505719e-20
1.153001374967194533e+04 4.091774395751534355e-20 1.430963525610633573e-20
1.153638442476051205e+04 4.142106248965649763e-20 1.388698712159866854e-20
1.154275510182935250e+04 -1.619220828209264898e-21 1.436916147426321778e-20
1.154912578084684355e+04 3.156385974441444523e-20 1.373667239187075638e-20
1.155549646178115472e+04 3.752119622682178727e-20 1.368021238700338098e-20
1.156186714460072108e+04 3.962467318028930098e-20 1.513784238887251485e-20
1.156823782927382854e+04 2.194962732283022155e-20 1.375174243489861428e-20
1.157460851576934147e+04 1.789990441864604040e-20 1.334087246628211396e-20
1.158097920405515470e+04 5.941373849153476909e-20 1.312381642200274768e-20
1.158734989409969239e+04 6.228602185674169222e-20 1.318019063054151155e-20
1.159372058587191532e+04 3.090634696986579017e-20 1.377105901540517674e-20
1.160009127933976561e+04 1.424887559557048253e-20 1.389413548306703284e-20
1.160646197447213308e+04 1.281616001230166129e-20 1.242235634408304598e-20
1.161283267123710357e+04 1.098342544494045134e-20 1.356044613411244516e-20
1.161920336960392524e+04 4.711136083058514359e-20 1.444806191702631637e-20
1.162557406954018188e+04 -4.572903195122227092e-21 1.412423634234358019e-20
1.163194477101574012e+04 7.001915817316305570e-21 1.393485067941973229e-20
1.163831547399814735e+04 4.317870067311576331e-20 1.354623492370351498e-20
1.164468617845662084e+04 1.317400072679817861e-20 1.372076885549969683e-20
1.165105688435949924e+04 5.955431657417625757e-20 1.491383709667876242e-20
1.165742759167560689e+04 3.396691617644582963e-20 1.392754407073965786e-20
1.166379830037392276e+04 -3.980871030297302864e-21 1.320447091312728272e-20
1.167016901042250356e+04 1.831965172824233707e-20 1.434953302538206605e-20
1.167653972179089942e+04 4.111934668433137545e-20 1.412172080099184278e-20
1.168291043444661591e+04 1.046899941686194037e-20 1.360713011236736072e-20
1.168942353161611391e+04 4.493556802354401165e-20 1.377122203743292755e-20
1.169579425891617757e+04 5.487025438022810405e-20 1.425980383972885677e-20
1.170216498746229627e+04 1.960946158342109124e-20 1.439527547185603158e-20
1.170853571716913575e+04 2.219276382174066640e-20 1.427467577547471711e-20
1.171490644800588780e+04 -1.173719672386775904e-20 1.305429827229039370e-20
1.172127717994175146e+04 -9.017137482197080616e-21 1.340724850818825091e-20
1.172764791294492534e+04 -5.055962147428974408e-21 1.426595358004917327e-20
1.173401864698514873e+04 -4.587904048703826230e-21 1.361461167370391352e-20
1.174038938203079124e+04 -3.028491152195411159e-21 1.335050167653457624e-20
1.174676011805141206e+04 7.713834380325243567e-21 1.328482435055533456e-20
1.175313085501523165e+04 2.367218827850209976e-20 1.347970517984101700e-20
1.175950159289231669e+04 -6.988458013917848892e-21 1.333637409724648350e-20
1.176587233165083671e+04 9.674268214273149822e-21 1.362335579718839114e-20
1.177224307126037274e+04 1.119615311428589172e-20 1.337405873986149006e-20
1.177861381168986009e+04 2.083661863146678858e-20 1.348337034981382904e-20
1.178498455290841775e+04 3.656482974305598246e-20 1.387526495100359987e-20
1.179135529488539214e+04 2.515717272095648257e-20 1.352300053257213277e-20
1.179772603758950572e+04 4.218044848420431324e-20 1.339665236099674301e-20
1.180409678099058692e+04 3.837638332162506071e-20 1.372448419585878983e-20
1.181046752500291404e+04 6.231100645091569410e-20 1.325084606376197079e-20
1.181698089676595009e+04 4.857080023645652448e-20 1.288536482197061056e-20
1.182335165423666695e+04 3.008640554654698401e-20 1.322242251555954679e-20
1.182972241227883751e+04 4.652836377580809884e-20 1.330671832422303562e-20
1.183609317086118972e+04 5.168470326939827055e-20 1.362250781637649859e-20
1.184246392995357746e+04 4.182352313613029857e-20 1.358415519197024207e-20
1.184883468952483781e+04 2.977327676768660479e-20 1.361218255350873937e-20
1.185520544954464822e+04 4.183137734190487610e-20 1.359825331329017572e-20
1.186157620998238781e+04 4.372598970919611471e-20 1.370263557000036238e-20
1.186794697080733749e+04 3.402328739783449842e-20 1.289928304422278436e-20
1.187431773198916198e+04 2.787283476348785264e-20 1.340655119170011701e-20
1.188068849349679840e+04 2.395451557270911413e-20 1.338702630844630274e-20
1.188705925530051536e+04 1.753973384923703815e-20 1.314944118726893718e-20
1.189343001736897349e+04 -9.618119306047677313e-22 1.252554744582129493e-20
1.189980077967245779e+04 1.956737297536449972e-20 1.363946939614543401e-20
1.190617154217978168e+04 1.951144848752640842e-20 1.314960953780439958e-20
1.191254230486124834e+04 3.883002837983090055e-20 1.302691288933623407e-20
1.191891306768570212e+04 4.692160564710775516e-20 1.324169455023780158e-20
1.192528383062347166e+04 4.441472153443163983e-20 1.242457700473965589e-20
1.193165459364352137e+04 3.492337026685819414e-20 1.318924032263586197e-20
1.193802535671603073e+04 2.447783003628999453e-20 1.349507289587657916e-20
1.194439611981031157e+04 3.450790405550738823e-20 1.317795858244935711e-20
1.195076688289623235e+04 5.054766814719939218e-20 1.291633698522563549e-20
1.195713764594351596e+04 2.705229633991286439e-20 1.332048327409959737e-20
1.196350840892171436e+04 4.953880082435542212e-20 1.149606346652397982e-20
1.196987917180093427e+04 3.371247931883626922e-20 1.213784544152794980e-20
1.197624993455041658e+04 -9.245895015871592625e-22 1.204265039586064282e-20
1.198262069714063728e+04 3.034461505016116516e-20 1.330025725867842632e-20
1.198899145954065352e+04 6.264857209129961888e-20 1.417492462600061674e-20
1.199536222172112502e+04 1.954248868149836886e-20 1.281466374836491239e-20
1.200173298365107439e+04 5.091606171756613279e-20 1.263183387226270922e-20
1.200810374530121226e+04 7.190617137257568573e-20 1.310351263471524382e-20
1.201447450664067037e+04 4.033284339097066867e-20 1.283789611056919213e-20
1.202084526764013754e+04 2.886672225432855069e-20 1.275852962092116002e-20
1.202721602826876733e+04 2.812263710802602510e-20 1.258231459381524203e-20
1.203358678849730313e+04 3.614651732035039542e-20 1.198846101534420862e-20
1.203995754829511861e+04 2.851936631475677030e-20 1.378392575254147419e-20
1.204632830763264064e+04 2.137612216260744223e-20 1.373331405223471524e-20
1.205269906647956850e+04 2.147908212625949960e-20 1.308975396974676894e-20
1.205906982480625629e+04 4.649652792679590923e-20 1.386387544056256512e-20
1.206544058258262703e+04 4.321072006649936074e-20 1.336781213086467989e-20
1.207181133977874015e+04 4.259950744206762094e-20 1.277575207249993062e-20
1.207818209636485335e+04 1.775548342553682916e-20 1.283097251539796828e-20
1.208455285231087691e+04 1.721500141533138274e-20 1.288430378065796113e-20
1.209092360758732502e+04 4.519332172481401013e-20 1.291031683433977885e-20
1.209729436216391150e+04 1.904062454089990451e-20 1.315786441800756639e-20
1.210366511601146522e+04 1.551098957019675927e-20 1.182727189483215824e-20
1.211003586909934893e+04 3.297038625533320075e-20 1.248719793339791804e-20
1.211640662139875712e+04 2.347973008698650164e-20 1.266822889520790755e-20
1.212277737287909076e+04 1.606326026802434826e-21 1.184613992788921718e-20
1.212914812351150249e+04 1.791152961142075262e-20 1.208823818451292396e-20
1.213551887326538963e+04 2.077886056309209657e-20 1.176806059545879821e-20
1.214188962211192302e+04 2.357202727005681041e-20 1.297496898595581031e-20
1.214826037002059820e+04 1.900544603081021006e-20 1.236787144776965022e-20
1.215463111696291708e+04 2.764875847265540221e-20 1.282437551989938799e-20
1.216100186290794227e+04 4.549846710721637711e-20 1.266641902113913622e-20
1.216737260782719568e+04 3.516886196844520869e-20 1.266561669173247018e-20
1.217374335169028927e+04 2.447194645435971034e-20 1.253383690828062981e-20
1.218011409446849757e+04 3.012981656864343481e-20 1.291424743382942082e-20
1.218648483613132339e+04 4.498576045255698257e-20 1.271885315029679636e-20
1.219285557665030137e+04 5.096775300248000093e-20 1.286164695640784420e-20
1.219922631599492888e+04 2.183941778803046224e-20 1.214147752216584603e-20
1.220559705413674055e+04 5.827712875460666822e-20 1.247562220757839825e-20
1.221196779104541565e+04 4.514191375436831314e-20 1.222056008723332254e-20
1.221833852669219596e+04 5.493375342163766042e-20 1.376962294614272880e-20
1.222470926104715909e+04 4.620470711759527152e-20 1.356278317427398466e-20
1.223107999408149590e+04 2.759844101933580595e-20 1.338234895492479594e-20
1.223745072576522944e+04 2.794496332365027169e-20 1.245049089580625788e-20
1.224382145606949416e+04 6.162080648361865632e-20 1.230562572803086128e-20
1.225019218496464055e+04 4.253331699717730092e-20 1.288506545602824563e-20
1.225656291242165571e+04 3.059400419432582933e-20 1.359048182487492907e-20
1.226293363841104474e+04 3.812960936999958414e-20 1.254521504663978701e-20
1.226930436290371108e+04 3.923413110240065004e-20 1.217119552867935153e-20
1.227567508587042721e+04 3.253994629183788117e-20 1.244442333677522237e-20
1.228204580728169094e+04 3.963386299097294579e-20 1.308711746430475366e-20
1.228841652710888957e+04 1.156510935376038788e-20 1.225098771382877118e-20
1.229478724532223896e+04 3.579911599683422077e-20 1.263624569010428206e-20
1.230115796189274079e+04 4.943829666106917062e-20 1.313857780304410887e-20
1.230752867679142764e+04 3.197187635395177090e-20 1.361423032040720036e-20
1.231389938998849721e+04 5.171241701068884805e-20 1.352509882692369660e-20
1.232041365578162186e+04 1.921742973666649743e-20 1.226024267055392625e-20
1.232678437740573463e+04 1.402865214725620058e-20 1.260715890180419715e-20
1.233315509729283440e+04 2.957134655629378969e-20 1.254870969634787189e-20
1.233952581536007710e+04 4.152599828294803918e-20 1.315306602721769917e-20
1.234589653157899920e+04 7.140083642701746599e-21 1.268543761709264682e-20
1.235226724592034225e+04 2.313026504794034211e-20 1.260228964214360594e-20
1.235863795835502242e+04 8.155474480652426094e-21 1.310699198902889488e-20
1.236500866885448158e+04 3.441811771972213472e-20 1.326315370320440485e-20
1.237137937738926666e+04 3.185400872423832673e-20 1.355596107304599688e-20
1.237775008393087592e+04 8.198835955954633290e-21 1.266151587656482153e-20
1.238412078845029464e+04 3.734175176428077737e-20 1.283467557754315535e-20
1.239049149091865547e+04 5.659343559342121297e-20 1.323913001070548677e-20
1.239686219130712016e+04 4.406371700915462069e-20 1.330006773839426525e-20
1.240323288958670310e+04 5.232500509911131758e-20 1.298281891867353528e-20
1.240960358572893529e+04 2.072710329563130185e-20 1.221778545203791037e-20
1.241597427970482750e+04 2.967498264698728309e-20 1.261096767053756440e-20
1.242234497148554692e+04 6.137424323952170620e-20 1.355859377474077089e-20
1.242871566104254998e+04 4.024925928990858902e-20 1.279458440111126279e-20
1.243508634834694567e+04 3.664023428874367826e-20 1.259042940241016675e-20
1.244145703337034865e+04 4.440602268990835085e-20 1.268013851551490383e-20
1.244782771602838875e+04 5.570451740267654542e-20 1.273425747533327206e-20
1.245419839166262682e+04 4.105272426005676558e-20 1.250628107308093483e-20
1.246071289150254961e+04 5.194492559442203095e-20 1.302002649963581946e-20
1.246708357903182514e+04 4.028244026567966561e-20 1.270201346443520099e-20
1.247345426413456335e+04 2.200808837418714018e-20 1.265270131829593455e-20
1.247982494678192415e+04 2.176759572534055499e-20 1.271502139034047796e-20
1.248619562694510932e+04 3.609311356340006536e-20 1.245003623322740576e-20
1.249256630459615371e+04 3.621767954929897820e-20 1.251708961685918274e-20
1.249893697970618632e+04 2.269220627665594652e-20 1.262266864049819010e-20
1.250530765224665083e+04 2.823442914611673402e-20 1.253931395529551079e-20
1.251167832218935655e+04 2.788253756936904243e-20 1.215993522839277834e-20
1.251804898950552160e+04 2.902565519627760662e-20 1.219115256976042160e-20
1.252441965416727362e+04 5.682501038023460781e-20 1.208953493462019067e-20
1.253079031614540145e+04 -1.117591917218185556e-20 1.300671628892821952e-20
1.253716097541234558e+04 3.252746879961582018e-20 1.395041129377584373e-20
1.254353163193884029e+04 4.974908334092183698e-20 1.273740773785181863e-20
1.254990228569704959e+04 4.634791103038947126e-20 1.357676519070656611e-20
1.255627293665869911e+04 7.153353712798735274e-20 1.352037358647868244e-20
1.256264358479544535e+04 1.493212368190708405e-20 1.291482884734175482e-20
1.256901423007878293e+04 6.269672954976458933e-20 1.288596929611249435e-20
1.257538487248046476e+04 7.657026506897359136e-20 1.537371813638226045e-20
1.258175551197238383e+04 6.577343675922308684e-20 1.241428057118674372e-20
1.258812614852616571e+04 6.909701359919110736e-20 1.390119441364620360e-20
1.259449678211373248e+04 4.635123310753828459e-20 1.531210879125916601e-20
1.260086741270697530e+04 4.811602844528944301e-20 1.286094842419281234e-20
1.260723804027740334e+04 2.996138792014711295e-20 1.152838115363963926e-20
1.261360866479740253e+04 3.426909509056226228e-20 1.194292287681232915e-20
1.261997928623761072e+04 3.188679147949125103e-20 1.209498457695147221e-20
1.262634990457159620e+04 4.471430035670023930e-20 1.266951876489042621e-20
1.263272051976978946e+04 5.637885678277208149e-20 1.252160526281666771e-20
1.263909113180513305e+04 3.426071996919526291e-20 1.161789754973028070e-20
1.264546174064877960e+04 2.572927111618406344e-20 1.240933232485694231e-20
1.265183234627365709e+04 3.139265821991442203e-20 1.131736292608447673e-20
1.265820294865066717e+04 2.132390355396606406e-20 1.057411765836166971e-20
1.266457354775253043e+04 6.053008935734811098e-20 1.194491189289880330e-20
1.267094414355090703e+04 3.646414747172224571e-20 1.178706221753686114e-20
1.267731473601831931e+04 2.216430243810854676e-20 1.221011948928063271e-20
1.268368532512621459e+04 1.362219998265038573e-20 1.184725963759145162e-20
1.269005591084718799e+04 3.397116321249789414e-20 1.163770544228550368e-20
1.269642649315268136e+04 3.681510325154854198e-20 1.287825491990185122e-20
1.270279707201535712e+04 4.742044215110757899e-20 1.219633391776729613e-20
1.270916764740792314e+04 5.372548443502093897e-20 1.251711726675358351e-20
1.271553821930086451e+04 3.389232217883500893e-20 1.248820293993754720e-20
1.272190878766812057e+04 2.225248758111824246e-20 1.192324948328459650e-20
1.272827935248056201e+04 3.528384909893432299e-20 1.190279362734806706e-20
1.273464991371154065e+04 4.260109830042068723e-20 1.180200161364634786e-20
1.274102047133210726e+04 5.092483379158208117e-20 1.196476769331674354e-20
1.274739102531548269e+04 4.890716261748002664e-20 1.210427558024006105e-20
1.275376157563347078e+04 5.466699965410789610e-20 1.271771002663836277e-20
1.276013212225859752e+04 5.640460802910285369e-20 1.268584766618162959e-20
1.276650266516321608e+04 5.116786521709622164e-20 1.167938008659171009e-20
1.277287320431906119e+04 5.996913133595955969e-20 1.264740313073582725e-20
1.277924373969911358e+04 4.552591976883311350e-20 1.183676247931652481e-20
1.278561427127500065e+04 5.556761124242339473e-20 1.161962522060598921e-20
1.279198479902060353e+04 2.523251242954414038e-20 1.179292442874999366e-20
1.279835532290724223e+04 5.951712497439459955e-20 1.244221989317633813e-20
1.280472584290690975e+04 7.832684393156443634e-20 1.257165271683889432e-20
1.281109635899291061e+04 5.074868289914875082e-20 1.226695350135235565e-20
1.281746687113785629e+04 1.730931379849802881e-20 1.140972651439654681e-20
1.282383737931368341e+04 2.121180552193036015e-20 1.134213567882012120e-20
1.283020788349328359e+04 2.040267817620120019e-20 1.119483250981712755e-20
1.283657838364810596e+04 4.842749232936969296e-20 1.241909056241937839e-20
1.284294887975186248e+04 2.751203322910381557e-20 1.200165275930694963e-20
1.284931937177736290e+04 1.565321087440602868e-20 1.240150426920638731e-20
1.285568985969672576e+04 4.562010210102588889e-20 1.193013592361304499e-20
1.286206034348178218e+04 2.463838952243526061e-20 1.189658059169088976e-20
1.286843082310624413e+04 3.989880496742970469e-20 1.227052045251817445e-20
1.287480129854195548e+04 3.844191933413280792e-20 1.206277521705388266e-20
1.288117176976259543e+04 2.452345271089423655e-20 1.151122962238905234e-20
1.288754223674035165e+04 2.081427707002815235e-20 1.090016596111158847e-20
1.289391269944697888e+04 6.949767235059292130e-20 1.209220084248146581e-20
1.290028315785600898e+04 3.462582242901884892e-20 1.167590081986472465e-20
1.290665361194075194e+04 4.258977923377941363e-20 1.224871178208971569e-20
1.291302406167389927e+04 1.839365934052168441e-20 1.211116843277838852e-20
1.291939450702688191e+04 2.772695316671045162e-20 1.214644996976138064e-20
1.292576494797330997e+04 5.087341908869277904e-20 1.284940361197470803e-20
1.293213538448605505e+04 4.927209626908397272e-20 1.339579229871963989e-20
1.293850581653894187e+04 2.106896716689088484e-20 1.257675300694273817e-20
1.294487624410347416e+04 4.428648915836276508e-20 1.323074946631765661e-20
1.295124666715226886e+04 5.732230301815869782e-20 1.313003366417069042e-20
1.295761708565843037e+04 2.513247703000788503e-20 1.209813698265195524e-20
1.296398749959621091e+04 2.410822736920428588e-20 1.202428479918178672e-20
1.297035790893778176e+04 3.417594324790419395e-20 1.192100257872948414e-20
1.297672831365528509e+04 3.939347850927628516e-20 1.198311797161957042e-20
1.298309871372201815e+04 4.779591819739613681e-20 1.257052504498077274e-20
1.298946910911146915e+04 2.799255123455875319e-20 1.280922977787067615e-20
1.299583949979733188e+04 5.051969632018834546e-20 1.320341989335992743e-20
1.300220988575147749e+04 5.808010536602431052e-20 1.276050725467670225e-20
1.300858026694466025e+04 3.051604564520032652e-20 1.268152192915737691e-20
1.301509546195754592e+04 5.364092697333809689e-20 1.199739548822813489e-20
1.302146584521798468e+04 5.308953945894432790e-20 1.212130263806810446e-20
1.302783622369088880e+04 2.949250818084800132e-20 1.211422951498731033e-20
1.303420659729581894e+04 8.358073632374099478e-20 1.264482805918778422e-20
1.304057696600445706e+04 5.436677227787035999e-20 1.315954989574984719e-20
1.304694733183074277e+04 4.444432945532545780e-20 1.208534875443668333e-20
1.305331786884937901e+04 2.950549872085402905e-20 1.193886846035127528e-20
1.305968841649010210e+04 6.392222376491683801e-20 1.230278415869692350e-20
1.306605895928635982e+04 4.227373044626148050e-22 1.210879270777689752e-20
1.307242949705202045e+04 3.298070862328394333e-20 1.219750569961610699e-20
1.307880002976203650e+04 3.639543863995154158e-20 1.185919593584928285e-20
1.308517055738861745e+04 2.597113814137293838e-20 1.219618536213283600e-20
1.309154107990683588e+04 4.328722072797828890e-20 1.299576317005357475e-20
1.309791159728757339e+04 5.568061547805830790e-21 1.356960475232992504e-20
1.310428210950419270e+04 1.316161371814619845e-20 1.302922659744478165e-20
1.311065261653170819e+04 3.434111575044979184e-20 1.230808455128683102e-20
1.311702311834343527e+04 5.313819580223345105e-20 1.217749355237491670e-20
1.312339361491191812e+04 6.832906640562951369e-20 1.227993034389491605e-20
1.312976410621119248e+04 6.213792884006336727e-20 1.172457524546473518e-20
1.313613459221228368e+04 3.776821486064398506e-20 1.220360060157263253e-20
1.314250507289092639e+04 4.195051291789068326e-20 1.312014267349279667e-20
1.314887554822206948e+04 4.787565114660331653e-20 1.236880683917604909e-20
1.315524601812211404e+04 4.716923569818517867e-20 1.139587137043936821e-20
1.316176157460899594e+04 3.283645132006559352e-20 1.359436083262704259e-20
1.316813204539732760e+04 3.314445336326115555e-20 1.163829174733647562e-20
1.317450251072960964e+04 3.464891926529594443e-20 1.280772700209934247e-20
1.318087297057812430e+04 5.149980812726493859e-20 1.156683050147936671e-20
1.318724342491633797e+04 4.308443322704394929e-20 1.255942377442263765e-20
1.319361387371848468e+04 4.654201638357109127e-20 1.229100520638015070e-20
1.319998431695336330e+04 3.304216609240098299e-20 1.222970156755685327e-20
1.320635475460259840e+04 6.841249722340131200e-20 1.267996945823954355e-20
1.321272518663483788e+04 2.895336449909199861e-20 1.223545038160171971e-20
1.321909561302525071e+04 2.138141463855967935e-20 1.306924971272110053e-20
1.322546603374668848e+04 4.566699086474231383e-20 1.319274035138762082e-20
1.323183644877134975e+04 1.564186738302748883e-20 1.233423727161267122e-20
1.323820685807671543e+04 4.458428578323781573e-20 1.271934097172612090e-20
1.324457726163468033e+04 3.242834820379139153e-20 1.298275433426954723e-20
1.325094765941927653e+04 4.729619711920575985e-20 1.238400407234868435e-20
1.325731805140266442e+04 1.207034912646316886e-20 1.255018122302270466e-20
1.326368843755923626e+04 4.288697351215379251e-20 1.236927179590847560e-20
1.327005881786504870e+04 4.357872335811911358e-20 1.255720231679160397e-20
1.327642919229181462e+04 4.573378138632184094e-20 1.264509922589543331e-20
1.328279956081490855e+04 2.764007600853933084e-20 1.207125326565443403e-20
1.328916992340600700e+04 1.261737022944590468e-20 1.243522682247174841e-20
1.329554028003828535e+04 5.290535161879025408e-20 1.254062408838885694e-20
1.330191063068969743e+04 5.194891302636009377e-20 1.223853037660501970e-20
1.330828097533221262e+04 5.151323092612457307e-20 1.303468751526861791e-20
1.331465131393976299e+04 3.293889894833609142e-20 1.208710305057009197e-20
1.332102164648470898e+04 5.697935363288485427e-21 1.248217880966229704e-20
1.332739197294111182e+04 1.860930802279895914e-20 1.242475279875806882e-20
1.333376229328571571e+04 5.259911187573598628e-20 1.218852923076895468e-20
1.334013260749175424e+04 7.349439829509281454e-20 1.165454193056466814e-20
1.334650291553255920e+04 1.966338688650800160e-20 1.146872191953745311e-20
1.335287321738193532e+04 2.147761570988262440e-20 1.152806110551541299e-20
1.335924351301116258e+04 4.207833745757851348e-20 1.212678360356309307e-20
1.336561380239955542e+04 4.171879465966405551e-20 1.184631369283155396e-20
1.337198408551945977e+04 5.733881920676610085e-20 1.201933014041920400e-20
1.337835436234421832e+04 5.413262863759464571e-20 1.187253811147006454e-20
1.338472463284802689e+04 5.979878568370700614e-20 1.198821381986022547e-20
1.339109489700340782e+04 4.903249935382822340e-20 1.221823977091947545e-20
1.339746515478797301e+04 4.506744330817320199e-20 1.152415673407720130e-20
1.340383540617449944e+04 4.498076384314304521e-20 1.122103645743392455e-20
1.341020565113742850e+04 5.536601169800528810e-20 1.227694999380210396e-20
1.341657588964964452e+04 5.488596931021637374e-20 1.228109327726120375e-20
1.342294612168409549e+04 4.030214152814337122e-20 1.251318571278042328e-20
1.342931634721887167e+04 3.160536795894630328e-20 1.247995252567894281e-20
1.343568656622757590e+04 3.421691009718626649e-20 1.195630966705995743e-20
1.344205677868275598e+04 1.380961849537701261e-20 1.186464412244218683e-20
1.344842698455976461e+04 4.347297363472715375e-20 1.188967438002723969e-20
1.345479718383110412e+04 4.045195262138866726e-20 1.209254236715645276e-20
1.346116737647274022e+04 3.438067911047567370e-20 1.215403163881520088e-20
1.346753756246007288e+04 4.412576441993903920e-20 1.219316676411044282e-20
1.347390774176663945e+04 2.452365773232798921e-20 1.237309193507343316e-20
1.348027791436610823e+04 4.814553112524693735e-20 1.245308935311840502e-20
1.348664808023200385e+04 2.968210598344896571e-20 1.264818917777445663e-20
1.349301823933999367e+04 4.354166882206812760e-20 1.244489092581274409e-20
1.349938839166593789e+04 6.624404934942598330e-20 1.204443220490210032e-20
1.350575853718316284e+04 3.726216474219669097e-20 1.224201764449232205e-20
1.351212867586560969e+04 3.162291736983816250e-20 1.255135284702555781e-20
1.351849880768689036e+04 3.381037656787901368e-20 1.195893209212558330e-20
1.352486893262198464e+04 4.062315144927355192e-20 1.167853191550571798e-20
1.353123905064872633e+04 4.031313270920777910e-20 1.275186452924136850e-20
1.353760916173873920e+04 6.169039936249086473e-20 1.184189508292230528e-20
1.354397926586675931e+04 4.779761109414025572e-20 1.183785534897436270e-20
1.355034936300791924e+04 5.448555063509070501e-20 1.229675311708878754e-20
1.355671945313407195e+04 4.497077781378515932e-20 1.236951627858822695e-20
1.356308953622402441e+04 2.973829721637017018e-20 1.265845233568757317e-20
1.356945961225113751e+04 5.036223419634404780e-20 1.256597830198781524e-20
1.357582968118898498e+04 5.407339206723408219e-20 1.302526773170130126e-20
1.358219974301363254e+04 2.559260098555655929e-20 1.251654613708715356e-20
1.358856979769711688e+04 3.038394202575493125e-20 1.200717925325279236e-20
1.359493984521682432e+04 7.980806072380979785e-20 1.276213581122347715e-20
1.360130988554756550e+04 8.775846903795715548e-20 1.340013858116965745e-20
1.360767991866270313e+04 5.618257487809204710e-20 1.253935582574328686e-20
1.361404994453874497e+04 4.334442509865200419e-20 1.268427425931280796e-20
1.362041996314634707e+04 1.130627099850060593e-20 1.208180435266596833e-20
1.362678997446510039e+04 4.372887825066215624e-20 1.197821131806699257e-20
1.363315997846763457e+04 3.545763778770899667e-20 1.125516894456853299e-20
1.363952997512973161e+04 3.354911629828169403e-20 1.254592618517940964e-20
1.364589996442568008e+04 2.529004728202085487e-20 1.228670373882214180e-20
1.365226994632953392e+04 3.756321019064338326e-20 1.227004430446559130e-20
1.365863992081668948e+04 5.030094114731617044e-20 1.180073079034091295e-20
1.366500988786187554e+04 6.202519738978259335e-20 1.223001655460684898e-20
1.367137984744115420e+04 6.404621946890769912e-20 1.228706991747656638e-20
1.367774979952926151e+04 3.963179582566095923e-20 1.219973688896812534e-20
1.368411974410047333e+04 4.737481490572070279e-20 1.262675627931669659e-20
1.369048968112909461e+04 6.230292461633760696e-20 1.281415603146126149e-20
1.369685961059165129e+04 4.637303430731181169e-20 1.298469525986365385e-20
1.370322953246098405e+04 5.011505121851530431e-20 1.263562324635601491e-20
1.370959944671514313e+04 8.266732024871983844e-20 1.289655964068433093e-20
1.371596935332748581e+04 3.578962959666991338e-20 1.199635941865664895e-20
1.372233925227342115e+04 2.535459126676021510e-20 1.163861297577203822e-20
1.372870914352630825e+04 3.856857284244697463e-20 1.146955695883505123e-20
1.373507902706291497e+04 4.817434877647401714e-20 1.095935335494414981e-20
1.374144890285917245e+04 7.338989849722886686e-20 1.232139648602144459e-20
1.374781877088852161e+04 6.901337610353637011e-20 1.204097037213254091e-20
1.375418863112756480e+04 4.036512521128131409e-20 1.242919540487911349e-20
1.376055848354916816e+04 5.159433688230383835e-20 1.219986778504567693e-20
1.376692832813136920e+04 4.845006654659644429e-20 1.245036855186445881e-20
1.377329816484673029e+04 2.862106474420941156e-20 1.184013566855825330e-20
1.377966799367165004e+04 3.930915194425856092e-20 1.144727020781639489e-20
1.378603781458335470e+04 3.248463818499174166e-20 1.148118329082750548e-20
1.379255384143530500e+04 5.481732519527522842e-20 1.200503906802009108e-20
1.379892365336128387e+04 6.102882194011709854e-20 1.270510309953602422e-20
1.380529346177869229e+04 4.178905948518507383e-20 1.179058420169148281e-20
1.381166326223298893e+04 3.551510208270028547e-20 1.170445429753787877e-20
1.381803305464736331e+04 3.130429772547494971e-20 1.196186829798014727e-20
1.382440283899594397e+04 1.150638026193500348e-20 1.150991457446762800e-20
1.383077261525296126e+04 1.978762781497236585e-20 1.199146474274511122e-20
1.383714238339748772e+04 6.310866494367725920e-20 1.218561761065935970e-20
1.384351214340087608e+04 5.100152840700164971e-20 1.261299177859451610e-20
1.384988189524115842e+04 5.336882107914335134e-20 1.241138362789613229e-20
1.385625163889257237e+04 8.094751375077774794e-20 1.297580560595013966e-20
1.386262137433165844e+04 8.444299387081607302e-20 1.299011943223963701e-20
1.386899110153254151e+04 4.556623431000689044e-20 1.381536912942163055e-20
1.387536082047109630e+04 3.370974080604370161e-20 1.326098518541679995e-20
1.388173053112381422e+04 7.150834732372498003e-20 1.295293843090085763e-20
1.388810023346442904e+04 4.554775816162886160e-20 1.306364947144339987e-20
1.389446992746949218e+04 3.797225145732876706e-20 1.149072512230479727e-20
1.390083961311449275e+04 4.033890926482739165e-20 1.214871415894404738e-20
1.390720929037526912e+04 3.524870628272387157e-20 1.206681890469360624e-20
1.391357895922667558e+04 6.217159055209685358e-20 1.238703808551551548e-20
1.391994861964439406e+04 5.663202546522688931e-20 1.275629886367029950e-20
1.392631827160490138e+04 2.992709785154504955e-20 1.220666449548710361e-20
1.393268791508272625e+04 4.513004942386555428e-20 1.215683407315171238e-20
1.393905755005365972e+04 5.994547848447263739e-20 1.235208580820587350e-20
1.394542717649385486e+04 5.057365283846519734e-20 1.224503381128257579e-20
1.395179679432575904e+04 3.123601208823941923e-20 1.255966623502135810e-20
1.395831291017331569e+04 3.613362083765358813e-20 1.233908510397841587e-20
1.396468252227979792e+04 5.727805830320165117e-21 1.181267241201145777e-20
1.397105212575574296e+04 2.447974346821604279e-20 1.279868821556799552e-20
1.397742172057616699e+04 5.691661495902501022e-20 1.205039168636597688e-20
1.398379130671857638e+04 3.225464981702733803e-20 1.240472267483215645e-20
1.399016088415913509e+04 2.984358846695369947e-20 1.170908304630932247e-20
1.399653045287090572e+04 5.420898073128350458e-20 1.238263469190727771e-20
1.400290001283235688e+04 4.612215828078700816e-20 1.179817279272919083e-20
1.400926956401767529e+04 4.228590047267533025e-20 1.227113689630318828e-20
1.401563910640347240e+04 4.672342077206956012e-20 1.171787502620369194e-20
1.402200863996575026e+04 6.292934411728484768e-20 1.247909936016278444e-20
1.402837816467960874e+04 2.494765170016800932e-20 1.185175773675019930e-20
1.403474768052191575e+04 2.730765061837621587e-20 1.097389836800550005e-20
1.404111718746661427e+04 5.258469947356724661e-20 1.162244767632021047e-20
1.404748668549320610e+04 2.478862460128308017e-20 1.263796069599788714e-20
1.405385617457312946e+04 3.675414615059011851e-20 1.134995938560731917e-20
1.406022565468670655e+04 5.177036071092506755e-20 1.129598824122566838e-20
1.406659512580594310e+04 4.016027941203307506e-20 1.239222528840687836e-20
1.407296458790975157e+04 3.209699675512489170e-20 1.101292274458639741e-20
1.407933404097262428e+04 4.057444863375428926e-20 1.132694923374597580e-20
1.408570348497149644e+04 7.509997298567666651e-20 1.150284080558655979e-20
1.409207291988251745e+04 3.191236264409933980e-20 1.218056730048278391e-20
1.409844234567938656e+04 3.026931727489120511e-20 1.184432669713588448e-20
1.410481176234015038e+04 1.493248514139469308e-20 1.097237245776852954e-20
1.411118116984145308e+04 5.859225279375071449e-20 1.218367322145644209e-20
1.411755056815860189e+04 6.008877757018267186e-20 1.248312373544509649e-20
1.412391995726676578e+04 5.107558516594323345e-20 1.162382804619478908e-20
1.413028933714450068e+04 4.139394748953543186e-20 1.162164498483311915e-20
1.413665870776354132e+04 1.433743393415005266e-20 1.103115968353953429e-20
1.414302806910620347e+04 8.802661494848271886e-21 1.233817262247805913e-20
1.414939742114290857e+04 2.185528591035096818e-20 1.143003198399650353e-20
1.415576676385323663e+04 4.041004906676813037e-20 1.210209902305149568e-20
1.416213609721191096e+04 4.413576855835261482e-20 1.147293911112849830e-20
1.416850542119642523e+04 4.712127852420343926e-20 1.232238031848802439e-20
1.417487473578201207e+04 5.314785320578177441e-20 1.270953908418834425e-20
1.418124404094468264e+04 3.919236898602199503e-20 1.113365285172621508e-20
1.418761333666105929e+04 4.996191752596168417e-20 1.112046359023800850e-20
1.419398262290883576e+04 4.458729435469121979e-20 1.146703169982133938e-20
1.420035189966258622e+04 3.147043965567406545e-20 1.163431062435356616e-20
1.420672116689801987e+04 5.277624286901525969e-20 1.200827277910789720e-20
1.421309042459330703e+04 5.015589609122733609e-20 1.253494241313462912e-20
1.421945967272341841e+04 6.490741871020840844e-20 1.163571504891255361e-20
1.422582891126568575e+04 5.637792960035223165e-20 1.133108596565091361e-20
1.423219814019556725e+04 5.831685230685496732e-20 1.172419229638042898e-20
1.423856735948992900e+04 6.681138574123905571e-20 1.134959194785934608e-20
1.424493656912576262e+04 4.502450752186673692e-20 1.148365423193124330e-20
1.425130576907916293e+04 3.699346901877681787e-20 1.233966302917807913e-20
1.425767495932613201e+04 5.308892509880290628e-20 1.223095224804767330e-20
1.426404413984405073e+04 5.999030728265787962e-20 1.220447917930263015e-20
1.427041331060750235e+04 6.657484705668147007e-20 1.149865115995087674e-20
1.427678247159448256e+04 4.036671898393164487e-20 1.184568775052571599e-20
1.428315162278060234e+04 4.991596490905330265e-20 1.168930054928787477e-20
1.428952076414375006e+04 3.885776249694264785e-20 1.162143274673517162e-20
1.429588989565866723e+04 6.125988560553724376e-20 1.122898818254360866e-20
1.430225901730377700e+04 6.993066330793605680e-20 1.169494107263930077e-20
1.430862812905541250e+04 4.622454160987900618e-20 1.178786887825317478e-20
1.431499723088791143e+04 3.294310184733546517e-20 1.179555966992078886e-20
1.432136632278109573e+04 5.069796059818885623e-20 1.144373546297431269e-20
1.432773540470756052e+04 4.703987395611440780e-20 1.122349310034091038e-20
1.433410447664772619e+04 2.163329837220707402e-20 1.153956493785170415e-20
1.434047353857558846e+04 7.404407653827318392e-20 1.245158660519341833e-20
1.434684259047156047e+04 4.799792508312821890e-20 1.216139133744083001e-20
1.435321163230844832e+04 2.672787305239311349e-20 1.144269336525251437e-20
1.435958066406441321e+04 4.658424792214542275e-20 1.229974507344578374e-20
1.436594968571570826e+04 4.544918682588456004e-20 1.198652374201208669e-20
1.437231869723952332e+04 4.319787605494267175e-20 1.198519702905985110e-20
1.437868769861170586e+04 2.583227704768781650e-20 1.197535267046685817e-20
1.438505668981026247e+04 5.113457897255380128e-20 1.282042281338755782e-20
1.439142567081160450e+04 2.660166236056327490e-20 1.229074032867972272e-20
1.439779464159296913e+04 1.392887453856499410e-20 1.140399583590279007e-20
1.440416360212818290e+04 5.657004871581847690e-20 1.140491476774374690e-20
1.441053255239881582e+04 5.409518070989403892e-20 1.171572642542698656e-20
1.441690149237831065e+04 4.231049431007616224e-20 1.181043309420967138e-20
1.442327042204445388e+04 3.939863888603507705e-20 1.199088955429564998e-20
1.442963934137433171e+04 5.495374537207218915e-20 1.165473298700253081e-20
1.443600825034351328e+04 3.504171241822095066e-20 1.240700576399286132e-20
1.444237714893081829e+04 4.303799244598650557e-20 1.258002998896754712e-20
1.444874603711247619e+04 6.390980890504236525e-20 1.245854548103093322e-20
1.445511491486412160e+04 5.447664240054325569e-20 1.243349341674881566e-20
1.446148378216546371e+04 3.809307569550904338e-20 1.171849159071935732e-20
1.446785263899112033e+04 4.611133076152157070e-20 1.148686746653139471e-20
1.447422148531767743e+04 3.658804500831071250e-20 1.166037990420430976e-20
1.448059032112559908e+04 3.999354685422731129e-20 1.251406599618454091e-20
1.448695914638715112e+04 4.811087152204997404e-20 1.234275500396269015e-20
1.449332796108219554e+04 3.033001246035785742e-20 1.215098986479798839e-20
1.449969676518735287e+04 3.071128948858105671e-20 1.147008018800610650e-20
1.450606555867941825e+04 1.686137938024020904e-20 1.081536715144149417e-20
1.451243434153538874e+04 1.536183082200436739e-20 1.139762416522505146e-20
1.451880311373341465e+04 4.506833286883163348e-20 1.183993632458257851e-20
1.452517187524717519e+04 4.047449697755826522e-20 1.214562638978780691e-20
1.453154062605924992e+04 6.023084141680442454e-20 1.252165307453013262e-20
1.453790936614236489e+04 6.655881736891874578e-20 1.314445868933217716e-20
1.454427809547479410e+04 2.772929669514279142e-20 1.227452226283105679e-20
1.455064681403466966e+04 5.167141379550704327e-20 1.116400405209567529e-20
1.455701552179701503e+04 5.550047695581354249e-20 1.266898340097550371e-20
1.456338421874087362e+04 6.598186531221283418e-20 1.303180718829973009e-20
1.456975290484376092e+04 5.278263425097481231e-20 1.170320240253526911e-20
1.457612158008066945e+04 4.728069274252995686e-20 1.181315495977071500e-20
1.458249024443145026e+04 4.225756704744620495e-20 1.181832604389495897e-20
1.458885889787137967e+04 2.174386748356382403e-20 1.151101338787618363e-20
1.459522754037939922e+04 5.233360593341136937e-20 1.236999098147091292e-20
1.460159617192983387e+04 4.173752326097623267e-20 1.225639358210909644e-20
1.460796479250362427e+04 5.267600387723189387e-20 1.206310557233082573e-20
1.461433340207492438e+04 5.576872278449272675e-20 1.211607572188779988e-20
1.462070200062370168e+04 6.282449350811055844e-20 1.335407939583774649e-20
1.462707058812619834e+04 4.354821354229055637e-20 1.294641937568420227e-20
1.463343916455812905e+04 3.091538200832818447e-20 1.322138550897720195e-20
1.463980772989957950e+04 4.165680392672342519e-20 1.322105160621353656e-20
1.464617628412519116e+04 2.144185111622467650e-20 1.140217881923103557e-20
1.465254482721552267e+04 1.847267223382191431e-20 1.203821235618870037e-20
1.465891335914513547e+04 2.882946259049240774e-20 1.260784354364763246e-20
1.466528187989350772e+04 5.200724403757002774e-20 1.307541064108938560e-20
1.467165038943639229e+04 4.515935599206775409e-20 1.390748043655287132e-20
1.467801888775165753e+04 4.748972688042540330e-20 1.269361514946470262e-20
1.468438737481800854e+04 5.771465489142351932e-20 1.288030732318447020e-20
1.469075585061121092e+04 5.023494635274390624e-20 1.243783391184026390e-20
1.469712431510879833e+04 3.347851462324553770e-20 1.297624837272192622e-20
1.470364056814307878e+04 4.240382793079297610e-20 1.272363950475020306e-20
1.471000902111399409e+04 6.772907777257711744e-20 1.295505627159089190e-20
1.471637746277106999e+04 5.649856132685334725e-20 1.291411096127237925e-20
1.472274589304166875e+04 3.561967206943061262e-20 1.136781031504203554e-20
1.472911431190408075e+04 2.578801329614188199e-20 1.253003924713805423e-20
1.473548271933311662e+04 2.110547689391968319e-20 1.213693987447114010e-20
1.474185111530999166e+04 3.856961297749981452e-20 1.200269837049622441e-20
1.474821949981066427e+04 3.431943109090250976e-20 1.262928304733831556e-20
1.475458787281073455e+04 3.559107036982229970e-20 1.286298773961836002e-20
1.476095623429147963e+04 2.889657431869020194e-20 1.269427605330020696e-20
1.476732458422815580e+04 1.526073581038908395e-20 1.237443456223015668e-20
1.477369292259954636e+04 4.253542939154638728e-20 1.249133102960132434e-20
1.478006124938299945e+04 6.157420326745739243e-20 1.156704250348367718e-20
1.478642956455538115e+04 4.952869281812920502e-20 1.166060762110455851e-20
1.479279786809552024e+04 5.520456433155757391e-20 1.284590391153070028e-20
1.479916615997922236e+04 2.849061826769650416e-20 1.221670502740013410e-20
1.480553444018824848e+04 3.791123812903763243e-20 1.182696412864339961e-20
1.481190270869662527e+04 1.823370291403256306e-20 1.306586459388981157e-20
1.481827096548174268e+04 2.720806677642670964e-20 1.198321091654990275e-20
1.482463921052465957e+04 2.136737733280829552e-20 1.235428058890684819e-20
1.483100744380025571e+04 2.934353530047554060e-20 1.242785507907944512e-20
1.483737566528840398e+04 4.955442466766334507e-20 1.204876825306556423e-20
1.484374387496612508e+04 5.292041861017926833e-20 1.293722512086768881e-20
1.485011207280999952e+04 5.284110392623022267e-20 1.290407575083485066e-20
1.485648025879985289e+04 4.920689571792305691e-20 1.260022779863137565e-20
1.486284843291201469e+04 7.299494793452806471e-20 1.313766726240765523e-20
1.486921659512641054e+04 5.157600677266404822e-20 1.274219615776426675e-20
1.487558474541792020e+04 6.195765345714050083e-20 1.200880893992214876e-20
1.488195288376781355e+04 4.874359962284661854e-20 1.208454907408227707e-20
1.488832101009688631e+04 5.986847313378301000e-20 1.261156581725160085e-20
1.489483725898576631e+04 5.243520701847544048e-20 1.202191316129284618e-20
1.490120537249931840e+04 3.377633855589277725e-20 1.255021618850069292e-20
1.490757347398029560e+04 3.055980136697001092e-20 1.283222831583831058e-20
1.491394156340572226e+04 4.908708730453409840e-20 1.230820603037094304e-20
1.492030964075301927e+04 7.894206859936806952e-20 1.278153611588988345e-20
1.492667770600263975e+04 7.398222170549419091e-20 1.330729051566015539e-20
1.493304575912890505e+04 2.073633622197532828e-20 1.320481550883714325e-20
1.493941380011369620e+04 2.972154325266011640e-20 1.231719648681045043e-20
1.494578182893147459e+04 2.176907248702073677e-20 1.275429628374362850e-20
1.495214984556257150e+04 3.079349516423860819e-20 1.193712409491682111e-20
1.495851784998372386e+04 3.577507197161671889e-21 1.230517605891087028e-20
1.496488584217478819e+04 5.397510993162811883e-20 1.282987116337981166e-20
1.497125382211334181e+04 3.639614416036411025e-20 1.247331154355221790e-20
1.497762178977448093e+04 1.501250235151354950e-20 1.215952801395647964e-20
1.498398974513985195e+04 3.445663012907426170e-20 1.257212072567842726e-20
1.499035768818807810e+04 4.024711320731476018e-20 1.151735540695508518e-20
1.499672561889497229e+04 6.392379457893879746e-20 1.206116339052235310e-20
1.500309353723967797e+04 8.424025112401877885e-20 1.265637695405298384e-20
1.500946144320005988e+04 5.384383611421792721e-20 1.148734408674949348e-20
1.501582933675354252e+04 5.497683976620683032e-20 1.150548037392016697e-20
1.502219721788031711e+04 5.123516920469903768e-20 1.217473141443785501e-20
1.502856508655837570e+04 3.251955039294950203e-20 1.145126208079566864e-20
1.503493294276411143e+04 1.905502639657154326e-20 1.163071511666214425e-20
1.504130078647604023e+04 6.579084211959017289e-20 1.217709665101558258e-20
1.504766861767321097e+04 6.143835992960173554e-20 1.255572024740377205e-20
1.505403643633542742e+04 4.767700839021418846e-20 1.220666031240476888e-20
1.506040424243866437e+04 6.908902365934785528e-20 1.230934152955872739e-20
1.506677203596121944e+04 2.952097432289617002e-20 1.291860894364852193e-20
1.507313981688182139e+04 5.803067762845019527e-20 1.281723858868108476e-20
1.507950758518109978e+04 5.388538907331046906e-20 1.219923357344454661e-20
1.508587534083468381e+04 4.576663510825581254e-20 1.241974925025549712e-20
1.509224308382147683e+04 2.344155505671426018e-20 1.170366923125180511e-20
1.509861081412099156e+04 4.622427553128933342e-20 1.235339735293122256e-20
1.510497853170900089e+04 3.366509574409318094e-20 1.183782635412253576e-20
1.511134623656641270e+04 6.131195939895993378e-20 1.155595330534493808e-20
1.511771392866977658e+04 4.447268976120425443e-20 1.092252793572158887e-20
1.512408160800053702e+04 4.881310632083192774e-20 1.132167040044908112e-20
1.513044927453427590e+04 1.463934223361298971e-20 1.097061124481840386e-20
1.513681692825098617e+04 4.321833015773242322e-20 1.159945130175583652e-20
1.514318456912861075e+04 2.270661709840397382e-20 1.206590191652128126e-20
1.514955219714376472e+04 3.543099313159781825e-20 1.153297384916139369e-20
1.515591981227636825e+04 3.514223621661388570e-20 1.150994406514289237e-20
1.516228741450715461e+04 3.399094650619100642e-20 1.156068019008252126e-20
1.516865500381191123e+04 3.803439290040044733e-20 1.130776673623056547e-20
1.517502258016982159e+04 5.098265633436590974e-20 1.260992419535972107e-20
1.518139014355949803e+04 2.391251626501736327e-20 1.211941654138115530e-20
1.518775769395971656e+04 3.794078499590028543e-20 1.224204617622124159e-20
1.519412523134890944e+04 6.910524937661952934e-20 1.251229129037679195e-20
1.520049275570637110e+04 6.505769325429407309e-20 1.186251981977571568e-20
1.520686026700918956e+04 4.137207920616645028e-20 1.193011770321508708e-20
1.521322776523595530e+04 3.889133891726633004e-20 1.258021323150828534e-20
1.521959525036674495e+04 4.076208027445740050e-20 1.135091498840534174e-20
1.522596272238060192e+04 4.923834096425939676e-20 1.211083007017861164e-20
1.523233018125526178e+04 4.143255212531692442e-20 1.163014379739900191e-20
1.523869762696723774e+04 3.646708050621039897e-20 1.168148538092850407e-20
1.524506505949904749e+04 6.054689802170185160e-21 1.111558251270321526e-20
1.525143247882770083e+04 2.141202465134344239e-20 1.236235373128893537e-20
1.525779988492990196e+04 5.155105329264524255e-20 1.185238640836343187e-20
1.526416727778691711e+04 3.985741895332067484e-20 1.108458647913222903e-20
1.527053465737693296e+04 5.400281543544585140e-20 1.239896336251683508e-20
1.527690202367961683e+04 4.706394749453763090e-20 1.116090317873935685e-20
1.528326937667240963e+04 7.600842741179044371e-20 1.230437577625004366e-20
1.528963671633341073e+04 8.307695919356769796e-20 1.150449960058801474e-20
1.529600404264339340e+04 5.176703757964625061e-20 1.193989982695244626e-20
1.530237135558003320e+04 1.013824028225712195e-20 1.212105388363070882e-20
1.530873865512104203e+04 4.910789192562515969e-20 1.169288401138927091e-20
1.531510594124554154e+04 8.062925793729108423e-20 1.223754597500844083e-20
1.532147321393428683e+04 5.953589885241350186e-20 1.228419086916417195e-20
1.532784047316568285e+04 4.359903509956642563e-20 1.138283800626312551e-20
1.533420771891805816e+04 5.492189640138123915e-20 1.102182575376923958e-20
1.534057495117028702e+04 5.035044427852203420e-20 1.233941701831174547e-20
1.534694216989908273e+04 2.677854817835299390e-20 1.171338916039076421e-20
1.535330937508723400e+04 2.200903924584390637e-20 1.096965750539722398e-20
1.535967656671096665e+04 4.029267496481205533e-20 1.202360498233259494e-20
1.536604374475112309e+04 4.717550826475898497e-20 1.241053265300730890e-20
1.537241090918524060e+04 4.878635489453892796e-20 1.092291201134045404e-20
1.537877805999273551e+04 4.842577960616525002e-20 1.209720270419467924e-20
1.538514519715058486e+04 7.162119690719502918e-20 1.177536271576355183e-20
1.539151232063973293e+04 2.270436681886515496e-20 1.124389186181685919e-20
1.539787942080182074e+04 4.834892996022460499e-20 1.147727780466468168e-20
1.540424637599619382e+04 5.278849456655262268e-20 1.176182567378138491e-20
1.541061331746072028e+04 4.031049235042662091e-20 1.172450935459724989e-20
1.541698024517304111e+04 2.852577690152283087e-20 1.184936724241373021e-20
1.542334715911166131e+04 1.330654640672028316e-20 1.162114070606429426e-20
1.542971405925658473e+04 5.029784143880993259e-20 1.188911253494658368e-20
1.543608094558764060e+04 5.194012697364274960e-20 1.175379184046389139e-20
1.544244781808096377e+04 5.191337617434487379e-20 1.244454114564252623e-20
1.544881467671982864e+04 3.708325565524519367e-20 1.236671680029035026e-20
1.545518152148133595e+04 5.088630921784735972e-20 1.162484400783404913e-20
1.546154835234416532e+04 2.789152028026887217e-20 1.182914970641278484e-20
1.546791516928789497e+04 6.197807404765759083e-20 1.213749172508127779e-20
1.547428197229065518e+04 5.800198689934860710e-20 1.148245184198869005e-20
1.548064876133339931e+04 7.534688034327475449e-20 1.215613986500514599e-20
1.548701553639525810e+04 7.858359468834965154e-20 1.181984248241650675e-20
1.549338229745263561e+04 5.172829597541033388e-20 1.241601374057872121e-20
1.549974904448773123e+04 4.598697800729996438e-20 1.220922505401335868e-20
1.550611577747735464e+04 5.253024051478660921e-20 1.181870520036491008e-20
1.551248249640306312e+04 5.389450977442459886e-20 1.196628978529043334e-20
1.551884920124414202e+04 3.662929980766443997e-20 1.184286917004167371e-20
1.552521589197667890e+04 6.792348713338915857e-20 1.207827371686819103e-20
1.553158256858173809e+04 4.636937236923164834e-20 1.140538080842260892e-20
1.553794923103994006e+04 6.856017761994447637e-20 1.120530358989281696e-20
1.554431587932849652e+04 7.066544004344684182e-20 1.100845420786557806e-20
1.555068251342847543e+04 4.174750221942413638e-20 1.225321734666865274e-20
1.555704913331827083e+04 5.240122711086056917e-20 1.065409785713082840e-20
1.556341573897840135e+04 3.357544500431758381e-20 1.123505029914052682e-20
1.556978233038508733e+04 6.508275374855568065e-20 1.156398755443424633e-20
1.557614890752134488e+04 6.357324720991188963e-20 1.233868515209904993e-20
1.558251547036287047e+04 5.768248717564617666e-20 1.222185942179391169e-20
1.558888201889310949e+04 6.524408081185482808e-20 1.139361137335852574e-20
1.559524855308615224e+04 3.204185826184730999e-20 1.130036650720692123e-20
1.560161507292844908e+04 3.945581698331168158e-20 1.162390137989507459e-20
1.560798157839353735e+04 6.707927328122452737e-20 1.173593410410367639e-20
1.561434806946078425e+04 4.590065940716342786e-20 1.173217986978145897e-20
1.562071454611346962e+04 7.122116782036201313e-20 1.209356749214659665e-20
1.562708100832910532e+04 1.117586807467664428e-19 1.211000248912157077e-20
1.563344745608728772e+04 9.616449472689552380e-20 1.205879542742766568e-20
1.563981388936849908e+04 1.149110376091580215e-19 1.383622009622433451e-20
1.564618030814870872e+04 6.621175239098677618e-20 1.287466231245819886e-20
1.565254671241193682e+04 6.418362068829882066e-20 1.254658602466156867e-20
1.565891310213352335e+04 6.889110218570219655e-20 1.262893934413095253e-20
1.566527947729706648e+04 7.463291015210610290e-20 1.185795926065547811e-20
1.567164583787764786e+04 5.517545515260906422e-20 1.237989471442489152e-20
1.567801218385935863e+04 5.207774505998097887e-20 1.178923622238138113e-20
1.568437851521855555e+04 2.969730155647964112e-20 1.215720087262368414e-20
1.569074483193671767e+04 3.798703665437182127e-20 1.244935972662951922e-20
1.569711113399021997e+04 3.641345696299557371e-20 1.214715759446296886e-20
1.570347742136309535e+04 7.002077880141437985e-20 1.209097061623181149e-20
1.570984369403174423e+04 6.194405226677930910e-20 1.265066637905586931e-20
1.571620995197654884e+04 6.642596609910442703e-20 1.275761029888282873e-20
1.572257619517728381e+04 3.417009660857243440e-20 1.243700962302355190e-20
1.572894242361371653e+04 3.273523664012502322e-20 1.195070348940696448e-20
1.573530863726545795e+04 4.093978147415976722e-20 1.172653407993666675e-20
1.574167483611180251e+04 5.972998998563013471e-20 1.195756923673663231e-20
1.574804102013274314e+04 2.955016414237119578e-20 1.200114766352893636e-20
1.575440718931013180e+04 7.833814096304604968e-20 1.196834275924004128e-20
1.576077334361827889e+04 9.890027620156387345e-20 1.232961587780808423e-20
1.576713948304185396e+04 7.860682529663973193e-20 1.102649713886157910e-20
1.577350560755778315e+04 7.726231229070106420e-20 1.280735651470738591e-20
1.577987171714789292e+04 6.507462546662652072e-20 1.348620241553790000e-20
1.578623781178969693e+04 7.672803122215610453e-20 1.246048463415521114e-20
1.579260389146376292e+04 5.617299712416149265e-20 1.195523158610058838e-20
1.579896995615019659e+04 5.539543293002123493e-20 1.316068058003075305e-20
1.580533600582873260e+04 7.272439561402244732e-20 1.220184037878088161e-20
1.581170204047902553e+04 7.720254639397433990e-20 1.290833923221751408e-20
1.581806806008181775e+04 5.718472129861247210e-20 1.205788529491764311e-20
1.582443406461457562e+04 5.535746658171053477e-20 1.255504750807118979e-20
1.583094977434214888e+04 6.583506951867786455e-20 1.275907165809401880e-20
1.583731575951146624e+04 4.868781075894167916e-20 1.282523211446736926e-20
1.584368172960188349e+04 7.643604232368798486e-20 1.309087151694125368e-20
1.585004768454374607e+04 9.053831114710311114e-20 1.348381301272497284e-20
1.585641362431267044e+04 6.766041421170240920e-20 1.256276753299431702e-20
1.586277954889047760e+04 8.330231623635564622e-20 1.331947152142288380e-20
1.586914545825804998e+04 9.318022996483577858e-20 1.346749020892274479e-20
1.587551135239556243e+04 7.543048756629474164e-20 1.340719089946666001e-20
1.588187723128178732e+04 7.327702711895972240e-20 1.289307472701157712e-20
1.588824309489434745e+04 7.691637922978692685e-20 1.210017575831054475e-20
1.589460894321525666e+04 4.393795743590304971e-20 1.186390940658263911e-20
1.590097477622470069e+04 7.933426501769158731e-20 1.237920204705466034e-20
1.590734059390261245e+04 6.308198725499935540e-20 1.226214088200871588e-20
1.591370639622877752e+04 2.969463642202315227e-20 1.248520114162089059e-20
1.592007218318314881e+04 4.710592340025719441e-20 1.221043990669136027e-20
1.592643795474594299e+04 5.077531534582113660e-20 1.256660738896762131e-20
1.593280371089713481e+04 3.225641245465935124e-20 1.182436319173426350e-20
1.593916945161762487e+04 6.708750924869193198e-20 1.286361280956164493e-20
1.594553517688529246e+04 8.884865546756871009e-20 1.207321851369768897e-20
1.595190088668468707e+04 9.398975359721404492e-20 1.250107069833381081e-20
1.595826658099149972e+04 6.410988153074224740e-20 1.269735895608964316e-20
1.596463225978450100e+04 7.293228648329036336e-20 1.314480775011179760e-20
1.597099792304591392e+04 7.145475080208052938e-20 1.246923797684922306e-20
1.597736357075819615e+04 9.730163940133504544e-20 1.342164652445579932e-20
1.598372920289709145e+04 9.959109012552577525e-20 1.300828364153216747e-20
1.599009481944470281e+04 6.961669392277718912e-20 1.261517991312471345e-20
1.599646042038105043e+04 1.132364133302989468e-19 1.352202465879571263e-20
1.600282600568654925e+04 1.288100546378482072e-19 1.335977963840930908e-20
1.600919157534240549e+04 7.594308440427363374e-20 1.314943414811981478e-20
1.601555712932971983e+04 1.188682956763902252e-19 1.392025753557060533e-20
1.602192266762301188e+04 8.642113115979037622e-20 1.337867600368630578e-20
1.602828819020599622e+04 7.171574129371498854e-20 1.313958761036403625e-20
1.603465369705887133e+04 1.007429264631146908e-19 1.366091384337648703e-20
1.604101918816394573e+04 1.024570371073463325e-19 1.319896606362902102e-20
1.604738466349679584e+04 8.862526935974431334e-20 1.283825180319236383e-20
1.605375012304230040e+04 4.413015431981825917e-20 1.205955725107231291e-20
1.606011556677630324e+04 6.740271372553686557e-20 1.246837351367200156e-20
1.606648099468118744e+04 4.710393744492255283e-20 1.245157796433755431e-20
1.607284640668630527e+04 3.625062509493673804e-20 1.253816005822447725e-20
1.607936194660068759e+04 6.262831408218305106e-20 1.218113755332486041e-20
1.608572733772821812e+04 4.692272687704916332e-20 1.194360494320491565e-20
1.609209271294625250e+04 3.977222515894343707e-20 1.243240817057162379e-20
1.609845807223485281e+04 3.916420097687351296e-20 1.146103238760095612e-20
1.610482341557557993e+04 4.259376385136046030e-20 1.139427059665487421e-20
1.611118874294890520e+04 9.120949897752581753e-20 1.237803105040657751e-20
1.611755405433395208e+04 9.339550090779398976e-20 1.260249978377678683e-20
1.612391934970859802e+04 5.548357178473322767e-20 1.177006864529353393e-20
1.613028462905659217e+04 7.564661599527847619e-20 1.305617339258328536e-20
1.613664989235852772e+04 3.942132389384769852e-20 1.257212691578529688e-20
1.614301513959125259e+04 8.992719849470953288e-20 1.358599060206730323e-20
1.614938037073740270e+04 1.190284059206069752e-19 1.345076235689211550e-20
1.615574558577943571e+04 8.477263599553870397e-20 1.228578941814900376e-20
1.616211078469460153e+04 8.272810878964603381e-20 1.193908979294767329e-20
1.616847596746327872e+04 8.893375688443238557e-20 1.258468193508669323e-20
1.617484113407168843e+04 9.167343760545187712e-20 1.346515013506764122e-20
1.618120628449063406e+04 1.018826647669449418e-19 1.276593645776280828e-20
1.618757141870550186e+04 9.757061142860849719e-20 1.274130887685074555e-20
1.619393653669794367e+04 1.454569537697964962e-19 1.233704233435531701e-20
1.620030163844606432e+04 1.218006368369294861e-19 1.264358263330422957e-20
1.620666672393714180e+04 8.986806850250706506e-20 1.288346021632992885e-20
1.621303179314002409e+04 9.204368050176942457e-20 1.270013973905148208e-20
1.621939684604356262e+04 1.341216081915465201e-19 1.298364421663746374e-20
1.622576188262353207e+04 1.590580212155022889e-19 1.283966550356882511e-20
1.623212690286272482e+04 1.354705972245024240e-19 1.342318908912199959e-20
1.623849190674379497e+04 1.333180598144836595e-19 1.233173689645711078e-20
1.624485689424407065e+04 1.027471434568098757e-19 1.245877694716258832e-20
1.625122186534641696e+04 1.039551182879422951e-19 1.258345769748087221e-20
1.625758682003020840e+04 1.069100734160832795e-19 1.258666589586378833e-20
1.626395175827570529e+04 7.875593280541622226e-20 1.259956170739220703e-20
1.627031668006136351e+04 8.121016288512303723e-20 1.245724896766833560e-20
1.627668158537139061e+04 8.650627480218375915e-20 1.273356649509515449e-20
1.628304647418634704e+04 7.983939454634449821e-20 1.257785701404103092e-20
1.628941134648671141e+04 9.119055291761792269e-20 1.224038877343777323e-20
1.629577620224827115e+04 7.236579016708296054e-20 1.088291675684479538e-20
1.630214104145544661e+04 6.720003310901230556e-20 1.124640658428412724e-20
1.630850586409123389e+04 3.731802263877488954e-20 1.228550334838084825e-20
1.631487067013388332e+04 5.514607581845015968e-20 1.266541154934282996e-20
1.632123545956136513e+04 8.597602233277061802e-20 1.112127242041513033e-20
1.632760023236300913e+04 6.186342654893316970e-20 1.179987301891313113e-20
1.633396498850755052e+04 6.448809110344790299e-20 1.343019648754290463e-20
1.634032972798283845e+04 9.425731586516416745e-20 1.387544419430889552e-20
1.634669445076703232e+04 7.523779441884727151e-20 1.196426394301475521e-20
1.635305915684437787e+04 9.209093156541120101e-20 1.229525410490561921e-20
1.635942384619102268e+04 6.848987753552573047e-20 1.202990421129829517e-20
1.636578851879367176e+04 7.320549567377338036e-20 1.231187093796430091e-20
1.637215317462825806e+04 9.637148641259191251e-20 1.288926695028084462e-20
1.637851781367642070e+04 9.655448561821610719e-20 1.274409760728799539e-20
1.638488243591677747e+04 1.434585474679292991e-19 1.253776165368833950e-20
1.639124704133375781e+04 8.712686205437878625e-20 1.272797924279988330e-20
1.639761162991055244e+04 1.223208469572493782e-19 1.301661624734277079e-20
1.640397620162179373e+04 1.210719731181596597e-19 1.269769648781156951e-20
1.641034075644934273e+04 1.048755741398989187e-19 1.288310958291316818e-20
1.641670529437426376e+04 7.478542074885047256e-20 1.423922267899391940e-20
1.642306981538344553e+04 1.229648128433456223e-19 1.360280771913582839e-20
1.642943431944917393e+04 1.316815237564545771e-19 1.342887144387088059e-20
1.643579880655696252e+04 1.151975328749771479e-19 1.263695388578257886e-20
1.644216327668652957e+04 1.619207302963926460e-19 1.289379199968175512e-20
1.644852772981765520e+04 1.324566509998711005e-19 1.289286914545165170e-20
1.645489216593360470e+04 1.203340855748342993e-19 1.318829878041587361e-20
1.646125658501404905e+04 1.187664001373281935e-19 1.258145415765876262e-20
1.646762098703832453e+04 1.095918780627376084e-19 1.287986698892133397e-20
1.647398537199009297e+04 1.043582496351536874e-19 1.213342968826147575e-20
1.648034973984907265e+04 7.310932990335888803e-20 1.192059541567281198e-20
1.648671409059489815e+04 8.777772468342823806e-20 1.242156043639875494e-20
1.649307842421335954e+04 9.127135193892641053e-20 1.218814311563812723e-20
1.649944274067658625e+04 9.449511366559455391e-20 1.249564864813912908e-20
1.650580703997443925e+04 9.225974663957221608e-20 1.267438991736585278e-20
1.651217132208291150e+04 9.637239658633256532e-20 1.292933598082854323e-20
1.651853558698420238e+04 1.116134951810107039e-19 1.292066464823109389e-20
1.652489983465787009e+04 1.039621520098000228e-19 1.242436133501609826e-20
1.653126406508739092e+04 1.077049676649664645e-19 1.283937814668571910e-20
1.653762827825269778e+04 9.047135303822953786e-20 1.318979513008928347e-20
1.654399247413600824e+04 1.415457738643573207e-19 1.370718953380577074e-20
1.655035665271585458e+04 1.248739330970334700e-19 1.308814348107130142e-20
1.655672081397303555e+04 9.665449954475939330e-20 1.263361901215727247e-20
1.656308495789367953e+04 8.804159560138323609e-20 1.255964412920810471e-20
1.656944908445147666e+04 1.066244207905101906e-19 1.298121726296985080e-20
1.657581319362993963e+04 1.449910748467835181e-19 1.342860170030491825e-20
1.658217728541387260e+04 1.207282571464910101e-19 1.308580993836161574e-20
1.658854135978285558e+04 9.851410208746356532e-20 1.269315570234172552e-20
1.659490541671565734e+04 1.098940261997115119e-19 1.248715134450007029e-20
1.660126945619595790e+04 9.660176612583677973e-20 1.129989200321720685e-20
1.660763347820230047e+04 4.928657526934962933e-20 1.385381547014526754e-20
1.661399748271706267e+04 6.954267304304283185e-20 1.418901945437687942e-20
1.662036146972108691e+04 9.975717712395938534e-20 1.415357073540922050e-20
1.662672543919448435e+04 4.450085341804958132e-20 1.258140375680598458e-20
1.663308939112348162e+04 4.300930047269924779e-20 1.163665695829770516e-20
1.663945332548415536e+04 6.040733705304366713e-20 1.189123213214930607e-20
1.664581724225513244e+04 4.405055503905224035e-20 1.037869139245016758e-20
1.665218114142486957e+04 3.644189353950588990e-20 1.046661140605799728e-20
1.665854502296975625e+04 3.146648797109844660e-20 1.175932869999476519e-20
1.666490888687227925e+04 3.298016949448410427e-20 1.186688030914740649e-20
1.667127273311486715e+04 5.786682791340038866e-20 1.205076927470688120e-20
1.667763656167747104e+04 8.365442969626703829e-20 1.258531256407971486e-20
1.668400037253973278e+04 6.888159000560263904e-20 1.248948686310348400e-20
1.669036416568440472e+04 1.171743328030686732e-19 1.256711504648795027e-20
1.669672794109147435e+04 9.999341498147124218e-20 1.271978476692501277e-20
1.670309169874471991e+04 1.011158881276862593e-19 1.261252724077861388e-20
1.670945543862666455e+04 1.190241069044059497e-19 1.229294486395616160e-20
1.671581916071448723e+04 9.146698161977686776e-20 1.293221545542904009e-20
1.672218286498964153e+04 1.164769781079617625e-19 1.291664080404166902e-20
1.672854655143347190e+04 1.034738990388866240e-19 1.270410300456423347e-20
1.673491022003237595e+04 1.419724282519023921e-19 1.353771909808227399e-20
1.674127387075993101e+04 9.027872021712836669e-20 1.360195343577478207e-20
1.674763750360495760e+04 8.965801734604505306e-20 1.279013925536005332e-20
1.675400111854114948e+04 1.212993963323589031e-19 1.329030738125205885e-20
1.676036471555768730e+04 1.506156988821346899e-19 1.346466852096244479e-20
1.676672829462811569e+04 1.446090843697849279e-19 1.351170600962040036e-20
1.677309185574153162e+04 1.367395122430556350e-19 1.317957421331765963e-20
1.677945539887138148e+04 1.030635189085774018e-19 1.319613791592943383e-20
1.678581892400677680e+04 1.252854574032694397e-19 1.316054063836909691e-20
1.679218243112276468e+04 1.450059997526464684e-19 1.269973694340377694e-20
1.679854592020721611e+04 1.280239913251240733e-19 1.232766598149601664e-20
1.680490939123109274e+04 1.459268517329334655e-19 1.248460273971923766e-20
1.681127284418612180e+04 1.111503492346372306e-19 1.320251889373439608e-20
1.681763627904833629e+04 1.265553464701551458e-19 1.279379498352441730e-20
1.682399969580461766e+04 1.232336460630259319e-19 1.252111187242980731e-20
1.683036309442724450e+04 1.473296427984897270e-19 1.262721236222306361e-20
1.683672647490675081e+04 1.330249891399931029e-19 1.384562473390151956e-20
1.684308983721675031e+04 1.202593967466388026e-19 1.346120817670017402e-20
1.684945318134363333e+04 1.236804036191082900e-19 1.374129443246146790e-20
1.685581650726781299e+04 1.435432972627157191e-19 1.377264317405617820e-20
1.686217981497207438e+04 1.233677309085847156e-19 1.285111229606843179e-20
1.686854310443921713e+04 1.371884647491343307e-19 1.365994670208825011e-20
1.687490637564412464e+04 1.619932068058783856e-19 1.383140785346579195e-20
1.688126962857208127e+04 1.119575405975464046e-19 1.315313331050228361e-20
1.688763286320592670e+04 1.242830083297897002e-19 1.336642370157542151e-20
1.689399607952599399e+04 1.243623201569538602e-19 1.295128257217161961e-20
1.690035927751511554e+04 1.525907109232660127e-19 1.360940548417236850e-20
1.690672245715214012e+04 1.230615598505875678e-19 1.428123498466768598e-20
1.691308561841860501e+04 1.310859398078923106e-19 1.342018958713866102e-20
1.691944876129843033e+04 1.172651618962535927e-19 1.317772152047859721e-20
1.692581188576815475e+04 1.388720273942065848e-19 1.347344900568974400e-20
1.693217499182259780e+04 1.564477699779942041e-19 1.334536059872970599e-20
1.693853807942870844e+04 1.273608664256255800e-19 1.296995750073871299e-20
1.694490114857205117e+04 1.253680270997904566e-19 1.314462290633139038e-20
1.695126419923670255e+04 1.296135590013071220e-19 1.250619901571062373e-20
1.695762723140428716e+04 1.228633071221900048e-19 1.189869733571467519e-20
1.696399024505389389e+04 1.138435729365319759e-19 1.290191012064730096e-20
1.697035324016442974e+04 1.208857017845656537e-19 1.322943415251452565e-20
1.697671621672819674e+04 1.387603613188853473e-19 1.354338330617330360e-20
1.698307917471746259e+04 1.100392976295585955e-19 1.284719046017420231e-20
1.698944211411493234e+04 1.230794931012676484e-19 1.376459931549403119e-20
1.699580503490519186e+04 1.194950585827345653e-19 1.337678163816755738e-20
1.700216793707258694e+04 1.097740552722462045e-19 1.335754312190266079e-20
1.700853082058803557e+04 1.231763396663497625e-19 1.292219708568470859e-20
1.701489368544124591e+04 1.423776846435080322e-19 1.276328577139579009e-20
1.702125653161652008e+04 1.269999680665402757e-19 1.280928703645082143e-20
1.702761935908868327e+04 1.133170161693918366e-19 1.245750354367291349e-20
1.703398216784098258e+04 1.116907523499657345e-19 1.336490622459205952e-20
1.704034495785781473e+04 1.001304215664824083e-19 1.350597615175503653e-20
1.704670772911818858e+04 1.228187607143758398e-19 1.315159055747150271e-20
1.705307048160920021e+04 1.307534650357004028e-19 1.319783001797955492e-20
1.705943321530840331e+04 1.498732781740066835e-19 1.331251261750847757e-20
1.706579593019618187e+04 1.145766974551097771e-19 1.283176095453511506e-20
1.707215862625169393e+04 8.568012323389440446e-20 1.262242072901621337e-20
1.707852130346483682e+04 1.181378398825712411e-19 1.300433078865672126e-20
1.708488396181192002e+04 1.240537954700188923e-19 1.350229850673071747e-20
1.709124660127606330e+04 1.128489967881223922e-19 1.370364636225512423e-20
1.709760922184023366e+04 1.137525919929142457e-19 1.261205648345134702e-20
1.710397182348084971e+04 1.024387257693994461e-19 1.289479829580546123e-20
1.711033440618934765e+04 1.109552292329935824e-19 1.331541545531464153e-20
1.711669696994206242e+04 1.412676717166239296e-19 1.293051456779994155e-20
1.712305951471668595e+04 1.410840558512528809e-19 1.213551930578434911e-20
1.712942204050187866e+04 1.017172161402896954e-19 1.272539374646970963e-20
1.713578454727514691e+04 1.018255030494677675e-19 1.304062784211210825e-20
1.714214703501983968e+04 1.244851023792126521e-19 1.303477673488041218e-20
1.714850950372060106e+04 1.213216168454186441e-19 1.288173501706401370e-20
1.715487195335241267e+04 1.342246554906412375e-19 1.258160705411993141e-20
1.716123438390123556e+04 1.053679871412231115e-19 1.214488695676296786e-20
1.716759679535305986e+04 8.070193276879645316e-20 1.249528187123247500e-20
1.717395918768682895e+04 7.199568680643652156e-20 1.132486439345603474e-20
1.718032156087763360e+04 7.486233886982072623e-20 1.223083239269561992e-20
1.718668391491572402e+04 6.896819683432769077e-20 1.283994952642669839e-20
1.719304624977883213e+04 5.291775601086780703e-20 1.320483991826594620e-20
1.719940856545024872e+04 8.973284108574966081e-20 1.254722539416407915e-20
1.720577086191324997e+04 6.408072086793511827e-20 1.230921736637459092e-20
1.721213313914683749e+04 5.198838056771577316e-20 1.230206623854544151e-20
1.721849539713438935e+04 9.084048143999265695e-20 1.169629691264740997e-20
1.722485763586069879e+04 5.809099929038726316e-20 1.175907030727193273e-20
1.723121985530494567e+04 5.347764592112721104e-20 1.221700928511337552e-20
1.723758205544767770e+04 7.176509670563339322e-20 1.129979307106645844e-20
1.724394423627083961e+04 6.114268653963380814e-20 1.141313245287193427e-20
1.725030639775907184e+04 8.667838053020818245e-20 1.259740493795712067e-20
1.725666853989152150e+04 9.396158073708556209e-20 1.313792879670007037e-20
1.726303066265172674e+04 9.797175278418451316e-20 1.314891735832052654e-20
1.726939276602444806e+04 7.363781941579651630e-20 1.276619179803781775e-20
1.727575484998749380e+04 6.962951198467470949e-20 1.260458610025932255e-20
1.728211691452564992e+04 1.053947141876252884e-19 1.267458399731203813e-20
1.728847895961671384e+04 1.134928572109788998e-19 1.298580522327719960e-20
1.729484098524668298e+04 1.633109068213005407e-19 1.374009487307699191e-20
1.730120299139784038e+04 1.310432880991217546e-19 1.284502994249979975e-20
1.730756497804518222e+04 1.084427145413268068e-19 1.285231463788643139e-20
1.731392694518057397e+04 1.098866966431224672e-19 1.295160388506692754e-20
1.732028889278326096e+04 8.851231560120897283e-20 1.275662788307986719e-20
1.732665082083387460e+04 9.758664204860174621e-20 1.342982919328614494e-20
1.733301272931150379e+04 1.156145438717882716e-19 1.297044450892555737e-20
1.733937461820395401e+04 1.498148465399854033e-19 1.406750509633735179e-20
1.734573648748913183e+04 1.390886813602948817e-19 1.335656571175868258e-20
1.735209833714912747e+04 1.449604679024739347e-19 1.330392634889190175e-20
1.735846016716743179e+04 9.255410980118926108e-20 1.260846788707146769e-20
1.736482197752899083e+04 1.082413658058159224e-19 1.373910003986298400e-20
1.737118376821162383e+04 9.112029744017956242e-20 1.278070945128727768e-20
1.737754553920008766e+04 1.243869301228682865e-19 1.348239839667150216e-20
1.738390729047247441e+04 1.281252631548354586e-19 1.291313678592855845e-20
1.739026902201659686e+04 1.414781456834729198e-19 1.317415912723699999e-20
1.739663073381031427e+04 1.406330241020442149e-19 1.288782090656552325e-20
1.740299242583576051e+04 1.404077612248049407e-19 1.339608662777419834e-20
1.740935409807651013e+04 1.570361298438020883e-19 1.375736701683249175e-20
1.741571575052033222e+04 1.119922143306719126e-19 1.341012761029005861e-20
1.742207738313794107e+04 1.066244695965345579e-19 1.313476237587395120e-20
1.742843899591877926e+04 9.866418286319922775e-20 1.300295154968576699e-20
1.743480058884502796e+04 9.792034104542419755e-20 1.380647280415094504e-20
1.744116216189744955e+04 9.930542273794737330e-20 1.358847698511012832e-20
1.744752371505535848e+04 1.079617785246756125e-19 1.253290710395950416e-20
1.745388524830668030e+04 1.262214288473610887e-19 1.279012235491557033e-20
1.746024676162632022e+04 9.067811868560188827e-20 1.353092465871453035e-20
1.746660825500802821e+04 7.987711993084758096e-20 1.235898561009926820e-20
1.747296972842407922e+04 1.002798812449230920e-19 1.273314992844092522e-20
1.747933118185667263e+04 1.165580264911633635e-19 1.265655347174307767e-20
1.748569261529275536e+04 1.533546487312089797e-19 1.342205546961964611e-20
1.749220651399927374e+04 1.126250996841903767e-19 1.240420322531808999e-20
1.749856791788124247e+04 7.669021572970307504e-20 1.267658773059008667e-20
1.750492930176064692e+04 1.187299862276515273e-19 1.313737767332609613e-20
1.751129066557087208e+04 1.074551821763313869e-19 1.210353047311873597e-20
1.751765200929021739e+04 1.221306943756833405e-19 1.305557460298820013e-20
1.752401333290654657e+04 1.116863385525340008e-19 1.376338019528617317e-20
1.753037463640212081e+04 1.053755185195189414e-19 1.335480141639630483e-20
1.753673591975078307e+04 1.263163982474361639e-19 1.322017534859606273e-20
1.754309718294044433e+04 1.049033722839625733e-19 1.301586504132856225e-20
1.754945842595622526e+04 1.281448055687440469e-19 1.350992511142980805e-20
1.755581964877891733e+04 9.076785882635189824e-20 1.313772796508594659e-20
1.756218085138536480e+04 1.465147212311365122e-19 1.259943908239765615e-20
1.756854203376491205e+04 1.273156683465620983e-19 1.305052202003792443e-20
1.757490319589712817e+04 1.481964920197092276e-19 1.344126474458586764e-20
1.758126433776428166e+04 1.145130986568828527e-19 1.364153270805604154e-20
1.758762545934594891e+04 1.479939653996096189e-19 1.339618800935825866e-20
1.759398656063148155e+04 1.437220262262905442e-19 1.347671419160396416e-20
1.760034764159748374e+04 1.034822321617698410e-19 1.318719552689152241e-20
1.760670870222504891e+04 1.186059926310228049e-19 1.256832530671658173e-20
1.761306974250506391e+04 1.252420432292337781e-19 1.256993250159156666e-20
1.761943076241140079e+04 1.443152266863101570e-19 1.409285795209030946e-20
1.762579176192642626e+04 1.383183069503782497e-19 1.393890197014265156e-20
1.763215274103964111e+04 1.385234993282480682e-19 1.388708976561872278e-20
1.763851369972777684e+04 1.269194073559288575e-19 1.291168576558200077e-20
1.764487463797165765e+04 1.218074295737514429e-19 1.406416650944534799e-20
1.765123555575947830e+04 1.291536428691035443e-19 1.360554504676393287e-20
1.765759645307233222e+04 1.140102009972053286e-19 1.244189310394350565e-20
1.766395732988835880e+04 1.129175134200670483e-19 1.271917110155621625e-20
1.767031818619568367e+04 1.335049878234906420e-19 1.374067915721588065e-20
1.767667902197388685e+04 1.430381454476467547e-19 1.312073103101378026e-20
1.768303983720249744e+04 1.258245036203382084e-19 1.266735297185246206e-20
1.768940063186545376e+04 1.194910648995501592e-19 1.298200561120990965e-20
1.769576140595364632e+04 1.177082721849509503e-19 1.369854579494913058e-20
1.770212215943538831e+04 1.266197537496572884e-19 1.396766101143731416e-20
1.770848289230314913e+04 1.228071680655207510e-19 1.412113263860936878e-20
1.771484360453803311e+04 1.238789712035191052e-19 1.353322187099794369e-20
1.772120429611958753e+04 1.465786413009525231e-19 1.324442758925665161e-20
1.772756496702893128e+04 1.313029821471396479e-19 1.341612832284930617e-20
1.773392561725859196e+04 1.169345468593238604e-19 1.402661405616446408e-20
1.774028624677951666e+04 1.204939396778119243e-19 1.368204072289743571e-20
1.774664685793111130e+04 8.408736087927275993e-20 1.266290317764204349e-20
1.775300763982312128e+04 1.415645695244594742e-19 1.420408512610792261e-20
1.775936843029331430e+04 1.019249325095137608e-19 1.362335549431778258e-20
1.776572920031809190e+04 1.215300871742131142e-19 1.411117212843298340e-20
1.777208994954892478e+04 1.525838380714224752e-19 1.454523893388067191e-20
1.777845067796979129e+04 1.462221775384850481e-19 1.393068778673264253e-20
1.778481138556035876e+04 1.538763673420245327e-19 1.398432129067619603e-20
1.779117207230454005e+04 1.076079359607071103e-19 1.300074035593623841e-20
1.779753273818484377e+04 1.304952132956863489e-19 1.277134905290039833e-20
1.780389338318400041e+04 1.111201523864122201e-19 1.359375026946405356e-20
1.781025400728888781e+04 1.181093543422505580e-19 1.464641740482976398e-20
1.781661461047190460e+04 9.131285680073321153e-20 1.315108119646090934e-20
1.782297519272143472e+04 6.635438140102884667e-20 1.265458683598733860e-20
1.782933575402301722e+04 1.267468102717885480e-19 1.398776139959992947e-20
1.783569629435488969e+04 1.548235950631883274e-19 1.359774852899037486e-20
1.784205681370108869e+04 1.201727000699270679e-19 1.327341893728248387e-20
1.784841731204846292e+04 1.569788587526657878e-19 1.332906858645299334e-20
1.785477778936949107e+04 1.701900612697711588e-19 1.412070012404499676e-20
1.786113824565268806e+04 1.068169512931129136e-19 1.297793284977028076e-20
1.786749868088652875e+04 8.006820653767418867e-20 1.261255450530927297e-20
1.787385909504195661e+04 1.348647300813664767e-19 1.317632732799649133e-20
1.788021948810889080e+04 1.321650536589247682e-19 1.294932899700006102e-20
1.788657986007145882e+04 1.407756113324157878e-19 1.258020318003514577e-20
1.789294021090496972e+04 1.077589392968020073e-19 1.257457928779466545e-20
1.789930054059786562e+04 1.202111828813228918e-19 1.249125060167889492e-20
1.790566084913430677e+04 1.359618498058468908e-19 1.219195112861443160e-20
1.791202113649261810e+04 1.118223186208065917e-19 1.296609019441753030e-20
1.791838140265544280e+04 1.498801811458767740e-19 1.337987614804517327e-20
1.792474164760840358e+04 1.463225738971309592e-19 1.247908245413169778e-20
1.793110187133128420e+04 1.121017104652151387e-19 1.282281160546036170e-20
1.793746207380966371e+04 1.236891178939349980e-19 1.325695492163190082e-20
1.794382225502336587e+04 1.026827099579862513e-19 1.244257538245526275e-20
1.795018241495946495e+04 1.115592754339356462e-19 1.270359804719599383e-20
1.795654255354468478e+04 1.179183368966523351e-19 1.305344314426845583e-20
1.796290266674347731e+04 9.312579434770721169e-20 1.212174418998553862e-20
1.796941604564827503e+04 1.164807676842480560e-19 1.323907327493000269e-20
1.797577613075757472e+04 1.250337350034392533e-19 1.311036674217133310e-20
1.798213619449896578e+04 1.131059955749623500e-19 1.220049806598697119e-20
1.798849623685827464e+04 8.560842924384034887e-20 1.246094932902969823e-20
1.799485625781208364e+04 1.211244530726309343e-19 1.302354389858466506e-20
1.800121625735082853e+04 1.254875924549336781e-19 1.313603224416374693e-20
1.800757623544803573e+04 1.144907424520659625e-19 1.280873059168279709e-20
1.801393619208948076e+04 1.240699877200280192e-19 1.303120648072548095e-20
1.802029612726404230e+04 1.134852733317699524e-19 1.273983408087284681e-20
1.802665604094843729e+04 8.736897946868315034e-20 1.169060781168385817e-20
1.803301593312543628e+04 1.052478314610391715e-19 1.245097165338070292e-20
1.803937580378247003e+04 1.330793262915912905e-19 1.352628852971516856e-20
1.804573565289612088e+04 9.951944655012613599e-20 1.234106564926022769e-20
1.805209548045229167e+04 1.351029713368829832e-19 1.228273839955125356e-20
1.805845528643996659e+04 1.035173164980749891e-19 1.279847801143314880e-20
1.806481507082955795e+04 1.004352862148150932e-19 1.313902991835876648e-20
1.807117483361472841e+04 9.253326073105737055e-20 1.326592708288850873e-20
1.807753457476572294e+04 1.189749517256509121e-19 1.288101406613361435e-20
1.808389429427946015e+04 1.162075149237049141e-19 1.245702043284277122e-20
1.809025399213259516e+04 9.449825188467816925e-20 1.312742751505393307e-20
1.809661366830483166e+04 1.134855823698519117e-19 1.351985833047439585e-20
1.810297332278523754e+04 1.395368480408685713e-19 1.296746726280615322e-20
1.810933295555040968e+04 8.628728421371444031e-20 1.276264721004541860e-20
1.811569256658631639e+04 1.086719386488148035e-19 1.325377598517361565e-20
1.812205215588361898e+04 9.873424293461683639e-20 1.389565493905023861e-20
1.812841172340643607e+04 1.228282243511357411e-19 1.305971679618252021e-20
1.813477126915793269e+04 1.247058620755176657e-19 1.318100662362921771e-20
1.814113079310519242e+04 1.052044819953009342e-19 1.319730786322098458e-20
1.814749029523906938e+04 8.932474647424585776e-20 1.237516606267571105e-20
1.815384977554244688e+04 9.223596224373935277e-20 1.249133305388050935e-20
1.816020923399348612e+04 4.094014038859755581e-20 1.120894859363742360e-20
1.816656867058451826e+04 8.255640706416693675e-20 1.147331673059795553e-20
1.817292808528585374e+04 8.288973336524688271e-20 1.160236227334914029e-20
1.817928747808668413e+04 5.972258743668666800e-20 1.102106996021872023e-20
1.818564684897461848e+04 9.557921649036456523e-20 1.131159505536245307e-20
1.819200619792313955e+04 9.450509171115635843e-20 1.217533360142194974e-20
1.819836552492618284e+04 5.528755946291477633e-20 1.192428278524403119e-20
1.820472482995076643e+04 7.411656584925850514e-20 1.149458220313679594e-20
1.821108411299569707e+04 6.874606751473432247e-20 1.221762323168685715e-20
1.821744337403919417e+04 7.335896876187029525e-20 1.096112289139082318e-20
1.822380261305788736e+04 5.787283126025385294e-20 1.195414617508756947e-20
1.823016183004576305e+04 6.759783759733862684e-20 1.236829829781318618e-20
1.823652102497311716e+04 6.393490708681214963e-20 1.194101513262931969e-20
1.824288019783397613e+04 9.301920535408868306e-20 1.192292577392545386e-20
1.824923934860179725e+04 9.895414102147257591e-20 1.275992537112527640e-20
1.825559847726745284e+04 1.251551393978059938e-19 1.258998026154747414e-20
1.826195758381232372e+04 1.215916989928876674e-19 1.177314066066318670e-20
1.826831666821143153e+04 1.009983686359205287e-19 1.239289853217496915e-20
1.827467573046033431e+04 1.110819234923200809e-19 1.448011985101377291e-20
1.828103477053101960e+04 1.268662955201673246e-19 1.401895734771091235e-20
1.828739378841760481e+04 1.369733534736533628e-19 1.409867275393856866e-20
1.829375278409194652e+04 9.997207971532696449e-20 1.373522735164373515e-20
1.830011175754339274e+04 7.915437551322830983e-20 1.324611895256063049e-20
1.830647070875654390e+04 9.716096322282853044e-20 1.267471571515870342e-20
1.831282963770164497e+04 1.053049029096116910e-19 1.323702469325047522e-20
1.831918854438243943e+04 1.014346069117138501e-19 1.311767338547858973e-20
1.832554742876277669e+04 9.030937223005423405e-20 1.217476043338863871e-20
1.833190629083846579e+04 1.215729963853323037e-19 1.346771016918338266e-20
1.833826513058612545e+04 1.468099502355856504e-19 1.197513277501419176e-20
1.834462394799027606e+04 1.468643513873110319e-19 1.208481898074416930e-20
1.835098274303402650e+04 9.615734337163402197e-20 1.332131742884166723e-20
1.835734151569402820e+04 9.773728076070746385e-20 1.274647929073213665e-20
1.836370026597095421e+04 1.004145673405869579e-19 1.286665992302500851e-20
1.837005899382862117e+04 1.299068024504051773e-19 1.214269566149396172e-20
1.837641769926610868e+04 1.072912242518794731e-19 1.254779886705348957e-20
1.838277638225040937e+04 1.057799274665408652e-19 1.188305951759295136e-20
1.838913504277905304e+04 7.709817478796717251e-20 1.188917958878757457e-20
1.839549368082545698e+04 9.773819437750428951e-20 1.300062030008987041e-20
1.840185229637428347e+04 1.106832028119971738e-19 1.262664424459214652e-20
1.840821088941504786e+04 1.182582439152911004e-19 1.205518707238547764e-20
1.841456945991632529e+04 1.001573244940463101e-19 1.362524141275339280e-20
1.842092800788205568e+04 1.262373439729067405e-19 1.351960625011622363e-20
1.842728653327604115e+04 1.060604052851286031e-19 1.282747142425533106e-20
1.843364503609755411e+04 1.150461585813965436e-19 1.325615417768841693e-20
1.844000351631351077e+04 1.228950041442389938e-19 1.239065939727814923e-20
1.844636197392158283e+04 9.303867927153230311e-20 1.220543565726560237e-20
1.845272040889514392e+04 1.138671244440981298e-19 1.239129825252678440e-20
1.845907882121893272e+04 1.290945507081107346e-19 1.306009578465781374e-20
1.846543721088253733e+04 1.154718015699157932e-19 1.316175299495879874e-20
1.847179557785772704e+04 1.078456773834119255e-19 1.402958431266749583e-20
1.847815392214222084e+04 1.219570522011744102e-19 1.364947715770422720e-20
1.848451224370289492e+04 1.167853561504714413e-19 1.380549700389640249e-20
1.849087054253914539e+04 1.072766745302222704e-19 1.355714391577024719e-20
1.849722881861456699e+04 1.316620419060618697e-19 1.320606760440655775e-20
1.850358707193824011e+04 1.501952503556551380e-19 1.276661147673529702e-20
1.850994530246573777e+04 1.575123105413597125e-19 1.253219117177701650e-20
1.851630351020301168e+04 1.200504211295804426e-19 1.266597290500506410e-20
1.852266169511527914e+04 1.167810960382912911e-19 1.485547039994472994e-20
1.852901985720201992e+04 6.709802683549791298e-20 1.364080267534426813e-20
1.853537799643004109e+04 1.018688830187310829e-19 1.319712150633088784e-20
1.854173611279558827e+04 1.238628111456873141e-19 1.256469187017441949e-20
1.854809420627528016e+04 1.287262226652573568e-19 1.322815607650552103e-20
1.855445227685393547e+04 1.048491457977053885e-19 1.194531630509028635e-20
1.856081032451963620e+04 1.012163882529368021e-19 1.137332465162143305e-20
1.856716834924244540e+04 1.272779307034494138e-19 1.268644788750276184e-20
1.857352635102194472e+04 1.320945547655650927e-19 1.326837588417643217e-20
1.857988432982820086e+04 1.014676350540909776e-19 1.256086301421106561e-20
1.858624228565093290e+04 1.196675694448334646e-19 1.314988280113596183e-20
1.859260021847000098e+04 1.273898707774168211e-19 1.291302194047565641e-20
1.859895812827526606e+04 1.121955111466185531e-19 1.240737934747294350e-20
1.860531601503677302e+04 1.217455729428080601e-19 1.245622750056662425e-20
1.861167387875418353e+04 1.340358187191988582e-19 1.301729976383390631e-20
1.861803171939753156e+04 1.180507815516045520e-19 1.268205177920761010e-20
1.862438953695661621e+04 1.505080106831011496e-19 1.325670827613472680e-20
1.863074733141135948e+04 1.049715162557895410e-19 1.231811226155086823e-20
1.863710510275159322e+04 1.221441031601223134e-19 1.259150603710194732e-20
1.864346285094732229e+04 1.307967412368856779e-19 1.288084162341644403e-20
1.864982057599830296e+04 1.332863108997821573e-19 1.320927671048764139e-20
1.865617827787454371e+04 1.506083212665085421e-19 1.311197483095391534e-20
1.866253595656920152e+04 1.313818998321643545e-19 1.283008092255027162e-20
1.866889361205228124e+04 1.177864900662365077e-19 1.323800240803094715e-20
1.867525124432358643e+04 1.122818386685234707e-19 1.304901457599817956e-20
1.868160885334974591e+04 1.291499149215061467e-19 1.271005873667084265e-20
1.868796643913390290e+04 1.393337897707300039e-19 1.197909313647930930e-20
1.869432400163614147e+04 1.316163684237908330e-19 1.252509146978461953e-20
1.870068154085964125e+04 1.482109287914069802e-19 1.283288787867302224e-20
1.870703905677104922e+04 1.116331137019869380e-19 1.243614954068191802e-20
1.871339654937026353e+04 6.995640613634520571e-20 1.286790508126356987e-20
1.871975401862556464e+04 8.972136221147256131e-20 1.309417209730565483e-20
1.872611146453523907e+04 1.254730083698019888e-19 1.282103144933400000e-20
1.873246888706754908e+04 1.081662600989178546e-19 1.321022578398923813e-20
1.873882628621412005e+04 1.495351355726134752e-19 1.400193016888957019e-20
1.874518366195488852e+04 1.067725634362480187e-19 1.336260371935435067e-20
1.875154101427983187e+04 1.102532585360103338e-19 1.346062427369825170e-20
1.875789834315887128e+04 1.271407067618311072e-19 1.352741119746658378e-20
1.876425564859202132e+04 1.416002420482152021e-19 1.372066251310682499e-20
1.877061293054919588e+04 1.303712938378038766e-19 1.355465932255299268e-20
1.877697018902374475e+04 1.124154276848015877e-19 1.344233559031437449e-20
1.878332742398892515e+04 1.489807382100221850e-19 1.257531538672027243e-20
1.878968463543802500e+04 9.114120975568549155e-20 1.242587104394674488e-20
1.879604182334099823e+04 1.073212559302200393e-19 1.368531317561896856e-20
1.880239898770130822e+04 1.477771323944880525e-19 1.757394325088881159e-20
