9.796292275062878616e+03 6.624506626737578152e-20 2.415545915474996349e-20
9.802650597759098673e+03 2.258093907635568456e-20 1.875134674987329190e-20
9.809008890819737644e+03 3.681094381089498638e-20 1.917425152799546448e-20
9.815367154208743159e+03 2.761621983923962021e-20 1.968118649060424907e-20
9.821725387929245699e+03 3.949698213945345004e-20 1.862965932893687564e-20
9.828083591945145599e+03 3.046668838005396711e-20 2.025376461120772488e-20
9.834441766265630577e+03 1.510581651957739939e-20 1.797783983641480569e-20
9.840799910851546883e+03 4.335441036488402063e-21 1.663233980313882005e-20
9.847158025712111339e+03 2.771698422963984228e-20 1.615750016658768434e-20
9.853516110811156977e+03 2.066273965578927464e-20 1.890922443546734178e-20
9.859874166148840231e+03 5.186241969553544618e-20 1.710970778303557079e-20
9.866232191701086776e+03 5.472340886551661874e-20 1.818294857792681913e-20
9.872590187455929481e+03 3.417894044514863466e-20 1.827528354173561012e-20
9.878948153398385330e+03 7.722367466887261277e-20 1.703682495649660890e-20
9.885306089516487191e+03 6.042840741392308085e-20 1.741788111474526433e-20
9.891663995786077066e+03 5.322783659441700081e-20 1.679210714735634240e-20
9.898021872204362808e+03 5.629749070162211709e-20 1.588030620980073745e-20
9.904379718744165075e+03 3.698423665761283759e-20 1.680846581209007442e-20
9.910737535402660797e+03 5.647043712491171957e-20 1.804225997210119530e-20
9.917095322149596541e+03 5.907604229395370558e-20 1.702553862890182394e-20
9.923453078988253765e+03 1.069335273261039744e-20 1.459752380684313819e-20
9.929810805888368122e+03 4.043643845015168945e-20 1.546791421863768722e-20
9.936168502847125637e+03 4.477056007148723102e-20 1.578224285844484269e-20
9.942526169837288762e+03 4.812384075427468974e-20 1.510513328133054941e-20
9.948883806853002170e+03 5.241266303159841954e-20 1.561459792883269377e-20
9.955241413873105557e+03 3.430148300622907173e-21 1.526403733311429904e-20
9.961598990888707704e+03 5.533247458895661794e-20 1.682697327507190938e-20
9.967956537878611925e+03 2.194673222536186316e-20 1.573516686255997623e-20
9.974314054830847454e+03 1.698693038254453008e-20 1.531867460136256696e-20
9.980671541736535801e+03 8.782987223072021679e-20 1.719501961954298455e-20
9.987028998568353927e+03 3.855071610540187804e-20 1.516540961512883971e-20
9.993386425323531512e+03 1.786274132671280806e-21 1.597332701383715747e-20
9.999743821971665966e+03 4.718046408653119050e-20 1.607786616855547918e-20
1.000610118851614789e+04 7.842147320626648471e-20 1.617312708123526983e-20
1.001245852492345693e+04 5.353102118344536656e-20 1.756618369126912317e-20
1.001881583119700736e+04 6.452446328014167094e-20 1.766229502953896203e-20
1.002517310730324425e+04 1.896741272168694633e-20 1.648490631884967136e-20
1.003153035324252414e+04 2.347850237732860480e-20 1.747778021633394268e-20
1.003788756899360487e+04 3.371296584548026615e-20 1.521875145605533264e-20
1.004424475453830928e+04 3.049049167178557439e-20 1.653719384780564906e-20
1.005060190986771886e+04 3.560820813640452421e-20 1.678050043160867286e-20
1.005695903495441416e+04 1.660276756405568196e-20 1.634242450009555179e-20
1.006331612980497266e+04 4.030585421894917527e-20 1.585277003425638893e-20
1.006967319437954211e+04 3.508921226215785226e-20 1.587566870631963754e-20
1.007603022869091910e+04 3.136215123904759897e-20 1.564542674768642697e-20
1.008238723269610819e+04 1.638061447455347018e-20 1.802466444053651667e-20
1.008874420640173412e+04 6.901750858515366583e-20 1.732063154615184084e-20
1.009510114977405465e+04 5.123217291939841086e-20 1.724026666137699955e-20
1.010145806281039768e+04 -9.775530710128982259e-22 1.569143605132224346e-20
1.010781494549254967e+04 8.509816159591512531e-21 1.507582215255136565e-20
1.011417179780227889e+04 1.994575869906196897e-20 1.451983281212853236e-20
1.012052861973064682e+04 3.877649639102240582e-20 1.580541101115756294e-20
1.012688541125947813e+04 3.431738206550732638e-20 1.542921370763719527e-20
1.013324217237676385e+04 5.170496863394646560e-20 1.576391102272994184e-20
1.013959890305802401e+04 4.779772600232083900e-20 1.573459632699297579e-20
1.014595560330062472e+04 7.485271756336566313e-20 1.698175107989006358e-20
1.015231227308005145e+04 2.852446542349386369e-20 1.486520600724920472e-20
1.015866891238116841e+04 3.457498704231356477e-20 1.464446016620509017e-20
1.016502552119508800e+04 5.821781640895448024e-20 1.862318221415171494e-20
1.017138209950041164e+04 4.354101059214322195e-20 1.516709232515401580e-20
1.017773864729452544e+04 4.280266111311675759e-20 1.520543599258798031e-20
1.018409516454032928e+04 -9.278113725309639801e-21 1.320379798234719649e-20
1.019045165124457890e+04 6.274599865413467589e-20 1.568398004837345538e-20
1.019680810737960383e+04 5.051217835128903784e-20 1.416073381649289086e-20
1.020316453292711412e+04 4.303499012550829187e-20 1.508327281488377602e-20
1.020952092788764821e+04 2.382374204589904587e-20 1.587518160263133638e-20
1.021587729222716735e+04 3.331370371983776430e-20 1.374404734420528292e-20
1.022223362594938044e+04 5.048036711170077228e-20 1.489875165599008117e-20
1.022858992902652426e+04 2.349164884322172581e-20 1.552585541005972090e-20
1.023494620144341206e+04 3.427351079532449462e-20 1.516916785009176351e-20
1.024130244319115991e+04 3.805474054207358017e-20 1.532347281701042639e-20
1.024765865424510594e+04 3.543718785506623697e-20 1.528629162776310249e-20
1.025401483460267082e+04 5.138471277727343631e-20 1.476095803253195080e-20
1.026037098424232863e+04 4.400693740471248524e-20 1.280202707184674195e-20
1.026672710314576943e+04 4.047355438697961573e-20 1.656108487393204926e-20
1.027308319130092241e+04 6.238998207496278978e-20 1.558014061535187899e-20
1.027943924869259172e+04 4.413797852303177835e-20 1.462847461065097270e-20
1.028579527530873565e+04 1.779043899723927350e-20 1.361693980104321818e-20
1.029215127113097151e+04 7.892310011031698590e-21 1.413815759405822602e-20
1.029850723614089293e+04 8.830912880430224694e-21 1.535384713884072361e-20
1.030486317032646366e+04 3.867608466937020781e-20 1.488636821735894097e-20
1.031121907367244603e+04 6.948083615978136003e-20 1.435257011638451077e-20
1.031757494616356416e+04 9.239046973057593314e-20 1.477142569494415554e-20
1.032393078779096868e+04 5.359879560687002726e-20 1.407899909477372250e-20
1.033028659852352212e+04 1.048454329594246211e-21 1.362310630075850880e-20
1.033664237835871609e+04 4.498608189894209854e-20 1.481139774221549916e-20
1.034299812727812241e+04 2.843121955928127776e-20 1.373395237234153708e-20
1.034935384526647431e+04 3.492293220421252728e-20 1.477624136966294455e-20
1.035570953230852137e+04 6.191113663907273195e-20 1.526541831626894892e-20
1.036206518838900774e+04 3.721841440101484153e-20 1.538590402358751082e-20
1.036842081349265391e+04 3.864644076323063239e-20 1.484037784028972688e-20
1.037477640760739996e+04 4.492097729703658543e-20 1.515488166533459809e-20
1.038113197070831484e+04 3.509733400144838918e-20 1.465318860156606292e-20
1.038748750278975785e+04 4.384655929933701075e-20 1.533997777518324082e-20
1.039384300383327172e+04 6.962545573697240302e-20 1.518186371925843932e-20
1.040019847382033913e+04 5.526482626345167870e-20 1.544648077011720481e-20
1.040655391273888927e+04 4.950512845296684177e-20 1.504588670493321705e-20
1.041290932058004364e+04 5.675051998434504840e-20 1.495177898607175163e-20
1.041926469732208352e+04 5.994480566373277636e-20 1.443595625589223374e-20
1.042562004294327744e+04 5.269745636622626357e-20 1.390293137304102332e-20
1.043197535743473782e+04 4.892903894443895510e-20 1.397478577426373030e-20
1.043833064078433017e+04 -8.238026789296403595e-21 1.419892021523312421e-20
1.044468589297675317e+04 4.398445343502569876e-20 1.381108670353074141e-20
1.045104111398382520e+04 1.664276351364033583e-20 1.334239939113276269e-20
1.045739630380309245e+04 -1.512114310057287972e-21 1.457526732306898285e-20
1.046375146242247865e+04 2.706424031529812325e-20 1.448386485482515930e-20
1.047010658981372580e+04 2.514162281383673174e-20 1.359802570571419976e-20
1.047646168597117685e+04 4.335547267390823899e-20 1.445939619581395471e-20
1.048281675087303665e+04 5.490100056534986025e-20 1.446815506188409118e-20
1.048917178450715801e+04 1.662086682738284775e-20 1.371364963481130017e-20
1.049552678686142463e+04 5.155949560389678484e-20 1.453647375978902928e-20
1.050188175791398498e+04 -1.423597542894001485e-20 1.253097356234462392e-20
1.050823669765598424e+04 4.908250694094190005e-20 1.388243358776343070e-20
1.051459160606557816e+04 4.101521902489360643e-20 1.386841713995126265e-20
1.052094648313063590e+04 2.198096733663729813e-20 1.408130604859517676e-20
1.052730132883902479e+04 6.119648593092559627e-20 1.379469699945181140e-20
1.053365614316886968e+04 6.420474532680700896e-20 1.406654974993601592e-20
1.054001092610802152e+04 3.931134993706297425e-20 1.383197276536717918e-20
1.054636567764436040e+04 1.289110583646356426e-21 1.346757696757425657e-20
1.055272039775592384e+04 3.494578667143345664e-20 1.388241908734154588e-20
1.055907508642732319e+04 3.090941701785270928e-20 1.428272351765588837e-20
1.056542974365295959e+04 5.715421708847470054e-20 1.299862467825839401e-20
1.057178436940438223e+04 2.601728244832605864e-20 1.360602426165015550e-20
1.057813896367922644e+04 3.362059052050776048e-20 1.400957637380128842e-20
1.058449352645227373e+04 7.477887378319580081e-20 1.423904011471778504e-20
1.059084805771137144e+04 1.773592180856748917e-20 1.418996729729903818e-20
1.059720255744108181e+04 8.592067372484427653e-21 1.232390159898323389e-20
1.060355702562596343e+04 2.603004034054824444e-20 1.299126338531973152e-20
1.060991146224724798e+04 3.195832873228696670e-20 1.356103371137406220e-20
1.061626586729609699e+04 3.173790382757338745e-20 1.408498574843288274e-20
1.062262024075707996e+04 1.946163329336307209e-20 1.267070382362150855e-20
1.062897458260816347e+04 5.485756147904490926e-21 1.416242664358971354e-20
1.063532889283389704e+04 2.579352984810528686e-20 1.420563065313163451e-20
1.064168317142538399e+04 3.056482389507809950e-20 1.340971160963520973e-20
1.064803741836715380e+04 4.969045550746762653e-20 1.389527097091001703e-20
1.065439163363386433e+04 3.372608977863808594e-20 1.225882701502070914e-20
1.066074581721984759e+04 2.170414537011317445e-20 1.322281203853660556e-20
1.066709996910307018e+04 2.199204912755736503e-20 1.295196381782085624e-20
1.067345408927135759e+04 1.272382513710712186e-20 1.263465169992948225e-20
1.067980817771251168e+04 7.131529552653126340e-20 1.391849115842098357e-20
1.068616223440443355e+04 6.372661017799771825e-20 1.345719760146222319e-20
1.069251625934152253e+04 3.654444741705850933e-20 1.394660716077554375e-20
1.069887025247965539e+04 1.852072688592065915e-20 1.354724884732034653e-20
1.070522407953119000e+04 2.740881651985215738e-20 1.286439815294101724e-20
1.071157745081300709e+04 3.940834971623802490e-20 1.393461292620367444e-20
1.071793079027635758e+04 -7.612781927073527088e-21 1.399362410598905143e-20
1.072428409791236845e+04 5.014423077872885556e-20 1.399432681749213892e-20
1.073063737369888804e+04 4.244391555858960747e-20 1.232746259788703813e-20
1.073699061762699603e+04 3.116591984892333750e-20 1.313172015417006953e-20
1.074334382967453348e+04 2.625614465692440618e-20 1.240538604685545581e-20
1.074969700982925497e+04 4.262707262467978195e-20 1.263580146511711323e-20
1.075605015807561358e+04 3.070539600464011540e-20 1.326509232903025224e-20
1.076240327440131841e+04 2.060248765941914157e-20 1.321287103284247771e-20
1.076875635878752291e+04 7.528837694001828023e-20 1.220972015390571792e-20
1.077510941121201540e+04 2.719427690802659359e-20 1.311461771539554912e-20
1.078146243166921522e+04 3.849677091015244338e-20 1.298039264007954315e-20
1.078781542014353909e+04 4.921432313410427727e-20 1.286801608275082555e-20
1.079416837661273530e+04 2.248839305753366061e-20 1.279475411475740579e-20
1.080052130106455843e+04 1.467142923140976001e-20 1.246413339272475664e-20
1.080687419348006915e+04 5.495761456485991028e-20 1.295560073719923822e-20
1.081322705385024528e+04 2.682854839858655739e-20 1.220693188810164159e-20
1.081957988215958540e+04 4.168007948688727702e-20 1.220191887656425578e-20
1.082593267838578868e+04 2.142303038165847192e-20 1.304420177487810507e-20
1.083228544251656967e+04 4.122172934413428024e-20 1.259940500357039127e-20
1.083863817453297452e+04 8.246882645848038214e-20 1.422313437605356790e-20
1.084499087442940254e+04 6.811990866256917379e-20 1.383885513350005764e-20
1.085134354218018052e+04 4.742725346925961181e-20 1.245724723279513001e-20
1.085769617776963605e+04 4.556963894964210641e-20 1.265894613971127372e-20
1.086404878118880333e+04 4.599553641170270822e-20 1.313708225801211749e-20
1.087040135241872849e+04 4.499240565494543819e-20 1.256716080812596037e-20
1.087675389144376277e+04 3.415827526015712869e-20 1.197118920612672589e-20
1.088310639824487953e+04 4.314011811941191965e-20 1.238519559558930399e-20
1.088945887281648174e+04 4.814565685210729987e-20 1.153491113744917865e-20
1.089581131512947104e+04 8.089454986292322844e-20 1.313512916056160450e-20
1.090216372517822856e+04 4.093801813132435250e-20 1.334928652132322350e-20
1.090851610294027705e+04 4.072373881121195240e-20 1.334023193205965257e-20
1.091486844840337471e+04 6.418013064852322248e-20 1.281907835529391474e-20
1.092122076155517243e+04 5.114430638382099236e-20 1.248486870773990160e-20
1.092757304237661083e+04 6.517148412343171244e-20 1.299425343614403804e-20
1.093392529084862144e+04 4.986340229905827108e-20 1.324690983738352441e-20
1.094027750695884242e+04 5.675602192164483980e-20 1.205107637255045390e-20
1.094662969069830433e+04 2.992014476525216688e-20 1.163330471547148273e-20
1.095298184203772325e+04 3.284081841097944100e-20 1.284962725054739432e-20
1.095933396096479373e+04 -5.910557855332391131e-22 1.228713300507258296e-20
1.096568604747728932e+04 2.041525205126286000e-20 1.199274031827933007e-20
1.097203810154258099e+04 3.472574322013656126e-20 1.056374542886990169e-20
1.097839012315168657e+04 5.529057075794241408e-20 1.256138203799284701e-20
1.098474211229222783e+04 4.492903723235903523e-20 1.131401580025081657e-20
1.099109406894166750e+04 6.183710024568889890e-20 1.277176464806898022e-20
1.099744599308757097e+04 2.015827654681344924e-20 1.241842559721986794e-20
1.100379788471080428e+04 4.021439784587795475e-20 1.227119709995368298e-20
1.101014974380577951e+04 4.144090144553521736e-20 1.237882417449245674e-20
1.101650157034654876e+04 7.392631240764446882e-20 1.209171502893344264e-20
1.102285336432409531e+04 2.681395087174554456e-20 1.210394667481661799e-20
1.102920512571244763e+04 2.193575356934482172e-20 1.155773727188878877e-20
1.103555685450598139e+04 4.525262637779980196e-20 1.206427542196892018e-20
1.104190855068882229e+04 4.610272274729966482e-20 1.313246451147482201e-20
1.104826021423840211e+04 3.385945291360113579e-20 1.250278450107468432e-20
1.105461184513891749e+04 3.118580778481527276e-20 1.248483041647167417e-20
1.106096344338473864e+04 5.375714619292023162e-20 1.241245915505499701e-20
1.106731500894983401e+04 9.421622180761099003e-21 1.175211500158644823e-20
1.107366654181835474e+04 2.207960350056010124e-20 1.210244197094140889e-20
1.108001804197785532e+04 3.538741707769547137e-20 1.322614612190756633e-20
1.108636950941923169e+04 2.250662638561371234e-20 1.102961506490296126e-20
1.109272094411303988e+04 2.632702792067278262e-20 1.210498200022471802e-20
1.109907234605707526e+04 7.327989706865543832e-21 1.153839520970652326e-20
1.110542371522181747e+04 4.398077570525978205e-21 1.194068717530931261e-20
1.111177505160162582e+04 2.809138982797027099e-20 1.240807021930411625e-20
1.111812635517378294e+04 3.363435677907862563e-20 1.189107508939577850e-20
1.112447762593265361e+04 4.973676810775686773e-20 1.162543797772811518e-20
1.113082886384514859e+04 3.933517067193094754e-20 1.196040119121032450e-20
1.113718006891597906e+04 1.586542256707505020e-20 1.159404282158891015e-20
1.114353124110870885e+04 4.996738085245195098e-20 1.246505157587080850e-20
1.114988238042453122e+04 3.034554265547511727e-20 1.128395028684118582e-20
1.115623348684067241e+04 3.015051023771247756e-20 1.144190075349396360e-20
1.116258456033435868e+04 4.912370118919798646e-20 1.173487319705033730e-20
1.116893560090330720e+04 1.607598607557640204e-20 1.204604627558709751e-20
1.117528660852814755e+04 6.063836005251447378e-20 1.097942782571059890e-20
1.118163758317926113e+04 3.674601379737630225e-20 1.127555871836365061e-20
1.118798852486127907e+04 5.467507212509204791e-20 1.157798122542113083e-20
1.119433943353763425e+04 3.856032010547835677e-20 1.181291018765122329e-20
1.120069030920953810e+04 3.396661132913916067e-20 1.183720440735984376e-20
1.120704115184382317e+04 3.367919452558622468e-20 1.126405552854218514e-20
1.121339196144850030e+04 1.813767918561436536e-20 1.286757364445703327e-20
1.121974273798701688e+04 4.482527466158475726e-20 1.316455836029049417e-20
1.122609348145026706e+04 1.780081794586969668e-21 1.156432500893240797e-20
1.123244419182568527e+04 4.375988841805012464e-21 1.182661494830066997e-20
1.123879486909038678e+04 5.082823024826779042e-20 1.217124183919354564e-20
1.124514551323524574e+04 4.025785078179720245e-20 1.085422229173774709e-20
1.125149612423037979e+04 5.476879161403847060e-20 1.110846392647827308e-20
1.125784670208047828e+04 5.159451729779670524e-20 1.060846862144419144e-20
1.126419724675228463e+04 4.643981131729726394e-20 1.183225780973124256e-20
1.127054775824358148e+04 1.628898618003472925e-20 1.274656024311360260e-20
1.127689823652449377e+04 2.221158036058798928e-20 1.148787904468058498e-20
1.128324868159278958e+04 2.493646021614673001e-20 1.153523605181196483e-20
1.128959909342202627e+04 5.275522601069218206e-20 1.106784918839328199e-20
1.129594947199950911e+04 4.723317273182774111e-20 9.496594075951844944e-21
1.130229981730578947e+04 2.694427594766767617e-20 1.007589499555143366e-20
1.130865012933171602e+04 1.615795269528558677e-20 1.114584450142701346e-20
1.131500040805426761e+04 2.757218007351977733e-20 1.175971522537097397e-20
1.132135065346427291e+04 9.313013485717593460e-21 1.066455443683559790e-20
1.132770086554216687e+04 3.496280977780134073e-20 1.097814155159864387e-20
1.133405104426827347e+04 3.963289956770964039e-20 1.148712040413833961e-20
1.134040118963697751e+04 4.388554717587564008e-20 1.065972121035963557e-20
1.134675130162173991e+04 4.458189331035017533e-20 1.093814733386317562e-20
1.135310138020642444e+04 2.041937221712197736e-20 1.042213195170557719e-20
1.135945142537837273e+04 3.016130903053576884e-20 1.033044918931075662e-20
1.136580143712492099e+04 -4.569067224870555492e-21 1.047930978762739752e-20
1.137215141542634956e+04 2.235531762404305392e-20 1.256874656660451792e-20
1.137850136025959000e+04 2.943301526092346192e-20 1.075370334092333464e-20
1.138485127161894707e+04 1.477619216646822145e-20 1.032236244952530199e-20
1.139120114949174786e+04 2.210560322252450089e-20 1.079697532115867202e-20
1.139755099384781533e+04 6.760477684784368205e-21 1.024570353304603900e-20
1.140379832728452675e+04 6.973288670859637617e-20 1.034398361465185592e-20
1.141014809228572813e+04 3.855158801707010891e-20 1.035925334689414784e-20
1.141649782816913284e+04 4.805706646608907581e-20 1.102036776944311229e-20
1.142284753051105326e+04 1.862306366237416609e-20 1.110584143786852215e-20
1.142919719927222832e+04 2.886416627042502948e-20 1.070224218108845521e-20
1.143554683441602901e+04 4.128832986712797493e-20 1.142892808968445397e-20
1.144189643594313566e+04 3.898112355952937131e-20 1.114252247483321719e-20
1.144824600382372955e+04 4.671916518559281899e-20 1.200824710693651035e-20
1.145459553805521682e+04 4.277572563947652184e-20 1.120839302101604955e-20
1.146094503861115300e+04 6.925714168348740667e-20 1.122684139627597896e-20
1.146729450547863598e+04 2.850928765124158523e-20 1.068893516883212283e-20
1.147364393864142403e+04 3.449306280535448360e-20 1.045879924215623706e-20
1.147999333808320989e+04 3.874855124460697134e-20 1.090976908460033531e-20
1.148634270378765177e+04 5.677961413612625847e-20 1.091048403220904018e-20
1.149269203573509913e+04 1.959805401148416253e-20 1.039220517083826030e-20
1.149904133391616961e+04 2.904797960519772210e-20 1.056466677154153781e-20
1.150539059831451596e+04 2.151339501156000162e-20 1.042229340979668915e-20
1.151173982890352818e+04 2.866021493343982601e-20 1.040199429455392080e-20
1.151808902567715631e+04 4.231691709791786929e-20 1.065922958113207021e-20
1.152443818861903492e+04 5.423555590118462055e-20 1.095131686292348783e-20
1.153078731770258491e+04 5.187906151139462057e-20 1.078597223892836472e-20
1.153713641292175635e+04 2.467188827684395804e-20 1.076947176747729773e-20
1.154348547425677862e+04 3.964038059584370706e-20 1.154737909843726610e-20
1.154983450168782292e+04 5.246299388743416539e-20 1.114096922379291027e-20
1.155618349520189804e+04 3.706618939792141196e-20 1.073886456550576694e-20
1.156253245478270946e+04 2.297257399963265597e-20 1.012846475756548841e-20
1.156888138041737875e+04 4.908089745116771524e-20 1.030836360571510216e-20
1.157523027208603162e+04 4.060894908261806153e-20 1.000547708612925973e-20
1.158157912976882108e+04 5.924550410421547541e-20 1.029191758802504045e-20
1.158792795345623381e+04 2.965338053306728236e-20 1.027700513591931198e-20
1.159427674312831732e+04 5.199988610664350024e-20 1.142291473593182252e-20
1.160062549876184130e+04 3.241225784026482255e-20 1.024966068977173072e-20
1.160697422035764430e+04 2.048395467310483093e-20 1.024697034684563074e-20
1.161332290788207138e+04 1.165498847765262162e-20 9.629091466490086425e-21
1.161967156132895252e+04 3.352031178987817151e-20 1.066139478665315502e-20
1.162602018067495555e+04 2.207838540688656264e-20 1.130204410912857142e-20
1.163236876591046348e+04 8.769511549253636647e-21 1.114144906809583391e-20
1.163871731701217686e+04 6.126109412806299707e-20 1.065013963326173878e-20
1.164506583396706264e+04 3.235438367005122451e-20 1.013431934419121671e-20
1.165141431675865897e+04 5.874611316613651919e-20 1.053839254341864386e-20
1.165776276537048034e+04 5.154160095457974709e-20 9.581316635596864998e-21
1.166411117978595394e+04 -1.920590726015500715e-21 1.022587742055539877e-20
1.167045955998861973e+04 2.816204666717433871e-20 1.055127983505335590e-20
1.167680790596200313e+04 -1.229527936731270098e-20 1.217151021936493328e-20
1.168315621768957499e+04 1.340857552960506240e-20 1.029175926739328627e-20
1.168950449515480796e+04 2.056178698498978501e-20 1.030984416562085699e-20
1.169585273834113286e+04 2.417044970391733765e-20 1.028996014295828230e-20
1.170220094723195507e+04 1.622364360975033227e-20 1.054152126836232834e-20
1.170854912181081636e+04 3.715347266201564584e-20 1.083695605751428007e-20
1.171489726206113664e+04 4.109534514932217576e-20 1.066067198391857775e-20
1.172124536796636130e+04 3.543222659338144540e-20 1.104700735518707201e-20
1.172759343950984294e+04 2.681776429104525378e-20 1.108951454034813194e-20
1.173394147666803656e+04 6.766885394879464485e-20 1.057623902448872973e-20
1.174028947944528591e+04 4.442293320411381691e-20 1.034425831047067547e-20
1.174663744779714398e+04 4.223369223256943561e-20 9.892070440671045974e-21
1.175298538172784720e+04 6.917312616111642706e-20 1.044613418194450040e-20
1.175933328121041995e+04 9.665685341412827340e-20 1.151665945927788196e-20
1.176568114623512702e+04 6.459963720344213739e-20 1.005614909017881388e-20
1.177202897678187583e+04 2.412467225959852118e-20 9.600808536670388880e-21
1.177837677283403900e+04 1.133608713714461549e-20 1.101137677921654786e-20
1.178472453437494187e+04 7.358978323226354487e-20 1.125087212946011108e-20
1.179107226138444094e+04 5.270491168242249836e-20 1.123448214618334806e-20
1.179741995385286828e+04 4.479676338829292665e-20 1.125299802686665746e-20
1.180376761175995671e+04 2.674607821401737982e-20 1.170683428513425340e-20
1.181011523508205755e+04 2.740009687556968212e-20 1.002617975057863747e-20
1.181646282381307356e+04 5.545107695374817435e-20 1.049950366513168940e-20
1.182281037793633732e+04 8.416686975987070446e-21 1.024905037811321577e-20
1.182915789742807465e+04 1.318126498129482888e-20 9.723772475119315133e-21
1.183550538227852849e+04 1.848066869512010977e-20 9.543332131860008809e-21
1.184185283246754807e+04 2.683975073499985503e-20 1.036469671723740292e-20
1.184820024797832411e+04 4.557877305380622349e-20 1.031245791349479372e-20
1.185454762878709153e+04 5.086538223555320929e-20 1.021079410949740615e-20
1.186089497484718231e+04 2.350716028822363523e-20 9.678486401077436229e-21
1.186713923359972432e+04 1.333454417886172990e-20 9.533213771864902071e-21
1.187348650239707786e+04 2.448793178790578335e-20 9.379896416283128627e-21
1.187983373642850893e+04 3.156375723244670448e-20 1.027139714092064044e-20
1.188618093569172197e+04 2.997922269498102788e-20 1.016611957482557789e-20
1.189252810014818351e+04 5.652503481271734949e-20 9.794758318899779661e-21
1.189887522979548339e+04 7.082372461932418326e-20 1.038847069258100485e-20
1.190522232460965279e+04 2.807704816660972539e-20 9.793105502405462086e-21
1.191156938458477998e+04 4.718554836954147818e-20 1.111870386289890836e-20
1.191791640968950196e+04 2.929145722535328206e-20 9.990607278893872354e-21
1.192426339991788700e+04 3.426571647953956254e-20 1.077146877268397073e-20
1.193061035525300213e+04 4.775930796627890846e-20 8.798545707561872270e-21
1.193695727566714777e+04 2.663640743896355644e-20 9.434351918010698706e-21
1.194330416115075786e+04 2.862892891380906725e-21 9.969866492185439970e-21
1.194965101169061927e+04 3.745357204881765133e-20 9.076637211114476550e-21
1.195599782726984813e+04 1.215343185670213817e-20 9.799113493402442429e-21
1.196234460786052841e+04 1.220848508460294374e-20 9.582657985417691750e-21
1.196869135345311770e+04 1.938626051301144346e-20 9.886101249572003039e-21
1.197503806403804447e+04 4.753618952095353838e-20 8.930220798826657233e-21
1.198138473958378381e+04 7.501527964629150945e-20 9.315292067620364402e-21
1.198773138008072601e+04 2.471252080803539964e-20 9.831097224145989899e-21
1.199407798551183805e+04 2.307643001359279963e-20 9.641106778211903562e-21
1.200042455586756296e+04 3.013182644089262591e-20 1.064420908467987641e-20
1.200677109112002108e+04 4.797528586894411039e-20 1.004579396989931201e-20
1.201311759125223762e+04 4.043424429135133273e-20 9.133103386611093895e-21
1.201946405624725048e+04 5.263380036676949965e-20 1.049273108077834369e-20
1.202581048609895697e+04 1.875082789793322819e-20 1.067466446563352168e-20
1.203215688077581581e+04 2.171258741806750278e-20 9.535436511636004572e-21
1.203850324027552051e+04 2.788948561190254201e-20 9.625759652176596281e-21
1.204484956457371663e+04 2.451830318115274472e-21 9.964893628509254215e-21
1.205119585364974409e+04 4.100106924395125303e-20 9.999675467699671794e-21
1.205754210749012418e+04 6.577221603750439189e-20 1.025576781493037773e-20
1.206388832608530356e+04 4.800140303912111995e-20 9.605106984809134318e-21
1.207023450939985014e+04 1.970856616590460960e-20 1.004564579559117935e-20
1.207658065742776307e+04 3.236674447015257492e-20 9.772959932935248346e-21
1.208292677015933259e+04 2.060473369023547948e-20 9.709981596791744759e-21
1.208927284757002235e+04 1.910038690229599561e-20 8.852058317185243243e-21
1.209561888963551974e+04 1.659932694768328950e-20 9.057135798209758852e-21
1.210196489634978752e+04 2.776340528822112756e-20 9.023335534712698187e-21
1.210831086769573994e+04 2.607967842787815678e-20 9.184986461447354887e-21
1.211465680364886248e+04 2.947146568723077999e-20 9.389740950554961254e-21
1.212100270419567642e+04 2.308029452547529476e-20 9.449740682512717123e-21
1.212734856931177092e+04 1.862439410473599711e-20 9.075355084936652829e-21
1.213369439899848476e+04 4.473326221259849590e-21 9.197023705989516200e-21
1.214004019322390923e+04 2.038020102408122146e-20 8.776407474921486638e-21
1.214638595197451650e+04 4.268599770222405740e-20 9.051552816153733296e-21
1.215273167522945732e+04 4.604961813497973746e-20 9.852707075964113910e-21
1.215907736297903830e+04 4.902502523449139929e-20 9.780109680256895788e-21
1.216542301520238289e+04 4.960087080294213725e-20 9.448234595924224944e-21
1.217176863187488561e+04 2.417778284435733576e-20 9.295021706996825570e-21
1.217811421299408903e+04 1.345730896555719366e-20 8.397679296751150825e-21
1.218445975853915661e+04 3.340589750449837975e-20 9.481466218930297707e-21
1.219080526848177396e+04 3.944080698111307426e-21 8.736337887908869780e-21
1.219715074281214402e+04 4.294973206536098690e-20 1.011689722849295299e-20
1.220349618151674804e+04 4.697608672790835396e-20 9.530490474629083290e-21
1.220984158457449848e+04 2.518414396553918025e-20 9.611574336129470957e-21
1.221618695196457884e+04 3.196134370276308995e-20 9.841278955088468430e-21
1.222253228367715383e+04 2.308415627471778258e-20 9.017700648669966979e-21
1.222887757968752339e+04 -8.868802866911775014e-23 9.168893431161202717e-21
1.223522283998206512e+04 3.065471810626592858e-20 9.422730120686461740e-21
1.224156806454720208e+04 2.516520397789084178e-20 9.256515900603638537e-21
1.224791325335453439e+04 3.197182305441934406e-20 9.325633614874524329e-21
1.225425840640167553e+04 3.041831615968006212e-20 9.101266916181515673e-21
1.226060352366012012e+04 3.087717438737413871e-20 9.607671422213544486e-21
1.226694860511989828e+04 3.563531277086610365e-20 1.034314909142957383e-20
1.227329365075629357e+04 4.037531970506636425e-20 9.155297457710656857e-21
1.227963866055945982e+04 1.302242669761925875e-20 9.470190483948258380e-21
1.228598363449708995e+04 2.953903567561079394e-20 9.452087953258852431e-21
1.229232857257422438e+04 1.931101805156206585e-20 9.156499319453522602e-21
1.229867347475846509e+04 3.604675366103156057e-20 9.367639610885880400e-21
1.230501834103626970e+04 1.025929360036148472e-20 9.753052190854629515e-21
1.231136317139025050e+04 1.511170433538116040e-20 9.240349765025841784e-21
1.231770796579925081e+04 2.441575467726339499e-20 8.528330252736949176e-21
1.232405272425702788e+04 1.837087938840991170e-20 9.174031042283288215e-21
1.233039744673120003e+04 2.893064237600588271e-20 1.000571572804590600e-20
1.233674213321939351e+04 2.982877583161867756e-20 9.307389515313384770e-21
1.234308678369291374e+04 4.017059479812480967e-20 9.957741639477045869e-21
1.234943139813427842e+04 2.485569765364624929e-20 9.526500587818431010e-21
1.235577597653345038e+04 2.092103264534379401e-20 8.743850739108777772e-21
1.236212051886556037e+04 1.990111010957555313e-20 9.209416994680499804e-21
1.236846502512442748e+04 2.447815402901212020e-20 9.424268921690170792e-21
1.237480949527748817e+04 2.089606172914197874e-20 9.645103634870047302e-21
1.238115392931845781e+04 4.577993751704018872e-20 8.912863913585539282e-21
1.238749832722235078e+04 3.865123565422192874e-20 9.173896946441141326e-21
1.239384268897921902e+04 2.615417082439162830e-21 9.022829642644962345e-21
1.240018701456776944e+04 3.703304083480098719e-20 9.655345184957682377e-21
1.240653130396287634e+04 3.374624653820587298e-20 8.835644903995039668e-21
1.241287555716203315e+04 4.002062445871151293e-20 8.772240089175628229e-21
1.241921977414023240e+04 1.529887124453842482e-20 9.167965219250064454e-21
1.242556395487990994e+04 1.937664720305088522e-20 9.620958200244346491e-21
1.243190809935591642e+04 2.871561991634583210e-20 9.529225405454763780e-21
1.243825220756568160e+04 1.901994919623773345e-20 9.105005874226349232e-21
1.244459627948034722e+04 4.385875089507202431e-20 9.378474074809242063e-21
1.245094031508612898e+04 2.030982380650485842e-20 1.062105554618687738e-20
1.245728431437297695e+04 3.031359531572784387e-20 9.634229636489159435e-21
1.246362827730424397e+04 3.736357038784801439e-20 9.502685031965491882e-21
1.246997220387745256e+04 3.480482721194960889e-20 9.400689718042740609e-21
1.247631609407124779e+04 3.196474000871762876e-20 9.335225939738839899e-21
1.248265994787175623e+04 3.149397698802329360e-20 9.108362454370545915e-21
1.248900376524989770e+04 1.531787938307208564e-20 9.272193885715231150e-21
1.249534754619929117e+04 3.646149533792062028e-20 8.970293111293310184e-21
1.250169129070238341e+04 2.374612919616731836e-20 8.833058489919394291e-21
1.250803499873386136e+04 3.867891521594038162e-20 8.584802429785207997e-21
1.251437867027600805e+04 2.536043842171890861e-20 8.952221259884838218e-21
1.252072230531860805e+04 4.640392114173653236e-20 9.474145590685253920e-21
1.252706590384022638e+04 2.534721109340754419e-20 8.796283657423755459e-21
1.253340946582314427e+04 2.197872257068117482e-20 9.538671717103175489e-21
1.253975299124960839e+04 1.210227195719621045e-21 9.278524821070528680e-21
1.254609648010177989e+04 2.819579989960615681e-20 9.588352939497860623e-21
1.255243993235809285e+04 4.541899213863345102e-20 1.000548864128576464e-20
1.255878334800846460e+04 2.357898013666553887e-20 9.629356680996010090e-21
1.256512672703129283e+04 2.517714327091563898e-20 9.994900260431207768e-21
1.257147006941255131e+04 4.626984202393109736e-20 9.639876944370983981e-21
1.257781337512289792e+04 2.055803518772988216e-20 9.554768507089341386e-21
1.258415664415225729e+04 2.889177307583376072e-20 9.537507567502895485e-21
1.259049987648281058e+04 2.508304456099657770e-20 9.212619960637953884e-21
1.259684307210436418e+04 3.847768841514548722e-20 9.205762913616241258e-21
1.260318623098360149e+04 2.450874909484885007e-20 8.504809880763520730e-21
1.260952935311431247e+04 4.535456620548170826e-20 8.949949997224465759e-21
1.261587243847094032e+04 4.768117491159195227e-20 8.934696514318415996e-21
1.262221548703944791e+04 2.823807005313926645e-20 9.125985759389461942e-21
1.262855849880563983e+04 -5.936362699458631768e-21 8.777330145142843044e-21
1.263490147374021581e+04 2.777648197556137719e-21 8.672552036431205504e-21
1.264124441184063107e+04 1.575834370447719760e-20 8.809126697914508360e-21
1.264758731308128336e+04 3.140375320107446853e-20 9.015437248771087012e-21
1.265393017743258861e+04 1.651921301972488436e-20 8.725328920141031813e-21
1.266027300490744710e+04 2.828287708593556130e-20 9.013999882135297951e-21
1.266661579545330460e+04 2.416339280813570093e-20 9.149512347802035669e-21
1.267295854907143985e+04 3.443420627129806195e-20 8.908371773305163945e-21
1.267930126574379574e+04 3.919686155945699985e-20 8.526137107515710764e-21
1.268564394544082461e+04 1.341192365050737608e-20 7.777137187763802383e-21
1.269198658815618182e+04 3.448431651068640080e-20 8.409111424486190547e-21
1.269832919387184666e+04 2.726330960040386115e-20 8.735681439598568624e-21
1.270467176255428058e+04 2.720957301994467717e-20 8.315136511870032775e-21
1.271101429420862223e+04 3.187276441843682452e-20 8.136108941563219896e-21
1.271735678880145861e+04 4.789559591893507970e-20 8.426904572775827552e-21
1.272369924631859612e+04 2.513435999584341728e-20 8.572278940395679970e-21
1.273004166674578119e+04 2.550241943684507652e-20 9.719761225135979124e-21
1.273638405005328968e+04 2.577611678121077550e-20 8.723526440067350244e-21
1.274272639623087889e+04 1.106813697749007581e-20 8.087956101830600458e-21
1.274906870527207502e+04 2.310134426173321169e-20 8.735594276804658627e-21
1.275541097713158342e+04 1.341333258862852820e-20 9.618619662397324660e-21
1.276175321180673927e+04 4.020852427070822495e-20 8.817615768081202219e-21
1.276809540929504692e+04 1.506590527163444809e-20 9.145575379097734635e-21
1.277443756955119352e+04 2.071493332171939399e-20 8.159678102159790232e-21
1.278077969256474535e+04 2.100971427698637191e-20 8.521039368908101387e-21
1.278712177833690293e+04 4.275529567932055913e-21 9.024293661866315615e-21
1.279346382682240255e+04 3.588116921343223797e-20 8.919260099225520129e-21
1.279980583801082321e+04 3.866287218434831861e-20 8.472359185374679680e-21
1.280614781190340545e+04 4.128077607862081148e-20 9.904215784057229266e-21
1.281248974845460543e+04 2.104361094977295279e-20 8.806154720680762807e-21
1.281883164765020592e+04 1.841619261832287402e-20 8.816836482238548622e-21
1.282517350949538195e+04 3.636420372675171598e-20 9.046554268630645234e-21
1.283151533395624938e+04 3.241606724758144315e-20 8.296490452724282981e-21
1.283785712099887314e+04 2.537854140326648478e-20 8.633599962678141118e-21
1.284419887062853559e+04 2.684067894058109802e-20 9.966769056927297687e-21
1.285054058282305959e+04 3.383266206837596926e-20 9.555653906085370684e-21
1.285688225756020620e+04 2.472219185942162405e-20 9.257923206842968369e-21
1.286322389481770551e+04 4.047221377369314058e-20 1.010028622182497369e-20
1.286956549457344590e+04 9.762087175176044064e-21 9.614615638256265866e-21
1.287590705682869884e+04 2.179181528849370817e-20 9.664384702620351481e-21
1.288224858155722541e+04 2.842147553410139298e-20 1.003935873484826805e-20
1.288859006872107966e+04 3.630612519467786416e-20 9.345802815082299726e-21
1.289493151832550757e+04 2.293989406182627159e-20 9.560226526672300827e-21
1.290127293034431932e+04 1.801630057190576979e-20 9.136258876524695366e-21
1.290761430476298483e+04 -1.119479459232142943e-20 9.247439886543328219e-21
1.291395564155526154e+04 3.052921379173435744e-20 9.048345901807839729e-21
1.292029694069890684e+04 3.448541375786891049e-20 9.018336412486761237e-21
1.292663820219910303e+04 2.363398276567618017e-20 8.674513253244494642e-21
1.293297942601374962e+04 4.186504466689935305e-20 9.868634396970649281e-21
1.293932061212836925e+04 3.050854519608215641e-20 9.063779864714082640e-21
1.294566176053243362e+04 3.138607896781810440e-20 9.770084947758486869e-21
1.295189845139113095e+04 3.938056002970947760e-20 1.036264285896926444e-20
1.295823951185411897e+04 2.100926957295767972e-20 9.319898855610958942e-21
1.296458053905929592e+04 2.735151581417379423e-20 8.694664598323583869e-21
1.297092152850546518e+04 2.455514406988455706e-20 8.632943463776433362e-21
1.297726248014035991e+04 5.294448029813568667e-20 9.380398200088014666e-21
1.298360339396073141e+04 2.538982491651454227e-20 9.748190728950790993e-21
1.298994426992514673e+04 3.926541404883892267e-20 1.011925209245135889e-20
1.299628510803048084e+04 3.206844169957295783e-20 9.967436950440232434e-21
1.300262590826584164e+04 4.017717251403319381e-20 9.689236438719892085e-21
1.300896667058561616e+04 3.182052080467870084e-20 9.546313767310041342e-21
1.301530739499438641e+04 3.399425566341298217e-20 9.302527186168080032e-21
1.302164808146208452e+04 3.921425320484201073e-20 9.603693317310862593e-21
1.302798872997000944e+04 4.766783487460013643e-20 9.513232326730285984e-21
1.303432934050741278e+04 3.675651009727340552e-20 9.337700051426137029e-21
1.304066991306340969e+04 4.675983743121548488e-20 9.644506621552640160e-21
1.304701044759228353e+04 1.800674317487721094e-20 9.461592316170136041e-21
1.305335094447725533e+04 3.081411234115778769e-20 8.707781434573315719e-21
1.305969144854454134e+04 3.187287654665762083e-20 9.730969488640565074e-21
1.306603191750584665e+04 1.394726532076104376e-20 8.450143353572823565e-21
1.307237234839781013e+04 4.258434732819149046e-20 9.663289697584658930e-21
1.307871274118767178e+04 3.395790757666424512e-20 9.927990249367083837e-21
1.308505309584918177e+04 1.924091538992306892e-20 9.706409062046135628e-21
1.309139341237524968e+04 3.245587253292382130e-20 9.479787376989504661e-21
1.309773369073552385e+04 3.298324275879615462e-20 9.241106416246134577e-21
1.310407393091882659e+04 1.815341656049218794e-20 9.441834977821460837e-21
1.311041413289494085e+04 4.178990473445360775e-20 8.891764238909448421e-21
1.311675429665674710e+04 4.695683095736254791e-20 9.224232958429554544e-21
1.312309442218155164e+04 2.325704068496253693e-20 9.416940736235427950e-21
1.312943450944662254e+04 1.898458435157230224e-20 9.826836013710982992e-21
1.313577455843722782e+04 4.342928179234597250e-20 1.034126134862685601e-20
1.314211456914230257e+04 1.251290793206325898e-20 9.131584128874844133e-21
1.314845454152350067e+04 1.870131913352094707e-20 1.008775566888995928e-20
1.315479447558535867e+04 2.231831560897599649e-20 1.014330334517120082e-20
1.316113437128973965e+04 1.404725232121447208e-21 8.956816808139821278e-21
1.316747422863321663e+04 2.439493113148258914e-20 8.896709699883997207e-21
1.317381404758129429e+04 3.107418321674326484e-20 1.043048959154973798e-20
1.318015382812683674e+04 2.820344310654058248e-20 9.165485601367159641e-21
1.318649357024330129e+04 2.267959464714386652e-20 9.058705271484806822e-21
1.319283327392334650e+04 2.853137325840288840e-20 9.071448939446176604e-21
1.319917293913241156e+04 2.049123837906479072e-20 9.654573182513462081e-21
1.320551256585943702e+04 3.562855835142852902e-21 9.349040662945880543e-21
1.321185215408555268e+04 8.071394410018806752e-21 9.163814272670688614e-21
1.321819170379169373e+04 2.630533689621434698e-20 9.409441216466281418e-21
1.322453121495897176e+04 2.734978981240545107e-20 9.916422133629652349e-21
1.323087068756848930e+04 -2.030034451909846163e-21 9.239413929865600935e-21
1.323721012160120699e+04 2.122075689333130475e-20 9.527078066171044798e-21
1.324354951703803999e+04 1.017519231116708465e-20 9.175062521534528613e-21
1.324988887386010720e+04 -1.230042932468624826e-20 8.952173611477061041e-21
1.325622819200961385e+04 2.145389247012611953e-20 9.682296918975557284e-21
1.326256746699854739e+04 3.913665919257989671e-20 9.046375872028909522e-21
1.326880189103709017e+04 2.639989975225878360e-20 8.593910358889204217e-21
1.327514108527358258e+04 3.505844011550099340e-21 8.492161141910483103e-21
1.328148024079135939e+04 2.643692014237019869e-20 9.285967829730802845e-21
1.328781935758740292e+04 3.716409367338445274e-20 9.242463617734662293e-21
1.329415843562657938e+04 2.732356568639313648e-20 9.721289908724010320e-21
1.330049747490598565e+04 3.676755177002260851e-20 9.160353796734016954e-21
1.330683647539018602e+04 2.525959899213391741e-20 9.518840721237268875e-21
1.331317543707630284e+04 5.106042854340863861e-20 9.959341063100962688e-21
1.331951435992904044e+04 3.999468580080206352e-20 9.438930418111873796e-21
1.332585324394141753e+04 1.201991197013405537e-20 8.883445267842121248e-21
1.333219208909002737e+04 3.106832733008481117e-20 8.873403651647185348e-21
1.333853089535181607e+04 3.113730173956899668e-20 8.717424669961892433e-21
1.334486966271571509e+04 2.674032755531517109e-20 8.535249233524744863e-21
1.335120839115429590e+04 4.400072605197339355e-20 8.591930102904406315e-21
1.335754708064833358e+04 5.660676807609598173e-21 9.678095305256645137e-21
1.336388573119498506e+04 2.835164594414406317e-20 9.035214617115125259e-21
1.337022434275056003e+04 3.433443926682324324e-20 9.018415844709063816e-21
1.337656291531602619e+04 2.471858025119234869e-20 8.256012824247166482e-21
1.338290144886004055e+04 1.416826984573730416e-20 8.410158391646824430e-21
1.338923994336740179e+04 1.833681065430923177e-20 8.164621707374149027e-21
1.339557839882284134e+04 2.280459434317109754e-20 8.977842299937075185e-21
1.340191681520293423e+04 2.686208327839971235e-20 8.398460388572305937e-21
1.340825519248847922e+04 4.560780258789597327e-20 8.908536898091188626e-21
1.341459353065194955e+04 8.761864263688209232e-21 9.679685963959722984e-21
1.342093182969021836e+04 1.246401965237718691e-20 9.213606084264026005e-21
1.342727008957589533e+04 1.938715066492797251e-20 9.412601106936255872e-21
1.343360831028143548e+04 3.807041915885447757e-20 9.610782859353755924e-21
1.343994649179966109e+04 4.056792364181018983e-20 9.474022299327775982e-21
1.344628463410296536e+04 -3.234336260100004989e-22 8.553596299961532554e-21
1.345262273718024699e+04 3.874021936573696291e-20 9.082690777573368698e-21
1.345896080100798645e+04 1.443044967884214250e-20 8.567530774547067152e-21
1.346529882557068413e+04 2.323587514500518835e-20 9.191927392994572227e-21
1.347163681084087330e+04 2.376210379740613841e-20 9.150757945731701836e-21
1.347797475680728894e+04 2.794963595957782630e-20 8.667049188921481841e-21
1.348431266343804782e+04 4.464993110430563897e-20 9.116124534236782422e-21
1.349065053072601586e+04 1.160060600746145450e-20 9.144246068638575518e-21
1.349698835864356079e+04 3.836431417790939383e-20 8.960923684116167569e-21
1.350332614717525394e+04 2.448390731776357788e-20 8.505426122919394299e-21
1.350966389630968843e+04 1.989530899899724439e-20 8.941376335879947961e-21
1.351600160601514654e+04 2.307322197422801484e-20 9.333291624266790482e-21
1.352233927627204321e+04 4.215996954820381337e-20 9.245401431045139600e-21
1.352867690706483882e+04 2.405912807569570071e-20 8.959857783794082223e-21
1.353501449837816654e+04 6.160720002628451022e-20 9.611465889831903413e-21
1.354135205018423221e+04 4.878224812767423479e-20 9.245504469231103419e-21
1.354768956247164169e+04 3.337400974756134745e-20 9.411927232172063094e-21
1.355402703521658987e+04 3.858986076163295203e-20 9.331875818857593761e-21
1.356036446839129894e+04 3.314108556940013883e-20 9.506493017409619585e-21
1.356670186199269665e+04 2.180185885765551223e-20 9.199641836253810692e-21
1.357303921599267051e+04 2.568803484694445794e-21 9.230527009236282926e-21
1.357937653036759002e+04 1.948180508813342135e-20 9.218664056427654652e-21
1.358571380510607923e+04 1.620510760515906665e-20 9.520162358646962933e-21
1.359205104017587291e+04 4.211973496857235200e-20 9.128787852013575380e-21
1.359838823557392971e+04 3.088270246634850678e-20 9.615513300448037121e-21
1.360472539127230993e+04 2.148547878010976941e-20 8.963374257210433843e-21
1.361106250724291567e+04 2.710656539497876778e-20 9.882075722642996176e-21
1.361739958347838183e+04 2.436633166312185556e-20 9.320679656941676579e-21
1.362373661995494695e+04 2.440183858793063831e-20 8.935164109260646338e-21
1.363007361665282770e+04 3.914868606185016056e-20 9.342243357550866885e-21
1.363641057355625708e+04 5.356269411785238784e-20 8.732545486288281520e-21
1.364274749063309901e+04 1.201928104346761635e-20 8.896448037991961434e-21
1.364908436787604478e+04 3.571132629679752806e-21 9.061765765249753271e-21
1.365542120526101644e+04 3.348112860367720040e-20 9.605938225521488970e-21
1.366175800276820883e+04 4.610530023923603115e-20 9.332577913009010513e-21
1.366809476038202411e+04 1.632864093307345558e-20 8.799450041392230826e-21
1.367443147807002970e+04 9.523565687575853475e-21 8.396160298096929948e-21
1.368076815582478775e+04 2.057187344106769434e-20 8.938419456370026791e-21
1.368710479361819489e+04 3.307955877833419935e-20 9.387547936293120743e-21
1.369344139143453503e+04 2.823062067892636713e-20 8.548105217506789369e-21
1.369977794925790295e+04 6.323817495086339399e-21 8.798694009315278837e-21
1.370611446706855531e+04 3.422085193993300309e-20 8.750874256385466734e-21
1.371245094483397588e+04 2.500088233384188588e-20 9.484801760015268522e-21
1.371878738254246855e+04 2.733959276093818328e-20 9.957707981051933042e-21
1.372512378017834635e+04 2.658028869085343444e-20 9.066732113814098573e-21
1.373146013771747494e+04 2.918287737004581545e-20 8.622631678970148029e-21
1.373779645513559444e+04 1.282421782518183412e-20 8.694610041955448410e-21
1.374413273241685602e+04 1.143393035971594969e-20 8.538531104190797159e-21
1.375046896954135991e+04 9.283653560109966659e-21 9.105675439800448089e-21
1.375680516649324818e+04 2.141890506801032988e-20 9.059297821570489375e-21
1.376314132324814091e+04 1.242113572158264047e-20 8.758597162448061488e-21
1.376947743978192375e+04 2.471806406550253794e-20 8.402702448439364590e-21
1.377581351607872966e+04 2.131896729637654086e-20 9.104201179921059354e-21
1.378214955211408051e+04 2.910465176992298966e-20 9.983872757953303413e-21
1.378848554788069123e+04 3.309235339440317878e-21 9.065615468789441589e-21
1.379482150334580729e+04 2.252040668415368977e-20 9.401327271621190162e-21
1.380115741849761071e+04 1.553730364181819068e-20 9.058109512946973453e-21
1.380749329330336332e+04 3.924318468744173770e-22 9.186850798012234904e-21
1.381382912775986915e+04 1.822942470894893181e-20 8.442985836624670550e-21
1.382016492182995535e+04 2.843397218509244827e-20 8.796353708042327495e-21
1.382650067550611857e+04 1.025430996505158119e-20 8.687878768934021776e-21
1.383283638876403347e+04 1.760237293771739594e-20 9.497559247095588739e-21
1.383917206158767476e+04 1.187380069985108865e-20 8.858758488560155437e-21
1.384550769394825875e+04 1.418109409362663788e-20 9.066009870574324572e-21
1.385184328582993658e+04 1.652361731027883632e-20 9.152703267302530689e-21
1.385817883720393183e+04 3.837193428435723226e-20 9.887604082669351702e-21
1.386451434807103942e+04 2.787806364335205665e-20 9.073085567895388121e-21
1.387084981838995191e+04 3.085909866966203012e-20 9.661519578835361443e-21
1.387718524815309866e+04 1.621753534658047816e-20 8.748966695291909775e-21
1.388352063733151044e+04 5.622746932845207404e-21 8.834771872770801313e-21
1.388985598591353482e+04 2.421781930894013500e-20 8.371662262259645989e-21
1.389619129387458997e+04 3.054131849762652218e-20 9.210089877413299789e-21
1.390252656119417952e+04 1.532681297155545179e-20 8.417512767677975830e-21
1.390886178784779440e+04 -3.646557342027171765e-22 8.086691307547830900e-21
1.391519697381935839e+04 1.782828571482923632e-20 8.895269002645881052e-21
1.392153211908409321e+04 2.171654248608166961e-20 9.028831078148625039e-21
1.392786722363870103e+04 2.096621556531588744e-20 9.587964372566533686e-21
1.393420228744151973e+04 5.605753591319131092e-21 9.451049288856552707e-21
1.394053731048055670e+04 2.454363386821536526e-20 9.726156514065445462e-21
1.394687229273535013e+04 3.398535381809777512e-20 9.314065808106310540e-21
1.395320723419410024e+04 2.997512227235805302e-20 9.091285786587240424e-21
1.395954213481488114e+04 2.231355843295869931e-20 8.706363206509397452e-21
1.396587699459853320e+04 4.129802377853917801e-21 9.439612524894218990e-21
1.397221181351185442e+04 8.261479581665441483e-21 8.790046569231582370e-21
1.397854659153855209e+04 5.937255567746387153e-21 9.802702397807453108e-21
1.398488132865370426e+04 2.100224872071120471e-20 8.930169860193383851e-21
1.399121602484979121e+04 1.994815417126756885e-20 9.618358396842740152e-21
1.399755068009335628e+04 1.166401533798360395e-20 9.023386898014965744e-21
1.400388529436797762e+04 4.405957942989585075e-20 8.881467832764371565e-21
1.401021986764893882e+04 2.146615926747414228e-20 8.772537482744022469e-21
1.401655439992851825e+04 2.208022621434758148e-20 8.677642948807732800e-21
1.402288889117304461e+04 2.147572519505497656e-20 8.797133956007539491e-21
1.402922334136206337e+04 1.609848033585460804e-20 8.772805608410314611e-21
1.403555775048353098e+04 3.011012045187730230e-20 9.485355685316898372e-21
1.404189211851661821e+04 1.376311577736640731e-20 9.028910826693935661e-21
1.404822644542791386e+04 2.045737239538464557e-20 9.359340812004097790e-21
1.405456073120533802e+04 3.632057244563249977e-20 9.215335648778464657e-21
1.406089497583234333e+04 2.943951395355682846e-20 9.114607008916877562e-21
1.406722917927893286e+04 2.563024960708993062e-20 8.676375622812428845e-21
1.407345747856410708e+04 2.835293859181395929e-23 8.489584737624613590e-21
1.407979159152083957e+04 2.435384572551735034e-20 1.007106056158707123e-20
1.408612566328248795e+04 4.729861013206296948e-20 1.043665522479199790e-20
1.409245969378927475e+04 1.122897824188317576e-20 8.575520449587765326e-21
1.409879368301186150e+04 1.955805502868394535e-20 8.199431410102962914e-21
1.410512763093800095e+04 3.053151470809156520e-20 8.266521546664760115e-21
1.411146153754263105e+04 2.274781888134207096e-20 8.557982844218166971e-21
1.411779540279631874e+04 3.084794145576676115e-20 9.334178409748948453e-21
1.412412922669106047e+04 3.512540660450792177e-20 8.843421545254788332e-21
1.413046300920606154e+04 2.193481206474685920e-20 8.580580956286357638e-21
1.413679675031183615e+04 1.592883448332520335e-20 8.899498702609269230e-21
1.414313044999594604e+04 6.420844479806814293e-22 8.563594005034353144e-21
1.414946410822071084e+04 2.188575560745269064e-20 9.376672428081512815e-21
1.415579772499041246e+04 1.178201416543045354e-20 9.010165163824337258e-21
1.416213130026744693e+04 1.697959606094895521e-20 9.183202219772231636e-21
1.416846483403922321e+04 1.534572578333838978e-20 9.345931333840936858e-21
1.417479832627613723e+04 1.013426563317620168e-20 8.379165795833487366e-21
1.418113177695738523e+04 1.952454466480194091e-20 8.818320036399078874e-21
1.418746518607470352e+04 2.913507240407004384e-21 9.446023167649046152e-21
1.419379855359000430e+04 2.489853681628754384e-20 8.652733599536633333e-21
1.420013187949505664e+04 3.027150178521682561e-20 9.046798259196253572e-21
1.420646516376043837e+04 2.658914750033114980e-20 8.755934640630639079e-21
1.421279840637341840e+04 4.030703891699705991e-20 9.716290734571697895e-21
1.421913160730883283e+04 1.286016459495384664e-20 8.890861797310374472e-21
1.422546476654138314e+04 1.682244847997272971e-20 7.925056051895691312e-21
1.423179788406253283e+04 1.516105519013980979e-20 9.129930280113717289e-21
1.423813095983430503e+04 3.197385203824185182e-20 8.976746127458804746e-21
1.424446399384411416e+04 3.292825022119416747e-20 8.875029648572699792e-21
1.425079698607921091e+04 1.466797317397487933e-20 8.433289417782374705e-21
1.425712993650147291e+04 1.588938342490068812e-20 1.039851006184256479e-20
1.426346284509403267e+04 1.529951127236495704e-20 8.883149951394888130e-21
1.426979571185263922e+04 7.494669553349028663e-21 9.099724589532723264e-21
1.427612853673072641e+04 2.985128777236214800e-20 9.155193834437092968e-21
1.428246131973249794e+04 2.430158969861287078e-20 9.062593805262088444e-21
1.428879406080681292e+04 4.103452358181166889e-20 8.233048249957377512e-21
1.429512675996249527e+04 2.532070028711179562e-20 8.230184660294235996e-21
1.430145941716550988e+04 3.681208938203001866e-20 8.308528995934166817e-21
1.430779203239004528e+04 2.021508659150129295e-21 7.784418682322960114e-21
1.431412460561928128e+04 8.008614518286334576e-21 1.003489728991391415e-20
1.432045713678774155e+04 2.680849470517673454e-20 9.048021997697707168e-21
1.432668344099888418e+04 3.194751105867451390e-20 9.611333050590527270e-21
1.433301588004725454e+04 3.230941265089281028e-20 9.195159704268999536e-21
1.433934827701412542e+04 2.010220707379808878e-20 9.090271335465419339e-21
1.434568063187813459e+04 1.789273369305971419e-20 8.420057935631848376e-21
1.435201294461360339e+04 3.612921548745561990e-20 8.463386223817609119e-21
1.435834521521227362e+04 2.258962574251102512e-20 8.525568127596253531e-21
1.436467744363508609e+04 5.606705438728954777e-21 8.758870073201796996e-21
1.437100962987840103e+04 9.653287640197147146e-21 8.026743482618191195e-21
1.437734177390737023e+04 1.673399067526734501e-20 8.025372972552919612e-21
1.438367387570061692e+04 1.458005929578822332e-20 8.421798790976862062e-21
1.439000593525002296e+04 2.569168203478028536e-20 8.438308562168722356e-21
1.439633795251177253e+04 3.142926923979575355e-20 8.602814038171109020e-21
1.440266992748223856e+04 3.003338988841025994e-20 9.170589793603583039e-21
1.440900186013551320e+04 1.867530953502771292e-20 8.864455436724605114e-21
1.441533375046321089e+04 2.723403504091182914e-20 7.892690962271053871e-21
1.442166559841730668e+04 2.620164359219779602e-20 9.021247479242701069e-21
1.442799740398956601e+04 1.724608812475483838e-20 8.483221261982759382e-21
1.443432916715822830e+04 2.334865137158334747e-20 8.788990801198800822e-21
1.444066088791083530e+04 3.148111818211316159e-20 8.703123623364128833e-21
1.444699256620345295e+04 1.550386483653496208e-20 9.223553419986745401e-21
1.445332420203660331e+04 1.944394254494136265e-20 8.824258391896533538e-21
1.445965579537993472e+04 1.872518949693843421e-20 9.799230104944671097e-21
1.446598734620725918e+04 1.147143889632333806e-20 8.728431506912184440e-21
1.447231885449680885e+04 1.521656114556006445e-20 9.673725330425901418e-21
1.447865032023601452e+04 2.393578087072750651e-20 8.292785435493072865e-21
1.448498174339858815e+04 2.770194311054372966e-20 9.187515520024434360e-21
1.449131312396281828e+04 1.158306819873657259e-20 8.198019439958986430e-21
1.449764446191157367e+04 2.422534771781447174e-20 8.263810786892370366e-21
1.450397575720953137e+04 2.982954248738829385e-20 8.989146970854895257e-21
1.451030700985292606e+04 3.382998332286077161e-20 9.238363483257269090e-21
1.451663821980660759e+04 5.949721078648284477e-21 8.653530211081194375e-21
1.452296938705757566e+04 1.514284780105521506e-20 8.983636219079769935e-21
1.452930051157074013e+04 2.874462307157380709e-20 9.524585866442973442e-21
1.453563159333773910e+04 2.531558887091050506e-20 9.129559371801157360e-21
1.454196263233204809e+04 2.014324859568545007e-20 8.352306633027555178e-21
1.454829362853205566e+04 1.712073319645002869e-20 8.882456519798142596e-21
1.455462458191132646e+04 3.226074214798114256e-20 8.596837629953151632e-21
1.456095549245235270e+04 2.756950548326415706e-20 8.355494727889750443e-21
1.456728636014243602e+04 2.437140381661756853e-20 9.348505031910974770e-21
1.457361718494152956e+04 2.439316482953217197e-20 9.445269162691281047e-21
1.457994796683671484e+04 1.225586923622247943e-20 9.179302446487482990e-21
1.458627870581065872e+04 9.145577698712539452e-21 9.248053256800723796e-21
1.459260940183223647e+04 2.145038524801656479e-20 8.747231446111967567e-21
1.459894005488859329e+04 5.352246472246906587e-21 8.112324224465698189e-21
1.460527066495327381e+04 6.878179266196070387e-21 8.514583118935771857e-21
1.461160123199957525e+04 1.990969637097357650e-20 8.781284686467292065e-21
1.461793175601016264e+04 9.438133171859148936e-22 9.077649738080829867e-21
1.462426223696751549e+04 1.697199869577402997e-20 8.399851201207833019e-21
1.463059267484035627e+04 2.177303060981889918e-20 8.445243823288172675e-21
1.463692306961135546e+04 4.360783198844167624e-20 7.922641450265861253e-21
1.464325342125833959e+04 3.219500426177494563e-20 8.426208982856164432e-21
1.464958372975914062e+04 1.640972827104736070e-20 8.653876301743176218e-21
1.465591399509632720e+04 1.326283732940046035e-20 8.468794673965772618e-21
1.466224421723857085e+04 1.974496595800208587e-20 8.690610354397812685e-21
1.466857439616829288e+04 2.396358026786481688e-20 9.547934254436940933e-21
1.467490453186340892e+04 1.972118949217627735e-20 9.530941874540269850e-21
1.468123462430157269e+04 2.122223765440992296e-20 9.453556127057808274e-21
1.468756467346074169e+04 2.952362569820658386e-21 8.506307887980871121e-21
1.469389467931870058e+04 2.233403481855771219e-21 8.199873235769145339e-21
1.470022464185305762e+04 1.835580906764938403e-20 9.062680451272513458e-21
1.470655456104176665e+04 2.807179847855489065e-20 9.748738539082188364e-21
1.471288443686249229e+04 2.667109929868908517e-20 8.971302979506058245e-21
1.471921426927919674e+04 6.794465822229898700e-22 9.630373890447574174e-21
1.472554405829712596e+04 1.490136591989423858e-20 8.598291189638796891e-21
1.473187380388012753e+04 1.907846323441676789e-20 9.532857176335782100e-21
1.473820350600595157e+04 1.664441296494182254e-20 8.830191436103700615e-21
1.474453316465233547e+04 1.745241152090435259e-20 9.163632757723917179e-21
1.475086277979672559e+04 1.343342090915208621e-20 8.496145599057519444e-21
1.475719235141693935e+04 2.672893778854615868e-20 9.279770824019703695e-21
1.476352187948596838e+04 2.105091071475366424e-20 8.890661315981873232e-21
1.476985136399044677e+04 2.327520102019031376e-20 9.274414098519644226e-21
1.477618080489439490e+04 1.098788444268952753e-20 7.810364466818966566e-21
1.478251020219357270e+04 1.307522048490929346e-20 8.585364605483239951e-21
1.478883955585640069e+04 1.736099359085908250e-20 8.195635703643493792e-21
1.479516886585590692e+04 3.521369869617119594e-20 8.235747963140758782e-21
1.480149813217401788e+04 3.103019897807612477e-20 8.292935299457284941e-21
1.480782735478838367e+04 1.251414126918401525e-20 8.379011109929714639e-21
1.481415653367648883e+04 6.461510234970686916e-21 8.479220011126554420e-21
1.482048566882023624e+04 9.362756979788549693e-21 8.257907614977879875e-21
1.482681476018349167e+04 1.890542954957580491e-20 8.363366390527457232e-21
1.483314380775275640e+04 3.181870511409068638e-20 8.368480025206101077e-21
1.483947281151466268e+04 1.897041636961275938e-20 7.724196903411649290e-21
1.484580177143291985e+04 2.176902255307887392e-20 9.255206744595156769e-21
1.485213068749394552e+04 3.675001846267388551e-20 9.157482524292949917e-21
1.485845955966603651e+04 1.490256615413439835e-20 7.938304662177654983e-21
1.486478838792653551e+04 1.424006947965457757e-20 9.280912701303416579e-21
1.487111717226185465e+04 2.070204351520897470e-20 9.000790671913813050e-21
1.487744591264490191e+04 3.473933771359152755e-20 9.128123210621894254e-21
1.488377460904824875e+04 2.891935066925588084e-20 8.184845777143663478e-21
1.489010326145842191e+04 4.247115656733857089e-20 8.687642951001059190e-21
1.489643186985281500e+04 -1.846081819164130889e-20 8.754262484841544750e-21
1.490276043419459347e+04 2.393485275610222320e-20 8.833418943820540929e-21
1.490908895447507166e+04 1.981406899798990973e-20 8.590566023823579168e-21
1.491541743066217532e+04 3.078961394722177161e-20 9.299588334847121170e-21
1.492174586273758723e+04 4.338374663074901055e-20 9.730165253500139264e-21
1.492807425068337216e+04 2.217674984075941392e-20 8.364045951119119765e-21
1.493440259446724849e+04 1.941325855006407777e-20 8.006939549416978729e-21
1.494073089407107727e+04 2.380136635309620134e-20 8.187186755098137368e-21
1.494705914947671590e+04 2.986282326002884104e-20 8.586928265355164826e-21
1.495338736065179546e+04 2.690904771691510855e-20 7.843945346257082700e-21
1.495971552757827885e+04 3.656744802602688910e-21 7.638805346053061750e-21
1.496604365023783976e+04 3.353946848535034264e-20 8.679074047990634607e-21
1.497237172859815473e+04 2.969856139033621825e-20 8.409744981403761119e-21
1.497869976264111392e+04 1.742294397829730837e-20 9.613574049811056780e-21
1.498502775234349247e+04 2.630950843287049881e-20 8.271107386361899883e-21
1.499124863719961286e+04 2.147237742417245894e-20 8.991237574306760603e-21
1.499757652527448226e+04 4.939807552745824498e-20 9.017095764008754877e-21
1.500390437361098338e+04 2.450661303535154211e-20 8.463229970211017456e-21
1.501023217754976758e+04 1.816059698651798495e-20 8.204585388145711375e-21
1.501655993704118555e+04 3.111184250561410496e-20 9.087173539154351958e-21
1.502288765204857191e+04 2.043905271207126442e-20 8.978653341990440455e-21
1.502921532254886188e+04 3.420985172938788155e-20 8.950119126418261627e-21
1.503554294852796738e+04 1.603550477746396981e-20 9.480187698141736924e-21
1.504187052995843260e+04 1.395133715452305232e-20 8.527346700219658119e-21
1.504819806681694718e+04 3.962695359322250742e-20 9.103073713174348958e-21
1.505452555907587521e+04 1.601331755016685522e-20 8.290629577164696451e-21
1.506085300672579797e+04 6.274735363864722556e-21 8.290663686495340835e-21
1.506718040972513518e+04 1.831495183745750073e-20 8.409813232805156278e-21
1.507350776806448630e+04 3.022770903645447174e-20 8.361174583961695264e-21
1.507983508171143694e+04 3.763378327524034291e-20 8.564633469979063482e-21
1.508616235064273860e+04 2.489325196279045824e-20 9.027910858961437588e-21
1.509248957484910352e+04 1.561864353590729992e-20 8.915235376521824040e-21
1.509881675429793904e+04 1.841580222988358330e-20 8.930909219276778469e-21
1.510514388896604396e+04 1.584676038507450051e-20 7.746481412903488976e-21
1.511147097883005699e+04 2.549463807310528237e-20 9.351233664109370692e-21
1.511779802386195479e+04 1.812909148229949847e-20 8.734882533400357740e-21
1.512412502404318548e+04 6.118777983848220890e-21 8.273777215751692722e-21
1.513045197935026590e+04 1.870768899990934509e-20 9.213698319532069396e-21
1.513677888975997121e+04 -2.696135461366324128e-21 8.370685626998597772e-21
1.514310575525352760e+04 1.257584142332802466e-20 8.384888702120051094e-21
1.514943257579816782e+04 8.388072510148019222e-21 8.428125438928522239e-21
1.515575935137518354e+04 2.490377119881333728e-20 8.717763555668552564e-21
1.516208608195646957e+04 2.347729650594183229e-21 9.688405742803693018e-21
1.516841276752791418e+04 2.662229065291783408e-20 8.930581126475768455e-21
1.517473940806610699e+04 2.067102435117951069e-20 7.767322128801797897e-21
1.518106600353807880e+04 1.206444079899830948e-20 9.105511189435258423e-21
1.518739255392051382e+04 3.945885979311341439e-20 9.054850336958550323e-21
1.519371905919906749e+04 4.796327620731951195e-20 8.722573657271804213e-21
1.520004551934563460e+04 2.408101012125377101e-20 8.295082632486266568e-21
1.520637193429128274e+04 3.903257204249216452e-20 9.425555946174831750e-21
1.521259095254782915e+04 2.212312440391429199e-20 9.060442500676071651e-21
1.521891726895718966e+04 -5.866465959450295621e-21 9.327544712633668312e-21
1.522524354013439188e+04 6.421968311155516355e-21 8.463181388613026159e-21
1.523156976606070020e+04 7.138530269051419040e-21 8.073533913684141960e-21
1.523789594672677413e+04 4.515878656733520845e-21 8.428623773532754562e-21
1.524422208208022857e+04 2.647874131165152871e-20 7.794672173020272634e-21
1.525054817210709734e+04 2.578420273838633830e-20 8.108587987042339251e-21
1.525687421679307045e+04 2.957115923133744692e-20 9.308396284563334076e-21
1.526320021611455923e+04 2.439461926206290903e-20 9.658195475947296060e-21
1.526952617003827436e+04 2.500162310063476295e-20 8.090168909050953301e-21
1.527585207854992586e+04 3.014189399694196251e-20 8.369389914772502974e-21
1.528217794161635902e+04 1.826594652706139599e-20 8.046423775371694800e-21
1.528850375921840168e+04 -2.479470683518282057e-21 8.046568671765099656e-21
1.529482953132759758e+04 1.422933404171398741e-20 8.476077484997452406e-21
1.530115525793450615e+04 1.583715877713302201e-20 8.793516440294826447e-21
1.530748093900559252e+04 3.891603273752284926e-21 8.073171183353272509e-21
1.531380657450759827e+04 2.543972974987707231e-20 8.792855444117430128e-21
1.532013216444046157e+04 3.811829402313087002e-20 8.382457345451659838e-21
1.532645770875164453e+04 3.372482873222927465e-20 8.290920971534944634e-21
1.533278320743161021e+04 -1.087568868667036412e-20 9.038997613153714309e-21
1.533910866046116280e+04 4.201637574408747820e-20 8.462524202882037877e-21
1.534543406781655176e+04 1.034466645738637569e-20 8.299636929361763280e-21
1.535175942945917268e+04 1.348009092254614203e-20 8.365228379434010841e-21
1.535808474537968141e+04 3.217589290255064703e-20 8.582870793551699518e-21
1.536441001554919239e+04 2.246156334658683622e-20 8.275462015673644090e-21
1.537073523993885283e+04 2.759939539761378293e-20 8.928030051949869968e-21
1.537706041853441457e+04 2.361027781875863830e-20 8.329312674765811166e-21
1.538338555130196983e+04 2.394262563966059795e-20 8.327604230778241513e-21
1.538971063823216718e+04 3.331849090119974161e-20 8.625917113175985087e-21
1.539603567928149096e+04 1.497700624982788906e-20 8.893655106069449688e-21
1.540236067435800942e+04 3.351280666821929379e-20 8.813721646487929996e-21
1.540868540040547487e+04 -3.352898880717202656e-21 8.069357118066686155e-21
1.541501001998365973e+04 1.711211727700021811e-20 9.093194482464737222e-21
1.542133459360531560e+04 1.250580436710949926e-20 9.133603370897726042e-21
1.542765912123644193e+04 3.253000724018576585e-20 9.174787653368108261e-21
1.543398360286746538e+04 -1.771933108382348190e-20 8.061823926166025743e-21
1.544030803844999718e+04 7.598539080836874839e-21 8.690945112790826551e-21
1.544663242797905696e+04 -1.015132748756222511e-20 8.336791655167446199e-21
1.545295677143063949e+04 -8.821936760145730911e-21 7.832636272181402155e-21
1.545928106876086531e+04 1.986696408223365514e-20 9.067528312749680764e-21
1.546560531997476028e+04 6.767382568704816516e-21 8.651853254841653444e-21
1.547192952502856497e+04 2.726685554039304768e-20 8.985226280903105167e-21
1.547825368390277981e+04 1.380043298015051293e-20 8.714025327198209667e-21
1.548457779657323954e+04 1.346781611033553003e-20 8.902100502525379037e-21
1.549090186302023176e+04 9.557989004705865164e-21 8.115264885318860425e-21
1.549722588320991053e+04 3.151517352034845765e-20 8.514952566899836151e-21
1.550354985711287736e+04 1.097510669673038939e-20 8.546973607141565470e-21
1.550987378472915407e+04 1.700669420990169242e-20 8.845386010398842163e-21
1.551619766601489937e+04 1.213603462680241232e-20 8.487195342062972169e-21
1.552252150094550962e+04 6.470496289114562139e-21 8.603665903214071313e-21
1.552884528950652020e+04 8.799337697945308600e-21 9.449993524097930306e-21
1.553516903166838347e+04 2.145045498662885550e-20 8.767514933983138357e-21
1.554149272740188826e+04 2.541727233904922345e-20 9.352567714280323406e-21
1.554781637669714291e+04 2.971361892086514840e-20 9.098485181844737299e-21
1.555413997950512749e+04 4.081400893564903179e-21 9.611902474418621599e-21
1.556046353582103438e+04 2.522134623900244818e-21 9.216518890261015026e-21
1.556678704562495659e+04 2.832868664607027043e-20 9.163656356765610155e-21
1.557311050887298734e+04 2.418542283866596845e-20 9.343990667294208928e-21
1.557943392554527418e+04 9.574658984777802686e-21 9.649379593073501882e-21
1.558575729563197820e+04 2.359150434420433176e-20 8.401774220751805678e-21
1.559208061909872049e+04 8.069845636022240164e-21 8.235128135122000053e-21
1.559840389591579333e+04 1.957375307879572798e-20 8.612948601627932107e-21
1.560472712606366440e+04 1.855321380427864671e-20 8.830636557994532155e-21
1.561105030952232664e+04 1.662508703197945910e-20 8.408669950747574712e-21
1.561737344625745573e+04 7.235028386714516480e-21 9.225407076786583592e-21
1.562369653624422790e+04 2.131278562687966278e-20 8.741222744690704110e-21
1.563001957947266965e+04 2.330873886571060436e-20 9.477578154475668013e-21
1.563634257589844492e+04 2.452482003988436571e-20 9.432604381228462690e-21
1.564266552551136738e+04 -2.370355598873611420e-21 9.231203249215993261e-21
1.564898842828194029e+04 1.635855729467896192e-20 1.097398414892586554e-20
1.565531128418515982e+04 4.679733848993585349e-20 1.113686938159977773e-20
1.566163409320128812e+04 1.318658753986184810e-19 1.204009536164265036e-20
1.566795685529061302e+04 2.506477304885225938e-19 1.251946117689695228e-20
1.567427957043810784e+04 2.171177256748862762e-19 1.188046784844664681e-20
1.568060223861902523e+04 3.098784453155208920e-19 1.351221009373300464e-20
1.568692485981812752e+04 1.319306707090385908e-19 1.150457460745735406e-20
1.569324743399591898e+04 4.753035188125018114e-20 1.020717248971075898e-20
1.569956996112727029e+04 2.053724254238952915e-20 9.399992451714119006e-21
1.570589244119228897e+04 1.259023369441164511e-20 9.373589805365247800e-21
1.571221487417092249e+04 2.085117303766491565e-20 8.800532375751519173e-21
1.571853726003319389e+04 2.466251959525192283e-20 8.547768944451452422e-21
1.572485959874925538e+04 8.861480565408720004e-21 9.171265754064347655e-21
1.573118189030378744e+04 1.410952715227139057e-20 9.552256952789512905e-21
1.573750413465711063e+04 1.596431848760851587e-22 8.977899951673378518e-21
1.574382633180378070e+04 2.885677675113621865e-20 9.301496250595301336e-21
1.575014848170896948e+04 -4.661978773275001526e-21 9.280561392238876261e-21
1.575647058433755592e+04 5.047423760227801231e-21 9.581185749258938249e-21
1.576279263968427949e+04 8.752122429964654922e-21 9.851724674820763858e-21
1.576911464771416649e+04 3.001014232687629404e-20 9.640094407207184110e-21
1.577543660838696087e+04 2.386018388239334588e-20 9.659437778702351183e-21
1.578175852170755388e+04 2.541977520275240288e-20 9.032369396336349274e-21
1.578808038762998149e+04 2.305496938310724082e-20 1.001460265627723513e-20
1.579429407178354813e+04 1.776466085668786995e-20 1.031387840007670553e-20
1.580061583450546095e+04 1.739215673306086825e-20 1.021599221310472592e-20
1.580693754979412188e+04 2.863105458178715443e-20 9.705703738766938231e-21
1.581325921758830737e+04 9.676803362859976058e-22 9.506333447991630648e-21
1.581958083787243959e+04 1.753161497974332171e-20 8.948471690161956401e-21
1.582590241060671178e+04 2.122435949809049526e-20 9.248028339061757245e-21
1.583222393576561444e+04 2.446484567550073176e-20 9.982526231067529321e-21
1.583854541333857014e+04 1.889228288076614222e-20 1.032281820648038799e-20
1.584486684328061347e+04 2.398640614900826632e-20 9.914819343273132703e-21
1.585118822558103966e+04 -1.103905144216027387e-20 1.027867968172513638e-20
1.585750956020466401e+04 1.191931623749919854e-20 1.007940159866957188e-20
1.586383084713093376e+04 3.304723641165066162e-20 9.925958667029348482e-21
1.587015208633458860e+04 1.357597096826838115e-20 8.961770765679741704e-21
1.587647327779974694e+04 1.026356204731838441e-20 9.866730220279459910e-21
1.588279442148155249e+04 7.677564076727953725e-21 1.046406159456689141e-20
1.588911551736399451e+04 2.475505393912076403e-20 1.045493942839060660e-20
1.589543656542186363e+04 1.778093629531150588e-20 9.290253754795546843e-21
1.590175756562944116e+04 3.164895113073359239e-20 9.815949285506636954e-21
1.590807851796139767e+04 3.380713291461681918e-20 9.723269245376844198e-21
1.591439942240171877e+04 2.145499303372630774e-20 9.022695879146777064e-21
1.592072027889560195e+04 2.128143092030451185e-20 9.499492676127939522e-21
1.592704108745654412e+04 -9.749589027358826292e-21 1.074143076038262081e-20
1.593336184802953176e+04 3.183558957909701595e-20 9.797088275627007016e-21
1.593968256059865962e+04 5.368593956907198143e-21 9.481235148022217240e-21
1.594600322512849561e+04 3.062681594143880639e-20 9.565268868647275697e-21
1.595232384162284325e+04 4.093745163610149244e-20 9.925387540384896705e-21
1.595864441001680643e+04 2.089591218174729073e-20 9.516185258048495391e-21
1.596496493032366016e+04 1.609331008673759197e-20 9.546350238192657212e-21
1.597128540246886405e+04 2.081559450802725041e-20 9.976158602278857934e-21
1.597760582648534546e+04 8.110664250604797215e-22 9.662224791340099930e-21
1.598392620225105929e+04 1.464185045703943601e-20 9.251030774036075809e-21
1.599013813773692527e+04 2.711787999578736043e-20 9.837275004910376344e-21
1.599645840876503462e+04 3.869500950987122178e-20 1.012067157306321722e-20
1.600277863156147032e+04 2.941368307531726735e-20 1.054686602870410012e-20
1.600909880603434794e+04 1.269701692302841085e-20 9.477155036286010950e-21
1.601541893221827559e+04 8.489122683249385565e-21 9.072992765764129098e-21
1.602173901004708932e+04 2.659565442969117175e-20 9.464148243736668983e-21
1.602805903953017150e+04 -4.155188961707136050e-21 9.838421333192917691e-21
1.603437902059607768e+04 -4.182942464455584284e-21 9.262461057629033230e-21
1.604069895325937432e+04 1.043556399394682789e-20 9.551084384480325562e-21
1.604701883747378815e+04 1.557114349854989197e-20 9.834169484346080354e-21
1.605333867321848629e+04 1.600260843856024762e-20 9.854748226784978068e-21
1.605965846047240484e+04 -2.609369455227997960e-21 8.974397772577531922e-21
1.606597819918937421e+04 1.025181006919901770e-20 9.364500712563485205e-21
1.607229788938886304e+04 2.408551649552973175e-20 9.731794768305226535e-21
1.607861753097894689e+04 4.238164146356253721e-20 9.723202747800571134e-21
1.608493712398927528e+04 3.599704554871612644e-20 1.005709723555780718e-20
1.609125666836339042e+04 1.797753018938611145e-20 8.935426405015964160e-21
1.609757616410051196e+04 4.521830947671816162e-21 9.344660654249056442e-21
1.610389561114398748e+04 7.251028688349336554e-21 9.443782355683228992e-21
1.611021500947272762e+04 2.471034457663951798e-20 9.937339135827670239e-21
1.611653435910643384e+04 2.834723918103793023e-20 1.011616550947276213e-20
1.612285365994754648e+04 3.556960550449264052e-20 1.101301500377619395e-20
1.612917291202586603e+04 4.062478489878631355e-20 1.003021600667373113e-20
1.613549211528469823e+04 1.505244513202896911e-20 9.829320037389208525e-21
1.614181126971799131e+04 -2.882209043335643764e-21 8.761428199021947275e-21
1.614813037528437962e+04 8.492666793349692451e-21 9.108637634766687065e-21
1.615444943194707776e+04 2.284103988876517549e-20 9.025603278410949150e-21
1.616076843972605457e+04 2.947750283940261439e-20 8.967703961254184101e-21
1.616708739853336556e+04 1.832863359968908010e-20 9.329773394526315835e-21
1.617340630837349090e+04 6.112234169917469562e-21 9.557789041938754586e-21
1.617972516925588934e+04 -4.721459776243616716e-21 8.729589374462480183e-21
1.618604398108238456e+04 1.719401070778086650e-20 8.806467030272040158e-21
1.619236274388302627e+04 1.087303556215837133e-20 8.508633393806789777e-21
1.619868145759022445e+04 2.025433197537914129e-20 9.926648157043850327e-21
1.620500012219820746e+04 2.511081437995196243e-20 9.662380773934516750e-21
1.621131873771628307e+04 5.034740666392725301e-21 8.802153244861083596e-21
1.621763730404624221e+04 2.617562196613139256e-21 9.555717438775978913e-21
1.622395582120755353e+04 7.174762013889184911e-21 9.379015247195724357e-21
1.623027428917398902e+04 1.296213562540785864e-21 9.210572294840578954e-21
1.623659270787754213e+04 8.997269102803973571e-21 9.253678338999243684e-21
1.624291107736396771e+04 1.032762816823159876e-20 9.513456256857461972e-21
1.624922939753438186e+04 2.752737736582890775e-20 9.902791515902806240e-21
1.625554766839319745e+04 1.812358456132245605e-20 8.930629231494199279e-21
1.626186588994984231e+04 8.550255328889407024e-20 1.008277350636367016e-20
1.626818406209511704e+04 2.200470919317536227e-19 1.224626760922068615e-20
1.627450218485399637e+04 1.125708240081664526e-19 1.087739437884122994e-20
1.628082025823586446e+04 3.185994578559596982e-20 9.274985993846842108e-21
1.628713828212630142e+04 2.516726133504647192e-20 9.463157542609663015e-21
1.629345625655011463e+04 4.911820067168034980e-21 8.980973447211490146e-21
1.629977418151695565e+04 2.220786427827662088e-20 9.025467844095299113e-21
1.630609205692219984e+04 1.103396827071987237e-20 9.825057312399852490e-21
1.631240988276002099e+04 1.612302114284195826e-20 9.163299861365748989e-21
1.631872765907068060e+04 2.080144121859091542e-22 9.024788078022634926e-21
1.632504538573951322e+04 1.826996830642265541e-21 9.486448097607202676e-21
1.633136306277055701e+04 2.004476149838764458e-20 8.797728430243965265e-21
1.633768069017344533e+04 6.100404705665728561e-21 9.215137994636707841e-21
1.634399826786404446e+04 2.101217521047988622e-20 9.917144276692190826e-21
1.635031579582593076e+04 8.011381600890716884e-20 1.064058911974037584e-20
1.635663327409965495e+04 6.531892185105711187e-20 9.623401951750768729e-21
1.636295070255954488e+04 3.337159726815806614e-20 9.901843297947855834e-21
1.636926808123063893e+04 3.611234418328598612e-20 9.739382295588894999e-21
1.637558541012232854e+04 1.614099608018533493e-20 9.022622882197776826e-21
1.638190268911921885e+04 1.862552460540166256e-20 9.958464668536779510e-21
1.638821991824619909e+04 7.579759722939759692e-21 9.488186931341694675e-21
1.639453709750244525e+04 9.507514338935969434e-21 9.596778886209166790e-21
1.640085422679816475e+04 4.674687126267965695e-21 9.202644479371783225e-21
1.640717130614296548e+04 3.443381373557126822e-20 9.308763793190646381e-21
1.641348833549906340e+04 3.798467024183874295e-20 9.831778670071369406e-21
1.641980531487616463e+04 2.286538697188764432e-20 8.649054850067250925e-21
1.642612224417891775e+04 2.617854404592808268e-20 8.662804071652365086e-21
1.643243912342223848e+04 2.652488975726164194e-20 9.430798867095473922e-21
1.643875595259438342e+04 1.678051780176835444e-20 9.194522731964837352e-21
1.644507273163697755e+04 2.447648586683971679e-20 1.006795678436331828e-20
1.645138946052783649e+04 3.533231074229124137e-20 1.028830411155144441e-20
1.645770613923461860e+04 1.887170171465693346e-20 9.414520122986449529e-21
1.646402276777185762e+04 2.112023187032005805e-20 9.103124185868591591e-21
1.647033934604946262e+04 4.388394926745343462e-20 8.719393323310327796e-21
1.647665587407673593e+04 2.913283855023427158e-21 8.997045699430982885e-21
1.648297235182641816e+04 4.049881739938556394e-20 1.009320777171575220e-20
1.648928877928690781e+04 3.132498373757246291e-20 9.165708926145242357e-21
1.649560515638879588e+04 3.281113707508333490e-20 9.711224411952291009e-21
1.650192148310739867e+04 2.153757085687230863e-20 9.315663378866664592e-21
1.650812865059471005e+04 2.485421970909681634e-20 9.734551807993961014e-21
1.651444486807078647e+04 1.733501040679375638e-20 9.095385153609184873e-21
1.652076103509753375e+04 2.124310284293640339e-20 9.315782839381361495e-21
1.652707715166343769e+04 2.154194422176746138e-20 9.803187803356999179e-21
1.653339321772097901e+04 3.038460165044074615e-20 9.577211781486973914e-21
1.653970923326298362e+04 2.368617607625082891e-20 9.203897065425239634e-21
1.654602519823099647e+04 1.725016135424648692e-20 8.739890788460404788e-21
1.655234111260776262e+04 3.773772773761297925e-20 1.049231095698541211e-20
1.655865697637631456e+04 1.581029340807646904e-20 9.613935373697037974e-21
1.656497278953974819e+04 1.105444856980866541e-20 9.638328477456130458e-21
1.657128855198788733e+04 2.623779428343445535e-20 9.523433426098501589e-21
1.657760426374460076e+04 5.451138688281154595e-20 1.017230763367000277e-20
1.658391992479257533e+04 1.512812379737629247e-20 9.359673398235153620e-21
1.659023553506851385e+04 1.285041134357018125e-20 8.442747234478590473e-21
1.659655109460076710e+04 3.062295139139343163e-20 1.028312332635651063e-20
1.660286660328468497e+04 4.144426241059890752e-20 9.597987862434759342e-21
1.660918206114375789e+04 3.896406488207288848e-21 9.000755110651068138e-21
1.661549746815589242e+04 1.250863264018000139e-20 9.979203256142849267e-21
1.662181282426730468e+04 3.681412193164839516e-20 9.188082279343888162e-21
1.662812812947583734e+04 2.923332597713872135e-21 9.197967323062813953e-21
1.663444338370710102e+04 1.603396545774021710e-20 8.314743742912696973e-21
1.664075858697474541e+04 2.985982235800852168e-20 9.642188599614966068e-21
1.664707373924582862e+04 1.711125582701726328e-20 9.446328506040398897e-21
1.665338884048762338e+04 -5.175448317227826266e-21 9.291177012318820207e-21
1.665970389069755402e+04 6.980251698874743941e-21 1.024068113382493485e-20
1.666601888978053830e+04 1.574066709030348443e-20 9.790304515346931574e-21
1.667233383776010669e+04 1.164687119254309260e-20 9.838726819535454601e-21
1.667864873459848604e+04 7.094745985600621706e-20 1.111705637463140700e-20
1.668496358022384811e+04 7.038328801170231752e-20 1.044882551702365628e-20
1.669116902079005013e+04 7.948982664776283570e-20 1.046896155597829694e-20
1.669748375557722829e+04 7.741152119173643215e-20 1.030609206315002623e-20
1.670379843910449927e+04 4.514767541308018339e-20 9.929312820850330315e-21
1.671011307133819355e+04 4.427395133886826754e-20 1.071125829683618824e-20
1.671642765226649499e+04 1.779185439784717976e-20 1.068802417881846836e-20
1.672274218185040081e+04 1.561740883022216510e-20 1.033918567994525202e-20
1.672905666007801483e+04 2.634171898165651157e-20 1.009344129304303865e-20
1.673537108692635957e+04 2.292664366779954365e-20 9.539405319201330353e-21
1.674168546232998415e+04 1.311765104359865027e-20 8.883670950414112864e-21
1.674799978627654127e+04 2.792971045909447005e-21 9.719358358789079935e-21
1.675431405875410564e+04 7.208967269474568329e-21 9.496033490410141854e-21
1.676062827970741273e+04 -9.918806341889566855e-21 8.769210950698849171e-21
1.676694244914060982e+04 -2.981109980362376176e-20 9.812279333491338483e-21
1.677325656699841784e+04 1.637040653856648277e-20 9.001882680820818401e-21
1.677957063329028097e+04 3.016010144893941212e-20 9.217892546425868668e-21
1.678588464792862942e+04 1.024274572808332727e-20 9.095446837521991407e-21
1.679219861093365034e+04 1.078132982061447110e-20 8.675588851774961754e-21
1.679851252224993004e+04 3.775768445592162701e-20 8.699982324890238096e-21
1.680482638186539771e+04 3.424548157274375939e-20 9.384397685164504303e-21
1.681114018974072678e+04 -1.135094602663487861e-20 9.040366813338721918e-21
1.681745394585302347e+04 8.937479205497638280e-21 8.579398775882692510e-21
1.682376765018449441e+04 3.942300114314470231e-20 9.512086914495767896e-21
1.683008130270141919e+04 2.346578211136955715e-20 9.991544000617755962e-21
1.683639490335359733e+04 2.427818559552895571e-20 9.484095367734090648e-21
1.684270845213424400e+04 7.335448481711465949e-21 9.090611179886092446e-21
1.684902194901469920e+04 1.215163061924592120e-20 9.424278763703987447e-21
1.685533539393952378e+04 2.105176145553964072e-20 1.004005527830923035e-20
1.686164878691783815e+04 1.083349559015711774e-20 9.655211668433645279e-21
1.686796212789959100e+04 3.232083135959451293e-20 9.902967911392673683e-21
1.687427541686140103e+04 3.197814501445996884e-20 9.290644869023604467e-21
1.688058865376397807e+04 2.172413372044133228e-20 9.161991380016438443e-21
1.688690183861099649e+04 2.969019959688952463e-21 8.901718420135630619e-21
1.689321497134689344e+04 6.899907653598435505e-21 1.005699055117802457e-20
1.689952805195359906e+04 1.815210612477679555e-20 9.547952429327993942e-21
1.690584108038633349e+04 1.853662203418904003e-20 1.079763894943326844e-20
1.691215405662155899e+04 2.795260285030210963e-20 1.130537610928245071e-20
1.691846698064159864e+04 9.966672641541932348e-21 1.027470694539536344e-20
1.692477985241200804e+04 1.057100149385480800e-22 9.510113351872784681e-21
1.693109267191512117e+04 1.502671844730840338e-20 9.687561310754505556e-21
1.693740543910009364e+04 2.940774562047846854e-20 9.609771573212836040e-21
1.694371815394376245e+04 4.740861161203044646e-21 9.405244715425782267e-21
1.695003081642788675e+04 5.332456574918956016e-21 1.014180543523371243e-20
1.695634342651843326e+04 9.859127321264572428e-21 1.082238573535400272e-20
1.696265598417526780e+04 1.338404981802742640e-20 1.056646683927737352e-20
1.696896848939158735e+04 1.814451559514393594e-20 9.916808229202378342e-21
1.697528094211632560e+04 2.939738560901375946e-20 1.060067368078373113e-20
1.698159334235353526e+04 1.524160934700900495e-20 9.258095483143570041e-21
1.698790569003027485e+04 1.372901822272610477e-20 9.359293999277357667e-21
1.699421798515602859e+04 1.982187137121975416e-20 9.274499428035585562e-21
1.700053022767418588e+04 5.158388032633204776e-21 1.029058620906194166e-20
1.700684241757778727e+04 4.438864206895991704e-20 1.016393405109016293e-20
1.701315455481018216e+04 7.776776384715193104e-21 1.041638106389978279e-20
1.701946663936983896e+04 -4.937697746899859465e-21 9.901784107411159727e-21
1.702577867121651434e+04 8.797299721699150498e-21 9.807601732227183287e-21
1.703209065032120634e+04 1.110482250228725175e-20 1.089913103964948846e-20
1.703840257664364253e+04 2.609251625867321416e-20 9.716161074559290296e-21
1.704471445017671795e+04 1.060963784105403442e-20 1.034644245035651171e-20
1.705102627086913708e+04 1.613512783201755095e-20 1.071907096851239057e-20
1.705733803871374766e+04 4.049924521825307297e-21 9.747007607976961857e-21
1.706364975365921782e+04 1.493612875088905381e-20 9.435084255690244175e-21
1.706996141569835527e+04 1.263061917117570378e-20 9.641325896166362542e-21
1.707627302477980629e+04 1.246788833253050659e-20 9.681073586464523473e-21
1.708258458089629858e+04 -5.967522035879237732e-22 9.546150844275562130e-21
1.708889608399646386e+04 9.716664348320301455e-21 1.034982889895422118e-20
1.709520753407294615e+04 2.778162028626374008e-20 9.766374634470973152e-21
1.710151893106334683e+04 3.387796154610858180e-20 1.052404822557208743e-20
1.710783027498230149e+04 2.413201349567860370e-20 1.160205124778507830e-20
1.711414156576740061e+04 2.262259474249206307e-20 1.070092870436862053e-20
1.712045280341113175e+04 6.003188826993297566e-21 9.800964969731982680e-21
1.712676398786209393e+04 1.032120758669739298e-20 9.804374751213563354e-21
1.713307511910168250e+04 -1.849189880399700738e-21 9.733500935032403239e-21
1.713938619710610510e+04 8.977429058872884282e-22 1.038473413636752914e-20
1.714569722184006969e+04 2.175607557249714313e-22 9.213347512112911296e-21
1.715200819326074998e+04 1.066864565885770009e-20 9.866672155672198592e-21
1.715820909738101545e+04 2.426385089591457656e-20 9.709967102535444791e-21
1.716451995350559446e+04 1.285822993101469040e-20 9.671416384986677749e-21
1.717083075629882660e+04 2.517379442601253457e-20 9.667659256820993148e-21
1.717714150565104865e+04 2.367094441084862947e-21 8.522404449877542244e-21
1.718345220158075972e+04 2.169561838542342223e-20 9.551943099381839490e-21
1.718976284400469376e+04 1.251038353260291617e-20 8.980827566380662853e-21
1.719607343294132443e+04 1.870286604044052546e-21 9.272612987637539851e-21
1.720238396831795035e+04 4.746407328808185046e-21 9.419437581177519458e-21
1.720869445013178847e+04 -1.108245393487142888e-20 9.391013117289696221e-21
1.721500487835859894e+04 -1.606151408435562678e-20 9.756795740188893746e-21
1.722131525295239771e+04 4.689835583507607067e-21 1.102691184395888071e-20
1.722762557389387439e+04 -1.304763733784778762e-20 1.115936968846129335e-20
1.723393584113185716e+04 1.359528387373837239e-20 9.303700110022831792e-21
1.724024605467407673e+04 4.660381670502083319e-20 9.649110700337008665e-21
1.724655621444767894e+04 1.008483215313698111e-19 1.116524846813898413e-20
1.725286632046025989e+04 8.219245720381508193e-20 1.045561842596373780e-20
1.725917637264980658e+04 1.760360788055918786e-20 9.942533998770300687e-21
1.726548637101852000e+04 1.901141729981020810e-20 9.520318781886205062e-21
1.727179631550427075e+04 5.894015349656374636e-21 9.540072315232672940e-21
1.727810620610928891e+04 3.460549152100584250e-20 1.023939079295242020e-20
1.728441604277660736e+04 1.052703883968224738e-20 1.041451321005260145e-20
1.729072582548148057e+04 -1.571201559531451906e-21 1.008091428765960678e-20
1.729703555421573037e+04 3.373494829026458446e-20 9.511763089628436671e-21
1.730334522891666347e+04 1.851848306494644412e-20 9.649071496107141968e-21
1.730965484958661909e+04 -8.356960283315705538e-21 1.022694271556273259e-20
1.731596441615758886e+04 3.287606026487103776e-20 1.016711577879647761e-20
1.732227392859419706e+04 1.811690655784321220e-20 1.052251386565649924e-20
1.732847314117176211e+04 2.450999466510671267e-20 9.943199978817100154e-21
1.733478253672064602e+04 -2.543613334115172634e-21 9.155555824467217084e-21
1.734109187809299328e+04 4.010010248976377980e-20 1.017250233779229232e-20
1.734740116523002143e+04 1.265604243551301927e-20 9.994855804065890917e-21
1.735371039811296214e+04 1.111771747739206552e-20 9.877422053176492605e-21
1.736001957670569755e+04 9.561175595997900654e-21 1.116286717403987746e-20
1.736632870097247360e+04 1.527182393331422348e-20 9.893664489366092309e-21
1.737263777087717608e+04 7.878864080607831708e-21 1.051070338850714025e-20
1.737894678640647180e+04 1.414440308722053473e-20 9.919446023847533670e-21
1.738525574753557157e+04 2.277453615857861545e-21 9.897705649048033878e-21
1.739156465420588574e+04 3.685312993159286067e-20 1.101746016112818828e-20
1.739787350642091042e+04 1.272492152576977519e-20 9.937909593753538885e-21
1.740418230411622426e+04 1.192217766309874290e-20 9.687905414960515682e-21
1.741049104728412567e+04 2.071330318257446086e-21 9.803611044477344219e-21
1.741679973590523150e+04 1.345949069982885976e-20 9.972005669261544906e-21
1.742310836990405005e+04 3.099594663468695714e-20 9.816250399594499399e-21
1.742941694930068843e+04 4.662469902076301340e-22 9.948747269591787640e-21
1.743572547403658245e+04 8.267373105756506146e-21 8.940400798345058557e-21
1.744203394408091845e+04 2.104692583929093657e-21 8.654257762161599459e-21
1.744834235940328654e+04 7.259145698132156265e-21 9.459899509505717805e-21
1.745465071997860287e+04 1.408855643121566999e-20 9.982784619519065950e-21
1.746095902579333051e+04 8.233221151446465009e-21 8.916453273945699808e-21
1.746726727678274983e+04 3.765704913406510702e-20 9.866450386726033770e-21
1.747357547295020049e+04 3.269904581482768493e-21 9.601055092549814572e-21
1.747988361421960872e+04 2.107920095845736726e-20 8.836432856645917686e-21
1.748619170059989847e+04 2.482204271358382628e-20 9.751998989887418975e-21
1.749249973206620416e+04 2.962746110143036485e-20 9.815243712542748104e-21
1.749880770855338051e+04 2.416272119645806632e-20 1.021418250490729999e-20
1.750511563006503275e+04 3.068280102394176136e-20 9.061332460890043413e-21
1.751142349652454868e+04 -2.102644179319647273e-21 9.254664419414311989e-21
1.751773130795257384e+04 -5.264344940212139525e-21 8.833160760903954563e-21
1.752403906428959090e+04 6.658848101573988012e-21 9.683204154902220035e-21
1.753034676550480435e+04 -8.258425477341066126e-22 9.462415579522485016e-21
1.753665441157869645e+04 5.780855072924411357e-21 9.644736041283362822e-21
1.754296200246888111e+04 -6.524123876320319760e-22 9.597526344190466160e-21
1.754926953815019442e+04 1.076647504259434954e-20 9.066553316589111102e-21
1.755557701859725421e+04 8.445558086257611060e-21 9.722052597310757512e-21
1.756188444376781263e+04 1.436723710859031339e-20 9.363757421427670254e-21
1.756819181363631287e+04 1.346127935953264523e-20 8.738300241016558968e-21
1.757449912818343728e+04 -1.739202349235528605e-21 8.935935321340625637e-21
1.758080638734926106e+04 2.064881834307383040e-21 8.964189983382345927e-21
1.758711359112576974e+04 5.609648666135621617e-21 9.558260917252770687e-21
1.759342073947601239e+04 2.318348213231341165e-20 9.464271494822893102e-21
1.759972783236891337e+04 1.281352008703611505e-20 9.559338371713959860e-21
1.760603486977907232e+04 1.696084658311377974e-20 9.444012164770988703e-21
1.761234185166373572e+04 1.149292964220895385e-20 9.080750719716873419e-21
1.761864877797460576e+04 1.346095717122627338e-20 9.230834741998879802e-21
1.762495564873771946e+04 1.478954746738679502e-20 9.938273402033985492e-21
1.763126246388184518e+04 4.199901446496803349e-21 1.079778012021855513e-20
1.763756922336395291e+04 3.970740894810197587e-20 1.029002745833340661e-20
1.764387592718173255e+04 6.680209075024456480e-21 1.070563156386704288e-20
1.765018257529221592e+04 2.983186027980497006e-20 1.030096885117585418e-20
1.765648916766990078e+04 2.160713755447815314e-20 1.026727241415567606e-20
1.766279570426613282e+04 3.745558107153150644e-20 1.062502472677528090e-20
1.766910218505519515e+04 5.014402718355159766e-21 9.514724381735422151e-21
1.767540861002893507e+04 4.580133560538349531e-21 9.279264379914732460e-21
1.768171497912104314e+04 2.203318010338001887e-20 8.962790312180776495e-21
1.768802129231765502e+04 1.127970010770163500e-20 9.011925166959832870e-21
1.769432754961017417e+04 1.153054937982366431e-20 9.240813943245768351e-21
1.770063375092104252e+04 1.798178919990682504e-21 9.161524581536156960e-21
1.770693989624176174e+04 1.980821613931628993e-20 9.712277086654594235e-21
1.771324598556397177e+04 2.260554210674548062e-20 9.104225060346637704e-21
1.771955201880981986e+04 7.630718038920876241e-21 9.244844776334114594e-21
1.772585799597077130e+04 2.715408866641436994e-20 9.975259952043238547e-21
1.773216391702699548e+04 -5.421937555418280707e-22 9.044983245690243742e-21
1.773846978192338793e+04 2.513139953896217300e-20 1.028844909627229526e-20
1.774477559064015441e+04 2.361791327759131719e-20 9.584411965524312416e-21
1.775108134315604548e+04 1.322771620028880718e-20 9.853943048572141825e-21
1.775727617251567790e+04 3.474629267479253877e-21 9.186315660681160288e-21
1.776358178583584595e+04 6.095445644030623927e-21 9.652052990983734435e-21
1.776988734770015071e+04 -8.765787454606634499e-21 1.016788743803549199e-20
1.777619285324531666e+04 3.478433756268809349e-21 1.202495572855223786e-20
1.778249830242486860e+04 1.283603502150080759e-20 9.427452977959988359e-21
1.778880369521849207e+04 2.613130878926392831e-20 1.014074377616583771e-20
1.779510903155448977e+04 1.457467140074074657e-21 9.550414592170168665e-21
1.780141431142944930e+04 -1.032235514187071542e-20 9.461772904973863616e-21
1.780771953482284880e+04 2.444708141720745939e-20 9.094112126027928747e-21
1.781402470166282001e+04 2.849361509275693087e-21 9.428296099426242326e-21
1.782032981193468368e+04 1.403243665693301376e-21 9.256820426438769607e-21
1.782663486564052801e+04 2.221191279667109109e-20 9.822461812708014634e-21
1.783293986270301320e+04 -7.462399049921315068e-22 9.179065517350118538e-21
1.783924480310118452e+04 4.529900294541329124e-21 9.515054730622144706e-21
1.784554968682034450e+04 2.599246781558426283e-20 8.773589401763176389e-21
1.785185451381133680e+04 -1.198836568125470265e-20 9.046499238121257861e-21
1.785815928404758961e+04 2.612981741909852534e-20 8.796516742759785452e-21
1.786446399749151897e+04 2.679758797056258798e-20 1.133087999063048656e-20
1.787076865412229745e+04 2.502186232764387654e-20 9.475716704877428910e-21
1.787707325390777623e+04 -3.895282386532077234e-21 9.176664391180431359e-21
1.788337779678158404e+04 1.349024342905948628e-22 9.342195746154175959e-21
1.788968228278012248e+04 2.634851072665696279e-20 9.430802915417849815e-21
1.789598671181404643e+04 3.548337152304304460e-20 9.815990815935023247e-21
1.790229108385659856e+04 9.283303336796681639e-22 9.703279769914419903e-21
1.790859539890436281e+04 -1.669061623033354665e-20 8.550011374211272430e-21
1.791489965685209972e+04 6.637159669585968978e-21 1.010587062525837920e-20
1.792109276721034621e+04 4.383201045421806607e-21 1.076635252808952839e-20
1.792739690228749168e+04 4.664521861519895202e-20 1.021399410380388799e-20
1.793370098022190359e+04 1.651576251018803426e-20 1.006365369974129568e-20
1.794000500097537952e+04 1.250649193015790641e-20 9.308200624501487107e-21
1.794630896452713932e+04 -8.573023902250836178e-22 9.736048943833438179e-21
1.795261287082724812e+04 3.235855125148404920e-20 9.209831177015027676e-21
1.795891671986668371e+04 1.807779954660265652e-21 9.741153550772156253e-21
1.796522051159540933e+04 9.625394134438478600e-21 9.013572262295698986e-21
1.797152424598083599e+04 -5.182492635642764971e-22 9.219545240036217113e-21
1.797782792302001690e+04 3.743512647396152308e-20 9.476853057388122201e-21
1.798413154262725948e+04 1.198811902301452287e-20 9.735475938872268790e-21
1.799043510480529221e+04 -1.775290499446203214e-21 9.741642169384636255e-21
1.799673860952768882e+04 1.282083288687943317e-20 9.536065659578360520e-21
1.800304205674387049e+04 1.555280309712975161e-20 9.678819612328158086e-21
1.800934544642130277e+04 1.911443701652266734e-20 1.059255123719796046e-20
1.801564877852729842e+04 1.855384495571530345e-20 9.060614815758436996e-21
1.802195205305285344e+04 1.974810509987937987e-20 9.532519067178315392e-21
1.802825526993572566e+04 -9.927543485356410613e-21 9.446809066750485958e-21
1.803455842916669280e+04 -7.566443838759858597e-21 1.050921414229927275e-20
1.804086153068351268e+04 3.661360415628068451e-20 1.010857934143799283e-20
1.804716457448301298e+04 3.322039311896582959e-20 1.022307614084063830e-20
1.805346756052648925e+04 3.813007219662956700e-20 1.008052449921116378e-20
1.805977048876327899e+04 8.254788418250495501e-21 8.884490156683933409e-21
1.806607335916635202e+04 1.055502204134674553e-20 9.593414451638463063e-21
1.807237617172686805e+04 2.302054828151830059e-20 1.027219463073138735e-20
1.807867892638190824e+04 4.955587637971464484e-21 9.811931845630456309e-21
1.808498162310466432e+04 1.853663633957029915e-20 9.138202004748703925e-21
1.809128426186809884e+04 1.330120430978326303e-20 9.349075914888259570e-21
1.809758684265712145e+04 1.986838711850879396e-20 9.474325078911025990e-21
1.810388936540902796e+04 -8.012599194684293200e-21 9.264505975630611214e-21
1.811019183009648987e+04 2.375871468840909849e-20 1.033495544550114401e-20
1.811649423669869793e+04 -9.756640579286165232e-21 9.536674546216653204e-21
1.812279658517046119e+04 2.110940076230769746e-20 9.098728013333091107e-21
1.812909887549670748e+04 -5.590218341213625952e-22 9.387028319816949441e-21
1.813540110762641780e+04 9.333530268777984880e-21 9.489762438485801551e-21
1.814170328152625734e+04 -7.392423204952219982e-22 9.131934775657981417e-21
1.814800539717529682e+04 1.536237833816337384e-20 9.935765737180320042e-21
1.815430745452814153e+04 2.443720236522251698e-20 1.055586669470223630e-20
1.816060945355771764e+04 1.230260171395686760e-20 9.775908218777550248e-21
1.816691139422476772e+04 2.662810927759018374e-20 1.012069865973132696e-20
1.817321327653200206e+04 2.653178505171259636e-21 9.906497002205337436e-21
1.817951510038619017e+04 3.242288618322336943e-20 9.335874463952545587e-21
1.818581686580193491e+04 2.635806657402978574e-20 9.955451760715274351e-21
1.819211857270395558e+04 1.998143294287406287e-20 9.134215109254384591e-21
1.819842022108892343e+04 1.128472016307111409e-20 9.836252912580661498e-21
1.820472181094752887e+04 1.146441411626625829e-20 9.800240337291039225e-21
1.821102334218626129e+04 2.231338288498696538e-20 9.875192820959662685e-21
1.821732481480760543e+04 3.133642372312816630e-20 1.104226463831914495e-20
1.822362622876025125e+04 1.102080406780839878e-20 8.956671515745444677e-21
1.822992758404683264e+04 2.211524918155212785e-20 8.864884306249369655e-21
1.823622888060367040e+04 8.015036322285850419e-21 9.315867237938740476e-21
1.824253011839734972e+04 3.878545693118471464e-20 1.062001529561180467e-20
1.824883129738803109e+04 1.566544902446123248e-19 1.251236617112663293e-20
1.825513241755447598e+04 1.235197066119805622e-19 1.258073642713055730e-20
1.826143347889323559e+04 3.784755541033385849e-20 1.000153484929728594e-20
1.826773448131017722e+04 2.108059827239687335e-20 1.101191892999577551e-20
1.827403542481413024e+04 -2.461398879556130211e-21 9.780912218638593109e-21
1.828033630934698886e+04 1.844331532495853960e-20 9.342694525799028760e-21
1.828663713489346628e+04 2.693797065398933254e-20 9.847937174501600680e-21
1.829293790143187653e+04 -1.836044148493783570e-20 9.445437593056161977e-21
1.829923860889815478e+04 2.158432997909766473e-20 9.393956778192558467e-21
1.830553925725860245e+04 3.175133859736551693e-20 1.004746051559442123e-20
1.831183984649739068e+04 -1.134824700409969232e-21 9.048603814645668246e-21
1.831802870715120298e+04 1.326324247301803966e-20 9.906476432931373375e-21
1.832432916426127849e+04 1.639726977115276615e-21 1.015989567437163451e-20
1.833062956704594762e+04 2.249173978978007338e-20 1.034411951817053056e-20
1.833692991060491840e+04 4.136755455352346669e-20 1.099962751253825027e-20
1.834323019485949771e+04 5.219375689737573707e-20 1.096535255881123142e-20
1.834953041978190595e+04 2.246216067511143981e-20 1.020003979188162439e-20
1.835583058534411612e+04 1.254167027577653593e-20 8.841163106304519822e-21
1.836213069150033698e+04 2.146923798900523031e-20 1.075705289830113338e-20
1.836843073824028397e+04 1.768281509715038296e-20 9.135042967236945514e-21
1.837473072549418066e+04 2.938459849146151803e-20 1.031137170413064215e-20
1.838103065325156058e+04 8.139025951856144393e-21 9.234833497191956602e-21
1.838733052145490365e+04 3.760080459067961222e-22 9.959554675053673880e-21
1.839363033011170046e+04 2.652141868190522537e-20 1.005508797263728097e-20
1.839993007917000432e+04 5.863896456030933651e-21 1.013782557139829408e-20
1.840622976855977686e+04 1.544523427798938771e-20 1.114742081153343183e-20
1.841252939830639298e+04 2.685799042852384477e-20 1.055093746191922004e-20
1.841882896832806364e+04 1.996930801452124484e-20 1.010633130387932444e-20
1.842512847859629255e+04 -4.715884358852583835e-21 1.051870682206992793e-20
1.843142792910699063e+04 5.291309904124441246e-20 1.051328469180696873e-20
1.843772731980194294e+04 6.392679856176794494e-20 1.002024622354088599e-20
1.844402665065289693e+04 2.120952230438391368e-20 1.038784004826686596e-20
1.845032592164332891e+04 2.853864268547456704e-20 1.009986950915975864e-20
1.845662513269081683e+04 3.298224944041681645e-20 1.021008813197560270e-20
1.846292428374513111e+04 6.886876102533317192e-21 9.398606914697179734e-21
1.846922336992269993e+04 -7.292365585419878627e-21 9.725849451292522912e-21
1.847541051049116504e+04 2.420157620436228225e-20 9.598820586661674516e-21
1.848170947269088720e+04 -1.822010871965831224e-20 9.635514063638068402e-21
1.848800837481651615e+04 3.641052529253606396e-21 9.818581047331135910e-21
1.849430721679664930e+04 -4.177598567186914818e-21 9.941865261737064265e-21
1.850060599863382231e+04 1.626956807662051518e-20 8.831416138480475874e-21
1.850690472027480064e+04 3.105258643724601739e-21 9.979159628004788757e-21
1.851320338168519811e+04 1.888746103640394967e-20 1.024090965104333923e-20
1.851950198284886210e+04 4.411724622466284512e-21 9.260382192127300951e-21
1.852580052371882994e+04 1.563758048933959359e-20 1.035093650015055366e-20
1.853209900427294997e+04 3.407534817904407614e-21 1.070956134711811220e-20
1.853839742443916475e+04 2.389226859275158972e-20 1.041682141238203874e-20
1.854469578422015184e+04 2.954777382598369012e-20 1.085912105741749858e-20
1.855099408356255663e+04 -1.607941678119189443e-21 9.465601599067163085e-21
1.855729232243152728e+04 2.912875273419445821e-20 9.942873821476962284e-21
1.856359050080487941e+04 2.943323825809769234e-20 1.053396321914301622e-20
1.856988861864765568e+04 2.354036583953354157e-20 9.613517187954790077e-21
1.857618667591894700e+04 3.526510705717671385e-20 1.053842575019974986e-20
1.858248467255906144e+04 2.710233776023388741e-20 1.015627170424212374e-20
1.858878260859514921e+04 -1.440576970181842032e-20 9.188549301723078594e-21
1.859508048392409910e+04 3.086591367567419194e-20 1.040782123606882347e-20
1.860137829856066310e+04 3.860190877438388971e-20 9.393857283581031041e-21
1.860767605243876824e+04 2.944702339946614495e-20 9.849660821147751164e-21
1.861397374554226190e+04 -2.455595119732790772e-21 1.061932200216052747e-20
1.862027137781097917e+04 1.449702676688454006e-20 1.055521043149314034e-20
1.862656894925378947e+04 2.328177833289000706e-20 1.039184506348433766e-20
1.863286645981065158e+04 1.470296241183189301e-20 9.888404092793198107e-21
1.863916390944014711e+04 3.012748518798105713e-20 1.082879048957513151e-20
1.864546129810734419e+04 8.013422382417861712e-20 1.074556464565857548e-20
1.865175862579575551e+04 3.588685617676852868e-20 1.113990232607578043e-20
1.865805589243900613e+04 2.781737933976971454e-20 1.087895618021695715e-20
1.866435309802705160e+04 1.015420403694124880e-20 9.676966571156850587e-21
1.867065024251195791e+04 2.274129133882161988e-20 1.062193216973564933e-20
1.867694732587125691e+04 4.226950310063923389e-20 9.963996662395124218e-21
1.868324434807593207e+04 2.954487811808446015e-20 9.525680792807825226e-21
1.868954130907180297e+04 1.541684248435147021e-20 1.039456098861749153e-20
1.869583820882376676e+04 8.200403736422453955e-21 9.678964599038968520e-21
1.870213504730260684e+04 2.240655307702869201e-20 1.015802131183456442e-20
1.870843182446676656e+04 3.960104407105070032e-20 9.931456890209338275e-21
1.871472854029355585e+04 2.781367011419277311e-20 9.188669717464316035e-21
1.872102519474734800e+04 -7.808675050066613295e-21 9.291282265394110263e-21
1.872732178776778892e+04 2.202831505257152657e-20 9.542124676838854030e-21
1.873361831934453949e+04 2.043820579175406839e-20 1.030688737853371836e-20
1.873991478943575930e+04 2.441786720564190604e-21 9.757880992876267493e-21
1.874621119801240275e+04 1.910201138041536363e-20 9.969855844077221604e-21
1.875250754502624841e+04 1.991434504138397904e-20 1.027958034811217034e-20
1.875880383046701172e+04 -4.427285339442049942e-21 1.009028060480305381e-20
1.876510005426137286e+04 3.056602525607374497e-20 1.048331555006257089e-20
1.877139621639877441e+04 1.628636049519687790e-20 1.034377763508660284e-20
1.877769231681849851e+04 3.637783579654008360e-20 1.049718790910816364e-20
1.878398835552284436e+04 6.956266889110760643e-21 9.677463302745595156e-21
1.879028433246333952e+04 3.394362349023095856e-20 9.868025693889476048e-21
1.879658024759184627e+04 2.680007537661740523e-20 1.005660879537511706e-20
1.880287610087253051e+04 4.159561568308042520e-20 1.532400456704430272e-20
