1.699089020772766162e+04 3.390133978240059283e-20 8.730430235077672082e-21
1.700156482007580780e+04 2.941234660071151322e-20 5.153691764607999796e-21
1.701223945659063247e+04 1.849874287866863885e-20 4.713451548105585952e-21
1.702291411719975804e+04 2.363247862092718594e-20 4.529131805489872755e-21
1.703358880183384099e+04 2.101104393968750117e-20 4.849627946224348854e-21
1.704426351043054456e+04 1.951482701039426312e-20 4.862623589148136743e-21
1.705493824292007412e+04 1.914884418658281437e-20 4.772920583372067690e-21
1.706561299924219566e+04 2.853175540933668968e-20 4.929723225100875183e-21
1.707628777932008961e+04 1.727531115364562425e-20 4.476675687002822413e-21
1.708696258309180848e+04 2.152275559695958066e-20 4.739404676124601966e-21
1.709763741049232704e+04 2.471937243333564925e-20 4.508537971393367308e-21
1.710831226145531764e+04 1.149932915380349781e-20 4.008959003452866221e-21
1.711898713590866100e+04 2.375767882181820342e-20 4.482212511190706042e-21
1.712966203378922728e+04 1.718012029793387769e-20 4.594258610608950869e-21
1.714033695503232593e+04 1.689342860984245802e-20 4.717154540710452405e-21
1.715101189956834787e+04 1.513655478890422097e-20 3.790180627861003683e-21
1.716168686733616778e+04 2.739585284736036292e-20 4.550659032525580003e-21
1.717236185826075234e+04 2.493678078703780606e-20 4.754481080434327094e-21
1.718303687228234776e+04 2.463812477285084925e-20 4.517458000809741831e-21
1.719371190933097751e+04 7.709078056495483507e-21 3.745345961413070829e-21
1.720438696934176187e+04 1.750983707992197602e-20 4.094873649695098902e-21
1.721506205225145459e+04 1.505168776735778828e-20 4.465397753430304802e-21
1.722573715798881312e+04 4.324004523052928339e-21 4.160219552279456497e-21
1.723641228649378900e+04 1.741618787458757193e-20 4.043339382599555270e-21
1.724708743768917338e+04 2.377745056847364220e-20 4.175933915320458012e-21
1.725776261152065490e+04 2.465312165030310658e-20 4.092584536527874916e-21
1.726843780791949757e+04 2.318385997484254032e-20 4.233981675240085188e-21
1.727911302681465895e+04 2.233031412229450524e-20 4.262272561028179076e-21
1.728978826814477361e+04 2.026157239192229187e-20 4.573433061267060356e-21
1.730046353183903557e+04 1.548906960414703229e-20 3.936243964725644100e-21
1.731113881784077239e+04 2.579787205806177798e-20 4.548785890545036822e-21
1.732181412607563470e+04 1.381708874545446790e-20 4.605686332631500657e-21
1.733248945648219524e+04 3.091400091393961198e-20 4.526703148924807175e-21
1.734340679925709992e+04 2.363022470639988405e-20 4.426312788838089310e-21
1.735408221013726506e+04 1.769058848836947968e-20 4.336724973070948398e-21
1.736475762986867267e+04 2.608074362038227336e-20 4.468716968046037219e-21
1.737543307135231589e+04 2.804097552111965052e-20 4.237587275135316786e-21
1.738610853467504057e+04 1.458361188609848948e-20 4.458691153495668395e-21
1.739678401977066824e+04 1.822270499526402587e-20 4.651821654350690489e-21
1.740745952656864029e+04 2.096535929736959889e-20 4.484275857450180096e-21
1.741813505500843530e+04 2.687313758338766538e-20 4.459713223900660700e-21
1.742881060502763285e+04 2.763270462664434895e-20 4.282463821479098604e-21
1.743948617655193448e+04 1.445294768861349174e-20 4.417406200906053559e-21
1.745016176952675960e+04 1.497710311805073142e-20 3.958830291733931819e-21
1.746083738387815174e+04 2.383039849370461834e-20 4.227074627063302281e-21
1.747151301954515657e+04 3.400943625606882411e-20 4.640546419627120821e-21
1.748218867646301442e+04 1.657002886840494608e-20 4.128003336992814131e-21
1.749286435472101221e+04 2.212575919699359658e-20 3.967888545645887708e-21
1.750354006717849916e+04 1.650417637416011389e-20 3.865364013014691608e-21
1.751445814619472003e+04 2.901531877977543178e-20 4.173352462487572276e-21
1.752513391044497985e+04 3.681189390451779054e-20 4.787242341145423663e-21
1.753580969561820893e+04 2.811124846208081472e-20 4.874088080697225986e-21
1.754648550164326662e+04 2.151103587877466461e-20 4.586347628599686503e-21
1.755716132845575339e+04 1.894319528623911757e-20 4.565925551319621853e-21
1.756783717599807642e+04 1.740162186572913308e-20 4.084918527784115477e-21
1.757851304419959342e+04 1.504078469810223140e-20 4.318529882013043479e-21
1.758918893299678530e+04 2.784119071081010710e-20 4.596375105050961722e-21
1.759986484232281509e+04 3.558109104633566859e-20 4.510722265725169665e-21
1.761054077211860204e+04 2.945269579771852425e-20 4.100527776686738877e-21
1.762121672231984121e+04 1.504996806094040562e-20 3.917325417531204720e-21
1.763189269285467890e+04 2.083957092365082937e-20 3.890546539996379828e-21
1.764256868366078925e+04 2.440397553113075703e-20 4.016665643551044364e-21
1.765324469468038296e+04 1.778285353249118711e-20 3.847413740078253382e-21
1.766392072584027483e+04 2.254559733212609834e-20 3.879858442642886500e-21
1.767459677708035815e+04 1.977009163511956673e-20 3.997634653399186124e-21
1.768527284833893646e+04 1.953731358847387837e-20 3.697637395429660444e-21
1.769594893954479267e+04 2.010532597725162004e-20 4.094415602311118345e-21
1.770662505064018842e+04 3.055180198041466444e-20 4.035969805538357802e-21
1.771730118155931996e+04 3.021893352016469937e-20 4.144744388073504531e-21
1.772797733223690375e+04 2.004529106700571174e-20 4.037732761483872799e-21
1.773865350260665582e+04 1.996673827885954975e-20 4.139049908984425225e-21
1.774932969259878882e+04 1.597583941796228724e-20 3.758802076821865001e-21
1.776000584303273718e+04 1.967380075646834199e-20 3.674021609915165924e-21
1.777068190303062147e+04 2.245211679450367064e-20 3.629899530509646873e-21
1.778135798246530612e+04 2.573450511755489355e-20 3.816870615234757126e-21
1.779203408127833245e+04 2.220915167023203745e-20 3.491342287256300241e-21
1.780271019939630060e+04 1.774541649175251152e-20 3.449675256602737392e-21
1.781338633676305471e+04 2.078444913760447241e-20 3.808623545074023155e-21
1.782406249331328945e+04 1.922076063626028572e-20 3.748190045318761992e-21
1.783473866898228516e+04 1.201241857169149525e-20 3.567298884513133115e-21
1.784541486370533676e+04 2.408574084399687030e-20 3.351722736252038254e-21
1.785609107742058768e+04 3.153629041784890265e-20 3.609836095330446565e-21
1.786676731006427872e+04 2.326213176729745264e-20 4.004018542289125720e-21
1.787744356157358197e+04 2.487870214239506127e-20 3.797570838836589783e-21
1.788811983188418526e+04 2.557767167797995370e-20 3.573768841725186589e-21
1.789879612093091055e+04 2.631210589680334443e-20 3.460441600744756704e-21
1.790947242865393491e+04 1.596509434167848386e-20 3.697862001911290936e-21
1.792014875498561014e+04 2.383540450501865684e-20 3.725762404058368444e-21
1.793082509987047160e+04 1.169419736518986787e-20 3.684468672821544851e-21
1.794150146323486842e+04 2.760653305896433968e-20 3.462327686824144146e-21
1.795217784502268842e+04 2.525672517964051119e-20 3.891619644942525431e-21
1.796285424516917192e+04 1.753181602910334680e-20 3.717996736711085705e-21
1.797353066360953017e+04 2.718715252240715292e-20 3.442354891050054213e-21
1.798420710028265239e+04 1.958428948832947829e-20 3.624424418078005304e-21
1.799488355512487760e+04 2.176072311737113769e-20 3.256087696998525511e-21
1.800556002807110781e+04 1.660519444456810083e-20 3.500856849050735567e-21
1.801623651906209489e+04 1.560063964528317530e-20 3.538589973428215046e-21
1.802691302803085273e+04 1.894100220473455099e-20 3.168963138722260760e-21
1.803758955491967208e+04 2.764717235801508648e-20 3.424183828890261043e-21
1.804826609965999887e+04 2.404903061668346079e-20 3.311103438840682372e-21
1.805894266219619021e+04 2.355051874138410095e-20 3.569534394426156963e-21
1.806961924245961927e+04 2.363313036008993239e-20 3.815929533195025237e-21
1.808029584038653411e+04 2.715857906859641803e-20 3.896095664770631520e-21
1.809097245591664978e+04 2.437081704683520968e-20 3.815992189549495728e-21
1.810164908899029615e+04 1.853077389276932091e-20 3.494505637409552194e-21
1.811232573954204418e+04 2.641629992485823840e-20 3.782228838984964765e-21
1.812300240750694138e+04 1.854741648189266613e-20 3.810753714669563457e-21
1.813392273141774058e+04 1.652294686819373281e-20 3.753400202763849857e-21
1.814459946969373414e+04 2.103773907395129507e-20 3.896919186846544166e-21
1.815527621237852509e+04 1.137417514431368517e-20 3.785808262948732887e-21
1.816595297207219119e+04 7.659564582314765481e-21 3.542421398896851563e-21
1.817662974886621305e+04 2.040274730547823573e-20 3.632062103042708489e-21
1.818730654269646038e+04 2.571922104226668440e-20 3.490454305818090306e-21
1.819798335350119669e+04 2.111031390548666524e-20 4.057796124151787379e-21
1.820866018121874367e+04 1.234378700367397367e-20 3.701971202397271239e-21
1.821933702578583689e+04 1.732227040893139405e-20 3.433688138762471428e-21
1.823001388714092536e+04 1.825025728200171963e-20 3.531961818904477787e-21
1.824069076522258183e+04 2.423480893508143559e-20 3.892466344422781572e-21
1.825136765996556278e+04 2.468393195689252242e-20 3.540073077456116511e-21
1.826204457131441814e+04 2.303004885937099534e-20 3.463086165312131949e-21
1.827272149920193624e+04 2.217092917700807661e-20 3.626945742632539662e-21
1.828339844356703543e+04 2.207781432710228849e-20 3.723504993862277049e-21
1.829407540449155931e+04 2.438127457180674756e-20 3.876212478978111877e-21
1.830499639585015757e+04 2.759533996872925900e-20 3.889952033520596972e-21
1.831567341190317893e+04 2.470672214170484547e-20 3.802342751041428992e-21
1.832635044418019606e+04 2.926065094772345554e-20 4.098010877748683900e-21
1.833702749262536236e+04 2.488821312560980968e-20 3.591532063397719422e-21
1.834770455717125515e+04 2.115358540039563570e-20 3.606437136079564926e-21
1.835838163775817156e+04 3.156841561593306158e-20 3.502870949939509806e-21
1.836905873432735825e+04 2.006669358178396001e-20 3.729461130251110729e-21
1.837973584681469947e+04 2.313899481852003853e-20 3.645780256788180426e-21
1.839041297515649421e+04 2.653907106630242607e-20 3.660612105101123344e-21
1.840109011929407279e+04 2.547935407080196092e-20 3.564885510112349671e-21
1.841176727916564414e+04 2.616333405757692292e-20 3.347497124120410113e-21
1.842244445470944629e+04 3.091794068207732083e-20 3.308287911275805101e-21
1.843312164586687140e+04 3.175838310610986869e-20 3.301999148593330263e-21
1.844379885257249771e+04 3.199738040247223369e-20 3.826829148133143298e-21
1.845447607476846315e+04 2.840618722713916717e-20 3.594462636905446926e-21
1.846515331239046282e+04 2.716728762536253137e-20 3.583006456517446700e-21
1.847583056537915400e+04 2.780835839927502136e-20 3.124455588034865843e-21
1.848650783367374606e+04 3.173977253681997928e-20 3.600345213965785376e-21
1.849718511721206596e+04 1.915971123997126658e-20 3.368486364190503741e-21
1.850786241593577506e+04 2.609743992729863710e-20 2.995934756358025514e-21
1.851853972977766898e+04 2.045717257768702692e-20 3.269677599950317141e-21
1.852921705868504432e+04 1.949453793135090549e-20 3.315164498309059285e-21
1.853989440259129333e+04 3.168812225488173070e-20 3.427153778442590355e-21
1.855057176143864854e+04 2.047163199279046715e-20 3.621451967194793297e-21
1.856124913516150991e+04 2.772332325416719765e-20 3.475875041702006515e-21
1.857192652370638098e+04 1.685604459182175669e-20 3.458496316783688674e-21
1.858260392700637749e+04 2.087130797679911871e-20 3.558696724326268387e-21
1.859328134500434680e+04 2.200969857771517837e-20 3.410642208766560618e-21
1.860395877763764656e+04 2.937722006204997636e-20 3.491071342084393648e-21
1.861463622484599546e+04 2.471156706959020583e-20 3.442842799882568707e-21
1.862531368657144412e+04 2.803459904807561792e-20 3.156175505603572356e-21
1.863599116274783955e+04 2.048461236852387434e-20 3.062702421700408330e-21
1.864666865332133966e+04 1.958179222477075836e-20 3.343320591235287743e-21
1.865734615822696287e+04 2.453091274023546970e-20 3.325571776820170287e-21
1.866802367740753107e+04 2.344677410979887076e-20 3.333141121428149448e-21
1.867870121079871024e+04 2.208086798458314763e-20 3.154645432813037260e-21
1.868937875834280203e+04 1.957420379660045961e-20 3.127896853349790162e-21
1.870005631997991804e+04 2.458561793865179482e-20 3.247286516908874440e-21
1.871073389564866739e+04 1.794129484728191938e-20 3.172211365344092416e-21
1.872141148528970371e+04 1.567969776107390843e-20 3.073416300211263803e-21
1.873208908884135235e+04 2.282626189030515922e-20 3.175803279120740003e-21
1.874276670624599865e+04 1.886523231184393142e-20 3.478514152631740973e-21
1.875344433744096386e+04 1.707101905745907960e-20 3.141683317584640847e-21
1.876412198236709810e+04 1.738767997610260834e-20 3.274106185978658676e-21
1.877479964096286858e+04 1.958004353122359949e-20 3.249135237124835517e-21
1.878547731317416037e+04 1.839357478734965343e-20 3.178594018617715843e-21
1.879615499893494780e+04 2.599421534568954649e-20 3.332195776426290317e-21
1.880683269818749613e+04 2.942241953796199115e-20 3.623418577446626261e-21
1.881751041087185877e+04 3.060702338267225370e-20 3.347160525981618055e-21
1.882818813692862386e+04 2.231320129573684319e-20 3.326475517151800633e-21
1.883886587629713176e+04 2.564556198050189225e-20 3.438042400836249276e-21
1.884954362891982601e+04 2.504349440014567232e-20 3.483147463752106175e-21
1.886022139473506104e+04 2.652926851243291189e-20 3.321015179219981725e-21
1.887089917368561510e+04 2.520391576982006496e-20 3.259960351529699294e-21
1.888157696570892949e+04 2.411041090435136357e-20 3.144391199082545607e-21
1.889225477074613809e+04 2.915680684866306288e-20 3.202251830681218619e-21
1.890293258873856030e+04 2.548014619378245100e-20 3.225070209357733397e-21
1.891361041962595118e+04 3.123790737596087319e-20 3.245514817893784959e-21
1.892428826334977566e+04 2.739164945995004232e-20 3.444839419914906216e-21
1.893496611985069467e+04 2.726036709997929374e-20 3.171637108844652862e-21
1.894564398907066789e+04 2.722276329686342258e-20 3.354964995018882537e-21
1.895632187094682013e+04 2.182009153718206169e-20 3.108326667798088364e-21
1.896699976542451623e+04 2.720242991939754698e-20 3.072258579837453676e-21
1.897792306054741130e+04 1.883466373691991153e-20 3.011052538629301942e-21
1.898860100251236508e+04 2.445281345431460807e-20 3.289982655579539530e-21
1.899927895675143373e+04 2.268527295370767840e-20 3.160095085302794279e-21
1.900995692334843989e+04 2.984488305807625844e-20 3.316896864651487800e-21
1.902063490224212001e+04 3.465644840016946194e-20 3.418871041682265992e-21
1.903131289337676208e+04 2.851726082901726225e-20 3.443836310196876508e-21
1.904199089669092427e+04 2.600900002938906733e-20 3.457455235321060557e-21
1.905266891212941846e+04 2.701515006549703304e-20 3.088484115627836137e-21
1.906334693962982419e+04 2.400646442056105584e-20 3.010187767314051222e-21
1.907402497913534535e+04 2.611367966248526863e-20 3.324151944506005063e-21
1.908470303058738136e+04 2.351022022170867607e-20 3.462293259029512890e-21
1.909538109392533806e+04 1.990709767588222896e-20 3.261067314266383626e-21
1.910605916908947256e+04 2.345340508094856224e-20 3.418635608904194534e-21
1.911673725602478589e+04 2.533288186743251591e-20 3.008910033443054105e-21
1.912741535467041103e+04 2.580841970800946734e-20 3.270941198578629721e-21
1.913809346511495460e+04 2.617075796284367654e-20 3.032458093990686307e-21
1.914901733181416057e+04 2.692570602906853609e-20 3.204974931131393531e-21
1.915969548749553360e+04 2.818987875853662314e-20 3.250879188210950842e-21
1.917037365464487812e+04 2.082090635167171311e-20 3.221820165099381023e-21
1.918105183320957804e+04 3.024459174743851514e-20 3.211815078450031339e-21
1.919173002312895551e+04 1.761943733698852164e-20 3.068861507003281173e-21
1.920240822434553775e+04 2.224521814840295113e-20 3.186562652765347373e-21
1.921308643680071327e+04 2.409774140316485907e-20 3.217712996274307701e-21
1.922376466043858090e+04 3.085152832065861637e-20 3.367520455064520171e-21
1.923444289519490121e+04 2.640972617006470040e-20 3.259793856303478291e-21
1.924512114101878615e+04 2.881414590920778155e-20 3.052613676565692608e-21
1.925579939784562521e+04 2.618405935803975615e-20 3.094344014511302304e-21
1.926647766562195829e+04 2.248388074174210356e-20 2.950639138534822993e-21
1.927715594428584518e+04 2.147548891996217689e-20 3.168898886974676578e-21
1.928783423378285079e+04 2.975314901791016903e-20 3.244640730302110804e-21
1.929851253405362149e+04 3.357670528558464123e-20 3.369474191089801885e-21
1.930919084503686463e+04 3.408457048774332473e-20 3.283104089883098638e-21
1.931986916667824698e+04 2.823219960185016296e-20 3.131081909967884110e-21
1.933054749892057953e+04 2.654568963548666672e-20 3.214236810276242345e-21
1.934122584170601840e+04 2.817959019379223379e-20 3.046787399984963985e-21
1.935190419497622497e+04 2.033416155489783664e-20 3.006261299723458870e-21
1.936258255867090338e+04 2.148616411419671366e-20 3.099685607120653192e-21
1.937326093273457445e+04 2.038139466914211645e-20 3.031637629702372469e-21
1.938393931711090045e+04 2.699275827873972484e-20 2.902556100753151941e-21
1.939461771173887973e+04 3.453136315163169051e-20 3.018095809197435082e-21
1.940529611656438647e+04 3.399097092121650913e-20 3.038028759321932957e-21
1.941597453152807429e+04 2.871281889955706259e-20 3.076922846110499966e-21
1.942665295657109891e+04 2.179251347659018441e-20 3.048381040570543983e-21
1.943733139163802844e+04 2.134847489880854878e-20 2.761288093226623357e-21
1.944800983667143009e+04 2.137211909984075868e-20 2.871537211363693001e-21
1.945868829161114991e+04 1.866076640087837170e-20 2.912596010397453418e-21
1.946936675640473914e+04 1.979319067870753539e-20 2.881341517991049615e-21
1.948004523099045036e+04 2.385463243634922116e-20 3.138276263550590241e-21
1.949072371531201134e+04 2.074244882999397757e-20 2.976872425681798916e-21
1.950140220931393560e+04 2.241980463847217683e-20 2.781979479995186716e-21
1.951208071294020920e+04 2.460936618083163819e-20 2.805780898392554948e-21
1.952275922612849172e+04 2.610793230039541074e-20 2.785695418735501391e-21
1.953343774882516664e+04 1.982111695699572644e-20 2.845066578132674736e-21
1.954411628097412176e+04 2.415405685027769023e-20 2.944127870007246803e-21
1.955479482251587615e+04 3.029963073467401271e-20 3.229258690856429108e-21
1.956547337339513251e+04 2.292565641022644606e-20 2.937566778502911916e-21
1.957615193355355223e+04 2.788603704061630367e-20 3.082868901691947336e-21
1.958683050293566703e+04 1.630431761423368029e-20 2.928024982950540561e-21
1.959750908148269082e+04 2.003312438367382617e-20 2.736322310287896987e-21
1.960818766913820946e+04 2.615495724317943131e-20 2.890684135935117089e-21
1.961886626584775513e+04 2.798331115361564658e-20 2.971066353679703654e-21
1.962954487155222887e+04 2.927590120533338335e-20 2.707985880344553230e-21
1.964022348619448530e+04 2.514091892380693778e-20 2.681513433269664579e-21
1.965090210971983834e+04 2.729954948017775257e-20 2.765904626211399539e-21
1.966158074207349273e+04 2.492801403098677448e-20 2.908893056227925870e-21
1.967225938319223133e+04 2.517352629633936624e-20 2.883167832808663726e-21
1.968293803302585366e+04 1.929348644625676594e-20 2.795952150568788447e-21
1.969361669151447859e+04 2.917510583502387665e-20 2.826827579249717174e-21
1.970429535860316173e+04 2.468747283731734427e-20 2.902347343802402011e-21
1.971497403423425931e+04 2.712059697627359477e-20 2.857074165242502764e-21
1.972565271835150270e+04 2.309812571859087461e-20 3.130280785048422731e-21
1.973633141089903074e+04 2.512372478566961993e-20 3.128346123389055970e-21
1.974701011182075672e+04 2.274665040254602601e-20 2.680983425259372117e-21
1.975768882105952798e+04 2.064568879515141355e-20 2.752822030423977636e-21
1.976836753856008363e+04 2.354049539272959077e-20 2.901754449431552465e-21
1.977904626426552568e+04 2.281899723623480174e-20 2.867464725146079941e-21
1.978972499812082242e+04 1.972112622950979827e-20 2.802240367003792345e-21
1.980040374006737329e+04 2.616175418478983801e-20 2.876184584258064070e-21
1.981108249005197285e+04 2.702010364362752062e-20 2.941743775056888278e-21
1.982176124801766127e+04 2.096578128752069014e-20 3.003524486082988311e-21
1.983244001390686390e+04 2.253063070034097976e-20 2.891084388236650834e-21
1.984311878766457812e+04 2.005001237231317193e-20 3.099420077541776409e-21
1.985379756923453169e+04 2.702628738734959765e-20 3.022586751593877754e-21
1.986472352914370640e+04 3.083166444189342641e-20 3.130325574132657558e-21
1.987540236044145786e+04 2.750351315982927666e-20 2.820111954469927383e-21
1.988608118720532366e+04 1.948804708020264839e-20 2.736788819970199706e-21
1.989676002140891433e+04 2.326391585803638388e-20 3.003192392878576577e-21
1.990743886314308475e+04 2.951970494217143164e-20 3.158187696951677464e-21
1.991811771234836124e+04 2.399019985024749900e-20 2.895110343675930432e-21
1.992879656897284804e+04 2.086512735218132864e-20 2.899365767053332553e-21
1.993947543296033837e+04 2.241768403574925607e-20 2.815427653348676384e-21
1.995015430425347222e+04 2.786054611607188662e-20 2.967944616380644060e-21
1.996083318279814557e+04 3.056524815981971216e-20 2.845295512796994536e-21
1.997151206853775147e+04 2.416954238889806300e-20 3.052173081728511444e-21
1.998219096141792033e+04 2.653898039996346378e-20 2.824624566184741575e-21
1.999286986138263819e+04 2.364329744468109592e-20 2.827344918797424662e-21
2.000354876837732081e+04 1.780693448141739332e-20 2.901404514142194653e-21
2.001422768234468822e+04 2.824671987060934961e-20 2.924296498655608183e-21
2.002490660323084012e+04 3.303704196459252979e-20 3.242652119107012850e-21
2.003558553112252048e+04 2.803926438043198776e-20 3.069054392733825541e-21
2.004651202116811328e+04 2.437287736165185845e-20 2.891763250131219305e-21
2.005719098435483829e+04 2.387716106156290914e-20 2.831122912523538663e-21
2.006786995423528060e+04 2.427683513449341304e-20 2.959075813555699619e-21
2.007854893075342261e+04 2.207211798064688838e-20 2.860848593829227189e-21
2.008922791385603341e+04 3.048809947530638247e-20 2.730910631778445877e-21
2.009990690351710509e+04 3.162450484005667378e-20 2.758982352894210942e-21
2.011058607471861978e+04 2.702513929486683374e-20 2.886532201843213930e-21
2.012126549661036915e+04 2.439031507585619166e-20 2.979158715591272238e-21
2.013194492487405296e+04 1.957847301882199205e-20 2.704542123710250669e-21
2.014262435944883691e+04 2.325709876283923589e-20 2.781045654099779265e-21
2.015330380027572028e+04 2.691780086910683734e-20 2.898951092600068036e-21
2.016398324730369859e+04 2.579262342942839725e-20 2.849590511353743100e-21
2.017466270047553917e+04 1.640383419899082562e-20 2.889324213425103993e-21
2.018534215973682149e+04 2.569728443805865039e-20 2.996360746537438740e-21
2.019602162503368891e+04 2.072204017416767223e-20 2.733285835354674472e-21
2.020670109631026935e+04 2.082884646214472168e-20 2.987869266046005890e-21
2.021738057351225143e+04 2.302114931256806286e-20 2.818743915190844788e-21
2.022806005658674985e+04 2.217529465716997274e-20 3.013301951362921730e-21
2.023873954547760513e+04 2.054192827469248000e-20 3.128636936198425243e-21
2.024941904012883242e+04 2.570654870497793111e-20 2.818264500698627672e-21
2.026009854048836132e+04 1.941044697185274681e-20 2.637605585624678714e-21
2.027077804650284452e+04 2.656579818367049614e-20 2.700059007911621533e-21
2.028145755811364870e+04 2.718524655911416647e-20 2.750460766871746247e-21
2.029213707526947474e+04 2.179245956404056369e-20 2.759120927295973547e-21
2.030281659791614220e+04 3.099201110044462354e-20 2.805835774761534016e-21
2.031349612599670581e+04 2.711791752262697424e-20 2.968751227723256038e-21
2.032417565945983370e+04 2.795427847135015172e-20 2.846759048713834180e-21
2.033485519824956282e+04 2.614578982875189486e-20 2.604617449144615647e-21
2.034553474231258951e+04 2.719634024714225557e-20 2.889882214876167710e-21
2.035621429159374020e+04 2.085123547921376295e-20 2.791037275456673662e-21
2.036689384604068982e+04 2.766574579025498556e-20 2.795832548945909505e-21
2.037757340559806107e+04 3.085605386801487697e-20 2.807872573758604706e-21
2.038825297021076767e+04 2.427729354631354642e-20 2.780943757247311890e-21
2.039893253982840179e+04 1.395927445280912844e-20 2.433219580363932095e-21
2.040961211439249018e+04 1.463724655710366139e-20 2.600146186434173760e-21
2.042029169385139539e+04 1.913072028962159346e-20 2.676588989339164360e-21
2.043097127815243584e+04 1.781142582577959709e-20 2.646212585065499421e-21
2.044165086723890272e+04 1.805794640618592692e-20 2.597052013533653910e-21
2.045233046105964604e+04 1.201665255440333746e-20 2.704573731615601918e-21
2.046301005955957953e+04 1.974892624129291403e-20 2.622451574841191660e-21
2.047368966268506119e+04 1.846934310460427177e-20 2.660841366247435886e-21
2.048436927038222348e+04 2.633323957872197408e-20 2.721586008868673385e-21
2.049504888259765357e+04 2.493763166351587492e-20 2.803784739841404975e-21
2.050572849927738571e+04 2.077845023715211821e-20 2.706181854466349400e-21
2.051640812036773423e+04 1.839792287149986057e-20 2.634647511607061698e-21
2.052708774581718171e+04 2.430101373815526101e-20 2.566395377321287935e-21
2.053776737556940498e+04 1.666979330100733444e-20 2.744234811751540440e-21
2.054844700957305031e+04 3.264091408600894268e-20 2.750591571639535786e-21
2.055912664777252212e+04 2.013777086892921782e-20 2.417024529115133918e-21
2.056980629011661222e+04 2.106647322085443046e-20 2.750515668941764270e-21
2.058048593654972501e+04 2.118709996057341611e-20 2.914655396686311301e-21
2.059116558702080511e+04 2.450550525772390157e-20 2.707456244334351097e-21
2.060184524147559205e+04 2.562726959650302378e-20 2.684701695904686784e-21
2.061252489985964348e+04 2.161120912578793447e-20 2.711681411372097018e-21
2.062320456212223871e+04 2.633300253693282794e-20 2.892157553087284044e-21
2.063388422820812048e+04 2.917010086581177431e-20 2.873969904085618061e-21
2.064456389806484367e+04 2.688029605099844212e-20 2.793443890715480718e-21
2.065524357163905370e+04 2.606504324160338034e-20 2.904810371172081154e-21
2.066592324887795621e+04 2.684851813293850763e-20 2.968805999112081632e-21
2.067660292972903335e+04 2.784933862703136648e-20 2.806097161293250747e-21
2.068728261413845394e+04 3.237150094242726138e-20 2.983829352111216240e-21
2.069796230205317624e+04 2.196019525294341260e-20 2.828039439516334408e-21
2.070864199342032589e+04 2.472748926860711595e-20 2.840772423272205558e-21
2.071932168818828723e+04 2.269260199996248235e-20 2.707713514153208670e-21
2.073000138630287256e+04 1.931141766030423528e-20 2.700969227743999915e-21
2.074068108771137122e+04 3.015249789188512073e-20 2.815338855546572614e-21
2.075136079236133446e+04 2.574711190347099723e-20 2.892169718890610320e-21
2.076204050020006616e+04 2.610267616459832623e-20 2.751730627883055497e-21
2.077272021117456825e+04 2.352545264362486648e-20 2.471455878682075569e-21
2.078339992523258843e+04 2.308354502430622905e-20 2.539525288261045684e-21
2.079407964232120139e+04 2.210210584052810466e-20 2.732860292176509627e-21
2.080475936238774011e+04 2.378283421080458355e-20 2.635051822844141571e-21
2.081543908538053438e+04 1.610591760653764565e-20 2.415659694455521803e-21
2.082636791853088653e+04 2.525964412895004094e-20 2.560627009167239376e-21
2.083704766891813051e+04 2.840050278488313855e-20 2.635606728229562637e-21
2.084772742192925580e+04 2.250958442886196502e-20 2.667726051215368420e-21
2.085840717765150475e+04 2.333848285618021937e-20 2.657869826041967530e-21
2.086908693603345455e+04 1.769255108605233056e-20 2.719249959333075922e-21
2.087976669702171421e+04 2.386358001651816644e-20 2.649427157958838784e-21
2.089044646056475176e+04 2.637939297068955258e-20 2.629469372419284814e-21
2.090112622660986381e+04 1.835257041575601496e-20 2.571824824060579143e-21
2.091180599510492902e+04 2.541995270009779145e-20 2.850613515927905734e-21
2.092248576599799708e+04 2.129561823544468398e-20 2.737699200856117947e-21
2.093316553923629544e+04 2.563798291679032855e-20 2.824302605773050661e-21
2.094384531476839402e+04 2.161907875762249946e-20 2.452271643460365550e-21
2.095452509254176039e+04 2.391519698467422234e-20 2.375359334147238040e-21
2.096520487250456790e+04 2.465212344586561390e-20 2.715351164819063091e-21
2.097588465460452426e+04 2.128630980462058171e-20 2.690990484569504462e-21
2.098656443879020298e+04 1.885900841748983247e-20 2.666275161986354947e-21
2.099724422515268088e+04 2.296621007932863554e-20 2.590890880386298306e-21
2.100792402537213638e+04 2.403200589636594369e-20 2.933107413217968250e-21
2.101885329827709211e+04 1.989164218987859514e-20 2.733720161655765949e-21
2.102953311177260184e+04 2.098766599834586829e-20 2.571066766350019121e-21
2.104021292709071713e+04 1.975203398265339650e-20 2.428970323707005312e-21
2.105089274417847264e+04 1.338794129966827878e-20 2.437823579994433594e-21
2.106157256298532593e+04 2.014253990487742376e-20 2.697653717124086585e-21
2.107225238345834441e+04 1.972236695380117775e-20 2.580330598774471761e-21
2.108293220554703294e+04 2.321297478100909817e-20 2.647218472026993911e-21
2.109361202919868811e+04 2.267953755666254304e-20 2.664161678244083861e-21
2.110429185436294210e+04 2.078583078150823891e-20 2.544658312573743829e-21
2.111497168098713155e+04 2.612396278587697587e-20 2.566007095076262896e-21
2.112565150902058303e+04 2.777203568727541310e-20 2.609644680584195767e-21
2.113633133841130984e+04 2.150361095836303270e-20 2.332573687375063815e-21
2.114701116910789642e+04 2.254204738257330579e-20 2.504580347778519839e-21
2.115769100105957841e+04 2.122341039125898963e-20 2.536797790552952240e-21
2.116837083421373609e+04 1.928745824332278518e-20 2.285120703085651599e-21
2.117905066852072196e+04 2.321734955727014597e-20 2.543679557239830433e-21
2.118973050392759615e+04 1.979698679404453171e-20 2.569667699229163493e-21
2.120041034038434736e+04 2.456793056227300820e-20 2.348835459413353136e-21
2.121109017783862510e+04 1.865426436052517522e-20 2.506688187279968967e-21
2.122177001624053082e+04 2.287431711839232322e-20 2.555486912595336031e-21
2.123244985553794686e+04 2.876529632630259967e-20 2.545268465151799170e-21
2.124312969568024346e+04 2.302518110048502091e-20 2.340045421051158124e-21
2.125380953661594322e+04 2.764152138466959922e-20 2.617416891723074141e-21
2.126448937829422357e+04 2.697284014823357797e-20 2.469047075515217207e-21
2.127516922066445477e+04 2.559911633499746991e-20 2.499604325647954314e-21
2.128584906367479198e+04 1.915287375984392608e-20 2.550810950141732831e-21
2.129652890727542035e+04 2.750851337745511387e-20 2.547969804177501586e-21
2.130720875141406214e+04 2.191749010091615030e-20 2.444088436821355234e-21
2.131788859604123354e+04 2.274185224095827082e-20 2.472652293141938353e-21
2.132856844110495513e+04 2.255210621028819203e-20 2.446784454160441486e-21
2.133924828655544843e+04 2.011248223271984085e-20 2.224449860740351392e-21
2.134992813234106143e+04 2.566752720961467748e-20 2.219664046721380900e-21
2.136060797841181193e+04 1.916985204980555262e-20 2.430248306417166627e-21
2.137128782471640443e+04 2.099292497634599696e-20 2.495308356547125584e-21
2.138196767120457298e+04 2.443776906605197039e-20 2.470368128975903674e-21
2.139264751782558596e+04 2.104545913155099707e-20 2.477578546723960078e-21
2.140332736452872268e+04 1.843732293042497091e-20 2.408808071353869063e-21
2.141400721126381541e+04 1.992729196139866452e-20 2.543031050253236326e-21
2.142468705797972143e+04 2.105916938380245571e-20 2.455688544675460347e-21
2.143536690462682600e+04 2.636669366107112394e-20 2.366506612109496984e-21
2.144604675115361169e+04 2.944560403507679509e-20 2.581033969657536794e-21
2.145672659751092215e+04 2.569387369193661822e-20 2.652318342835377337e-21
2.146740644364695618e+04 2.278252117070650284e-20 2.629036101007334211e-21
2.147808628951280480e+04 2.249296827571486122e-20 2.538680310167408886e-21
2.148876613505695059e+04 2.128024382915595367e-20 2.508325643531818172e-21
2.149944598023014623e+04 2.421711954542481516e-20 2.493866544943012251e-21
2.151012582498119809e+04 2.490978552975107175e-20 2.579242280379647206e-21
2.152080566926085885e+04 2.165071831015559339e-20 2.414822309599715916e-21
2.153148551301815678e+04 1.976299405631119910e-20 2.446851862107776051e-21
2.154216535620357172e+04 2.135598798429360950e-20 2.578435787002927834e-21
2.155284519876654667e+04 2.422560758400960708e-20 2.519357238986674753e-21
2.156352504065725952e+04 2.887404311198998577e-20 2.469057895463997331e-21
2.157420488182569534e+04 1.989510101221393206e-20 2.465282099027538499e-21
2.158488472222174823e+04 2.270227296913417897e-20 2.587030908113464671e-21
2.159556456179557426e+04 3.017030449510301889e-20 2.418985931937454075e-21
2.160624440049696932e+04 2.123415290429338899e-20 2.415083003611537700e-21
2.161692423827680977e+04 2.513049288655988414e-20 2.098774524130126798e-21
2.162760407508398202e+04 2.175747186581678862e-20 2.130761690268918710e-21
2.163828391087022828e+04 2.458295204672608986e-20 2.270793881744903618e-21
2.164896374558428579e+04 2.022775385800536869e-20 2.309509144794187557e-21
2.165964357917762391e+04 2.281310086355937382e-20 2.464886349203745577e-21
2.167032341159908901e+04 1.924889371849678037e-20 2.340447600921154635e-21
2.168100324280069253e+04 2.449865373502481327e-20 2.543750078752822751e-21
2.169168307273151368e+04 1.912965334146943501e-20 2.478049156943198358e-21
2.170236290134266892e+04 1.795305696465797098e-20 2.328766896000265853e-21
2.171304272858409604e+04 1.984082426157473617e-20 2.125141013249709345e-21
2.172372255440681693e+04 2.549984186041221421e-20 2.610158617926705697e-21
2.173440237876071478e+04 2.270897986807320684e-20 2.422243484806974097e-21
2.174508220159662233e+04 1.419957582207089729e-20 2.338305195506707362e-21
2.175576202286509579e+04 2.130360987916356250e-20 2.291001845107466148e-21
2.176644184251679690e+04 1.792348253211035483e-20 2.245029022909818481e-21
2.177712166050200904e+04 1.701981273697424559e-20 2.175164378873032202e-21
2.178780147677207060e+04 2.413735429892011527e-20 2.417094971899918712e-21
2.179848129127689390e+04 2.538756571526320637e-20 2.298889504673178462e-21
2.180916110396769000e+04 2.012332736565569019e-20 2.424688791506656298e-21
2.181984091479478957e+04 2.055656420874317988e-20 2.278739519094532523e-21
2.183052072370981477e+04 2.273387405007214989e-20 2.221971184736090777e-21
2.184120053066288892e+04 2.516828267599235708e-20 2.152285268186864835e-21
2.185188033560477561e+04 2.615718710888239504e-20 2.373178036250282925e-21
2.186281126200883591e+04 1.623176104426311990e-20 2.414059654264766865e-21
2.187349109571583176e+04 2.378116739719396614e-20 2.451249456313975612e-21
2.188417091563149370e+04 2.416461481299027732e-20 2.468760010547163191e-21
2.189485073319598814e+04 2.877912021463158225e-20 2.444311690668937841e-21
2.190553054850103581e+04 2.451648981078680486e-20 2.309827435488270981e-21
2.191621036149677457e+04 2.631764169063014152e-20 2.562575599506713095e-21
2.192689017213533225e+04 2.476235803115897520e-20 2.536976037806234091e-21
2.193756998036675941e+04 2.305849438567902097e-20 2.473757295038729705e-21
2.194824978614310021e+04 2.035726280752115614e-20 2.491800424419568288e-21
2.195892958941492179e+04 2.647215091061171079e-20 2.526939267107904058e-21
2.196960939013386815e+04 2.538097193717137161e-20 2.692664006120879798e-21
2.198028918825135770e+04 2.641833123532254561e-20 2.562314258281055363e-21
2.199096898371863790e+04 2.892617617988535456e-20 2.451279265406256731e-21
2.200164877648644324e+04 2.209558229450653327e-20 2.554724978155664570e-21
2.201232856650713438e+04 2.095895284292880789e-20 2.431199430808768421e-21
2.202300835373142399e+04 3.341641889183279381e-20 2.714989952140405974e-21
2.203368813811082873e+04 4.197470782973307567e-20 2.683967028089996839e-21
2.204436791959672701e+04 4.394560887002372987e-20 2.818035540589990488e-21
2.205504769828133067e+04 3.949566514571113402e-20 2.815252100032357835e-21
2.206597901061451194e+04 2.312806263160907360e-20 2.593134306842359442e-21
2.207665880422145710e+04 2.352873510562339484e-20 2.614864875268836821e-21
2.208733859473592747e+04 2.417401497659849087e-20 2.439322758477980557e-21
2.209801838211280847e+04 2.466106741481243385e-20 2.539958860357325663e-21
2.210869816630167770e+04 2.867313180267630740e-20 2.675223593763250929e-21
2.211937794725485219e+04 2.109439123524381195e-20 2.517067411038717505e-21
2.213005772492305550e+04 1.956673363109342893e-20 2.518102269969162859e-21
2.214073749926029632e+04 2.359910704439161191e-20 2.420463502453787679e-21
2.215141727021657425e+04 2.270579895099150842e-20 2.224941264065313931e-21
2.216209703774393347e+04 2.700624953535249163e-20 2.493546293441375296e-21
2.217277680179449089e+04 2.413694655589395371e-20 2.487029525970639107e-21
2.218345656232072361e+04 2.509946273792648890e-20 2.304851531072298811e-21
2.219413631927362439e+04 2.261436870455737810e-20 2.388884638450079460e-21
2.220481607260613600e+04 2.362683060967530828e-20 2.377180282070761656e-21
2.221549582226978600e+04 2.596656137054302849e-20 2.401908806259966074e-21
2.222617556821664766e+04 2.629560914150885228e-20 2.515163455939331748e-21
2.223685531039832131e+04 1.727855499018310093e-20 2.423665068772753930e-21
2.224753504876787702e+04 2.352403530104348976e-20 2.468527630679120989e-21
2.225821478327653676e+04 2.508058185180532043e-20 2.443211794508745493e-21
2.226889451387780719e+04 2.105568461768343280e-20 2.455827231981694551e-21
2.227957424052121496e+04 2.597021530217875511e-20 2.340800339878563992e-21
2.229025396316262777e+04 2.988249159305044431e-20 2.370493264072220139e-21
2.230093368175171054e+04 2.429660062980335929e-20 2.322640550342337294e-21
2.231161339624189714e+04 2.214151551789930893e-20 2.169845506115954036e-21
2.232229310658546819e+04 1.849865278867784439e-20 2.339666050725625877e-21
2.233297281273430053e+04 2.205103897706873191e-20 2.345137044653112508e-21
2.234365251464086759e+04 2.701052029104106093e-20 2.378069255273125055e-21
2.235433221225800662e+04 1.940058069461042330e-20 2.117522389307168155e-21
2.236501190553786728e+04 1.952513707516460334e-20 2.232034841471450444e-21
2.237569159443267927e+04 2.176793555080031087e-20 2.322326625696649557e-21
2.238637127889641852e+04 1.933925856061565795e-20 2.293313035446321003e-21
2.239705095888018332e+04 2.750079417583520134e-20 2.360625261982346198e-21
2.240773063433758580e+04 1.883435800796111087e-20 2.096748121726687014e-21
2.241841030521962239e+04 2.607643916899612469e-20 2.281824606880481514e-21
2.242908997148071649e+04 2.043751591839659482e-20 2.238599117058446787e-21
2.243976963307341794e+04 2.301133190996692206e-20 2.354349984919690039e-21
2.245044928983557111e+04 2.537551350189691473e-20 2.496985831940915965e-21
2.246112868248952873e+04 2.025403949841621182e-20 2.283878992635938372e-21
2.247180778150333572e+04 2.251568580080086022e-20 2.251965800218907365e-21
2.248248687566109220e+04 1.944116594018884493e-20 2.208294538417535785e-21
2.249316596491273958e+04 2.229597872477343091e-20 2.243372940104633043e-21
2.250384504921467305e+04 1.769257995359901908e-20 2.156929750721938114e-21
2.251452412851820191e+04 1.924909100199000769e-20 2.264059254019267368e-21
2.252520320277543942e+04 1.949133925037511901e-20 2.256088995276386680e-21
2.253588227194219508e+04 2.232775466790167849e-20 2.280130383988688464e-21
2.254656133596800646e+04 2.650035148187423895e-20 2.107619232937241673e-21
2.255724039481017826e+04 2.236732645789952869e-20 2.108653563965739638e-21
2.256791944841558507e+04 2.164896206856530586e-20 2.164327856826036989e-21
2.257859849674564248e+04 2.148839852204463006e-20 2.218218098761593119e-21
2.258927753974575535e+04 1.714583470907044068e-20 2.267715543858172408e-21
2.259995657737375950e+04 2.100490690640917412e-20 2.299010626562874992e-21
2.261063560958148446e+04 2.516644484317097909e-20 2.295862693900329288e-21
2.262131463632156738e+04 2.094886965145703517e-20 2.350868031729545665e-21
2.263199365754875544e+04 2.237986441171611435e-20 2.237977909556377584e-21
2.264267267321476902e+04 2.161313172808704939e-20 2.073398354751102139e-21
2.265335168327478095e+04 2.456923298694642001e-20 2.061161078556457467e-21
2.266403068768017329e+04 2.040300265175213930e-20 2.257018550331178373e-21
2.267470968638659542e+04 1.835894576081768430e-20 2.285265927592964215e-21
2.268538867934440350e+04 2.553830178420257359e-20 2.423933562749773467e-21
2.269606766651107318e+04 2.003800362366586546e-20 2.221477007849697700e-21
2.270674664783738626e+04 2.145722761480245340e-20 2.124436901219823658e-21
2.271742562327842825e+04 1.666169961749211842e-20 2.007790534586070270e-21
2.272810459278608323e+04 1.805498336544611293e-20 2.150871818087433954e-21
2.273878355631438899e+04 2.124346688533606580e-20 2.317664286306734770e-21
2.274946251381934781e+04 2.084765377758810868e-20 2.231556557480641864e-21
2.276014146524948956e+04 2.659841442091235396e-20 2.219035030482161702e-21
2.277082041056504386e+04 2.416069151032280939e-20 2.062406532968517847e-21
2.278149934971484254e+04 2.007602991014245788e-20 2.154669468731037547e-21
2.279217828265524804e+04 2.074463192050407660e-20 2.465086137768219561e-21
2.280285720933834455e+04 1.956857508536640684e-20 2.480542910117511854e-21
2.281353612971884286e+04 1.637363778457046401e-20 2.285593884482481187e-21
2.282421504375201403e+04 1.979820707632480838e-20 2.171044138021433257e-21
2.283489395138745022e+04 2.265048029224083449e-20 2.200105956266727525e-21
2.284557285258633055e+04 2.174550594079203036e-20 2.184001557646147086e-21
2.285625174729325227e+04 2.440098632430346798e-20 2.367777687344637373e-21
2.286693063547220299e+04 2.642956730139613792e-20 2.312389572127968701e-21
2.287760951706739070e+04 2.212561877444649413e-20 2.334821914642820338e-21
2.288828839204094402e+04 2.412813407143191908e-20 2.393006199349819555e-21
2.289896726034224412e+04 2.655008882706130625e-20 2.404463956279602789e-21
2.290964612192838467e+04 2.241623329863543739e-20 2.167300013360473813e-21
2.292032497675320337e+04 2.069948260920773606e-20 2.258273985479543638e-21
2.293100382476530285e+04 2.557271825342202752e-20 2.261130588337867659e-21
2.294168266592797227e+04 2.533698710721403716e-20 2.349114516036547386e-21
2.295236150018696935e+04 2.148804351072074552e-20 2.187963286262023008e-21
2.296304032750449915e+04 2.542211708696059533e-20 2.168967902312157265e-21
2.297371914782594467e+04 2.490108032967871610e-20 2.182242124457002967e-21
2.298439796111628311e+04 2.249237230622217519e-20 2.024023289755814609e-21
2.299507676731942411e+04 2.065440050459435983e-20 2.054243837502468796e-21
2.300600887468839574e+04 2.788212473214307657e-20 2.409586947687264484e-21
2.301668769877720842e+04 3.243407977381196817e-20 2.149549292236635929e-21
2.302736650434744661e+04 2.309079001672249944e-20 2.099852182182265648e-21
2.303804530251246251e+04 1.981420389763492820e-20 2.063570293168519914e-21
2.304872409336104101e+04 2.113696704688858367e-20 2.226278979707069961e-21
2.305940287685423755e+04 2.331753202967148085e-20 2.301674520644270763e-21
2.307008165293907223e+04 1.896615839039486167e-20 2.349259673175758906e-21
2.308076042157713528e+04 2.395236372726533909e-20 2.295566855903189985e-21
2.309143918271677103e+04 2.678098618640195797e-20 2.336289889016595293e-21
2.310211793631998444e+04 2.303104563946054319e-20 2.386853368170006384e-21
2.311279668233506527e+04 2.094725175039010039e-20 2.410248336991299467e-21
2.312347542071866701e+04 2.635306604709694529e-20 2.330640197422160835e-21
2.313415415142660640e+04 2.162446644188892294e-20 2.407252860574972708e-21
2.314483287441237189e+04 2.728417158121140884e-20 2.588378055180869840e-21
2.315551158963424677e+04 2.473173575978759915e-20 2.406397255166179823e-21
2.316619029704070635e+04 1.769932103631419678e-20 2.113813375182122033e-21
2.317686899659422488e+04 2.610603220629276089e-20 2.372887394690987921e-21
2.318754768824097482e+04 2.650448936115980735e-20 2.354321828003635620e-21
2.319822637194587878e+04 2.442574403372764790e-20 2.295655245186950610e-21
2.320890504779648472e+04 2.132749582714668148e-20 2.281811851701726052e-21
2.321958372686128496e+04 2.121101262090905294e-20 2.240398979615133504e-21
2.323051612983898667e+04 2.501652219496039928e-20 2.123930770249776845e-21
2.324119480198168458e+04 2.187327968197137135e-20 2.130283938204235477e-21
2.325187346594917472e+04 1.802483268925691165e-20 2.104180072449978878e-21
2.326255212169368315e+04 2.456462299932066169e-20 2.149634353894398963e-21
2.327323076917758226e+04 2.588406139732736923e-20 2.270698010604734208e-21
2.328390940834661887e+04 2.537599542872829909e-20 2.270728692117316944e-21
2.329458803916581019e+04 2.402148775900082737e-20 2.393836741632833684e-21
2.330526666158236549e+04 1.997998069131639679e-20 2.121736407510304442e-21
2.331594527555985042e+04 2.353823287275134120e-20 2.113538883112284498e-21
2.332662388104533238e+04 2.270212371991248254e-20 2.159103576980183773e-21
2.333730247800029974e+04 1.877054218483177485e-20 2.104456065464703089e-21
2.334798106637742967e+04 1.805867429653584139e-20 2.353678439058670618e-21
2.335865964612936295e+04 1.850875723053776539e-20 2.216945128086788136e-21
2.336933821721887944e+04 2.657216334142849528e-20 2.209645117962460965e-21
2.338001677959171138e+04 2.420138461133715219e-20 2.218975891058477219e-21
2.339069533321451308e+04 1.708279277703232604e-20 2.114637828397974497e-21
2.340137387803137972e+04 2.168463970281558665e-20 2.104924238887010165e-21
2.341205241400959494e+04 2.318744657738518450e-20 2.240515125329339467e-21
2.342273094109294470e+04 1.999238918888002535e-20 2.238342441946446883e-21
2.343340945924985499e+04 2.085916347849811837e-20 2.168370545610646005e-21
2.344408796842251832e+04 2.107384579334621668e-20 2.160133149701908891e-21
2.345476646857869127e+04 1.968155868504718349e-20 2.190926408370223263e-21
2.346544495966563045e+04 2.211000756783385089e-20 2.081487504127768479e-21
2.347612344164294700e+04 2.169640582178434685e-20 2.095372963112223649e-21
2.348680191446834215e+04 1.703478355441233089e-20 2.032535585265265239e-21
2.349748037808887602e+04 2.347649809829319462e-20 2.176260726559513150e-21
2.350815883247255988e+04 1.949566968330727297e-20 2.058483343219159517e-21
2.351883727756316512e+04 2.268475079148411634e-20 2.257069274390159455e-21
2.352951571332853200e+04 2.685708465413515456e-20 2.424555228840998881e-21
2.354019413971193353e+04 2.142333164866246060e-20 2.314150284187240737e-21
2.355087255668504804e+04 1.925398225718304083e-20 2.181941440980203347e-21
2.356155096418735411e+04 1.839133845337690659e-20 2.208380635595159870e-21
2.357222936218775067e+04 2.239754983422774783e-20 2.313562845627638771e-21
2.358290775063310502e+04 2.704847540398990342e-20 2.321019543949350028e-21
2.359358612948501468e+04 2.103430671142490253e-20 2.261131723811781680e-21
2.360426449869974022e+04 1.934208185691997928e-20 2.150696338075373447e-21
2.361494285822919119e+04 2.320169207371703574e-20 2.249834510029894218e-21
2.362562120803565267e+04 2.572113113648139490e-20 2.032753139278686194e-21
2.363629954806498426e+04 2.468480026052891886e-20 2.197797927590615123e-21
2.364697787828693981e+04 2.549751900643007794e-20 1.968905791259104193e-21
2.365765619864571636e+04 2.245910917722791169e-20 2.330932796701192220e-21
2.366833450911062027e+04 1.779181374624630215e-20 2.205589871142710548e-21
2.367901280962264354e+04 2.407169422471588338e-20 2.241762733734122751e-21
2.368969110015022670e+04 2.038753204442474181e-20 2.215751712121090491e-21
2.370036938064197966e+04 2.409868607420418555e-20 2.166415222913749123e-21
2.371104765106142804e+04 2.339828171121803471e-20 2.077104095659090468e-21
2.372172591135748735e+04 1.350217903939756050e-20 1.872154015895929574e-21
2.373240416149458542e+04 1.760158189093376339e-20 2.027277116285874277e-21
2.374308240142208160e+04 1.655366609571204278e-20 1.967239229954247016e-21
2.375376063110135510e+04 1.909046886691414889e-20 2.037504750863156986e-21
2.376443885048800439e+04 1.777643104448032718e-20 2.085542882451555490e-21
2.377511705953432465e+04 1.778536440701222605e-20 2.079435808436327229e-21
2.378579525820544222e+04 2.006778869944280862e-20 2.090054517395815933e-21
2.379647344644780969e+04 2.364699932211921769e-20 2.159753854790456710e-21
2.380715162422875801e+04 2.131690076577725571e-20 2.016450063053149764e-21
2.381782979149267703e+04 2.277200413213226110e-20 1.973361821722811731e-21
2.382850794820872761e+04 2.552324943552194173e-20 2.192141529181318001e-21
2.383918609432272933e+04 2.033973213997742306e-20 2.038668269437319078e-21
2.384986422980338466e+04 2.045508003579277835e-20 2.010094487069185547e-21
2.386054235459479969e+04 1.961385788822815729e-20 1.992360356352963159e-21
2.387122046866614619e+04 2.300725834237932804e-20 2.063994469282391979e-21
2.388189857196365847e+04 2.065415105220856336e-20 2.130115302946997958e-21
2.389257666445200084e+04 2.236873045697729862e-20 2.177196745581529613e-21
2.390325474608418517e+04 2.482703871902508285e-20 2.099294222205386701e-21
2.391393281681642475e+04 2.565097634819073571e-20 2.032343985882864246e-21
2.392461087660989506e+04 1.888823585043524446e-20 2.113933909824897060e-21
2.393528892541533787e+04 1.846204483931602416e-20 2.134968238353576838e-21
2.394596696319960029e+04 2.031497983320548547e-20 2.117803520086520147e-21
2.395664498990501306e+04 2.140520070718825193e-20 2.242953761104592136e-21
2.396732300550463333e+04 2.132372243456310578e-20 2.078498243297088200e-21
2.397800100994206878e+04 2.056477999722908165e-20 1.864720441506527499e-21
2.398867900318601096e+04 2.246912823043998001e-20 2.094576319517589832e-21
2.399935698518290155e+04 3.056021209686754788e-20 2.258284311399771037e-21
2.401003495590261082e+04 2.433823734096652034e-20 2.019738165283827742e-21
2.402071291528793881e+04 2.100095914344180648e-20 1.928302409723794473e-21
2.403139086331075669e+04 2.665387168937673257e-20 2.222312823690873205e-21
2.404206879991541791e+04 2.098170342786333201e-20 2.300781438269573256e-21
2.405274672506917341e+04 1.924352048320059895e-20 2.122072637631590812e-21
2.406342463872408189e+04 2.195548977882782222e-20 2.061543277384289111e-21
2.407410254083692780e+04 2.200489548190166748e-20 2.192873482509974744e-21
2.408478043136884298e+04 2.085961332529531504e-20 2.197757960636858158e-21
2.409545831027340319e+04 2.621414442634970680e-20 2.168186082800705178e-21
2.410613617751040147e+04 2.267382643861361175e-20 2.143359895979215587e-21
2.411681403303842671e+04 2.321242849157920153e-20 2.116747811580140203e-21
2.412749187681343028e+04 2.084373829949319940e-20 2.133025213266829858e-21
2.413816970879228393e+04 2.213619112403531361e-20 2.116953645750488787e-21
2.414884752893563200e+04 1.742645921866403931e-20 1.941898435134395883e-21
2.415952533719384519e+04 2.265319562260900410e-20 2.099600138276073568e-21
2.417020313353661186e+04 2.097374902766729907e-20 2.217859102832864791e-21
2.418088091790618637e+04 2.071027869023500782e-20 2.172380245564773681e-21
2.419155869027915833e+04 2.522824400925397515e-20 2.205806217165737385e-21
2.420223645059386399e+04 2.335668835772976070e-20 2.232606041597854008e-21
2.421291419882339324e+04 2.273905357517891271e-20 2.100964843221665179e-21
2.422359193491470069e+04 1.807709912579519359e-20 2.044965882690639027e-21
2.423426965883325465e+04 1.901502363715322601e-20 1.875378823176343720e-21
2.424494737053271456e+04 2.150567552579600456e-20 2.121721976026005413e-21
2.425562506997464152e+04 1.701420240884332749e-20 2.112971381417459707e-21
2.426630275711208378e+04 2.357717581582075275e-20 2.133870732471573841e-21
2.427698043190641692e+04 2.250621999627691763e-20 2.114402804511334925e-21
2.428765809431191155e+04 2.417521672079604723e-20 2.294747374301225398e-21
2.429859149185596834e+04 2.342976906908403051e-20 2.207727339573993676e-21
2.430926916070613152e+04 2.646177791106944787e-20 2.262142528309189292e-21
2.431994680615752804e+04 2.543048657174429089e-20 2.230832293849632864e-21
2.433062443891822841e+04 2.225247004744233893e-20 2.130303974368925021e-21
2.434130205907704658e+04 2.333546259239318911e-20 2.157289629963911968e-21
2.435197966659795929e+04 1.896718296686617786e-20 2.080841416676615770e-21
2.436265726143560823e+04 2.997133145991078995e-20 2.279709312943989323e-21
2.437333484354908069e+04 2.591843977273937961e-20 2.152827697727211477e-21
2.438401241289282189e+04 2.309572826157610703e-20 2.130921149764252193e-21
2.439468996943145612e+04 2.441000616717877259e-20 2.264689145712247463e-21
2.440536751311754051e+04 2.405867532994650466e-20 2.332428354107520856e-21
2.441604504391603041e+04 2.250679718414611757e-20 2.081495395396210584e-21
2.442672256177886811e+04 2.026221694519049932e-20 2.301252633734324697e-21
2.443740006666788031e+04 2.324788162762610541e-20 2.287803901278571404e-21
2.444807755853766503e+04 2.507415063503378679e-20 2.064932149479660921e-21
2.445875503735407256e+04 2.464196043537148201e-20 2.008306132024423424e-21
2.446943250306751725e+04 2.308971607386564511e-20 2.108481479111612767e-21
2.448010995564178666e+04 2.479006578333388162e-20 2.101855329324755449e-21
2.449078739503159159e+04 2.181547990313344518e-20 2.029077986106542227e-21
2.450146482119744178e+04 2.119607217390537920e-20 2.066018400757163081e-21
2.451214223409802798e+04 2.404820597361110305e-20 2.142400986439584023e-21
2.452281963382741742e+04 2.057666232166102636e-20 1.982723715772348508e-21
2.453349703104602304e+04 2.290475516780609342e-20 2.074386266596917629e-21
2.454443061814357861e+04 2.207241946130416521e-20 2.091154850047934302e-21
2.455510799781744572e+04 2.273954818881732602e-20 2.093557347401914378e-21
2.456578536401306701e+04 2.325060741308442062e-20 2.205839621945455616e-21
2.457646271669436828e+04 2.574799355085279194e-20 2.080660320084008002e-21
2.458714005581804304e+04 2.331824217665433204e-20 2.007791152856383268e-21
2.459781738134083207e+04 2.193976363171029608e-20 1.915457120191732271e-21
2.460849469322292498e+04 2.272419172575865378e-20 2.082014854073877291e-21
2.461917199142384925e+04 1.933557833554353454e-20 2.009493476862695909e-21
2.462984927590145162e+04 3.017064647365897578e-20 2.281107205953909545e-21
2.464052654661708220e+04 2.656441810410644156e-20 2.195273126697759836e-21
2.465120380352625943e+04 1.626270068475512968e-20 2.099761692062539819e-21
2.466188104658905286e+04 2.757647223687313118e-20 1.934362376278892446e-21
2.467255827576525189e+04 1.855868850693208490e-20 2.135752231528624759e-21
2.468323549101469325e+04 1.749425939924774012e-20 1.920435436160343390e-21
2.469391269229192767e+04 2.102964132339652139e-20 1.935265324604692838e-21
2.470458987956113924e+04 2.442131534024278051e-20 2.197765783676140715e-21
2.471526705278058944e+04 2.318120911398578015e-20 1.959871923306357927e-21
2.472594421190705543e+04 2.269662077505136062e-20 2.032885350125861607e-21
2.473662135690071591e+04 1.542158939426736472e-20 2.071147270330631377e-21
2.474729848772247715e+04 1.596539997478509632e-20 2.127465632734284577e-21
2.475797560432871614e+04 1.723586307600161663e-20 1.981396074018218200e-21
2.476865270668092489e+04 1.767099994095048206e-20 1.891511037502776161e-21
2.477932979473431260e+04 2.008648528658319664e-20 1.929924288143238206e-21
2.479000686845289238e+04 2.136406277269861445e-20 2.219363946856736575e-21
2.480068392776217661e+04 2.099185015500310736e-20 2.104402328201681240e-21
2.481136085707739403e+04 2.263171257140811090e-20 2.064548242228086171e-21
2.482203766155325502e+04 2.106613404285435999e-20 2.185701318910671785e-21
2.483271445153434252e+04 1.936749823099661937e-20 1.833294931624210720e-21
2.484339122697345010e+04 2.356637060420355475e-20 1.762170826448420647e-21
2.485406798783763952e+04 2.213832182599492106e-20 2.047799598655175849e-21
2.486474473407880578e+04 2.257557075103491796e-20 2.040318040966072554e-21
2.487542146565939402e+04 2.444706716770615182e-20 2.001949445278929446e-21
2.488609818253877529e+04 2.369078269417290494e-20 2.026258498724538631e-21
2.489677488467711373e+04 2.476107042761758173e-20 2.084625430896811958e-21
2.490745157203305644e+04 1.946012137952145210e-20 1.963307907089102844e-21
2.491812824456864473e+04 2.116485233042261005e-20 2.139607221107667711e-21
2.492880490223830566e+04 1.746130746072513964e-20 2.388565855467267485e-21
2.493948154500786040e+04 1.673845324457303983e-20 2.289119414195206095e-21
2.495015817283097567e+04 2.422607298930563885e-20 2.397326629959565195e-21
2.496083478567376369e+04 2.395826642922627009e-20 2.025021290839142796e-21
2.497151138348893801e+04 2.441695930668732046e-20 2.099418590738126550e-21
2.498218796624384777e+04 1.997102388803164678e-20 2.322390939344187517e-21
2.499286453389026065e+04 1.911161340855029711e-20 2.066143721307261135e-21
2.500354108639583137e+04 2.288272558726655578e-20 2.106340434324867992e-21
2.501421762371505247e+04 2.175615264767812722e-20 2.000238586790119842e-21
2.502489414580879748e+04 2.077811559987399096e-20 1.978023533119841064e-21
2.503557065263787808e+04 2.175764399869547426e-20 1.975677630705844988e-21
2.504624714416169081e+04 1.913469925754581089e-20 2.041911858238423177e-21
2.505692362034010148e+04 2.060054069745443227e-20 1.880328175443432914e-21
2.506760008113364529e+04 1.383738409885750381e-20 1.864661436229360442e-21
2.507827652649962693e+04 2.062944510875124706e-20 1.994437651401094084e-21
2.508895295640411496e+04 2.535108424850461834e-20 2.049645732209507844e-21
2.509962937080187839e+04 1.956098583960907604e-20 2.030996065238820787e-21
2.511030576965385262e+04 2.068048102774128992e-20 2.079741528442439149e-21
2.512098215292114764e+04 2.226921931282032040e-20 2.014574955031488515e-21
2.513165852056345466e+04 2.063442283449627014e-20 2.040403242116533671e-21
2.514233487254063220e+04 2.094594431083308311e-20 1.987615831421892212e-21
2.515301120881355018e+04 2.048739256056402302e-20 2.164384470336115870e-21
2.516368752934167424e+04 1.892494788261654391e-20 2.175686577638004510e-21
2.517436383408556867e+04 2.387375560899912755e-20 2.020786628755054545e-21
2.518504012300582690e+04 2.137965883331394508e-20 2.049637501654844014e-21
2.519571639606175086e+04 1.873452349150301423e-20 2.058469449944108463e-21
2.520639265321266066e+04 1.568438498473453929e-20 1.791085732544177930e-21
2.521706889442435568e+04 1.466136039599294590e-20 1.978045638972596331e-21
2.522774511965091369e+04 1.935074907953491748e-20 1.978534409007231628e-21
2.523842132885545652e+04 1.736084683429051293e-20 1.992266725767675939e-21
2.524909752199414652e+04 1.760607030193485201e-20 1.824060540259595517e-21
2.525977369903853469e+04 2.013694400903178767e-20 1.909043597225846781e-21
2.527044985993462615e+04 2.174405657259007764e-20 1.989423729875687155e-21
2.528112600465539072e+04 1.754034538027179942e-20 2.014025267901729002e-21
2.529180213315222863e+04 2.206152028766301942e-20 1.672779155618187675e-21
2.530247824539169233e+04 1.863465092959309114e-20 1.725378787278325644e-21
2.531315434133148301e+04 2.117007380103163494e-20 1.949477621393441665e-21
2.532383042093304175e+04 1.808461820571687261e-20 1.846627426770081924e-21
2.533450648415502292e+04 2.153592814042056657e-20 2.102655057971393515e-21
2.534518253096106127e+04 2.403666913315978187e-20 2.165541056520274726e-21
2.535585856131084438e+04 2.202601401454348393e-20 2.058363078101398735e-21
2.536653457516662093e+04 1.919989795541982046e-20 1.836730961176830852e-21
2.537721057248295256e+04 2.005435724744004709e-20 1.864051586935200550e-21
2.538788655322705381e+04 2.183147706821230403e-20 2.073760120452032208e-21
2.539856251735720070e+04 2.302743489297650313e-20 1.965176251338067076e-21
2.540923846483422312e+04 2.327521862274270823e-20 1.972524211674527617e-21
2.541991439561748848e+04 2.504383547105872384e-20 1.955610602255756506e-21
2.543059030967287981e+04 2.323478689930673854e-20 2.032406050615505379e-21
2.544126620695197926e+04 1.974790221887609438e-20 2.175571467466458546e-21
2.545194208742768387e+04 1.990866760219686374e-20 2.146677463327384844e-21
2.546261795105015335e+04 1.723333251053980380e-20 1.996691382075418703e-21
2.547329379778705697e+04 1.999624654760536900e-20 1.839646185429604203e-21
2.548396962759544112e+04 1.857144789954498044e-20 1.843852746523752091e-21
2.549464544044127979e+04 1.957976964408351934e-20 1.825322330521384354e-21
2.550532123627669353e+04 2.192317323235423231e-20 1.843570698226717754e-21
2.551599701507433565e+04 2.208980623606324847e-20 2.048878401756164352e-21
2.552667277678477694e+04 1.853001627556140367e-20 1.988163899109443672e-21
2.553734852137786584e+04 2.607287801352421275e-20 1.995079452221889120e-21
2.554802424880631952e+04 2.425356701901163485e-20 1.824788910259334945e-21
2.555869995903502786e+04 2.420667907520041463e-20 1.933278818985847321e-21
2.556937565202775659e+04 1.792708363070458767e-20 1.888380404611513803e-21
2.558005132774115918e+04 2.015543394247965412e-20 1.905911189305014641e-21
2.559072698614250112e+04 1.813692993750869941e-20 2.001232196557832115e-21
2.560140262718547092e+04 2.301283003082154347e-20 1.918554772162819898e-21
2.561207825083868738e+04 1.721270811033733019e-20 1.844724728892595118e-21
2.562275385705567533e+04 1.872685028590046959e-20 1.935116422787385624e-21
2.563342944580414405e+04 2.346509001561683057e-20 1.914670374643682427e-21
2.564410501703855698e+04 2.352838803621450567e-20 1.879614793285615395e-21
2.565478057073098535e+04 2.297312193172799069e-20 2.034560556267011308e-21
2.566545610683281484e+04 2.193056839080154700e-20 1.947035193776649785e-21
2.567613162531073976e+04 2.016554179681862490e-20 2.026543905632776732e-21
2.568680712612485877e+04 1.966569161097320592e-20 1.790453791548947477e-21
2.569748260923469206e+04 2.217515985843211874e-20 1.853366970275448003e-21
2.570815807460692304e+04 1.670198243778587952e-20 1.731512615540680637e-21
2.571883352219369044e+04 2.265216602720439343e-20 1.717854066231669365e-21
2.572950895196679994e+04 2.449502963077646167e-20 1.839931603862481078e-21
2.574018436388274131e+04 2.446295187699579317e-20 2.045228717431413650e-21
2.575085975790199518e+04 1.958915276253624124e-20 2.084984571008262970e-21
2.576153513398810173e+04 2.001604367720474741e-20 2.020601670797224050e-21
2.577221049210398269e+04 1.892215416337737970e-20 2.042160803147373202e-21
2.578288583220592045e+04 2.306185883419087705e-20 2.068703774762653544e-21
2.579356115426650285e+04 2.160764088107575533e-20 1.967071228740083126e-21
2.580449499771204137e+04 2.116785960628928448e-20 2.000206251228713299e-21
2.581517030355874158e+04 2.187941921005014386e-20 2.134415967689064905e-21
2.582584559111359704e+04 2.468814880705972803e-20 1.968063553008745635e-21
2.583652086045941178e+04 2.131535955485455747e-20 1.868553589239937825e-21
2.584719611156077372e+04 2.570431113553534673e-20 2.094104219073963198e-21
2.585787134438553767e+04 2.386423768734078238e-20 2.064305721822434362e-21
2.586854655889083369e+04 1.687426417408928120e-20 1.842797875272186618e-21
2.587922175503924518e+04 2.153719077884701420e-20 1.952782226451074132e-21
2.588989693279049970e+04 2.343972426144204130e-20 1.884383948188112475e-21
2.590057209210988003e+04 1.856236121050089082e-20 1.917525796006935263e-21
2.591124723295405420e+04 1.708118455297528632e-20 1.850429427119056856e-21
2.592192235529297250e+04 1.978090412454835965e-20 1.937513154134386984e-21
2.593259745908191690e+04 1.845499581182390373e-20 1.890920175641087998e-21
2.594327254428773085e+04 1.812540393278870624e-20 1.851697700101424348e-21
2.595394761087020743e+04 2.215077203332766960e-20 1.892471259058024707e-21
2.596462265878666585e+04 1.982516848006044183e-20 1.706935027404776487e-21
2.597529768801026148e+04 2.334309122123862068e-20 1.735602973377817834e-21
2.598597269849057557e+04 2.353798981887918045e-20 2.237266338838312790e-21
2.599664769019736923e+04 2.167196714237216844e-20 2.021935449784043460e-21
2.600732266309566330e+04 2.301583306661813973e-20 1.981188596956933354e-21
2.601799761713708722e+04 2.332960394450771973e-20 1.914933592402873465e-21
2.602867255229356670e+04 2.208954730417663803e-20 2.019550413834807041e-21
2.603934746852186072e+04 2.055444743030616952e-20 1.724657341696852448e-21
2.605002236578619704e+04 1.892883443343396134e-20 1.983834467982892082e-21
2.606069724405031593e+04 2.138625195148818347e-20 2.295583200514296878e-21
2.607137210340465754e+04 2.557685343739460269e-20 2.272915157825499917e-21
2.608230599880366935e+04 2.220504497791983966e-20 2.118359153561837806e-21
2.609298083963126192e+04 2.206888847782758829e-20 1.954749532715765262e-21
2.610365566130572188e+04 2.250614144163967623e-20 2.054311666411696110e-21
2.611433046378740255e+04 1.963381989608834496e-20 2.059806505902144108e-21
2.612500524703802512e+04 2.064504112198286008e-20 1.902346423602781625e-21
2.613568001101605478e+04 1.947681013657066000e-20 1.811998798113386772e-21
2.614635475569080518e+04 1.763455354933586620e-20 1.899628406852615236e-21
2.615702948101970469e+04 1.731523696236846988e-20 2.000899358684615526e-21
2.616770418697223795e+04 1.937977463432130865e-20 1.896670538987192102e-21
2.617837887350455640e+04 2.100738994434007703e-20 1.775305652075167447e-21
2.618905354058538433e+04 1.849147849689672013e-20 1.871616065074566717e-21
2.619972818816623112e+04 2.319257149512884169e-20 2.002058939703843403e-21
2.621040281621904796e+04 2.383915301195347334e-20 1.850330761795952104e-21
2.622107742470602534e+04 2.165238822586092222e-20 1.860267488189928636e-21
2.623175201358522827e+04 1.613187265648831079e-20 1.861592263397664284e-21
2.624242658282435150e+04 1.511850546977331536e-20 1.831524172720102547e-21
2.625310113237895712e+04 1.719937201375946036e-20 1.825956560211052215e-21
2.626377566221597226e+04 1.857180517309273744e-20 1.706758193005469617e-21
2.627445017230330268e+04 1.636377562789165659e-20 1.804342356919301150e-21
2.628512466259669236e+04 2.081690957843485778e-20 1.857178184102228350e-21
2.629579913306063463e+04 1.622795976002183794e-20 1.689764061980793871e-21
2.630647358365868786e+04 1.612447770235051174e-20 1.883828362021069017e-21
2.631714801435820118e+04 1.682607291381828314e-20 1.877893767186694239e-21
2.632782242510968717e+04 2.083637802180778487e-20 1.758645153943932699e-21
2.633849681588845124e+04 2.062569444625437116e-20 1.855465167099818672e-21
2.634917118664812006e+04 1.821346392813500972e-20 1.928613147403278192e-21
2.635984553735540612e+04 2.334689830755752096e-20 1.983575248683225937e-21
2.637051986797856807e+04 2.520268159795648539e-20 2.062870938842150896e-21
2.638119417847377554e+04 2.128216839561162885e-20 1.902564361531284581e-21
2.639186846880562007e+04 2.119134455924774988e-20 1.804327521578768877e-21
2.640254273893754362e+04 1.835775639710348533e-20 1.946526293001706314e-21
2.641321698883512363e+04 1.650570923265073636e-20 1.820215173304390658e-21
2.642389121845398040e+04 1.744541870459108556e-20 1.805347513621357020e-21
2.643456542776416609e+04 1.683035555369534538e-20 1.982085919961321082e-21
2.644523961672693258e+04 2.213074306029441435e-20 2.078511129577741193e-21
2.645591378530742804e+04 2.127284913731507366e-20 1.898980445269406251e-21
2.646658793346141465e+04 1.991924745781133093e-20 1.783272754232777357e-21
2.647726206116208050e+04 1.571411790725071467e-20 1.569899887524672289e-21
2.648793616836315778e+04 2.147612322038136580e-20 1.736443517959001774e-21
2.649861025503406927e+04 1.527508181846159343e-20 1.703613003519235323e-21
2.650928432113659801e+04 1.893012684185774087e-20 1.796686616898451011e-21
2.651995836663395312e+04 2.499815139598913592e-20 1.925289706269471137e-21
2.653063239148868524e+04 2.392892412916201304e-20 1.971978141676491365e-21
2.654130639566707032e+04 1.908198638126025175e-20 1.992687611638182405e-21
2.655198037912542713e+04 2.075969514748467644e-20 1.916958143813185431e-21
2.656265434183368779e+04 2.167697722838887733e-20 1.856318968052377107e-21
2.657332828375065583e+04 2.106151455118970987e-20 1.761729556157297535e-21
2.658400220484719102e+04 2.420921564427487880e-20 1.882495377614709354e-21
2.659467610507927020e+04 1.871381365818456044e-20 2.374448618389217412e-21
2.660534998441238713e+04 1.502014996559316213e-20 2.179621244162429176e-21
2.661602384281062041e+04 2.247074014992529508e-20 1.943440372353633211e-21
2.662669768023739744e+04 2.050610976573635959e-20 2.008817205644602745e-21
2.663737149665296238e+04 2.337428969427939637e-20 1.927457726276440887e-21
2.664804529202652702e+04 2.223677584038861421e-20 1.894785188464670449e-21
2.665871906632159153e+04 1.591912313906901695e-20 1.777393322547597088e-21
2.666939281949388896e+04 2.269235633488538234e-20 1.845876550685437675e-21
2.668006655151220912e+04 1.951450330389693651e-20 1.987565340425288301e-21
2.669074026234279518e+04 2.134217061825223108e-20 1.976870999489346125e-21
2.670141395194892539e+04 1.563729861088836314e-20 2.000983585760235754e-21
2.671208762028684578e+04 1.483659710468604706e-20 1.785663870379753463e-21
2.672276126732554621e+04 2.111384762876794350e-20 1.835999641714905906e-21
2.673343489303356546e+04 1.916079880200612001e-20 1.714564059583250392e-21
2.674410849736650925e+04 1.873409490675348855e-20 1.821660686456940453e-21
2.675478208028654626e+04 2.046695758198542314e-20 1.771518063216446064e-21
2.676545564176714470e+04 2.081763060362790155e-20 1.802136919364160042e-21
2.677612918177149186e+04 2.201091595300120555e-20 1.900420257060933309e-21
2.678680270025153004e+04 1.810333049894594835e-20 1.929084899300343612e-21
2.679747619717865382e+04 2.024967037905087479e-20 1.890511694107939973e-21
2.680814967251641428e+04 1.801649156848319749e-20 2.014143515906292873e-21
2.681882312623084727e+04 1.525845457137476917e-20 1.912828063931726694e-21
2.682949655828397954e+04 1.945068132448589265e-20 2.149571329601154574e-21
2.684016996863721215e+04 2.226347085952698456e-20 2.076540882105148636e-21
2.685084335725863275e+04 2.134368949304019385e-20 2.003114392689063262e-21
2.686151672410800165e+04 2.307596730355516096e-20 1.929206325066690559e-21
2.687219006915676437e+04 2.048979497843149676e-20 2.003827891418054795e-21
2.688286339235851483e+04 1.755306672746975007e-20 1.838374270398850842e-21
2.689353669368481133e+04 2.094506425456824253e-20 1.862575954454810116e-21
2.690420997309759696e+04 2.035312357584470694e-20 1.886256064075981694e-21
2.691488323055580986e+04 2.033124691897666328e-20 1.827786334258654020e-21
2.692555646603536661e+04 1.703752971855587535e-20 1.913196432000499848e-21
2.693622967948863152e+04 2.166606428454817056e-20 1.911902258965303443e-21
2.694690287088473633e+04 2.437168231293175833e-20 1.935105553785745714e-21
2.695757604018971324e+04 1.871917786418205266e-20 1.894882922226453572e-21
2.696824918736556356e+04 1.968895247302261391e-20 1.860068014443659149e-21
2.697892231237673332e+04 1.552140672188116644e-20 1.789728597852444129e-21
2.698959541518472179e+04 1.561818830009675511e-20 1.845528216496294234e-21
2.700026849575323286e+04 1.721285719905486580e-20 1.894991446875933902e-21
2.701094155405733181e+04 1.827850716981127800e-20 2.027003280364475359e-21
2.702161459004861172e+04 1.918506147251021201e-20 2.035402383472887480e-21
2.703228760370088276e+04 2.300038654611852613e-20 2.026167254025258971e-21
2.704296059496617090e+04 2.172134097515274397e-20 2.110276329245010457e-21
2.705363356381919220e+04 1.977959936431338741e-20 1.908619671461774039e-21
2.706430651022407983e+04 1.640894330016385484e-20 2.412040909071476338e-21
2.707497943414220936e+04 1.908713405780375962e-20 2.448701591492319384e-21
2.708565233553609505e+04 2.434244866626739204e-20 2.012742626613988719e-21
2.709632521437266769e+04 2.100611581903243188e-20 1.921405237997839137e-21
2.710699807061835963e+04 2.083387542303728300e-20 1.937748187381328581e-21
2.711767090423283662e+04 1.050473745412875451e-20 2.027061083257941073e-21
2.712834371518339321e+04 1.650357615955899056e-20 2.086648089816216061e-21
2.713901650343693109e+04 2.359762153055625668e-20 2.067040756580326463e-21
2.714968926894513424e+04 1.605033222136102503e-20 1.767702826517171716e-21
2.716036180969757697e+04 1.752140052095238531e-20 2.013688709151576565e-21
2.717103407005314511e+04 1.185881316111101265e-20 1.849537644225417134e-21
2.718170630756992250e+04 1.866856261941286971e-20 2.042190469167726403e-21
2.719237852221267167e+04 1.813044831885394298e-20 2.036587218564690526e-21
2.720305071394894185e+04 1.968610385179019692e-20 1.883438458963088389e-21
2.721372288274078528e+04 2.151634403583739450e-20 2.063048302440894379e-21
2.722439502854943566e+04 1.950977159893949013e-20 1.964650392584438249e-21
2.723506715134305705e+04 1.977535844000562994e-20 2.023740145835299111e-21
2.724573925108629192e+04 1.680065628132822331e-20 1.962968720943791658e-21
2.725641132774615835e+04 1.970138506337668742e-20 1.985982057046292619e-21
2.726708338128204559e+04 1.842888968410295328e-20 2.069135992120087583e-21
2.727775541166443509e+04 1.238858945871481099e-20 2.040739068215485119e-21
2.728842741885287614e+04 1.627000775924650658e-20 2.013349351222197315e-21
2.729909940281413219e+04 2.026284465644369730e-20 2.315490777840966654e-21
2.730977136351352601e+04 2.321013686836542978e-20 2.130752529837565615e-21
2.732044330091344091e+04 2.432619261365425673e-20 2.076021945817749213e-21
2.733111521499179071e+04 2.129015596482259663e-20 2.202248932417993015e-21
2.734178710569179384e+04 1.583399994961029248e-20 2.331861826524935731e-21
2.735245897299228454e+04 2.300135816262665524e-20 2.438375433309705397e-21
2.736313081685287034e+04 2.363357969864307602e-20 2.250079296287270526e-21
2.737380263724602992e+04 1.676421607288667789e-20 2.169655974521866045e-21
2.738447443412879875e+04 1.991055076772566520e-20 2.085749960763066271e-21
2.739514620747188019e+04 1.927817777748096876e-20 1.975299760041983892e-21
2.740581795723496543e+04 1.566751901049793616e-20 1.961271643356825144e-21
2.741648968338509439e+04 1.564605965608634614e-20 2.080498412059101473e-21
2.742716138588781541e+04 2.113451592409165516e-20 2.014842429121300741e-21
2.743783306470834577e+04 2.230191292542850374e-20 2.236143184391586050e-21
2.744850471980902876e+04 2.043752803869824592e-20 2.134962759999339573e-21
2.745917635116229940e+04 2.007446966241895479e-20 2.405934218701218780e-21
2.746984795872605537e+04 2.159154104599706743e-20 2.155838826698000658e-21
2.748051954246808600e+04 2.158023492180198256e-20 2.055799249080873472e-21
2.749119110235061089e+04 1.957194331162928827e-20 2.113273930291595497e-21
2.750186263834929196e+04 2.212844339199059492e-20 2.152174227348308510e-21
2.751253415041376138e+04 2.315232730738211905e-20 2.307351295941033309e-21
2.752320563851997940e+04 1.610925696495528633e-20 2.285344546523950762e-21
2.753387710263005647e+04 1.820126699565737978e-20 1.872795079599942458e-21
2.754454854271208387e+04 1.856460520391802213e-20 1.944219451368581650e-21
2.755521995872627667e+04 1.383140288985944231e-20 1.904893589848720637e-21
2.756589135063791764e+04 8.912135189638373233e-21 1.964124152691331765e-21
2.757656271841715716e+04 2.012135911071089791e-20 2.237224792304320034e-21
2.758723406202977640e+04 2.102087153781826290e-20 2.123414387196053483e-21
2.759790538143316735e+04 1.276754725891877224e-20 1.978461102653063274e-21
2.760857667660082734e+04 1.741144674483477989e-20 1.983124477890138869e-21
2.761924794749472494e+04 2.229689468984308703e-20 2.270221753139935118e-21
2.762991919407829846e+04 2.426869061254273352e-20 2.231909040424482007e-21
2.764059041632516892e+04 2.431202310874466886e-20 2.180963923444759978e-21
2.765126161419522759e+04 2.561404643521101915e-20 2.294720786905131524e-21
2.766219467265552157e+04 1.962087687947710904e-20 2.203604018223331753e-21
2.767286585097668285e+04 2.002151807139198017e-20 2.138420840557508751e-21
2.768353699501891242e+04 2.220272068882887778e-20 2.314756365249773788e-21
2.769420811441727346e+04 2.284011497627660424e-20 2.160099630988070645e-21
2.770487920926611696e+04 2.253990328948039056e-20 2.249285879019936539e-21
2.771555027952892488e+04 1.564023779531282073e-20 2.300722739038531312e-21
2.772622132517131467e+04 1.395152252260764679e-20 2.144435641667839629e-21
2.773689234615880923e+04 1.467781870441536038e-20 2.196236196164982478e-21
2.774756334245915423e+04 1.830664784179249364e-20 2.143003479420041897e-21
2.775823431402800998e+04 1.537831706502049623e-20 2.258901049398329299e-21
2.776890526084433077e+04 1.572198970351838003e-20 2.098951277257126100e-21
2.777957618287100559e+04 1.939012768882697283e-20 2.145433122005173754e-21
2.779024708006271976e+04 2.349302539201706135e-20 2.460455694450134772e-21
2.780091795240167994e+04 1.974504273062044149e-20 2.319308689797116630e-21
2.781158879984038140e+04 1.624584809658942216e-20 2.346989840765544831e-21
2.782225962234964027e+04 1.904319836927331291e-20 2.125234643935702012e-21
2.783293041989770427e+04 1.816607278524528602e-20 2.198424163401512228e-21
2.784360119245088936e+04 2.395329985127897245e-20 2.226857164539889536e-21
2.785427193996689675e+04 2.631123870851757610e-20 2.235031322012162360e-21
2.786494266241674268e+04 1.636708093641174807e-20 2.378392329121817893e-21
2.787561335977134149e+04 1.536879180736615720e-20 2.276940022779171255e-21
2.788628403198377782e+04 2.083048427081781877e-20 2.281690420676277941e-21
2.789695467903592726e+04 2.308610701922130684e-20 2.458408812933256345e-21
2.790762530088019048e+04 1.985206764679937771e-20 2.238618157751844953e-21
2.791829589749282604e+04 2.196137568236067405e-20 2.309996731704189618e-21
2.792896646882965797e+04 2.034521992491304243e-20 2.303327928324295749e-21
2.793963701486463469e+04 2.292196357661903363e-20 2.118694536383263601e-21
2.795030753556087802e+04 2.049284543199144127e-20 2.196295378861066943e-21
2.796097803088134242e+04 1.853328726574802891e-20 2.182177067315590267e-21
2.797164850079534153e+04 1.527177708522325228e-20 2.291613018683579612e-21
2.798231894527162876e+04 1.724417081435816480e-20 2.324457637616812911e-21
2.799298936427065928e+04 1.447951985222054478e-20 1.888606147050029636e-21
2.800365975776357664e+04 2.061006105459352437e-20 2.175362053824304832e-21
2.801433012583766322e+04 1.810643109594390602e-20 2.071333336363312214e-21
2.802526302109506651e+04 2.039491413316524993e-20 2.041949331078225266e-21
2.803593335716840375e+04 2.559698262353719539e-20 2.507584267721495969e-21
2.804660366759214230e+04 2.508081972708536167e-20 2.343465196639613710e-21
2.805727395233866991e+04 2.185908041447003139e-20 2.089275486994260159e-21
2.806794421136856181e+04 2.245242211545407415e-20 2.247817646979258249e-21
2.807861444465085879e+04 2.240949067591673396e-20 2.546577997839527528e-21
2.808928465215416145e+04 1.696537206273557470e-20 1.999882357305667185e-21
2.809995483384506952e+04 2.170323405273557385e-20 2.083970820876727942e-21
2.811062498968143336e+04 1.846720370877280137e-20 1.827049627697330244e-21
2.812129511963240293e+04 2.310899604645218309e-20 2.292171390982582181e-21
2.813196522367531361e+04 1.676515051230448336e-20 2.237724387229256038e-21
2.814263530176229688e+04 2.167219973483370882e-20 1.991721109822147920e-21
2.815330535386285919e+04 2.561687696822391305e-20 2.030141235653374439e-21
2.816397537995480889e+04 2.370161580624559261e-20 2.258369505331520969e-21
2.817464537998988089e+04 2.353063958907661397e-20 2.330328605963148247e-21
2.818531535394011007e+04 1.472526374491773983e-20 2.368000055409869448e-21
2.819598530177808789e+04 2.089111422696566727e-20 2.123196731062327787e-21
2.820665522345580030e+04 1.888717910878663771e-20 2.089901166609808276e-21
2.821732511895112839e+04 1.560031318521101909e-20 1.992089563197219061e-21
2.822799498823006434e+04 1.468811129756034088e-20 2.123978652901384643e-21
2.823866483125391824e+04 1.923579696115639939e-20 2.121014426878320156e-21
2.824933464799208741e+04 1.676284750516594628e-20 2.128399420353115954e-21
2.826000443841682863e+04 2.136935789306597007e-20 2.161336326550351741e-21
2.827067420247378686e+04 2.199873078021168748e-20 2.234980109530895515e-21
2.828134394015910948e+04 2.271885695223782626e-20 1.893828144426381667e-21
2.829201365142201394e+04 2.050531055315468605e-20 2.074636830285473427e-21
2.830268333622322825e+04 2.030402666113159255e-20 2.178164721661647621e-21
2.831335299454932465e+04 2.185407116373147457e-20 2.152186012494823010e-21
2.832402262635256193e+04 2.108743548560320923e-20 2.034059546325915575e-21
2.833469223159103785e+04 1.483945995121384751e-20 2.021576890799704538e-21
2.834536181026063059e+04 2.316889682758933852e-20 2.546675121643915402e-21
2.835603136230443124e+04 2.070300592887528977e-20 2.386099873765067922e-21
2.836670088768299684e+04 2.168618747230289807e-20 2.192295292723869863e-21
2.837737038639282036e+04 1.795582758189335451e-20 1.948629309584590057e-21
2.838803985837131768e+04 2.181090021817491605e-20 2.279395256012355866e-21
2.839870930359691556e+04 1.994159823193598553e-20 1.857437944328182747e-21
2.840937872204460655e+04 1.510583611241032090e-20 2.088220200232660477e-21
2.842004811366118884e+04 2.731468329325555585e-20 2.392070317055619972e-21
2.843071747843407866e+04 1.860257067377070628e-20 2.379699492809647825e-21
2.844138681632418957e+04 1.888919764475426425e-20 2.248567835275241788e-21
2.845205612728327105e+04 1.940946992219472700e-20 2.047513793339617726e-21
2.846272541129885212e+04 1.474194701251684651e-20 1.951628181573222555e-21
2.847339466832338803e+04 2.188451530487483343e-20 2.166829536910727721e-21
2.848406389833553476e+04 2.968182672119225045e-20 2.407579155988249710e-21
2.849473310129327729e+04 2.109488693977712108e-20 2.229065658150653819e-21
2.850540227716591835e+04 1.986777105673153321e-20 2.133126174633223029e-21
2.851607142592105811e+04 2.192601210955634520e-20 2.335259849913488300e-21
2.852674054752859593e+04 2.427464882968473653e-20 2.225841510523653369e-21
2.853740964194059052e+04 1.780611526379480858e-20 2.072166001841315804e-21
2.854807870915340027e+04 1.306849647361759461e-20 2.101633381475997727e-21
2.855874774910143606e+04 1.319988691893126223e-20 2.074097302366284879e-21
2.856941676177283807e+04 2.114866888619624815e-20 2.218812897064041702e-21
2.858008574713460621e+04 1.789176799744737193e-20 2.417561216529698750e-21
2.859075470513584514e+04 1.824207502831998190e-20 2.205856261191215663e-21
2.860142363576397111e+04 1.757774144096330422e-20 2.275397038842737244e-21
2.861209253896876544e+04 1.489139778039200680e-20 2.347103793454440430e-21
2.862276141473526150e+04 1.793042072499031603e-20 2.264413382080577526e-21
2.863343026301859936e+04 1.819327511916061140e-20 2.314204371290689492e-21
2.864409908378857290e+04 1.662615213380416449e-20 2.191463129250459252e-21
2.865476787701234935e+04 1.753134169821976675e-20 2.239915759643139751e-21
2.866543664265445113e+04 1.936880873130519237e-20 2.256746911469647484e-21
2.867610538068802998e+04 1.482823804995196222e-20 1.965429177476666779e-21
2.868677409107724816e+04 1.594363520346436855e-20 1.933795498957681611e-21
2.869744277378880724e+04 1.967886429403281042e-20 1.948634013956418915e-21
2.870811142879044928e+04 2.077139381014384616e-20 2.138504024318123278e-21
2.871878005604342979e+04 1.809795286023091737e-20 2.270739133896430846e-21
2.872944865553011550e+04 1.816047790182629176e-20 2.228756363694204133e-21
2.874011722719949103e+04 1.907861747859073515e-20 2.274155572211826003e-21
2.875078577103973294e+04 2.468231983496293379e-20 2.444412474634531263e-21
2.876145428700048069e+04 2.126226644703239911e-20 2.341052922612260662e-21
2.877212277505208112e+04 2.087620077472705248e-20 2.114289433739297421e-21
2.878279123517095650e+04 2.272573635979316912e-20 2.373340117501666574e-21
2.879345966730590226e+04 2.095939014889044222e-20 2.310185180393933460e-21
2.880412807144872568e+04 2.107734406912445301e-20 2.390822445787791291e-21
2.881479644754883702e+04 2.268164850415555239e-20 2.452478974456036660e-21
2.882546479558277133e+04 1.699960253307021730e-20 2.230599629794985957e-21
2.883613311551185325e+04 1.634974956567651139e-20 2.067585428926998245e-21
2.884680140730913627e+04 1.576267495219785695e-20 2.096600908218085768e-21
2.885746967094248976e+04 1.168468805042265821e-20 2.097745923056559554e-21
2.886813790636726117e+04 1.847327679695641365e-20 1.990676452828259876e-21
2.887880611357238740e+04 2.007943951369334288e-20 2.059145862001227433e-21
2.888947429249773995e+04 1.886820058671022338e-20 2.262035807693804395e-21
2.890014244313480958e+04 1.810620240066041216e-20 2.319049236622151074e-21
2.891081056544256353e+04 2.098328040179323348e-20 2.194519047177619944e-21
2.892147865938546238e+04 1.844233053219193599e-20 2.096954810862564916e-21
2.893214672493722901e+04 1.782046683779483347e-20 2.281892334186214974e-21
2.894281476205917716e+04 2.166696612291838946e-20 2.263089042367789575e-21
2.895348277072776546e+04 1.894085507982633348e-20 1.958187124259484803e-21
2.896415075089574020e+04 2.077687754800309259e-20 2.217935935557746720e-21
2.897481870254921523e+04 2.216005505150437720e-20 2.076408711338782662e-21
2.898548662563728794e+04 1.864064173325388051e-20 2.045685439481672238e-21
2.899615452014604671e+04 1.662968291638740118e-20 1.960734874726930179e-21
2.900682238602742291e+04 1.799748889851591584e-20 2.010298237022381931e-21
2.901749022325265469e+04 1.959970943489673715e-20 1.975905386574975047e-21
2.902815803179874638e+04 2.246597940371212251e-20 2.036535380886805693e-21
2.903882581162409042e+04 1.887869293380098743e-20 2.004416981406524089e-21
2.904949356270558928e+04 1.448025075964118054e-20 2.009082503846174450e-21
2.906016128499215483e+04 1.393059615144253260e-20 2.192685612689753242e-21
2.907082897847373169e+04 1.885087836386286640e-20 1.977906190435909782e-21
2.908149664310566368e+04 1.883060571958194627e-20 1.917344051598382278e-21
2.909216427886196107e+04 1.919481850845610145e-20 1.832125856654855012e-21
2.910283188570404309e+04 1.871711194267017957e-20 1.998055600059177165e-21
2.911349946360576359e+04 2.067457739298525084e-20 2.075201602967720239e-21
2.912416701252917846e+04 1.721902056316173919e-20 2.215133148651792299e-21
2.913483453244836710e+04 1.814142664660326709e-20 2.236854331045933569e-21
2.914550202332494518e+04 2.271054472670606743e-20 2.286679357363686939e-21
2.915616948512980161e+04 1.931362392271353721e-20 2.074000940401990812e-21
2.916683691783371250e+04 1.879636446280403173e-20 1.975265131648677054e-21
2.917750432139564509e+04 1.771588688248984643e-20 2.032171231802488138e-21
2.918817169579293477e+04 1.458925069999596687e-20 2.053065905745112209e-21
2.919883904099355277e+04 1.625453154756785888e-20 2.041451098777660133e-21
2.920950635696221798e+04 1.784831717535818567e-20 2.184249684498555308e-21
2.922017364366026231e+04 2.038546696709849193e-20 2.075614097899160669e-21
2.923084090106562144e+04 1.515894026116355996e-20 2.035388370610323220e-21
2.924150812914314884e+04 1.745515831933235590e-20 2.009774307565947515e-21
2.925217532786403899e+04 1.555076591728803078e-20 1.702152837482878338e-21
2.926284249719002401e+04 1.543972561777983189e-20 1.834302707094593046e-21
2.927350963709177449e+04 1.836542217727033399e-20 1.914197091833928625e-21
2.928417674753475512e+04 2.242915434246239806e-20 2.007825883793664829e-21
2.929484382849657413e+04 1.610139683119422869e-20 1.986519929161855695e-21
2.930551087993900364e+04 1.572727809421900852e-20 2.076081115115755578e-21
2.931617790182698809e+04 1.643733018170148202e-20 1.988196458173263603e-21
2.932684489412825860e+04 1.799109498634010938e-20 1.882716479897145072e-21
2.933751185681757852e+04 1.980975959429864495e-20 1.958691818228616756e-21
2.934817878986009964e+04 1.830275221804185313e-20 1.800977462390431525e-21
2.935884569322400421e+04 2.245008560553904634e-20 2.064493895579528079e-21
2.936951256688065041e+04 1.941967826372787633e-20 1.916659450621137102e-21
2.938017941078848889e+04 1.749567711332812948e-20 2.037411133852329947e-21
2.939084622492521157e+04 1.947813056948482803e-20 2.091135408188783765e-21
2.940151300925939358e+04 1.700218952804912265e-20 2.036553812240405068e-21
2.941217976374969658e+04 2.122482997494884845e-20 2.031428307631224827e-21
2.942284648837396890e+04 1.145881724124676930e-20 1.882352476313980028e-21
2.943351318309730050e+04 1.396059278680861151e-20 1.998532054913829111e-21
2.944417984788747344e+04 1.622803435510583137e-20 1.973576771868459455e-21
2.945484648271013430e+04 1.912157200625698123e-20 2.078380202383274654e-21
2.946551308754322599e+04 1.688470150674568194e-20 2.144630350929386344e-21
2.947617966234547202e+04 2.141399123423420403e-20 2.126578782165695027e-21
2.948684620708842340e+04 2.191155950859931230e-20 2.214448474010314343e-21
2.949751272175954728e+04 1.750068466454146177e-20 2.199778178310847035e-21
2.950817931151630182e+04 1.720411478999972252e-20 2.284993570274342422e-21
2.951884616162925886e+04 1.660094348892841965e-20 1.996985323803676751e-21
2.952951298156666599e+04 2.086383187414777793e-20 2.104663737168608178e-21
2.954017977128338316e+04 1.936936315179806261e-20 2.068487368148759109e-21
2.955084653074786911e+04 1.538195299648750246e-20 1.890207384150352416e-21
2.956151325992486818e+04 1.922410081242508448e-20 2.043469082642103232e-21
2.957217995878982401e+04 1.901157011959640592e-20 1.877024392230466272e-21
2.958284662730798300e+04 1.609254962276694027e-20 1.877115399379742471e-21
2.959351326545105985e+04 1.751672765339161430e-20 2.217763948457829369e-21
2.960417987317136067e+04 1.650062469609765762e-20 2.014019895032158359e-21
2.961484645046308651e+04 1.986822787936303476e-20 2.071322066941275136e-21
2.962551299727856167e+04 1.647571890548972881e-20 1.919921388672735355e-21
2.963617951358661230e+04 2.157730756487209314e-20 1.981617681119403694e-21
2.964684599936227823e+04 2.035037040891925786e-20 1.985251287970913336e-21
2.965751245456763354e+04 1.425176357639307209e-20 1.861999034148974874e-21
2.966817887917452390e+04 1.706425262137675430e-20 2.067325241577455720e-21
2.967884527315765808e+04 1.712508550598062341e-20 2.166755776681518808e-21
2.968951163647294015e+04 2.125406405467117457e-20 2.038885917127662197e-21
2.970017796909890603e+04 1.919829686358692442e-20 2.220432512884955659e-21
2.971084427100092944e+04 1.980375004204190738e-20 2.269541887722330546e-21
2.972151054214436226e+04 2.284882390981000023e-20 2.020187839606898287e-21
2.973217678250117751e+04 2.072079188052456987e-20 2.395216512607882999e-21
2.974284299204284980e+04 1.263037614930327380e-20 2.262477018877866679e-21
2.975350917073530582e+04 1.965166018251638764e-20 2.197828651369999099e-21
2.976417531854399203e+04 2.098915380794267730e-20 2.048679332810823077e-21
2.977484143544089238e+04 1.900207639831632091e-20 2.308600320306980492e-21
2.978550752139804536e+04 1.675946724197753911e-20 1.902713765903978169e-21
2.979617357637751775e+04 2.575802520797399934e-20 1.930459940676134233e-21
2.980683960035767450e+04 1.576218976343419480e-20 1.928820692174364732e-21
2.981750559329452881e+04 1.412177091490628277e-20 2.128195343661026485e-21
2.982817155516016282e+04 1.739069721272197078e-20 1.967497264540554359e-21
2.983883748593326891e+04 1.051995701924994798e-20 1.941893707978941043e-21
2.984950338557609211e+04 1.478636698730501373e-20 1.974879364108779427e-21
2.986016925405401707e+04 1.655632487230511408e-20 2.060422896714950217e-21
2.987083509133898042e+04 1.915597758197301670e-20 1.977386301440237952e-21
2.988150089740351177e+04 2.149014874447083635e-20 2.093591414021440594e-21
2.989216667220988893e+04 2.139646996212749424e-20 2.070193472547669133e-21
2.990283241573027044e+04 1.900448985192449717e-20 2.010086533750421555e-21
2.991349812793359160e+04 1.016362635770936975e-20 1.859471153258259940e-21
2.992416380879196004e+04 1.422342163999993589e-20 1.830813777146591549e-21
2.993482945827073854e+04 1.836507407852748531e-20 1.858933724956205058e-21
2.994549507633258690e+04 1.520915832609973447e-20 1.947414797456054719e-21
2.995616066295977362e+04 2.038479118175565798e-20 2.005070071655067853e-21
2.996682621811460922e+04 1.810183410059271516e-20 2.009973031989527698e-21
2.997749174175940061e+04 2.343197449527089992e-20 2.153352246346653000e-21
2.998815723387309117e+04 2.209074298127809834e-20 2.231021637870585703e-21
2.999882269442097822e+04 1.303904210752636675e-20 1.973068082159658806e-21
3.000948812337586423e+04 1.614484926411503359e-20 1.880880784254181930e-21
3.002015352069676737e+04 1.735188080488763805e-20 1.816207534134494645e-21
3.003081888636942313e+04 1.342451852412868593e-20 1.687766991514560223e-21
3.004148422033948373e+04 1.521050743276256327e-20 1.833993209427046877e-21
3.005214952259944403e+04 1.852665236324926522e-20 2.053423933746401392e-21
3.006281479310459326e+04 1.624557662531728505e-20 2.062414140227237243e-21
3.007348003182774119e+04 1.596444976455062247e-20 2.130671989398177124e-21
3.008414523874141014e+04 1.893841476852844168e-20 1.934249921525511908e-21
3.009481041380463648e+04 1.883552933728810463e-20 2.082272081223004253e-21
3.010547555699999066e+04 1.832173866127983898e-20 2.091898365301489357e-21
3.011614066828655632e+04 1.863172098403269821e-20 2.087253331320488950e-21
3.012680574763660843e+04 1.671130442327075116e-20 2.021746892560786589e-21
3.013747079501258850e+04 1.697645124490641047e-20 2.086405187912546900e-21
3.014813581040076679e+04 2.113664949829637037e-20 2.023662846607601663e-21
3.015880079376362846e+04 1.824664878187470596e-20 2.055584653785556914e-21
3.016946574505687022e+04 1.602860947981781410e-20 2.011990554040635202e-21
3.018013066426656587e+04 1.040809493014081838e-20 2.120387038042781033e-21
3.019079555134505426e+04 1.577269069511957782e-20 2.182927065981402909e-21
3.020146040628146147e+04 1.842239384141475794e-20 2.083970247350642186e-21
3.021212522902858109e+04 1.410443733769327605e-20 2.110855411528086709e-21
3.022279001956922002e+04 1.405786256957186380e-20 2.150758369324341621e-21
3.023345477785910043e+04 1.299016654329633803e-20 1.930397739120574400e-21
3.024411950388110927e+04 9.567202918467625691e-21 1.998434299452221661e-21
3.025478419758751988e+04 1.538407640198651868e-20 1.883740307174333048e-21
3.026544885896450432e+04 1.534349642481881230e-20 2.048698354770925993e-21
3.027611348797453684e+04 2.008024228896860323e-20 2.144449538288369046e-21
3.028677808459061998e+04 1.332433249788713029e-20 2.109151016349245931e-21
3.029744264877189926e+04 1.984785891360499708e-20 2.200547676947046394e-21
3.030810718049796196e+04 2.052461148520418174e-20 2.163109089070493389e-21
3.031877167973134783e+04 2.194568666187011070e-20 2.246261283515691651e-21
3.032943614645171692e+04 2.051368606431309641e-20 2.300651372096213803e-21
3.034010058061790187e+04 1.657453595178594147e-20 2.046534445402690401e-21
3.035076498220295616e+04 1.352884837037812627e-20 1.981647538015045638e-21
3.036142935116957597e+04 2.001176955892506344e-20 2.124881816777423902e-21
3.037209368750432623e+04 1.617052954880452295e-20 2.084301602350261656e-21
3.038275799116296184e+04 1.851942651489805868e-20 1.916403292314533021e-21
3.039342226211835441e+04 1.975417425272122641e-20 2.003971888293955286e-21
3.040408650033657250e+04 1.718913481234300610e-20 2.115310059293186237e-21
3.041475070579359453e+04 1.991906515628300289e-20 1.988656820933185127e-21
3.042541487845581287e+04 2.161321600263259253e-20 2.023040307103512405e-21
3.043634582893452534e+04 1.743224943348088205e-20 2.069255209802423880e-21
3.044700996377224874e+04 1.592453219757729968e-20 1.942050229876111245e-21
3.045767405681435775e+04 1.738929718203034734e-20 1.938913391272225728e-21
3.046833811681697262e+04 1.939563805574731055e-20 2.078135508907999228e-21
3.047900214387397864e+04 1.732860671201254495e-20 2.415452012588894786e-21
3.048966613794826480e+04 2.102584928002912635e-20 1.940753756235931197e-21
3.050033009901595869e+04 1.777998056388969677e-20 1.786716686783191556e-21
3.051099402704021850e+04 2.002331663929755628e-20 1.718426485278670553e-21
3.052165792199406133e+04 2.102394422635496514e-20 1.888174392555806010e-21
3.053232178385370571e+04 1.651087424441071054e-20 2.052905147951416840e-21
3.054298561257211622e+04 1.824698337809282832e-20 2.187566502483048312e-21
3.055364940813225985e+04 1.889228055865646218e-20 2.104266681657728087e-21
3.056431317050377766e+04 1.624911854728224629e-20 1.894549779929092831e-21
3.057497689965289101e+04 1.984152370167400296e-20 1.795075309570346430e-21
3.058564059554934647e+04 1.959515756996957154e-20 1.827139784546158675e-21
3.059630425815954732e+04 2.447706659492501729e-20 1.849865400829834151e-21
3.060696788745650338e+04 1.940407945080383448e-20 2.023719290059124964e-21
3.061763148340667613e+04 1.332634977623101636e-20 1.676398005787668011e-21
3.062829504598983840e+04 1.345107972490951036e-20 2.242784465512617625e-21
3.063895857516572869e+04 1.490515333669516083e-20 1.873814472218322319e-21
3.064962207091717937e+04 1.908486554005393041e-20 2.090647437250223685e-21
3.066028553319055936e+04 1.951159549738237870e-20 2.034128725628553720e-21
3.067094896197249909e+04 1.676941765871094063e-20 2.038165040008493357e-21
3.068161235723291611e+04 1.995910761333944642e-20 2.038214071448296515e-21
3.069227571893475397e+04 2.188139076106817406e-20 2.191680847981609742e-21
3.070293904704781744e+04 1.985033388498108321e-20 2.099106308715038115e-21
3.071360234154877253e+04 2.273643352686826945e-20 2.079080944715154277e-21
3.072426560240730396e+04 1.745153602317857018e-20 1.983813448470980583e-21
3.073492882958976770e+04 1.779578208851762573e-20 2.015078977755269159e-21
3.074559202306280349e+04 1.402688650048914907e-20 2.009217499216712098e-21
3.075625518280300093e+04 1.603884233615564053e-20 2.224522685555691546e-21
3.076691830877345274e+04 1.988003344541028132e-20 1.990537368906770673e-21
3.077758140094404371e+04 1.754867889139278276e-20 1.941297272311036044e-21
3.078824445929153080e+04 1.998063345489398277e-20 2.238544318791210858e-21
3.079890748378576973e+04 3.007837270987493446e-20 2.354710446382099329e-21
3.080957047438967857e+04 1.953679786865030423e-20 2.219927849087688598e-21
3.082023343107325127e+04 2.072429165207946928e-20 2.101209757542496018e-21
3.083089635382009874e+04 1.876285735691240496e-20 2.142610549588812618e-21
3.084155924257986408e+04 1.830669493906748222e-20 2.043077622486926665e-21
3.085222209733588534e+04 2.010228473124621908e-20 2.097261087077266593e-21
3.086288491804812293e+04 2.270595592266984024e-20 2.278439365650210577e-21
3.087354770470362564e+04 1.552032382128373356e-20 2.102836104439657896e-21
3.088421045726210286e+04 1.259259535034826138e-20 1.944106091646538990e-21
3.089487317568995786e+04 1.559453487776614729e-20 2.126445739552584797e-21
3.090553585996396214e+04 1.891297713382760047e-20 1.963216862698158056e-21
3.091619851004746670e+04 1.853185157206014725e-20 2.021202965307058335e-21
3.092686112591051642e+04 2.098039429949938686e-20 1.891337573305586765e-21
3.093752370752995557e+04 1.773227289825719743e-20 2.072807232719765808e-21
3.094818625486918245e+04 1.905359183314768309e-20 2.164643875228982567e-21
3.095884876791172792e+04 2.116734468914550296e-20 2.186586843906163576e-21
3.096951124660384085e+04 1.943077449815100281e-20 2.111430732762649197e-21
3.098017369093923844e+04 1.519164885681912054e-20 2.138091791703253147e-21
3.099083610087105626e+04 1.821857413733782817e-20 2.139412443810960522e-21
3.100149847637976563e+04 1.872366679912722477e-20 2.091321664119638054e-21
3.101216081743554605e+04 1.995963815343411511e-20 1.961091321754446116e-21
3.102282312400155206e+04 2.021438492215483952e-20 1.992194541301411864e-21
3.103348539604779580e+04 1.707250563431299033e-20 1.780068347704413267e-21
3.104414763354464230e+04 2.185343503189669427e-20 1.734477904348621744e-21
3.105480983647941684e+04 1.954176954946034739e-20 1.963683659446136271e-21
3.106547200479808816e+04 1.940593609947768270e-20 1.867302615789319527e-21
3.107613413848437995e+04 1.644065297662923697e-20 2.137441565646856308e-21
3.108679623750180326e+04 1.824583009851203919e-20 2.125335100683247530e-21
3.109745830182753707e+04 2.018059904118111166e-20 1.897807112325607146e-21
3.110812033154584424e+04 2.014374674378068410e-20 2.076555405124822624e-21
3.111878233526803888e+04 2.230314203219689923e-20 2.053395278162329445e-21
3.112971232659294037e+04 1.824357286102873426e-20 2.180696856970376570e-21
3.114037427055761873e+04 1.490139901110544349e-20 1.852717996790720042e-21
3.115103617967660102e+04 1.735897810690860942e-20 1.922552928045305870e-21
3.116169805392737544e+04 1.202195674865602370e-20 1.742302383524989032e-21
3.117235989326549679e+04 1.834610072843105470e-20 1.925180681128141696e-21
3.118302169766502993e+04 1.952689973589166428e-20 2.014173250593589435e-21
3.119368346711078266e+04 1.859445309705865367e-20 1.953208369598728808e-21
3.120434520155499558e+04 2.294232937324328737e-20 1.930640348979082212e-21
3.121500690097878396e+04 2.005246710906070578e-20 2.070967782562982369e-21
3.122566856534887484e+04 1.870599689280606682e-20 1.911723593983606858e-21
3.123633019462831362e+04 2.383791011462809431e-20 2.032982438776143001e-21
3.124699178880554973e+04 1.898892749943166928e-20 1.822310030176419382e-21
3.125765334782918217e+04 1.561977399783741348e-20 1.778641189806923829e-21
3.126831487168381500e+04 1.757610404518732466e-20 1.731616784346520628e-21
3.127897636034724201e+04 1.905471887026064983e-20 2.044708459682588821e-21
3.128963781376448605e+04 1.918547290283066735e-20 1.890075278671041993e-21
3.130029923192409115e+04 2.006498575022640431e-20 2.008566275247486379e-21
3.131096061480008211e+04 1.474379593420552698e-20 1.951138719997064724e-21
3.132162196234828662e+04 1.936268021070410345e-20 1.951061299618380003e-21
3.133228327454638566e+04 1.200238927638637354e-20 2.030229384906325442e-21
3.134294455136482429e+04 1.686505191377996899e-20 1.771520963735303421e-21
3.135360579277398938e+04 1.617535091775065595e-20 1.844579299791010216e-21
3.136426699874420956e+04 1.475580237330295808e-20 1.725810962656937256e-21
3.137492816924950239e+04 1.660921124467148351e-20 1.833226201668120265e-21
3.138558930425322615e+04 1.752696315012702424e-20 1.986735698083634339e-21
3.139625040373312731e+04 2.047051128525640687e-20 2.032349618320738140e-21
3.140691146765603116e+04 1.613686963276916154e-20 1.967156109234472936e-21
3.141757249598509588e+04 2.111387125186829617e-20 2.079576965327858620e-21
3.142823348870543850e+04 1.671341481866102844e-20 1.861445898720227501e-21
3.143889444577288305e+04 1.888285619952943772e-20 1.877847541828092221e-21
3.144955536717264840e+04 2.037402738433654078e-20 2.091839748938398094e-21
3.146021625286422204e+04 1.315788701172832252e-20 1.998157957111683540e-21
3.147087710282160697e+04 2.112899472166952718e-20 1.831383117571182980e-21
3.148153791701908267e+04 1.407420511268866332e-20 1.719158382808479968e-21
3.149219869541626394e+04 2.116459690023189133e-20 2.056388654984517840e-21
3.150285943800213136e+04 1.674371895832367360e-20 2.381893559319889992e-21
