1.699142003794826451e+04 -1.724097998832157394e-20 1.887970398702878107e-20
1.700212656289451843e+04 -9.715973246376721383e-21 1.304011400233660557e-20
1.701283310068103674e+04 1.461892765931892341e-20 1.344283676591722253e-20
1.702353965124826573e+04 1.996420670369322553e-20 1.364190221813578220e-20
1.703424621453343570e+04 4.706913392783304542e-20 1.613094682152418539e-20
1.704495279047849908e+04 2.702125029104061846e-20 1.468298810326352296e-20
1.705565937901785583e+04 5.401098816309099334e-20 1.474428174749170192e-20
1.706636598009277077e+04 4.785507136628172723e-20 1.338270566656580378e-20
1.707707259364438505e+04 2.595950165325209472e-20 1.344108721212955141e-20
1.708777921960593085e+04 2.042245259637148764e-20 1.289146312477239841e-20
1.709848585792246013e+04 2.623938750345968771e-20 1.451963022658694438e-20
1.710919250853152698e+04 8.829142167812401941e-20 1.432800666718076468e-20
1.711989917136893928e+04 2.679508098529301861e-20 1.294665356643455746e-20
1.713060584638016735e+04 2.584959778086929955e-20 1.469732228919387336e-20
1.714131253349893814e+04 2.883302848901067441e-20 1.480867179951800703e-20
1.715201923266668018e+04 5.472493574865053101e-20 1.436330133820941139e-20
1.716272594382340321e+04 4.258411938863615700e-20 1.340202088850988207e-20
1.717343266690800738e+04 -4.461350248696572461e-21 1.254407399796985558e-20
1.718413940185910542e+04 4.487593909376157180e-20 1.233855822209171407e-20
1.719484614861706359e+04 2.828059982771516357e-20 1.291638533972461671e-20
1.720555290712200440e+04 4.134285845607245894e-20 1.332608207499532438e-20
1.721625967731357377e+04 5.892932940800102391e-20 1.316092528882562155e-20
1.722696645913004249e+04 1.425473370844272449e-20 1.254881584686714280e-20
1.723767325250974318e+04 4.597474199557971788e-20 1.347244086065526879e-20
1.724838005739788059e+04 3.388404876535536425e-20 1.203875233985894512e-20
1.725908687372879649e+04 1.884909217935114913e-20 1.297301575619520714e-20
1.726979370153662603e+04 5.462650632293296840e-20 1.414681766037770990e-20
1.728050054987087060e+04 1.886944328627755576e-20 1.371182322495117800e-20
1.729141411474707638e+04 3.429790326028625610e-20 1.288590120274406018e-20
1.730212099316443710e+04 4.181574940622098661e-20 1.359535450406083755e-20
1.731282788272083053e+04 5.389887115002942178e-20 1.345964905377725949e-20
1.732353478335652471e+04 -2.324727906565909309e-20 1.292699198447227317e-20
1.733424169501242068e+04 -1.406226178265654382e-20 1.243564685914032482e-20
1.734494861762749861e+04 -9.580711355763848160e-21 1.255613429074884395e-20
1.735565555114220842e+04 6.054349645949268216e-20 1.396763130993341475e-20
1.736636249549805871e+04 6.645146129847692927e-20 1.408006542362406470e-20
1.737706945063441890e+04 2.631283714403842696e-20 1.395880082319745279e-20
1.738777641648996359e+04 1.007465920683711155e-19 1.521555376993966361e-20
1.739848339300761290e+04 3.303516111288545174e-20 1.293871699436520945e-20
1.740919038012685269e+04 5.175894441319959633e-20 1.299797017949413779e-20
1.741989737778680501e+04 2.034608725210379064e-20 1.363254114517136548e-20
1.743060438593029903e+04 3.128053135572161225e-20 1.373520529826189475e-20
1.744131140449582745e+04 5.449127114255316624e-20 1.272804010422758760e-20
1.745201843342512802e+04 3.839494951568414618e-20 1.361640045829291697e-20
1.746272547266024776e+04 4.970060408002195211e-20 1.346421973007245925e-20
1.747343252213803862e+04 9.586284009920463282e-21 1.229998422008246460e-20
1.748413958180287955e+04 4.511934791827967454e-20 1.199264163932114537e-20
1.749484665159336510e+04 3.160820571978148385e-20 1.124052046400177802e-20
1.750555373145100384e+04 1.706574312992015740e-20 1.195602524695595356e-20
1.751626082131737712e+04 4.408594635325929690e-20 1.208918914700192840e-20
1.752696792113183255e+04 3.814549899042923510e-20 1.229984607939150543e-20
1.753767503083649717e+04 3.256982629098003188e-20 1.234734253656318971e-20
1.754838215037209739e+04 1.848463008684290045e-20 1.105827348356458263e-20
1.755908927967936688e+04 1.151961748353081097e-20 1.071812343588952231e-20
1.756979641869927218e+04 4.909487330119871472e-20 1.183859004948429389e-20
1.758050356737396942e+04 5.417780012939610764e-20 1.142633711409731077e-20
1.759121072564324641e+04 2.455456742546104912e-20 1.057292553282989569e-20
1.760191789344886274e+04 2.789382897596875462e-20 1.125223585415083999e-20
1.761262507073231245e+04 2.351382613219961007e-20 1.139990536784214308e-20
1.762333225743499497e+04 1.500589632125287114e-20 1.176913043811045878e-20
1.763403945349721471e+04 3.430159837292125868e-20 1.214398220015282451e-20
1.764474665886061121e+04 2.773917077894119778e-20 1.136793420215546995e-20
1.765545387346858479e+04 -9.880924961981778873e-21 1.122485133314159398e-20
1.766616109726079230e+04 4.876418182066233390e-20 1.082035077362089032e-20
1.767686833017922982e+04 4.936450778190885024e-20 1.135772226826025246e-20
1.768757557216412170e+04 3.095163126256833714e-20 1.191417914544259932e-20
1.769828282315924662e+04 4.542062203525669861e-20 1.185965874136316367e-20
1.770899008310534555e+04 2.091027104225922683e-20 1.316130698451229448e-20
1.771969735194267196e+04 1.415642909056028880e-20 1.184115734125878055e-20
1.773040462961563753e+04 2.446669099257000368e-20 1.105930927562026905e-20
1.774111191606417560e+04 7.690968094749642302e-21 1.169571675350289344e-20
1.775181921124294240e+04 3.643450925104572701e-20 1.252468526857176803e-20
1.776252657779023139e+04 4.249913115083053105e-20 1.213093379697329765e-20
1.777323399247195630e+04 2.104900338832392041e-20 1.206119076874699733e-20
1.778394141569629937e+04 1.276594741573722967e-20 1.209566962145220762e-20
1.779464884740748312e+04 5.465379996015888674e-20 1.123964114563569605e-20
1.780535628754648860e+04 3.939314636664476671e-20 1.100393971511010724e-20
1.781606373605423869e+04 3.918585804900080368e-20 1.156571402434431535e-20
1.782677119287419555e+04 4.691999756316580825e-20 1.196221098069286656e-20
1.783747865794895915e+04 1.453360326382012147e-20 1.061177911378841531e-20
1.784818613121951785e+04 6.406350458011179142e-22 1.041144998037374894e-20
1.785910117469287798e+04 4.582914869544886899e-20 1.070013976657044336e-20
1.786980868988430666e+04 4.097282920156757607e-20 1.106723225498471068e-20
1.788051620411858312e+04 4.871603983936204042e-20 1.152105058293627537e-20
1.789122372622587500e+04 3.826893848904041984e-20 1.182327184921213780e-20
1.790193125623847300e+04 6.228954771804316782e-22 9.660271615442691208e-21
1.791263879409398942e+04 2.337408609902050461e-20 1.031600182496591521e-20
1.792334633973797463e+04 5.893477125052135136e-20 1.080364025078005920e-20
1.793405389311354156e+04 2.670320656053380618e-20 9.967435981398387028e-21
1.794476145416182044e+04 3.823336878655131693e-20 1.018605263022863554e-20
1.795546902282514930e+04 3.964230819582181540e-20 1.013069373765319898e-20
1.796617659904912580e+04 5.781146282536835164e-20 1.075031652862023713e-20
1.797688418277217716e+04 2.779762099875575826e-20 9.728059434677929528e-21
1.798759177394014114e+04 3.633865995250573473e-20 1.048673282533835962e-20
1.799829937249530849e+04 3.277566694852973418e-20 1.044035060544797139e-20
1.800900697837936241e+04 2.968211508504950253e-20 9.574638478088761801e-21
1.801971459153593969e+04 1.736490072247228422e-20 9.918902842770013821e-21
1.803042221190849523e+04 2.170278811131801443e-20 1.121191462805510069e-20
1.804112983943950894e+04 1.361836015638472687e-20 1.105190411831634575e-20
1.805183747407209012e+04 4.492429465344466511e-20 1.191593262878334378e-20
1.806254511575038850e+04 7.036073062948318787e-21 1.003571579539318940e-20
1.807325276441441383e+04 2.614506215282622431e-20 1.103467988455237177e-20
1.808396042000921443e+04 5.574777904622909131e-20 1.023079265010478842e-20
1.809466808247969311e+04 4.938540292794168946e-20 1.049068202464796655e-20
1.810537575176621249e+04 4.136209182656836654e-20 1.043663771019407954e-20
1.811608342781324609e+04 3.306446955798318483e-20 1.037900380563237172e-20
1.812679111056495094e+04 2.378175979101512322e-20 1.000626173262374326e-20
1.813749879996346135e+04 -1.198085914802145097e-20 9.986187555996503728e-21
1.814820649595264695e+04 1.655090410036066135e-20 1.053917923132228413e-20
1.815891419847550424e+04 4.268732755107437158e-20 1.022676464510797194e-20
1.816962190747709246e+04 1.307148870763622386e-20 9.532727132376515409e-21
1.818032962289826537e+04 9.727985989892438945e-22 9.980622852085081688e-21
1.819103734468491893e+04 2.901208157290259649e-20 9.416957116107858445e-21
1.820174507278016972e+04 2.971230116201221838e-20 1.049896294890162265e-20
1.821245280712636304e+04 -1.200424444602608899e-20 1.001019055795872742e-20
1.822316054766855814e+04 1.568549970734311107e-20 1.021892549934386476e-20
1.823386829435162144e+04 2.500076338509706153e-20 1.011315971347504039e-20
1.824457604711608292e+04 3.668452603187625553e-20 9.747335173446009090e-21
1.825528380590763118e+04 2.914577208374284117e-20 1.011141855489166031e-20
1.826599157067111082e+04 2.670179588656794170e-20 9.853980199046429601e-21
1.827669934143744467e+04 2.286985835091696302e-20 1.036821362821403603e-20
1.828761535086402000e+04 2.019467764463012605e-20 9.406184574446870888e-21
1.829832314964804391e+04 9.697978459172857529e-21 9.924585613701313310e-21
1.830903095417423174e+04 1.200283291113516303e-20 1.052232706870069229e-20
1.831973876438566731e+04 2.687195239462725432e-20 1.005435914094610227e-20
1.833044658022760632e+04 2.324835824612569538e-20 9.378733071103948232e-21
1.834115440164528627e+04 1.978811603914114796e-20 9.974744740236003324e-21
1.835186222857967005e+04 4.929467731798679829e-20 1.033086969308509215e-20
1.836257006097751582e+04 4.926471536184793560e-20 1.008033733844718883e-20
1.837327789878393378e+04 1.895101061325715380e-20 9.757726260902151534e-21
1.838398574194042521e+04 3.656335154609483003e-20 9.986892590265413034e-21
1.839469359039212577e+04 1.241183758237712536e-20 9.446311993446746339e-21
1.840540144408603737e+04 3.474987242913868478e-20 9.778665669292048051e-21
1.841610930296445440e+04 2.942956949905233358e-20 9.800435868829320229e-21
1.842681716697057345e+04 -9.687698392269447921e-21 9.910499228928310261e-21
1.843752503605217862e+04 4.071544068203101932e-20 9.138196969046533021e-21
1.844823291015173891e+04 1.904357883151177289e-20 9.265768999787881264e-21
1.845894078921367691e+04 4.678058604115106338e-20 9.270719890380527838e-21
1.846964867318407050e+04 3.206427759001131147e-20 8.539815928028969121e-21
1.848035656200675658e+04 3.284429233798467629e-20 8.866245708140541390e-21
1.849106445562688896e+04 2.078616876839073360e-20 8.872663848016238411e-21
1.850177235398906487e+04 3.721163220630645176e-20 9.232491458025437471e-21
1.851248025703758685e+04 2.595673296156443973e-20 9.110234845725428815e-21
1.852318816471861282e+04 3.415146273035634554e-20 9.673969917662329597e-21
1.853389607697508836e+04 5.233775358491153240e-20 9.339318735046014798e-21
1.854460399375386987e+04 2.572404768337702266e-20 7.757440034953367186e-21
1.855531191500028217e+04 3.070167022869218137e-20 8.689202895631502799e-21
1.856601984065712531e+04 2.990462319683809141e-20 9.053376547476196546e-21
1.857672777067104835e+04 3.579836709884147560e-20 9.481902340102691223e-21
1.858743570498760891e+04 2.156462414863049601e-20 8.515483420580925921e-21
1.859814364355037469e+04 3.675116192145699554e-20 8.907555041700006220e-21
1.860885158630607475e+04 3.051711396904873106e-20 9.494505962820223000e-21
1.861955953319856053e+04 3.982829128443400711e-20 9.232085581538820575e-21
1.863026748417469935e+04 3.298425834253632920e-20 9.186848551227126954e-21
1.864097543917859002e+04 4.522494658646806305e-20 9.102712815111844093e-21
1.865168339815607396e+04 1.789226114013524988e-20 8.611002241509512940e-21
1.866239136105402213e+04 3.517539107296348300e-20 9.012322412784538958e-21
1.867309932781478710e+04 3.009947367338055301e-20 8.918242116401332794e-21
1.868380729838614934e+04 5.351519073707390984e-20 9.319900097162657547e-21
1.869451527271268787e+04 3.205048303506009376e-20 9.447450605630106415e-21
1.870522325074122637e+04 3.799907733783576311e-20 9.096119470774564484e-21
1.871593123241565263e+04 4.454206876735539655e-20 8.874672662042665270e-21
1.872663921768280852e+04 3.275562369830930249e-20 9.114678423274365531e-21
1.873734720648846996e+04 8.036348704976068715e-21 9.083757811809490446e-21
1.874805519877771439e+04 1.073637795027384488e-20 8.055313914788583916e-21
1.875876319449641232e+04 4.016125747860188239e-20 8.650649192324936053e-21
1.876947119359188946e+04 1.437904894765064307e-20 8.898180008474832996e-21
1.878017919600722234e+04 1.713513731227734392e-20 8.388099005629381096e-21
1.879088720169068984e+04 1.677594030903506375e-20 9.890672659624780199e-21
1.880159521058690734e+04 9.190303917469364297e-21 9.881871068971703793e-21
1.881230322264390270e+04 1.663132626613800443e-20 8.268286839441121173e-21
1.882301123780483249e+04 1.873029281760823873e-20 9.542716730928535828e-21
1.883371925601733528e+04 2.345931591196378810e-20 8.720534973616325075e-21
1.884442727722817654e+04 3.773985365894643968e-20 8.635246004990815999e-21
1.885513530138197166e+04 2.176462063008143896e-20 7.923468414154351205e-21
1.886584332842596996e+04 4.358019242463739956e-20 8.800627882863076084e-21
1.887655135830590370e+04 3.430943810063128970e-20 6.834152982696020366e-21
1.888725939096906586e+04 3.643453169734983030e-20 7.898520282770382110e-21
1.889796742636058843e+04 2.563694005682784526e-20 8.267834483930219570e-21
1.890888458988414641e+04 1.707319239214276727e-20 9.053029515297571983e-21
1.891959265544278969e+04 3.516889009615326672e-20 8.629340373797598032e-21
1.893030071494344156e+04 2.561628744360513215e-20 8.830781262224376802e-21
1.894100877686792592e+04 5.485485928270821158e-20 9.124570131329974035e-21
1.895171684124878084e+04 3.156365215532809209e-20 8.824091340925968568e-21
1.896242490803321198e+04 5.749053026168830446e-20 9.412245436557386949e-21
1.897313297716692250e+04 4.888404575136309295e-20 9.404545344871359771e-21
1.898384104859640865e+04 4.626518677896018924e-20 9.578549239939985361e-21
1.899454912226972010e+04 4.448608136338240199e-20 9.182672162595470210e-21
1.900525719813261821e+04 3.868756462698352094e-20 8.971039131690694634e-21
1.901596527613108265e+04 6.661720831107802224e-20 9.841909366554156210e-21
1.902667335621339225e+04 6.810699739343084832e-20 9.053647469913469881e-21
1.903738143832614151e+04 3.493033982882816264e-20 9.904769629426896851e-21
1.904808952241576844e+04 4.802873218041403481e-20 8.956020671252653851e-21
1.905879760842888936e+04 4.314491929063269241e-20 8.846263481016197961e-21
1.906950569631370672e+04 3.047565984664557629e-20 9.096034402866360196e-21
1.908021378601654942e+04 3.655621361963819283e-20 8.271207840520821771e-21
1.909092187748369906e+04 2.039229817627839645e-20 7.808455942730660730e-21
1.910162997066317257e+04 5.524807507160122739e-20 8.735093253770365146e-21
1.911233806550258669e+04 5.030891520748564877e-20 8.483909914414965691e-21
1.912304616194824121e+04 2.141625259586639943e-20 8.421238151306205754e-21
1.913375425994729449e+04 1.708402323220270951e-20 7.650929079249597300e-21
1.914446235944746149e+04 4.432488806129445671e-20 8.616635550849261180e-21
1.915517046039613342e+04 4.179803389183712441e-20 8.523597221670876144e-21
1.916587856274023216e+04 5.634893830519965832e-20 8.733008537000684357e-21
1.917658666642723256e+04 2.813963713083116050e-20 8.396966811350630232e-21
1.918729477140522431e+04 2.532140571750174035e-20 8.832857903321161716e-21
1.919800287762071821e+04 2.814747482118291695e-20 8.765839496060256721e-21
1.920871098502132372e+04 3.161739208538024742e-20 9.430353501031673539e-21
1.921941909355531607e+04 2.518273896774186769e-20 8.406067507748050540e-21
1.923012720316980631e+04 3.106035438400970093e-20 9.159484150020556483e-21
1.924083531381238572e+04 3.182508538639965774e-20 8.554167152283292395e-21
1.925154342543064558e+04 1.334916080161373956e-20 8.509445487306858270e-21
1.926225153797290841e+04 2.690942090841807195e-20 8.624045802772117782e-21
1.927295965138599786e+04 2.343628714086459353e-20 7.823179965645416510e-21
1.928366776561821098e+04 4.181890427188002631e-20 8.154097994543255956e-21
1.929437588061730639e+04 2.448508692065248492e-21 8.057089395138537271e-21
1.930508399633149747e+04 2.686968729093200294e-20 8.256909807543242746e-21
1.931579211270802625e+04 3.664253432642552581e-20 7.900031464841871546e-21
1.932650022969525889e+04 3.968245498821876017e-20 7.692211346006849048e-21
1.933720834724118686e+04 1.591197802951714380e-20 8.580214144991791062e-21
1.934791646537993074e+04 1.138537455359155056e-20 8.258021117740622177e-21
1.935862459247034712e+04 1.834756718111017763e-20 8.351123221764357157e-21
1.936954252782171170e+04 3.772252310024293827e-20 8.408527312984762591e-21
1.938025066304778375e+04 2.999165582055348849e-20 8.846802315162118173e-21
1.939095879856799002e+04 2.183912503605282863e-20 8.507107373959852831e-21
1.940166693433137698e+04 1.056555609830097756e-20 7.691209623260411006e-21
1.941237507028551772e+04 4.329118263706039353e-20 7.871527722309159571e-21
1.942308320637932775e+04 3.055134396308397732e-20 7.385748971761682163e-21
1.943379134256044199e+04 2.655078986201726484e-20 7.964377813848477842e-21
1.944449947877808881e+04 3.159425538994551755e-20 7.249220031954691212e-21
1.945520761497977946e+04 2.623954500938586734e-20 7.298075694210410116e-21
1.946591575111492057e+04 3.436547276867431531e-20 7.445418008640465946e-21
1.947662388713104519e+04 4.551819280540516750e-20 7.894924446894733425e-21
1.948733202297766911e+04 3.808118312203891471e-20 7.569218927675195344e-21
1.949804015860239815e+04 3.635722135410460405e-20 8.132292392236309030e-21
1.950874829395483539e+04 2.116778645467606211e-20 7.936757029973681398e-21
1.951945642898263759e+04 1.824585497408319843e-20 7.283359909963588450e-21
1.953016456363546968e+04 1.672348272555558458e-20 7.726197012384414404e-21
1.954087269786128309e+04 1.853745943395249499e-20 7.720605133093460376e-21
1.955158083160955721e+04 4.348847866677553899e-20 8.350891177154636261e-21
1.956228896482829441e+04 3.730699662495553908e-20 7.664463923054135351e-21
1.957299709746723602e+04 3.713309118326038816e-20 8.001182120352730873e-21
1.958370522947455902e+04 3.206879396580625778e-20 8.071194883295917209e-21
1.959441336079964822e+04 3.149145415735355602e-20 7.467194568814412050e-21
1.960512149139112080e+04 1.491867990951116504e-20 7.315976374292178535e-21
1.961582962119832882e+04 1.565992745499286778e-20 7.955573796675959905e-21
1.962653775017015141e+04 2.831573686726944438e-20 7.395579969276253389e-21
1.963724587825559865e+04 2.741252904475553935e-20 6.959873754925041747e-21
1.964795400540404444e+04 2.853256101896925513e-20 7.705012405909226627e-21
1.965866213156433878e+04 4.165689774613043998e-20 7.608936076228878476e-21
1.966937025668611022e+04 1.561940318640224735e-20 6.783865353373136265e-21
1.968007838071819060e+04 3.789393957939367455e-20 7.290803802505152902e-21
1.969078650361041582e+04 4.289775809508670238e-20 7.365406823195127841e-21
1.970149462531119207e+04 3.499680727713644225e-20 7.462988373715386551e-21
1.971220274577073724e+04 3.317424230197599671e-20 7.413459579489344041e-21
1.972291086493810508e+04 3.130667956779818671e-20 7.888535449466404980e-21
1.973361898276303327e+04 2.807545762373529281e-20 7.774448963449772667e-21
1.974432709919396802e+04 2.728086341004481273e-20 7.245045471870824395e-21
1.975503521418216769e+04 5.112312036145190830e-20 7.879437851681467302e-21
1.976574332767561282e+04 2.733070599231233845e-20 7.205146593040932810e-21
1.977645143962475413e+04 3.271337620778267746e-20 7.297674699362177738e-21
1.978715954997863446e+04 2.038359875589239436e-20 7.520239246656061323e-21
1.979786765868778093e+04 2.390390440737237859e-20 7.109115064577974634e-21
1.980857576570116362e+04 2.518422868403869508e-20 7.170893904912577132e-21
1.981928387096900406e+04 2.581754829446409346e-20 7.882062739138260359e-21
1.982999197444072706e+04 4.175645508609887471e-20 7.259605572308684603e-21
1.984070007606641229e+04 1.915716890787681766e-20 6.823969553934758936e-21
1.985140817579578652e+04 6.674465833361556476e-21 7.359083432025441658e-21
1.986211627357855832e+04 3.524698589020229694e-20 6.983560023020900104e-21
1.987282436936545128e+04 3.629696141376195650e-20 7.467528222221588530e-21
1.988353246310530812e+04 1.957206740738797156e-20 7.469459845391004126e-21
1.989424055474918714e+04 1.929425169752613854e-20 8.810009290126959648e-21
1.990494864424620755e+04 2.599608006825672982e-20 9.234806323528204003e-21
1.991565673154753676e+04 2.449487993110759598e-20 8.671823755699903001e-21
1.992636481660211211e+04 2.371261784463227309e-20 7.486244328903223256e-21
1.993707289936146117e+04 2.580119608776618014e-20 7.314416346130551147e-21
1.994778097977458310e+04 4.104048076656601204e-20 7.451250626612506089e-21
1.995848905779265988e+04 4.877098256671260196e-20 7.216300554794068380e-21
1.996919713336489440e+04 3.735044176491792095e-20 7.496190995329968732e-21
1.997990520644318167e+04 2.668504350464773787e-20 6.801884781121060176e-21
1.999061327697643355e+04 2.786231046296927132e-20 7.085325429454923274e-21
2.000132134491548641e+04 1.626811466200780896e-20 7.629855280751401480e-21
2.001202941021109291e+04 8.892953121676026646e-21 7.323455986577918224e-21
2.002273747281358374e+04 3.025461600228764342e-20 7.142642658535175076e-21
2.003344553267347146e+04 1.340940935441142718e-20 7.318807795184435301e-21
2.004415358974310948e+04 2.720790692962324645e-20 7.188478672949610114e-21
2.005507243632034078e+04 2.033278725603140230e-20 6.801065012082754185e-21
2.006578050340937261e+04 4.978792357601489465e-20 6.948427393172622013e-21
2.007648856747221362e+04 3.207156789595573127e-20 7.405692803057437990e-21
2.008719662854084527e+04 3.135452440824307504e-20 7.640635034526383325e-21
2.009790468752092056e+04 3.270349709648110897e-20 7.135297120397114441e-21
2.010861284024330598e+04 2.323254989308332377e-20 6.840098190948965349e-21
2.011932125725254809e+04 4.426294551361320033e-20 7.217366927716120016e-21
2.013002967372987769e+04 4.587876055055755323e-20 8.000240843334947948e-21
2.014073808696744527e+04 5.359108711867585446e-20 7.405939300438976001e-21
2.015144649691592713e+04 1.597792050494176402e-20 7.584652075498941170e-21
2.016215490352585039e+04 2.267337075248183545e-20 7.071542723664746371e-21
2.017286330674941200e+04 3.907860016712164600e-20 6.917583790739084366e-21
2.018357170653608409e+04 4.871388723176767631e-20 7.525514248074346655e-21
2.019428010283814365e+04 3.045238587396633259e-20 7.182994754939683167e-21
2.020498849560588860e+04 2.974772239242366883e-20 7.221119516286524398e-21
2.021569688479172692e+04 4.052523074716156511e-20 7.303720596261532825e-21
2.022640527034521074e+04 3.052902507456700657e-20 7.381576639394393231e-21
2.023711365221834421e+04 5.793528099865760677e-21 7.424192785235051598e-21
2.024782203036329884e+04 1.284216897945449887e-20 7.121938782405111174e-21
2.025853040472964130e+04 2.200818162800125264e-20 7.031304194334226109e-21
2.026923877526965225e+04 2.810786929980813053e-20 7.215107827561279539e-21
2.027994714193507389e+04 2.739935470990757427e-20 6.837919533502613613e-21
2.029065550467741559e+04 2.930586207744158419e-20 7.173872701376503469e-21
2.030136386344674247e+04 3.871395994486129246e-20 6.891715499426375769e-21
2.031207221819545885e+04 3.775259225163829257e-20 7.025121529182537720e-21
2.032278056887555067e+04 3.059822087041042403e-20 7.407682947812866425e-21
2.033348891543815989e+04 1.116662967780944993e-20 7.445585053606808897e-21
2.034419725783488320e+04 1.877004681000533420e-20 7.197711502513487156e-21
2.035490559601685163e+04 3.425269752231158660e-20 7.117900396121058974e-21
2.036561392993674599e+04 3.675466477663093773e-20 7.260631155528566308e-21
2.037632225954577007e+04 1.373594006876230034e-20 6.876235347291635797e-21
2.038703058479527681e+04 3.122641905693102411e-20 7.120534289258070895e-21
2.039773890563844179e+04 3.617423727201321469e-20 7.177778556748740218e-21
2.040844722202520643e+04 3.336454164302080146e-20 6.988409861603494270e-21
2.041915553390887362e+04 4.628430781008362387e-20 7.389585741409056659e-21
2.042986384124038887e+04 6.901308465196035419e-20 7.806206673011368885e-21
2.044057214397318967e+04 4.237894956561549233e-20 7.366778009842875005e-21
2.045128044205723563e+04 5.260039748809577629e-20 7.573123114254735103e-21
2.046198873544555317e+04 3.603540876013976795e-20 6.962468705821524469e-21
2.047269702409117599e+04 1.655916906330445543e-20 6.842424664458002385e-21
2.048340530794368533e+04 3.231693107314959902e-20 6.581903390521298459e-21
2.049411358695777017e+04 3.006629547554064526e-20 6.749742628805782015e-21
2.050482186108463065e+04 1.964342524451764028e-20 6.554905938361272841e-21
2.051553013027584529e+04 4.529580030602341276e-20 6.764543897300348479e-21
2.052623839456874703e+04 1.600007981696506729e-20 7.266557560607312991e-21
2.053694666198552295e+04 2.535668458434830647e-20 6.844657559367108904e-21
2.054786642391213172e+04 2.664290240005265538e-20 6.639965170967842083e-21
2.055857468836027692e+04 2.275177797200584865e-20 7.127120347316330869e-21
2.056928294763083977e+04 2.163541062117539797e-20 6.837761161986706975e-21
2.057999120167523142e+04 3.024226419840635902e-20 6.815150215569724304e-21
2.059069945044701672e+04 1.929801664604709775e-20 6.525745955309845409e-21
2.060140769389867273e+04 2.621917840357422407e-20 7.112463933693397846e-21
2.061211593198175615e+04 3.178175052245992423e-20 6.952984531546003195e-21
2.062282416465082497e+04 1.343643142383120038e-20 6.555480624396952461e-21
2.063353239185612983e+04 4.130776083283118849e-20 7.001035861890334190e-21
2.064424061355052982e+04 4.225352005249433633e-20 6.685645604226352188e-21
2.065494882968989987e+04 3.505855254028159227e-20 6.908211821967653403e-21
2.066565704022356658e+04 1.448123510935229189e-20 7.640998589739985819e-21
2.067636524510515301e+04 1.820837899101951604e-20 6.983838767748756373e-21
2.068707344428803117e+04 3.213656533404723828e-20 6.684245917320917757e-21
2.069778163772422704e+04 2.928254861770132278e-20 6.535372879715086870e-21
2.070848982536699623e+04 1.280245900350706706e-20 6.154322908489971476e-21
2.071919800716996542e+04 2.740271065101706758e-20 6.633002812247046307e-21
2.072990618308561170e+04 2.439510164307451672e-20 6.948680337869067005e-21
2.074061435306574276e+04 3.884463750338849239e-20 6.117629638075045502e-21
2.075132251706545867e+04 3.076390759726196153e-20 6.370237106969933161e-21
2.076203067503623970e+04 1.804343955707582723e-20 6.772554937666367860e-21
2.077273882693130145e+04 2.727142101020546499e-20 6.907679394258239948e-21
2.078344697270387041e+04 4.504780303043071581e-20 6.414855487011215940e-21
2.079415511230816628e+04 3.241358925749025267e-20 6.678572627388196362e-21
2.080486324569588032e+04 3.434566030343115220e-20 6.666917771147035929e-21
2.081557137282149415e+04 3.170619947570264405e-20 6.691231717523087539e-21
2.082627949363799416e+04 5.776463972032248493e-20 6.762549643679181195e-21
2.083698760809725354e+04 1.014358764322688122e-19 7.193150572532435972e-21
2.084769571615561290e+04 9.057974501594190722e-20 7.328658377323351298e-21
2.085840381776351205e+04 4.261617565943387107e-20 6.380973036683997149e-21
2.086911191287490146e+04 3.341404240105110015e-20 6.579933779539603764e-21
2.087982000144445556e+04 3.556030794573060572e-20 6.724650476100421058e-21
2.089052808342489880e+04 2.732045049084372975e-20 6.193033857585980518e-21
2.090123615876927943e+04 3.042476692277455495e-20 6.031283340940082271e-21
2.091194422743212272e+04 2.101870503201703090e-20 6.254441000643812789e-21
2.092265228936619314e+04 3.657255423918851007e-20 6.607190236098408767e-21
2.093336034452588501e+04 2.040164635935982370e-20 6.313971349756782445e-21
2.094406839286477407e+04 2.144153795427873795e-20 6.418411547979028155e-21
2.095477643433456615e+04 5.497121917582229188e-20 6.284969683164310375e-21
2.096548446889307525e+04 3.831037504176090012e-20 6.239627904430216290e-21
2.097619249649027188e+04 3.411676937269835803e-20 5.942167582973069526e-21
2.098690051708110332e+04 2.723807683821312321e-20 5.991155177409038247e-21
2.099760853062089882e+04 1.602539097312387275e-20 5.798691460101299650e-21
2.100831653706188808e+04 3.675562699296715080e-20 6.318921143064202838e-21
2.101902453635791244e+04 4.640763784424423925e-20 6.268259076071962324e-21
2.102973252846413016e+04 1.456779424867743977e-19 7.623930460567455900e-21
2.104044051333302559e+04 2.657313285983172197e-19 8.733319803094666738e-21
2.105114849091956785e+04 1.983834981017962772e-19 8.312107219559378228e-21
2.106185646117825308e+04 9.885028423992594202e-20 6.891716200143910272e-21
2.107256442406211863e+04 5.035818704190102140e-20 6.118300036744933427e-21
2.108327237952619180e+04 2.308004090946861042e-20 5.631977427701783787e-21
2.109398032752449217e+04 1.241451765761203670e-20 6.303191207277001544e-21
2.110468826800998431e+04 1.498359393873701801e-20 5.769380274544313856e-21
2.111539620093869598e+04 2.542146710149802025e-20 5.583413550180406845e-21
2.112610412626426114e+04 3.018395140451460732e-20 6.074961038862985769e-21
2.113681204393956068e+04 4.413570089637509614e-20 6.401314346648603923e-21
2.114751995392054596e+04 3.053148593961445723e-20 5.514393683571865238e-21
2.115822785616169494e+04 2.263502277815227277e-20 6.007199614535247334e-21
2.116893575061716911e+04 2.007100719939383752e-20 6.064594257157593724e-21
2.117964363724020586e+04 2.666729614889471837e-20 5.753418640224812137e-21
2.119035151598617449e+04 2.149273359661211788e-20 6.219079002012548778e-21
2.120105938681082625e+04 2.595660024276292230e-20 5.857630830891213349e-21
2.121176724966625625e+04 3.063902469357000805e-20 6.095678009389753015e-21
2.122247510450869959e+04 2.000523891477095954e-20 6.386505374079566056e-21
2.123318295129305261e+04 1.784941609302289935e-20 6.356933410113716468e-21
2.124389078997257093e+04 2.021792340504477187e-20 6.326472155945473136e-21
2.125459862050369338e+04 2.554815779669634585e-20 6.133843435146333136e-21
2.126530644283905713e+04 1.274209350992799888e-20 5.796292939847404183e-21
2.127601425693586134e+04 1.068394591390649673e-20 5.982905871519586988e-21
2.128672206274614291e+04 2.112492608280394080e-20 6.104150423395648872e-21
2.129764239509579784e+04 3.812951670699435209e-20 6.110595522223691641e-21
2.130835020740248365e+04 2.322067689494913935e-20 5.840186470693313933e-21
2.131905800333768639e+04 1.865212762334445790e-20 5.956299558739305617e-21
2.132976579072330787e+04 3.845030009926391682e-20 6.119906099195502245e-21
2.134047356959241370e+04 1.656136669216592930e-20 6.083163868534977043e-21
2.135118133990559363e+04 1.447348731744088347e-20 6.018801395611060877e-21
2.136188910161037711e+04 3.586031460961270369e-20 6.072188195036047298e-21
2.137259685466560040e+04 2.788559110210033525e-20 6.734475413374705031e-21
2.138330459903031806e+04 2.343759501597740247e-20 6.235927363366525868e-21
2.139401233465191399e+04 2.488831735606998306e-20 6.522408576979588049e-21
2.140472006149138906e+04 4.207755729124294391e-20 6.544370934507346405e-21
2.141542777950196250e+04 2.216514572818741851e-20 6.178085143522101268e-21
2.142613548863691176e+04 1.935132641060415880e-20 5.836114003082898117e-21
2.143684318885456014e+04 3.302582083497105778e-20 6.100286598912600557e-21
2.144755088011121188e+04 3.382929256352338208e-20 6.274328212221802622e-21
2.145825856235726678e+04 1.621263531630112349e-20 5.539655415724874598e-21
2.146896623555307815e+04 1.422067439670848261e-20 5.961692342692559715e-21
2.147967389965199618e+04 2.297284611855696015e-20 5.910491567576881611e-21
2.149038155460854250e+04 3.276447620716096230e-20 6.062105385500816404e-21
2.150108920037820644e+04 1.584286731390336537e-20 5.853781817462599210e-21
2.151179683692062827e+04 2.934012276520905500e-20 6.073957064231333534e-21
2.152250446418624415e+04 1.413772913801241148e-20 5.564028068517188469e-21
2.153321208213266073e+04 2.698861304925466397e-20 6.341465328371362812e-21
2.154391969071759377e+04 2.841193496677056464e-20 5.905235709624771150e-21
2.155462728989253083e+04 2.701761979811870075e-20 6.236535567504079119e-21
2.156533487961427454e+04 3.469318674988683114e-20 6.156901357914977104e-21
2.157604245984168301e+04 2.979987037534782040e-20 5.496593509916046801e-21
2.158675003052847387e+04 3.902468693225314728e-20 5.661952278639292264e-21
2.159745759162927061e+04 3.509482259170870133e-20 5.850025430281235675e-21
2.160816514310206549e+04 2.726348482534877849e-20 5.930535339957238620e-21
2.161887268490068163e+04 3.266241998478535212e-20 6.588323234151864607e-21
2.162958021698203083e+04 2.908384670385417445e-20 6.248268160171504019e-21
2.164028773930210809e+04 2.223588170840070781e-20 5.696868925990464227e-21
2.165099525181790887e+04 2.464261849327046230e-20 5.735779280417072317e-21
2.166170275448325629e+04 4.039429001860933014e-20 6.471808156839952089e-21
2.167241024725644456e+04 2.563679408731175677e-20 6.021415774316241497e-21
2.168311773009131139e+04 2.223780144824870369e-20 6.116686044781349218e-21
2.169382520294510323e+04 2.383945898854667610e-20 5.943134874162198263e-21
2.170453266577284739e+04 3.606517745173411109e-20 6.391662358233260623e-21
2.171524011853507909e+04 1.686525125886798117e-20 6.020175282759922509e-21
2.172594756118256555e+04 1.144956126248680733e-20 5.394143620648592382e-21
2.173665499367373923e+04 4.156603717133490982e-20 5.333457634367820733e-21
2.174736241596715263e+04 3.938167181202541908e-20 4.925088445536306887e-21
2.175806982801233971e+04 2.533894066543580981e-20 5.121815773179751230e-21
2.176877722977346275e+04 2.588319856826879621e-20 5.851584414049376467e-21
2.177948462120249678e+04 2.340839518851661491e-20 5.580607742041008099e-21
2.179019200225810710e+04 2.336347437570455482e-20 5.022207179068620856e-21
2.180089937289449153e+04 3.474008301855236010e-20 4.754715746365867911e-21
2.181160673307040634e+04 2.633974523272226137e-20 4.939483410154923849e-21
2.182231408273995476e+04 3.108767663073942793e-20 5.830451201404374805e-21
2.183302142194132830e+04 2.850151734104013859e-20 5.678091048015354363e-21
2.184394206209949698e+04 2.061647221126363331e-20 5.346287894309647587e-21
2.185464939496286024e+04 3.320933885649742338e-20 5.264818035961856006e-21
2.186535671714145792e+04 4.185003100818144774e-20 5.555612837244485887e-21
2.187606402859603622e+04 4.739696473542922187e-20 6.222196890550242208e-21
2.188677132928039282e+04 3.670525311080791690e-20 6.008031627482266209e-21
2.189747861915341491e+04 2.971515297620391810e-20 5.949340427020719095e-21
2.190818589816935491e+04 2.088446262791865574e-20 5.801948956364845574e-21
2.191889316628548841e+04 3.408277461906896507e-20 6.024081106474623354e-21
2.192960042346161572e+04 3.359242762409648643e-20 5.937731458432364968e-21
2.194030766965282601e+04 2.349571747872015471e-20 5.792587996438116500e-21
2.195101490481325527e+04 2.826633346962386403e-20 5.798997503425101886e-21
2.196172212890350420e+04 2.495389263784096089e-20 5.846374990897440037e-21
2.197242934188106665e+04 3.640736719648226157e-20 6.174311576365723353e-21
2.198313654369966025e+04 4.769629590400137507e-20 6.002736882059138801e-21
2.199384373431694257e+04 4.378801645813410877e-20 5.728606787362642481e-21
2.200455091369371075e+04 4.430104144563607794e-20 5.368056051837838849e-21
2.201525808178425359e+04 2.575719826751293350e-20 5.414052842354458527e-21
2.202596523854366387e+04 2.434297026144578624e-20 5.161734818610672888e-21
2.203667238393236039e+04 3.124644116243871042e-20 5.781727523923207992e-21
2.204737951790802617e+04 3.739693442287978939e-20 6.159966118318671747e-21
2.205808664042532837e+04 3.582429288825457808e-20 6.129574426168416456e-21
2.206879375144241567e+04 2.810451597359027885e-20 5.376887665291973876e-21
2.207950085091720030e+04 3.286314753292012772e-20 5.316897299601242535e-21
2.209020793880783458e+04 2.538000911032446619e-20 5.643791436329515102e-21
2.210091501506797795e+04 2.227163675893769811e-20 6.155498478562181907e-21
2.211162207966059941e+04 2.622241598881719119e-20 5.529996355723711705e-21
2.212232913253983133e+04 2.546722318483796324e-20 5.847912540667414715e-21
2.213303617366116669e+04 1.728222812659756600e-20 5.421266037245628607e-21
2.214374320298571183e+04 2.771189346657029365e-20 5.579972918884415074e-21
2.215445022047111706e+04 2.129583520673600387e-20 5.300159402794372952e-21
2.216515722607262796e+04 1.195837154374452997e-20 4.981883870619135036e-21
2.217586421974844779e+04 1.237790158982114168e-20 5.500571232758219427e-21
2.218657120145688896e+04 2.543454166770149355e-20 5.231390595825477994e-21
2.219727817115682410e+04 1.983763655030957439e-20 5.614529061618068028e-21
2.220798512880298586e+04 1.689652062855051195e-20 5.403921006466333585e-21
2.221869207435224598e+04 2.389996202869177792e-20 5.780103607986796073e-21
2.222939900776863942e+04 2.759915863766762624e-20 5.551456687714741915e-21
2.224010592900485790e+04 2.749652556982262221e-20 5.711502430611675527e-21
2.225081283802167309e+04 2.912532988226556444e-20 5.568075273184980081e-21
2.226151973477358115e+04 3.303347351549172142e-20 5.304343648585614897e-21
2.227222661921913095e+04 1.741562562964502941e-20 5.371897843464589470e-21
2.228293349131721334e+04 3.262241235951865333e-20 5.491531193258257399e-21
2.229364035102874186e+04 1.918708184236826197e-20 5.264086594163327019e-21
2.230434719830928952e+04 2.419447317758047818e-20 5.359793306815721375e-21
2.231505403311325790e+04 2.716872493026058826e-20 5.436695822130238954e-21
2.232576085540509303e+04 2.477160495440377937e-20 4.919403957236884519e-21
2.233646766513699913e+04 1.686532762192856211e-20 5.088375662472950079e-21
2.234717446227259279e+04 1.703153476650475603e-20 5.374035288471183155e-21
2.235788124676479129e+04 2.746601011346129277e-20 5.526273072547444765e-21
2.236858801857700746e+04 4.407060416022270376e-20 5.570749065101431779e-21
2.237929477766345371e+04 2.279264453899106715e-20 5.489202856693181931e-21
2.239000152398259524e+04 2.281992666150000049e-20 5.086062451454146398e-21
2.240070825749642609e+04 2.945229431217089187e-20 5.366442373845704476e-21
2.241141497815957337e+04 3.022822361448383689e-20 5.383356564314966887e-21
2.242212168593006936e+04 1.370929883598047883e-20 5.288056627235359587e-21
2.243282838076917687e+04 3.186621271140831775e-20 5.574789640740855088e-21
2.244353506263576128e+04 2.974803434344949352e-20 5.781086331837818820e-21
2.245424173131933640e+04 2.888436435591574186e-20 5.550350931338030128e-21
2.246494778373238660e+04 1.624526061560608125e-20 5.237367848797645767e-21
2.247565372361322443e+04 3.310345228300547105e-20 5.390945846744761823e-21
2.248635965035746995e+04 3.713999921706493482e-20 5.435268727429872783e-21
2.249706556391987760e+04 2.663184058307059174e-20 5.188285459295043203e-21
2.250777146426323452e+04 1.963086173742232763e-20 5.641989979602614005e-21
2.251847735134466348e+04 2.698312344956919005e-20 5.548345573206587100e-21
2.252918322512327359e+04 4.338665726505621185e-20 5.059014979859462591e-21
2.253988908555714806e+04 2.656806751147598430e-20 5.126943968521815777e-21
2.255059493260545059e+04 2.951796072151893257e-20 5.203473748073270049e-21
2.256130076622562410e+04 1.814839977139152938e-20 5.203902950366469654e-21
2.257200658638043024e+04 1.847563353849875090e-20 5.111749604098546388e-21
2.258271239302631511e+04 2.866394740217721393e-20 5.000124980005964693e-21
2.259341818611874623e+04 3.579435883526958036e-20 5.005835139102190322e-21
2.260412396561809874e+04 1.164491092095702707e-20 4.990411433466832643e-21
2.261482973148993915e+04 3.433566906226850898e-20 4.995098356936083800e-21
2.262553548368646443e+04 1.475514963028856524e-20 5.046459213900964417e-21
2.263624122216855540e+04 3.163859641799894192e-20 5.031595498298509600e-21
2.264694694689553944e+04 1.691835751475333368e-20 4.710459512831071963e-21
2.265765265782571078e+04 3.409641047853461302e-20 5.307535757307734057e-21
2.266835835492045226e+04 2.042012270015151883e-20 5.083591117079851031e-21
2.267906403813396901e+04 2.210848374908851975e-20 4.748291716931178885e-21
2.268976970742831327e+04 2.870463015098954801e-20 5.219231986357205010e-21
2.270047536276635947e+04 4.539680055049671345e-20 5.370692052295460087e-21
2.271139545445168551e+04 2.806163546255813015e-20 5.355097393425282210e-21
2.272210109647326317e+04 2.696224479134020804e-20 5.338790960649527422e-21
2.273280672432849678e+04 2.829459195368092564e-20 5.179539968974460897e-21
2.274351233805724405e+04 2.778251177229280784e-20 5.044713703014519447e-21
2.275421793762053858e+04 1.186124639744445002e-20 5.299795721505272100e-21
2.276492352297782418e+04 1.366148130441799375e-20 5.135840163600001921e-21
2.277562909408373162e+04 3.206122109468058161e-20 5.447353732092222892e-21
2.278633465090233221e+04 3.026639648031188584e-20 4.892368818784705974e-21
2.279704019339010119e+04 2.799843476644400356e-20 5.523741142649718192e-21
2.280774572151130997e+04 2.568455915078823617e-20 4.945448252233277082e-21
2.281845123521902497e+04 3.073715711927342419e-20 4.752179472530945981e-21
2.282915673447765221e+04 3.034693777075616802e-20 5.056237587359822993e-21
2.283986221924522761e+04 4.078002374530601431e-20 5.268937077065468106e-21
2.285056768947982710e+04 3.170402115034074238e-20 5.367357430876040913e-21
2.286127314514419049e+04 4.478877442891887635e-20 5.434466569226704354e-21
2.287197858619648105e+04 2.208467558272842695e-20 4.754522330175993589e-21
2.288268401259651728e+04 3.339325757842561695e-20 5.459007358678442124e-21
2.289338942430233146e+04 2.796961899380093187e-20 4.678429179400897042e-21
2.290409482127689989e+04 3.408242444811517535e-20 4.842783110498384942e-21
2.291480020347694153e+04 3.622023420109838061e-20 5.017504962328941705e-21
2.292550557086720801e+04 2.855936004795120267e-20 4.934026278358054336e-21
2.293621092340251926e+04 2.064922599258609111e-20 4.964495027926956994e-21
2.294691626104286115e+04 4.013294612474826003e-20 4.862399498818880543e-21
2.295762158375151557e+04 4.287677469526197495e-20 5.498148636103019982e-21
2.296832689148512145e+04 3.763107762444683830e-20 5.526847883397981976e-21
2.297903218420531266e+04 2.466513577514001684e-20 5.786755591208130313e-21
2.298973746187546567e+04 2.096239127231583349e-20 5.092910902049052460e-21
2.300044272445078605e+04 2.925876233247792605e-20 5.152421116047597901e-21
2.301114797189114324e+04 1.746680283253705111e-20 4.734653909102710400e-21
2.302185320416006289e+04 1.945596107676897621e-20 5.049833548064423284e-21
2.303255842121451860e+04 3.997106902678402998e-20 5.347159642586472550e-21
2.304326362301791596e+04 2.050867930263566566e-20 4.867201189809109858e-21
2.305396880952880383e+04 3.535814053445805906e-20 5.163762792991026058e-21
2.306467398070743366e+04 1.491981525795552642e-20 5.441646670310165378e-21
2.307537913651249619e+04 1.211159925981718245e-20 4.423748167455412979e-21
2.308608427690581084e+04 1.697734643968494758e-20 4.819003000150138317e-21
2.309678940184950989e+04 1.849331086217165232e-20 4.976652597570234279e-21
2.310749451130235684e+04 2.815894258298313902e-20 4.963916912013231277e-21
2.311819960522294423e+04 3.028721303418856578e-20 5.101125520815557762e-21
2.312890468357509599e+04 3.433256869697432296e-20 5.232074569678431744e-21
2.313960974631761928e+04 3.204222118399570421e-20 5.108391474626491332e-21
2.315031479340763690e+04 3.146708371754559271e-20 5.046239601771679085e-21
2.316101982481409868e+04 2.144368027356476417e-20 5.043416664224927949e-21
2.317172484048905972e+04 2.578217437441769656e-20 5.177644192229041858e-21
2.318242984039837029e+04 1.062483638513882434e-20 5.187883582296670504e-21
2.319313482450071024e+04 1.679755685767397263e-20 5.125534454198242830e-21
2.320383979275502861e+04 2.550316203827336883e-20 4.984305664263105870e-21
2.321454474512216620e+04 2.675055715184161095e-20 4.643344477272923534e-21
2.322524968157138937e+04 1.763003782129707513e-20 4.470633689653049066e-21
2.323595460204949632e+04 9.823478581754614440e-21 4.937270670608087728e-21
2.324665950652771062e+04 2.006142881014118431e-20 5.238453607857527567e-21
2.325736439496169260e+04 2.053407321694647275e-20 4.912789436040681337e-21
2.326806926731383646e+04 1.416066981070513001e-20 4.961578441529513021e-21
2.327877412354510670e+04 2.857253731302160991e-20 5.271531987972869070e-21
2.328947896361826861e+04 4.077553364430280481e-20 5.140002502981046866e-21
2.330018378749225667e+04 3.248981932311549390e-20 5.193135177805475553e-21
2.331088859520558617e+04 2.390434497977591286e-20 5.168628356099390280e-21
2.332180866597702334e+04 2.482477181339670066e-20 5.113012840205356992e-21
2.333251345545836011e+04 2.133620296440994205e-20 4.635847569722693554e-21
2.334321822857932420e+04 2.813776805640263033e-20 5.112414431666413830e-21
2.335392298530459448e+04 2.586007229157640995e-20 4.990675624969163011e-21
2.336462772559300720e+04 2.815062118333110988e-20 5.190736830401269325e-21
2.337533244940618897e+04 2.080223806145596953e-20 4.892760669319951758e-21
2.338603715670138990e+04 2.006087757320319361e-20 4.856135419708795877e-21
2.339674184744512968e+04 3.416091380717373811e-20 4.746811308976107186e-21
2.340744652159903853e+04 2.708407655913738290e-20 4.937004759783461828e-21
2.341815117912224014e+04 2.489130360259191555e-20 4.855021356166752773e-21
2.342885581997593181e+04 3.222826010700117333e-20 5.289805429881643257e-21
2.343956044411801122e+04 7.916551047487731722e-21 4.853012322078781223e-21
2.345026505151694801e+04 1.932259442353586070e-20 4.852454476173614940e-21
2.346096964213042520e+04 3.024120808165140380e-20 4.687613747311511870e-21
2.347167421591636594e+04 2.376289875027283306e-20 5.009497657869613085e-21
2.348237877284329807e+04 2.213408023956315868e-20 4.907707454660593060e-21
2.349308331286525208e+04 3.373544265550362230e-20 5.504461505185737374e-21
2.350378783595350615e+04 3.737162179618747261e-20 5.527769374357101978e-21
2.351449234205956600e+04 2.270786312965997514e-20 4.912197254741381973e-21
2.352519683114897271e+04 3.699721036199558401e-20 4.693930532808418934e-21
2.353590130318360025e+04 3.181411583472141023e-20 6.212626307681922542e-21
2.354660575812640673e+04 3.700063922742705322e-20 5.565497004448804933e-21
2.355731019593546444e+04 4.344151272220387077e-20 4.970504630017790153e-21
2.356801461657459004e+04 2.983974319661028199e-20 4.992066120700934427e-21
2.357871902000687260e+04 4.024093558660990052e-20 4.896070093282316002e-21
2.358942340619043171e+04 1.828843392066191769e-20 4.672914657452356857e-21
2.360012777508919316e+04 1.795550297414389674e-20 5.222600243704851530e-21
2.361083212666438340e+04 4.133250856448451641e-20 4.783583165065776127e-21
2.362153646087810193e+04 2.395559809081373945e-20 4.382284150240431560e-21
2.363224077769241921e+04 3.122369962430075854e-20 4.884837662802776270e-21
2.364294507707253797e+04 4.005404654152626924e-20 4.937668121165670240e-21
2.365364935897282339e+04 3.179082868883087130e-20 4.854857036477345372e-21
2.366435362336135950e+04 2.343454864724089624e-20 4.619092069996597774e-21
2.367505787019357740e+04 1.617256887927066717e-20 4.553808469153600282e-21
2.368576209943768481e+04 6.174836087134705693e-21 4.501025955819074728e-21
2.369646631105395500e+04 2.359442087897004948e-20 4.467078599692397467e-21
2.370717050500583355e+04 2.321065538477063159e-20 4.718131892684634879e-21
2.371787468125173473e+04 3.340574688870929101e-20 4.898831421737578179e-21
2.372857883975396180e+04 3.222359289518481625e-20 4.553057528840522107e-21
2.373928298048009310e+04 1.823414730519995131e-20 4.994202517318860089e-21
2.374998710338653837e+04 2.423698117172226181e-20 4.530015145399567971e-21
2.376069120843974451e+04 3.487071747035533987e-20 4.896899611071934854e-21
2.377139529559338553e+04 2.373981738299306322e-20 4.932460432396383973e-21
2.378209936482194098e+04 1.480983627313210209e-20 4.431462961799843360e-21
2.379280341608193339e+04 1.693866631555163713e-20 3.843236662632992875e-21
2.380350744933313399e+04 2.738230134072961429e-20 4.172467048066889672e-21
2.381421146453807887e+04 1.320817776590998418e-20 4.234268721775213040e-21
2.382491546166542685e+04 1.500266454678887384e-20 4.344467646007957713e-21
2.383561944067102377e+04 4.133421494812693182e-20 4.671666621496345114e-21
2.384632340152149845e+04 2.032999507117738381e-20 4.554176177933361861e-21
2.385702734417144529e+04 2.404983617851132442e-20 4.997290893431939835e-21
2.386773126859504919e+04 3.156213506908064421e-20 4.817628749771557230e-21
2.387843517474683540e+04 2.909979403637012758e-20 4.817730916976301369e-21
2.388913906259365103e+04 1.899499807542825977e-20 4.616516051239117390e-21
2.389984293208948657e+04 2.788406406645705616e-20 4.731587143838828904e-21
2.391054678320719904e+04 3.018145705771276303e-20 4.918966775026901912e-21
2.392125061590762925e+04 3.314548076366326759e-20 4.733539083519921681e-21
2.393195443015318233e+04 2.961526151795381586e-20 4.771759519791804574e-21
2.394265822589400341e+04 2.762587116136914587e-20 4.055968741167307987e-21
2.395336200310961794e+04 1.771719591693387085e-20 4.061686488709040321e-21
2.396406576175848750e+04 4.537553506057228526e-21 3.990796335520774681e-21
2.397476950180307904e+04 3.059602247826127098e-20 4.680995521928242501e-21
2.398547322319616069e+04 2.349300734882297873e-20 4.261477357621680079e-21
2.399617692591089508e+04 2.711803619777896639e-20 4.547031966191412810e-21
2.400688060991172824e+04 1.997000655414270663e-20 4.603795351729547310e-21
2.401758427515989024e+04 2.701621603862809947e-20 4.469326179059514121e-21
2.402828792160793819e+04 4.103779908527307545e-20 4.698892905639371802e-21
2.403899154922853631e+04 2.963971377345511760e-20 4.459631896633472678e-21
2.404969515798726934e+04 3.298472231353244098e-20 4.386470503917735855e-21
2.406039874784518906e+04 2.999221323295240089e-20 4.369733159523391683e-21
2.407110231875405225e+04 1.460982091054344644e-20 4.649158149561101422e-21
2.408180587068789828e+04 2.388964967199279517e-20 4.757991383137913854e-21
2.409250940361208268e+04 2.242568965582584215e-20 4.627548971175848098e-21
2.410321291748481963e+04 1.920767202955096454e-20 4.387962985526639621e-21
2.411391641226537104e+04 2.045083793979692452e-20 4.418088004939656418e-21
2.412461988792130069e+04 2.823357677790004223e-20 4.915967204328318642e-21
2.413532334441735657e+04 2.208724973948019135e-20 4.307653411033975750e-21
2.414602678171702792e+04 3.894098390833879753e-20 4.351219679593584400e-21
2.415673019977943113e+04 1.989575582421460921e-20 4.664819351656332853e-21
2.416743359856745883e+04 3.335340120905772676e-20 4.133782675172556355e-21
2.417813697804871481e+04 2.745239684070193689e-20 4.621258336333095346e-21
2.418884033818460375e+04 1.962028530639073896e-20 4.558639183647051269e-21
2.419954367893827293e+04 2.338088161587955940e-20 4.269128405600408191e-21
2.421024700027071594e+04 1.649813007919021735e-20 4.432820739541493512e-21
2.422095030214778308e+04 1.358254384434325561e-20 3.936889463636389911e-21
2.423165358453726731e+04 2.750417380989935696e-20 4.140513148723579590e-21
2.424235684739554927e+04 1.969597937005875742e-20 4.034886967203366924e-21
2.425306009068874118e+04 2.783455522829288574e-20 4.254074435881779973e-21
2.426376331437396584e+04 1.304916205661538567e-20 4.164292104323864340e-21
2.427446651843145082e+04 3.121488468577145604e-20 4.528120302401140370e-21
2.428516970281216709e+04 2.407855908076607488e-20 4.267177469815334179e-21
2.429587286747767939e+04 1.368027633264989876e-20 4.119319577185052199e-21
2.430657601239316500e+04 2.999197273926477642e-20 4.343343113801105316e-21
2.431727913752914901e+04 2.782859674675722482e-20 4.419434333446787541e-21
2.432798224284729804e+04 2.075477146110802642e-20 4.424555408161782832e-21
2.433890190852096566e+04 1.916127588770471119e-20 4.106474599966464673e-21
2.434960499538602744e+04 2.493332456451638741e-20 4.047138014163370170e-21
2.436030805519481873e+04 2.143651926263116943e-20 4.444277239495490201e-21
2.437101109496557910e+04 1.178142870351615910e-20 4.508979316735292326e-21
2.438171411472922773e+04 2.744753019376804043e-20 4.064214519718725539e-21
2.439241711444949033e+04 1.667350863487027477e-20 4.394915578826089201e-21
2.440312009409257007e+04 2.631327276770741692e-20 4.281398461371170857e-21
2.441382305362430270e+04 2.714292714221469406e-20 4.142943873214575648e-21
2.442452599300866859e+04 1.374091618439958961e-20 4.329409811243688498e-21
2.443522891220313613e+04 3.305591145149109082e-20 4.511674179762038734e-21
2.444593181117574204e+04 3.396433212467823822e-20 4.736783796279114037e-21
2.445663468988862587e+04 2.232382218862310195e-20 4.346730092153095644e-21
2.446733754831426631e+04 2.588439403862981705e-20 4.255027891549713462e-21
2.447804038641025181e+04 2.949024394278220076e-20 4.408017107257178558e-21
2.448874320413625901e+04 3.031687256864146132e-20 4.535159278348983687e-21
2.449944600145837467e+04 2.650297219782105811e-20 4.200512061114533184e-21
2.451014877834537037e+04 2.261677490732489905e-20 4.305724404979459201e-21
2.452085153476562118e+04 2.097617626167695505e-20 4.211693835549605361e-21
2.453155427067227720e+04 2.026123935768641077e-20 4.117157921353234361e-21
2.454225698602956618e+04 1.407516267781739686e-20 4.198420184267574320e-21
2.455295968080595776e+04 2.717785902609806157e-20 4.300446342803184344e-21
2.456366235497040543e+04 2.360134282724899380e-20 3.833400725846360859e-21
2.457436500848699870e+04 1.968677860949358878e-20 4.122928223819324686e-21
2.458506764130892043e+04 1.977772987793406946e-20 3.935852225271734602e-21
2.459577025340720138e+04 2.189759577617691500e-20 4.125835408868262889e-21
2.460647284474385015e+04 2.746280872607486537e-20 4.030683262898718687e-21
2.461717541529011214e+04 3.399027204322378416e-20 4.097909085272886623e-21
2.462787796500804325e+04 2.842068280556654613e-20 4.266048585348060436e-21
2.463858049385531922e+04 2.050870450883111614e-20 4.055516834640410552e-21
2.464928300179872531e+04 3.081313501827976263e-20 4.079174589645991556e-21
2.465998548880708040e+04 3.739339941455768636e-20 4.291830567453147918e-21
2.467068795484734437e+04 2.502750725485963926e-20 4.407730596622751909e-21
2.468139039987715296e+04 2.398314315861599217e-20 4.509530788872166136e-21
2.469209282386097766e+04 2.272155134305010909e-20 4.713351833345174416e-21
2.470279522676357010e+04 2.456810040933240202e-20 4.244632890355367718e-21
2.471349760855395652e+04 2.566406443932967005e-20 4.354451226849475221e-21
2.472419996920368794e+04 1.928244192692851106e-20 4.094302645208666302e-21
2.473490230865912963e+04 3.438885566699613886e-20 4.393213446565429156e-21
2.474560462689171618e+04 3.340303006656361575e-20 4.456012843466744612e-21
2.475630692386857118e+04 2.590599123803691802e-20 4.745853261389449178e-21
2.476700919955439895e+04 1.655898740043171296e-20 4.516397726386341070e-21
2.477771145392550170e+04 2.534987313494973013e-20 4.383456910262440036e-21
2.478841368692816832e+04 1.954324307348246777e-20 4.513391467946415315e-21
2.479911589828513388e+04 2.317705888044497784e-20 4.312306334425316786e-21
2.480981806474156838e+04 2.779573585627084970e-20 3.884520681714639977e-21
2.482052017479682036e+04 8.603346667975503059e-21 3.825847112574569928e-21
2.483122226300103648e+04 1.507833662972140023e-20 5.283983285376739787e-21
2.484192432966598426e+04 2.271095251802571378e-20 5.256377972959712976e-21
2.485262637475223528e+04 1.715334553985352589e-20 4.538285926492129998e-21
2.486332839823834001e+04 1.694701970463099014e-20 4.514462296277071629e-21
2.487403040007345408e+04 3.651344902639165246e-20 4.321151523501537883e-21
2.488473238025017781e+04 2.757679799571590992e-20 3.696729798662726106e-21
2.489543433870348963e+04 2.790696651421958881e-20 4.428168609804470880e-21
2.490613627540769448e+04 2.903213420138582700e-20 4.137699470437308995e-21
2.491683819033232794e+04 2.418688282116333832e-20 4.406382788517790138e-21
2.492754008343363967e+04 2.136297175276736206e-20 4.413456642772610147e-21
2.493824195470213454e+04 1.289903725320789449e-20 3.913426766564584892e-21
2.494894380407274002e+04 1.771752294800830388e-20 3.894617791034285038e-21
2.495964563151995026e+04 2.673573333226800609e-20 4.484851415397040247e-21
2.497034743701349726e+04 2.609697958122864730e-20 4.224317790619686666e-21
2.498104922051202084e+04 1.437807844215771728e-20 4.218854261736139799e-21
2.499175098199917193e+04 2.137457071700393443e-20 4.086306414117623391e-21
2.500245272141700843e+04 3.409069877702184674e-20 4.424857625683369702e-21
2.501315443873539698e+04 2.454743391774356173e-20 3.944919418528980148e-21
2.502385613393136737e+04 2.137143696467888784e-20 4.189705375634238540e-21
2.503455780695654539e+04 2.679247763926927451e-20 4.157003296852894773e-21
2.504525945779481845e+04 3.005875717392791473e-20 4.288888010329181130e-21
2.505596108646734865e+04 2.395830365720447467e-20 4.321808581699700693e-21
2.506666269981532241e+04 2.196128593558875359e-20 4.092288219844324013e-21
2.507758182852913160e+04 2.517820194739873624e-20 4.348100063022454055e-21
2.508828340409799785e+04 1.663122161672817173e-20 4.045531512293579930e-21
2.509898495729504430e+04 2.178244147077691660e-20 4.054360889846260560e-21
2.510968648809089063e+04 2.227036819762443425e-20 4.139963019079098099e-21
2.512038799643343009e+04 2.544490794524649766e-20 4.232055213551122724e-21
2.513108948230084934e+04 2.237246315109178434e-20 4.098913268786749344e-21
2.514179094565149353e+04 2.875089847112694570e-20 4.103553260336045594e-21
2.515249238645832156e+04 2.375712032527384376e-20 3.921654910907044816e-21
2.516319380469901444e+04 3.278074622397077031e-20 4.158649603240871342e-21
2.517389520030758285e+04 3.050912327318170340e-20 4.093543343776688102e-21
2.518459657327208697e+04 1.572150079246251542e-20 4.041272204923479888e-21
2.519529792355040263e+04 1.805263690191509903e-20 3.497864287535037809e-21
2.520599925110848562e+04 2.162165987314668916e-20 3.914597530689927473e-21
2.521670055591974597e+04 2.305953359859374468e-20 4.220944084040079964e-21
2.522740183795505800e+04 2.035734543243872955e-20 4.053210360102617198e-21
2.523810309715731273e+04 2.004536366284053465e-20 4.040272984760731437e-21
2.524880433350530438e+04 2.108962969236343755e-20 3.826625116989338015e-21
2.525950554696505424e+04 1.146040482403385609e-20 3.448103233968386319e-21
2.527020673749964408e+04 1.651110469308796332e-20 3.996124841608563309e-21
2.528090790509000726e+04 2.598867835735334316e-20 3.717477604527130668e-21
2.529160904968485556e+04 2.220372640219475870e-20 3.428331090178103351e-21
2.530231017125278231e+04 1.509232794715702345e-20 3.774026883599397404e-21
2.531301126975678926e+04 1.743653479221176881e-20 3.902899304211305289e-21
2.532371234517074481e+04 1.540523975784864416e-20 3.620953928376781431e-21
2.533441339745839286e+04 1.588801659238269322e-20 3.859119985435726900e-21
2.534511442659832392e+04 3.364772058326851145e-20 4.299847770948422760e-21
2.535581543253107156e+04 2.757252397235843071e-20 4.090983130774155419e-21
2.536651641523575017e+04 2.789679153578550798e-20 3.907035139832292731e-21
2.537721737467869025e+04 2.990852362887966791e-20 4.053965460789388627e-21
2.538791831082314457e+04 3.257973952754020149e-20 3.954692968508016352e-21
2.539861922364301427e+04 3.876541142494576279e-20 4.219680352717459816e-21
2.540932011310979942e+04 2.191031819751295523e-20 4.571017905655160754e-21
2.542002097916451385e+04 2.534700717260266531e-20 3.972218116587822806e-21
2.543072182179320589e+04 2.228313951887333978e-20 3.999071559017835956e-21
2.544142264095237624e+04 2.431996096470034143e-20 4.117911362133563105e-21
2.545212343661355771e+04 1.893002777203100415e-20 4.045313086144826154e-21
2.546282420874817399e+04 1.679477530068946696e-20 3.984039414949039818e-21
2.547352495732731768e+04 2.739359595074964376e-20 3.823652857448614885e-21
2.548422568229478202e+04 2.752425619888506066e-20 4.025321826161432904e-21
2.549492638362990328e+04 1.894733376610079069e-20 4.009557830671214847e-21
2.550562706129883736e+04 2.600837557361452441e-20 4.128720465772444683e-21
2.551632771526284341e+04 1.703659592035280407e-20 3.767367928108059531e-21
2.552702834550152693e+04 1.828456989288229884e-20 3.941279407675143972e-21
2.553772895198674087e+04 1.890241354429091420e-20 4.241371009813046837e-21
2.554842953465365645e+04 2.706248762996746837e-20 4.268743893028179233e-21
2.555913009348964988e+04 1.805140984492756932e-20 3.816341263487244839e-21
2.556983062845886161e+04 1.824062425278710180e-20 3.848574746424223930e-21
2.558053113952543936e+04 1.651545356584931869e-20 4.106799996579393060e-21
2.559123162666065036e+04 1.913697671519731663e-20 3.850282670103962877e-21
2.560193208982902070e+04 2.825038065253317194e-20 4.107272068026441137e-21
2.561263252901029409e+04 2.694002119765788543e-20 3.780674013866816698e-21
2.562333294414514603e+04 1.404332015464551445e-20 3.848978183790259345e-21
2.563403333521027162e+04 1.562082993704123922e-20 3.580714944548166851e-21
2.564473370217548290e+04 2.777642941175609506e-20 3.661617422869558480e-21
2.565543404501286204e+04 2.456274363624687625e-20 3.914950278190217762e-21
2.566613436367853501e+04 1.807999891286204657e-20 3.988581417972207345e-21
2.567683465816014723e+04 1.969634002612254497e-20 3.993330514006764125e-21
2.568753492839863611e+04 1.746599481897563813e-20 3.998693139532005782e-21
2.569823517436621842e+04 1.622480535637921826e-20 3.696296533086239415e-21
2.570893539603469617e+04 1.142407384757246187e-20 3.226806232551412348e-21
2.571963559337102924e+04 2.528938709158996208e-20 3.458944648206602391e-21
2.573033576634766359e+04 2.270087323275138233e-20 3.797914811079298236e-21
2.574103591492110354e+04 2.369569847082655986e-20 3.996599006222505871e-21
2.575173603907904908e+04 2.027190730868412847e-20 3.788308519356069168e-21
2.576243613876233576e+04 1.645784623224812479e-20 4.010890619840467841e-21
2.577313621394339134e+04 2.401471132183514680e-20 3.958882840693462839e-21
2.578383626459464722e+04 2.499963816619787878e-20 3.755845738863256535e-21
2.579453629068535520e+04 2.046224935697615945e-20 3.699648267130003797e-21
2.580523629217766575e+04 1.566166571328745599e-20 3.838136766866400169e-21
2.581593626904942357e+04 1.188247735947690668e-20 3.557031231696407151e-21
2.582663622126254995e+04 1.383244864816996838e-20 3.800062529656630202e-21
2.583733614877306172e+04 2.240579801928279542e-20 3.964338289691479114e-21
2.584803605155386322e+04 2.291965651634999893e-20 4.023412518028091675e-21
2.585873592957490473e+04 1.889044897962491284e-20 3.413460095332889065e-21
2.586943578280883230e+04 2.276919669069967196e-20 3.822269222872154612e-21
2.588013561121168823e+04 3.208917685926034362e-20 3.779089617776537707e-21
2.589083541475927632e+04 3.685371391726816510e-20 3.898185302749770539e-21
2.590153519342700747e+04 2.065167160461937394e-20 4.012930091055628478e-21
2.591223494716074492e+04 2.105425560328791945e-20 4.043487949648321337e-21
2.592293467593539026e+04 2.546567252292687488e-20 3.762253258298382212e-21
2.593363437972419342e+04 1.381647813213084111e-20 3.864305389959066700e-21
2.594433405849192422e+04 1.389386068202697778e-20 3.932660664055507063e-21
2.595503371220322879e+04 2.122002274584139444e-20 3.953554809531109127e-21
2.596573334082785732e+04 2.392528497295354967e-20 3.981868689497269475e-21
2.597643294434723794e+04 2.501758146361398235e-20 4.045590167753921751e-21
2.598713252270730663e+04 2.631466082651381491e-20 3.918487761601493924e-21
2.599783207587817378e+04 2.675088618274632774e-20 3.747259400535529359e-21
2.600853160383513023e+04 2.868172531047165204e-20 4.183985578072872523e-21
2.601923110654074117e+04 1.615838351212110628e-20 4.120500007246905855e-21
2.602993058396807464e+04 2.116667040678161794e-20 3.957646754851219668e-21
2.604063003607921200e+04 2.269960123750573782e-20 3.967486909116172767e-21
2.605132946284686113e+04 2.330351542042458777e-20 3.345097365795890404e-21
2.606202886424454846e+04 1.635220350341000749e-20 3.466023586240439565e-21
2.607272824022639543e+04 2.283512979314209536e-20 3.840439240027494517e-21
2.608342759075998401e+04 2.069760712025151986e-20 3.690776585281752116e-21
2.609412691581810941e+04 2.838998283155129895e-20 3.577531884302133163e-21
2.610482621537168234e+04 2.350581829831329584e-20 3.520548634455568697e-21
2.611552548938302061e+04 2.045635414287960353e-20 3.715199221723153040e-21
2.612622473782538873e+04 1.975234673683718008e-20 3.765696793957001194e-21
2.613692396066612127e+04 1.398033301783944951e-20 3.455193677652802248e-21
2.614762315787629632e+04 1.621896286935243987e-20 3.422718728163053579e-21
2.615832232940727044e+04 3.388197991621968522e-20 3.859683760316055450e-21
2.616902147524067550e+04 2.524190112148062842e-20 3.759926313016072277e-21
2.617972059533841093e+04 2.170152189380249323e-20 3.469187701194620496e-21
2.619041968967161665e+04 1.036807854798330558e-20 3.676346535413269151e-21
2.620111875820823843e+04 1.938650990177853774e-20 3.419446656630474475e-21
2.621181780091630208e+04 2.137990998372456735e-20 3.642156382301938836e-21
2.622251681776609985e+04 3.081355483169845194e-20 3.957307693130666705e-21
2.623321580873156199e+04 1.482866298691190223e-20 3.725878285310198416e-21
2.624391477376411785e+04 1.647539645102989259e-20 3.722922079144403941e-21
2.625461371284020788e+04 1.965700145208679234e-20 3.527316289597318070e-21
2.626531262592747225e+04 2.888778259471600198e-20 3.550730446367814659e-21
2.627601151299151388e+04 1.486465416131537991e-20 4.041802275595931335e-21
2.628671037400329078e+04 1.516664657932679063e-20 3.700019551702972464e-21
2.629740920893104703e+04 1.837855935179080925e-20 3.547136938557350286e-21
2.630810801774256470e+04 2.186438660406808834e-20 3.353244961144931201e-21
2.631880680041177766e+04 3.440187059941613832e-20 3.242627761777211892e-21
2.632950555690423062e+04 2.238943916504207979e-20 3.563583314044809816e-21
2.634020428717705363e+04 3.260226994554598500e-20 4.012558466792596532e-21
2.635090299121219869e+04 2.797618654612716242e-20 4.000453317667946568e-21
2.636182081528857816e+04 2.861037562287424893e-20 4.163987696275755885e-21
2.637251948032409928e+04 2.170476929984379847e-20 4.102068316588807225e-21
2.638321811894714847e+04 3.210560684243406985e-20 3.942765547852557633e-21
2.639391673119481857e+04 1.694048650673679142e-20 3.482892868472637837e-21
2.640461531704898516e+04 2.446515905235617937e-20 3.534614011243970496e-21
2.641531387645907307e+04 3.741970156651646679e-20 3.656212606044099072e-21
2.642601240940409843e+04 3.548329216752550322e-20 4.495662097067661790e-21
2.643671091584739770e+04 3.942659453992630672e-20 4.099384063516294945e-21
2.644740939576803430e+04 2.264619061653145029e-20 3.905978690029818644e-21
2.645810784911830706e+04 1.849273350375492501e-20 3.798636695928801712e-21
2.646880627587735944e+04 2.906174396578625766e-20 3.982534682860376645e-21
2.647950467600844422e+04 4.516124930752677578e-20 4.266391166209062467e-21
2.649020304947992190e+04 3.475298163062352376e-20 3.875725420895208123e-21
2.650090139626882956e+04 3.209154489847790862e-20 4.106417214726475083e-21
2.651159971633812165e+04 2.509979543871961872e-20 3.742941297778852426e-21
2.652229800965639879e+04 3.057350478729289989e-20 4.031636034568791099e-21
2.653299627618944942e+04 2.054441555035756686e-20 3.712019027140606037e-21
2.654369451591152756e+04 1.787193701396817252e-20 3.413109671337472126e-21
2.655439272879129567e+04 2.055028663117766326e-20 3.651293420766065672e-21
2.656509091478900154e+04 2.709491191132333138e-20 3.976624834921687793e-21
2.657578907388175867e+04 2.075563084641892446e-20 3.346825465621882699e-21
2.658648720603256515e+04 2.803653944973331619e-20 3.999073238287066726e-21
2.659718531121040360e+04 2.003807764247365464e-20 3.661267330675403927e-21
2.660788338939221649e+04 3.417058488425890664e-20 3.691754735503668134e-21
2.661858144054140212e+04 1.755007807601388139e-20 3.713926797382499385e-21
2.662927946462374894e+04 1.568918791528836810e-20 3.726464104253604871e-21
2.663997746161382020e+04 2.363506880455148956e-20 3.980333788873292448e-21
2.665067543147483229e+04 2.767347648999472739e-20 3.724207950283070938e-21
2.666137337418403331e+04 1.543697508802068318e-20 3.272293866283664981e-21
2.667207128969909172e+04 2.268887437006328652e-20 3.856591248466352316e-21
2.668276917799446892e+04 2.183906311452740409e-20 3.854267785958328418e-21
2.669346703904203969e+04 2.111229290915545770e-20 3.530353349512047118e-21
2.670416487280491856e+04 1.999337004602984343e-20 3.541082026632975414e-21
2.671486267925230277e+04 2.666211637082721061e-20 3.812806293456351572e-21
2.672556045836139310e+04 3.145180067710946941e-20 3.463636397882699434e-21
2.673625821009304855e+04 2.220703685065203903e-20 3.455729998230766026e-21
2.674695593442169047e+04 2.923684716566719510e-20 3.912988617081315778e-21
2.675765363131086997e+04 2.762993377838587759e-20 3.643350372054014302e-21
2.676835130073520850e+04 3.078878456513867983e-20 4.769417092135742161e-21
2.677904894266103656e+04 2.351391718998361087e-20 4.033741633782103095e-21
2.678974655705746045e+04 2.794963731269678986e-20 3.654620636632623174e-21
2.680044414389063968e+04 3.046211450093517087e-20 3.919817423515609965e-21
2.681114170313276190e+04 2.362037530769178278e-20 4.006768435174210167e-21
2.682183923475558186e+04 2.032141946519375203e-20 3.966793673293395149e-21
2.683253673872004219e+04 2.079564327921907295e-20 3.627146713998552198e-21
2.684323421500367112e+04 2.377025659852134870e-20 3.712659805929239692e-21
2.685393166357306836e+04 2.140979889774680002e-20 3.895692628722290054e-21
2.686462908440015235e+04 2.439536506266669078e-20 3.696629877833489004e-21
2.687532647744577844e+04 1.941019473328897354e-20 3.906935644540581015e-21
2.688602384269343020e+04 2.690225685066158389e-20 3.641747378067456124e-21
2.689672118009526457e+04 3.036215900086447056e-20 3.109089800190277790e-21
2.690741848963213488e+04 1.052047249912411162e-20 2.843877599176315747e-21
2.691811577127326746e+04 2.503346236197370643e-20 3.463080849097425060e-21
2.692881302498532386e+04 2.051578024581275121e-20 3.474522583786414364e-21
2.693951025073183700e+04 2.994747224866535081e-20 3.876928424016168379e-21
2.695020744849372932e+04 1.882283481384521862e-20 3.681254876574681693e-21
2.696090461823186342e+04 2.199812181543957703e-20 3.582340136188261191e-21
2.697160175991842698e+04 1.750335199095608966e-20 3.574313899416332475e-21
2.698229887352024889e+04 2.538973347300980310e-20 3.905127568136827713e-21
2.699299595901521025e+04 3.446454799821060135e-20 3.864938397522720325e-21
2.700369301636441378e+04 2.104489113289239662e-20 3.481637741612658612e-21
2.701439004554001804e+04 1.215219701054033223e-20 3.883396200520991646e-21
2.702508704650890286e+04 2.514009534244269368e-20 4.226833933958130300e-21
2.703578401924924765e+04 2.359746036023051320e-20 3.800499614221772788e-21
2.704648096372195141e+04 1.849212553242615474e-20 3.644675027836982713e-21
2.705717787989953285e+04 2.837460053701219079e-20 3.729757516756603613e-21
2.706787476775151299e+04 2.702265691506489198e-20 3.612008857088328113e-21
2.707857162724775480e+04 2.540990788802828364e-20 3.313843227080718647e-21
2.708926845836062421e+04 3.496935209683335662e-20 3.606388702474416561e-21
2.709996526105118755e+04 2.712811708537148459e-20 3.579409398046289078e-21
2.711066203529492486e+04 2.941021300773814727e-20 3.448289213436296955e-21
2.712135878106742530e+04 2.323493851128823085e-20 4.245667732993105525e-21
2.713205549832980250e+04 4.419985658420608346e-21 3.872693128519217422e-21
2.714275218705445877e+04 2.131307592260050497e-20 3.720614498537229968e-21
2.715344884494585858e+04 2.950151338690211221e-20 3.813005952785490426e-21
2.716414526146151911e+04 1.843144412910449944e-20 3.813180583851996010e-21
2.717484160245979729e+04 1.620029258063454585e-20 3.957482319409664789e-21
2.718553791433378501e+04 2.891388849937409720e-20 3.761842264720585647e-21
2.719623419752722839e+04 3.668718276399017906e-20 4.047290973872571103e-21
2.720693045199847984e+04 2.533582657930674682e-20 3.984960290929324292e-21
2.721762667772600616e+04 2.429908074021080923e-20 4.077566813425478663e-21
2.722832287467997230e+04 2.502779586876757419e-20 3.803616199030755646e-21
2.723901904282428222e+04 2.080231419221592109e-20 3.859474135061371838e-21
2.724971518212887895e+04 2.843970157074734408e-20 4.002114049184214750e-21
2.726041129256973363e+04 2.157736903241828318e-20 3.783336982550966172e-21
2.727110737411377704e+04 2.594349909816047153e-20 4.002307443915560445e-21
2.728180342673115592e+04 1.278093974807477894e-20 3.290629718497887943e-21
2.729249945038885562e+04 1.926394359730807874e-20 3.643231549432783898e-21
2.730319544506286911e+04 1.027501125184457808e-20 4.025205961260934735e-21
2.731389141078609828e+04 7.222266924698056824e-21 3.807418248795320461e-21
2.732458735383574822e+04 2.409743398958694183e-20 3.894289776383146475e-21
2.733550361467778202e+04 2.362761851108396735e-20 3.903792118087814274e-21
2.734619950637453076e+04 2.922786350391745549e-20 4.021983049556030953e-21
2.735689536893564582e+04 2.398357941203688524e-20 3.861285092766950820e-21
2.736759120232837449e+04 1.367738235512855978e-20 3.854360487025686872e-21
2.737828700651988402e+04 2.288036900794684450e-20 3.969662978856326689e-21
2.738898278148341706e+04 2.746648538801719087e-20 3.907798545212589277e-21
2.739967852719194343e+04 2.222267102639313640e-20 4.163460588996156899e-21
2.741037424360980003e+04 1.980009530534302876e-20 3.559553178605386061e-21
2.742106993071040779e+04 2.048271557904999693e-20 3.724237583385962170e-21
2.743176558847021442e+04 1.908736278650002551e-20 3.565590249682227477e-21
2.744246121684722311e+04 8.419345998588302142e-21 3.570349333785763469e-21
2.745315681582064644e+04 1.863297407652521710e-20 3.951879870599022225e-21
2.746385238535800090e+04 1.247147800960485410e-20 3.573639184042256709e-21
2.747454792542659925e+04 1.347718144181355311e-20 3.836098813369899083e-21
2.748524343600303473e+04 3.003519112509424821e-20 4.388809351621993093e-21
2.749593891705150963e+04 2.772126740925830801e-20 4.816296717227534963e-21
2.750663436854519387e+04 3.586213635452921072e-20 5.601901435012720030e-21
2.751732979045786851e+04 2.832512634459972740e-20 3.770646143076192878e-21
2.752802518276002957e+04 4.799361102053030783e-20 4.159317904474306047e-21
2.753872054541289253e+04 4.003553671681588662e-20 4.610081816534302384e-21
2.754941587839311978e+04 2.073682424259973662e-20 4.329772301614393093e-21
2.756011118167091990e+04 5.337536296900509862e-20 4.833343357836739723e-21
2.757080645521700353e+04 1.502637589460818469e-19 5.918280467526954035e-21
2.758150169900510809e+04 2.377525043445258927e-19 6.901675693366830721e-21
2.759219691299958868e+04 2.227425667746794633e-19 6.759936449541540525e-21
2.760289209717413905e+04 1.629729494325180423e-19 6.000343627562360394e-21
2.761358725149909151e+04 7.501100115950573442e-20 4.673876466843332752e-21
2.762428237594515667e+04 2.845592208030128276e-20 4.313811183673952887e-21
2.763497747048621750e+04 1.933057470373585766e-20 4.124979090942056510e-21
2.764567253508670910e+04 3.669245074092223057e-20 4.270845522436554279e-21
2.765636756972351577e+04 4.969444044253167035e-20 4.413732398123008523e-21
2.766706257436093074e+04 6.309280797355321843e-20 4.638339547455569250e-21
2.767775754897583465e+04 6.386498364063382867e-20 4.614214149062977773e-21
2.768845249353605686e+04 5.004046740568061151e-20 4.738086049513214663e-21
2.769914740800916479e+04 3.088870363152036248e-20 4.853196692924983785e-21
2.770984229236910323e+04 1.683559965942602841e-20 4.757311121929456495e-21
2.772053714658336685e+04 3.221979516847925201e-20 4.281100264901383941e-21
2.773123197063196130e+04 2.843838072990371495e-20 4.015753784127043693e-21
2.774192676447656777e+04 1.402502285008377133e-20 3.541476328460798041e-21
2.775262152809117833e+04 1.163995911837063387e-20 3.246898084898812378e-21
2.776331626144662732e+04 1.602217643007933744e-20 3.794392190998448194e-21
2.777401096451376725e+04 2.003120940183251391e-20 4.315477308795837061e-21
2.778470563726310138e+04 -1.063177803252685493e-21 3.980538251318188904e-21
2.779540027966905109e+04 2.027766561034119538e-20 4.097204935338890310e-21
2.780609489169621884e+04 1.514702707791967474e-20 4.239059863320724468e-21
2.781678947331867312e+04 2.410159234341792629e-20 3.658015298382888580e-21
2.782748402451058064e+04 1.631027058952544084e-20 3.675079664478701140e-21
2.783817854523628557e+04 2.888879058245851173e-20 4.295868875469138259e-21
2.784887303547007468e+04 1.888835481189888609e-20 4.394771558383238871e-21
2.785956749517670687e+04 2.532615809067004530e-20 4.440177345766500594e-21
2.787026192433990218e+04 1.555635067687938173e-20 4.443516637900124319e-21
2.788095632292436130e+04 3.111394730440943571e-20 4.400125231993081716e-21
2.789165069090101679e+04 2.072313907998166048e-20 4.385191315967391080e-21
2.790234502824713127e+04 2.976781846728216613e-20 4.424313043020991644e-21
2.791303933492135548e+04 3.347108211545452469e-20 4.071530032636486452e-21
2.792373361090113031e+04 2.099490294767657480e-20 4.046874227388504696e-21
2.793442785615760295e+04 2.057383360753517942e-20 4.309955814435106198e-21
2.794512207066190240e+04 3.527500737419493094e-20 4.670272151202372365e-21
2.795581625438488118e+04 2.797983716601452837e-20 3.908518448053971231e-21
2.796651040729472152e+04 4.363156747037641058e-20 4.370363176275898833e-21
2.797720452936909714e+04 3.083052177897073112e-20 4.935848613988169935e-21
2.798789862057282517e+04 3.074354754357580134e-20 4.226032531964060076e-21
2.799859268088352110e+04 2.220823544947977076e-20 3.551298830549691499e-21
2.800928671026910524e+04 2.359880511317105331e-20 3.429208083632763952e-21
2.801998070870067750e+04 2.298110287019839932e-20 3.268998558419821457e-21
2.803067467614981069e+04 6.753908119860818394e-21 4.180944167577292531e-21
2.804136861258774661e+04 2.525647198687128031e-20 4.398426029377248855e-21
2.805206251798583980e+04 2.809242441298903441e-20 4.098274661059806498e-21
2.806275639231536843e+04 2.992412433426646858e-20 4.123733351899823804e-21
2.807345023554742875e+04 2.825627606770924231e-20 4.382037678558656952e-21
2.808414404765354266e+04 2.182412035116430837e-20 4.076378410119281969e-21
2.809483782860196879e+04 2.607123722633655792e-20 3.760112762419273158e-21
2.810553157837053732e+04 4.196247230435512865e-20 3.820763664121167530e-21
2.811622529692420358e+04 3.280491339711157886e-20 4.134754877463314536e-21
2.812691898423757084e+04 2.234144513640074297e-20 3.643989986500313228e-21
2.813761264028503138e+04 2.142072500591756265e-20 3.597499076797394620e-21
2.814830626503514213e+04 4.348220695370175195e-20 3.599426066263627969e-21
2.815899985845936317e+04 2.279107540889794993e-20 3.661843522612163984e-21
2.816969342052919455e+04 1.948660807345216651e-20 3.966896300565849975e-21
2.818038695121290948e+04 1.287833656889314102e-20 4.063877504317213874e-21
2.819108045048834538e+04 2.045972489045212833e-20 4.105060108697981614e-21
2.820177391832374633e+04 2.542294240381162975e-20 4.225035226101466353e-21
2.821246735468765473e+04 2.831328182826184885e-20 4.148848190336695550e-21
2.822316075955808265e+04 4.027419121653398223e-20 4.223521824650867875e-21
2.823385413290341239e+04 5.869966322505387091e-20 4.451420273435544495e-21
2.824454747468875212e+04 5.297681638798051340e-20 4.549228170257164648e-21
2.825524078489522071e+04 4.062531930473321549e-20 4.151549552436901436e-21
2.826593406349455472e+04 3.830110160563322878e-20 3.892847196116938874e-21
2.827662731045529654e+04 2.208186083802318723e-20 3.614400180357842920e-21
2.828732052574912450e+04 3.919641234365960957e-20 4.431900436863363685e-21
2.829801370934770966e+04 5.118704778860825731e-20 4.503058548829150163e-21
2.830870686121949984e+04 3.311265826890384515e-20 4.010299571414961969e-21
2.831939998134243797e+04 2.907453565263217878e-20 3.930534920592100343e-21
2.833009306967869998e+04 1.411875709007682723e-20 3.976441660538399075e-21
2.834078612621314460e+04 1.849510434165370030e-20 3.826502917488376494e-21
2.835147915090774040e+04 1.854229743937666948e-20 3.910951468250716548e-21
2.836217214374083051e+04 8.175861232692166361e-21 3.683391879227615311e-21
2.837286510467763947e+04 8.286984711683877950e-21 3.360419442490217369e-21
2.838355803369295609e+04 1.866224000697994899e-20 3.539513865115631562e-21
2.839425093076215126e+04 5.754626335774384925e-21 3.443522346629716937e-21
2.840494379585385468e+04 1.593741807298231300e-20 3.855639745789879458e-21
2.841563662893990113e+04 8.767286123900071755e-21 4.063623343792148717e-21
2.842632942998890212e+04 2.813837525759442542e-20 3.402645520032424928e-21
2.843702219897601390e+04 2.281630000486471545e-20 3.473459671733586509e-21
2.844771493587611258e+04 2.703533639722247298e-20 3.676584301481105673e-21
2.845840764065486655e+04 2.621759734784489225e-20 3.913827645891289370e-21
2.846910031328420519e+04 1.522658569445900001e-20 4.051515015667682770e-21
2.847979295374596040e+04 2.085251729290249878e-20 3.857083105403260971e-21
2.849048556200224266e+04 1.650712592116711990e-20 3.631061495130914089e-21
2.850117813803162062e+04 2.561332710572595260e-20 3.852011872929447095e-21
2.851187068179590278e+04 1.570525245523304981e-20 3.767980753696781038e-21
2.852256319327726669e+04 2.024524007051714685e-20 3.803010419648547770e-21
2.853325567244446574e+04 1.554573784153104570e-20 3.876355682451349436e-21
2.854394811926956390e+04 2.363894935755742146e-20 3.826838481474536453e-21
2.855464053372791022e+04 2.642637315191297957e-20 3.593132412033692787e-21
2.856533291578830176e+04 1.847798384162619836e-20 3.518105443445661250e-21
2.857602526541597763e+04 1.748422137397559485e-20 3.415428518865897752e-21
2.858671758259308990e+04 3.073428630931803602e-20 4.094010069260569939e-21
2.859740986728856660e+04 2.415084207662838512e-20 3.632554747821848365e-21
2.860810211947455173e+04 2.220375235874702017e-20 3.707410723151360107e-21
2.861879433912650347e+04 1.548419820148223635e-20 3.866139388034580800e-21
2.862948652620996290e+04 2.843318590528818125e-20 4.147254277851694877e-21
2.864017868070027180e+04 2.523042738905444815e-20 3.793259893322577892e-21
2.865087080256961781e+04 2.713075655531383729e-20 3.717754599537438574e-21
2.866156289179039959e+04 2.947723308453927339e-20 3.725700014408347547e-21
2.867225494833481935e+04 1.839354357717275710e-20 3.300537464010334251e-21
2.868294697217514477e+04 1.875432119707621988e-20 3.566599827231758825e-21
2.869363896328028568e+04 1.239925661943213637e-20 3.770192224068868095e-21
2.870433092163249239e+04 2.265602692549809926e-20 3.868318313739652733e-21
2.871502284719047020e+04 1.674570049080426859e-20 3.658160665659398505e-21
2.872571473993682230e+04 1.774924803037447725e-20 3.430190315462597652e-21
2.873640659984385275e+04 2.001592812105390265e-20 4.142094915475924018e-21
2.874709842687389028e+04 1.333181523617105928e-20 3.576327367149364683e-21
2.875779022100929797e+04 1.554907486844371821e-20 3.687165631270093111e-21
2.876848198221909479e+04 2.641656989448435367e-20 4.277038215293215229e-21
2.877917371047546112e+04 2.790526295766751148e-20 4.053571429609287941e-21
2.878986540575087565e+04 1.784840490714500162e-20 3.873267600798907173e-21
2.880055706801788619e+04 2.454469312594384590e-20 4.103583620182214926e-21
2.881124869724219025e+04 2.879624965405232423e-20 3.934677278602615008e-21
2.882194029341299392e+04 1.420503862303256689e-20 4.088167586155655991e-21
2.883263185649268416e+04 3.015085845505017716e-20 4.049701884286308392e-21
2.884332338644695483e+04 1.451927649714894954e-20 4.068786089605642270e-21
2.885401488325480022e+04 1.874107059033900367e-20 4.018229809245839456e-21
2.886470634689235158e+04 2.919857957160199852e-20 4.036722561741733695e-21
2.887539777732873335e+04 2.182731538111457372e-20 3.726945135086840844e-21
2.888608917453650065e+04 3.739516766857905015e-20 3.939703043121491394e-21
2.889678053848816853e+04 2.263125083488975418e-20 3.757320816473159107e-21
2.890747186914955819e+04 1.687108722506744364e-20 3.736506849547764351e-21
2.891816316650991212e+04 2.196798235098135287e-20 3.998595655408843387e-21
2.892885443052837218e+04 2.378740303910439817e-20 4.112654522530672539e-21
2.893954566117427385e+04 1.816636967492980020e-20 3.733947160087903961e-21
2.895023685843376006e+04 1.947112174800078859e-20 3.995013479748687890e-21
2.896092802227606808e+04 1.105393463184378031e-20 3.746922670164262468e-21
2.897161915266370488e+04 1.246827919857076419e-20 3.736507073914242446e-21
2.898231024957605769e+04 3.067461186991280171e-20 3.838141879451821594e-21
2.899300131298896304e+04 1.695819763398260168e-20 3.558297133507812630e-21
2.900369234287188738e+04 2.067951471510706834e-20 3.775648705709142396e-21
2.901438333919421348e+04 2.632011586530835839e-20 3.971535303136096604e-21
2.902507430192863103e+04 2.279071977440281514e-20 3.769069982353287816e-21
2.903576523106143577e+04 1.491872496140679009e-20 3.850433390702390160e-21
2.904645612655179502e+04 1.870439723286690311e-20 3.731774567656024208e-21
2.905714698837246397e+04 2.121975062336739072e-20 3.768537325629330607e-21
2.906783781649931916e+04 1.780468901313466617e-20 3.627025050144649915e-21
2.907852861090540682e+04 2.258655093616974991e-20 3.760411633206010847e-21
2.908921937157034336e+04 1.764483104450106021e-20 3.273327348263938653e-21
2.909991009844991640e+04 2.435012448361732314e-20 3.614281634401029130e-21
2.911060079153396146e+04 1.798247076833896600e-20 3.141300349368207893e-21
2.912129145078851070e+04 1.838052619823694071e-20 3.434724594698840319e-21
2.913198207617961089e+04 1.662547549405328947e-20 3.179687151809875990e-21
2.914267266769344133e+04 1.043387346247083451e-20 3.461011842239166704e-21
2.915336322529294193e+04 2.027037760537207980e-20 3.551520844972888880e-21
2.916405374895785280e+04 1.682042831183222170e-20 3.417201096413668009e-21
2.917474423865422796e+04 1.850298423059809087e-20 3.269525400462880799e-21
2.918543469436182204e+04 2.298543893954664725e-20 3.792543719721933960e-21
2.919612511604671454e+04 2.077956000994141379e-20 3.619641334296133345e-21
2.920681550368187163e+04 2.039549384557488886e-20 3.946269551916790159e-21
2.921750585725368364e+04 1.988289468910029416e-20 3.663330655872781720e-21
2.922819617671133892e+04 2.378318577460637065e-20 3.610687182102197087e-21
2.923888646205531404e+04 2.160111954967889944e-20 3.917789534552376628e-21
2.924957671323458271e+04 2.428205999611091977e-20 4.527084207259417334e-21
2.926026693023929693e+04 2.059326585856219102e-20 3.731606076239910339e-21
2.927095711303220378e+04 1.268633747565804792e-20 3.960855390148791392e-21
2.928164726159320344e+04 2.872698465122454314e-20 3.504517675153735722e-21
2.929233737588831355e+04 2.998645249935940859e-20 3.571688654512683418e-21
2.930302745589233746e+04 2.551098857696813114e-20 3.931496479572214403e-21
2.931394022473703808e+04 2.745513525529425563e-20 3.861946275868265976e-21
2.932463024898472941e+04 1.428457356921239946e-20 3.221713496227673070e-21
2.933532023880200359e+04 1.355422681016605901e-20 3.333186477959633273e-21
2.934601019421376259e+04 1.654618589937912649e-20 3.508761074215917893e-21
2.935670011520644039e+04 2.727556674315913932e-20 3.905526123775201976e-21
2.936739000174322064e+04 2.259882602325211992e-20 3.527280783358679054e-21
2.937807985380372702e+04 2.157796178702468818e-20 3.362219032222999045e-21
2.938876967135127052e+04 2.670353283621559988e-20 3.314198820642154200e-21
2.939945945436902912e+04 2.269087279855621591e-20 3.306863578995951547e-21
2.941014920282358798e+04 2.313268698590621754e-20 3.657869866013649435e-21
2.942083891669807417e+04 2.340881930163539940e-20 3.732276928047284015e-21
2.943152859595580958e+04 1.666324975691976663e-20 3.334080931671909645e-21
2.944221824057329650e+04 2.751770495327065738e-20 3.696766830512743629e-21
2.945290785052373394e+04 2.193044467110933958e-20 3.215915119055851421e-21
2.946359742578039368e+04 2.140376900991071736e-20 3.564216232837082328e-21
2.947428696631331695e+04 1.700914842802558745e-20 3.863261633210460349e-21
2.948497647210579453e+04 1.109197948498157477e-20 3.298526721272974708e-21
2.949566594357651775e+04 1.743619274203936666e-20 3.740207337082567911e-21
2.950635542607093521e+04 2.074574524303878754e-20 3.718719513999784534e-21
2.951704517218848559e+04 1.647138701840890650e-20 3.668244375357195786e-21
2.952773488663456737e+04 2.219688883433659974e-20 3.391798556997829010e-21
2.953842456618652795e+04 1.507687221935482007e-20 3.140308473596637598e-21
2.954911421083465029e+04 1.989332143410009977e-20 3.210007504250829187e-21
2.955980382054562506e+04 2.441915684547079088e-20 3.331582409381004712e-21
2.957049339528943165e+04 2.439640461557716949e-20 3.514675556429140185e-21
2.958118293504611574e+04 2.669155569255583296e-20 3.710537203025694213e-21
2.959187243978586775e+04 2.009847761677964501e-20 3.975675648418738035e-21
2.960256190948540825e+04 1.556666752713833684e-20 3.693313665586233369e-21
2.961325134410801184e+04 1.722355263031761241e-20 3.595015587707706383e-21
2.962394074363377513e+04 2.790720237586777119e-20 3.697780410005648776e-21
2.963463010803966608e+04 2.086507263987332534e-20 3.581199793853879400e-21
2.964531943728914484e+04 1.402475713164026576e-20 3.216819176948047628e-21
2.965600873137589224e+04 2.508909494702871281e-20 3.900933029284237085e-21
2.966669799024965687e+04 2.377846538393845752e-20 3.182853765931372110e-21
2.967738721389744023e+04 2.043941015854810561e-20 3.656088695220106277e-21
2.968807640228607852e+04 1.410563325711154358e-20 3.321453122751054248e-21
2.969876555539253604e+04 1.065468685409138345e-20 3.381636626980410336e-21
2.970945467319704039e+04 3.327294656023876484e-20 4.340374873597871272e-21
2.972014375565962109e+04 4.333575772162963804e-20 3.851508850706209034e-21
2.973083280276063670e+04 1.263047876825159760e-20 3.523590301281936244e-21
2.974152181447711337e+04 2.074822127869909013e-20 3.743939122745463058e-21
2.975221079077575996e+04 2.033376020099086828e-20 3.249433116276335174e-21
2.976289973163700415e+04 1.533143586591236715e-20 3.616165487201532578e-21
2.977358863702772214e+04 1.756117390621948182e-20 3.278337430789117494e-21
2.978427750692832342e+04 1.799418196991147553e-20 3.433739608705523297e-21
2.979496634130554594e+04 1.560172611994348609e-20 3.754567477648640248e-21
2.980565514013655047e+04 1.783104190988278439e-20 3.007389061068192135e-21
2.981634390340186656e+04 2.014323320958481056e-20 3.508297947348303670e-21
2.982703263106142185e+04 1.272907061561169905e-20 3.277751341189331063e-21
2.983772132309224253e+04 2.285069537701900003e-20 3.519793180136284644e-21
2.984840997947500364e+04 1.940956069779936265e-20 3.404997745545808507e-21
2.985909860018684049e+04 1.654479633069915199e-20 3.676202141287980161e-21
2.986978718518439200e+04 2.244414454399336864e-20 3.386613995176618982e-21
2.988047573445836315e+04 2.227323124546580382e-20 3.069476470120446641e-21
2.989116424797229411e+04 1.902102134597260151e-20 2.937394558883723620e-21
2.990185272570335655e+04 2.410766916009028520e-20 3.551306905518830756e-21
2.991254116762542253e+04 2.039759699446698634e-20 3.669175967252594272e-21
2.992322957371567099e+04 2.288225080830921119e-20 3.379093560462283469e-21
2.993391794394091630e+04 7.593203743991965694e-21 3.312902151964077476e-21
2.994460627827845747e+04 1.339473875294551477e-20 3.171749982562539314e-21
2.995529457670560441e+04 1.653732241534233797e-20 3.000000587813071090e-21
2.996598283918924790e+04 2.331353947345590537e-20 3.090085671710617792e-21
2.997667106570320539e+04 2.174088530677085388e-20 3.357474337080385596e-21
2.998735925623508956e+04 2.254277274354869411e-20 3.286019874653612258e-21
2.999804741073818514e+04 2.396661058255054501e-20 3.362400267904197021e-21
3.000873552920000657e+04 2.639715880356376865e-20 3.525157641528322470e-21
3.001942361158769563e+04 2.433627633538747009e-20 3.080240255934636729e-21
3.003011165788193830e+04 1.746026468411428327e-20 3.282389840134479047e-21
3.004079966805674485e+04 9.484520109662381598e-21 3.285148284844268546e-21
3.005148764207907880e+04 1.615972194584697845e-20 3.498845950631860772e-21
3.006217557992629736e+04 2.017746513991338208e-20 3.598500306260786353e-21
3.007286348157233442e+04 2.579913467509195342e-20 3.508242969107615287e-21
3.008355134699456539e+04 1.501728391627448644e-20 3.225332435158854276e-21
3.009423917615658866e+04 5.955939733051812052e-21 3.320729592353169355e-21
3.010492696903938122e+04 1.419950887166745243e-20 3.433563397904523210e-21
3.011561472562736162e+04 1.914596552341282261e-20 3.169973790370532149e-21
3.012630244587702691e+04 1.254142072893885281e-20 2.766120870635906463e-21
3.013699012976581434e+04 1.950732734937930428e-20 3.176369498563049120e-21
3.014767777727486828e+04 3.217560653120082361e-20 3.515252973837121256e-21
3.015836538837819171e+04 1.428565664118748669e-20 3.174079587317719749e-21
3.016905296304271178e+04 2.060780943388504488e-20 3.719353647037509382e-21
3.017974050123904453e+04 2.280929065046009486e-20 3.381799472704021641e-21
3.019042800295872439e+04 1.777523952803134902e-20 3.386489801533197020e-21
3.020111546816193732e+04 2.394422764797278864e-20 3.400766824900498834e-21
3.021180289682269358e+04 1.814159670873809785e-20 3.027035382899127760e-21
3.022249028892546630e+04 1.080394730093307452e-20 3.591098783499266101e-21
3.023317764442701082e+04 8.084419979651465612e-21 3.478660858318622665e-21
3.024386496332234674e+04 7.217537813317151816e-21 3.510799213452330253e-21
3.025455224557162364e+04 1.740992976833047951e-20 3.637004561727034187e-21
3.026523949114208517e+04 1.607852366346561303e-20 3.204529091291118384e-21
3.027592670003912644e+04 1.816195377997201917e-20 3.100800410619576997e-21
3.028661387219866447e+04 1.964431022334567148e-20 3.092216480470960290e-21
3.029730100761916037e+04 2.244046483965026854e-20 3.076941552422521191e-21
3.030798810626789054e+04 1.993365129973719572e-20 3.680803212494973922e-21
3.031867516811215683e+04 1.911796455389505257e-20 3.325171779032463043e-21
3.032936219315042399e+04 2.455918416572647533e-20 3.452118097977729328e-21
3.034004918132198145e+04 2.124624771157711205e-20 3.552177424107711903e-21
3.035073613262197250e+04 1.529885907678631962e-20 3.229326768053942590e-21
3.036142304702477486e+04 1.754953847947759834e-20 3.042699462037388775e-21
3.037210992449756668e+04 2.237089481560717021e-20 3.177499578720621698e-21
3.038279676501799986e+04 1.616473574213128000e-20 3.111684196580343000e-21
3.039348356856399187e+04 2.015712648076274039e-20 3.248808940670299977e-21
3.040417033510621695e+04 1.711140390911854024e-20 3.102533362961499932e-21
3.041485706461196969e+04 1.161010610707390904e-20 3.112649236274458474e-21
3.042554375707314102e+04 1.953271944307570385e-20 3.222991533436292310e-21
3.043623041244985507e+04 2.419689663567823950e-20 3.364010869971453973e-21
3.044691703071286611e+04 1.680018913314755222e-20 3.056607485069356945e-21
3.045760361185068177e+04 1.292705600727972672e-20 3.133795622868397436e-21
3.046829015583061846e+04 8.888254593217374938e-21 3.509227126520987791e-21
3.047897666262343773e+04 2.385063169910291921e-20 3.318371479695691373e-21
3.048966313221047312e+04 2.215049346855937539e-20 3.470577571971342340e-21
3.050034956456253713e+04 1.461342966601226534e-20 3.613284393469242819e-21
3.051103595964348278e+04 1.959270497165075347e-20 3.646301409908061819e-21
3.052172231745246245e+04 1.597017826180676069e-20 3.585594368796647310e-21
3.053240863794617690e+04 2.259876868498874774e-20 3.710911556015771859e-21
3.054309492109538769e+04 2.008160334065051254e-20 3.510671016775962949e-21
3.055378116688869341e+04 2.332169162873546164e-20 3.352154882767364845e-21
3.056446737529695383e+04 8.917394304836846041e-21 3.151431408216364692e-21
3.057515354627687702e+04 1.771325239838512055e-20 3.162803565076466644e-21
3.058583967982411923e+04 2.071478120752200636e-20 3.293996359295982908e-21
3.059652577590627698e+04 7.571246090842912743e-21 3.109351239880599157e-21
3.060721183450462922e+04 1.843937946398487219e-20 3.274221919986451040e-21
3.061789785557593132e+04 3.779612592518481589e-20 3.307931945318736467e-21
3.062858383910542034e+04 2.375049959941259880e-20 3.409584156121505157e-21
3.063926978508177490e+04 3.018445081536496035e-20 3.433747189461115982e-21
3.064995569345100012e+04 2.046153937582472370e-20 3.256955449861233904e-21
3.066064156420174186e+04 1.812462398080760174e-20 3.163547294308836773e-21
3.067132739731565744e+04 1.594163609390266324e-20 2.706242509996858965e-21
3.068201319275316928e+04 2.065060701173528532e-20 3.169278293514891072e-21
3.069269895050290143e+04 1.863706509586513169e-20 3.135669025501354348e-21
3.070338467052529086e+04 1.488910505814206321e-20 2.850547145363780725e-21
3.071407035280907439e+04 1.423491380547704023e-20 2.854534075078518712e-21
3.072475599732157571e+04 2.199515641703564376e-20 3.298305599529931343e-21
3.073544160403021669e+04 9.158792803194788380e-21 3.163124564580547238e-21
3.074612717291673471e+04 2.644789360605735399e-20 3.405834151954246731e-21
3.075681270395592583e+04 2.843057397681028469e-20 3.407039746397144173e-21
3.076749819713657416e+04 2.224744349967795891e-20 3.364840413350133248e-21
3.077818365240461571e+04 2.660303788945159953e-20 3.176978452783370083e-21
3.078886906974875455e+04 2.481195804878244405e-20 3.029262225899563600e-21
3.079955444914399413e+04 1.643319831821956308e-20 3.221470115719916787e-21
3.081023979057915858e+04 1.791896504701183630e-20 3.250296713607743431e-21
3.082092509400019480e+04 2.727196820380041369e-20 3.263789818003051513e-21
3.083161035939592693e+04 2.742899398264322235e-20 3.094554656307356384e-21
3.084229558674123109e+04 1.663244620526537509e-20 3.162488932616399822e-21
3.085298077601784462e+04 2.188033996001979018e-20 3.460056513950310474e-21
3.086366592718620814e+04 1.675769762941620044e-20 3.115304771749283189e-21
3.087435104023521126e+04 3.258051065625353161e-20 3.463801534508554490e-21
3.088503611512528005e+04 2.567666126937813178e-20 2.696612335983523785e-21
3.089572115184184440e+04 1.877263769996984354e-20 3.054684823606809000e-21
3.090640615035607334e+04 1.681381546795418295e-20 3.348464147036160520e-21
3.091709111064254466e+04 1.141099648873526752e-20 3.257037423753883642e-21
3.092777603267242375e+04 1.439697470190103695e-20 3.366465711622405776e-21
3.093846091642405008e+04 1.797494969204231413e-20 2.949539752489674227e-21
3.094914576187231432e+04 1.894897670781168238e-20 2.953520901158439387e-21
3.095983056899917210e+04 2.282539906690843505e-20 3.337945324859759843e-21
3.097051533777201257e+04 2.211170833010684909e-20 3.325067645040145372e-21
3.098120006815113084e+04 1.816983240771728565e-20 3.034509528564067976e-21
3.099188476014022672e+04 1.877256310373454423e-20 3.198172642783086304e-21
3.100256941369258857e+04 2.722582373374984688e-20 3.065240722152479871e-21
3.101325402879365356e+04 2.393987089865798029e-20 3.047894963698962242e-21
3.102393860541116010e+04 1.947745795297497183e-20 3.132851358901601182e-21
3.103462314353065449e+04 2.007441860413302099e-20 3.284095058126651674e-21
3.104530764311249368e+04 2.119079827088321750e-20 3.324508559497395676e-21
3.105599210413860419e+04 2.460448776176740621e-20 3.119754252383435069e-21
3.106667652658404404e+04 2.226260989747056307e-20 2.853895319106030237e-21
3.107736091043085253e+04 2.088571383528823413e-20 2.921832576295204520e-21
3.108804525563930292e+04 2.027773525399155600e-20 2.998393028385865601e-21
3.109872956218793115e+04 1.513215923213858886e-20 3.004598233432678835e-21
3.110941383006613978e+04 1.230931658467834785e-20 2.936823649280084190e-21
3.112009805923059321e+04 1.640045711432197822e-20 2.772277127223007877e-21
3.113078224966339258e+04 1.813768008301881048e-20 3.077294754900569561e-21
3.114146640133958499e+04 2.529890139308468502e-20 3.375512934508891621e-21
3.115215051424124249e+04 1.971480904766014460e-20 3.335490689019875717e-21
3.116283458832509132e+04 1.134615264274116548e-20 2.912961030236004509e-21
3.117351862358062499e+04 1.303617185851286542e-20 3.508868531665441182e-21
3.118420261998647038e+04 1.607494841904346577e-20 3.436898036754614980e-21
3.119488657750276980e+04 1.768227587569034686e-20 3.348917214153185001e-21
3.120557049610453760e+04 2.105286616222342141e-20 3.211323972492585699e-21
3.121625437578507626e+04 1.193320360747256988e-20 3.261399637105960258e-21
3.122693821650836617e+04 1.917162642808861854e-20 3.282933401423147850e-21
3.123762201824208023e+04 1.121529486513823465e-20 3.018981727436861441e-21
3.124830578097938633e+04 1.884622198050391891e-20 3.138302648566683203e-21
3.125898950467705436e+04 1.462873832093746046e-20 2.968275122474874027e-21
3.126967318931714544e+04 1.729805513105736082e-20 2.860611201165851432e-21
3.128035683487125789e+04 1.177255183975702468e-20 3.133056947567169146e-21
3.129104044132889248e+04 1.182892974330321811e-20 2.947148121645798364e-21
3.130172400863950315e+04 1.511128818613677035e-20 2.752531052733172902e-21
3.131240753680004491e+04 1.616838408712911790e-20 2.620928540452479025e-21
3.132309102578203601e+04 1.842861099261298263e-20 2.942431382981616636e-21
3.133377447555666731e+04 1.897016074578209566e-20 3.194881408371750303e-21
3.134445788609161536e+04 2.430864081153930404e-20 3.222299626704750434e-21
3.135514125737289578e+04 2.814610830800621592e-20 3.206409118284958396e-21
3.136582458937206320e+04 1.652750382788236709e-20 3.061754143293089892e-21
3.137650788206778816e+04 1.868858789458849362e-20 3.288754410323969637e-21
3.138719113542776176e+04 1.567681493193119449e-20 2.728612360035623044e-21
3.139787434943066182e+04 1.661151683127700660e-20 3.053270286406956986e-21
3.140855752404796294e+04 1.445226702210772668e-20 2.750684178669375924e-21
3.141924065926213370e+04 1.741179832560405495e-20 3.231445255190203714e-21
3.142992375504454685e+04 1.761446478343996283e-20 3.000325167099809429e-21
3.144060681143309921e+04 2.441740820752461260e-20 2.962569867565113904e-21
3.145151508981427105e+04 1.958005961381859733e-20 3.168386718325685710e-21
3.146219807964361462e+04 1.692146510200179575e-20 3.084673861044907893e-21
3.147288102993258144e+04 1.580244963183030948e-20 3.226368191723896768e-21
3.148356394066391658e+04 1.136053916829208708e-20 3.117718706171245363e-21
3.149424681182419226e+04 1.802709535515770018e-20 3.344596920402226624e-21
3.150492964336186924e+04 2.511163159105191564e-20 4.697252860314023608e-21
