9.799443020761649677e+03 6.904229656918218422e-20 4.542960658050356267e-20
9.805809756636073871e+03 -6.303187548199141294e-20 5.019583468443665197e-20
9.812176502008607713e+03 4.683480863255593357e-20 4.818358359159101853e-20
9.818543256841147013e+03 1.065647637112419570e-19 4.945732545346169317e-20
9.824910021098290599e+03 -4.217547779401472095e-22 5.212340842215278605e-20
9.831276794742279890e+03 -3.820070955870441828e-20 4.902369273353561398e-20
9.837643577736816951e+03 8.320662741662675063e-20 4.769970689219747206e-20
9.844010370044867159e+03 -5.536718304935241692e-20 4.789381386475847831e-20
9.850377171631251258e+03 -5.489915047108032764e-20 4.748194782163010453e-20
9.856743982457232050e+03 -5.602031591963063705e-20 4.452248680551767750e-20
9.863110802487561159e+03 3.653013699348838920e-20 4.215253808835829385e-20
9.869477631684512744e+03 1.323739538171425757e-19 4.391573832951580584e-20
9.875844470012914826e+03 3.466575477455537854e-20 4.743649200610092813e-20
9.882211317435851015e+03 -7.948508460464355134e-21 4.799137688701177146e-20
9.888578173915624575e+03 1.532524215775110437e-19 4.575520809795490569e-20
9.894945039415548308e+03 4.218271368362841505e-20 4.391968905126147823e-20
9.901311913899598949e+03 1.295156970885543601e-19 3.996959621891246542e-20
9.907678797333450348e+03 -6.928483334776759540e-20 4.227963136240839574e-20
9.914045689678034250e+03 1.028869495034366472e-20 4.348540665665778283e-20
9.920412590896572510e+03 -4.773373793067775361e-20 4.110021801933274697e-20
9.926779500953954994e+03 4.520924976355160069e-20 3.819285430021912112e-20
9.933146419814518595e+03 1.990426139921131084e-20 3.892462018214649457e-20
9.939513347439926292e+03 1.007061153893378325e-20 4.139103416673799463e-20
9.945880283795908326e+03 -4.466091811872955359e-20 4.042191634041289076e-20
9.952247228844480560e+03 3.611229090937643219e-20 4.036162147343771123e-20
9.958614182550585610e+03 -6.817043621196565496e-20 3.957177143977126699e-20
9.964981144878416671e+03 -8.104880884791772344e-20 3.950040903590061234e-20
9.971348115789289295e+03 -9.841068642246460824e-20 4.036849527526319613e-20
9.977715095249008300e+03 -2.924882020698269807e-20 4.337221724704460670e-20
9.984082083221052017e+03 4.937462568733187310e-21 4.034183300864030849e-20
9.990449079669178900e+03 1.069660203150719112e-19 4.235320629209245635e-20
9.996816084556881833e+03 -9.000212331482404929e-21 3.976066723207361065e-20
1.000318309784855410e+04 8.775962360547255735e-21 4.174570169308663719e-20
1.000955011950721746e+04 -3.787121416628718603e-21 4.382000273219901925e-20
1.001591714949797642e+04 2.136107447719370489e-20 4.355719413405951546e-20
1.002228418778380365e+04 5.338041404625825513e-20 4.119219492558246365e-20
1.002865123433081681e+04 5.821235213845654282e-20 3.825424607694302665e-20
1.003501828909833239e+04 2.632697663817656064e-20 4.275758815732127758e-20
1.004152617217445004e+04 1.543289205939927654e-19 4.504121389581608103e-20
1.004789325641712821e+04 1.300562255769192314e-19 4.397532895775870436e-20
1.005426034884395813e+04 7.639495774833574210e-20 4.387452511911613539e-20
1.006062744934903640e+04 6.116363707898009055e-20 4.389980670260207159e-20
1.006699455789475724e+04 4.455756468413652710e-20 4.621251646473544992e-20
1.007336167444706552e+04 -1.279087480333241653e-19 4.512518441179012821e-20
1.007972879896805898e+04 -2.886076839237484521e-20 4.232202847324088151e-20
1.008609593142364793e+04 -6.406949973555641874e-20 4.338840011647653272e-20
1.009246307177704693e+04 -3.304727902520477545e-20 4.189916443884792599e-20
1.009883021999403900e+04 -1.475995317109300461e-19 4.387613979156088526e-20
1.010519737603693466e+04 -2.181488885312386719e-20 3.985447859203288834e-20
1.011156453986985980e+04 -5.214650716980146721e-21 4.118162901788859007e-20
1.011793171145860833e+04 -6.761988862683705070e-20 4.053250098739222883e-20
1.012429889076763720e+04 7.189984733885171337e-21 4.000413530044157641e-20
1.013066607775994635e+04 5.720508395608700492e-20 4.011339457485978685e-20
1.013703327232555603e+04 6.093642229575062998e-20 4.023730451749284817e-20
1.014340046785875893e+04 2.065881351226071744e-20 3.796667841220677230e-20
1.014990872864303128e+04 3.274559160534925792e-20 3.830806252381966847e-20
1.015627595917664621e+04 5.512738557279104555e-20 3.931723648139505594e-20
1.016264319721377251e+04 1.001391292203380053e-19 4.246441761884723815e-20
1.016901044271922547e+04 2.457867749061320808e-20 4.022896906115790590e-20
1.017537769565705821e+04 -3.165705753265514774e-20 4.046740452786735345e-20
1.018174495599272450e+04 -3.783299220633096273e-20 3.846896894498192664e-20
1.018811222369061215e+04 3.835186327941475364e-20 3.806603752376665444e-20
1.019447949871599303e+04 -5.465041972291411610e-20 3.688939138386335533e-20
1.020084678103103033e+04 4.617027026538111847e-20 3.948864551934250778e-20
1.020721407060510865e+04 1.237277986457103372e-20 4.363105721333200979e-20
1.021358136739725524e+04 3.528702147018808217e-20 3.506151412511418633e-20
1.021994867137516667e+04 4.175097773448539719e-20 3.830550127070388405e-20
1.022631598250312527e+04 -1.193035456733573846e-19 3.670349266866035726e-20
1.023268330074595906e+04 4.060893831711564255e-21 3.771027504844382287e-20
1.023905062606835963e+04 9.524134120713856281e-20 3.666221804545984086e-20
1.024541795843779437e+04 7.747084794036460071e-20 3.793351613750871465e-20
1.025178529781521684e+04 9.195562936905719241e-21 3.636845843214594326e-20
1.025815264416758691e+04 1.197756631433189765e-20 3.914637688184444492e-20
1.026451999745890134e+04 -3.392766573356483260e-21 4.155346773848619672e-20
1.027088735765415731e+04 3.457878783296529695e-20 3.710962190000216233e-20
1.027725472471869580e+04 7.066771187366394224e-20 3.598089359014393125e-20
1.028362209861691190e+04 2.803457765442291562e-20 3.532766494172149830e-20
1.028998947931521070e+04 5.615309360499081688e-21 3.643291826189800356e-20
1.029635686677672857e+04 -7.171758404993832974e-20 3.759345528373300641e-20
1.030272426096936942e+04 6.687751500468130972e-20 3.880196901885893143e-20
1.030909166185468166e+04 -9.301620813758878649e-22 3.963964737514292541e-20
1.031545906939984889e+04 3.104694171143576211e-20 3.836796884504050808e-20
1.032182648356874051e+04 1.595032018536764064e-19 3.680080189668603726e-20
1.032819390432771615e+04 1.315546804122893809e-19 4.299103943446922870e-20
1.033456133164249331e+04 1.454673082358624871e-20 3.920351270982247150e-20
1.034092876547642845e+04 1.217757222139987194e-19 3.898353653775588092e-20
1.034729620579624498e+04 1.340247388602595653e-19 3.978673696294458696e-20
1.035366365256615609e+04 -5.868938323273221388e-22 3.860315237343556924e-20
1.036003110575088431e+04 7.029220889456456076e-20 3.621680884215782400e-20
1.036639856531870646e+04 6.698778495226385019e-20 4.137830660747982693e-20
1.037276603123114364e+04 4.941357905188693642e-20 3.327442278129672509e-20
1.037913350345548133e+04 3.816473330212930329e-20 3.823504805548350784e-20
1.038550098195732789e+04 6.085426490776354853e-20 3.595629476426078847e-20
1.039186846670141676e+04 -5.728264127690173244e-20 3.478914163135279026e-20
1.039823595765377650e+04 2.676114752256357235e-20 3.764751973477880308e-20
1.040460345477917690e+04 6.399852935288533888e-20 3.495579267201070610e-20
1.041097095804302626e+04 1.106750885784342138e-19 3.711532064412097166e-20
1.041733846741121306e+04 6.119738824722369061e-20 3.628593588703445940e-20
1.042370598284984044e+04 4.221075504231530751e-20 3.563780769451049597e-20
1.043007350432277417e+04 -1.767974900486322091e-20 3.585543107867637035e-20
1.043644103179691410e+04 6.081184861208140802e-20 3.907805603646090943e-20
1.044280856523789043e+04 2.221587145284027054e-20 3.631660009036122365e-20
1.044917610461002369e+04 1.238589080144417791e-20 3.631346451802596085e-20
1.045554364988016096e+04 7.241553370125189520e-22 3.630942918915902662e-20
1.046191120101328670e+04 4.279766018143472309e-20 3.449628440289924440e-20
1.046827875797593333e+04 6.301710041017933092e-20 3.488960973392024257e-20
1.047464632073284520e+04 3.158811955227260134e-20 3.565380897750464201e-20
1.048101388925028186e+04 2.665996257217169144e-20 3.675529320034176000e-20
1.048738146349307863e+04 5.815617112856657384e-20 3.396226338876222088e-20
1.049374904342822629e+04 -2.415925548429553870e-20 3.232894683391601640e-20
1.050011662902173885e+04 -5.596638015250566542e-21 3.343918248703809980e-20
1.050648422023755666e+04 -1.390297710685881288e-20 3.330343202696313929e-20
1.051285181704292154e+04 6.336286208133103591e-20 3.521731744354765003e-20
1.051921941940348916e+04 -3.115788335400729714e-20 3.488917293282077043e-20
1.052558702728581738e+04 5.746187508241936340e-20 3.277356847936718478e-20
1.053195464065470514e+04 1.272061641535484322e-19 3.414255041199294199e-20
1.053832225947634652e+04 1.033226311834320994e-21 3.207409761168706929e-20
1.054468988371672822e+04 -1.264989315147656763e-19 3.289781035201487046e-20
1.055105751334218803e+04 -4.346829180436049407e-20 3.200500256935636198e-20
1.055756701134980904e+04 2.403220997847471075e-20 3.476942735556451516e-20
1.056393465796643432e+04 -6.979836660759886730e-21 3.294352541831787104e-20
1.057030231644784908e+04 -9.529957097353661594e-21 3.242795547807831945e-20
1.057666998025164503e+04 7.501475674882276214e-20 3.181084898328113207e-20
1.058303764926748590e+04 -7.827673540921025508e-20 3.009810405094417560e-20
1.058940532346138025e+04 1.237817731147646055e-20 3.221911825918956113e-20
1.059577300280026975e+04 2.647116858020694607e-20 3.216824680571049249e-20
1.060214068725042307e+04 -1.015124966442046070e-19 3.046678431318930008e-20
1.060850837677748859e+04 5.416033138801992220e-20 3.100024080126104998e-20
1.061487607134839345e+04 2.979089436689477951e-20 3.394388392809782999e-20
1.062124377092822579e+04 -7.871671478283268711e-20 3.180503423694249517e-20
1.062761147548338522e+04 3.491313914219353536e-21 3.068842074602804874e-20
1.063397918498122090e+04 5.430424115765260507e-20 3.247174681759411071e-20
1.064034689938786505e+04 -3.753284150536264695e-20 3.393820414133458638e-20
1.064671461866892059e+04 9.603763696388615284e-20 3.439627319546604885e-20
1.065308234279076896e+04 -9.355137384926224920e-22 3.301809605790336993e-20
1.065945007164373237e+04 8.134322621515709093e-20 3.232044526134500613e-20
1.066581779868185731e+04 1.318088668743940442e-19 3.271235728202588716e-20
1.067232763345373314e+04 7.779459763544322996e-20 3.328919371675157011e-20
1.067869538954143718e+04 -1.093834973047759927e-20 3.243612016282529652e-20
1.068506315029891448e+04 2.864108683336399060e-20 3.117793783046687466e-20
1.069143091571105469e+04 1.141255406169437679e-19 3.272790753919743760e-20
1.069779873814375060e+04 7.342628351062748162e-20 3.477680192114778335e-20
1.070416680279978209e+04 -2.403928913946284165e-20 3.391747704899750166e-20
1.071053487199300980e+04 -5.642929476069037415e-20 3.080607049376037426e-20
1.071690294568925128e+04 -1.201110693624100019e-20 3.128395930174350246e-20
1.072327102385799844e+04 3.284490603199633627e-20 3.199536440586191131e-20
1.072963910646232580e+04 3.795634386195746594e-20 3.335168023848243491e-20
1.073600719347042468e+04 8.305002622089869253e-21 3.027946528453464831e-20
1.074237528484976974e+04 4.338530711804557938e-21 3.018483678459339286e-20
1.074874338056615488e+04 5.633099684356417609e-20 3.125535462212761479e-20
1.075511148058680737e+04 7.170157914227576016e-20 3.294773934542654017e-20
1.076147958487740470e+04 1.646406931763754092e-20 3.027886247685330178e-20
1.076784769340537241e+04 5.694937337728957844e-20 2.923698841373290796e-20
1.077421580613873448e+04 2.763766072896292965e-20 3.232851403403077151e-20
1.078058392304213885e+04 6.010266473166353711e-20 3.142945192110814993e-20
1.078695204408383324e+04 1.221822413731442629e-19 3.164643769638387787e-20
1.079332016923033370e+04 1.238686076951219882e-19 2.829845986148593092e-20
1.079968829844876200e+04 1.152068133914610845e-19 2.992822892982979798e-20
1.080605643170536860e+04 1.039684536485456180e-19 2.894307653453283747e-20
1.081242456896721524e+04 5.821499637866911259e-20 3.024664687404190187e-20
1.081879271020226588e+04 -1.898730435557034098e-20 3.103895473709069432e-20
1.082516085537639628e+04 1.014939250846593531e-21 3.212238103611423957e-20
1.083152900445722844e+04 4.797173389325501275e-20 3.506400803218816312e-20
1.083789715741113650e+04 6.002137933496269062e-20 3.279310918406150487e-20
1.084426531420530409e+04 4.373597337532347435e-20 3.178105049007975867e-20
1.085063347480776793e+04 3.533146737087945432e-20 3.158024606888666951e-20
1.085700163918418002e+04 9.353634336518912047e-20 2.964763114746949316e-20
1.086336980730301912e+04 1.188633999758940968e-19 3.098013560340958048e-20
1.086973797913105955e+04 6.178135819511735103e-20 3.037768068990011623e-20
1.087610615463429349e+04 5.792059655885947271e-20 3.098578359917619898e-20
1.088247433378112873e+04 5.610484557465657061e-20 3.039344514697369015e-20
1.088884251653806677e+04 3.508511649849866964e-20 2.887760306914028167e-20
1.089521070287336624e+04 3.156355963564091880e-20 2.781062474002576752e-20
1.090157889275349589e+04 2.754895994875918939e-20 3.093402038807507089e-20
1.090794708614541560e+04 1.660481179096336717e-20 2.709837842859609396e-20
1.091431528301715116e+04 1.842858350895950569e-20 2.781758229952168447e-20
1.092068348333566610e+04 7.540699708502592218e-20 2.818869208185373507e-20
1.092705168706841687e+04 1.401145693526222509e-19 3.428756438825168324e-20
1.093341989418284538e+04 6.859386621723720890e-20 3.487966069286237737e-20
1.093978810464592243e+04 1.501366327926860838e-20 2.921260832132570307e-20
1.094615631842586663e+04 -4.921794418440096454e-21 2.780289316424031819e-20
1.095252453548920494e+04 6.129980364176419194e-20 2.777463275097368822e-20
1.095889275580419053e+04 2.113672141495110164e-20 2.890043821412149186e-20
1.096526097933762321e+04 7.287331893977729175e-20 3.221455368287663959e-20
1.097162920605743602e+04 4.708199110117798403e-20 2.885550089358031865e-20
1.097799743593051062e+04 -4.337032245389678653e-20 2.663107786993285848e-20
1.098436566892513110e+04 8.483751376166505794e-20 2.785178890607981876e-20
1.099073390500901769e+04 2.930375881547387856e-20 2.887030940690344691e-20
1.099710214414873553e+04 5.760138667438696346e-20 3.008434678274167306e-20
1.100347038631281248e+04 7.197576142993375519e-20 3.158237024601107073e-20
1.100983863146880503e+04 1.191159905707586909e-19 3.012777918023295011e-20
1.101620687958405324e+04 6.890844047014378395e-20 3.113854857265006292e-20
1.102257513062663929e+04 2.756121829846963634e-20 2.848732140968118058e-20
1.102894338456333207e+04 5.564830259973840228e-20 2.870333029845265367e-20
1.103531164136315238e+04 1.239269544002419046e-19 3.216393926105281400e-20
1.104167990099298004e+04 4.885912989936043997e-20 2.917474028228353953e-20
1.104804816342093181e+04 6.241359997264759286e-20 3.151518751244139203e-20
1.105441642861456603e+04 1.334759531045347459e-20 2.855315098052179873e-20
1.106078469654172841e+04 5.569432270783518826e-20 2.674949793089732998e-20
1.106715296717025376e+04 7.578492962269543368e-20 2.929896564727023283e-20
1.107352124046826793e+04 3.438600087221756273e-20 2.744362999329822211e-20
1.107988951640378036e+04 9.013578729183565069e-20 2.982296169182376872e-20
1.108625779494429662e+04 1.345175305972790372e-19 3.006150428338051978e-20
1.109262607605781704e+04 8.137316780488655068e-20 2.701377539455241078e-20
1.109899435971257299e+04 4.642014842299511506e-20 2.779145447993851969e-20
1.110536264587569167e+04 6.893552622800233699e-20 2.843241083970636462e-20
1.111173093451664136e+04 6.388374449475483619e-20 2.832571725110254762e-20
1.111824219610848922e+04 1.215515194742577860e-19 2.849340381835541695e-20
1.112461050228774184e+04 5.975438414464809659e-20 2.779143907670239697e-20
1.113097881091963791e+04 6.107042570838448034e-20 2.981737538822751380e-20
1.113734712189766287e+04 6.350032759739186274e-20 2.697818536237545169e-20
1.114371543519097577e+04 6.368105487972839244e-20 2.636871411430866963e-20
1.115008375076662196e+04 5.338747059647403147e-20 2.890570066354861021e-20
1.115645206859372047e+04 1.370257034726217772e-19 2.986516588142477488e-20
1.116282038864043534e+04 6.965299353668303968e-20 3.151532055721282988e-20
1.116918871087415391e+04 1.248670907188630033e-20 2.813867074402172119e-20
1.117555703526338402e+04 3.466544063936785758e-21 2.780263668662070660e-20
1.118192536177692455e+04 2.077488581550201428e-20 2.603534878839649588e-20
1.118829369038258847e+04 3.032794130321721179e-20 2.537066258472164682e-20
1.119466202104870717e+04 -9.731942192754738136e-21 2.795498292568218906e-20
1.120103035374359752e+04 -1.290922667273874643e-20 2.723278185720468313e-20
1.120739868843552722e+04 1.870491012377543188e-20 2.369773675081170576e-20
1.121376702509290408e+04 4.240792594978359133e-20 2.567814963151382978e-20
1.122013536360750004e+04 -1.484219943211331633e-20 2.481406196016606835e-20
1.122650369754303938e+04 -8.264527539984578155e-21 2.671006675755371571e-20
1.123301524615844210e+04 1.913489819364439332e-20 2.688836908953767582e-20
1.123938360307107541e+04 2.507322577958040908e-20 2.623219862904318601e-20
1.124575196178935948e+04 2.809908440466023034e-20 2.686624872722899199e-20
1.125212032228091448e+04 2.808678523820593806e-20 2.640284377448201189e-20
1.125848868451478302e+04 4.155508719238783145e-20 2.674408932069811228e-20
1.126485704845901819e+04 4.084594221911059555e-20 2.811269274965358312e-20
1.127122541408270263e+04 1.159340190100257167e-20 2.838475252609771674e-20
1.127759378135389670e+04 1.190920623476812629e-19 2.641482745156399648e-20
1.128396215024133926e+04 5.901892066330406799e-20 2.458110302616173688e-20
1.129033052071428756e+04 1.287705464564471275e-19 2.783577321493663829e-20
1.129669889274019624e+04 7.194596973926490493e-20 2.741480127279310223e-20
1.130306726628867546e+04 1.209331747082156809e-19 2.615817663912007808e-20
1.130943564132804931e+04 5.306560674739888469e-20 2.609053901582676326e-20
1.131580401782717308e+04 1.019818047040078800e-20 2.355430835952199569e-20
1.132217239575486201e+04 -2.629721976927380226e-20 2.527666471104228636e-20
1.132854077507921829e+04 6.916634480201492754e-20 2.548895232478231452e-20
1.133490915576992302e+04 7.878790837939794077e-20 2.557125802200303620e-20
1.134127753779481463e+04 9.477502739548240153e-20 2.458644170671994886e-20
1.134764592112370519e+04 1.126748338465462476e-19 2.536215653264833379e-20
1.135401430572464415e+04 6.151044458819527924e-20 2.524021885929851754e-20
1.136038269156692877e+04 -8.436472664781915531e-21 2.403793231594565188e-20
1.136675107861917058e+04 5.724112724025564828e-20 2.826336638268905185e-20
1.137311946685064140e+04 6.023285901056467058e-20 2.634241005593939527e-20
1.137948785622995638e+04 7.239950705618931666e-21 2.550846167425570023e-20
1.138585624672594895e+04 -1.242672434755118351e-20 2.513939762174503086e-20
1.139222463830812012e+04 4.273782040874461600e-20 2.538499492567887012e-20
1.139859303094472307e+04 7.148412545798159124e-20 2.418337797290303291e-20
1.140496142460550800e+04 7.185107914309674428e-20 2.660107810335427337e-20
1.141132981925886816e+04 -5.024537680411773618e-20 2.263653955772243030e-20
1.141769821487435911e+04 -3.217819931389509186e-20 2.375652951879996697e-20
1.142406661142064149e+04 -4.804004180112645360e-20 2.516547160094533059e-20
1.143043500886711445e+04 2.764213763846905166e-21 2.417539906224082915e-20
1.143680340718275693e+04 2.421417281013255473e-20 2.369361122473326516e-20
1.144317180633680255e+04 2.934139101446213256e-20 2.463625605967914599e-20
1.144954020629846127e+04 6.547825115960195928e-20 2.576725104171275873e-20
1.145590860703642284e+04 5.310174852952036622e-20 2.521064227826803987e-20
1.146227700852071575e+04 9.499437757117413496e-21 2.598653132021769003e-20
1.146864541071987514e+04 2.265625715468322207e-21 2.316959233692865700e-20
1.147501381360354026e+04 -8.369660140290754939e-21 2.192554002136398851e-20
1.148138221714073006e+04 2.799631368507172692e-20 2.208853144166286466e-20
1.148775062130094193e+04 6.280302196242058474e-20 2.342146453961629112e-20
1.149411902605331125e+04 4.320060856596991897e-20 2.556499639691319662e-20
1.150048743136729172e+04 6.188140253337952374e-20 2.521392134564709715e-20
1.150685583721235162e+04 -4.255890398521138033e-20 2.618102803253485759e-20
1.151322424355742987e+04 5.728465402438626022e-20 2.592718012307782367e-20
1.151959265037250952e+04 9.264134713172568725e-20 2.744411878290692452e-20
1.152596105762641309e+04 -7.705523603180681930e-22 2.466866739584003977e-20
1.153232946528915272e+04 5.098395118889630025e-20 2.539797662190133530e-20
1.153869787332963278e+04 5.124305057805508244e-20 2.353079469835026589e-20
1.154506628171791090e+04 4.883063659762935572e-20 2.312834190796835672e-20
1.155143469042298602e+04 -4.487052868582327730e-21 2.164031969420397708e-20
1.155780309941470659e+04 -1.978128935866198936e-20 2.433244335423748503e-20
1.156417150866252450e+04 -1.268521138853487977e-20 2.414462593396564437e-20
1.157053991813587345e+04 6.163863572347869971e-21 2.548480208518937966e-20
1.157690832780469827e+04 3.596578037910281005e-21 2.372892051003066456e-20
1.158327673763805069e+04 -5.043695561799871432e-20 2.443389953993787229e-20
1.158964514760623570e+04 -4.060633450183066563e-20 2.437591475162624272e-20
1.159601355767817950e+04 -7.154228030664849833e-20 2.515872600097454961e-20
1.160238196782429259e+04 -7.031077009459888822e-21 2.421932521014608875e-20
1.160875037801359031e+04 1.664209737283940790e-20 2.465836684066219992e-20
1.161511878821638675e+04 4.612601392392528380e-20 2.498340071186803752e-20
1.162148719840192098e+04 3.522004051480572011e-20 2.441051009208819377e-20
1.162785560854035430e+04 7.159519999482512186e-20 2.358384372118893773e-20
1.163422401860116224e+04 5.272554146823796138e-20 2.557213964440249522e-20
1.164059242855430421e+04 -8.300386264694993179e-21 2.482731042984044431e-20
1.164696083836963771e+04 5.813077476247053026e-20 2.489281106440421116e-20
1.165332924801678564e+04 -3.073543566351863789e-21 2.463805850382432308e-20
1.165969765746596022e+04 2.090667389294713418e-20 2.434468999361406799e-20
1.166606606668661516e+04 9.274549400322033213e-20 2.365061333051444361e-20
1.167243447564918461e+04 3.128399837638656197e-20 2.231696005560311406e-20
1.167880288432287671e+04 9.742849714520468411e-21 2.398040935454337919e-20
1.168517129267849850e+04 -2.974437475497012318e-21 2.317121505307031809e-20
1.169153970068520357e+04 -2.267844308892042410e-20 2.413284087453338819e-20
1.169790810831370618e+04 -9.639627921021653652e-20 2.271531143281538808e-20
1.170427651553337455e+04 2.000268533342523739e-20 2.387650315913233657e-20
1.171064492231357144e+04 -4.255351251378793341e-20 2.318896803498357474e-20
1.171715746175878667e+04 -1.758680062281840599e-20 2.424784850992795620e-20
1.172352588002129050e+04 -1.353045627409573036e-20 2.362752725359034499e-20
1.172989429782577827e+04 3.904035722866834439e-20 2.367795679804415184e-20
1.173626271506986450e+04 -2.303524467961373836e-20 2.389812656028882474e-20
1.174263113172353769e+04 -2.907309428814042005e-20 2.470928839784711225e-20
1.174899954775694459e+04 3.696441214815676085e-20 2.473943218885600358e-20
1.175536796314037929e+04 2.909115436122319721e-21 2.373465703284623866e-20
1.176173637784374114e+04 -3.704702701389296007e-20 2.155960387227686753e-20
1.176810479183767529e+04 -6.203435201107603248e-20 2.227013958069491453e-20
1.177447320509201927e+04 2.379830904623950046e-20 2.602915279812579994e-20
1.178084161757759284e+04 1.964260568056532921e-20 2.379299461100705817e-20
1.178721002926385700e+04 3.917208372480355540e-20 2.273728113903497129e-20
1.179357844012185524e+04 2.242206698459252336e-20 2.170529465055119735e-20
1.179994685012145965e+04 2.837589280273831679e-20 2.331996938143778854e-20
1.180631525923340450e+04 -2.312233314742755602e-20 2.414030816931077121e-20
1.181268366742747457e+04 1.842265645032326041e-20 2.445615670728335692e-20
1.181905207467493346e+04 -4.191189609986636453e-20 2.136987391747982464e-20
1.182542048094528582e+04 3.712053850925662314e-21 2.404174107234380346e-20
1.183178888613554227e+04 7.534289923260599584e-20 2.264593842979972406e-20
1.183830166097209985e+04 1.273183035460805222e-19 2.241370744737105635e-20
1.184467007661110802e+04 4.378639662924648699e-20 2.463391749385460930e-20
1.185103849115284902e+04 -3.092240722135028441e-20 2.311156692132903526e-20
1.185740690456799712e+04 6.173230200807755804e-21 2.067710479562878921e-20
1.186377531682700464e+04 -1.822142521266718440e-20 2.311264767644650756e-20
1.187014372790031484e+04 -6.232565349912693140e-21 2.217716011308406953e-20
1.187651213775845281e+04 -4.774121038379680995e-20 2.258462485827884588e-20
1.188288054637234018e+04 4.733317907720044102e-20 2.234737877616511055e-20
1.188924895371246203e+04 -6.565520098902184994e-21 2.373805369855261351e-20
1.189561735974913790e+04 3.628002124477254292e-20 2.229594054129567318e-20
1.190198576445353683e+04 3.821372892529038075e-20 2.182681167065278148e-20
1.190835416779575098e+04 2.010409398741277452e-21 2.135714105028650784e-20
1.191472256974700758e+04 4.655232584498271158e-21 2.129031909501729882e-20
1.192109097027753160e+04 -3.333639045523211237e-21 2.150729592420068616e-20
1.192745936935848840e+04 4.757978854172754370e-20 1.999192455307514125e-20
1.193382776696014298e+04 -1.174177451738240346e-20 2.119106637961769353e-20
1.194019616305438831e+04 -6.344216662413069054e-21 2.189919526415259862e-20
1.194656455761056895e+04 1.571410960766357162e-20 2.157238322856231898e-20
1.195293295060071250e+04 -3.314182116614220310e-20 2.125815599051981442e-20
1.195930134199457643e+04 5.904759567328552759e-20 2.156598050442812077e-20
1.196566973176425927e+04 -2.729020614946821070e-20 2.002674034145723633e-20
1.197203811987909830e+04 6.865777763652914076e-20 2.129538181576356643e-20
1.197840650631134849e+04 1.154225442537440305e-19 2.309061851231293922e-20
1.198477489103108928e+04 -1.619225662764840636e-20 2.133912914148266853e-20
1.199114327400990078e+04 -3.403057202312782756e-20 2.194033194672644342e-20
1.199751165521813164e+04 -5.596722815859244543e-20 1.940661879204432861e-20
1.200388003462735469e+04 -1.235748924590694807e-20 2.135325740892339039e-20
1.201024841220817325e+04 4.369239239891656035e-20 1.911481750617638800e-20
1.201661678793199098e+04 -5.122764094698256147e-21 2.176106930355809674e-20
1.202298516176931116e+04 -2.157960342801326776e-20 2.034181276104561752e-20
1.202935353369171753e+04 -1.388883234896871325e-20 2.152830085688353783e-20
1.203572190366942232e+04 1.361054436003422851e-20 2.111472033838715295e-20
1.204209027167454406e+04 -1.106490906203741574e-21 2.018961401586034117e-20
1.204845863767737683e+04 6.249655631667654648e-21 2.039193100952078102e-20
1.205482700165008828e+04 6.208082354297561435e-20 2.103156801680224951e-20
1.206119536356243407e+04 3.687331477889381493e-20 2.181719095800445620e-20
1.206756372338718211e+04 1.504674705703857027e-20 2.239669590983529795e-20
1.207393208109455918e+04 -1.038808119036559878e-20 2.217158444317245925e-20
1.208030043665637459e+04 -6.857184753814148222e-21 2.088943102935975555e-20
1.208666879004287875e+04 4.671639064719687871e-20 2.274001823938188929e-20
1.209303714122631573e+04 3.533143162904954353e-21 2.054499869239618928e-20
1.209940549017719059e+04 4.347519341987622116e-20 1.992253844401360757e-20
1.210577383686736539e+04 1.630793678365539507e-20 2.019496891569007042e-20
1.211214218126781998e+04 -6.549782188519982831e-20 1.989241355894254157e-20
1.211851052335000168e+04 -4.643659839316295534e-20 1.925128207182800655e-20
1.212487886308539782e+04 -2.946946486757632671e-20 2.047857925089235432e-20
1.213124720044548121e+04 2.695446301655314906e-20 2.038680976340605091e-20
1.213761553540181194e+04 3.701359419085355211e-20 2.144879615791659537e-20
1.214398386792519523e+04 2.030455969960411855e-20 2.172909789996692791e-20
1.215035219798720937e+04 3.579534046194216448e-20 2.081228053297344122e-20
1.215672052555988375e+04 1.919153581004506222e-20 2.188855459727278319e-20
1.216308885061439651e+04 1.523211926024866773e-20 2.041253131193494023e-20
1.216945717312206762e+04 4.485619537902715647e-20 2.119630531334502589e-20
1.217582549305384600e+04 -6.447903135210391226e-22 2.090224089602940340e-20
1.218219381038184110e+04 -1.723019535490270063e-20 1.941729190597320167e-20
1.218856212507776399e+04 -8.836656181502148019e-21 1.899211986274217739e-20
1.219493043711406062e+04 3.291362054010515540e-20 1.830471776783546037e-20
1.220129874646097778e+04 4.096788176694062129e-20 2.038458675644399612e-20
1.220766705309048302e+04 1.389079818834246868e-20 2.056456331497068705e-20
1.221403535697435291e+04 6.448427200847929730e-20 2.121516955733918670e-20
1.222040365808440401e+04 1.958566889414509029e-20 2.077277878153312307e-20
1.222677195639187266e+04 4.337896264057664214e-20 2.107879032428944208e-20
1.223314025186891013e+04 1.109823926077455045e-20 1.987067764362000344e-20
1.223950854448648897e+04 1.812165317325965195e-20 2.085694254660251173e-20
1.224587683421628208e+04 2.711162095505265549e-20 2.162420230673810355e-20
1.225224512103117377e+04 7.530929128574805099e-20 2.134382119079621097e-20
1.225861340490295333e+04 3.924219987120280779e-20 2.228186413045975244e-20
1.226498168580257334e+04 1.027119306344078431e-20 2.111643808452713529e-20
1.227134996370213776e+04 1.614619854175921150e-20 2.217492870962177597e-20
1.227771823857346135e+04 1.141320842309653999e-20 2.154112221730175887e-20
1.228408651038874268e+04 4.795819767064303021e-20 1.971637561968822047e-20
1.229045477911917624e+04 4.392505045431534015e-20 2.044761348630285778e-20
1.229682304473737713e+04 2.361304945499230000e-21 2.074744108409111574e-20
1.230319130721450711e+04 5.236950451213186241e-20 2.179333809053423300e-20
1.230955956652296118e+04 4.464646375779136816e-20 1.999179570643086119e-20
1.231592782263331537e+04 1.984633586911524231e-20 1.815840660818897546e-20
1.232229607552008929e+04 3.749286925420138462e-20 2.080150448144619235e-20
1.232866432515400811e+04 4.975464466987889286e-20 2.070507403415765009e-20
1.233503257150707941e+04 -1.115756930773753132e-20 2.061339950798136142e-20
1.234140081455139807e+04 1.006452684327691325e-21 2.064309948305168185e-20
1.234776905425921177e+04 2.088620351096849065e-20 1.935567235394459890e-20
1.235413729060212063e+04 1.355314070048798268e-20 2.101072416694630111e-20
1.236050552355296350e+04 5.027073230100288422e-20 2.038274620459944117e-20
1.236687375308047558e+04 4.740395874917206234e-20 2.133654364390103311e-20
1.237338736370431980e+04 2.679614083828855540e-20 2.205619275808480712e-20
1.237975559851681464e+04 1.212302079821188881e-20 2.041120808605395855e-20
1.238612382989589241e+04 3.715833154969164470e-20 2.042132824748690259e-20
1.239249205774090478e+04 1.623054353385177443e-20 1.974963280080366328e-20
1.239886028202337911e+04 3.455791600027691502e-20 2.011622275132577949e-20
1.240522850271724019e+04 4.071708031410990961e-20 2.149254435564225442e-20
1.241159671979296400e+04 4.451507427425164004e-20 2.091386281368127002e-20
1.241796493322433889e+04 5.115342327224796234e-20 2.091405983875824588e-20
1.242433314298271580e+04 3.993671382706342068e-20 2.143308508194282450e-20
1.243070134903969301e+04 6.017384106417901093e-20 2.182307075536665128e-20
1.243706955136889701e+04 6.870306415600186214e-20 2.081969316887517432e-20
1.244343774994247178e+04 5.345661119975992784e-20 2.102318593630775859e-20
1.244980594473151541e+04 5.038345626351751450e-20 2.156346591140736645e-20
1.245617413570970530e+04 2.738786777718502976e-20 1.999073479835837113e-20
1.246254232284877980e+04 -1.782002682645340921e-20 1.882429727763401362e-20
1.246891050612257641e+04 -1.350685816777388188e-20 1.890993410101648105e-20
1.247527868550213134e+04 3.751095498297321975e-20 2.064130215822494643e-20
1.248164686096091100e+04 7.835655161351315573e-20 2.026597155177749717e-20
1.248801503247008259e+04 9.193831052379635801e-20 2.225982233103407977e-20
1.249438319992769721e+04 3.134004502205696187e-21 1.843061537947571849e-20
1.250075135712085830e+04 7.849208919645610179e-20 1.997864420401431061e-20
1.250726516489895766e+04 4.499855003021481490e-20 1.963097325755496858e-20
1.251363333257089471e+04 4.166155535418358377e-20 1.946582555857494450e-20
1.252000149615471128e+04 -2.163845249689516445e-20 2.013524583953577801e-20
1.252636965562148544e+04 -3.227297542812186507e-20 2.027970589798837102e-20
1.253273781094522565e+04 2.813391757355709434e-20 2.030673432824242458e-20
1.253910596209922005e+04 5.987869828867454997e-20 2.130913683888282857e-20
1.254547410905537618e+04 1.322929240829416055e-20 2.141239949604632256e-20
1.255184225178561064e+04 5.461918618942034981e-20 1.986608375116131039e-20
1.255821039026366452e+04 -1.298566753701969046e-20 2.004290028661906224e-20
1.256457852446126526e+04 1.403477599960212510e-20 2.113925066678075089e-20
1.257094665435160096e+04 1.993479150148248399e-20 2.006687558075122157e-20
1.257731477990776875e+04 4.571889437714093444e-20 2.060071889302164806e-20
1.258368290110186717e+04 9.362746695520772194e-20 2.173941105517740709e-20
1.259005101790721710e+04 3.364576136137657246e-20 2.218767406823385663e-20
1.259641913029449643e+04 5.475556268105099737e-20 2.065409883056636494e-20
1.260278723823978180e+04 9.385196080992796895e-20 2.180993409692038614e-20
1.260915534171528816e+04 9.283313863566342052e-20 2.114098864312477443e-20
1.261552344069228093e+04 6.641159311650657073e-20 2.087008496707535192e-20
1.262189153514489954e+04 7.982040406505865224e-20 2.039894407715046131e-20
1.262825962504506606e+04 4.533419516663358766e-20 1.876025687904889529e-20
1.263462771036679260e+04 1.543408083780685605e-21 1.861404977435141130e-20
1.264099579108220860e+04 1.776327641050844584e-20 1.896804869406143188e-20
1.264736386716475681e+04 2.026841834992786224e-20 2.017512794909095022e-20
1.265373193858677041e+04 3.397164610135189016e-20 1.962063189886973046e-20
1.266010000532146842e+04 4.148957438656944214e-20 1.940322504736052349e-20
1.266646806734162965e+04 8.252519516925069909e-20 2.013428269094983207e-20
1.267283612462087876e+04 7.496225029418294480e-20 2.033208115818817882e-20
1.267920417713221468e+04 6.371171331054899798e-20 2.125580030333159884e-20
1.268557222484771410e+04 7.136318222674393909e-20 2.059803536449057642e-20
1.269194026774201484e+04 4.944198560839738010e-20 1.928522841020283665e-20
1.269830830578743371e+04 2.077049328331799251e-20 1.919651988946027490e-20
1.270467633895708968e+04 9.565066920493931629e-21 1.907358112460322311e-20
1.271104436722349237e+04 3.301360299354075746e-20 1.989929291389551657e-20
1.271741239056197446e+04 2.356524375643960021e-20 1.886274891544375950e-20
1.272378040894242622e+04 3.955084509605480728e-20 1.785769779952714097e-20
1.273014842234004027e+04 2.910438504327009619e-20 1.779468946906788988e-20
1.273651643072777188e+04 5.455726792445493026e-20 1.968215633718358985e-20
1.274288443407859813e+04 2.411208334587325559e-20 1.961548001310283446e-20
1.274925243236617462e+04 1.954799022689562312e-20 1.853970981291158218e-20
1.275562042556271990e+04 4.477200276651464925e-20 1.763746854863684012e-20
1.276198841364268264e+04 5.545085052663242114e-20 1.780446888640714926e-20
1.276835639657950196e+04 1.055516376767644080e-19 1.963316978908634361e-20
1.277472437434552739e+04 6.601725505726138473e-20 2.021747223680970482e-20
1.278109234691540951e+04 7.281765059611927164e-20 1.871667863502346853e-20
1.278746031426135050e+04 1.693814961352500367e-20 1.930524301051762330e-20
1.279382827635671310e+04 5.573144672555547767e-20 1.947856340273489832e-20
1.280019623317599689e+04 1.972196758693040512e-20 1.884837161439299203e-20
1.280656418468993616e+04 -6.122600475246040619e-21 1.742338930427654826e-20
1.281293213087508047e+04 3.108250468258349367e-20 1.746438797030439362e-20
1.281930007170290082e+04 5.316759227653194958e-20 1.767592909347545504e-20
1.282566800714818964e+04 6.368345559973566827e-20 1.780230929789864745e-20
1.283203593718427328e+04 5.095427753897449532e-20 1.794531107324723513e-20
1.283840386178205881e+04 -3.052750209062972605e-21 1.688650703137401240e-20
1.284477178091937822e+04 2.822003522077815884e-20 1.768647686211269089e-20
1.285113969456629820e+04 3.943852900726333602e-20 1.907948786765726757e-20
1.285750760269794409e+04 -4.556552491525681434e-20 1.905032392019524564e-20
1.286387550528770589e+04 -6.711518644989777306e-21 1.998288025342580007e-20
1.287024340230988673e+04 7.282058697997672356e-21 1.870613773958606369e-20
1.287661129373649783e+04 3.008356133221198309e-20 2.097369267531748585e-20
1.288297917954207514e+04 6.163052729914748814e-20 2.040243905287272387e-20
1.288934705969948664e+04 2.471095764287546555e-20 2.062157560092342321e-20
1.289571493418353020e+04 8.867370164951035662e-20 1.925970104203515436e-20
1.290208280296749399e+04 6.210031657132914644e-20 1.987006023481679855e-20
1.290845066602416227e+04 1.095256768667259417e-19 1.970093098051432671e-20
1.291481852332778908e+04 4.534117732137930049e-20 1.886636218196059650e-20
1.292118637485361432e+04 1.728551164886228005e-21 1.897492762765408211e-20
1.292755422057387659e+04 1.937392539243636938e-21 1.849126768775903075e-20
1.293392206046182400e+04 2.433276046534006236e-20 1.887011524353392739e-20
1.294028989449325672e+04 1.658030114780713030e-20 1.953370823391231867e-20
1.294665772263902181e+04 3.135079466425142787e-20 1.941126351341354585e-20
1.295302554487626912e+04 1.420494657851623412e-20 1.991672634857418373e-20
1.295939336117683706e+04 9.074570583532647843e-21 1.898830776269999327e-20
1.296576117151468316e+04 4.053050272182188924e-22 1.979694293304847921e-20
1.297212897586370673e+04 1.313983168697251636e-20 1.704172766199946417e-20
1.297849677419831096e+04 5.709461887959608268e-20 1.958369898098587054e-20
1.298486456649239699e+04 2.633653909548178936e-20 1.955611174759000880e-20
1.299123235271952581e+04 1.023529700030776054e-20 1.993674305376756523e-20
1.299760013285323475e+04 3.796266601176960982e-20 1.933055560760984128e-20
1.300396790686868371e+04 -6.828972131065668218e-21 1.835507711833908270e-20
1.301033567473901167e+04 3.385790441294032586e-20 1.748927950169309736e-20
1.301670343643870183e+04 1.607110982369069258e-20 1.799150786769869972e-20
1.302307119194050574e+04 -1.937821373716274494e-21 1.869627144772152032e-20
1.302943894122031270e+04 3.017901243284301284e-20 1.853972756524394264e-20
1.303580668425110525e+04 6.780617820672165910e-20 1.955446701647522587e-20
1.304217442101892630e+04 3.128184325608899073e-20 1.976637142691995237e-20
1.304854224186603824e+04 2.577394165623198456e-20 2.027238530046132153e-20
1.305491026624029473e+04 2.254323887660526288e-20 1.945936194971354777e-20
1.306127828426147062e+04 -1.206597097653001196e-20 1.989674179441698830e-20
1.306764629590245022e+04 1.937823065838655254e-20 1.902134242451086686e-20
1.307401430113868992e+04 3.190120227029516932e-20 1.843427797022694110e-20
1.308038229994506219e+04 1.150696625573917854e-20 1.857654869250101828e-20
1.308675029229426764e+04 3.034226304281952482e-20 1.832259877627466113e-20
1.309311827816098412e+04 4.079158648798074125e-20 1.900913069669337169e-20
1.309948625751870350e+04 3.194784752711511419e-20 1.922072214779144649e-20
1.310600099324288203e+04 3.823031996615558419e-20 2.038513236493046179e-20
1.311236897146708907e+04 1.196221611720791864e-21 1.849271723771806108e-20
1.311873694317599620e+04 2.130824774651696839e-20 1.960593134905665396e-20
1.312510490827089779e+04 -3.264826965719802111e-20 1.852457632947661925e-20
1.313147286672819973e+04 2.556334112762093593e-20 1.914280818538086689e-20
1.313784081852036616e+04 6.894221864252220198e-22 1.825043505881404178e-20
1.314420876362150557e+04 -2.407759820613094369e-20 1.773400919003523899e-20
1.315057670200767279e+04 5.134171998507917450e-20 1.802347553649040319e-20
1.315694463365201409e+04 2.601825282704374908e-20 1.815195160146266485e-20
1.316331255852891627e+04 -3.634726980844676762e-21 1.884336665498675599e-20
1.316968047661364290e+04 4.085208173044004585e-20 1.961365342622434318e-20
1.317604838788080633e+04 5.240637113458237046e-20 1.897956304984037272e-20
1.318241629230305625e+04 2.006419413770979714e-20 1.991660648531114892e-20
1.318878418985637109e+04 -4.439826820605907007e-21 1.792546462815396111e-20
1.319515208051516493e+04 1.694194130803832893e-20 1.934114634030063687e-20
1.320151996425334983e+04 4.388337444888902362e-20 1.948411817310133193e-20
1.320788784104595288e+04 4.025037289195432829e-21 1.789273547121734817e-20
1.321425571086787204e+04 -1.073125806860156839e-20 1.807237245801096447e-20
1.322062357369176789e+04 8.542151359687211079e-20 1.906495375991346253e-20
1.322699142949501220e+04 1.981630200260354133e-20 1.816506491367744946e-20
1.323335927824975261e+04 -2.735799805656521181e-20 1.768735848551592654e-20
1.323972711985764909e+04 4.751647105375481927e-20 1.810048246268408153e-20
1.324609494823987734e+04 3.204025691933813188e-20 1.872829241410212250e-20
1.325260982100132242e+04 -1.024554445224758265e-20 1.630802095484330173e-20
1.325897765329763388e+04 -1.863919952863458344e-20 1.696696528896903923e-20
1.326534547841667518e+04 8.193235264393704212e-22 1.879318578592073226e-20
1.327171329633572532e+04 7.001431199722443943e-20 1.968834098811427805e-20
1.327808110702690465e+04 4.167289716283782117e-20 1.978160237560889944e-20
1.328444891046536759e+04 8.538899679652345950e-21 1.907076433441309394e-20
1.329081670662775468e+04 -7.821533057139614001e-22 1.864984824090952590e-20
1.329718449548594617e+04 3.136946338981933514e-20 1.930486207035709877e-20
1.330355227701786862e+04 6.733346639343790036e-20 1.904614853590545367e-20
1.330992005119633541e+04 7.613289057743141028e-21 1.772589158386608186e-20
1.331628781799537319e+04 1.721416662877829576e-20 1.841974738146855830e-20
1.332265557739222641e+04 3.549412425950309185e-20 1.815036112179168891e-20
1.332902332935906270e+04 1.094432532863031124e-22 1.932966372932268262e-20
1.333539107387373042e+04 3.833071857357443828e-20 1.890349253620289020e-20
1.334175881090848088e+04 9.431048068094005704e-21 1.821167397152720367e-20
1.334812654043955263e+04 3.814190048252940000e-21 1.761773631480788299e-20
1.335449426244137430e+04 -8.866028325745916627e-21 1.827366765169004148e-20
1.336086197688987340e+04 -3.907878795026047209e-20 1.749961502267530139e-20
1.336722968375712844e+04 9.248935011255201635e-21 1.740734074824707400e-20
1.337359738302208461e+04 3.187907338373111024e-20 1.739633839492706882e-20
1.337996507465736067e+04 -3.404664329642817766e-20 1.666062624684669992e-20
1.338633275863888230e+04 -2.035470778879449253e-20 1.838904947759378719e-20
1.339270043494134734e+04 4.049306833372502655e-21 1.868258652439634277e-20
1.339906810353820038e+04 2.471908360866848799e-21 1.817653132545111349e-20
1.340543576440720244e+04 6.640574588070199049e-21 1.714007414732905000e-20
1.341180341752019922e+04 2.767660241332469638e-20 1.766825358860124467e-20
1.341817106285612863e+04 3.249070946477556427e-21 1.762407085679560265e-20
1.342453870038762398e+04 3.456389065264668429e-21 1.786484162152945195e-20
1.343090633009108205e+04 -1.729457273724103241e-20 1.806221927109024919e-20
1.343727395193929624e+04 5.437865641788221398e-20 1.880393380904686248e-20
1.344364156591076244e+04 5.424108948180457477e-20 1.710081744747809118e-20
1.345000917197784293e+04 5.719854921133469418e-20 1.898782094746479512e-20
1.345637677011701999e+04 1.815920207450986921e-21 1.888780934237349300e-20
1.346274436030397010e+04 4.352342312737496500e-20 2.394383697350452982e-20
1.346911194251310189e+04 6.226665795630177035e-20 2.131948080755800295e-20
1.347547951671923693e+04 1.151586540568073008e-20 1.696445027308227713e-20
1.348184708289780792e+04 4.453179150792594764e-20 1.724347663161828418e-20
1.348821464102540085e+04 4.287326054989920768e-20 1.828357671397084774e-20
1.349458219107472905e+04 3.287146395816307960e-20 1.783047760425225103e-20
1.350094973302257495e+04 5.271319962879965743e-21 2.251885509159777003e-20
1.350731726684610840e+04 -3.424492665270295748e-20 2.327778150046608356e-20
1.351368479251859026e+04 3.638735466975720124e-20 1.899829575279655775e-20
1.352005231001512948e+04 5.849095118100636452e-20 1.939996717745630826e-20
1.352641981931161536e+04 -2.426908436666911643e-20 1.890884917180248837e-20
1.353278732038409908e+04 9.562220994650368435e-21 2.018741726393919935e-20
1.353915481320602703e+04 7.527462563746576486e-20 1.925092999459692502e-20
1.354552229775538217e+04 6.372566209078537826e-20 1.824152495920356651e-20
1.355188977400573640e+04 -5.072807577775252027e-21 1.898962251685879958e-20
1.355825724193393398e+04 1.728198706835252446e-21 1.905295367419037111e-20
1.356462470151446723e+04 1.747928988683871041e-20 1.781384501197502863e-20
1.357099215272245237e+04 2.294469152049260550e-20 1.789613449117518773e-20
1.357735959553365501e+04 1.769145985378806316e-20 1.755186446613769294e-20
1.358372702992399718e+04 -1.371824279947420230e-21 1.847683801036807125e-20
1.359009445586813854e+04 2.380187166430096827e-20 1.739447412903854252e-20
1.359646187334369097e+04 1.667176531979674621e-20 1.830108935551094564e-20
1.360282928232514678e+04 2.668370082001486561e-20 1.821041833355103358e-20
1.360919668278759127e+04 4.984580202251938186e-20 1.974373025069698501e-20
1.361556407470692648e+04 1.044713381399106994e-20 1.808891593991405722e-20
1.362193145805881795e+04 2.996757147530039004e-20 1.591029794734897575e-20
1.362829883281761067e+04 3.724553286116289934e-20 1.758422510234591817e-20
1.363466619895953772e+04 2.308500843807649601e-20 1.745674734233887537e-20
1.364103355646065756e+04 1.302540002510358260e-20 1.796700898387139481e-20
1.364740090529840745e+04 1.855829810352109628e-20 1.750166609097573248e-20
1.365376824544706869e+04 -3.039631644537022615e-20 1.807574129394660526e-20
1.366013557688178298e+04 1.732227315401621740e-21 1.835153382763287182e-20
1.366650289957887617e+04 8.223629060490470800e-20 2.033055248790340339e-20
1.367287021351297335e+04 -5.260518382244989222e-21 1.843733238460658900e-20
1.367923751866056227e+04 -1.273624870992378416e-20 1.667145639161151526e-20
1.368560481499860907e+04 4.008754395076632316e-20 1.782954127937041684e-20
1.369197210250156786e+04 -1.522335126169393833e-20 1.806281772091502456e-20
1.369833938114481862e+04 -7.044293840730879243e-21 1.793491979986801344e-20
1.370470665090578768e+04 9.901084572380117197e-21 1.764174161548794116e-20
1.371107391175829434e+04 1.672614145556516516e-20 1.831077609358646799e-20
1.371744116367953211e+04 7.134180155156215135e-21 1.782963430875538325e-20
1.372380840664581228e+04 2.025199047635450923e-20 1.805283190115024450e-20
1.373017564063149075e+04 3.971885360841416325e-20 1.780545712121529466e-20
1.373654286561435219e+04 -3.428762757319986093e-21 1.781654473475735006e-20
1.374291008156891257e+04 8.832411567857918885e-21 1.704721477865576743e-20
1.374927728847082653e+04 -1.280985592377067206e-21 1.655489188778726149e-20
1.375564448629751496e+04 1.563473509705784090e-20 1.754379908897233061e-20
1.376201167502393037e+04 6.461367690349745560e-20 1.753960059448575268e-20
1.376837885462557642e+04 1.978793069679888822e-20 1.762508725764157356e-20
1.377474602507971758e+04 7.357960131895397148e-21 1.700658195201616701e-20
1.378111318636181568e+04 2.620843330858406476e-20 1.742327234543393512e-20
1.378748033844623933e+04 9.290407267946528518e-21 1.724404577415547944e-20
1.379384748131195192e+04 -1.139593147515550521e-20 1.692375353347215443e-20
1.380021461493392599e+04 4.585226922912411431e-20 1.816674473272006109e-20
1.380658173928790711e+04 3.642362682526925048e-20 1.819135493162173790e-20
1.381294885434992466e+04 -2.334458547838491493e-20 1.864623731506557711e-20
1.381931596009640998e+04 -6.336074329027005700e-20 1.804725736971245571e-20
1.382568305650214643e+04 -4.170897515871473002e-20 1.632893058505738979e-20
1.383205014354537889e+04 -5.512079242399253192e-20 1.652249746323805457e-20
1.383841722120142003e+04 -2.014412576386219728e-20 1.725477513454022996e-20
1.384478428944504049e+04 -3.734119326300121801e-20 1.720756294715143335e-20
1.385115134825481982e+04 1.508487267089584883e-20 1.761180672436152336e-20
1.385751839760395887e+04 1.727756981988388320e-20 1.684731520739592524e-20
1.386388543747217955e+04 3.537825352829180464e-20 1.579676048764824574e-20
1.387025246783426155e+04 1.745913616910106900e-20 1.672747609525116457e-20
1.387661948866600505e+04 -9.842118486986952887e-21 1.718006333621024555e-20
1.388298649994398147e+04 -3.252598413671707747e-20 1.766575668858175919e-20
1.388935350164455849e+04 1.217122373845535302e-20 1.886387899985125573e-20
1.389572049374347444e+04 9.159458730100755556e-21 1.716863105405214172e-20
1.390208747621585280e+04 2.329208539147512347e-20 1.537534404352056429e-20
1.390845444904137730e+04 -1.284826761657120535e-22 1.838464100456494783e-20
1.391482141219439654e+04 7.391269537139447036e-21 1.802743438306614706e-20
1.392118836565167112e+04 -1.951093820579998460e-20 1.788119160302929738e-20
1.392755530938917946e+04 5.976240232275010640e-22 1.746559062104871835e-20
1.393392224338277629e+04 -5.469893741069197523e-21 1.660709863339342073e-20
1.394043746257895691e+04 3.638397999122655898e-20 1.641699017876694948e-20
1.394680438871690239e+04 1.322499888817906551e-20 1.674377008762617363e-20
1.395317130511113464e+04 -3.721714090009494975e-21 1.698836753157719393e-20
1.395953821166615126e+04 -1.295118208815613427e-20 1.713474921649394193e-20
1.396590510835794521e+04 -1.576507390024343812e-20 1.593821752962670642e-20
1.397227199516353721e+04 -7.547951262259797083e-21 1.907043848488298964e-20
1.397863887205920582e+04 1.115197563387917158e-20 1.783075806497500000e-20
1.398500573902124415e+04 4.868357331427474980e-21 1.740714500566694699e-20
1.399137259602660924e+04 2.543874120059373580e-20 1.801796957809816342e-20
1.399773944305146688e+04 3.098171058447467290e-20 1.754897044135690096e-20
1.400410628007248306e+04 4.358611025675829392e-20 1.679020799804634511e-20
1.401047310706645658e+04 -6.155052719606602494e-21 1.676772389791118969e-20
1.401683992400950592e+04 -3.148547526953702378e-20 1.897537191247451374e-20
1.402320673087859177e+04 3.152979205694263289e-20 1.755311961977772353e-20
1.402957352764945972e+04 2.382881052140017062e-21 1.734887764478758406e-20
1.403594031430011091e+04 -1.209361757631943014e-20 1.624556519119701659e-20
1.404230709080679844e+04 -3.344647637506914365e-20 1.670584314980970179e-20
1.404867385714601369e+04 3.003405293321728085e-20 1.765433331043156788e-20
1.405504061329414435e+04 -4.018386237529859472e-21 1.776543800853368102e-20
1.406140735922835665e+04 -8.701732744435947459e-21 1.685472939249663288e-20
1.406777409492504739e+04 2.635807785689170827e-20 1.834489210762135882e-20
1.407414082036182845e+04 2.868991947056866103e-20 1.722849977119630336e-20
1.408050753551296657e+04 -2.318957910874378723e-20 1.658697928933055361e-20
1.408687424035852382e+04 -1.129053349484555586e-20 1.808125015787225558e-20
1.409324093487270693e+04 1.431088208333923444e-20 1.771439226704139370e-20
1.409960761896098484e+04 2.346317669141295823e-20 1.723442695405884581e-20
1.410612289320120544e+04 2.574323292857124323e-20 1.636598434907873507e-20
1.411248956831141913e+04 2.663858603876856053e-21 1.553605318275111506e-20
1.411885623299576764e+04 3.148925030326651495e-20 1.730505413631103995e-20
1.412522288723059501e+04 2.369242521172415676e-20 1.762584451423107656e-20
1.413158953099618338e+04 -1.058517098528611360e-20 1.619449577948891094e-20
1.413795616426643210e+04 -4.506222332518749400e-21 1.713063407564994100e-20
1.414432278701870746e+04 3.698578544855102900e-21 1.833298513752595541e-20
1.415068939923050311e+04 -4.354319000706220531e-20 1.675148690880492931e-20
1.415705600087853418e+04 -5.690275911919944265e-21 1.801934969158936380e-20
1.416342259194045255e+04 -1.310457547495258193e-21 1.660628169971481672e-20
1.416978917239167095e+04 3.554724823439283087e-20 1.721358045822337008e-20
1.417615574220887720e+04 4.283576820753757116e-20 1.750976834326493168e-20
1.418252230137193510e+04 -1.093483473812338465e-20 1.726732275731314874e-20
1.418888884985519871e+04 -2.969169935493185944e-21 1.742535636153057189e-20
1.419525538763634540e+04 -1.915641248887976646e-20 1.735039962952802234e-20
1.420162191469243953e+04 -1.035644228302682872e-20 1.591658783346388184e-20
1.420798843100077829e+04 2.745341636586717370e-20 1.540953644373688522e-20
1.421435493653802951e+04 -4.760224831356920053e-21 1.633585669596326459e-20
1.422072143128145763e+04 1.369409085955868596e-20 1.538187996872529476e-20
1.422708791520829618e+04 1.407853103187252201e-20 1.597434839069014070e-20
1.423345438829623527e+04 -3.608162797348888328e-20 1.652976582996237333e-20
1.423982085052067487e+04 1.102749280034582469e-20 1.529060157810563726e-20
1.424618730185983441e+04 2.531171894559085481e-20 1.463585738979244055e-20
1.425255374229039262e+04 3.023200641016671508e-20 1.680483796626884310e-20
1.425892017178992137e+04 6.079309802465633775e-20 1.680288383541043143e-20
1.426528659033664553e+04 3.162562298436604514e-20 1.611768380175123091e-20
1.427165299790519384e+04 1.672230528181982592e-20 1.652650026535750446e-20
1.427801939447429686e+04 2.017047283508055494e-20 1.676570352320386781e-20
1.428438578002112990e+04 -2.650923784960930907e-21 1.579005371701814646e-20
1.429075215452447810e+04 -3.234022424338185464e-21 1.593516148328829834e-20
1.429711851795801886e+04 8.297689359191741905e-21 1.536922212143987052e-20
1.430348487030096476e+04 3.313171011110736957e-22 1.604491033954189266e-20
1.430985121153118416e+04 1.031748264028331732e-20 1.505298683680512138e-20
1.431621754162441721e+04 -7.685824770568865533e-21 1.442847489601040868e-20
1.432258386055886695e+04 -9.017271576509342484e-21 1.462907175782674467e-20
1.432895016831146313e+04 -1.238517137603409744e-20 1.561999352798848564e-20
1.433531646486003592e+04 2.549023379990496355e-21 1.500056476877483656e-20
1.434168275018281201e+04 5.076972789493056284e-20 1.696394349490396302e-20
1.434804902425473665e+04 2.742129483939019086e-20 1.572841103134747965e-20
1.435441528705573728e+04 6.383198355147250936e-21 1.594064329313652475e-20
1.436078153856197241e+04 -8.660159759355782409e-21 1.603602277212397651e-20
1.436714777874951324e+04 6.051522186749693893e-21 1.582726333432277266e-20
1.437351400759832723e+04 -3.518443806502849363e-23 1.784649945770912785e-20
1.437988022508351605e+04 -2.112121084125956895e-22 1.704015499776757551e-20
1.438624643118335371e+04 3.585397404029618761e-20 1.561959271094623745e-20
1.439261262587570673e+04 6.269350132017514097e-21 1.528482780808886894e-20
1.439897880913891095e+04 3.770701732717622125e-20 1.489350102859463672e-20
1.440534498094809896e+04 7.103799107135641785e-21 1.511721219222445898e-20
1.441171114128331283e+04 -4.803787821692668449e-22 1.620199653929876172e-20
1.441807729011972879e+04 1.378710197549373824e-20 1.552406380024917239e-20
1.442444342743570996e+04 3.549231018746147486e-20 1.735875309397715112e-20
1.443080955321137299e+04 4.378937379827514801e-20 1.663506554952442828e-20
1.443717566742085000e+04 1.576766035684537107e-20 1.658540074095355455e-20
1.444354177004146186e+04 -1.652547566495645154e-20 1.725235597528708079e-20
1.444990786105228290e+04 3.390259801075517424e-20 1.637743986693930825e-20
1.445627394043074128e+04 6.007507181787227598e-20 1.673831362411380747e-20
1.446264000815636064e+04 4.848535774063545292e-20 1.615450334393360253e-20
1.446900606420282566e+04 6.142636079765089389e-20 1.748006493741382536e-20
1.447537210854982368e+04 3.149054465996072829e-20 1.597412499977410101e-20
1.448173814117467009e+04 5.211416083616705346e-20 1.581231759571874269e-20
1.448810416205659021e+04 1.339202591579233801e-20 1.570119730153361163e-20
1.449447017117095675e+04 1.925332764179816535e-20 1.565289537597275625e-20
1.450083616849838108e+04 -3.827894227866628900e-20 1.546518004036461383e-20
1.450720215401485621e+04 1.216538982462754287e-20 1.692781324805543137e-20
1.451356812769582393e+04 2.163801644299988839e-20 1.687131787318280097e-20
1.451993408952075151e+04 -1.436274596239411337e-20 1.491550414636818422e-20
1.452630003946903707e+04 6.863313770030882385e-20 1.493661362930199110e-20
1.453266597751616973e+04 4.053685746613556776e-20 1.412473279860563652e-20
1.453903190364054535e+04 4.725062347911058827e-20 1.584425383734172832e-20
1.454539781782045975e+04 5.430236443541358623e-20 1.646637286664062667e-20
1.455176372003593679e+04 2.361077691741563299e-20 1.388508588348496805e-20
1.455812961025986260e+04 1.656433601309776939e-20 1.494682965387063500e-20
1.456449548847497135e+04 5.717939167619635627e-20 1.585478678795710001e-20
1.457086135465465668e+04 4.917385799587755021e-20 1.624263398425068738e-20
1.457722720877973006e+04 2.109128713257517718e-20 1.541942664919021606e-20
1.458359305082612991e+04 1.994730241049739982e-20 1.579273464988281705e-20
1.458995888077521522e+04 1.869335540908307203e-20 1.686517172335884410e-20
1.459632469860000674e+04 -8.647848647480583893e-21 1.502302810120082882e-20
1.460269050428316223e+04 2.140762216948737192e-20 1.448708549622651353e-20
1.460905629779821356e+04 2.411070001090469724e-21 1.527404417417584429e-20
1.461542207912506819e+04 -1.167059030684350311e-20 1.564014090802091867e-20
1.462178784824288959e+04 -5.666707674793897904e-22 1.667378523013292788e-20
1.462815360512759798e+04 5.828075328977295551e-20 1.738491910890604515e-20
1.463451934976151279e+04 9.996326748188013046e-21 1.741021959109140964e-20
1.464088508211568842e+04 2.926868591553309848e-20 1.654841103046681582e-20
1.464725080217415962e+04 1.132146366832070330e-20 1.587989624740988500e-20
1.465361650991022543e+04 1.394925928884402782e-20 1.581896208159520261e-20
1.465998220530507751e+04 4.266513890450738457e-20 1.536234291242544978e-20
1.466634788833605307e+04 -1.478686168162947099e-21 1.536319789745784741e-20
1.467271355897998546e+04 3.048338150660713853e-20 1.603868631494459348e-20
1.467907921721680577e+04 1.889993794504391153e-21 1.627041181901418462e-20
1.468544486302281439e+04 -1.506212168642076456e-21 1.552533371429301798e-20
1.469181049637835531e+04 -1.739680891837635164e-20 1.456700113795443316e-20
1.469817611726116593e+04 4.541363846701044114e-20 1.567163210102415516e-20
1.470454172564740838e+04 6.177093645420562143e-20 1.655486312630261234e-20
1.471090732151877637e+04 4.076962501112188974e-20 1.670948275266792418e-20
1.471727290484724108e+04 1.552410888253269788e-20 1.628075932856515077e-20
1.472363847561582952e+04 2.758336800510905928e-20 1.593108782319938145e-20
1.473000403380054922e+04 3.359433320586208886e-20 1.667470511187989483e-20
1.473636957938051273e+04 5.652591974203485563e-21 1.620582396606711517e-20
1.474273511233506724e+04 5.683676847409591179e-21 1.581062115229207499e-20
1.474910063264272685e+04 3.992495100226422197e-20 1.546452401723395965e-20
1.475546614028042131e+04 2.564094167053284932e-20 1.548748939142001124e-20
1.476183163522492760e+04 -4.000064877328739668e-21 1.531997977577514736e-20
1.476819711745492714e+04 -1.907546573901402382e-20 1.552442298888774004e-20
1.477456258695100951e+04 1.016229399871326374e-20 1.598725597839726286e-20
1.478092804368984071e+04 -2.462192340458841562e-20 1.590910059174588060e-20
1.478729348764897804e+04 -5.432208516165180008e-21 1.511558707455093268e-20
1.479365891881268908e+04 2.307717767196853384e-21 1.502609993687745017e-20
1.480002433714944164e+04 1.442219215168232780e-20 1.543100114142012956e-20
1.480638974264493118e+04 1.736948388686738455e-20 1.390600966589010208e-20
1.481275513527286967e+04 1.534915549927425672e-20 1.599545940120122585e-20
1.481912051501499263e+04 5.298438711694970699e-20 1.568861218123384414e-20
1.482548588184720757e+04 6.614245000491612210e-20 1.601722030119564969e-20
1.483185123575181024e+04 3.846160714020627745e-20 1.693813122978563805e-20
1.483821657670472996e+04 2.687231922338267793e-20 1.737854448274611654e-20
1.484458190468400426e+04 5.216234644660115386e-20 1.696845936639570919e-20
1.485094721966609723e+04 1.661636556215537344e-20 1.527795544537722309e-20
1.485731252163306453e+04 4.446324065837972412e-20 1.496152977668728215e-20
1.486367781056175954e+04 4.475228500376562499e-20 1.641040483688345186e-20
1.487004308643338663e+04 2.152232490820879345e-20 1.549244698914743550e-20
1.487640834922166141e+04 4.352018393603904410e-21 1.531301487257147602e-20
1.488277359890605112e+04 -2.002891405935069810e-20 1.428834630877557028e-20
1.488913883546868419e+04 1.434986415539116850e-21 1.497877941215266256e-20
1.489550405888472778e+04 5.099698077282561922e-20 1.616309631441650847e-20
1.490186926913504431e+04 3.877229888142259837e-20 1.552424284018041268e-20
1.490823446619537754e+04 2.868639434431030754e-20 1.558750557649623942e-20
1.491459965004720289e+04 4.159667996739819013e-20 1.549219369192868923e-20
1.492096482066535827e+04 1.724952620950129257e-20 1.452647783801717851e-20
1.492732997803177204e+04 5.648976714492875627e-20 1.533306551142029287e-20
1.493369512212529844e+04 2.752977027371088309e-20 1.540894170137074571e-20
1.494006025292238883e+04 1.042230763303370187e-20 1.558394562761563393e-20
1.494657547568251721e+04 -1.968215729574561535e-20 1.596365533037945800e-20
1.495294059125093190e+04 3.240375884140036288e-20 1.574424353863821935e-20
1.495930569353032297e+04 2.980061238556269372e-20 1.567182248054649329e-20
1.496567078242612661e+04 1.992286370679517929e-20 1.596672787252204228e-20
1.497203585791900514e+04 4.190318986503739500e-20 1.561615589728089000e-20
1.497840091998675416e+04 1.148870921353878631e-20 1.493372757660513777e-20
1.498476596860692553e+04 3.385544024008757021e-20 1.595721242037360091e-20
1.499113100375806061e+04 2.702508732896283605e-20 1.519308038579652247e-20
1.499749602542243701e+04 2.255231711808886806e-20 1.443824067133477408e-20
1.500386103357787397e+04 3.877580671855257895e-20 1.491561706087869705e-20
1.501022602819944404e+04 -5.430228389602045617e-20 1.435913509289016964e-20
1.501659100926912652e+04 -3.727420831994767176e-20 1.490866379562028495e-20
1.502295597676247235e+04 -6.437938850812423347e-21 1.606270603239546055e-20
1.502932093066316156e+04 1.514646538099903539e-20 1.487802808724763549e-20
1.503568587094734175e+04 3.701558907063045764e-20 1.429298471819060764e-20
1.504205079759380715e+04 1.823271154603055987e-20 1.435387244885176954e-20
1.504841571058039153e+04 1.246199962586687823e-20 1.563135369944130493e-20
1.505478060988710240e+04 2.918696283320435603e-20 1.513113962822361436e-20
1.506114549549248477e+04 2.359562399474457066e-20 1.587780801820122699e-20
1.506751036737821414e+04 9.341453907990963245e-21 1.567399390397739358e-20
1.507387522551951588e+04 2.442091673863774952e-20 1.487586623224290162e-20
1.508024006989619738e+04 5.134301797329619004e-20 1.487906015042909890e-20
1.508660490048599786e+04 3.627189674767831571e-20 1.441693314919541725e-20
1.509296971726927040e+04 7.206363401986334918e-20 1.591286579930850091e-20
1.509933452022616439e+04 2.609985375639590446e-20 1.430613644903742373e-20
1.510569930933402793e+04 6.125512023531848337e-20 1.636455942835418355e-20
1.511206408457213911e+04 4.006556539602778210e-20 1.465815601973224215e-20
1.511842884591827897e+04 2.004510113681599517e-20 1.401600013075005618e-20
1.512479359335365734e+04 4.617289359836557830e-21 1.548917303202387806e-20
1.513115832685604073e+04 2.645341505124955981e-21 1.361841436529040483e-20
1.513752304633376480e+04 4.536851442362971215e-21 1.510195298067160660e-20
1.514388774611050940e+04 1.292026430005633268e-20 1.606205642566373797e-20
1.515040291589815570e+04 3.269292407331457833e-21 1.388669085771192167e-20
1.515676760490699417e+04 4.584504648053564906e-20 1.355501617360674430e-20
1.516313227987793834e+04 7.791305914953407460e-21 1.371836091270826174e-20
1.516949694078603716e+04 2.374654891261536877e-20 1.332330915829867634e-20
1.517586158761402112e+04 1.951388503847039566e-21 1.387248157249999013e-20
1.518222622033874359e+04 2.050168329336049784e-20 1.561374019757668998e-20
1.518859083894058131e+04 4.095583902913075786e-20 1.517977291776362812e-20
1.519495544340230117e+04 3.179767538655251680e-20 1.508061675158319588e-20
1.520132003369659469e+04 2.720940848563128208e-20 1.549674182884916546e-20
1.520768460980274904e+04 7.667679995244295967e-20 1.509592719187428424e-20
1.521404917170516455e+04 3.200959476851682241e-20 1.543783774415903730e-20
1.522041371938256634e+04 1.693797465837088304e-20 1.556018579074367990e-20
1.522677825280798425e+04 -8.560165767066254134e-21 1.484077458814799974e-20
1.523314277196455987e+04 4.196496754803574150e-20 1.436921304531298004e-20
1.523950727683261721e+04 2.802946927783371630e-20 1.494877920652612340e-20
1.524587176739127426e+04 2.357754423147959846e-22 1.500735088021377708e-20
1.525223624361738439e+04 7.030496483744778273e-21 1.489408017434419748e-20
1.525860070549148804e+04 3.888337348817523735e-20 1.542078975441187074e-20
1.526496515299119164e+04 2.434392598864862915e-20 1.438040992222030653e-20
1.527132958609857815e+04 3.428926359296344246e-20 1.408092452361588340e-20
1.527769400479441356e+04 2.895280672696450877e-20 1.428902600732344693e-20
1.528405840905126388e+04 3.258093671993002646e-20 1.349341954243357688e-20
1.529042279885199605e+04 5.644483904530756282e-20 1.350251612756462203e-20
1.529678717417771077e+04 3.818191977136599889e-20 1.395842040966333263e-20
1.530315153500636734e+04 3.175275588806909976e-20 1.492459074728654645e-20
1.530951588131714016e+04 3.829943734334897431e-20 1.411945083515674444e-20
1.531588021308921634e+04 -5.386151430865124269e-21 1.513752539630669458e-20
1.532224453030360201e+04 1.968918829642620007e-20 1.338542357225067214e-20
1.532860883293830011e+04 3.582858501812075130e-21 1.370848642798328921e-20
1.533497312096972382e+04 3.035919198943477287e-20 1.452678266987850621e-20
1.534133739438138218e+04 4.659129293215352317e-20 1.374462539290567482e-20
1.534770165315151280e+04 2.444786303386102566e-20 1.420680046917754001e-20
1.535406589726086713e+04 3.506974395395643267e-20 1.480475558066969267e-20
1.536043012668442316e+04 4.524059219098071365e-21 1.397719425217540530e-20
1.536679434140598460e+04 -1.819017404750254275e-20 1.244155406984908765e-20
1.537315854140644478e+04 5.272994361489956452e-21 1.437406308671943802e-20
1.537952272665975761e+04 1.686318173837084509e-20 1.342871157601716561e-20
1.538588689714910834e+04 1.820800690534077291e-20 1.428815248195137684e-20
1.539225105284529309e+04 4.649020814904785818e-20 1.521397101766183961e-20
1.539861516086986921e+04 -1.166287169475511903e-20 1.507326312312599805e-20
1.540497917682825937e+04 1.609430675107621335e-20 1.403658614338516451e-20
1.541134317793742412e+04 2.002172076466564456e-20 1.307450554604665625e-20
1.541770716418405573e+04 2.483851942989552506e-20 1.489192669084709607e-20
1.542407113554083480e+04 7.389616251586048569e-21 1.300941211220038737e-20
1.543043509198846550e+04 3.661881327029897848e-20 1.466953614277814261e-20
1.543679903351060784e+04 2.128195344527466481e-20 1.473687531199753933e-20
1.544316296008292920e+04 8.850632967830670538e-21 1.387438773573380603e-20
1.544952687168778903e+04 1.267709061198386689e-20 1.398496586656575369e-20
1.545589076830173144e+04 1.869751558349880167e-20 1.355196762036844214e-20
1.546225464990723594e+04 5.278216054968472461e-21 1.424775801632784944e-20
1.546861851647992080e+04 -2.478024540929566943e-21 1.399223635660444812e-20
1.547498236800495215e+04 4.377965821470433547e-20 1.425957032098509851e-20
1.548134620445751170e+04 4.758366884969862151e-20 1.411917278337974906e-20
1.548771002582021538e+04 3.186546411014168523e-20 1.430144430901197003e-20
1.549407383207005660e+04 2.839477357110259442e-20 1.510817079514188605e-20
1.550043762318949121e+04 3.331785263940733103e-20 1.511459427800824721e-20
1.550680139915646396e+04 2.872004220937140810e-20 1.478868738851575311e-20
1.551316515994954898e+04 4.284575571124111199e-20 1.554506489715798667e-20
1.551952890554991245e+04 4.248508761935357551e-20 1.405842736810370685e-20
1.552589263593867327e+04 5.207139851045165264e-20 1.433695211717723619e-20
1.553225635109379982e+04 2.644419087670760563e-20 1.497217449386289414e-20
1.553862005099534872e+04 5.225150654151561044e-20 1.371820669160981809e-20
1.554498373562311826e+04 1.318203686082304039e-20 1.348667653996455101e-20
1.555134740495263213e+04 1.730347681306495384e-20 1.364678563771059707e-20
1.555771105897315101e+04 1.354858184527911109e-20 1.391986605665281386e-20
1.556407469765636051e+04 -5.493154845022077322e-21 1.335806126227757164e-20
1.557043832098489656e+04 1.607495007199435679e-20 1.351201293519454394e-20
1.557680192894139873e+04 4.579444110991132735e-20 1.353983569654738881e-20
1.558316552150246753e+04 1.865237111246718111e-19 1.659792958485504183e-20
1.558952909864262074e+04 3.688602645997882850e-19 1.916168323080617835e-20
1.559589266035308174e+04 3.987391537055169630e-19 2.079424856436932645e-20
1.560225620660657660e+04 4.359996669478370630e-19 2.060498775609591494e-20
1.560861973738402412e+04 1.747375257821289796e-19 1.616983777855957184e-20
1.561498325266565917e+04 1.731847933572428459e-20 1.493377687284650779e-20
1.562134675243137826e+04 9.236158964662811081e-21 1.404159153857366051e-20
1.562771023665676694e+04 -6.881312048919346561e-21 1.347951463533699424e-20
1.563407370533141329e+04 -4.992067090548595692e-21 1.184753580082394901e-20
1.564043715842695019e+04 1.409930413392947264e-20 1.384190071217066145e-20
1.564680059592908765e+04 -6.148508464318682298e-21 1.337357830481757354e-20
1.565316401781200875e+04 3.124342744829739602e-20 1.434556181913988715e-20
1.565952742406108155e+04 9.550135058702490993e-21 1.426731851351846922e-20
1.566589081465222444e+04 -1.025164541163517459e-20 1.486147445362178428e-20
1.567225418956546673e+04 -4.284706910229062348e-21 1.392271553956635978e-20
1.567861754878511056e+04 1.651585884905337721e-20 1.342516283301702399e-20
1.568498089228362005e+04 4.082256308645381657e-20 1.320976610716401508e-20
1.569134422005135821e+04 -7.981987724240419070e-21 1.366398297019109568e-20
1.569770753205680376e+04 -2.354391673320594639e-20 1.317259311524456312e-20
1.570407082828870989e+04 9.349309960794846343e-21 1.394535181385978559e-20
1.571043410872540699e+04 1.777210372381907717e-20 1.299388913726429014e-20
1.571679737334266611e+04 2.466558523861905770e-20 1.382019680937998914e-20
1.572316062212653560e+04 2.161209474809605389e-20 1.388759082361916514e-20
1.572952385505122220e+04 4.457656927791286341e-21 1.409590914612743254e-20
1.573588707210249413e+04 1.975919269736789136e-20 1.462567428770654210e-20
1.574225027325453084e+04 4.096691980239886415e-20 1.509390954314645082e-20
1.574861345849205100e+04 5.137923283850376068e-20 1.380784501308470506e-20
1.575497662779222264e+04 4.108753328332303063e-20 1.366483878765135934e-20
1.576133978113947705e+04 1.055971896868912317e-20 1.417568702345825499e-20
1.576770291851080583e+04 3.574100966698985767e-20 1.370573437998401737e-20
1.577406603988222560e+04 4.291247826458057909e-20 1.338171188723576344e-20
1.578042914524421030e+04 -1.981592238051928630e-21 1.398994976062249304e-20
1.578679223456659201e+04 -1.215295042384208009e-20 1.376342334832334505e-20
1.579315530783505346e+04 1.460114107329200256e-20 1.343699594328192027e-20
1.579951836503017694e+04 2.148068730354406625e-20 1.301106108207740812e-20
1.580588140612919597e+04 1.726416491837207425e-20 1.353076536823099749e-20
1.581224443111378059e+04 4.250925030118767450e-20 1.338089143180300827e-20
1.581860743996237761e+04 4.162537901805851997e-20 1.385194009636728148e-20
1.582497043265987486e+04 2.998278136637583456e-20 1.401844618154164522e-20
1.583133340918211979e+04 1.226252216889020736e-20 1.355607045726216827e-20
1.583769636951086613e+04 4.651393794769084727e-20 1.245844103137000503e-20
1.584405931362766023e+04 3.206577404065004889e-20 1.384347880031820557e-20
1.585042224150828588e+04 1.378301016498284972e-20 1.481745883104506339e-20
1.585678515313918069e+04 2.721083632428598576e-20 1.317896551586113771e-20
1.586314804849616667e+04 -4.950065195991350796e-21 1.414691291238942910e-20
1.586951092756246180e+04 4.050428414983595079e-20 1.490165333006842349e-20
1.587587379031510500e+04 6.151106748708577626e-20 1.501007373726559443e-20
1.588223663673623741e+04 3.810335693158598449e-20 1.413546499923893730e-20
1.588859946680921166e+04 2.198027244368449166e-20 1.419375117091939627e-20
1.589496228050682112e+04 3.000382237395128258e-20 1.332555893272377496e-20
1.590132507781666391e+04 1.537309323476562733e-20 1.322667858636435206e-20
1.590768785871476939e+04 -5.325503999588031833e-21 1.196482533684267060e-20
1.591405062318310775e+04 1.231893431401714265e-20 1.352443209616978657e-20
1.592041337120357275e+04 8.556965103180035165e-21 1.379955616243008283e-20
1.592677610275337975e+04 -7.833324166466346711e-22 1.328585983433407730e-20
1.593313881781434065e+04 8.265757127399041900e-21 1.389103323146787886e-20
1.593950151636862756e+04 1.643040428395446703e-20 1.450495598202172218e-20
1.594586419839514383e+04 2.747167288193514755e-20 1.448713259024089368e-20
1.595222686387430440e+04 4.979568581951806981e-20 1.461304230020570034e-20
1.595858951278317181e+04 1.511781620291566166e-20 1.308109626832469467e-20
1.596495214510554433e+04 1.456380789773008656e-20 1.408373602508942045e-20
1.597131476082648442e+04 9.943310391148719257e-21 1.476108710097295869e-20
1.597767735992189773e+04 9.266087282983367358e-21 1.320848652782823858e-20
1.598403994236903782e+04 3.046917497358848880e-20 1.241122142076755110e-20
1.599040250814986575e+04 4.587076118793906040e-20 1.264180149956958689e-20
1.599676505725121933e+04 2.264994982416070680e-20 1.351723149033693836e-20
1.600312758964441309e+04 3.017334774632709448e-20 1.369021538834430329e-20
1.600949010531916792e+04 6.780167857790377510e-21 1.197946792878359252e-20
1.601585260424800072e+04 2.191256805910834696e-20 1.286032963315160477e-20
1.602221508641482433e+04 9.458875446227566492e-21 1.334973151714136432e-20
1.602857755180176355e+04 1.624494475435357725e-20 1.266907794816395033e-20
1.603494000038782360e+04 1.522104142520410502e-20 1.286342095762842906e-20
1.604130243215345945e+04 3.344226800602882052e-20 1.321156332903977563e-20
1.604766484707757991e+04 5.140769114295839611e-21 1.415468944151872725e-20
1.605402724514565853e+04 3.365362664084141733e-20 1.414379198849973150e-20
1.606038962633365009e+04 3.809258237866406015e-20 1.396973657508111392e-20
1.606675199062213869e+04 8.643887432543333584e-22 1.327351384986566905e-20
1.607311433799461702e+04 -4.290872208457708976e-22 1.451705745336677112e-20
1.607947666842873332e+04 2.296575361254557647e-20 1.290410019100900213e-20
1.608583898190679247e+04 -2.524704702300909412e-21 1.236443547574493594e-20
1.609220127841255271e+04 2.406901138356915731e-20 1.371468599571867223e-20
1.609856355792197792e+04 -2.272023731362343531e-20 1.131282998705151269e-20
1.610492582041540845e+04 6.137599440850811134e-21 1.218721192241453049e-20
1.611128806587854888e+04 3.869304317501851008e-20 1.286153514611346785e-20
1.611765029428425078e+04 2.394428342023894244e-20 1.249505300896011640e-20
1.612401250561947381e+04 2.907077507310541952e-20 1.305616469228222739e-20
1.613037469986637188e+04 4.318638032162091244e-20 1.230749505656469098e-20
1.613673687700241862e+04 5.594618012457652548e-21 1.277071989500563389e-20
1.614309903700698669e+04 4.966150447537135032e-21 1.228064661600627479e-20
1.614946117986396894e+04 3.721268348090821249e-21 1.302582473874072702e-20
1.615582330554936016e+04 -8.119801776206638426e-21 1.269749437800838307e-20
1.616218541404684038e+04 4.376288306486628461e-20 1.294794676313346911e-20
1.616854750533885453e+04 4.920285718273991544e-21 1.279947383302743471e-20
1.617490957940630324e+04 6.944774508697701220e-20 1.449362159207073754e-20
1.618127163622520311e+04 8.391004513130410986e-20 1.599144139594399365e-20
1.618763367578268844e+04 1.686966287953243374e-19 1.713453039232256248e-20
1.619399569805452666e+04 6.115463898524465335e-20 1.499226998915719746e-20
1.620035770302490346e+04 1.987470644944200369e-20 1.205217049824242836e-20
1.620671969066994097e+04 1.839271644940178146e-20 1.280416538459262088e-20
1.621308166097364119e+04 1.313639809903536723e-20 1.348115865602658826e-20
1.621944361391841812e+04 2.835987725875127779e-21 1.191786352236441405e-20
1.622580554948480858e+04 -3.230910660448595155e-21 1.312533531981497574e-20
1.623216746764919662e+04 9.176663758233410782e-20 1.322145730853369989e-20
1.623852936839883478e+04 2.443228005143582578e-20 1.411422115891319892e-20
1.624489125171141131e+04 1.513541358673872471e-20 1.368984560599831400e-20
1.625125311756617157e+04 2.487173569383281599e-20 1.361729310448984826e-20
1.625761496594371783e+04 2.805088461357806974e-20 1.290325056502553410e-20
1.626397679682686430e+04 2.035184817909830083e-20 1.320089233766025524e-20
1.627033861020296172e+04 9.100489225555019668e-20 1.424321585675761651e-20
1.627670040604166388e+04 5.827384972705135538e-20 1.256224452942364404e-20
1.628306218432634705e+04 -6.661643279052385178e-21 1.282643031167906545e-20
1.628957641193813288e+04 3.521720385548133275e-20 1.406344749252014124e-20
1.629593816618935853e+04 2.277810378037601953e-20 1.408348701827381201e-20
1.630229990289941998e+04 9.541288651693667563e-21 1.397917443446028542e-20
1.630866162198041820e+04 1.057205552028128614e-20 1.383364228254407973e-20
1.631502332341483634e+04 1.200433774515436290e-20 1.367554430181745623e-20
1.632138500717877832e+04 -3.942231041640491691e-21 1.237779830645378759e-20
1.632774667325965493e+04 9.625379600883879043e-21 1.313718769158790464e-20
1.633410832163543819e+04 -4.911712298826559889e-21 1.229166389713614774e-20
1.634046995228710512e+04 -8.969958981065544603e-22 1.235750741053190524e-20
1.634683156519563818e+04 -7.351740857735151679e-21 1.371200736604887393e-20
1.635319316033871473e+04 9.129884676912571796e-21 1.366042004981294084e-20
1.635955473770378558e+04 4.482219445629917546e-20 1.385013974010368739e-20
1.636591629726572319e+04 2.353017892300362292e-20 1.297378063810698604e-20
1.637227783900874601e+04 2.824397409486400143e-20 1.291184619945915521e-20
1.637863936291872415e+04 2.095852433592906503e-20 1.404458183359054275e-20
1.638500086897327128e+04 1.682777649959148439e-20 1.253163555287301961e-20
1.639136235714562645e+04 -8.626053343563554581e-21 1.308349940469711492e-20
1.639772382742336413e+04 3.169594522470199214e-20 1.370247026186268187e-20
1.640408527979391147e+04 2.216719678733520459e-20 1.354022672576774996e-20
1.641044671422571628e+04 9.365782401416928276e-21 1.176131872407737263e-20
1.641680813070606018e+04 -8.139614276102220940e-21 1.122959701461555890e-20
1.642316952922086784e+04 -1.307162021060893907e-20 1.287067087794580803e-20
1.642953090974510633e+04 1.046465406001905409e-20 1.333620617311169262e-20
1.643589227226143339e+04 -4.334819355581719810e-21 1.401641835728496431e-20
1.644225361675103341e+04 -4.720774298971926423e-21 1.437902426871149341e-20
1.644861494319494886e+04 2.944513420933499883e-20 1.392556370128315873e-20
1.645497625157098810e+04 2.395337490707547115e-20 1.331551752551992327e-20
1.646133754186385704e+04 1.286950305872311151e-20 1.264672836979065895e-20
1.646769881406269633e+04 2.422014253123825133e-20 1.361365221765480518e-20
1.647406006813272688e+04 6.348672440911989842e-21 1.386882849361796685e-20
1.648042130406623619e+04 3.077673669154332012e-21 1.402588480403962030e-20
1.648678252184113808e+04 -2.148001144549248985e-20 1.319251064375802963e-20
1.649314372143876972e+04 3.932609628252133435e-20 1.277774561635844319e-20
1.649950490283882027e+04 -1.739620811925984460e-20 1.344943648511287322e-20
1.650586606602578831e+04 -2.225781567408451338e-20 1.212324249738260480e-20
1.651222721098248076e+04 -5.828673850282593075e-20 1.262737291120531551e-20
1.651858833768033219e+04 -6.844578581782582474e-21 1.207079133252085041e-20
1.652494944611028404e+04 1.769026548956721140e-20 1.235988868460334616e-20
1.653131053625216373e+04 4.094030419724586179e-20 1.293333982305917074e-20
1.653767160808073822e+04 1.021710980458684692e-20 1.383279832884177934e-20
1.654403266158221595e+04 2.212879118364307438e-21 1.278829774884317578e-20
1.655039369674433692e+04 -1.362487277381657696e-20 1.254434967380943765e-20
1.655675471353850298e+04 -2.467493909422169569e-20 1.318879908241927018e-20
1.656311571194778298e+04 1.787261280780410175e-20 1.327873196856484241e-20
1.656947669195680282e+04 2.163365986738269155e-20 1.409563180871937839e-20
1.657583765347650842e+04 1.169938922772849717e-21 1.433069698108717344e-20
1.658219859104550051e+04 -3.927378652089386785e-21 1.277496265857592702e-20
1.658871251298928109e+04 2.204774030658239535e-20 1.389117054585154125e-20
1.659507343033935467e+04 6.503544220113081286e-20 1.401966683995025019e-20
1.660143432919482439e+04 7.337164344565898527e-20 1.383771947613852531e-20
1.660779520953536121e+04 7.704664495066740858e-20 1.435612361960235023e-20
1.661415607134237143e+04 5.483172608571861734e-20 1.403145711903998124e-20
1.662051691459721769e+04 3.203477506806042598e-20 1.376115309354343572e-20
1.662687773928111346e+04 -1.766802278774567976e-20 1.324752414738641434e-20
1.663323854537557418e+04 4.411521717271701444e-21 1.357709900142512984e-20
1.663959933286210799e+04 -5.416729549213628319e-21 1.415024447999793783e-20
1.664596010172555543e+04 -6.659398691683577025e-21 1.470851514498031694e-20
1.665232085194051979e+04 1.617114272530157281e-20 1.298471665653377530e-20
1.665868158348842553e+04 2.934560063636600451e-20 1.343488675065209271e-20
1.666504229635728552e+04 -6.090245565314852239e-21 1.202692239648004533e-20
1.667140299052885530e+04 1.105405774441060626e-20 1.290766102094893358e-20
1.667776366597602100e+04 -1.323089351943980210e-20 1.193578753122369117e-20
1.668412432268883276e+04 -1.775738944430762396e-20 1.264732130231282915e-20
1.669048496064361461e+04 -7.146347052339746099e-21 1.334259446282563272e-20
1.669684557982351907e+04 3.862008870965532091e-20 1.300318109005707540e-20
1.670320618020988695e+04 2.683736951605911270e-20 1.276738040649972352e-20
1.670956676178788985e+04 3.850615399215432604e-20 1.319483842595102722e-20
1.671592732453041390e+04 1.580118528140615099e-21 1.199341109895236389e-20
1.672228786842762202e+04 1.480248454376034634e-20 1.180940946942138174e-20
1.672864839345584551e+04 -7.051880431251176827e-21 1.239524809937763688e-20
1.673500889959824781e+04 6.891834869120071322e-20 1.287567896859888300e-20
1.674136938683630797e+04 3.183467892892969592e-20 1.185040080640244438e-20
1.674772985515522305e+04 -3.153617617258265370e-21 1.298382539312483060e-20
1.675409030452960724e+04 1.384115639679022307e-20 1.285461491608253610e-20
1.676045073494451208e+04 2.589945395829281755e-20 1.268594063871351568e-20
1.676681114638150393e+04 1.194733827017276337e-20 1.253187185084758681e-20
1.677317153882205093e+04 -1.694419861023008288e-21 1.263296240508731934e-20
1.677953191224769762e+04 1.204251573002606092e-20 1.283301289687810140e-20
1.678589226664021771e+04 7.238326553752365556e-21 1.309987804297212969e-20
1.679225260198469550e+04 -9.490499083277934293e-21 1.226037427070121979e-20
1.679861291825926673e+04 7.336571745530233423e-21 1.278332251319488742e-20
1.680497321543856742e+04 3.394826366002629142e-21 1.220859772286311338e-20
1.681133349351808283e+04 2.787548724206371504e-20 1.377939530300828031e-20
1.681769375246892014e+04 3.304624843819671964e-20 1.307194615192050479e-20
1.682405399227638918e+04 2.866238261154093202e-20 1.332287043258736326e-20
1.683041421292564337e+04 1.682017996575520647e-20 1.236175945263208122e-20
1.683677441439133327e+04 -1.626496888856028927e-20 1.170042444529756623e-20
1.684313459665863047e+04 -2.792584850869236638e-20 1.154740304921763106e-20
1.684949475971265929e+04 -1.495305496343038187e-21 1.198183297664331025e-20
1.685585490352971465e+04 9.386327705321794999e-21 1.270080972054200141e-20
1.686221502809342928e+04 1.365933661588844725e-20 1.255948239018433622e-20
1.686857513338375065e+04 -2.225433721504090988e-21 1.300296618542238380e-20
1.687493521938414051e+04 9.880761839624734352e-21 1.327341183764355968e-20
1.688129528607807151e+04 2.453697348597119190e-20 1.384728533891600887e-20
1.688765533344373762e+04 -2.228018158640498451e-21 1.261437229572336758e-20
1.689401536146438229e+04 9.335350542176454174e-23 1.249327358749741293e-20
1.690037537012555185e+04 2.710501208115690174e-20 1.363058766303031361e-20
1.690673535940544025e+04 3.885121953963985020e-21 1.339357047998825208e-20
1.691309532928225235e+04 -1.665121251573695715e-21 1.230066358996793466e-20
1.691945527974484867e+04 3.799753011838700815e-21 1.183392150454699923e-20
1.692581521076789068e+04 1.689896027156339184e-21 1.333153537529237659e-20
1.693217512233650632e+04 1.256250239262079826e-20 1.188973696037473145e-20
1.693853501443616187e+04 2.731196627036579090e-20 1.136941227469816707e-20
1.694489488704160976e+04 2.101384472073073644e-20 1.164159299524812135e-20
1.695125474014352949e+04 -1.856163508974058133e-20 1.119147754856978891e-20
1.695761457370947755e+04 -1.957872980993794688e-20 1.062111045348306693e-20
1.696397438773731847e+04 -3.227127647908496755e-20 1.168026122293412694e-20
1.697033418220166641e+04 -1.466711807478323101e-20 1.208575207675665555e-20
1.697669395708063894e+04 1.499407893783394281e-20 1.331121717036019720e-20
1.698305371236521387e+04 3.841940559916873306e-21 1.274929177330656094e-20
1.698941344802468302e+04 1.558136655373267102e-20 1.243294232336124866e-20
1.699577316405167221e+04 6.529782301509757342e-21 1.202947999568482772e-20
1.700213286042980690e+04 2.290853041126018630e-20 1.191171971745761202e-20
1.700849253712478458e+04 -2.916778049531476999e-22 1.221401947336142905e-20
1.701485219413629966e+04 -1.281677041767161807e-20 1.169120118804667563e-20
1.702121183143549933e+04 -2.701824249038870763e-20 1.214629454661973217e-20
1.702757144901156789e+04 -1.172638229412031486e-21 1.193260348199738008e-20
1.703393104684277932e+04 9.106825914893749877e-21 1.179503272243556351e-20
1.704029062490743308e+04 5.336084429560022645e-21 1.240204739980982731e-20
1.704665018319284354e+04 -2.846979116485726289e-21 1.164726605933494802e-20
1.705300972168091903e+04 1.361499809235671108e-20 1.200600245212984858e-20
1.705936924034791809e+04 -1.557800383322915910e-20 1.183452101769745122e-20
1.706572873918686673e+04 -2.395658805142962609e-21 1.040593335830109547e-20
1.707208821816157069e+04 -1.610131706339470879e-20 1.013311605229800503e-20
1.707844767727209910e+04 -7.567047454852205653e-21 1.260590283453973505e-20
1.708480711649134901e+04 1.690764866210760344e-20 1.202436912030223364e-20
1.709116653580488128e+04 2.369901817641024064e-20 1.300648331510741977e-20
1.709752593519647053e+04 -2.131953276745619876e-20 1.093100693045644374e-20
1.710388531463333493e+04 -2.439366409729037783e-20 1.158799061930696414e-20
1.711024467411584556e+04 3.113623350986584367e-20 1.309248675369783897e-20
1.711660401361690310e+04 1.056486450362310693e-21 1.185497522021587559e-20
1.712296333312578645e+04 7.219346841530878284e-21 1.257027441413960295e-20
1.712932263261535991e+04 1.779629356151012656e-20 1.106519046474049952e-20
1.713568191206395204e+04 -5.248664176783709838e-21 1.153493701385391213e-20
1.714204117146819408e+04 1.214189720742202857e-21 1.149163457017297896e-20
1.714840041080076116e+04 -2.254031649693389417e-20 1.071281368026614614e-20
1.715475963005121957e+04 5.336138489989417503e-20 1.147882092269101153e-20
1.716111882919243362e+04 6.552467489865393228e-20 1.213923690614958969e-20
1.716747800820273187e+04 2.367550031265888589e-20 1.172576659864650659e-20
1.717383716708440988e+04 -1.280233962299284888e-20 1.021741314299589684e-20
1.718019630579373916e+04 2.340950267063892961e-21 1.052411910131986038e-20
1.718655542433672963e+04 -1.528965677802451769e-20 1.106828825844783901e-20
1.719291452268046487e+04 -1.193673993659663206e-21 1.069736513850697698e-20
1.719927360080723520e+04 -1.563568934494990323e-20 1.124598657929398683e-20
1.720563265870834221e+04 -8.354989358349374995e-21 1.141457733964412408e-20
1.721199169635110229e+04 -2.765176039480981767e-20 1.175497909910756455e-20
1.721835071374348263e+04 7.368539260936803076e-21 1.126818599317023108e-20
1.722470971083798213e+04 1.232504800092382962e-20 1.211486063352540178e-20
1.723106868762965678e+04 1.114603496312115834e-20 1.176153504811609272e-20
1.723742764410788004e+04 -9.462690137756822004e-21 1.118269054599467918e-20
1.724378658023628668e+04 -2.046496846227110754e-20 1.073181848874643610e-20
1.725014549602121042e+04 4.930108488270224547e-21 1.143201399499186049e-20
1.725650439142248797e+04 1.464801430572515520e-20 1.214886092144076323e-20
1.726286326643526991e+04 1.337320660388691247e-20 1.133868287014633170e-20
1.726922212103796846e+04 -3.576286735063153538e-21 1.049987835916223749e-20
1.727558095521087307e+04 3.925256066343384686e-21 1.118674969092942299e-20
1.728193976894356456e+04 7.653393711907850537e-21 1.220268139419949223e-20
1.728829856220498550e+04 7.705937863401255746e-21 1.190413724614417388e-20
1.729465733499430280e+04 2.763253373351661440e-20 1.148872122225991362e-20
1.730101608727125858e+04 2.939086528218360938e-21 1.249908635598317858e-20
1.730737481904420929e+04 2.840853301401981043e-20 1.111460942029204752e-20
1.731373353027475605e+04 5.790986695125148657e-21 1.128264302426316142e-20
1.732009222095258883e+04 -1.542215904881300297e-21 1.097143119863150453e-20
1.732645089106176965e+04 1.418334143608113082e-20 1.228331974818944688e-20
1.733280954058254065e+04 2.171916384256758567e-20 1.154951821760881723e-20
1.733916816950272914e+04 -1.065112554359733034e-20 1.143540197392718281e-20
1.734552677778586076e+04 -1.577286893488009994e-20 1.220378621012485108e-20
1.735188536544050658e+04 4.290693094802924222e-21 1.171642879714861337e-20
1.735824393243007216e+04 1.504067408439941274e-20 1.062641738495689321e-20
1.736460247874432025e+04 1.115123671586286843e-20 1.120641298938712058e-20
1.737096100435604967e+04 2.143086189738540402e-20 1.106179482188250907e-20
1.737731950925696947e+04 1.639202211535320623e-22 1.083592644282117707e-20
1.738367799343676234e+04 -6.671997463263679823e-21 1.077299542983239598e-20
1.739003645685881202e+04 2.274804607602417338e-20 1.221628743921723833e-20
1.739639489952439908e+04 -1.605805780302678100e-21 1.085460938229550966e-20
1.740275332139686725e+04 6.519258769527334031e-21 1.079551574900068542e-20
1.740911172247743161e+04 1.738796211794203186e-20 1.220215572039622164e-20
1.741547010273321939e+04 1.585496729735690265e-21 1.221166093686763609e-20
1.742182846215411337e+04 -1.348148008298987736e-20 1.212763336201610926e-20
1.742818680071669951e+04 3.195363994514454445e-20 1.264567059266154293e-20
1.743454511841079511e+04 -4.833699488315671945e-21 1.121355012622604937e-20
1.744090341521298615e+04 2.373899412492489274e-20 1.166732321113532281e-20
1.744726169110950650e+04 7.816995679320733847e-21 1.106181496589862437e-20
1.745361994607504312e+04 -2.395625063961539165e-20 1.084158730232871152e-20
1.745997818009765979e+04 1.011849874864929678e-20 1.136078602723011015e-20
1.746633639316921472e+04 1.933810711343750233e-20 1.147755273113120423e-20
1.747269458525678783e+04 3.463952120542914835e-20 1.172939582746646939e-20
1.747905275635420185e+04 1.572835492935811103e-20 1.153929449969343038e-20
1.748541090642844574e+04 -8.544755832326284639e-21 1.086245804369941837e-20
1.749176903548090559e+04 1.005591633141528414e-20 1.113792588430889103e-20
1.749812714347492147e+04 2.508963846860272419e-21 1.159943798230104160e-20
1.750448523041206136e+04 -7.997810253979679222e-21 1.185066909953541847e-20
1.751084329625742612e+04 -1.347539817633822261e-20 1.112056693033618698e-20
1.751720134100875293e+04 -3.199425237046340457e-21 1.092384406404093784e-20
1.752355936463112084e+04 -4.661459525045728839e-21 1.094270977935892134e-20
1.752991736712617421e+04 -4.669345914959062591e-21 1.026484454146356027e-20
1.753627534845704577e+04 2.843007411510796051e-21 1.114593888139013778e-20
1.754263330862146540e+04 2.254052386641237799e-20 1.186924587376338889e-20
1.754899124759797633e+04 -1.000687137582737702e-20 1.153920777644672362e-20
1.755534916536136370e+04 1.586344514017526851e-20 1.060432279660277296e-20
1.756170706190565397e+04 1.168462193122157405e-20 1.099229249781170697e-20
1.756806493719972059e+04 -3.709826897038572365e-21 1.115893739147261709e-20
1.757442279124342167e+04 2.272595880996117164e-21 1.040396362456441779e-20
1.758078062399981718e+04 2.450514016587221105e-20 1.160223199003156862e-20
1.758713843547074430e+04 3.457386998685806392e-20 1.210694937777431423e-20
1.759349622561924480e+04 5.329295884759257624e-20 1.172762371173634362e-20
1.759985399445096846e+04 1.039479222003968747e-20 1.061954431549101785e-20
1.760621174191731188e+04 1.840023459215279302e-20 1.155093452753778342e-20
1.761256946803580649e+04 2.350949321436976928e-20 1.109608174519668111e-20
1.761892717275586256e+04 -1.897589390432577496e-20 1.077435313410698456e-20
1.762528485608915071e+04 -8.752655729071082037e-21 1.019766260150809475e-20
1.763164251799087651e+04 7.452464699569774082e-21 1.085475029038068687e-20
1.763800015847081522e+04 4.687156727603596918e-21 1.116160526175448544e-20
1.764435777748414694e+04 2.688658214943449705e-20 1.127076101904967234e-20
1.765071537504461958e+04 3.504542503917562285e-20 1.090729019522859267e-20
1.765707295110146151e+04 -1.870400022444031382e-21 1.115683301607684141e-20
1.766343050566252350e+04 4.754662839283070221e-21 1.049272208366973484e-20
1.766978803869283001e+04 8.443942845977062972e-21 1.044824839651285707e-20
1.767614555019253021e+04 -3.076668213971122601e-21 1.041850812020081296e-20
1.768250304012063498e+04 -4.354175001246074364e-21 1.038902117688713318e-20
1.768886050848711602e+04 5.418063857624890512e-21 1.020676887108536794e-20
1.769521795525096240e+04 4.249937825762221734e-21 1.042737479439229837e-20
1.770157538041437510e+04 -9.052791955906008359e-21 1.146508861660689291e-20
1.770793278393823493e+04 -9.371096097079298971e-21 1.118039524325591586e-20
1.771429016582676559e+04 1.940105979910687046e-20 1.161785526396237012e-20
1.772064752604467867e+04 1.482719392276042466e-20 1.130219481718080267e-20
1.772700486459233070e+04 1.991614362913095788e-20 1.145876786992457619e-20
1.773336218143458973e+04 3.411879207794897408e-21 9.861703108548354563e-21
1.773971947656389239e+04 -6.295643541387764297e-21 1.029474581612578255e-20
1.774607674995887282e+04 -1.048672335392114908e-21 9.558228888740048263e-21
1.775243410220935039e+04 2.694291846894077839e-21 1.122322242870781891e-20
1.775879144491746410e+04 2.864824924567387737e-20 1.073101262770195406e-20
1.776514876584578087e+04 2.888760767086710223e-20 1.062796952750386514e-20
1.777150606496498222e+04 2.665361211080493741e-20 1.085707699474597353e-20
1.777786334226959298e+04 1.274191412347534807e-20 9.666927271333912391e-21
1.778422059773018191e+04 -1.123960392632572712e-21 1.042751413153845488e-20
1.779057783133736302e+04 2.037416932294728611e-22 1.044984780721110571e-20
1.779693504307977128e+04 4.123266484752126130e-21 1.034624129953325500e-20
1.780329223291814924e+04 2.863253713155630846e-20 1.117400456075930936e-20
1.780964940085900525e+04 -2.855082148892929541e-21 1.141041289492733547e-20
1.781600654686902999e+04 -1.837102787221285060e-21 9.442625579633965880e-21
1.782236367094681555e+04 2.003515661588629312e-21 9.274347050681226278e-21
1.782872077305107086e+04 1.223118513064234751e-20 9.742259580070889056e-21
1.783507785318837341e+04 8.697368909527260664e-21 1.126043470555940109e-20
1.784143491132140480e+04 2.443176363876336875e-20 1.039207693161003268e-20
1.784779194745680070e+04 1.999067564547401921e-20 1.050800180157343330e-20
1.785414896155508904e+04 1.017291261759938438e-20 9.986595253065166499e-21
1.786050595360507577e+04 2.177398341266790037e-20 1.108651712607088051e-20
1.786686292359344225e+04 1.796786526430589160e-20 1.032623135116087373e-20
1.787321987150286077e+04 -4.313951056440009256e-21 1.063489421750858228e-20
1.787957679731200187e+04 3.157165791785320062e-21 9.481145840374960006e-21
1.788593370100554239e+04 2.525009597372226868e-23 9.874638429792089624e-21
1.789229058257423458e+04 1.316867454800782940e-20 1.015137121833218206e-20
1.789864744198266271e+04 1.782072454703650026e-21 9.790472669607838495e-21
1.790500427922962263e+04 2.384294119823552241e-20 1.049900918508861306e-20
1.791136109428572308e+04 3.546506936851272089e-20 1.103833265876188342e-20
1.791771788714980357e+04 -5.541956954079192426e-21 9.900111860362664915e-21
1.792407465778226106e+04 1.652022900010330736e-20 1.028425218777498078e-20
1.793043140618409598e+04 1.857785518388919546e-21 1.108349268551890578e-20
1.793678813233401161e+04 9.638215013786880143e-21 9.956081211370035752e-21
1.794314483620663304e+04 -2.295818586251739060e-22 9.718032799729177990e-21
1.794950151779886437e+04 1.328080031273880523e-20 9.599920866505598788e-21
1.795585817707318347e+04 2.814801420095455698e-20 1.046464265216413071e-20
1.796221481403867074e+04 2.282457980579551442e-20 9.959559416850241502e-21
1.796857142865375499e+04 3.007977979682557572e-20 1.048604916167551494e-20
1.797492802092145939e+04 2.437422353336150211e-20 9.837373438848520069e-21
1.798128459080628090e+04 2.608429486693674619e-20 9.635209175775326173e-21
1.798764113830112183e+04 1.209732689459705827e-20 9.314293953902396429e-21
1.799399766338869085e+04 1.174848235521523583e-20 9.774161614403084705e-21
1.800035416604156126e+04 -1.911631349217900132e-20 9.541606199695118399e-21
1.800671064626292718e+04 1.522687623241024438e-20 9.988805893161703763e-21
1.801306710400910015e+04 2.499688311502965424e-20 1.022720039548216713e-20
1.801942353929139063e+04 6.080806355232289229e-21 9.645523785924219327e-21
1.802577995207219283e+04 1.714088541637969261e-20 9.644361377134889242e-21
1.803213634233837001e+04 -1.646395860419265512e-20 1.076888826480397945e-20
1.803849271007885181e+04 1.206722909539652928e-20 1.015378050657402721e-20
1.804484905526620423e+04 1.285808227207494312e-20 9.831920519874874831e-21
1.805120537789959781e+04 2.980208665394468850e-20 9.727792904606479448e-21
1.805756167793932764e+04 6.374447752072413866e-21 9.838222599338405388e-21
1.806391795539277882e+04 3.440844802953283494e-20 9.758507445188823766e-21
1.807027421022432463e+04 2.156411684059048005e-20 8.931520223953101444e-21
1.807663044242075921e+04 1.045907259629562038e-20 9.577782950873819156e-21
1.808298665197117589e+04 1.887717506227498440e-20 9.696762013552357946e-21
1.808934283884814067e+04 2.547838756222048587e-21 8.917490923574897945e-21
1.809569900305092960e+04 1.747892972944358926e-20 9.528366428276732125e-21
1.810205514453975775e+04 1.975158809826146115e-20 9.237129894537639591e-21
1.810841126332215936e+04 -1.858202276279613821e-20 8.580241417983647205e-21
1.811476735936450132e+04 1.919714205420615632e-20 9.973850251397239511e-21
1.812112343264757510e+04 2.979200150835831977e-20 9.572496770406102786e-21
1.812747948317072587e+04 2.091203296231738588e-20 9.756664713220257598e-21
1.813383551089824323e+04 -1.084327886301069991e-20 9.486666870279558468e-21
1.814019151582331324e+04 -9.935334632664962901e-21 8.724770448279527236e-21
1.814654749792879011e+04 1.326227989455976061e-20 1.028815229826931832e-20
1.815290345719548714e+04 4.823646132245357942e-20 9.779258886621681839e-21
1.815925939360620032e+04 1.062110877821379253e-19 1.078708044229750919e-20
1.816561530713761385e+04 7.842677939923752508e-20 1.013003744493441760e-20
1.817197119778715933e+04 1.610692901433054737e-20 9.671671489261876049e-21
1.817832706552528907e+04 -2.173759178168593204e-21 9.138260206713848600e-21
1.818468291034111098e+04 1.802038454602280787e-20 9.782837531376955042e-21
1.819103873221544200e+04 5.061263615852395473e-21 9.066565936378376144e-21
1.819739453112702176e+04 3.106775037831335293e-20 9.836195758898184972e-21
1.820375030706914913e+04 3.064127266286970635e-20 9.797893339558447982e-21
1.821010606001640917e+04 9.258283823834543953e-21 9.145217085000920364e-21
1.821646178995379159e+04 -2.168007277141122186e-21 8.861033662936971191e-21
1.822281749686419789e+04 -2.800846543654468465e-21 9.152981286216420460e-21
1.822917318072638227e+04 -7.641068565733211176e-21 9.237425607956874257e-21
1.823552884153159903e+04 1.944588208231374971e-20 9.511041542419273622e-21
1.824188447926070148e+04 1.525420476156049403e-20 1.007028592853419908e-20
1.824824009388824925e+04 1.803987621076185566e-20 9.995174373601950041e-21
1.825459568540751934e+04 2.051350229469797350e-20 1.048357365972769377e-20
1.826095125379736055e+04 1.880351562772903991e-20 9.450068380584535709e-21
1.826730679903862983e+04 1.792982907761013908e-20 9.863155724175668235e-21
1.827366232112055513e+04 1.306472819680364576e-20 9.570033216702617690e-21
1.828001782001978791e+04 3.975116632336642187e-20 9.243235721581974028e-21
1.828637329571927330e+04 2.070713425520473607e-20 9.251445047621564677e-21
1.829272874821037476e+04 2.043172984988340313e-20 8.987402428876604557e-21
1.829908417746553823e+04 1.142773342940638911e-20 9.791939943709485980e-21
1.830543958346772342e+04 4.064839275387764559e-20 9.848244246417476914e-21
1.831179496620830469e+04 -6.118924391494484075e-21 9.365860596615804315e-21
1.831815032566603622e+04 -1.079137851512977329e-20 8.623993053330414520e-21
1.832450566182600596e+04 1.154370366502549306e-20 1.188243946570604741e-20
1.833086097466908177e+04 2.146226955345244888e-20 1.062244114049472855e-20
1.833721626417401058e+04 1.897242762579734292e-20 9.251238723046507821e-21
1.834357153033012219e+04 2.188739867938943414e-20 9.016957665052610334e-21
1.834992677311826628e+04 1.476851091119416979e-20 8.943729982111118848e-21
1.835628199252138438e+04 5.330798175102755714e-21 9.456802687757204108e-21
1.836263718852672901e+04 8.740235719817097480e-21 9.058484742987100223e-21
1.836899236110463244e+04 2.529040498594185845e-20 9.694516667415920613e-21
1.837534751025078731e+04 2.914266049237907542e-20 9.412357888002509977e-21
1.838170263594820426e+04 3.613929251134653666e-20 1.027949278650689188e-20
1.838805773816929286e+04 3.852470552720498272e-21 1.017614921702246344e-20
1.839441281690553296e+04 1.032935410989680819e-20 8.915924057159826585e-21
1.840076787213994976e+04 1.153017004335759157e-20 8.966598733262045334e-21
1.840712290384918015e+04 8.975412644364180841e-21 9.267433313692757796e-21
1.841347791202687949e+04 5.421537657526027833e-20 1.001989062001417959e-20
1.841983289664542463e+04 1.213745995797162173e-20 9.297701792233550033e-21
1.842618785769209717e+04 7.151299702979940135e-21 8.484434886078850894e-21
1.843254279514993686e+04 2.355128719113978701e-21 8.764553640516330480e-21
1.843889770900196163e+04 -5.264135386181022751e-21 8.584852558205932881e-21
1.844525259923121121e+04 1.100705340491681344e-20 1.001024465409330329e-20
1.845160746582499996e+04 1.799458573065379655e-20 9.800150204785190781e-21
1.845796230875782567e+04 2.481136191551116421e-20 1.055239395936177863e-20
1.846431712801485992e+04 4.195851754276881114e-21 1.089269662644364597e-20
1.847067192358555258e+04 -1.952861811341627489e-20 1.081161548617205538e-20
1.847702669544648961e+04 1.883381417924752653e-20 8.835921825407147483e-21
1.848338144358507634e+04 2.848082646032433227e-20 9.127463137718602822e-21
1.848973616798222793e+04 1.253080359359239899e-20 8.974989138496765234e-21
1.849609086861885589e+04 1.765126049620325478e-20 9.323355817239190806e-21
1.850244554548231827e+04 2.310017602226544828e-20 9.969255030726959287e-21
1.850880019855353385e+04 2.112048910713527129e-20 9.683821236810879085e-21
1.851515482781342507e+04 3.422638394887248817e-20 9.776234065262482457e-21
1.852150943324935724e+04 2.434499240237228455e-20 9.684506581035751555e-21
1.852786401484226008e+04 2.294950883253451658e-21 9.184114750322861319e-21
1.853421857257305965e+04 1.193060255195843410e-20 8.858995072741068886e-21
1.854057310642914672e+04 2.516811726002946942e-21 8.816513100911634744e-21
1.854692761639145101e+04 1.333927697031562277e-20 9.399875399959172990e-21
1.855328210244089496e+04 -1.489296000581774934e-20 9.203182585321647478e-21
1.855963656456488752e+04 -3.041539966456742060e-21 9.225385461857280938e-21
1.856599100274437296e+04 2.132343335449365607e-20 1.000620830559846001e-20
1.857234541696459564e+04 2.595780719197476209e-20 9.533094867820391129e-21
1.857869980720001695e+04 -1.046267074645842202e-20 8.975708377732929123e-21
1.858505417344454327e+04 6.824106701103005532e-21 9.211799903330501279e-21
1.859140851568345533e+04 -6.675849923673844553e-21 9.324903429943033426e-21
1.859776283388036609e+04 -7.562690047644674035e-21 9.742990120522726731e-21
1.860411712804005219e+04 2.813369895690169325e-20 9.419951997489907031e-21
1.861047139813693138e+04 2.223023662343596850e-20 9.764026536776576533e-21
1.861682564414975786e+04 3.999447643486495379e-21 8.720516307334583583e-21
1.862317986606604245e+04 -8.491854398117735018e-21 8.522703350022390147e-21
1.862953406387323776e+04 1.440852605508312304e-20 9.473572892953138760e-21
1.863588823754577970e+04 1.484720942003795343e-20 9.484494097343446364e-21
1.864224238707550467e+04 3.730436089984473055e-20 9.742787505480776035e-21
1.864859651243900225e+04 1.471437469016292103e-20 8.474833105254973941e-21
1.865495061362158231e+04 2.753295195499837557e-20 9.251143213197638716e-21
1.866130469060638643e+04 1.799653147219641036e-20 9.718749630191826610e-21
1.866765874337435525e+04 8.026767027576394937e-21 1.018353616443191510e-20
1.867401277191519694e+04 8.634129548890536772e-21 9.254439417955926821e-21
1.868036677620767659e+04 5.717828381555448465e-21 8.932043571668324081e-21
1.868672075623056298e+04 1.472252912021675349e-20 8.880278206577604228e-21
1.869307471197575433e+04 6.558516373339276078e-21 8.910917594314801757e-21
1.869942864341764653e+04 1.704243784820916898e-20 9.605888553788364652e-21
1.870578255054377223e+04 8.801490975155766283e-21 8.881429146010560280e-21
1.871213643334604785e+04 1.168528095073219512e-20 8.885756059346409587e-21
1.871849029179229910e+04 5.466245351699531809e-23 8.502005865294167721e-21
1.872484412587444604e+04 1.640042974604086428e-23 8.381314832195806222e-21
1.873119793557345838e+04 1.200113136668017551e-20 9.033509550382261522e-21
1.873755172086811581e+04 5.096728238317729763e-21 9.035194160275213500e-21
1.874390548175036747e+04 1.812424465858403222e-20 9.715605940787287347e-21
1.875025921819458381e+04 1.575941741591110795e-20 9.772650174848477937e-21
1.875661293019273580e+04 1.733190304402207102e-20 1.073340396843503800e-20
1.876296661772361040e+04 3.201240893494991437e-20 9.720283631208937251e-21
1.876932028076817005e+04 1.493613952068058197e-20 9.771269151099243697e-21
1.877567391930959639e+04 1.547856777025789806e-20 9.529054796932750153e-21
1.878202753334209410e+04 1.627385550101088302e-20 8.884302105214246754e-21
1.878838112283561713e+04 4.310599240238476496e-20 9.693238500301674162e-21
1.879473468777332891e+04 7.068166607875605146e-21 9.916506530991830803e-21
1.880108822814722953e+04 2.899687975664256817e-20 9.946545725495285238e-21
